GVKEY,TGT_START,GROUND_TRUTH,PREDICTIONS
1161.0,2006-06-01T00:00:00.000000000,"[-0.6567366123199463, -0.6347345113754272, -0.7007409334182739, -0.898760199546814]","[-0.7357112765312195, -0.8750653862953186, -0.820330023765564, -0.792179524898529]"
1161.0,2006-09-01T00:00:00.000000000,"[-0.6347345113754272, -0.7007409334182739, -0.898760199546814, -1.0747772455215454]","[-0.6849749088287354, -0.791526198387146, -0.8187457919120789, -0.7316514849662781]"
1161.0,2006-12-01T00:00:00.000000000,"[-0.7007409334182739, -0.898760199546814, -1.0747772455215454, -1.0747772455215454]","[-0.5354030728340149, -0.6582526564598083, -0.7574364542961121, -0.624934732913971]"
1161.0,2007-03-01T00:00:00.000000000,"[-0.898760199546814, -1.0747772455215454, -1.0747772455215454, -0.920762300491333]","[-0.6368574500083923, -0.7510101795196533, -0.7903454303741455, -0.707683801651001]"
1161.0,2007-06-01T00:00:00.000000000,"[-1.0747772455215454, -1.0747772455215454, -0.920762300491333, -0.9647666215896606]","[-0.6598027944564819, -0.7785109281539917, -0.8581638932228088, -0.7336071729660034]"
1161.0,2007-09-01T00:00:00.000000000,"[-1.0747772455215454, -0.920762300491333, -0.9647666215896606, -0.8107516169548035]","[-0.5881800651550293, -0.7448248863220215, -0.8407883644104004, -0.7041083574295044]"
1161.0,2007-12-01T00:00:00.000000000,"[-0.920762300491333, -0.9647666215896606, -0.8107516169548035, -0.6347345113754272]","[-0.5562653541564941, -0.7351269721984863, -0.8412413597106934, -0.6981251835823059]"
1161.0,2008-03-01T00:00:00.000000000,"[-0.9647666215896606, -0.8107516169548035, -0.6347345113754272, -0.722743034362793]","[-0.6728218793869019, -0.8141749501228333, -0.9073395729064941, -0.7773886322975159]"
1161.0,2008-06-01T00:00:00.000000000,"[-0.8107516169548035, -0.6347345113754272, -0.722743034362793, -0.7887494564056396]","[-0.5969398021697998, -0.7233163714408875, -0.8097250461578369, -0.6929187774658203]"
1161.0,2008-09-01T00:00:00.000000000,"[-0.6347345113754272, -0.722743034362793, -0.7887494564056396, -0.6567366123199463]","[-0.5113688707351685, -0.655643105506897, -0.7459213733673096, -0.6269490122795105]"
1161.0,2008-12-01T00:00:00.000000000,"[-0.722743034362793, -0.7887494564056396, -0.6567366123199463, -0.48071953654289246]","[-0.5110327005386353, -0.64754319190979, -0.7324496507644653, -0.6159634590148926]"
1161.0,2009-03-01T00:00:00.000000000,"[-0.7887494564056396, -0.6567366123199463, -0.48071953654289246, -0.5247237682342529]","[-0.5981283783912659, -0.6950411200523376, -0.7640613913536072, -0.6593610644340515]"
1161.0,2009-06-01T00:00:00.000000000,"[-0.6567366123199463, -0.48071953654289246, -0.5247237682342529, -0.45871737599372864]","[-0.5554191470146179, -0.6377869248390198, -0.7117161750793457, -0.6123756170272827]"
1161.0,2009-09-01T00:00:00.000000000,"[-0.48071953654289246, -0.5247237682342529, -0.45871737599372864, -0.39271095395088196]","[-0.5323225259780884, -0.6369028687477112, -0.7053312063217163, -0.5998858213424683]"
1161.0,2009-12-01T00:00:00.000000000,"[-0.5247237682342529, -0.45871737599372864, -0.39271095395088196, -0.4147131145000458]","[-0.451312392950058, -0.5926916599273682, -0.6790527105331421, -0.5648379325866699]"
1161.0,2010-03-01T00:00:00.000000000,"[-0.45871737599372864, -0.39271095395088196, -0.4147131145000458, -0.5247237682342529]","[-0.5935521125793457, -0.6698468923568726, -0.7157177329063416, -0.6239857077598572]"
1161.0,2010-06-01T00:00:00.000000000,"[-0.39271095395088196, -0.4147131145000458, -0.5247237682342529, -0.5687280893325806]","[-0.6058988571166992, -0.6517108678817749, -0.6899502873420715, -0.6077472567558289]"
1161.0,2010-09-01T00:00:00.000000000,"[-0.4147131145000458, -0.5247237682342529, -0.5687280893325806, -0.5247237682342529]","[-0.502825140953064, -0.5731447339057922, -0.6192314624786377, -0.5341876745223999]"
1161.0,2010-12-01T00:00:00.000000000,"[-0.5247237682342529, -0.5687280893325806, -0.5247237682342529, -0.30470237135887146]","[-0.40615275502204895, -0.4929836094379425, -0.5541852712631226, -0.4642254710197449]"
1161.0,2011-03-01T00:00:00.000000000,"[-0.5687280893325806, -0.5247237682342529, -0.30470237135887146, 0.003327556187286973]","[-0.6250004768371582, -0.6572988629341125, -0.6545841097831726, -0.6403995156288147]"
1161.0,2011-06-01T00:00:00.000000000,"[-0.5247237682342529, -0.30470237135887146, 0.003327556187286973, -0.30470237135887146]","[-0.6285222768783569, -0.6542360186576843, -0.6625768542289734, -0.6394647359848022]"
1161.0,2011-09-01T00:00:00.000000000,"[-0.30470237135887146, 0.003327556187286973, -0.30470237135887146, -0.30470237135887146]","[-0.6051017642021179, -0.6312346458435059, -0.653024435043335, -0.6216021776199341]"
1161.0,2011-12-01T00:00:00.000000000,"[0.003327556187286973, -0.30470237135887146, -0.30470237135887146, 0.20134682953357697]","[-0.5879430770874023, -0.6192179918289185, -0.6395370960235596, -0.6107689142227173]"
1161.0,2012-03-01T00:00:00.000000000,"[-0.30470237135887146, -0.30470237135887146, 0.20134682953357697, 0.44337034225463867]","[-0.5522432923316956, -0.595863938331604, -0.6239063143730164, -0.5864365696907043]"
1161.0,2012-06-01T00:00:00.000000000,"[-0.30470237135887146, 0.20134682953357697, 0.44337034225463867, 0.44337034225463867]","[-0.5370569825172424, -0.5838583111763, -0.6161008477210999, -0.5747297406196594]"
1161.0,2012-09-01T00:00:00.000000000,"[0.20134682953357697, 0.44337034225463867, 0.44337034225463867, 0.6853939294815063]","[-0.523642897605896, -0.5764111280441284, -0.6083014607429504, -0.5662816166877747]"
1161.0,2012-12-01T00:00:00.000000000,"[0.44337034225463867, 0.44337034225463867, 0.6853939294815063, 0.9054153561592102]","[-0.4762524366378784, -0.5459426641464233, -0.5848501920700073, -0.5339877605438232]"
1161.0,2013-03-01T00:00:00.000000000,"[0.44337034225463867, 0.6853939294815063, 0.9054153561592102, 1.323456048965454]","[-0.3981783092021942, -0.4989708662033081, -0.551275372505188, -0.48418378829956055]"
1300.0,2006-06-01T00:00:00.000000000,"[2.335554361343384, 2.533573627471924, 2.4455649852752686, 2.4015607833862305]","[1.5264405012130737, 1.3730010986328125, 1.2921710014343262, 1.396088719367981]"
1300.0,2006-09-01T00:00:00.000000000,"[2.533573627471924, 2.4455649852752686, 2.4015607833862305, 2.621582269668579]","[1.584374189376831, 1.433959722518921, 1.3600186109542847, 1.4641566276550293]"
1300.0,2006-12-01T00:00:00.000000000,"[2.4455649852752686, 2.4015607833862305, 2.621582269668579, 2.819601535797119]","[1.623094081878662, 1.4775073528289795, 1.3970364332199097, 1.5003719329833984]"
1300.0,2007-03-01T00:00:00.000000000,"[2.4015607833862305, 2.621582269668579, 2.819601535797119, 2.775597333908081]","[1.6816983222961426, 1.5727750062942505, 1.549481987953186, 1.641115665435791]"
1300.0,2007-06-01T00:00:00.000000000,"[2.621582269668579, 2.819601535797119, 2.775597333908081, 2.665586471557617]","[1.7580287456512451, 1.5943859815597534, 1.506164789199829, 1.6185059547424316]"
1300.0,2007-09-01T00:00:00.000000000,"[2.819601535797119, 2.775597333908081, 2.665586471557617, 2.9516141414642334]","[1.8081470727920532, 1.6448023319244385, 1.5529118776321411, 1.6662487983703613]"
1300.0,2007-12-01T00:00:00.000000000,"[2.775597333908081, 2.665586471557617, 2.9516141414642334, 2.819601535797119]","[1.8388524055480957, 1.693189024925232, 1.6060277223587036, 1.7136141061782837]"
1300.0,2008-03-01T00:00:00.000000000,"[2.665586471557617, 2.9516141414642334, 2.819601535797119, 3.127631425857544]","[1.8757495880126953, 1.7525297403335571, 1.6858546733856201, 1.786312222480774]"
1300.0,2008-06-01T00:00:00.000000000,"[2.9516141414642334, 2.819601535797119, 3.127631425857544, 2.9516141414642334]","[1.9584170579910278, 1.8074041604995728, 1.7200876474380493, 1.8323363065719604]"
1300.0,2008-09-01T00:00:00.000000000,"[2.819601535797119, 3.127631425857544, 2.9516141414642334, 3.259644031524658]","[2.0433926582336426, 1.8766371011734009, 1.7839430570602417, 1.9046752452850342]"
1300.0,2008-12-01T00:00:00.000000000,"[3.127631425857544, 2.9516141414642334, 3.259644031524658, 3.1496336460113525]","[2.0596489906311035, 1.9138429164886475, 1.8275893926620483, 1.9404698610305786]"
1300.0,2009-03-01T00:00:00.000000000,"[2.9516141414642334, 3.259644031524658, 3.1496336460113525, 3.369654893875122]","[2.132380485534668, 1.9686826467514038, 1.8698830604553223, 1.9925302267074585]"
1300.0,2009-06-01T00:00:00.000000000,"[3.259644031524658, 3.1496336460113525, 3.369654893875122, 3.5896763801574707]","[2.2624306678771973, 2.0577592849731445, 1.9485825300216675, 2.089757204055786]"
1300.0,2009-09-01T00:00:00.000000000,"[3.1496336460113525, 3.369654893875122, 3.5896763801574707, 3.8096976280212402]","[2.3932483196258545, 2.140284776687622, 2.0070784091949463, 2.170307159423828]"
1300.0,2009-12-01T00:00:00.000000000,"[3.369654893875122, 3.5896763801574707, 3.8096976280212402, 3.765693426132202]","[2.4028444290161133, 2.181408405303955, 2.0668418407440186, 2.218846082687378]"
1300.0,2010-03-01T00:00:00.000000000,"[3.5896763801574707, 3.8096976280212402, 3.765693426132202, 3.5016677379608154]","[2.4547154903411865, 2.3530681133270264, 2.406337261199951, 2.516768455505371]"
1300.0,2010-06-01T00:00:00.000000000,"[3.8096976280212402, 3.765693426132202, 3.5016677379608154, 3.523669719696045]","[2.582775592803955, 2.3567543029785156, 2.259408473968506, 2.4165492057800293]"
1300.0,2010-09-01T00:00:00.000000000,"[3.765693426132202, 3.5016677379608154, 3.523669719696045, 3.919708251953125]","[2.7173609733581543, 2.4776461124420166, 2.3878796100616455, 2.55198335647583]"
1300.0,2010-12-01T00:00:00.000000000,"[3.5016677379608154, 3.523669719696045, 3.919708251953125, 3.875704050064087]","[2.78206467628479, 2.564927339553833, 2.4994640350341797, 2.6563003063201904]"
1300.0,2011-03-01T00:00:00.000000000,"[3.523669719696045, 3.919708251953125, 3.875704050064087, 3.831699848175049]","[2.8262972831726074, 2.700105905532837, 2.751603126525879, 2.8751206398010254]"
1300.0,2011-06-01T00:00:00.000000000,"[3.919708251953125, 3.875704050064087, 3.831699848175049, 4.161732196807861]","[2.852825403213501, 2.7112765312194824, 2.707613229751587, 2.8319716453552246]"
1300.0,2011-09-01T00:00:00.000000000,"[3.875704050064087, 3.831699848175049, 4.161732196807861, 2.071528673171997]","[2.9457428455352783, 2.7957801818847656, 2.7828474044799805, 2.9089066982269287]"
1300.0,2011-12-01T00:00:00.000000000,"[3.831699848175049, 4.161732196807861, 2.071528673171997, 2.7315926551818848]","[3.0091772079467773, 2.8749144077301025, 2.8713672161102295, 2.988935708999634]"
1300.0,2012-03-01T00:00:00.000000000,"[4.161732196807861, 2.071528673171997, 2.7315926551818848, 3.8537018299102783]","[3.1076934337615967, 2.9525625705718994, 2.9381158351898193, 3.063812732696533]"
1300.0,2012-06-01T00:00:00.000000000,"[2.071528673171997, 2.7315926551818848, 3.8537018299102783, 3.523669719696045]","[3.1912689208984375, 2.9962077140808105, 2.9256274700164795, 3.0658957958221436]"
1300.0,2012-09-01T00:00:00.000000000,"[2.7315926551818848, 3.8537018299102783, 3.523669719696045, 3.7436912059783936]","[3.140653133392334, 2.955587863922119, 2.858389377593994, 2.991323471069336]"
1300.0,2012-12-01T00:00:00.000000000,"[3.8537018299102783, 3.523669719696045, 3.7436912059783936, 3.7436912059783936]","[3.1340813636779785, 2.9795525074005127, 2.9068760871887207, 3.02622652053833]"
1300.0,2013-03-01T00:00:00.000000000,"[3.523669719696045, 3.7436912059783936, 3.7436912059783936, 3.8977060317993164]","[3.278355360031128, 3.0721890926361084, 2.9791979789733887, 3.1198036670684814]"
1440.0,2006-06-01T00:00:00.000000000,"[1.0594303607940674, 1.5214751958847046, 0.35536178946495056, 2.115532875061035]","[1.085180401802063, 1.0223057270050049, 0.9796416163444519, 1.0502358675003052]"
1440.0,2006-09-01T00:00:00.000000000,"[1.5214751958847046, 0.35536178946495056, 2.115532875061035, 1.2354472875595093]","[1.0716482400894165, 1.0063155889511108, 0.9622134566307068, 1.0410181283950806]"
1440.0,2006-12-01T00:00:00.000000000,"[0.35536178946495056, 2.115532875061035, 1.2354472875595093, 1.6314857006072998]","[1.0836013555526733, 1.0276082754135132, 0.9877997040748596, 1.0562729835510254]"
1440.0,2007-03-01T00:00:00.000000000,"[2.115532875061035, 1.2354472875595093, 1.6314857006072998, 0.35536178946495056]","[1.031397819519043, 0.9862079620361328, 0.9531412720680237, 1.0236729383468628]"
1440.0,2007-06-01T00:00:00.000000000,"[1.2354472875595093, 1.6314857006072998, 0.35536178946495056, 1.5434772968292236]","[1.1973131895065308, 1.1170047521591187, 1.063635230064392, 1.1383558511734009]"
1440.0,2007-09-01T00:00:00.000000000,"[1.6314857006072998, 0.35536178946495056, 1.5434772968292236, 1.3894624710083008]","[1.228162169456482, 1.1373847723007202, 1.0795395374298096, 1.1619927883148193]"
1440.0,2007-12-01T00:00:00.000000000,"[0.35536178946495056, 1.5434772968292236, 1.3894624710083008, 2.1595370769500732]","[1.1048098802566528, 1.0573174953460693, 1.0240073204040527, 1.0912753343582153]"
1440.0,2008-03-01T00:00:00.000000000,"[1.5434772968292236, 1.3894624710083008, 2.1595370769500732, 0.7734025120735168]","[1.0514215230941772, 1.0230480432510376, 0.9950119853019714, 1.0616905689239502]"
1440.0,2008-06-01T00:00:00.000000000,"[1.3894624710083008, 2.1595370769500732, 0.7734025120735168, 1.4114645719528198]","[1.11432945728302, 1.079033374786377, 1.0443536043167114, 1.1114972829818726]"
1440.0,2008-09-01T00:00:00.000000000,"[2.1595370769500732, 0.7734025120735168, 1.4114645719528198, 0.9494196176528931]","[1.2386474609375, 1.1664103269577026, 1.1137031316757202, 1.1916090250015259]"
1440.0,2008-12-01T00:00:00.000000000,"[0.7734025120735168, 1.4114645719528198, 0.9494196176528931, 1.7194944620132446]","[1.1379441022872925, 1.1072609424591064, 1.0748032331466675, 1.1390446424484253]"
1440.0,2009-03-01T00:00:00.000000000,"[1.4114645719528198, 0.9494196176528931, 1.7194944620132446, 1.1694409847259521]","[1.2435088157653809, 1.178560733795166, 1.1301318407058716, 1.203579306602478]"
1440.0,2009-06-01T00:00:00.000000000,"[0.9494196176528931, 1.7194944620132446, 1.1694409847259521, 1.4114645719528198]","[1.1697531938552856, 1.1225186586380005, 1.0865434408187866, 1.1552141904830933]"
1440.0,2009-09-01T00:00:00.000000000,"[1.7194944620132446, 1.1694409847259521, 1.4114645719528198, 1.5214751958847046]","[1.265923023223877, 1.1918361186981201, 1.1370242834091187, 1.2156869173049927]"
1440.0,2009-12-01T00:00:00.000000000,"[1.1694409847259521, 1.4114645719528198, 1.5214751958847046, 2.071528673171997]","[1.0987787246704102, 1.0801215171813965, 1.0555882453918457, 1.1194285154342651]"
1440.0,2010-03-01T00:00:00.000000000,"[1.4114645719528198, 1.5214751958847046, 2.071528673171997, 0.8834132552146912]","[1.2021305561065674, 1.1481400728225708, 1.112815260887146, 1.1830430030822754]"
1440.0,2010-06-01T00:00:00.000000000,"[1.5214751958847046, 2.071528673171997, 0.8834132552146912, 1.9175138473510742]","[1.2754138708114624, 1.2059062719345093, 1.1601463556289673, 1.2322967052459717]"
1440.0,2010-09-01T00:00:00.000000000,"[2.071528673171997, 0.8834132552146912, 1.9175138473510742, 1.499472975730896]","[1.330643653869629, 1.2448921203613281, 1.1891119480133057, 1.270782232284546]"
1440.0,2010-12-01T00:00:00.000000000,"[0.8834132552146912, 1.9175138473510742, 1.499472975730896, 2.5115716457366943]","[1.2038140296936035, 1.1663223505020142, 1.1372076272964478, 1.204469084739685]"
1440.0,2011-03-01T00:00:00.000000000,"[1.9175138473510742, 1.499472975730896, 2.5115716457366943, 0.6193875670433044]","[1.2477020025253296, 1.1966359615325928, 1.1627002954483032, 1.2333778142929077]"
1440.0,2011-06-01T00:00:00.000000000,"[1.499472975730896, 2.5115716457366943, 0.6193875670433044, 1.5434772968292236]","[1.3752565383911133, 1.2979017496109009, 1.2481746673583984, 1.3240920305252075]"
1440.0,2011-09-01T00:00:00.000000000,"[2.5115716457366943, 0.6193875670433044, 1.5434772968292236, 1.6754902601242065]","[1.4226608276367188, 1.3292664289474487, 1.270739197731018, 1.355603814125061]"
1440.0,2011-12-01T00:00:00.000000000,"[0.6193875670433044, 1.5434772968292236, 1.6754902601242065, 2.533573627471924]","[1.3383187055587769, 1.2788933515548706, 1.2365347146987915, 1.3105874061584473]"
1440.0,2012-03-01T00:00:00.000000000,"[1.5434772968292236, 1.6754902601242065, 2.533573627471924, 1.2134451866149902]","[1.3326269388198853, 1.2763030529022217, 1.2398290634155273, 1.3139373064041138]"
1440.0,2012-06-01T00:00:00.000000000,"[1.6754902601242065, 2.533573627471924, 1.2134451866149902, 1.8295050859451294]","[1.4405053853988647, 1.361424446105957, 1.3105127811431885, 1.3877525329589844]"
1440.0,2012-09-01T00:00:00.000000000,"[2.533573627471924, 1.2134451866149902, 1.8295050859451294, 1.8955113887786865]","[1.5067003965377808, 1.4077256917953491, 1.3461358547210693, 1.4329371452331543]"
1440.0,2012-12-01T00:00:00.000000000,"[1.2134451866149902, 1.8295050859451294, 1.8955113887786865, 2.4455649852752686]","[1.4270968437194824, 1.360676884651184, 1.3124794960021973, 1.3886531591415405]"
1440.0,2013-03-01T00:00:00.000000000,"[1.8295050859451294, 1.8955113887786865, 2.4455649852752686, 1.455468773841858]","[1.4679356813430786, 1.399513602256775, 1.355135202407837, 1.4300910234451294]"
1447.0,2006-06-01T00:00:00.000000000,"[2.335554361343384, 2.379558563232422, 1.9835201501846313, 2.5555758476257324]","[1.454969882965088, 1.3161627054214478, 1.2345348596572876, 1.340643048286438]"
1447.0,2006-09-01T00:00:00.000000000,"[2.379558563232422, 1.9835201501846313, 2.5555758476257324, 2.42356276512146]","[1.4728953838348389, 1.3450329303741455, 1.2668873071670532, 1.3696597814559937]"
1447.0,2006-12-01T00:00:00.000000000,"[1.9835201501846313, 2.5555758476257324, 2.42356276512146, 2.027524471282959]","[1.4911967515945435, 1.3789359331130981, 1.3062212467193604, 1.4032899141311646]"
1447.0,2007-03-01T00:00:00.000000000,"[2.5555758476257324, 2.42356276512146, 2.027524471282959, 2.0055222511291504]","[1.569155216217041, 1.4325059652328491, 1.3505799770355225, 1.4588687419891357]"
1447.0,2007-06-01T00:00:00.000000000,"[2.42356276512146, 2.027524471282959, 2.0055222511291504, 2.4455649852752686]","[1.6113574504852295, 1.479568600654602, 1.397668480873108, 1.5062050819396973]"
1447.0,2007-09-01T00:00:00.000000000,"[2.027524471282959, 2.0055222511291504, 2.4455649852752686, 3.919708251953125]","[1.6691035032272339, 1.5283203125, 1.4405686855316162, 1.5557398796081543]"
1447.0,2007-12-01T00:00:00.000000000,"[2.0055222511291504, 2.4455649852752686, 3.919708251953125, 1.9395159482955933]","[1.7026699781417847, 1.5572117567062378, 1.470409870147705, 1.5856298208236694]"
1447.0,2008-03-01T00:00:00.000000000,"[2.4455649852752686, 3.919708251953125, 1.9395159482955933, 1.2354472875595093]","[1.756520390510559, 1.5969284772872925, 1.5046007633209229, 1.6261556148529053]"
1447.0,2008-06-01T00:00:00.000000000,"[3.919708251953125, 1.9395159482955933, 1.2354472875595093, 2.2475459575653076]","[1.8312314748764038, 1.6488289833068848, 1.5477688312530518, 1.6797850131988525]"
1447.0,2008-09-01T00:00:00.000000000,"[1.9395159482955933, 1.2354472875595093, 2.2475459575653076, 2.533573627471924]","[2.0228443145751953, 1.7780580520629883, 1.6495391130447388, 1.8148798942565918]"
1447.0,2008-12-01T00:00:00.000000000,"[1.2354472875595093, 2.2475459575653076, 2.533573627471924, 2.5995800495147705]","[2.0442140102386475, 1.792596459388733, 1.6559057235717773, 1.823905348777771]"
1447.0,2009-03-01T00:00:00.000000000,"[2.2475459575653076, 2.533573627471924, 2.5995800495147705, 2.775597333908081]","[2.039714813232422, 1.80143141746521, 1.6754069328308105, 1.837684154510498]"
1447.0,2009-06-01T00:00:00.000000000,"[2.533573627471924, 2.5995800495147705, 2.775597333908081, 3.3916571140289307]","[2.0660030841827393, 1.8288562297821045, 1.7013200521469116, 1.8633460998535156]"
1447.0,2009-09-01T00:00:00.000000000,"[2.5995800495147705, 2.775597333908081, 3.3916571140289307, 3.3476529121398926]","[2.130013942718506, 1.888514757156372, 1.7604206800460815, 1.923876166343689]"
1447.0,2009-12-01T00:00:00.000000000,"[2.775597333908081, 3.3916571140289307, 3.3476529121398926, 3.4356613159179688]","[2.181873083114624, 2.0542843341827393, 2.0896928310394287, 2.211862087249756]"
1447.0,2010-03-01T00:00:00.000000000,"[3.3916571140289307, 3.3476529121398926, 3.4356613159179688, 3.127631425857544]","[2.2388463020324707, 2.15509033203125, 2.2458956241607666, 2.348682165145874]"
1447.0,2010-06-01T00:00:00.000000000,"[3.3476529121398926, 3.4356613159179688, 3.127631425857544, 3.721689224243164]","[2.3203625679016113, 2.2031056880950928, 2.2363429069519043, 2.3493294715881348]"
1447.0,2010-09-01T00:00:00.000000000,"[3.4356613159179688, 3.127631425857544, 3.721689224243164, 3.8537018299102783]","[2.3849010467529297, 2.2459371089935303, 2.229688882827759, 2.344325304031372]"
1447.0,2010-12-01T00:00:00.000000000,"[3.127631425857544, 3.721689224243164, 3.8537018299102783, 3.875704050064087]","[2.4649250507354736, 2.3464770317077637, 2.3594796657562256, 2.466193199157715]"
1447.0,2011-03-01T00:00:00.000000000,"[3.721689224243164, 3.8537018299102783, 3.875704050064087, 3.765693426132202]","[2.5260727405548096, 2.376260280609131, 2.3408305644989014, 2.456973075866699]"
1447.0,2011-06-01T00:00:00.000000000,"[3.8537018299102783, 3.875704050064087, 3.765693426132202, 0.20134682953357697]","[2.605071783065796, 2.4125452041625977, 2.314525842666626, 2.4473087787628174]"
1447.0,2011-09-01T00:00:00.000000000,"[3.875704050064087, 3.765693426132202, 0.20134682953357697, -0.06267886608839035]","[2.6595470905303955, 2.4808592796325684, 2.3872056007385254, 2.5161867141723633]"
1447.0,2011-12-01T00:00:00.000000000,"[3.765693426132202, 0.20134682953357697, -0.06267886608839035, 2.1595370769500732]","[2.7582509517669678, 2.586723566055298, 2.5180301666259766, 2.647125482559204]"
1447.0,2012-03-01T00:00:00.000000000,"[0.20134682953357697, -0.06267886608839035, 2.1595370769500732, 3.171635627746582]","[2.8578758239746094, 2.6367177963256836, 2.515462875366211, 2.6646597385406494]"
1447.0,2012-06-01T00:00:00.000000000,"[-0.06267886608839035, 2.1595370769500732, 3.171635627746582, 5.327845573425293]","[2.8100528717041016, 2.6054608821868896, 2.4919445514678955, 2.6393306255340576]"
1447.0,2012-09-01T00:00:00.000000000,"[2.1595370769500732, 3.171635627746582, 5.327845573425293, 5.459857940673828]","[2.6410510540008545, 2.4970853328704834, 2.4031007289886475, 2.535001516342163]"
1447.0,2012-12-01T00:00:00.000000000,"[3.171635627746582, 5.327845573425293, 5.459857940673828, 4.2937445640563965]","[2.713102340698242, 2.5503718852996826, 2.4478273391723633, 2.583773612976074]"
1447.0,2013-03-01T00:00:00.000000000,"[5.327845573425293, 5.459857940673828, 4.2937445640563965, 4.0957255363464355]","[2.8263516426086426, 2.622929096221924, 2.5065019130706787, 2.659252643585205]"
1602.0,2006-06-01T00:00:00.000000000,"[4.513765811920166, 4.359751224517822, 4.051721572875977, 4.755789756774902]","[2.5592598915100098, 2.352714776992798, 2.239666223526001, 2.3796205520629883]"
1602.0,2006-09-01T00:00:00.000000000,"[4.359751224517822, 4.051721572875977, 4.755789756774902, 4.953808784484863]","[2.6261630058288574, 2.443082332611084, 2.3391077518463135, 2.4751853942871094]"
1602.0,2006-12-01T00:00:00.000000000,"[4.051721572875977, 4.755789756774902, 4.953808784484863, 5.283841133117676]","[2.754763603210449, 2.6061861515045166, 2.5732362270355225, 2.701937675476074]"
1602.0,2007-03-01T00:00:00.000000000,"[4.755789756774902, 4.953808784484863, 5.283841133117676, 5.0418171882629395]","[2.917449712753296, 2.662165403366089, 2.523634672164917, 2.6946091651916504]"
1602.0,2007-06-01T00:00:00.000000000,"[4.953808784484863, 5.283841133117676, 5.0418171882629395, 5.679879665374756]","[3.0327727794647217, 2.7719178199768066, 2.6311750411987305, 2.8089776039123535]"
1602.0,2007-09-01T00:00:00.000000000,"[5.283841133117676, 5.0418171882629395, 5.679879665374756, 5.5478668212890625]","[3.0873544216156006, 2.850473642349243, 2.710716485977173, 2.8830559253692627]"
1602.0,2007-12-01T00:00:00.000000000,"[5.0418171882629395, 5.679879665374756, 5.5478668212890625, 5.943905353546143]","[3.241107225418091, 2.9908435344696045, 2.859661102294922, 3.0445234775543213]"
1602.0,2008-03-01T00:00:00.000000000,"[5.679879665374756, 5.5478668212890625, 5.943905353546143, 5.6578779220581055]","[3.4431824684143066, 3.125081777572632, 2.9535861015319824, 3.168903112411499]"
1602.0,2008-06-01T00:00:00.000000000,"[5.5478668212890625, 5.943905353546143, 5.6578779220581055, 6.229933261871338]","[3.584000825881958, 3.252119541168213, 3.070918321609497, 3.2975897789001465]"
1602.0,2008-09-01T00:00:00.000000000,"[5.943905353546143, 5.6578779220581055, 6.229933261871338, 6.493958950042725]","[3.6659841537475586, 3.3496434688568115, 3.168588161468506, 3.392681837081909]"
1602.0,2008-12-01T00:00:00.000000000,"[5.6578779220581055, 6.229933261871338, 6.493958950042725, 6.493958950042725]","[3.790562391281128, 3.4969100952148438, 3.346309185028076, 3.567187786102295]"
1602.0,2009-03-01T00:00:00.000000000,"[6.229933261871338, 6.493958950042725, 6.493958950042725, 5.6578779220581055]","[3.9867687225341797, 3.6215062141418457, 3.417060136795044, 3.6691126823425293]"
1602.0,2009-06-01T00:00:00.000000000,"[6.493958950042725, 6.493958950042725, 5.6578779220581055, 6.934001922607422]","[4.184372901916504, 3.780935764312744, 3.56134295463562, 3.833843469619751]"
1602.0,2009-09-01T00:00:00.000000000,"[6.493958950042725, 5.6578779220581055, 6.934001922607422, 7.726078510284424]","[4.28392219543457, 3.9007058143615723, 3.682177782058716, 3.950380325317383]"
1602.0,2009-12-01T00:00:00.000000000,"[5.6578779220581055, 6.934001922607422, 7.726078510284424, 7.418048858642578]","[4.376297950744629, 4.098857879638672, 4.006237983703613, 4.238903045654297]"
1602.0,2010-03-01T00:00:00.000000000,"[6.934001922607422, 7.726078510284424, 7.418048858642578, 6.823991298675537]","[4.556606292724609, 4.152555465698242, 3.923948049545288, 4.204937934875488]"
1602.0,2010-06-01T00:00:00.000000000,"[7.726078510284424, 7.418048858642578, 6.823991298675537, 7.132020950317383]","[4.791281223297119, 4.337864398956299, 4.089461326599121, 4.394453048706055]"
1602.0,2010-09-01T00:00:00.000000000,"[7.418048858642578, 6.823991298675537, 7.132020950317383, 8.034109115600586]","[4.917397975921631, 4.492161750793457, 4.252824783325195, 4.552445411682129]"
1602.0,2010-12-01T00:00:00.000000000,"[6.823991298675537, 7.132020950317383, 8.034109115600586, 7.3520426750183105]","[5.193947792053223, 4.839846611022949, 4.789956092834473, 5.074162006378174]"
1602.0,2011-03-01T00:00:00.000000000,"[7.132020950317383, 8.034109115600586, 7.3520426750183105, 7.308038234710693]","[5.319830417633057, 4.829755783081055, 4.571786403656006, 4.904229164123535]"
1602.0,2011-06-01T00:00:00.000000000,"[8.034109115600586, 7.3520426750183105, 7.308038234710693, 8.474151611328125]","[5.442655086517334, 4.966309547424316, 4.714215278625488, 5.042155742645264]"
1602.0,2011-09-01T00:00:00.000000000,"[7.3520426750183105, 7.308038234710693, 8.474151611328125, 8.650168418884277]","[5.620240211486816, 5.186913013458252, 5.002769947052002, 5.31967306137085]"
1602.0,2011-12-01T00:00:00.000000000,"[7.308038234710693, 8.474151611328125, 8.650168418884277, 8.914194107055664]","[5.869969367980957, 5.507046699523926, 5.495141983032227, 5.791342258453369]"
1602.0,2012-03-01T00:00:00.000000000,"[8.474151611328125, 8.650168418884277, 8.914194107055664, 7.682074069976807]","[5.974827289581299, 5.503683567047119, 5.308046340942383, 5.640238285064697]"
1602.0,2012-06-01T00:00:00.000000000,"[8.650168418884277, 8.914194107055664, 7.682074069976807, 7.440051078796387]","[6.139005661010742, 5.711833953857422, 5.566827297210693, 5.884554862976074]"
1602.0,2012-09-01T00:00:00.000000000,"[8.914194107055664, 7.682074069976807, 7.440051078796387, 8.936196327209473]","[6.284543037414551, 5.93869161605835, 5.887658596038818, 6.176767349243164]"
1602.0,2012-12-01T00:00:00.000000000,"[7.682074069976807, 7.440051078796387, 8.936196327209473, 9.574258804321289]","[6.579310417175293, 6.242657661437988, 6.279252529144287, 6.57171630859375]"
1602.0,2013-03-01T00:00:00.000000000,"[7.440051078796387, 8.936196327209473, 9.574258804321289, 8.892192840576172]","[6.697147369384766, 6.187610149383545, 5.955427169799805, 6.30483341217041]"
1632.0,2006-06-01T00:00:00.000000000,"[0.5973852872848511, 0.6853939294815063, 0.8174067735671997, 0.6853939294815063]","[0.4607456922531128, 0.39201128482818604, 0.3520059585571289, 0.4036417305469513]"
1632.0,2006-09-01T00:00:00.000000000,"[0.6853939294815063, 0.8174067735671997, 0.6853939294815063, 0.9054153561592102]","[0.46903884410858154, 0.405708372592926, 0.3681115210056305, 0.4173523783683777]"
1632.0,2006-12-01T00:00:00.000000000,"[0.8174067735671997, 0.6853939294815063, 0.9054153561592102, 0.9934238195419312]","[0.4845525622367859, 0.4234815537929535, 0.38682690262794495, 0.4351329803466797]"
1632.0,2007-03-01T00:00:00.000000000,"[0.6853939294815063, 0.9054153561592102, 0.9934238195419312, 1.5654793977737427]","[0.5294350385665894, 0.4536663293838501, 0.4115813076496124, 0.46654486656188965]"
1632.0,2007-06-01T00:00:00.000000000,"[0.9054153561592102, 0.9934238195419312, 1.5654793977737427, 0.5313789248466492]","[0.549289345741272, 0.4713621437549591, 0.4284767508506775, 0.4843963384628296]"
1632.0,2007-09-01T00:00:00.000000000,"[0.9934238195419312, 1.5654793977737427, 0.5313789248466492, 0.7073960304260254]","[0.5717589855194092, 0.49250179529190063, 0.4486313462257385, 0.5057938694953918]"
1632.0,2007-12-01T00:00:00.000000000,"[1.5654793977737427, 0.5313789248466492, 0.7073960304260254, 1.103434681892395]","[0.6273773312568665, 0.5287927985191345, 0.47719261050224304, 0.5432935357093811]"
1632.0,2008-03-01T00:00:00.000000000,"[0.5313789248466492, 0.7073960304260254, 1.103434681892395, 1.6094835996627808]","[0.6992404460906982, 0.5818895101547241, 0.5192616581916809, 0.5963765382766724]"
1632.0,2008-06-01T00:00:00.000000000,"[0.7073960304260254, 1.103434681892395, 1.6094835996627808, 1.3674603700637817]","[0.6991124153137207, 0.5864101052284241, 0.5260798335075378, 0.6011894941329956]"
1632.0,2008-09-01T00:00:00.000000000,"[1.103434681892395, 1.6094835996627808, 1.3674603700637817, 1.5654793977737427]","[0.6737279891967773, 0.585774302482605, 0.5345079302787781, 0.59894859790802]"
1632.0,2008-12-01T00:00:00.000000000,"[1.6094835996627808, 1.3674603700637817, 1.5654793977737427, 2.071528673171997]","[0.7071474194526672, 0.6151396632194519, 0.5618908405303955, 0.6286557912826538]"
1632.0,2009-03-01T00:00:00.000000000,"[1.3674603700637817, 1.5654793977737427, 2.071528673171997, 2.4895694255828857]","[0.7700123190879822, 0.6737444996833801, 0.6231018304824829, 0.6940888166427612]"
1632.0,2009-06-01T00:00:00.000000000,"[1.5654793977737427, 2.071528673171997, 2.4895694255828857, 2.42356276512146]","[0.8345320820808411, 0.7177774310112, 0.6555498838424683, 0.7359862923622131]"
1632.0,2009-09-01T00:00:00.000000000,"[2.071528673171997, 2.4895694255828857, 2.42356276512146, 2.4895694255828857]","[0.9080396294593811, 0.7707507610321045, 0.6995397210121155, 0.7902933359146118]"
1632.0,2009-12-01T00:00:00.000000000,"[2.4895694255828857, 2.42356276512146, 2.4895694255828857, 2.665586471557617]","[0.9909969568252563, 0.8358849883079529, 0.7543311715126038, 0.8563859462738037]"
1632.0,2010-03-01T00:00:00.000000000,"[2.42356276512146, 2.4895694255828857, 2.665586471557617, 2.7095906734466553]","[1.102815866470337, 0.988623857498169, 0.9920681118965149, 1.0865871906280518]"
1632.0,2010-06-01T00:00:00.000000000,"[2.4895694255828857, 2.665586471557617, 2.7095906734466553, 2.225543737411499]","[1.176759958267212, 1.0475600957870483, 1.0250914096832275, 1.1275155544281006]"
1632.0,2010-09-01T00:00:00.000000000,"[2.665586471557617, 2.7095906734466553, 2.225543737411499, 2.2915501594543457]","[1.2144381999969482, 1.0761330127716064, 1.0130698680877686, 1.119739294052124]"
1632.0,2010-12-01T00:00:00.000000000,"[2.7095906734466553, 2.225543737411499, 2.2915501594543457, 2.071528673171997]","[1.2602001428604126, 1.1252613067626953, 1.0410147905349731, 1.1476373672485352]"
1632.0,2011-03-01T00:00:00.000000000,"[2.225543737411499, 2.2915501594543457, 2.071528673171997, 1.9175138473510742]","[1.3043535947799683, 1.1890910863876343, 1.112908959388733, 1.2146329879760742]"
1632.0,2011-06-01T00:00:00.000000000,"[2.2915501594543457, 2.071528673171997, 1.9175138473510742, 1.5654793977737427]","[1.393404245376587, 1.2587811946868896, 1.1754004955291748, 1.286420464515686]"
1632.0,2011-09-01T00:00:00.000000000,"[2.071528673171997, 1.9175138473510742, 1.5654793977737427, 1.6754902601242065]","[1.4561762809753418, 1.3161288499832153, 1.2295578718185425, 1.3440146446228027]"
1632.0,2011-12-01T00:00:00.000000000,"[1.9175138473510742, 1.5654793977737427, 1.6754902601242065, 2.2915501594543457]","[1.504909873008728, 1.3592456579208374, 1.2695159912109375, 1.3875812292099]"
1632.0,2012-03-01T00:00:00.000000000,"[1.5654793977737427, 1.6754902601242065, 2.2915501594543457, 2.4675674438476562]","[1.588053822517395, 1.4084885120391846, 1.3075364828109741, 1.439887523651123]"
1632.0,2012-06-01T00:00:00.000000000,"[1.6754902601242065, 2.2915501594543457, 2.4675674438476562, 2.4675674438476562]","[1.661097764968872, 1.4529842138290405, 1.3416976928710938, 1.4856984615325928]"
1632.0,2012-09-01T00:00:00.000000000,"[2.2915501594543457, 2.4675674438476562, 2.4675674438476562, 2.6875884532928467]","[1.6790300607681274, 1.4733026027679443, 1.362563133239746, 1.5055147409439087]"
1632.0,2012-12-01T00:00:00.000000000,"[2.4675674438476562, 2.4675674438476562, 2.6875884532928467, 3.083627223968506]","[1.7071670293807983, 1.5067425966262817, 1.393361210823059, 1.5348246097564697]"
1632.0,2013-03-01T00:00:00.000000000,"[2.4675674438476562, 2.6875884532928467, 3.083627223968506, 3.1056292057037354]","[1.7877496480941772, 1.6090681552886963, 1.5462530851364136, 1.6821719408035278]"
1690.0,2006-06-01T00:00:00.000000000,"[0.003327556187286973, 0.08033503592014313, 0.9824227690696716, 0.5808836817741394]","[-0.14727073907852173, -0.2363162338733673, -0.28686100244522095, -0.22373512387275696]"
1690.0,2006-09-01T00:00:00.000000000,"[0.08033503592014313, 0.9824227690696716, 0.5808836817741394, 0.31685808300971985]","[-0.12778854370117188, -0.21706435084342957, -0.26754048466682434, -0.20439516007900238]"
1690.0,2006-12-01T00:00:00.000000000,"[0.9824227690696716, 0.5808836817741394, 0.31685808300971985, 0.37736397981643677]","[-0.10782159864902496, -0.19522467255592346, -0.24429847300052643, -0.18197013437747955]"
1690.0,2007-03-01T00:00:00.000000000,"[0.5808836817741394, 0.31685808300971985, 0.37736397981643677, 1.103434681892395]","[-0.025694802403450012, -0.1339651197195053, -0.19399642944335938, -0.11906005442142487]"
1690.0,2007-06-01T00:00:00.000000000,"[0.31685808300971985, 0.37736397981643677, 1.103434681892395, 0.34436073899269104]","[0.015406429767608643, -0.09427346289157867, -0.15373528003692627, -0.07698138058185577]"
1690.0,2007-09-01T00:00:00.000000000,"[0.37736397981643677, 1.103434681892395, 0.34436073899269104, 0.08033503592014313]","[0.04563550651073456, -0.06654425710439682, -0.127875417470932, -0.05002409219741821]"
1690.0,2007-12-01T00:00:00.000000000,"[1.103434681892395, 0.34436073899269104, 0.08033503592014313, 0.21784842014312744]","[0.0731726586818695, -0.03894365578889847, -0.10182332992553711, -0.02402321994304657]"
1690.0,2008-03-01T00:00:00.000000000,"[0.34436073899269104, 0.08033503592014313, 0.21784842014312744, 1.147438883781433]","[0.15491613745689392, 0.030698515474796295, -0.03126072138547897, 0.055040739476680756]"
1690.0,2008-06-01T00:00:00.000000000,"[0.08033503592014313, 0.21784842014312744, 1.147438883781433, 0.4543713927268982]","[0.17710858583450317, 0.06139099597930908, 0.008885681629180908, 0.09172314405441284]"
1690.0,2008-09-01T00:00:00.000000000,"[0.21784842014312744, 1.147438883781433, 0.4543713927268982, 0.21784842014312744]","[0.18581858277320862, 0.06884239614009857, 0.008221186697483063, 0.09047017991542816]"
1690.0,2008-12-01T00:00:00.000000000,"[1.147438883781433, 0.4543713927268982, 0.21784842014312744, 0.4378698170185089]","[0.20224542915821075, 0.08438915014266968, 0.01798558235168457, 0.09958358108997345]"
1690.0,2009-03-01T00:00:00.000000000,"[0.4543713927268982, 0.21784842014312744, 0.4378698170185089, 1.4389673471450806]","[0.29538312554359436, 0.17249976098537445, 0.1256568282842636, 0.21300168335437775]"
1690.0,2009-06-01T00:00:00.000000000,"[0.21784842014312744, 0.4378698170185089, 1.4389673471450806, 0.800905168056488]","[0.3145025372505188, 0.20626577734947205, 0.17475444078445435, 0.2560018301010132]"
1690.0,2009-09-01T00:00:00.000000000,"[0.4378698170185089, 1.4389673471450806, 0.800905168056488, 0.5863842368125916]","[0.3281584680080414, 0.22576704621315002, 0.1977645754814148, 0.27565962076187134]"
1690.0,2009-12-01T00:00:00.000000000,"[1.4389673471450806, 0.800905168056488, 0.5863842368125916, 0.8999148011207581]","[0.334769606590271, 0.21466749906539917, 0.1472240835428238, 0.22989827394485474]"
1690.0,2010-03-01T00:00:00.000000000,"[0.800905168056488, 0.5863842368125916, 0.8999148011207581, 1.598482608795166]","[0.43190085887908936, 0.31644201278686523, 0.27931010723114014, 0.3645632266998291]"
1690.0,2010-06-01T00:00:00.000000000,"[0.5863842368125916, 0.8999148011207581, 1.598482608795166, 0.652390718460083]","[0.45650023221969604, 0.364516019821167, 0.3529530167579651, 0.4288737177848816]"
1690.0,2010-09-01T00:00:00.000000000,"[0.8999148011207581, 1.598482608795166, 0.652390718460083, 0.4983757734298706]","[0.49531298875808716, 0.39854639768600464, 0.3851904273033142, 0.46197980642318726]"
1690.0,2010-12-01T00:00:00.000000000,"[1.598482608795166, 0.652390718460083, 0.4983757734298706, 0.96592116355896]","[0.5120384693145752, 0.3864723742008209, 0.31635552644729614, 0.4021838307380676]"
1690.0,2011-03-01T00:00:00.000000000,"[0.652390718460083, 0.4983757734298706, 0.96592116355896, 2.0440258979797363]","[0.5821247100830078, 0.4635506272315979, 0.4100415110588074, 0.49651801586151123]"
1690.0,2011-06-01T00:00:00.000000000,"[0.4983757734298706, 0.96592116355896, 2.0440258979797363, 0.7018954753875732]","[0.5815373063087463, 0.4980996251106262, 0.4769006073474884, 0.5485823750495911]"
1690.0,2011-09-01T00:00:00.000000000,"[0.96592116355896, 2.0440258979797363, 0.7018954753875732, 0.7183970808982849]","[0.6132333278656006, 0.5099814534187317, 0.4662013351917267, 0.5440623760223389]"
1690.0,2011-12-01T00:00:00.000000000,"[2.0440258979797363, 0.7018954753875732, 0.7183970808982849, 0.9054153561592102]","[0.6569939851760864, 0.5355576276779175, 0.4697287976741791, 0.5537832379341125]"
1690.0,2012-03-01T00:00:00.000000000,"[0.7018954753875732, 0.7183970808982849, 0.9054153561592102, 2.9956183433532715]","[0.7094123959541321, 0.5936058163642883, 0.5238511562347412, 0.6099775433540344]"
1690.0,2012-06-01T00:00:00.000000000,"[0.7183970808982849, 0.9054153561592102, 2.9956183433532715, 2.379558563232422]","[0.601264238357544, 0.5415298342704773, 0.5047135353088379, 0.5711145401000977]"
1690.0,2012-09-01T00:00:00.000000000,"[0.9054153561592102, 2.9956183433532715, 2.379558563232422, 2.1595370769500732]","[0.7446801662445068, 0.6367653012275696, 0.5747153759002686, 0.6564797163009644]"
1690.0,2012-12-01T00:00:00.000000000,"[2.9956183433532715, 2.379558563232422, 2.1595370769500732, 2.027524471282959]","[0.8065052032470703, 0.6811398267745972, 0.6128289103507996, 0.70091712474823]"
1690.0,2013-03-01T00:00:00.000000000,"[2.379558563232422, 2.1595370769500732, 2.027524471282959, 3.919708251953125]","[0.9343553185462952, 0.7818946242332458, 0.6970492601394653, 0.8073208332061768]"
1704.0,2006-06-01T00:00:00.000000000,"[-0.08468098938465118, -0.08468098938465118, -0.10668310523033142, -0.10668310523033142]","[-0.22393885254859924, -0.2547938823699951, -0.25188755989074707, -0.23593322932720184]"
1704.0,2006-09-01T00:00:00.000000000,"[-0.08468098938465118, -0.10668310523033142, -0.10668310523033142, -0.06267886608839035]","[-0.2376517355442047, -0.26998090744018555, -0.25859224796295166, -0.2462092936038971]"
1704.0,2006-12-01T00:00:00.000000000,"[-0.10668310523033142, -0.10668310523033142, -0.06267886608839035, 0.025329740718007088]","[-0.2360585480928421, -0.2783142626285553, -0.24592652916908264, -0.24938589334487915]"
1704.0,2007-03-01T00:00:00.000000000,"[-0.10668310523033142, -0.06267886608839035, 0.025329740718007088, -0.06267886608839035]","[-0.2017461359500885, -0.23006536066532135, -0.2321721762418747, -0.2123812884092331]"
1704.0,2007-06-01T00:00:00.000000000,"[-0.06267886608839035, 0.025329740718007088, -0.06267886608839035, -0.12868529558181763]","[-0.19314906001091003, -0.22430306673049927, -0.2237643301486969, -0.20603109896183014]"
1704.0,2007-09-01T00:00:00.000000000,"[0.025329740718007088, -0.06267886608839035, -0.12868529558181763, 0.047331858426332474]","[-0.16786077618598938, -0.19869591295719147, -0.2128797322511673, -0.18533243238925934]"
1704.0,2007-12-01T00:00:00.000000000,"[-0.06267886608839035, -0.12868529558181763, 0.047331858426332474, 0.3993660807609558]","[-0.1647665798664093, -0.20873282849788666, -0.1999656707048416, -0.1910000443458557]"
1704.0,2008-03-01T00:00:00.000000000,"[-0.12868529558181763, 0.047331858426332474, 0.3993660807609558, 0.7514004111289978]","[-0.14447736740112305, -0.17930054664611816, -0.19869832694530487, -0.16932354867458344]"
1704.0,2008-06-01T00:00:00.000000000,"[0.047331858426332474, 0.3993660807609558, 0.7514004111289978, 0.7734025120735168]","[-0.15329578518867493, -0.18118572235107422, -0.2062162458896637, -0.1723363846540451]"
1704.0,2008-09-01T00:00:00.000000000,"[0.3993660807609558, 0.7514004111289978, 0.7734025120735168, 1.0374282598495483]","[-0.11779234558343887, -0.16475477814674377, -0.19523000717163086, -0.15543854236602783]"
1704.0,2008-12-01T00:00:00.000000000,"[0.7514004111289978, 0.7734025120735168, 1.0374282598495483, 1.1914430856704712]","[-0.0860467404127121, -0.1451394110918045, -0.18130940198898315, -0.1347607970237732]"
1704.0,2009-03-01T00:00:00.000000000,"[0.7734025120735168, 1.0374282598495483, 1.1914430856704712, 1.3454581499099731]","[-0.023170679807662964, -0.10510291904211044, -0.14936816692352295, -0.09194138646125793]"
1704.0,2009-06-01T00:00:00.000000000,"[1.0374282598495483, 1.1914430856704712, 1.3454581499099731, 1.6314857006072998]","[0.03228956460952759, -0.06436534970998764, -0.11570689082145691, -0.049386195838451385]"
1704.0,2009-09-01T00:00:00.000000000,"[1.1914430856704712, 1.3454581499099731, 1.6314857006072998, 1.9835201501846313]","[0.12635308504104614, -0.0024689286947250366, -0.06793074309825897, 0.015572264790534973]"
1704.0,2009-12-01T00:00:00.000000000,"[1.3454581499099731, 1.6314857006072998, 1.9835201501846313, 1.9395159482955933]","[0.18931922316551208, 0.05169684439897537, -0.01940912753343582, 0.07163437455892563]"
1704.0,2010-03-01T00:00:00.000000000,"[1.6314857006072998, 1.9835201501846313, 1.9395159482955933, 1.4334666728973389]","[0.25185856223106384, 0.14146021008491516, 0.11503452062606812, 0.20074401795864105]"
1704.0,2010-06-01T00:00:00.000000000,"[1.9835201501846313, 1.9395159482955933, 1.4334666728973389, 1.0814324617385864]","[0.31553176045417786, 0.20046931505203247, 0.160745307803154, 0.2520318031311035]"
1704.0,2010-09-01T00:00:00.000000000,"[1.9395159482955933, 1.4334666728973389, 1.0814324617385864, 0.8394088745117188]","[0.405785471200943, 0.2582172751426697, 0.17150063812732697, 0.27923133969306946]"
1704.0,2010-12-01T00:00:00.000000000,"[1.4334666728973389, 1.0814324617385864, 0.8394088745117188, 0.9274174571037292]","[0.4674975872039795, 0.3344086706638336, 0.2543042302131653, 0.35990631580352783]"
1704.0,2011-03-01T00:00:00.000000000,"[1.0814324617385864, 0.8394088745117188, 0.9274174571037292, 1.0594303607940674]","[0.4981813132762909, 0.3795607089996338, 0.30349600315093994, 0.40473103523254395]"
1704.0,2011-06-01T00:00:00.000000000,"[0.8394088745117188, 0.9274174571037292, 1.0594303607940674, 1.455468773841858]","[0.5270271301269531, 0.41723698377609253, 0.34218984842300415, 0.4415919780731201]"
1704.0,2011-09-01T00:00:00.000000000,"[0.9274174571037292, 1.0594303607940674, 1.455468773841858, 1.2574495077133179]","[0.5672551393508911, 0.451327919960022, 0.3736271262168884, 0.4760255217552185]"
1704.0,2011-12-01T00:00:00.000000000,"[1.0594303607940674, 1.455468773841858, 1.2574495077133179, 1.6314857006072998]","[0.6248053312301636, 0.4890731871128082, 0.40584519505500793, 0.5159969925880432]"
1704.0,2012-03-01T00:00:00.000000000,"[1.455468773841858, 1.2574495077133179, 1.6314857006072998, 2.0495264530181885]","[0.7087665796279907, 0.5399976968765259, 0.4456241726875305, 0.569176435470581]"
1704.0,2012-06-01T00:00:00.000000000,"[1.2574495077133179, 1.6314857006072998, 2.0495264530181885, 2.3575565814971924]","[0.8017274141311646, 0.6027238368988037, 0.49637869000434875, 0.6339267492294312]"
1704.0,2012-09-01T00:00:00.000000000,"[1.6314857006072998, 2.0495264530181885, 2.3575565814971924, 2.885607957839966]","[0.8155325651168823, 0.6283921003341675, 0.5254232287406921, 0.6586674451828003]"
1704.0,2012-12-01T00:00:00.000000000,"[2.0495264530181885, 2.3575565814971924, 2.885607957839966, 3.479665517807007]","[0.8409346342086792, 0.6607215404510498, 0.5536588430404663, 0.6853227615356445]"
1704.0,2013-03-01T00:00:00.000000000,"[2.3575565814971924, 2.885607957839966, 3.479665517807007, 3.567674398422241]","[1.0007206201553345, 0.7645632028579712, 0.6359432935714722, 0.7936067581176758]"
1878.0,2005-09-01T00:00:00.000000000,"[0.003327556187286973, 0.06933397799730301, -0.15068741142749786, -0.15068741142749786]","[0.2428344488143921, 0.20328938961029053, 0.17919838428497314, 0.21104757487773895]"
1878.0,2005-12-01T00:00:00.000000000,"[0.06933397799730301, -0.15068741142749786, -0.15068741142749786, -0.04067668318748474]","[0.2451920509338379, 0.20449146628379822, 0.17946608364582062, 0.2120075225830078]"
1878.0,2006-03-01T00:00:00.000000000,"[-0.15068741142749786, -0.15068741142749786, -0.04067668318748474, -0.28270024061203003]","[0.2363390177488327, 0.1994253545999527, 0.1758996546268463, 0.20684599876403809]"
1878.0,2006-06-01T00:00:00.000000000,"[-0.15068741142749786, -0.04067668318748474, -0.28270024061203003, -0.39271095395088196]","[0.18700215220451355, 0.16425789892673492, 0.14692208170890808, 0.1759669929742813]"
1878.0,2006-09-01T00:00:00.000000000,"[-0.04067668318748474, -0.28270024061203003, -0.39271095395088196, -0.23869597911834717]","[0.16488651931285858, 0.1506192982196808, 0.13631251454353333, 0.16300247609615326]"
1878.0,2007-09-01T00:00:00.000000000,"[-0.28270024061203003, -0.39271095395088196, -0.23869597911834717, -0.920762300491333]","[0.1633840650320053, 0.147430419921875, 0.13632534444332123, 0.16089369356632233]"
1878.0,2007-12-01T00:00:00.000000000,"[-0.39271095395088196, -0.23869597911834717, -0.920762300491333, -0.5907301902770996]","[0.11667411029338837, 0.07680290937423706, 0.121190145611763, 0.10811573266983032]"
1878.0,2008-03-01T00:00:00.000000000,"[-0.23869597911834717, -0.920762300491333, -0.5907301902770996, -1.096779465675354]","[0.09555235505104065, 0.06494475901126862, 0.09532846510410309, 0.0950627326965332]"
1878.0,2008-06-01T00:00:00.000000000,"[-0.920762300491333, -0.5907301902770996, -1.096779465675354, -1.316800832748413]","[0.08614282310009003, 0.059839878231287, 0.0844540074467659, 0.0891912430524826]"
1878.0,2008-09-01T00:00:00.000000000,"[-0.5907301902770996, -1.096779465675354, -1.316800832748413, -1.0527751445770264]","[0.003553517162799835, -0.03780428320169449, 0.021165400743484497, 0.011224016547203064]"
1878.0,2008-12-01T00:00:00.000000000,"[-1.096779465675354, -1.316800832748413, -1.0527751445770264, -0.942764401435852]","[0.020863916724920273, -0.02099866420030594, 0.020571745932102203, 0.020331140607595444]"
1878.0,2009-03-01T00:00:00.000000000,"[-1.316800832748413, -1.0527751445770264, -0.942764401435852, -0.9647666215896606]","[-0.08015766739845276, -0.14159350097179413, -0.05279030278325081, -0.07757103443145752]"
1878.0,2009-06-01T00:00:00.000000000,"[-1.0527751445770264, -0.942764401435852, -0.9647666215896606, -0.898760199546814]","[-0.16205808520317078, -0.21223950386047363, -0.14744877815246582, -0.14241091907024384]"
1878.0,2009-09-01T00:00:00.000000000,"[-0.942764401435852, -0.9647666215896606, -0.898760199546814, -0.5687280893325806]","[-0.11580564081668854, -0.14567720890045166, -0.15098649263381958, -0.10082602500915527]"
1878.0,2009-12-01T00:00:00.000000000,"[-0.9647666215896606, -0.898760199546814, -0.5687280893325806, -0.28270024061203003]","[-0.19795535504817963, -0.25047174096107483, -0.20229431986808777, -0.1878281980752945]"
1878.0,2010-03-01T00:00:00.000000000,"[-0.898760199546814, -0.5687280893325806, -0.28270024061203003, -0.06267886608839035]","[-0.23201864957809448, -0.31143683195114136, -0.2092752754688263, -0.24037039279937744]"
1878.0,2010-06-01T00:00:00.000000000,"[-0.5687280893325806, -0.28270024061203003, -0.06267886608839035, 0.3113575577735901]","[-0.3119397461414337, -0.3850438892841339, -0.2786576449871063, -0.3034793734550476]"
1878.0,2010-09-01T00:00:00.000000000,"[-0.28270024061203003, -0.06267886608839035, 0.3113575577735901, 0.2893553674221039]","[-0.29727521538734436, -0.37802672386169434, -0.25974974036216736, -0.29838430881500244]"
1878.0,2010-12-01T00:00:00.000000000,"[-0.06267886608839035, 0.3113575577735901, 0.2893553674221039, 0.7293981313705444]","[-0.32169097661972046, -0.4065251350402832, -0.2824261784553528, -0.3204576373100281]"
1878.0,2011-03-01T00:00:00.000000000,"[0.3113575577735901, 0.2893553674221039, 0.7293981313705444, 1.0154259204864502]","[-0.30749446153640747, -0.38819989562034607, -0.2696540355682373, -0.30671632289886475]"
1878.0,2011-06-01T00:00:00.000000000,"[0.2893553674221039, 0.7293981313705444, 1.0154259204864502, 1.323456048965454]","[-0.26760315895080566, -0.334219753742218, -0.24849027395248413, -0.2643005847930908]"
1878.0,2011-09-01T00:00:00.000000000,"[0.7293981313705444, 1.0154259204864502, 1.323456048965454, 1.1694409847259521]","[-0.21761424839496613, -0.29454147815704346, -0.21694448590278625, -0.22876590490341187]"
1878.0,2011-12-01T00:00:00.000000000,"[1.0154259204864502, 1.323456048965454, 1.1694409847259521, 1.455468773841858]","[-0.15634775161743164, -0.23057419061660767, -0.18246813118457794, -0.1739892065525055]"
1878.0,2012-03-01T00:00:00.000000000,"[1.323456048965454, 1.1694409847259521, 1.455468773841858, 1.5874814987182617]","[-0.07963109016418457, -0.1648915708065033, -0.1273910403251648, -0.11272431910037994]"
1878.0,2012-06-01T00:00:00.000000000,"[1.1694409847259521, 1.455468773841858, 1.5874814987182617, 1.8955113887786865]","[-0.006874300539493561, -0.09495151787996292, -0.072808638215065, -0.047543004155159]"
1878.0,2012-09-01T00:00:00.000000000,"[1.455468773841858, 1.5874814987182617, 1.8955113887786865, 1.5654793977737427]","[0.0684947818517685, -0.04022578150033951, -0.01467951014637947, 0.006600473076105118]"
1878.0,2012-12-01T00:00:00.000000000,"[1.5874814987182617, 1.8955113887786865, 1.5654793977737427, 1.9615180492401123]","[0.13931924104690552, 0.020779065787792206, 0.03628440201282501, 0.06560365110635757]"
1878.0,2013-03-01T00:00:00.000000000,"[1.8955113887786865, 1.5654793977737427, 1.9615180492401123, 2.2277438640594482]","[0.22058351337909698, 0.0754610002040863, 0.08665692806243896, 0.12404974550008774]"
1891.0,2006-06-01T00:00:00.000000000,"[0.6853939294815063, 0.6633917689323425, 0.8394088745117188, 1.5874814987182617]","[0.7489533424377441, 0.6890745162963867, 0.6500651836395264, 0.7046576142311096]"
1891.0,2006-09-01T00:00:00.000000000,"[0.6633917689323425, 0.8394088745117188, 1.5874814987182617, 0.5093768239021301]","[0.7523336410522461, 0.7004728317260742, 0.6626759767532349, 0.7127881050109863]"
1891.0,2006-12-01T00:00:00.000000000,"[0.8394088745117188, 1.5874814987182617, 0.5093768239021301, 0.7954046130180359]","[0.8313486576080322, 0.7496958374977112, 0.7031435370445251, 0.76412433385849]"
1891.0,2007-03-01T00:00:00.000000000,"[1.5874814987182617, 0.5093768239021301, 0.7954046130180359, 0.8834132552146912]","[0.8438470363616943, 0.7637778520584106, 0.7177831530570984, 0.7780464887619019]"
1891.0,2007-06-01T00:00:00.000000000,"[0.5093768239021301, 0.7954046130180359, 0.8834132552146912, 1.8735092878341675]","[0.7900481820106506, 0.7366937398910522, 0.7006492614746094, 0.7545263171195984]"
1891.0,2007-09-01T00:00:00.000000000,"[0.7954046130180359, 0.8834132552146912, 1.8735092878341675, 0.8174067735671997]","[0.8130431175231934, 0.7623942494392395, 0.728032648563385, 0.7789120078086853]"
1891.0,2007-12-01T00:00:00.000000000,"[0.8834132552146912, 1.8735092878341675, 0.8174067735671997, 1.1914430856704712]","[0.8942027688026428, 0.8147151470184326, 0.7682139277458191, 0.8289710283279419]"
1891.0,2008-03-01T00:00:00.000000000,"[1.8735092878341675, 0.8174067735671997, 1.1914430856704712, 1.2134451866149902]","[0.8912408351898193, 0.81334388256073, 0.7689365148544312, 0.8303201794624329]"
1891.0,2008-06-01T00:00:00.000000000,"[0.8174067735671997, 1.1914430856704712, 1.2134451866149902, 2.181539297103882]","[0.845982015132904, 0.7936756610870361, 0.7580364346504211, 0.8145439624786377]"
1891.0,2008-09-01T00:00:00.000000000,"[1.1914430856704712, 1.2134451866149902, 2.181539297103882, 0.7514004111289978]","[0.8436239361763, 0.8047983050346375, 0.7776477336883545, 0.8280163407325745]"
1891.0,2008-12-01T00:00:00.000000000,"[1.2134451866149902, 2.181539297103882, 0.7514004111289978, 1.301453948020935]","[0.9774174690246582, 0.902850329875946, 0.8572120666503906, 0.9174319505691528]"
1891.0,2009-03-01T00:00:00.000000000,"[2.181539297103882, 0.7514004111289978, 1.301453948020935, 1.477470874786377]","[0.9988871812820435, 0.9171841144561768, 0.8694261312484741, 0.9346240162849426]"
1891.0,2009-06-01T00:00:00.000000000,"[0.7514004111289978, 1.301453948020935, 1.477470874786377, 2.6435842514038086]","[0.9646430611610413, 0.9063565135002136, 0.8654924035072327, 0.9265944361686707]"
1891.0,2009-09-01T00:00:00.000000000,"[1.301453948020935, 1.477470874786377, 2.6435842514038086, 1.323456048965454]","[0.9594823122024536, 0.9130876660346985, 0.8802564144134521, 0.9362622499465942]"
1891.0,2009-12-01T00:00:00.000000000,"[1.477470874786377, 2.6435842514038086, 1.323456048965454, 1.9395159482955933]","[1.0915217399597168, 1.0050731897354126, 0.9529712200164795, 1.0215482711791992]"
1891.0,2010-03-01T00:00:00.000000000,"[2.6435842514038086, 1.323456048965454, 1.9395159482955933, 2.2475459575653076]","[1.1285147666931152, 1.0318775177001953, 0.9759984016418457, 1.0503876209259033]"
1891.0,2010-06-01T00:00:00.000000000,"[1.323456048965454, 1.9395159482955933, 2.2475459575653076, 3.1936378479003906]","[1.1121386289596558, 1.0378782749176025, 0.9863014817237854, 1.0587196350097656]"
1891.0,2010-09-01T00:00:00.000000000,"[1.9395159482955933, 2.2475459575653076, 3.1936378479003906, 1.8075029850006104]","[1.16810142993927, 1.0941215753555298, 1.0434069633483887, 1.1130280494689941]"
1891.0,2010-12-01T00:00:00.000000000,"[2.2475459575653076, 3.1936378479003906, 1.8075029850006104, 2.2475459575653076]","[1.3068379163742065, 1.178038477897644, 1.1064858436584473, 1.199797511100769]"
1891.0,2011-03-01T00:00:00.000000000,"[3.1936378479003906, 1.8075029850006104, 2.2475459575653076, 2.6435842514038086]","[1.3604921102523804, 1.2296357154846191, 1.1553535461425781, 1.2517755031585693]"
1891.0,2011-06-01T00:00:00.000000000,"[1.8075029850006104, 2.2475459575653076, 2.6435842514038086, 3.523669719696045]","[1.3427116870880127, 1.2455424070358276, 1.182253360748291, 1.2740182876586914]"
1891.0,2011-09-01T00:00:00.000000000,"[2.2475459575653076, 2.6435842514038086, 3.523669719696045, 1.8075029850006104]","[1.4153715372085571, 1.3158347606658936, 1.2489686012268066, 1.338687777519226]"
1891.0,2011-12-01T00:00:00.000000000,"[2.6435842514038086, 3.523669719696045, 1.8075029850006104, 2.4015607833862305]","[1.5719549655914307, 1.4093855619430542, 1.3195794820785522, 1.4366334676742554]"
1891.0,2012-03-01T00:00:00.000000000,"[3.523669719696045, 1.8075029850006104, 2.4015607833862305, 2.6435842514038086]","[1.6277143955230713, 1.4680185317993164, 1.3770729303359985, 1.4952162504196167]"
1891.0,2012-06-01T00:00:00.000000000,"[1.8075029850006104, 2.4015607833862305, 2.6435842514038086, 3.4576635360717773]","[1.588417410850525, 1.468489170074463, 1.3874657154083252, 1.4983502626419067]"
1891.0,2012-09-01T00:00:00.000000000,"[2.4015607833862305, 2.6435842514038086, 3.4576635360717773, 1.9395159482955933]","[1.6716575622558594, 1.550201654434204, 1.4698787927627563, 1.577434778213501]"
1891.0,2012-12-01T00:00:00.000000000,"[2.6435842514038086, 3.4576635360717773, 1.9395159482955933, 2.929612159729004]","[1.8383795022964478, 1.6481519937515259, 1.543086051940918, 1.6799497604370117]"
1891.0,2013-03-01T00:00:00.000000000,"[3.4576635360717773, 1.9395159482955933, 2.929612159729004, 2.929612159729004]","[1.8871829509735107, 1.7011017799377441, 1.596200942993164, 1.7323381900787354]"
2136.0,2006-06-01T00:00:00.000000000,"[1.301453948020935, 1.2574495077133179, 0.8614109754562378, 1.5434772968292236]","[0.7017784714698792, 0.6832038164138794, 0.6700446605682373, 0.6897009611129761]"
2136.0,2006-09-01T00:00:00.000000000,"[1.2574495077133179, 0.8614109754562378, 1.5434772968292236, 1.5874814987182617]","[0.7544852495193481, 0.7110476493835449, 0.6975773572921753, 0.7217022776603699]"
2136.0,2006-12-01T00:00:00.000000000,"[0.8614109754562378, 1.5434772968292236, 1.5874814987182617, 1.5874814987182617]","[0.7688970565795898, 0.7124624848365784, 0.7150331139564514, 0.7290522456169128]"
2136.0,2007-03-01T00:00:00.000000000,"[1.5434772968292236, 1.5874814987182617, 1.5874814987182617, 1.2574495077133179]","[0.7623588442802429, 0.724457859992981, 0.7141387462615967, 0.7358461618423462]"
2136.0,2007-06-01T00:00:00.000000000,"[1.5874814987182617, 1.5874814987182617, 1.2574495077133179, 1.6314857006072998]","[0.8181074857711792, 0.7753544449806213, 0.7447766661643982, 0.7844404578208923]"
2136.0,2007-09-01T00:00:00.000000000,"[1.5874814987182617, 1.2574495077133179, 1.6314857006072998, 1.3674603700637817]","[0.8862586617469788, 0.8205370903015137, 0.7787314057350159, 0.8317175507545471]"
2136.0,2007-12-01T00:00:00.000000000,"[1.2574495077133179, 1.6314857006072998, 1.3674603700637817, 1.5214751958847046]","[0.9074034690856934, 0.842540979385376, 0.8009757995605469, 0.8547911047935486]"
2136.0,2008-03-01T00:00:00.000000000,"[1.6314857006072998, 1.3674603700637817, 1.5214751958847046, 1.1914430856704712]","[0.8991796970367432, 0.8484913110733032, 0.813658595085144, 0.8602948188781738]"
2136.0,2008-06-01T00:00:00.000000000,"[1.3674603700637817, 1.5214751958847046, 1.1914430856704712, 1.3894624710083008]","[0.9587645530700684, 0.8927245736122131, 0.8509271740913391, 0.9061904549598694]"
2136.0,2008-09-01T00:00:00.000000000,"[1.5214751958847046, 1.1914430856704712, 1.3894624710083008, 1.4114645719528198]","[0.9885401725769043, 0.9194852113723755, 0.8744175434112549, 0.9329991340637207]"
2136.0,2008-12-01T00:00:00.000000000,"[1.1914430856704712, 1.3894624710083008, 1.4114645719528198, 1.455468773841858]","[0.9977352023124695, 0.9369581341743469, 0.8955032825469971, 0.9505648612976074]"
2136.0,2009-03-01T00:00:00.000000000,"[1.3894624710083008, 1.4114645719528198, 1.455468773841858, 1.1914430856704712]","[1.0315144062042236, 0.9585779905319214, 0.91392982006073, 0.9733746647834778]"
2136.0,2009-06-01T00:00:00.000000000,"[1.4114645719528198, 1.455468773841858, 1.1914430856704712, 1.8735092878341675]","[1.0753992795944214, 0.9898767471313477, 0.9402661919593811, 1.0054020881652832]"
2136.0,2009-09-01T00:00:00.000000000,"[1.455468773841858, 1.1914430856704712, 1.8735092878341675, 1.9395159482955933]","[1.0977048873901367, 1.0104047060012817, 0.9596902132034302, 1.0260595083236694]"
2136.0,2009-12-01T00:00:00.000000000,"[1.1914430856704712, 1.8735092878341675, 1.9395159482955933, 1.9835201501846313]","[1.134812831878662, 1.0367623567581177, 0.9818503856658936, 1.0534123182296753]"
2136.0,2010-03-01T00:00:00.000000000,"[1.8735092878341675, 1.9395159482955933, 1.9835201501846313, 1.7634987831115723]","[1.1693307161331177, 1.0605523586273193, 1.001915454864502, 1.0778552293777466]"
2136.0,2010-06-01T00:00:00.000000000,"[1.9395159482955933, 1.9835201501846313, 1.7634987831115723, 1.9395159482955933]","[1.2304880619049072, 1.1059399843215942, 1.0396164655685425, 1.1238796710968018]"
2136.0,2010-09-01T00:00:00.000000000,"[1.9835201501846313, 1.7634987831115723, 1.9395159482955933, 2.0055222511291504]","[1.2654920816421509, 1.1406288146972656, 1.0714216232299805, 1.1575021743774414]"
2136.0,2010-12-01T00:00:00.000000000,"[1.7634987831115723, 1.9395159482955933, 2.0055222511291504, 2.0495264530181885]","[1.3440766334533691, 1.2381961345672607, 1.2200604677200317, 1.302163004875183]"
2136.0,2011-03-01T00:00:00.000000000,"[1.9395159482955933, 2.0055222511291504, 2.0495264530181885, 1.7855008840560913]","[1.3702607154846191, 1.2325719594955444, 1.1622103452682495, 1.2557672262191772]"
2136.0,2011-06-01T00:00:00.000000000,"[2.0055222511291504, 2.0495264530181885, 1.7855008840560913, 2.071528673171997]","[1.417738676071167, 1.274648666381836, 1.2006386518478394, 1.2971140146255493]"
2136.0,2011-09-01T00:00:00.000000000,"[2.0495264530181885, 1.7855008840560913, 2.071528673171997, 1.8955113887786865]","[1.461243748664856, 1.3296054601669312, 1.273592472076416, 1.3668768405914307]"
2136.0,2011-12-01T00:00:00.000000000,"[1.7855008840560913, 2.071528673171997, 1.8955113887786865, 2.0495264530181885]","[1.533163070678711, 1.4414889812469482, 1.4608469009399414, 1.5412157773971558]"
2136.0,2012-03-01T00:00:00.000000000,"[2.071528673171997, 1.8955113887786865, 2.0495264530181885, 1.9615180492401123]","[1.5451743602752686, 1.4060934782028198, 1.3425581455230713, 1.4388158321380615]"
2136.0,2012-06-01T00:00:00.000000000,"[1.8955113887786865, 2.0495264530181885, 1.9615180492401123, 2.181539297103882]","[1.5761836767196655, 1.4547741413116455, 1.4060479402542114, 1.49501371383667]"
2136.0,2012-09-01T00:00:00.000000000,"[2.0495264530181885, 1.9615180492401123, 2.181539297103882, 2.313552141189575]","[1.6097157001495361, 1.5040159225463867, 1.4775168895721436, 1.5604331493377686]"
2136.0,2012-12-01T00:00:00.000000000,"[1.9615180492401123, 2.181539297103882, 2.313552141189575, 2.4015607833862305]","[1.6791679859161377, 1.6127541065216064, 1.6608186960220337, 1.7301045656204224]"
2136.0,2013-03-01T00:00:00.000000000,"[2.181539297103882, 2.313552141189575, 2.4015607833862305, 2.181539297103882]","[1.689600944519043, 1.5499110221862793, 1.4741129875183105, 1.5677095651626587]"
2285.0,2006-06-01T00:00:00.000000000,"[4.227738380432129, 4.007717132568359, 4.381753444671631, 3.633680582046509]","[2.211989641189575, 1.9818580150604248, 1.807999610900879, 2.0345194339752197]"
2285.0,2006-09-01T00:00:00.000000000,"[4.007717132568359, 4.381753444671631, 3.633680582046509, 2.8636057376861572]","[2.737666130065918, 2.252261161804199, 1.9992015361785889, 2.323444366455078]"
2285.0,2006-12-01T00:00:00.000000000,"[4.381753444671631, 3.633680582046509, 2.8636057376861572, 4.8437981605529785]","[2.7313690185546875, 2.28068208694458, 2.0395898818969727, 2.351604700088501]"
2285.0,2007-03-01T00:00:00.000000000,"[3.633680582046509, 2.8636057376861572, 4.8437981605529785, 2.819601535797119]","[2.5638022422790527, 2.279492139816284, 2.089383840560913, 2.339482307434082]"
2285.0,2007-06-01T00:00:00.000000000,"[2.8636057376861572, 4.8437981605529785, 2.819601535797119, 3.127631425857544]","[2.4513728618621826, 2.2485604286193848, 2.089872121810913, 2.3132877349853516]"
2285.0,2007-09-01T00:00:00.000000000,"[4.8437981605529785, 2.819601535797119, 3.127631425857544, -1.6688350439071655]","[2.6058146953582764, 2.3987886905670166, 2.2309718132019043, 2.4526259899139404]"
2285.0,2007-12-01T00:00:00.000000000,"[2.819601535797119, 3.127631425857544, -1.6688350439071655, 7.022010326385498]","[2.7736716270446777, 2.5056071281433105, 2.348278284072876, 2.5726308822631836]"
2285.0,2008-03-01T00:00:00.000000000,"[3.127631425857544, -1.6688350439071655, 7.022010326385498, 4.733787536621094]","[2.856553554534912, 2.5796449184417725, 2.3765869140625, 2.637760877609253]"
2285.0,2008-06-01T00:00:00.000000000,"[-1.6688350439071655, 7.022010326385498, 4.733787536621094, 3.721689224243164]","[2.9174280166625977, 2.6208157539367676, 2.4205963611602783, 2.6824541091918945]"
2285.0,2008-09-01T00:00:00.000000000,"[7.022010326385498, 4.733787536621094, 3.721689224243164, 4.909804821014404]","[2.663940906524658, 2.424105405807495, 2.292924642562866, 2.496070623397827]"
2285.0,2008-12-01T00:00:00.000000000,"[4.733787536621094, 3.721689224243164, 4.909804821014404, 5.283841133117676]","[3.100269079208374, 2.7173445224761963, 2.4783108234405518, 2.7927629947662354]"
2285.0,2009-03-01T00:00:00.000000000,"[3.721689224243164, 4.909804821014404, 5.283841133117676, 6.031913757324219]","[3.571026563644409, 2.957404136657715, 2.6402294635772705, 3.046847343444824]"
2285.0,2009-06-01T00:00:00.000000000,"[4.909804821014404, 5.283841133117676, 6.031913757324219, 7.308038234710693]","[3.475214958190918, 2.930107831954956, 2.6372194290161133, 3.0164952278137207]"
2285.0,2009-09-01T00:00:00.000000000,"[5.283841133117676, 6.031913757324219, 7.308038234710693, 6.62597131729126]","[3.2717418670654297, 2.891339063644409, 2.646669864654541, 2.9589295387268066]"
2285.0,2009-12-01T00:00:00.000000000,"[6.031913757324219, 7.308038234710693, 6.62597131729126, 7.176024913787842]","[3.5770556926727295, 3.0876240730285645, 2.810539484024048, 3.173466920852661]"
2285.0,2010-03-01T00:00:00.000000000,"[7.308038234710693, 6.62597131729126, 7.176024913787842, 11.35643196105957]","[3.9277913570404053, 3.343676805496216, 3.0259220600128174, 3.4259114265441895]"
2285.0,2010-06-01T00:00:00.000000000,"[6.62597131729126, 7.176024913787842, 11.35643196105957, 6.2519354820251465]","[3.737794876098633, 3.3424911499023438, 3.0980184078216553, 3.4322783946990967]"
2285.0,2010-09-01T00:00:00.000000000,"[7.176024913787842, 11.35643196105957, 6.2519354820251465, -13.505987167358398]","[4.178046226501465, 3.6289610862731934, 3.326669216156006, 3.7272696495056152]"
2285.0,2010-12-01T00:00:00.000000000,"[11.35643196105957, 6.2519354820251465, -13.505987167358398, 2.4895694255828857]","[4.39772891998291, 3.9060213565826416, 3.6379213333129883, 3.983809471130371]"
2285.0,2011-03-01T00:00:00.000000000,"[6.2519354820251465, -13.505987167358398, 2.4895694255828857, -5.827239513397217]","[4.818911552429199, 4.218153476715088, 3.8777384757995605, 4.2985453605651855]"
2285.0,2011-06-01T00:00:00.000000000,"[-13.505987167358398, 2.4895694255828857, -5.827239513397217, -4.441104888916016]","[5.1131463050842285, 4.442143440246582, 4.088946342468262, 4.538707733154297]"
2285.0,2011-09-01T00:00:00.000000000,"[2.4895694255828857, -5.827239513397217, -4.441104888916016, -11.239766120910645]","[4.518834590911865, 4.037301063537598, 3.642421007156372, 4.154420375823975]"
2285.0,2011-12-01T00:00:00.000000000,"[-5.827239513397217, -4.441104888916016, -11.239766120910645, -3.7590384483337402]","[4.169286727905273, 3.757084846496582, 3.4827868938446045, 3.923372268676758]"
2285.0,2012-03-01T00:00:00.000000000,"[-4.441104888916016, -11.239766120910645, -3.7590384483337402, -9.919637680053711]","[3.5687026977539062, 3.1742324829101562, 3.033414840698242, 3.4296324253082275]"
2285.0,2012-06-01T00:00:00.000000000,"[-11.239766120910645, -3.7590384483337402, -9.919637680053711, -4.067068576812744]","[2.9787333011627197, 2.5035219192504883, 2.8057854175567627, 2.885586977005005]"
2285.0,2012-09-01T00:00:00.000000000,"[-3.7590384483337402, -9.919637680053711, -4.067068576812744, 0.17934469878673553]","[2.2734410762786865, 1.531348466873169, 2.3058295249938965, 2.1164557933807373]"
2285.0,2012-12-01T00:00:00.000000000,"[-9.919637680053711, -4.067068576812744, 0.17934469878673553, -2.020869493484497]","[1.8280158042907715, 1.159958839416504, 1.9399194717407227, 1.7792441844940186]"
2285.0,2013-03-01T00:00:00.000000000,"[-4.067068576812744, 0.17934469878673553, -2.020869493484497, -17.620386123657227]","[1.3266874551773071, 0.392802357673645, 1.5744524002075195, 1.169262409210205]"
2574.0,2006-06-01T00:00:00.000000000,"[-0.31196311116218567, -0.3267045319080353, -0.3414459824562073, -0.37070879340171814]","[-0.42832285165786743, -0.447520911693573, -0.45646318793296814, -0.44236090779304504]"
2574.0,2006-09-01T00:00:00.000000000,"[-0.3267045319080353, -0.3414459824562073, -0.37070879340171814, -0.28996095061302185]","[-0.4168119728565216, -0.434408038854599, -0.4386158287525177, -0.424824982881546]"
2574.0,2006-12-01T00:00:00.000000000,"[-0.3414459824562073, -0.37070879340171814, -0.28996095061302185, -0.31944382190704346]","[-0.4078311026096344, -0.42784613370895386, -0.4347293972969055, -0.42008644342422485]"
2574.0,2007-03-01T00:00:00.000000000,"[-0.37070879340171814, -0.28996095061302185, -0.31944382190704346, -0.3487066924571991]","[-0.39891287684440613, -0.41555577516555786, -0.41600197553634644, -0.4025309085845947]"
2574.0,2007-06-01T00:00:00.000000000,"[-0.28996095061302185, -0.31944382190704346, -0.3487066924571991, -0.4294545352458954]","[-0.3972633183002472, -0.41911280155181885, -0.42938077449798584, -0.41427722573280334]"
2574.0,2007-09-01T00:00:00.000000000,"[-0.31944382190704346, -0.3487066924571991, -0.4294545352458954, -0.35596737265586853]","[-0.3886123597621918, -0.4064065217971802, -0.410270631313324, -0.3965016007423401]"
2574.0,2007-12-01T00:00:00.000000000,"[-0.3487066924571991, -0.4294545352458954, -0.35596737265586853, -0.3487066924571991]","[-0.383414089679718, -0.400200217962265, -0.4035795032978058, -0.39029762148857117]"
2574.0,2008-03-01T00:00:00.000000000,"[-0.4294545352458954, -0.35596737265586853, -0.3487066924571991, -0.3414459824562073]","[-0.3779996633529663, -0.3897675573825836, -0.3860341012477875, -0.37473976612091064]"
2574.0,2008-06-01T00:00:00.000000000,"[-0.35596737265586853, -0.3487066924571991, -0.3414459824562073, -0.3267045319080353]","[-0.380851149559021, -0.3978075087070465, -0.40565231442451477, -0.3930538594722748]"
2574.0,2008-09-01T00:00:00.000000000,"[-0.3487066924571991, -0.3414459824562073, -0.3267045319080353, -0.23143525421619415]","[-0.3747963011264801, -0.3917075991630554, -0.3982800841331482, -0.38573068380355835]"
2574.0,2008-12-01T00:00:00.000000000,"[-0.3414459824562073, -0.3267045319080353, -0.23143525421619415, -0.3267045319080353]","[-0.37349238991737366, -0.38978683948516846, -0.39773595333099365, -0.38570478558540344]"
2574.0,2009-03-01T00:00:00.000000000,"[-0.3267045319080353, -0.23143525421619415, -0.3267045319080353, -0.23143525421619415]","[-0.36428362131118774, -0.3765944540500641, -0.375570148229599, -0.3648543953895569]"
2574.0,2009-06-01T00:00:00.000000000,"[-0.23143525421619415, -0.3267045319080353, -0.23143525421619415, -0.12868529558181763]","[-0.35976868867874146, -0.3802970349788666, -0.3913123607635498, -0.3777073621749878]"
2574.0,2009-09-01T00:00:00.000000000,"[-0.3267045319080353, -0.23143525421619415, -0.12868529558181763, 0.04007112979888916]","[-0.3470498025417328, -0.366870254278183, -0.3736940026283264, -0.359887033700943]"
2574.0,2009-12-01T00:00:00.000000000,"[-0.23143525421619415, -0.12868529558181763, 0.04007112979888916, 0.06933397799730301]","[-0.3524055778980255, -0.3702862560749054, -0.3800272047519684, -0.3672400414943695]"
2574.0,2010-03-01T00:00:00.000000000,"[-0.12868529558181763, 0.04007112979888916, 0.06933397799730301, 0.04007112979888916]","[-0.33941036462783813, -0.35049551725387573, -0.3472432494163513, -0.336574524641037]"
2574.0,2010-06-01T00:00:00.000000000,"[0.04007112979888916, 0.06933397799730301, 0.04007112979888916, 0.047331858426332474]","[-0.3216438591480255, -0.34340107440948486, -0.3520317077636719, -0.33686259388923645]"
2574.0,2010-09-01T00:00:00.000000000,"[0.06933397799730301, 0.04007112979888916, 0.047331858426332474, 0.09133616089820862]","[-0.29513227939605713, -0.317304402589798, -0.32171720266342163, -0.30455589294433594]"
2574.0,2010-12-01T00:00:00.000000000,"[0.04007112979888916, 0.047331858426332474, 0.09133616089820862, 0.09133616089820862]","[-0.2782139778137207, -0.30124616622924805, -0.30823779106140137, -0.28945377469062805]"
2574.0,2011-03-01T00:00:00.000000000,"[0.047331858426332474, 0.09133616089820862, 0.09133616089820862, 0.025329740718007088]","[-0.2560349106788635, -0.2893589735031128, -0.30795273184776306, -0.28438156843185425]"
2574.0,2011-06-01T00:00:00.000000000,"[0.09133616089820862, 0.09133616089820862, 0.025329740718007088, 0.03259040787816048]","[-0.23007100820541382, -0.2685375213623047, -0.2890050709247589, -0.262563019990921]"
2574.0,2011-09-01T00:00:00.000000000,"[0.09133616089820862, 0.025329740718007088, 0.03259040787816048, -0.22395452857017517]","[-0.22013051807880402, -0.25517335534095764, -0.2750336229801178, -0.24909533560276031]"
2574.0,2011-12-01T00:00:00.000000000,"[0.025329740718007088, 0.03259040787816048, -0.22395452857017517, 0.003327556187286973]","[-0.21072295308113098, -0.24219629168510437, -0.2614819407463074, -0.23630724847316742]"
2574.0,2012-03-01T00:00:00.000000000,"[0.03259040787816048, -0.22395452857017517, 0.003327556187286973, 0.06207331269979477]","[-0.18500053882598877, -0.224154531955719, -0.24618971347808838, -0.2173275649547577]"
2574.0,2012-06-01T00:00:00.000000000,"[-0.22395452857017517, 0.003327556187286973, 0.06207331269979477, -0.018674563616514206]","[-0.16700679063796997, -0.20850567519664764, -0.23164483904838562, -0.20152691006660461]"
2574.0,2012-09-01T00:00:00.000000000,"[0.003327556187286973, 0.06207331269979477, -0.018674563616514206, 0.15734252333641052]","[-0.17483818531036377, -0.20936983823776245, -0.2300119400024414, -0.2029123604297638]"
2574.0,2012-12-01T00:00:00.000000000,"[0.06207331269979477, -0.018674563616514206, 0.15734252333641052, 0.2453511357307434]","[-0.1637422889471054, -0.1983073502779007, -0.2191086709499359, -0.1917627900838852]"
2574.0,2013-03-01T00:00:00.000000000,"[-0.018674563616514206, 0.15734252333641052, 0.2453511357307434, 0.2233489453792572]","[-0.12847086787223816, -0.17643427848815918, -0.20220838487148285, -0.16883888840675354]"
2817.0,2006-06-01T00:00:00.000000000,"[3.017620801925659, 3.083627223968506, 2.269547939300537, 3.083627223968506]","[2.668537139892578, 2.5207009315490723, 2.4009928703308105, 2.55745530128479]"
2817.0,2006-09-01T00:00:00.000000000,"[3.083627223968506, 2.269547939300537, 3.083627223968506, 2.0935308933258057]","[2.524613857269287, 2.4254541397094727, 2.336623430252075, 2.481131076812744]"
2817.0,2006-12-01T00:00:00.000000000,"[2.269547939300537, 3.083627223968506, 2.0935308933258057, 0.9494196176528931]","[2.73931884765625, 2.594118118286133, 2.4888782501220703, 2.6321499347686768]"
2817.0,2007-03-01T00:00:00.000000000,"[3.083627223968506, 2.0935308933258057, 0.9494196176528931, 0.9274174571037292]","[2.6009361743927, 2.5133450031280518, 2.4286391735076904, 2.558953046798706]"
2817.0,2007-06-01T00:00:00.000000000,"[2.0935308933258057, 0.9494196176528931, 0.9274174571037292, 0.7734025120735168]","[2.791114568710327, 2.635939598083496, 2.5330095291137695, 2.675797700881958]"
2817.0,2007-09-01T00:00:00.000000000,"[0.9494196176528931, 0.9274174571037292, 0.7734025120735168, 1.6974923610687256]","[2.7444190979003906, 2.616678237915039, 2.505970001220703, 2.65201473236084]"
2817.0,2007-12-01T00:00:00.000000000,"[0.9274174571037292, 0.7734025120735168, 1.6974923610687256, 1.1694409847259521]","[2.546603202819824, 2.3766067028045654, 2.4403305053710938, 2.4646661281585693]"
2817.0,2008-03-01T00:00:00.000000000,"[0.7734025120735168, 1.6974923610687256, 1.1694409847259521, 1.125436782836914]","[2.4596033096313477, 2.315211772918701, 2.3603105545043945, 2.4055724143981934]"
2817.0,2008-06-01T00:00:00.000000000,"[1.6974923610687256, 1.1694409847259521, 1.125436782836914, 2.115532875061035]","[2.2310609817504883, 2.0692570209503174, 2.2196009159088135, 2.208997964859009]"
2817.0,2008-09-01T00:00:00.000000000,"[1.1694409847259521, 1.125436782836914, 2.115532875061035, 2.577577829360962]","[2.4207262992858887, 2.2339866161346436, 2.315164804458618, 2.3420217037200928]"
2817.0,2008-12-01T00:00:00.000000000,"[1.125436782836914, 2.115532875061035, 2.577577829360962, 3.5896763801574707]","[2.219542980194092, 2.042065382003784, 2.2099721431732178, 2.181560754776001]"
2817.0,2009-03-01T00:00:00.000000000,"[2.115532875061035, 2.577577829360962, 3.5896763801574707, 4.051721572875977]","[2.386286497116089, 2.290776491165161, 2.216539144515991, 2.3565526008605957]"
2817.0,2009-06-01T00:00:00.000000000,"[2.577577829360962, 3.5896763801574707, 4.051721572875977, 5.503862380981445]","[2.5602240562438965, 2.395629405975342, 2.2755537033081055, 2.45131254196167]"
2817.0,2009-09-01T00:00:00.000000000,"[3.5896763801574707, 4.051721572875977, 5.503862380981445, 5.833894729614258]","[2.5604546070098877, 2.392760992050171, 2.268817901611328, 2.446068048477173]"
2817.0,2009-12-01T00:00:00.000000000,"[4.051721572875977, 5.503862380981445, 5.833894729614258, 5.5918707847595215]","[2.7288074493408203, 2.511704444885254, 2.375129461288452, 2.557372808456421]"
2817.0,2010-03-01T00:00:00.000000000,"[5.503862380981445, 5.833894729614258, 5.5918707847595215, 4.909804821014404]","[2.8966634273529053, 2.6218888759613037, 2.4634246826171875, 2.6716251373291016]"
2817.0,2010-06-01T00:00:00.000000000,"[5.833894729614258, 5.5918707847595215, 4.909804821014404, 5.76788854598999]","[3.1055572032928467, 2.798118829727173, 2.6255578994750977, 2.8511970043182373]"
2817.0,2010-09-01T00:00:00.000000000,"[5.5918707847595215, 4.909804821014404, 5.76788854598999, 5.525864601135254]","[3.233384132385254, 2.93591570854187, 2.7621936798095703, 2.9896936416625977]"
2817.0,2010-12-01T00:00:00.000000000,"[4.909804821014404, 5.76788854598999, 5.525864601135254, 5.151828289031982]","[3.3461484909057617, 3.113656520843506, 3.0123538970947266, 3.218168258666992]"
2817.0,2011-03-01T00:00:00.000000000,"[5.76788854598999, 5.525864601135254, 5.151828289031982, 5.085822105407715]","[3.4068071842193604, 3.156859874725342, 2.9898881912231445, 3.198387384414673]"
2817.0,2011-06-01T00:00:00.000000000,"[5.525864601135254, 5.151828289031982, 5.085822105407715, 2.819601535797119]","[3.3518571853637695, 3.2058537006378174, 3.075437307357788, 3.2629261016845703]"
2817.0,2011-09-01T00:00:00.000000000,"[5.151828289031982, 5.085822105407715, 2.819601535797119, 1.5654793977737427]","[3.4846982955932617, 3.318068504333496, 3.2359297275543213, 3.3779497146606445]"
2817.0,2011-12-01T00:00:00.000000000,"[5.085822105407715, 2.819601535797119, 1.5654793977737427, 2.2475459575653076]","[3.5964415073394775, 3.392988443374634, 3.338378667831421, 3.4638140201568604]"
2817.0,2012-03-01T00:00:00.000000000,"[2.819601535797119, 1.5654793977737427, 2.2475459575653076, 3.963712453842163]","[3.5570108890533447, 3.2991509437561035, 3.389024496078491, 3.414860963821411]"
2817.0,2012-06-01T00:00:00.000000000,"[1.5654793977737427, 2.2475459575653076, 3.963712453842163, 5.61387300491333]","[3.4451327323913574, 3.2244668006896973, 3.282214403152466, 3.3470358848571777]"
2817.0,2012-09-01T00:00:00.000000000,"[2.2475459575653076, 3.963712453842163, 5.61387300491333, 5.019815444946289]","[3.3716256618499756, 3.1279025077819824, 3.2269527912139893, 3.2673580646514893]"
2817.0,2012-12-01T00:00:00.000000000,"[3.963712453842163, 5.61387300491333, 5.019815444946289, 5.151828289031982]","[3.167569398880005, 2.932858467102051, 3.1032304763793945, 3.1075098514556885]"
2817.0,2013-03-01T00:00:00.000000000,"[5.61387300491333, 5.019815444946289, 5.151828289031982, 5.217834949493408]","[3.357985019683838, 3.2300233840942383, 3.133960247039795, 3.3212051391601562]"
2968.0,2006-06-01T00:00:00.000000000,"[2.5115716457366943, 2.2915501594543457, 1.9175138473510742, 2.4895694255828857]","[1.7795802354812622, 1.6211341619491577, 1.522402048110962, 1.6525541543960571]"
2968.0,2006-09-01T00:00:00.000000000,"[2.2915501594543457, 1.9175138473510742, 2.4895694255828857, 2.6875884532928467]","[1.76727294921875, 1.6515580415725708, 1.55830979347229, 1.6784149408340454]"
2968.0,2006-12-01T00:00:00.000000000,"[1.9175138473510742, 2.4895694255828857, 2.6875884532928467, 2.9956183433532715]","[1.8186051845550537, 1.6915241479873657, 1.5963464975357056, 1.7204543352127075]"
2968.0,2007-03-01T00:00:00.000000000,"[2.4895694255828857, 2.6875884532928467, 2.9956183433532715, 2.2035415172576904]","[1.8172706365585327, 1.710449457168579, 1.6201999187469482, 1.7368727922439575]"
2968.0,2007-06-01T00:00:00.000000000,"[2.6875884532928467, 2.9956183433532715, 2.2035415172576904, 2.269547939300537]","[1.8776283264160156, 1.7447513341903687, 1.663170337677002, 1.7772421836853027]"
2968.0,2007-09-01T00:00:00.000000000,"[2.9956183433532715, 2.2035415172576904, 2.269547939300537, 2.7095906734466553]","[1.9147424697875977, 1.7830121517181396, 1.6959081888198853, 1.8151742219924927]"
2968.0,2007-12-01T00:00:00.000000000,"[2.2035415172576904, 2.269547939300537, 2.7095906734466553, 2.775597333908081]","[2.103386878967285, 1.8931394815444946, 1.7732592821121216, 1.9296525716781616]"
2968.0,2008-03-01T00:00:00.000000000,"[2.269547939300537, 2.7095906734466553, 2.775597333908081, 2.775597333908081]","[2.097515344619751, 1.898150086402893, 1.7830570936203003, 1.9344311952590942]"
2968.0,2008-06-01T00:00:00.000000000,"[2.7095906734466553, 2.775597333908081, 2.775597333908081, 2.929612159729004]","[2.129526138305664, 1.9122060537338257, 1.790925145149231, 1.9494450092315674]"
2968.0,2008-09-01T00:00:00.000000000,"[2.775597333908081, 2.775597333908081, 2.929612159729004, 3.0616250038146973]","[2.233609437942505, 1.9699667692184448, 1.8313103914260864, 2.0099356174468994]"
2968.0,2008-12-01T00:00:00.000000000,"[2.775597333908081, 2.929612159729004, 3.0616250038146973, 3.171635627746582]","[2.3077616691589355, 2.020357370376587, 1.868504285812378, 2.0579147338867188]"
2968.0,2009-03-01T00:00:00.000000000,"[2.929612159729004, 3.0616250038146973, 3.171635627746582, 3.171635627746582]","[2.3389687538146973, 2.0567963123321533, 1.903734803199768, 2.0916008949279785]"
2968.0,2009-06-01T00:00:00.000000000,"[3.0616250038146973, 3.171635627746582, 3.171635627746582, 4.271742820739746]","[2.4173243045806885, 2.2350804805755615, 2.234659194946289, 2.3866794109344482]"
2968.0,2009-09-01T00:00:00.000000000,"[3.171635627746582, 3.171635627746582, 4.271742820739746, 4.337749004364014]","[2.4642627239227295, 2.3063557147979736, 2.3260910511016846, 2.467881679534912]"
2968.0,2009-12-01T00:00:00.000000000,"[3.171635627746582, 4.271742820739746, 4.337749004364014, 4.447759628295898]","[2.506089687347412, 2.4023306369781494, 2.4699370861053467, 2.5854475498199463]"
2968.0,2010-03-01T00:00:00.000000000,"[4.271742820739746, 4.337749004364014, 4.447759628295898, 3.6556828022003174]","[2.5612149238586426, 2.4846608638763428, 2.5764858722686768, 2.6748979091644287]"
2968.0,2010-06-01T00:00:00.000000000,"[4.337749004364014, 4.447759628295898, 3.6556828022003174, 5.129826545715332]","[2.6967217922210693, 2.5282602310180664, 2.4979794025421143, 2.630430221557617]"
2968.0,2010-09-01T00:00:00.000000000,"[4.447759628295898, 3.6556828022003174, 5.129826545715332, 4.82179594039917]","[2.8236327171325684, 2.6726930141448975, 2.672612190246582, 2.796919822692871]"
2968.0,2010-12-01T00:00:00.000000000,"[3.6556828022003174, 5.129826545715332, 4.82179594039917, 5.1958327293396]","[2.9348201751708984, 2.79274845123291, 2.812915563583374, 2.9377715587615967]"
2968.0,2011-03-01T00:00:00.000000000,"[5.129826545715332, 4.82179594039917, 5.1958327293396, 4.953808784484863]","[2.983438014984131, 2.7704086303710938, 2.6729929447174072, 2.8213019371032715]"
2968.0,2011-06-01T00:00:00.000000000,"[4.82179594039917, 5.1958327293396, 4.953808784484863, 1.0154259204864502]","[3.0549004077911377, 2.8521370887756348, 2.732614517211914, 2.879809617996216]"
2968.0,2011-09-01T00:00:00.000000000,"[5.1958327293396, 4.953808784484863, 1.0154259204864502, 2.335554361343384]","[3.1448590755462646, 2.9531843662261963, 2.846684694290161, 2.9940662384033203]"
2968.0,2011-12-01T00:00:00.000000000,"[4.953808784484863, 1.0154259204864502, 2.335554361343384, 5.723884105682373]","[3.397204637527466, 3.109541177749634, 2.9544789791107178, 3.1462442874908447]"
2968.0,2012-03-01T00:00:00.000000000,"[1.0154259204864502, 2.335554361343384, 5.723884105682373, 7.638070106506348]","[3.555584192276001, 3.235250949859619, 3.071758985519409, 3.2805395126342773]"
2968.0,2012-06-01T00:00:00.000000000,"[2.335554361343384, 5.723884105682373, 7.638070106506348, 9.398241996765137]","[3.4433035850524902, 3.1698620319366455, 3.0194480419158936, 3.2114882469177246]"
2968.0,2012-09-01T00:00:00.000000000,"[5.723884105682373, 7.638070106506348, 9.398241996765137, 7.616067886352539]","[3.3499698638916016, 3.137460947036743, 3.0107054710388184, 3.176839590072632]"
2968.0,2012-12-01T00:00:00.000000000,"[7.638070106506348, 9.398241996765137, 7.616067886352539, 7.528059482574463]","[3.5841684341430664, 3.296870231628418, 3.1326589584350586, 3.3353962898254395]"
2968.0,2013-03-01T00:00:00.000000000,"[9.398241996765137, 7.616067886352539, 7.528059482574463, 6.62597131729126]","[3.7472410202026367, 3.481597900390625, 3.317640781402588, 3.5255014896392822]"
2991.0,2006-06-01T00:00:00.000000000,"[5.855896949768066, 5.789890289306641, 3.369654893875122, 0.9714217185974121]","[5.360630035400391, 4.991514682769775, 4.780313014984131, 5.056479454040527]"
2991.0,2006-09-01T00:00:00.000000000,"[5.789890289306641, 3.369654893875122, 0.9714217185974121, 1.4334666728973389]","[5.3652215003967285, 5.037677764892578, 4.841021537780762, 5.099605560302734]"
2991.0,2006-12-01T00:00:00.000000000,"[3.369654893875122, 0.9714217185974121, 1.4334666728973389, 1.6974923610687256]","[5.3143463134765625, 5.057165145874023, 4.8872456550598145, 5.1162896156311035]"
2991.0,2007-03-01T00:00:00.000000000,"[0.9714217185974121, 1.4334666728973389, 1.6974923610687256, -0.12868529558181763]","[5.338207244873047, 5.069578170776367, 4.894224643707275, 5.128435134887695]"
2991.0,2007-06-01T00:00:00.000000000,"[1.4334666728973389, 1.6974923610687256, -0.12868529558181763, -0.942764401435852]","[5.269112586975098, 5.013226509094238, 4.827633380889893, 5.072383880615234]"
2991.0,2007-09-01T00:00:00.000000000,"[1.6974923610687256, -0.12868529558181763, -0.942764401435852, 0.06933397799730301]","[4.944272518157959, 4.726862907409668, 4.614480972290039, 4.828139305114746]"
2991.0,2007-12-01T00:00:00.000000000,"[-0.12868529558181763, -0.942764401435852, 0.06933397799730301, 0.37736397981643677]","[4.653194427490234, 4.521241188049316, 4.422636032104492, 4.636927127838135]"
2991.0,2008-03-01T00:00:00.000000000,"[-0.942764401435852, 0.06933397799730301, 0.37736397981643677, -0.23869597911834717]","[4.145622253417969, 4.044736385345459, 4.134228229522705, 4.241028785705566]"
2991.0,2008-06-01T00:00:00.000000000,"[0.06933397799730301, 0.37736397981643677, -0.23869597911834717, 2.0055222511291504]","[4.17753267288208, 3.828001022338867, 4.178189754486084, 4.09696626663208]"
2991.0,2008-09-01T00:00:00.000000000,"[0.37736397981643677, -0.23869597911834717, 2.0055222511291504, 1.301453948020935]","[3.6313765048980713, 3.3188388347625732, 3.765336036682129, 3.6707000732421875]"
2991.0,2008-12-01T00:00:00.000000000,"[-0.23869597911834717, 2.0055222511291504, 1.301453948020935, 1.1694409847259521]","[3.539731979370117, 3.2158122062683105, 3.6592400074005127, 3.5764288902282715]"
2991.0,2009-03-01T00:00:00.000000000,"[2.0055222511291504, 1.301453948020935, 1.1694409847259521, 0.8834132552146912]","[3.4359312057495117, 3.2215096950531006, 3.5043134689331055, 3.5396432876586914]"
2991.0,2009-06-01T00:00:00.000000000,"[1.301453948020935, 1.1694409847259521, 0.8834132552146912, 3.479665517807007]","[3.8109402656555176, 3.6622211933135986, 3.5352516174316406, 3.864671230316162]"
2991.0,2009-09-01T00:00:00.000000000,"[1.1694409847259521, 0.8834132552146912, 3.479665517807007, 3.21563982963562]","[3.4971225261688232, 3.1940369606018066, 3.3616251945495605, 3.497697114944458]"
2991.0,2009-12-01T00:00:00.000000000,"[0.8834132552146912, 3.479665517807007, 3.21563982963562, 3.9417104721069336]","[3.3972246646881104, 3.106806755065918, 3.2751803398132324, 3.3833200931549072]"
2991.0,2010-03-01T00:00:00.000000000,"[3.479665517807007, 3.21563982963562, 3.9417104721069336, 3.5896763801574707]","[3.528299331665039, 3.3827154636383057, 3.2432408332824707, 3.5594441890716553]"
2991.0,2010-06-01T00:00:00.000000000,"[3.21563982963562, 3.9417104721069336, 3.5896763801574707, 2.3575565814971924]","[3.129913568496704, 2.9491941928863525, 3.1183671951293945, 3.235424518585205]"
2991.0,2010-09-01T00:00:00.000000000,"[3.9417104721069336, 3.5896763801574707, 2.3575565814971924, 3.1936378479003906]","[2.961516857147217, 2.5935330390930176, 3.132687568664551, 2.9977641105651855]"
2991.0,2010-12-01T00:00:00.000000000,"[3.5896763801574707, 2.3575565814971924, 3.1936378479003906, 2.7095906734466553]","[3.286269187927246, 3.0515668392181396, 3.2788102626800537, 3.3403117656707764]"
2991.0,2011-03-01T00:00:00.000000000,"[2.3575565814971924, 3.1936378479003906, 2.7095906734466553, 2.577577829360962]","[3.411076545715332, 3.123051643371582, 3.3477306365966797, 3.412393569946289]"
2991.0,2011-06-01T00:00:00.000000000,"[3.1936378479003906, 2.7095906734466553, 2.577577829360962, 2.1375350952148438]","[2.921661853790283, 2.517188549041748, 3.095916748046875, 2.9429023265838623]"
2991.0,2011-09-01T00:00:00.000000000,"[2.7095906734466553, 2.577577829360962, 2.1375350952148438, -4.1990814208984375]","[3.2873575687408447, 2.9338936805725098, 3.2504115104675293, 3.249814748764038]"
2991.0,2011-12-01T00:00:00.000000000,"[2.577577829360962, 2.1375350952148438, -4.1990814208984375, -0.45871737599372864]","[3.2560882568359375, 2.960548162460327, 3.1853878498077393, 3.2573611736297607]"
2991.0,2012-03-01T00:00:00.000000000,"[2.1375350952148438, -4.1990814208984375, -0.45871737599372864, -0.722743034362793]","[3.1588563919067383, 2.952383041381836, 3.0497665405273438, 3.2238683700561523]"
2991.0,2012-06-01T00:00:00.000000000,"[-4.1990814208984375, -0.45871737599372864, -0.722743034362793, 1.279451608657837]","[3.2728207111358643, 3.003513813018799, 3.061739683151245, 3.251539945602417]"
2991.0,2012-09-01T00:00:00.000000000,"[-0.45871737599372864, -0.722743034362793, 1.279451608657837, 3.0616250038146973]","[2.540743350982666, 2.1826415061950684, 2.5624752044677734, 2.557183265686035]"
2991.0,2012-12-01T00:00:00.000000000,"[-0.722743034362793, 1.279451608657837, 3.0616250038146973, 5.811892509460449]","[2.5029211044311523, 2.2501909732818604, 2.408719539642334, 2.5392956733703613]"
2991.0,2013-03-01T00:00:00.000000000,"[1.279451608657837, 3.0616250038146973, 5.811892509460449, 4.931806564331055]","[2.4690730571746826, 2.1669578552246094, 2.276236057281494, 2.452735424041748]"
3062.0,2006-06-01T00:00:00.000000000,"[0.9714217185974121, 1.0154259204864502, 1.1914430856704712, 1.1694409847259521]","[0.5158798694610596, 0.4757113456726074, 0.44911015033721924, 0.48326611518859863]"
3062.0,2006-09-01T00:00:00.000000000,"[1.0154259204864502, 1.1914430856704712, 1.1694409847259521, 1.1914430856704712]","[0.5271398425102234, 0.4920043349266052, 0.4654843509197235, 0.499443918466568]"
3062.0,2006-12-01T00:00:00.000000000,"[1.1914430856704712, 1.1694409847259521, 1.1914430856704712, 1.3454581499099731]","[0.5468211770057678, 0.5119614601135254, 0.4845186769962311, 0.5199002027511597]"
3062.0,2007-03-01T00:00:00.000000000,"[1.1694409847259521, 1.1914430856704712, 1.3454581499099731, 1.5654793977737427]","[0.577846348285675, 0.5396826267242432, 0.5102910399436951, 0.5487699508666992]"
3062.0,2007-06-01T00:00:00.000000000,"[1.1914430856704712, 1.3454581499099731, 1.5654793977737427, 1.6094835996627808]","[0.6359571814537048, 0.5796767473220825, 0.5417916178703308, 0.5901120901107788]"
3062.0,2007-09-01T00:00:00.000000000,"[1.3454581499099731, 1.5654793977737427, 1.6094835996627808, 1.6754902601242065]","[0.6539674401283264, 0.5993155241012573, 0.5606600046157837, 0.6101602911949158]"
3062.0,2007-12-01T00:00:00.000000000,"[1.5654793977737427, 1.6094835996627808, 1.6754902601242065, 2.071528673171997]","[0.6838361024856567, 0.6264854669570923, 0.5870408415794373, 0.6384444832801819]"
3062.0,2008-03-01T00:00:00.000000000,"[1.6094835996627808, 1.6754902601242065, 2.071528673171997, 1.7855008840560913]","[0.745812177658081, 0.6707482933998108, 0.626017689704895, 0.6853948831558228]"
3062.0,2008-06-01T00:00:00.000000000,"[1.6754902601242065, 2.071528673171997, 1.7855008840560913, 1.7414965629577637]","[0.8109931349754333, 0.7207469344139099, 0.6678228974342346, 0.7368776798248291]"
3062.0,2008-09-01T00:00:00.000000000,"[2.071528673171997, 1.7855008840560913, 1.7414965629577637, 0.9494196176528931]","[0.8550477623939514, 0.7581979632377625, 0.7023661732673645, 0.7758803963661194]"
3062.0,2008-12-01T00:00:00.000000000,"[1.7855008840560913, 1.7414965629577637, 0.9494196176528931, 2.4895694255828857]","[0.9280163049697876, 0.8179031014442444, 0.75473552942276, 0.8378620147705078]"
3062.0,2009-03-01T00:00:00.000000000,"[1.7414965629577637, 0.9494196176528931, 2.4895694255828857, 2.181539297103882]","[1.0203242301940918, 0.8797639012336731, 0.8042663335800171, 0.9020938277244568]"
3062.0,2009-06-01T00:00:00.000000000,"[0.9494196176528931, 2.4895694255828857, 2.181539297103882, 2.313552141189575]","[1.0760480165481567, 0.924951434135437, 0.8445464372634888, 0.9484441876411438]"
3062.0,2009-09-01T00:00:00.000000000,"[2.4895694255828857, 2.181539297103882, 2.313552141189575, 3.1936378479003906]","[1.0799546241760254, 0.9328915476799011, 0.8538765907287598, 0.9560161232948303]"
3062.0,2009-12-01T00:00:00.000000000,"[2.181539297103882, 2.313552141189575, 3.1936378479003906, 3.5456719398498535]","[1.1862727403640747, 1.011958122253418, 0.9181683659553528, 1.0362917184829712]"
3062.0,2010-03-01T00:00:00.000000000,"[2.313552141189575, 3.1936378479003906, 3.5456719398498535, 3.171635627746582]","[1.2484524250030518, 1.0691463947296143, 0.9716136455535889, 1.094127893447876]"
3062.0,2010-06-01T00:00:00.000000000,"[3.1936378479003906, 3.5456719398498535, 3.171635627746582, 3.3476529121398926]","[1.3462355136871338, 1.1478010416030884, 1.0463415384292603, 1.179580569267273]"
3062.0,2010-09-01T00:00:00.000000000,"[3.5456719398498535, 3.171635627746582, 3.3476529121398926, 3.8537018299102783]","[1.473404884338379, 1.248672366142273, 1.1279470920562744, 1.2777431011199951]"
3062.0,2010-12-01T00:00:00.000000000,"[3.171635627746582, 3.3476529121398926, 3.8537018299102783, 4.403755187988281]","[1.6171138286590576, 1.386708378791809, 1.2814078330993652, 1.4415795803070068]"
3062.0,2011-03-01T00:00:00.000000000,"[3.3476529121398926, 3.8537018299102783, 4.403755187988281, 4.2937445640563965]","[1.7206270694732666, 1.481034517288208, 1.3704249858856201, 1.5379924774169922]"
3062.0,2011-06-01T00:00:00.000000000,"[3.8537018299102783, 4.403755187988281, 4.2937445640563965, 4.051721572875977]","[1.8179943561553955, 1.5563695430755615, 1.4125640392303467, 1.591264247894287]"
3062.0,2011-09-01T00:00:00.000000000,"[4.403755187988281, 4.2937445640563965, 4.051721572875977, 2.269547939300537]","[1.9406980276107788, 1.6728706359863281, 1.5240309238433838, 1.7100980281829834]"
3062.0,2011-12-01T00:00:00.000000000,"[4.2937445640563965, 4.051721572875977, 2.269547939300537, 5.415853977203369]","[2.1029434204101562, 1.8174738883972168, 1.6626944541931152, 1.8632161617279053]"
3062.0,2012-03-01T00:00:00.000000000,"[4.051721572875977, 2.269547939300537, 5.415853977203369, 5.063819408416748]","[2.241896390914917, 1.9396427869796753, 1.769296646118164, 1.981298565864563]"
3062.0,2012-06-01T00:00:00.000000000,"[2.269547939300537, 5.415853977203369, 5.063819408416748, 4.513765811920166]","[2.358478307723999, 2.05208683013916, 1.8767000436782837, 2.093097448348999]"
3062.0,2012-09-01T00:00:00.000000000,"[5.415853977203369, 5.063819408416748, 4.513765811920166, 4.733787536621094]","[2.400550127029419, 2.10202693939209, 1.9327198266983032, 2.1444313526153564]"
3062.0,2012-12-01T00:00:00.000000000,"[5.063819408416748, 4.513765811920166, 4.733787536621094, 6.1419243812561035]","[2.6169607639312744, 2.277754783630371, 2.0882749557495117, 2.325808048248291]"
3062.0,2013-03-01T00:00:00.000000000,"[4.513765811920166, 4.733787536621094, 6.1419243812561035, 5.371849536895752]","[2.800137996673584, 2.4267125129699707, 2.2179579734802246, 2.475341320037842]"
3144.0,2006-06-01T00:00:00.000000000,"[0.7073960304260254, 0.4653724431991577, 0.26735323667526245, 0.35536178946495056]","[0.3215550482273102, 0.2608167827129364, 0.22821447253227234, 0.26996245980262756]"
3144.0,2006-09-01T00:00:00.000000000,"[0.4653724431991577, 0.26735323667526245, 0.35536178946495056, 0.6853939294815063]","[0.3266994059085846, 0.273857057094574, 0.2432844042778015, 0.2827494144439697]"
3144.0,2006-12-01T00:00:00.000000000,"[0.26735323667526245, 0.35536178946495056, 0.6853939294815063, 0.42136821150779724]","[0.33020418882369995, 0.3095039427280426, 0.3208702802658081, 0.348646879196167]"
3144.0,2007-03-01T00:00:00.000000000,"[0.35536178946495056, 0.6853939294815063, 0.42136821150779724, 0.13534040749073029]","[0.359136164188385, 0.30159759521484375, 0.2693595886230469, 0.3099065124988556]"
3144.0,2007-06-01T00:00:00.000000000,"[0.6853939294815063, 0.42136821150779724, 0.13534040749073029, 0.2893553674221039]","[0.3745628297328949, 0.3177642226219177, 0.2870275378227234, 0.32642069458961487]"
3144.0,2007-09-01T00:00:00.000000000,"[0.42136821150779724, 0.13534040749073029, 0.2893553674221039, 0.6193875670433044]","[0.37184128165245056, 0.32484170794487, 0.2961921691894531, 0.33221524953842163]"
3144.0,2007-12-01T00:00:00.000000000,"[0.13534040749073029, 0.2893553674221039, 0.6193875670433044, 0.37736397981643677]","[0.3457455337047577, 0.32754749059677124, 0.33015868067741394, 0.3564128279685974]"
3144.0,2008-03-01T00:00:00.000000000,"[0.2893553674221039, 0.6193875670433044, 0.37736397981643677, 0.11333828419446945]","[0.38863351941108704, 0.34318265318870544, 0.31689685583114624, 0.35134080052375793]"
3144.0,2008-06-01T00:00:00.000000000,"[0.6193875670433044, 0.37736397981643677, 0.11333828419446945, 0.2453511357307434]","[0.4041343331336975, 0.35522735118865967, 0.3282345235347748, 0.3634029030799866]"
3144.0,2008-09-01T00:00:00.000000000,"[0.37736397981643677, 0.11333828419446945, 0.2453511357307434, 0.5973852872848511]","[0.388520747423172, 0.3518443703651428, 0.32946428656578064, 0.36050817370414734]"
3144.0,2008-12-01T00:00:00.000000000,"[0.11333828419446945, 0.2453511357307434, 0.5973852872848511, 0.3993660807609558]","[0.3192577660083771, 0.30513373017311096, 0.2955757975578308, 0.320523738861084]"
3144.0,2009-03-01T00:00:00.000000000,"[0.2453511357307434, 0.5973852872848511, 0.3993660807609558, 0.15734252333641052]","[0.3924221396446228, 0.3631196916103363, 0.34358328580856323, 0.37031906843185425]"
3144.0,2009-06-01T00:00:00.000000000,"[0.5973852872848511, 0.3993660807609558, 0.15734252333641052, 0.33335965871810913]","[0.40857821702957153, 0.3679748773574829, 0.3457778990268707, 0.3776301443576813]"
3144.0,2009-09-01T00:00:00.000000000,"[0.3993660807609558, 0.15734252333641052, 0.33335965871810913, 0.6413896679878235]","[0.4100671410560608, 0.3756049573421478, 0.35437068343162537, 0.3835654854774475]"
3144.0,2009-12-01T00:00:00.000000000,"[0.15734252333641052, 0.33335965871810913, 0.6413896679878235, 0.575383186340332]","[0.3617975413799286, 0.3443634510040283, 0.3349474370479584, 0.3593829572200775]"
3144.0,2010-03-01T00:00:00.000000000,"[0.33335965871810913, 0.6413896679878235, 0.575383186340332, 0.2453511357307434]","[0.41079407930374146, 0.38154229521751404, 0.36258941888809204, 0.38882821798324585]"
3144.0,2010-06-01T00:00:00.000000000,"[0.6413896679878235, 0.575383186340332, 0.2453511357307434, 0.35536178946495056]","[0.4293506443500519, 0.39132222533226013, 0.37023669481277466, 0.3999565541744232]"
3144.0,2010-09-01T00:00:00.000000000,"[0.575383186340332, 0.2453511357307434, 0.35536178946495056, 0.6853939294815063]","[0.4141620397567749, 0.38678374886512756, 0.36969977617263794, 0.39640703797340393]"
3144.0,2010-12-01T00:00:00.000000000,"[0.2453511357307434, 0.35536178946495056, 0.6853939294815063, 0.5313789248466492]","[0.35933369398117065, 0.351360023021698, 0.3449621796607971, 0.3669946491718292]"
3144.0,2011-03-01T00:00:00.000000000,"[0.35536178946495056, 0.6853939294815063, 0.5313789248466492, 0.26735323667526245]","[0.42200565338134766, 0.4009232223033905, 0.38649073243141174, 0.4093437194824219]"
3144.0,2011-06-01T00:00:00.000000000,"[0.6853939294815063, 0.5313789248466492, 0.26735323667526245, 0.42136821150779724]","[0.4334547817707062, 0.40271562337875366, 0.3860831558704376, 0.4138243496417999]"
3144.0,2011-09-01T00:00:00.000000000,"[0.5313789248466492, 0.26735323667526245, 0.42136821150779724, 0.2233489453792572]","[0.4355516731739044, 0.411685973405838, 0.3947362005710602, 0.42097920179367065]"
3144.0,2011-12-01T00:00:00.000000000,"[0.26735323667526245, 0.42136821150779724, 0.2233489453792572, 0.5093768239021301]","[0.37216031551361084, 0.3683139383792877, 0.3626568913459778, 0.3843213617801666]"
3144.0,2012-03-01T00:00:00.000000000,"[0.42136821150779724, 0.2233489453792572, 0.5093768239021301, 0.33335965871810913]","[0.41011640429496765, 0.39749693870544434, 0.3885897994041443, 0.4096490442752838]"
3144.0,2012-06-01T00:00:00.000000000,"[0.2233489453792572, 0.5093768239021301, 0.33335965871810913, 0.5093768239021301]","[0.4341166019439697, 0.4092539846897125, 0.3960353434085846, 0.4224907457828522]"
3144.0,2012-09-01T00:00:00.000000000,"[0.5093768239021301, 0.33335965871810913, 0.5093768239021301, 0.7954046130180359]","[0.40811893343925476, 0.3861069679260254, 0.3863125741481781, 0.40121209621429443]"
3144.0,2012-12-01T00:00:00.000000000,"[0.33335965871810913, 0.5093768239021301, 0.7954046130180359, 0.7293981313705444]","[0.3716413378715515, 0.36835891008377075, 0.3643466532230377, 0.38427600264549255]"
3144.0,2013-03-01T00:00:00.000000000,"[0.5093768239021301, 0.7954046130180359, 0.7293981313705444, 0.2893553674221039]","[0.3838343024253845, 0.37921369075775146, 0.37338998913764954, 0.3938700556755066]"
3226.0,2006-06-01T00:00:00.000000000,"[0.13534040749073029, 0.10233722627162933, 0.11333828419446945, 0.19034576416015625]","[-0.2360728532075882, -0.2867785394191742, -0.3113841712474823, -0.27624809741973877]"
3226.0,2006-09-01T00:00:00.000000000,"[0.10233722627162933, 0.11333828419446945, 0.19034576416015625, 0.2343500703573227]","[-0.21979495882987976, -0.26209068298339844, -0.2781716585159302, -0.24540843069553375]"
3226.0,2006-12-01T00:00:00.000000000,"[0.11333828419446945, 0.19034576416015625, 0.2343500703573227, 0.17934469878673553]","[-0.19118808209896088, -0.2367824912071228, -0.2523079812526703, -0.21761949360370636]"
3226.0,2007-03-01T00:00:00.000000000,"[0.19034576416015625, 0.2343500703573227, 0.17934469878673553, 0.168343648314476]","[-0.16861946880817413, -0.2242274433374405, -0.25364893674850464, -0.21514156460762024]"
3226.0,2007-06-01T00:00:00.000000000,"[0.2343500703573227, 0.17934469878673553, 0.168343648314476, 0.25635218620300293]","[-0.14022937417030334, -0.20069187879562378, -0.23291164636611938, -0.19171683490276337]"
3226.0,2007-09-01T00:00:00.000000000,"[0.17934469878673553, 0.168343648314476, 0.25635218620300293, 0.2123478800058365]","[-0.11863496154546738, -0.17686478793621063, -0.20703023672103882, -0.1660093367099762]"
3226.0,2007-12-01T00:00:00.000000000,"[0.168343648314476, 0.25635218620300293, 0.2123478800058365, 0.3113575577735901]","[-0.0960269495844841, -0.15499699115753174, -0.18445606529712677, -0.14264291524887085]"
3226.0,2008-03-01T00:00:00.000000000,"[0.25635218620300293, 0.2123478800058365, 0.3113575577735901, 0.27835431694984436]","[-0.07559572160243988, -0.1351054310798645, -0.1652497947216034, -0.12310334295034409]"
3226.0,2008-06-01T00:00:00.000000000,"[0.2123478800058365, 0.3113575577735901, 0.27835431694984436, 0.4653724431991577]","[-0.04953676462173462, -0.11327244341373444, -0.1471729576587677, -0.10295409709215164]"
3226.0,2008-09-01T00:00:00.000000000,"[0.3113575577735901, 0.27835431694984436, 0.4653724431991577, 0.44337034225463867]","[-0.026737108826637268, -0.08832290768623352, -0.1172589659690857, -0.07352479547262192]"
3226.0,2008-12-01T00:00:00.000000000,"[0.27835431694984436, 0.4653724431991577, 0.44337034225463867, 0.44337034225463867]","[-0.005094930529594421, -0.06340741366147995, -0.0890718474984169, -0.04626249521970749]"
3226.0,2009-03-01T00:00:00.000000000,"[0.4653724431991577, 0.44337034225463867, 0.44337034225463867, 0.37736397981643677]","[0.017371490597724915, -0.036996908485889435, -0.05636725574731827, -0.014790654182434082]"
3226.0,2009-06-01T00:00:00.000000000,"[0.44337034225463867, 0.44337034225463867, 0.37736397981643677, 0.6633917689323425]","[0.055433355271816254, -0.009853862226009369, -0.03825496882200241, 0.008392855525016785]"
3226.0,2009-09-01T00:00:00.000000000,"[0.44337034225463867, 0.37736397981643677, 0.6633917689323425, 0.7293981313705444]","[0.08238157629966736, 0.01920650154352188, -0.005870122462511063, 0.040489763021469116]"
3226.0,2009-12-01T00:00:00.000000000,"[0.37736397981643677, 0.6633917689323425, 0.7293981313705444, 0.7293981313705444]","[0.10679323971271515, 0.044256214052438736, 0.019624967128038406, 0.06615549325942993]"
3226.0,2010-03-01T00:00:00.000000000,"[0.6633917689323425, 0.7293981313705444, 0.7293981313705444, 0.7073960304260254]","[0.13127638399600983, 0.06570737063884735, 0.03855445235967636, 0.08640679717063904]"
3226.0,2010-06-01T00:00:00.000000000,"[0.7293981313705444, 0.7293981313705444, 0.7073960304260254, 0.9714217185974121]","[0.1741253137588501, 0.09579411149024963, 0.05730447918176651, 0.11124971508979797]"
3226.0,2010-09-01T00:00:00.000000000,"[0.7293981313705444, 0.7073960304260254, 0.9714217185974121, 1.0154259204864502]","[0.22047899663448334, 0.14455142617225647, 0.11839328706264496, 0.17324556410312653]"
3226.0,2010-12-01T00:00:00.000000000,"[0.7073960304260254, 0.9714217185974121, 1.0154259204864502, 1.0374282598495483]","[0.25862428545951843, 0.17748548090457916, 0.14780083298683167, 0.2057698667049408]"
3226.0,2011-03-01T00:00:00.000000000,"[0.9714217185974121, 1.0154259204864502, 1.0374282598495483, 1.0374282598495483]","[0.28957197070121765, 0.20937436819076538, 0.18124517798423767, 0.2395624816417694]"
3226.0,2011-06-01T00:00:00.000000000,"[1.0154259204864502, 1.0374282598495483, 1.0374282598495483, 0.8614109754562378]","[0.3376089334487915, 0.24511069059371948, 0.20423096418380737, 0.2688480615615845]"
3226.0,2011-09-01T00:00:00.000000000,"[1.0374282598495483, 1.0374282598495483, 0.8614109754562378, 0.8174067735671997]","[0.385417640209198, 0.30148935317993164, 0.27739837765693665, 0.34061765670776367]"
3226.0,2011-12-01T00:00:00.000000000,"[1.0374282598495483, 0.8614109754562378, 0.8174067735671997, 0.7293981313705444]","[0.43253153562545776, 0.3320857584476471, 0.2882271409034729, 0.3588448166847229]"
3226.0,2012-03-01T00:00:00.000000000,"[0.8614109754562378, 0.8174067735671997, 0.7293981313705444, 0.5313789248466492]","[0.4747875928878784, 0.3751770555973053, 0.3339241147041321, 0.405222624540329]"
3226.0,2012-06-01T00:00:00.000000000,"[0.8174067735671997, 0.7293981313705444, 0.5313789248466492, 0.9714217185974121]","[0.49237334728240967, 0.39309465885162354, 0.3417932987213135, 0.41233164072036743]"
3226.0,2012-09-01T00:00:00.000000000,"[0.7293981313705444, 0.5313789248466492, 0.9714217185974121, 1.147438883781433]","[0.5227973461151123, 0.4297162592411041, 0.38862934708595276, 0.45700573921203613]"
3226.0,2012-12-01T00:00:00.000000000,"[0.5313789248466492, 0.9714217185974121, 1.147438883781433, 1.2134451866149902]","[0.5469381809234619, 0.4493340253829956, 0.3992074131965637, 0.4683198034763336]"
3226.0,2013-03-01T00:00:00.000000000,"[0.9714217185974121, 1.147438883781433, 1.2134451866149902, 0.9934238195419312]","[0.5676441788673401, 0.4739602506160736, 0.4310477674007416, 0.4981245994567871]"
3980.0,2006-06-01T00:00:00.000000000,"[2.115532875061035, 1.2574495077133179, 2.0935308933258057, 2.0055222511291504]","[0.8519784212112427, 0.7339881658554077, 0.6682018637657166, 0.7516002655029297]"
3980.0,2006-09-01T00:00:00.000000000,"[1.2574495077133179, 2.0935308933258057, 2.0055222511291504, 2.4895694255828857]","[0.9037566184997559, 0.8228622674942017, 0.8045186996459961, 0.8784880638122559]"
3980.0,2006-12-01T00:00:00.000000000,"[2.0935308933258057, 2.0055222511291504, 2.4895694255828857, 1.9395159482955933]","[0.9377619028091431, 0.8248369097709656, 0.7585232257843018, 0.8431960344314575]"
3980.0,2007-03-01T00:00:00.000000000,"[2.0055222511291504, 2.4895694255828857, 1.9395159482955933, 2.885607957839966]","[1.03964102268219, 0.9027409553527832, 0.8273773193359375, 0.9249445199966431]"
3980.0,2007-06-01T00:00:00.000000000,"[2.4895694255828857, 1.9395159482955933, 2.885607957839966, 2.2915501594543457]","[1.0927515029907227, 0.9584683775901794, 0.8827014565467834, 0.9808309674263]"
3980.0,2007-09-01T00:00:00.000000000,"[1.9395159482955933, 2.885607957839966, 2.2915501594543457, 2.8636057376861572]","[1.1560885906219482, 1.0165026187896729, 0.933111846446991, 1.0378330945968628]"
3980.0,2007-12-01T00:00:00.000000000,"[2.885607957839966, 2.2915501594543457, 2.8636057376861572, 1.7194944620132446]","[1.2239599227905273, 1.078271746635437, 0.995268702507019, 1.103391170501709]"
3980.0,2008-03-01T00:00:00.000000000,"[2.2915501594543457, 2.8636057376861572, 1.7194944620132446, 2.7095906734466553]","[1.3483529090881348, 1.1729925870895386, 1.075587511062622, 1.2013275623321533]"
3980.0,2008-06-01T00:00:00.000000000,"[2.8636057376861572, 1.7194944620132446, 2.7095906734466553, 2.5995800495147705]","[1.3515466451644897, 1.2061570882797241, 1.1197755336761475, 1.234886884689331]"
3980.0,2008-09-01T00:00:00.000000000,"[1.7194944620132446, 2.7095906734466553, 2.5995800495147705, 2.775597333908081]","[1.4677956104278564, 1.2946125268936157, 1.1921792030334473, 1.3222495317459106]"
3980.0,2008-12-01T00:00:00.000000000,"[2.7095906734466553, 2.5995800495147705, 2.775597333908081, 1.6534881591796875]","[1.5514423847198486, 1.3558074235916138, 1.248795986175537, 1.387857437133789]"
3980.0,2009-03-01T00:00:00.000000000,"[2.5995800495147705, 2.775597333908081, 1.6534881591796875, 3.4576635360717773]","[1.6727933883666992, 1.440245270729065, 1.316943645477295, 1.4740374088287354]"
3980.0,2009-06-01T00:00:00.000000000,"[2.775597333908081, 1.6534881591796875, 3.4576635360717773, 3.3476529121398926]","[1.7421103715896606, 1.5033735036849976, 1.3757565021514893, 1.5370075702667236]"
3980.0,2009-09-01T00:00:00.000000000,"[1.6534881591796875, 3.4576635360717773, 3.3476529121398926, 3.4136593341827393]","[1.7879267930984497, 1.5953118801116943, 1.5230852365493774, 1.6692776679992676]"
3980.0,2009-12-01T00:00:00.000000000,"[3.4576635360717773, 3.3476529121398926, 3.4136593341827393, 2.5555758476257324]","[1.7953250408172607, 1.5843349695205688, 1.4668501615524292, 1.6172735691070557]"
3980.0,2010-03-01T00:00:00.000000000,"[3.3476529121398926, 3.4136593341827393, 2.5555758476257324, 3.3476529121398926]","[1.9576270580291748, 1.7347925901412964, 1.6426178216934204, 1.8030608892440796]"
3980.0,2010-06-01T00:00:00.000000000,"[3.4136593341827393, 2.5555758476257324, 3.3476529121398926, 2.8416035175323486]","[2.071887969970703, 1.8047854900360107, 1.663323998451233, 1.8426880836486816]"
3980.0,2010-09-01T00:00:00.000000000,"[2.5555758476257324, 3.3476529121398926, 2.8416035175323486, 2.269547939300537]","[2.142772912979126, 1.9649732112884521, 1.94048011302948, 2.089078903198242]"
3980.0,2010-12-01T00:00:00.000000000,"[3.3476529121398926, 2.8416035175323486, 2.269547939300537, 1.6534881591796875]","[2.175156354904175, 1.9350272417068481, 1.8040003776550293, 1.9732612371444702]"
3980.0,2011-03-01T00:00:00.000000000,"[2.8416035175323486, 2.269547939300537, 1.6534881591796875, 2.665586471557617]","[2.3037400245666504, 2.0902886390686035, 2.025338649749756, 2.1872167587280273]"
3980.0,2011-06-01T00:00:00.000000000,"[2.269547939300537, 1.6534881591796875, 2.665586471557617, 0.6193875670433044]","[2.349604845046997, 2.0908548831939697, 1.9468215703964233, 2.1231541633605957]"
3980.0,2011-09-01T00:00:00.000000000,"[1.6534881591796875, 2.665586471557617, 0.6193875670433044, -0.5247237682342529]","[2.3707566261291504, 2.2047231197357178, 2.182616949081421, 2.323585271835327]"
3980.0,2011-12-01T00:00:00.000000000,"[2.665586471557617, 0.6193875670433044, -0.5247237682342529, -1.1407837867736816]","[2.3371496200561523, 2.130302667617798, 2.0077149868011475, 2.1582319736480713]"
3980.0,2012-03-01T00:00:00.000000000,"[0.6193875670433044, -0.5247237682342529, -1.1407837867736816, 0.003327556187286973]","[2.423062324523926, 2.2304229736328125, 2.1520864963531494, 2.2978811264038086]"
3980.0,2012-06-01T00:00:00.000000000,"[-0.5247237682342529, -1.1407837867736816, 0.003327556187286973, 1.0374282598495483]","[2.3465702533721924, 2.168860912322998, 2.064967155456543, 2.2025270462036133]"
3980.0,2012-09-01T00:00:00.000000000,"[-1.1407837867736816, 0.003327556187286973, 1.0374282598495483, 1.0594303607940674]","[2.1627721786499023, 2.0239436626434326, 1.940639853477478, 2.0753931999206543]"
3980.0,2012-12-01T00:00:00.000000000,"[0.003327556187286973, 1.0374282598495483, 1.0594303607940674, 0.11333828419446945]","[2.0319948196411133, 1.9043943881988525, 1.8288928270339966, 1.9741952419281006]"
3980.0,2013-03-01T00:00:00.000000000,"[1.0374282598495483, 1.0594303607940674, 0.11333828419446945, 1.6314857006072998]","[2.1835455894470215, 2.015302896499634, 1.9097563028335571, 2.0642964839935303]"
5568.0,2004-09-01T00:00:00.000000000,"[1.2134451866149902, 1.279451608657837, 1.477470874786377, 0.26735323667526245]","[0.882129430770874, 0.8337050676345825, 0.8144872784614563, 0.853977620601654]"
5568.0,2004-12-01T00:00:00.000000000,"[1.279451608657837, 1.477470874786377, 0.26735323667526245, 0.6633917689323425]","[0.9235698580741882, 0.8528194427490234, 0.8138171434402466, 0.8623968958854675]"
5568.0,2005-03-01T00:00:00.000000000,"[1.477470874786377, 0.26735323667526245, 0.6633917689323425, 0.9054153561592102]","[0.9587863683700562, 0.8815378546714783, 0.8405792713165283, 0.8924516439437866]"
5568.0,2005-06-01T00:00:00.000000000,"[0.26735323667526245, 0.6633917689323425, 0.9054153561592102, 1.1694409847259521]","[0.9855159521102905, 0.9135689735412598, 0.8792802095413208, 0.9306036829948425]"
5568.0,2005-09-01T00:00:00.000000000,"[0.6633917689323425, 0.9054153561592102, 1.1694409847259521, 1.125436782836914]","[0.9507923722267151, 0.8885893225669861, 0.8500048518180847, 0.8976671695709229]"
5568.0,2005-12-01T00:00:00.000000000,"[0.9054153561592102, 1.1694409847259521, 1.125436782836914, 1.301453948020935]","[0.9654496312141418, 0.8984624743461609, 0.8605272769927979, 0.9101414084434509]"
5568.0,2006-03-01T00:00:00.000000000,"[1.1694409847259521, 1.125436782836914, 1.301453948020935, 1.147438883781433]","[0.9917560815811157, 0.9153698682785034, 0.8742417097091675, 0.9274868369102478]"
5568.0,2006-06-01T00:00:00.000000000,"[1.125436782836914, 1.301453948020935, 1.147438883781433, 1.455468773841858]","[0.9926275610923767, 0.9226297736167908, 0.8816911578178406, 0.9323754906654358]"
5568.0,2006-09-01T00:00:00.000000000,"[1.301453948020935, 1.147438883781433, 1.455468773841858, 1.125436782836914]","[1.0335538387298584, 0.9472200870513916, 0.9002165198326111, 0.957836925983429]"
5568.0,2006-12-01T00:00:00.000000000,"[1.147438883781433, 1.455468773841858, 1.125436782836914, 1.279451608657837]","[1.0436898469924927, 0.9656813144683838, 0.9217328429222107, 0.9758049249649048]"
5568.0,2007-03-01T00:00:00.000000000,"[1.455468773841858, 1.125436782836914, 1.279451608657837, 1.2574495077133179]","[1.0416203737258911, 0.9737829566001892, 0.9347566366195679, 0.9846886992454529]"
5568.0,2007-06-01T00:00:00.000000000,"[1.125436782836914, 1.279451608657837, 1.2574495077133179, 1.499472975730896]","[1.0576069355010986, 1.0157445669174194, 1.0054961442947388, 1.0456289052963257]"
5568.0,2007-09-01T00:00:00.000000000,"[1.279451608657837, 1.2574495077133179, 1.499472975730896, 1.0154259204864502]","[1.1020842790603638, 1.0251703262329102, 0.9827351570129395, 1.0359773635864258]"
5568.0,2007-12-01T00:00:00.000000000,"[1.2574495077133179, 1.499472975730896, 1.0154259204864502, 1.147438883781433]","[1.1215250492095947, 1.0452369451522827, 1.0036356449127197, 1.0564619302749634]"
5568.0,2008-03-01T00:00:00.000000000,"[1.499472975730896, 1.0154259204864502, 1.147438883781433, 0.7514004111289978]","[1.0919525623321533, 1.0402806997299194, 1.0091038942337036, 1.052115559577942]"
5568.0,2008-06-01T00:00:00.000000000,"[1.0154259204864502, 1.147438883781433, 0.7514004111289978, 0.8174067735671997]","[1.106062412261963, 1.0727580785751343, 1.0612462759017944, 1.0976536273956299]"
5568.0,2008-09-01T00:00:00.000000000,"[1.147438883781433, 0.7514004111289978, 0.8174067735671997, 0.8834132552146912]","[1.1769382953643799, 1.0996525287628174, 1.0587252378463745, 1.111546516418457]"
5568.0,2008-12-01T00:00:00.000000000,"[0.7514004111289978, 0.8174067735671997, 0.8834132552146912, 0.575383186340332]","[1.1664085388183594, 1.103135347366333, 1.067336082458496, 1.1138031482696533]"
5568.0,2009-03-01T00:00:00.000000000,"[0.8174067735671997, 0.8834132552146912, 0.575383186340332, 1.0594303607940674]","[1.0832103490829468, 1.0464140176773071, 1.0229829549789429, 1.0634244680404663]"
5568.0,2009-06-01T00:00:00.000000000,"[0.8834132552146912, 0.575383186340332, 1.0594303607940674, 0.8394088745117188]","[0.9986643195152283, 0.9921395182609558, 0.9822252988815308, 1.0147982835769653]"
5568.0,2009-09-01T00:00:00.000000000,"[0.575383186340332, 1.0594303607940674, 0.8394088745117188, 1.0594303607940674]","[1.1126885414123535, 1.0775619745254517, 1.052635908126831, 1.0885117053985596]"
5568.0,2009-12-01T00:00:00.000000000,"[1.0594303607940674, 0.8394088745117188, 1.0594303607940674, 0.8834132552146912]","[1.062239408493042, 1.028920292854309, 1.0079959630966187, 1.0489275455474854]"
5568.0,2010-03-01T00:00:00.000000000,"[0.8394088745117188, 1.0594303607940674, 0.8834132552146912, 1.0154259204864502]","[1.0775065422058105, 1.0403130054473877, 1.0163480043411255, 1.0575926303863525]"
5568.0,2010-06-01T00:00:00.000000000,"[1.0594303607940674, 0.8834132552146912, 1.0154259204864502, 0.7293981313705444]","[1.0036486387252808, 0.9893521070480347, 0.977623462677002, 1.012232780456543]"
5568.0,2010-09-01T00:00:00.000000000,"[0.8834132552146912, 1.0154259204864502, 0.7293981313705444, 1.0374282598495483]","[1.0791566371917725, 1.0552935600280762, 1.034856915473938, 1.0683281421661377]"
5680.0,2006-06-01T00:00:00.000000000,"[1.4114645719528198, 2.6435842514038086, 1.7414965629577637, 1.499472975730896]","[0.7213090658187866, 0.6893765330314636, 0.6555246710777283, 0.714550793170929]"
5680.0,2006-09-01T00:00:00.000000000,"[2.6435842514038086, 1.7414965629577637, 1.499472975730896, 1.8515071868896484]","[0.819010853767395, 0.7575598359107971, 0.7100561857223511, 0.7799520492553711]"
5680.0,2006-12-01T00:00:00.000000000,"[1.7414965629577637, 1.499472975730896, 1.8515071868896484, 3.0616250038146973]","[0.9592241048812866, 0.8447310924530029, 0.79754638671875, 0.8721325397491455]"
5680.0,2007-03-01T00:00:00.000000000,"[1.499472975730896, 1.8515071868896484, 3.0616250038146973, 2.2915501594543457]","[0.9500192999839783, 0.871317982673645, 0.8115349411964417, 0.8919034004211426]"
5680.0,2007-06-01T00:00:00.000000000,"[1.8515071868896484, 3.0616250038146973, 2.2915501594543457, 1.8735092878341675]","[0.9769307374954224, 0.8960244655609131, 0.8371934294700623, 0.9174534678459167]"
5680.0,2007-09-01T00:00:00.000000000,"[3.0616250038146973, 2.2915501594543457, 1.8735092878341675, 2.4675674438476562]","[1.0786807537078857, 0.9553107023239136, 0.8802455067634583, 0.9802148342132568]"
5680.0,2007-12-01T00:00:00.000000000,"[2.2915501594543457, 1.8735092878341675, 2.4675674438476562, 3.633680582046509]","[1.1974060535430908, 1.0423614978790283, 0.9465112686157227, 1.0702388286590576]"
5680.0,2008-03-01T00:00:00.000000000,"[1.8735092878341675, 2.4675674438476562, 3.633680582046509, 2.819601535797119]","[1.1024707555770874, 1.0130417346954346, 0.9451106786727905, 1.0427789688110352]"
5680.0,2008-06-01T00:00:00.000000000,"[2.4675674438476562, 3.633680582046509, 2.819601535797119, 2.4675674438476562]","[1.3091115951538086, 1.1338526010513306, 1.0339763164520264, 1.1654092073440552]"
5680.0,2008-09-01T00:00:00.000000000,"[3.633680582046509, 2.819601535797119, 2.4675674438476562, 2.973616361618042]","[1.431261658668518, 1.2232288122177124, 1.109438419342041, 1.2565667629241943]"
5680.0,2008-12-01T00:00:00.000000000,"[2.819601535797119, 2.4675674438476562, 2.973616361618042, 4.2497406005859375]","[1.5065557956695557, 1.3024520874023438, 1.1846290826797485, 1.3379571437835693]"
5680.0,2009-03-01T00:00:00.000000000,"[2.4675674438476562, 2.973616361618042, 4.2497406005859375, 3.4136593341827393]","[1.4998117685317993, 1.3348339796066284, 1.2283047437667847, 1.3682079315185547]"
5680.0,2009-06-01T00:00:00.000000000,"[2.973616361618042, 4.2497406005859375, 3.4136593341827393, 3.017620801925659]","[1.7559385299682617, 1.4807583093643188, 1.3357329368591309, 1.522620677947998]"
5680.0,2009-09-01T00:00:00.000000000,"[4.2497406005859375, 3.4136593341827393, 3.017620801925659, 3.875704050064087]","[1.8572101593017578, 1.5706597566604614, 1.419944167137146, 1.6133426427841187]"
5680.0,2009-12-01T00:00:00.000000000,"[3.4136593341827393, 3.017620801925659, 3.875704050064087, 6.00991153717041]","[1.890188217163086, 1.6424907445907593, 1.4970927238464355, 1.6819335222244263]"
5680.0,2010-03-01T00:00:00.000000000,"[3.017620801925659, 3.875704050064087, 6.00991153717041, 4.82179594039917]","[2.046924114227295, 1.8548954725265503, 1.8329200744628906, 2.0027053356170654]"
5680.0,2010-06-01T00:00:00.000000000,"[3.875704050064087, 6.00991153717041, 4.82179594039917, 4.2497406005859375]","[2.208425998687744, 1.8743081092834473, 1.6930513381958008, 1.915845274925232]"
5680.0,2010-09-01T00:00:00.000000000,"[6.00991153717041, 4.82179594039917, 4.2497406005859375, 4.2937445640563965]","[2.322897434234619, 1.9920332431793213, 1.8150172233581543, 2.038877248764038]"
5680.0,2010-12-01T00:00:00.000000000,"[4.82179594039917, 4.2497406005859375, 4.2937445640563965, 6.273937702178955]","[2.459592342376709, 2.1669721603393555, 2.0184409618377686, 2.2413649559020996]"
5680.0,2011-03-01T00:00:00.000000000,"[4.2497406005859375, 4.2937445640563965, 6.273937702178955, 4.865800380706787]","[2.687357187271118, 2.4246115684509277, 2.3803203105926514, 2.600675106048584]"
5680.0,2011-06-01T00:00:00.000000000,"[4.2937445640563965, 6.273937702178955, 4.865800380706787, 4.315746784210205]","[2.885127544403076, 2.462150812149048, 2.232872724533081, 2.5138213634490967]"
5680.0,2011-09-01T00:00:00.000000000,"[6.273937702178955, 4.865800380706787, 4.315746784210205, 3.875704050064087]","[2.982787609100342, 2.57814621925354, 2.362758159637451, 2.6371734142303467]"
5680.0,2011-12-01T00:00:00.000000000,"[4.865800380706787, 4.315746784210205, 3.875704050064087, 8.144119262695312]","[3.07051944732666, 2.719216823577881, 2.5267562866210938, 2.788966655731201]"
5680.0,2012-03-01T00:00:00.000000000,"[4.315746784210205, 3.875704050064087, 8.144119262695312, 6.295939922332764]","[3.2782936096191406, 2.9799606800079346, 2.9189229011535645, 3.1668879985809326]"
5680.0,2012-06-01T00:00:00.000000000,"[3.875704050064087, 8.144119262695312, 6.295939922332764, 5.129826545715332]","[3.4488401412963867, 2.9984796047210693, 2.754577398300171, 3.0578558444976807]"
5680.0,2012-09-01T00:00:00.000000000,"[8.144119262695312, 6.295939922332764, 5.129826545715332, 7.792084693908691]","[3.495025634765625, 3.0824780464172363, 2.85841703414917, 3.143298864364624]"
5680.0,2012-12-01T00:00:00.000000000,"[6.295939922332764, 5.129826545715332, 7.792084693908691, 9.266228675842285]","[3.7114222049713135, 3.3195722103118896, 3.118828535079956, 3.4130635261535645]"
5680.0,2013-03-01T00:00:00.000000000,"[5.129826545715332, 7.792084693908691, 9.266228675842285, 7.924098014831543]","[3.98842191696167, 3.6407504081726074, 3.5791351795196533, 3.865478038787842]"
6008.0,2006-06-01T00:00:00.000000000,"[0.5093768239021301, 0.7514004111289978, 0.9274174571037292, 0.20134682953357697]","[0.27015042304992676, 0.20761489868164062, 0.16660639643669128, 0.2212727665901184]"
6008.0,2006-09-01T00:00:00.000000000,"[0.7514004111289978, 0.9274174571037292, 0.20134682953357697, 0.5093768239021301]","[0.3368344306945801, 0.24358129501342773, 0.19225162267684937, 0.25914981961250305]"
6008.0,2006-12-01T00:00:00.000000000,"[0.9274174571037292, 0.20134682953357697, 0.5093768239021301, 0.7073960304260254]","[0.3839333653450012, 0.27624785900115967, 0.21909253299236298, 0.2928731441497803]"
6008.0,2007-03-01T00:00:00.000000000,"[0.20134682953357697, 0.5093768239021301, 0.7073960304260254, 0.9274174571037292]","[0.40322810411453247, 0.31039848923683167, 0.2718227505683899, 0.34155458211898804]"
6008.0,2007-06-01T00:00:00.000000000,"[0.5093768239021301, 0.7073960304260254, 0.9274174571037292, 0.4873746931552887]","[0.40083760023117065, 0.31736788153648376, 0.28472647070884705, 0.3503231704235077]"
6008.0,2007-09-01T00:00:00.000000000,"[0.7073960304260254, 0.9274174571037292, 0.4873746931552887, 0.5973852872848511]","[0.43563205003738403, 0.3302837908267975, 0.27315059304237366, 0.34634023904800415]"
6008.0,2007-12-01T00:00:00.000000000,"[0.9274174571037292, 0.4873746931552887, 0.5973852872848511, 1.0594303607940674]","[0.46175485849380493, 0.3557147681713104, 0.29787182807922363, 0.3713802099227905]"
6008.0,2008-03-01T00:00:00.000000000,"[0.4873746931552887, 0.5973852872848511, 1.0594303607940674, 1.0374282598495483]","[0.4814843535423279, 0.3959285020828247, 0.36075153946876526, 0.4272582232952118]"
6008.0,2008-06-01T00:00:00.000000000,"[0.5973852872848511, 1.0594303607940674, 1.0374282598495483, 0.7514004111289978]","[0.4913371801376343, 0.39329034090042114, 0.33667561411857605, 0.40726447105407715]"
6008.0,2008-09-01T00:00:00.000000000,"[1.0594303607940674, 1.0374282598495483, 0.7514004111289978, 0.8834132552146912]","[0.5411987900733948, 0.4297884702682495, 0.37101995944976807, 0.44676798582077026]"
6008.0,2008-12-01T00:00:00.000000000,"[1.0374282598495483, 0.7514004111289978, 0.8834132552146912, 1.5214751958847046]","[0.5684237480163574, 0.45698118209838867, 0.39526093006134033, 0.4719543159008026]"
6008.0,2009-03-01T00:00:00.000000000,"[0.7514004111289978, 0.8834132552146912, 1.5214751958847046, 1.6754902601242065]","[0.6024468541145325, 0.48764410614967346, 0.42543932795524597, 0.5046228766441345]"
6008.0,2009-06-01T00:00:00.000000000,"[0.8834132552146912, 1.5214751958847046, 1.6754902601242065, 1.2134451866149902]","[0.6189887523651123, 0.5080661773681641, 0.4466809034347534, 0.5238326787948608]"
6008.0,2009-09-01T00:00:00.000000000,"[1.5214751958847046, 1.6754902601242065, 1.2134451866149902, 1.5874814987182617]","[0.6548271179199219, 0.5404735207557678, 0.47879305481910706, 0.5572550892829895]"
6008.0,2009-12-01T00:00:00.000000000,"[1.6754902601242065, 1.2134451866149902, 1.5874814987182617, 2.379558563232422]","[0.7106671333312988, 0.6303811073303223, 0.6231829524040222, 0.6919498443603516]"
6008.0,2010-03-01T00:00:00.000000000,"[1.2134451866149902, 1.5874814987182617, 2.379558563232422, 2.115532875061035]","[0.7448292970657349, 0.7135552763938904, 0.7740331888198853, 0.8270766735076904]"
6008.0,2010-06-01T00:00:00.000000000,"[1.5874814987182617, 2.379558563232422, 2.115532875061035, 1.2574495077133179]","[0.7851729989051819, 0.7294655442237854, 0.7375842332839966, 0.795495867729187]"
6008.0,2010-09-01T00:00:00.000000000,"[2.379558563232422, 2.115532875061035, 1.2574495077133179, 1.6314857006072998]","[0.8346313834190369, 0.7414774298667908, 0.6890621185302734, 0.7573068141937256]"
6008.0,2010-12-01T00:00:00.000000000,"[2.115532875061035, 1.2574495077133179, 1.6314857006072998, 2.42356276512146]","[0.9280157089233398, 0.8212124705314636, 0.7593351602554321, 0.8391250371932983]"
6008.0,2011-03-01T00:00:00.000000000,"[1.2574495077133179, 1.6314857006072998, 2.42356276512146, 2.6435842514038086]","[0.9752566814422607, 0.8748746514320374, 0.8140838742256165, 0.8945987224578857]"
6008.0,2011-06-01T00:00:00.000000000,"[1.6314857006072998, 2.42356276512146, 2.6435842514038086, 2.4895694255828857]","[0.9967818260192871, 0.9002309441566467, 0.8408551812171936, 0.9198848009109497]"
6008.0,2011-09-01T00:00:00.000000000,"[2.42356276512146, 2.6435842514038086, 2.4895694255828857, 2.0055222511291504]","[1.0426722764968872, 0.9405125379562378, 0.8780413866043091, 0.9605444669723511]"
6008.0,2011-12-01T00:00:00.000000000,"[2.6435842514038086, 2.4895694255828857, 2.0055222511291504, 1.7414965629577637]","[1.1451632976531982, 1.0178933143615723, 0.943560004234314, 1.040999174118042]"
6008.0,2012-03-01T00:00:00.000000000,"[2.4895694255828857, 2.0055222511291504, 1.7414965629577637, 2.6435842514038086]","[1.2010482549667358, 1.076662540435791, 1.0008833408355713, 1.1015499830245972]"
6008.0,2012-06-01T00:00:00.000000000,"[2.0055222511291504, 1.7414965629577637, 2.6435842514038086, 2.3575565814971924]","[1.318472981452942, 1.1582045555114746, 1.067672610282898, 1.186537265777588]"
6008.0,2012-09-01T00:00:00.000000000,"[1.7414965629577637, 2.6435842514038086, 2.3575565814971924, 2.115532875061035]","[1.3973338603973389, 1.2173395156860352, 1.1188373565673828, 1.2468591928482056]"
6008.0,2012-12-01T00:00:00.000000000,"[2.6435842514038086, 2.3575565814971924, 2.115532875061035, 3.0616250038146973]","[1.405367374420166, 1.2390360832214355, 1.1446871757507324, 1.2673054933547974]"
6008.0,2013-03-01T00:00:00.000000000,"[2.3575565814971924, 2.115532875061035, 3.0616250038146973, 1.6974923610687256]","[1.4879883527755737, 1.3026273250579834, 1.1972033977508545, 1.331036925315857]"
6066.0,2006-06-01T00:00:00.000000000,"[8.804183959960938, 7.3960466384887695, 12.082502365112305, 5.7018818855285645]","[6.384116172790527, 5.810050010681152, 5.464474678039551, 5.897555351257324]"
6066.0,2006-09-01T00:00:00.000000000,"[7.3960466384887695, 12.082502365112305, 5.7018818855285645, 7.748080730438232]","[6.833558082580566, 6.114743709564209, 5.722390174865723, 6.216496467590332]"
6066.0,2006-12-01T00:00:00.000000000,"[12.082502365112305, 5.7018818855285645, 7.748080730438232, 6.647973537445068]","[6.951015472412109, 6.265084266662598, 5.893547058105469, 6.369868278503418]"
6066.0,2007-03-01T00:00:00.000000000,"[5.7018818855285645, 7.748080730438232, 6.647973537445068, 9.948295593261719]","[7.0821533203125, 6.652947425842285, 6.576941013336182, 6.972013473510742]"
6066.0,2007-06-01T00:00:00.000000000,"[7.748080730438232, 6.647973537445068, 9.948295593261719, 4.469761848449707]","[7.117273330688477, 6.513355731964111, 6.150374889373779, 6.600712776184082]"
6066.0,2007-09-01T00:00:00.000000000,"[6.647973537445068, 9.948295593261719, 4.469761848449707, 5.789890289306641]","[7.43826150894165, 6.733983516693115, 6.338081359863281, 6.826344013214111]"
6066.0,2007-12-01T00:00:00.000000000,"[9.948295593261719, 4.469761848449707, 5.789890289306641, 6.537962913513184]","[7.497849464416504, 6.8470988273620605, 6.489352703094482, 6.949870586395264]"
6066.0,2008-03-01T00:00:00.000000000,"[4.469761848449707, 5.789890289306641, 6.537962913513184, 10.322331428527832]","[7.356361389160156, 6.959120750427246, 6.805432319641113, 7.173375606536865]"
6066.0,2008-06-01T00:00:00.000000000,"[5.789890289306641, 6.537962913513184, 10.322331428527832, 4.535768508911133]","[7.285724639892578, 6.852309703826904, 6.571374416351318, 6.942593574523926]"
6066.0,2008-09-01T00:00:00.000000000,"[6.537962913513184, 10.322331428527832, 4.535768508911133, 5.437856197357178]","[7.592476844787598, 7.061825275421143, 6.7532572746276855, 7.155882358551025]"
6066.0,2008-12-01T00:00:00.000000000,"[10.322331428527832, 4.535768508911133, 5.437856197357178, 6.559965133666992]","[7.760748863220215, 7.1860151290893555, 6.865011692047119, 7.280998229980469]"
6066.0,2009-03-01T00:00:00.000000000,"[4.535768508911133, 5.437856197357178, 6.559965133666992, 10.696367263793945]","[7.451071739196777, 7.062901496887207, 6.810671806335449, 7.163652420043945]"
6066.0,2009-06-01T00:00:00.000000000,"[5.437856197357178, 6.559965133666992, 10.696367263793945, 4.689783573150635]","[7.296546459197998, 6.981958389282227, 6.779313087463379, 7.1059956550598145]"
6066.0,2009-09-01T00:00:00.000000000,"[6.559965133666992, 10.696367263793945, 4.689783573150635, 6.075918197631836]","[7.739779949188232, 7.29947566986084, 7.0304741859436035, 7.389279365539551]"
6066.0,2009-12-01T00:00:00.000000000,"[10.696367263793945, 4.689783573150635, 6.075918197631836, 6.823991298675537]","[7.885922431945801, 7.386775016784668, 7.101935386657715, 7.484776020050049]"
6066.0,2010-03-01T00:00:00.000000000,"[4.689783573150635, 6.075918197631836, 6.823991298675537, 10.014301300048828]","[7.515870571136475, 7.193228721618652, 6.979580402374268, 7.309399127960205]"
6066.0,2010-06-01T00:00:00.000000000,"[6.075918197631836, 6.823991298675537, 10.014301300048828, 4.2497406005859375]","[7.301002025604248, 7.07727575302124, 6.923068046569824, 7.221088409423828]"
6066.0,2010-09-01T00:00:00.000000000,"[6.823991298675537, 10.014301300048828, 4.2497406005859375, 6.273937702178955]","[7.866259574890137, 7.492674827575684, 7.255849838256836, 7.585185527801514]"
6066.0,2010-12-01T00:00:00.000000000,"[10.014301300048828, 4.2497406005859375, 6.273937702178955, 5.1958327293396]","[7.956105709075928, 7.526941776275635, 7.275365352630615, 7.636507987976074]"
6066.0,2011-03-01T00:00:00.000000000,"[4.2497406005859375, 6.273937702178955, 5.1958327293396, 9.662266731262207]","[7.435020923614502, 7.215134143829346, 7.068140983581543, 7.3679375648498535]"
6066.0,2011-06-01T00:00:00.000000000,"[6.273937702178955, 5.1958327293396, 9.662266731262207, 3.3476529121398926]","[7.003964424133301, 6.9342169761657715, 6.844684600830078, 7.120416641235352]"
6066.0,2011-09-01T00:00:00.000000000,"[5.1958327293396, 9.662266731262207, 3.3476529121398926, 4.0957255363464355]","[7.471226692199707, 7.278327941894531, 7.135754585266113, 7.420511722564697]"
6066.0,2011-12-01T00:00:00.000000000,"[9.662266731262207, 3.3476529121398926, 4.0957255363464355, 4.975811004638672]","[7.70285701751709, 7.396727561950684, 7.188546180725098, 7.536555290222168]"
6066.0,2012-03-01T00:00:00.000000000,"[3.3476529121398926, 4.0957255363464355, 4.975811004638672, 3.8537018299102783]","[7.055479049682617, 6.978451251983643, 6.9038848876953125, 7.169144153594971]"
6066.0,2012-06-01T00:00:00.000000000,"[4.0957255363464355, 4.975811004638672, 3.8537018299102783, 3.1936378479003906]","[6.812429428100586, 6.738863945007324, 6.763424396514893, 6.973994255065918]"
6066.0,2012-09-01T00:00:00.000000000,"[4.975811004638672, 3.8537018299102783, 3.1936378479003906, 4.42575740814209]","[6.858720779418945, 6.816468715667725, 6.7414231300354, 7.020573139190674]"
6066.0,2012-12-01T00:00:00.000000000,"[3.8537018299102783, 3.1936378479003906, 4.42575740814209, 4.8437981605529785]","[7.407691955566406, 7.087407112121582, 7.008975028991699, 7.279430389404297]"
6066.0,2013-03-01T00:00:00.000000000,"[3.1936378479003906, 4.42575740814209, 4.8437981605529785, 6.669975757598877]","[6.2725300788879395, 6.049659729003906, 6.361783981323242, 6.407648086547852]"
6266.0,2006-06-01T00:00:00.000000000,"[2.9516141414642334, 2.5995800495147705, 2.0935308933258057, 2.7315926551818848]","[2.0544817447662354, 1.950683355331421, 1.8946549892425537, 1.968421220779419]"
6266.0,2006-09-01T00:00:00.000000000,"[2.5995800495147705, 2.0935308933258057, 2.7315926551818848, 3.0616250038146973]","[2.0906789302825928, 2.0290958881378174, 2.0274038314819336, 2.0880236625671387]"
6266.0,2006-12-01T00:00:00.000000000,"[2.0935308933258057, 2.7315926551818848, 3.0616250038146973, 2.577577829360962]","[2.1636970043182373, 2.1119139194488525, 2.1455740928649902, 2.2037429809570312]"
6266.0,2007-03-01T00:00:00.000000000,"[2.7315926551818848, 3.0616250038146973, 2.577577829360962, 2.4675674438476562]","[2.18953800201416, 2.0728094577789307, 2.0113613605499268, 2.09033203125]"
6266.0,2007-06-01T00:00:00.000000000,"[3.0616250038146973, 2.577577829360962, 2.4675674438476562, 2.9956183433532715]","[2.1952590942382812, 2.0940091609954834, 2.034496307373047, 2.1075291633605957]"
6266.0,2007-09-01T00:00:00.000000000,"[2.577577829360962, 2.4675674438476562, 2.9956183433532715, 3.127631425857544]","[2.192582845687866, 2.128143787384033, 2.1043121814727783, 2.1667256355285645]"
6266.0,2007-12-01T00:00:00.000000000,"[2.4675674438476562, 2.9956183433532715, 3.127631425857544, 2.9956183433532715]","[2.2911758422851562, 2.223127603530884, 2.223804235458374, 2.2874412536621094]"
6266.0,2008-03-01T00:00:00.000000000,"[2.9956183433532715, 3.127631425857544, 2.9956183433532715, 2.775597333908081]","[2.339916229248047, 2.22285532951355, 2.1609673500061035, 2.2405314445495605]"
6266.0,2008-06-01T00:00:00.000000000,"[3.127631425857544, 2.9956183433532715, 2.775597333908081, 3.325650691986084]","[2.353083610534668, 2.2463107109069824, 2.184537887573242, 2.261234760284424]"
6266.0,2008-09-01T00:00:00.000000000,"[2.9956183433532715, 2.775597333908081, 3.325650691986084, 3.325650691986084]","[2.3036556243896484, 2.2362446784973145, 2.20009446144104, 2.265657901763916]"
6266.0,2008-12-01T00:00:00.000000000,"[2.775597333908081, 3.325650691986084, 3.325650691986084, 3.479665517807007]","[2.427339553833008, 2.3522510528564453, 2.3312864303588867, 2.3986921310424805]"
6266.0,2009-03-01T00:00:00.000000000,"[3.325650691986084, 3.325650691986084, 3.479665517807007, 3.127631425857544]","[2.505347490310669, 2.3832643032073975, 2.318171501159668, 2.4021012783050537]"
6266.0,2009-06-01T00:00:00.000000000,"[3.325650691986084, 3.479665517807007, 3.127631425857544, 3.831699848175049]","[2.555391788482666, 2.424687623977661, 2.3536903858184814, 2.4435150623321533]"
6266.0,2009-09-01T00:00:00.000000000,"[3.479665517807007, 3.127631425857544, 3.831699848175049, 3.919708251953125]","[2.5335886478424072, 2.4397032260894775, 2.386072874069214, 2.463139772415161]"
6266.0,2009-12-01T00:00:00.000000000,"[3.127631425857544, 3.831699848175049, 3.919708251953125, 3.8096976280212402]","[2.665160894393921, 2.5745835304260254, 2.5730652809143066, 2.6530065536499023]"
6266.0,2010-03-01T00:00:00.000000000,"[3.831699848175049, 3.919708251953125, 3.8096976280212402, 3.633680582046509]","[2.7226288318634033, 2.5753698348999023, 2.4978678226470947, 2.5973997116088867]"
6266.0,2010-06-01T00:00:00.000000000,"[3.919708251953125, 3.8096976280212402, 3.633680582046509, 3.919708251953125]","[2.776989221572876, 2.62496018409729, 2.5396761894226074, 2.6443593502044678]"
6266.0,2010-09-01T00:00:00.000000000,"[3.8096976280212402, 3.633680582046509, 3.919708251953125, 4.975811004638672]","[2.7946014404296875, 2.6787023544311523, 2.6170482635498047, 2.7100539207458496]"
6266.0,2010-12-01T00:00:00.000000000,"[3.633680582046509, 3.919708251953125, 4.975811004638672, 3.963712453842163]","[2.9427061080932617, 2.8211679458618164, 2.8094558715820312, 2.9096126556396484]"
6266.0,2011-03-01T00:00:00.000000000,"[3.919708251953125, 4.975811004638672, 3.963712453842163, 3.4356613159179688]","[3.013026475906372, 2.82791805267334, 2.731645345687866, 2.8548977375030518]"
6266.0,2011-06-01T00:00:00.000000000,"[4.975811004638672, 3.963712453842163, 3.4356613159179688, 4.359751224517822]","[3.041497230529785, 2.8664159774780273, 2.768028736114502, 2.888847589492798]"
6266.0,2011-09-01T00:00:00.000000000,"[3.963712453842163, 3.4356613159179688, 4.359751224517822, 2.973616361618042]","[3.0946907997131348, 2.95389723777771, 2.8795502185821533, 2.9936389923095703]"
6266.0,2011-12-01T00:00:00.000000000,"[3.4356613159179688, 4.359751224517822, 2.973616361618042, 4.139729976654053]","[3.2736315727233887, 3.108062505722046, 3.07376766204834, 3.20166015625]"
6266.0,2012-03-01T00:00:00.000000000,"[4.359751224517822, 2.973616361618042, 4.139729976654053, 3.3916571140289307]","[3.3128628730773926, 3.0973098278045654, 2.9846394062042236, 3.1282947063446045]"
6266.0,2012-06-01T00:00:00.000000000,"[2.973616361618042, 4.139729976654053, 3.3916571140289307, 4.9978132247924805]","[3.337024211883545, 3.1421399116516113, 3.0328919887542725, 3.169853925704956]"
6266.0,2012-09-01T00:00:00.000000000,"[4.139729976654053, 3.3916571140289307, 4.9978132247924805, 4.755789756774902]","[3.298001766204834, 3.147251844406128, 3.064929723739624, 3.1831839084625244]"
6266.0,2012-12-01T00:00:00.000000000,"[3.3916571140289307, 4.9978132247924805, 4.755789756774902, 5.019815444946289]","[3.4714832305908203, 3.305634021759033, 3.2741384506225586, 3.40232253074646]"
6266.0,2013-03-01T00:00:00.000000000,"[4.9978132247924805, 4.755789756774902, 5.019815444946289, 3.98571515083313]","[3.5015347003936768, 3.2806344032287598, 3.1625688076019287, 3.3081088066101074]"
6304.0,2005-12-01T00:00:00.000000000,"[1.0594303607940674, 0.33335965871810913, 0.7954046130180359, 1.147438883781433]","[1.1662102937698364, 1.0349669456481934, 0.9320945739746094, 1.0645653009414673]"
6304.0,2006-03-01T00:00:00.000000000,"[0.33335965871810913, 0.7954046130180359, 1.147438883781433, 1.477470874786377]","[1.227064847946167, 1.0664423704147339, 0.9531828165054321, 1.098069429397583]"
6304.0,2006-06-01T00:00:00.000000000,"[0.7954046130180359, 1.147438883781433, 1.477470874786377, 0.8614109754562378]","[1.1194857358932495, 1.01292884349823, 0.9259909391403198, 1.0425713062286377]"
6304.0,2007-03-01T00:00:00.000000000,"[1.147438883781433, 1.477470874786377, 0.8614109754562378, 1.5874814987182617]","[1.0599820613861084, 0.9671855568885803, 0.9050077795982361, 1.0055632591247559]"
6304.0,2007-06-01T00:00:00.000000000,"[1.477470874786377, 0.8614109754562378, 1.5874814987182617, 1.8295050859451294]","[0.9740349650382996, 0.845076858997345, 0.8773787617683411, 0.9200716614723206]"
6304.0,2007-09-01T00:00:00.000000000,"[0.8614109754562378, 1.5874814987182617, 1.8295050859451294, 3.1936378479003906]","[1.108140468597412, 0.9473119974136353, 0.990493893623352, 1.0121885538101196]"
6304.0,2007-12-01T00:00:00.000000000,"[1.5874814987182617, 1.8295050859451294, 3.1936378479003906, 1.8515071868896484]","[1.0874745845794678, 0.9705539345741272, 0.9772995114326477, 1.0232664346694946]"
6304.0,2008-03-01T00:00:00.000000000,"[1.8295050859451294, 3.1936378479003906, 1.8515071868896484, 2.6435842514038086]","[1.2198868989944458, 1.1120460033416748, 1.0174527168273926, 1.1400457620620728]"
6304.0,2008-06-01T00:00:00.000000000,"[3.1936378479003906, 1.8515071868896484, 2.6435842514038086, 2.8636057376861572]","[1.3116497993469238, 1.1600035429000854, 1.049957036972046, 1.1916817426681519]"
6304.0,2008-09-01T00:00:00.000000000,"[1.8515071868896484, 2.6435842514038086, 2.8636057376861572, 2.9076099395751953]","[1.4915610551834106, 1.2643014192581177, 1.1330381631851196, 1.303948163986206]"
6304.0,2008-12-01T00:00:00.000000000,"[2.6435842514038086, 2.8636057376861572, 2.9076099395751953, 3.259644031524658]","[1.4953340291976929, 1.2786598205566406, 1.153231143951416, 1.31853449344635]"
6304.0,2009-03-01T00:00:00.000000000,"[2.8636057376861572, 2.9076099395751953, 3.259644031524658, 3.633680582046509]","[1.6475536823272705, 1.3724976778030396, 1.2246391773223877, 1.4162685871124268]"
6304.0,2009-06-01T00:00:00.000000000,"[2.9076099395751953, 3.259644031524658, 3.633680582046509, 3.7436912059783936]","[1.760002851486206, 1.4557198286056519, 1.2954102754592896, 1.5020136833190918]"
6304.0,2009-09-01T00:00:00.000000000,"[3.259644031524658, 3.633680582046509, 3.7436912059783936, 4.18373441696167]","[1.8172543048858643, 1.5107636451721191, 1.340378999710083, 1.5500330924987793]"
6304.0,2009-12-01T00:00:00.000000000,"[3.633680582046509, 3.7436912059783936, 4.18373441696167, 4.711785793304443]","[1.9278206825256348, 1.7365843057632446, 1.7400413751602173, 1.9104441404342651]"
6304.0,2010-03-01T00:00:00.000000000,"[3.7436912059783936, 4.18373441696167, 4.711785793304443, 4.667781352996826]","[2.071223020553589, 1.900331735610962, 1.9411075115203857, 2.1040408611297607]"
6304.0,2010-06-01T00:00:00.000000000,"[4.18373441696167, 4.711785793304443, 4.667781352996826, 3.259644031524658]","[2.1585030555725098, 1.932671070098877, 1.8647319078445435, 2.0426886081695557]"
6304.0,2010-09-01T00:00:00.000000000,"[4.711785793304443, 4.667781352996826, 3.259644031524658, 3.21563982963562]","[2.298165798187256, 2.089524984359741, 2.048387289047241, 2.220526695251465]"
6304.0,2010-12-01T00:00:00.000000000,"[4.667781352996826, 3.259644031524658, 3.21563982963562, 4.755789756774902]","[2.4061336517333984, 2.2499921321868896, 2.2578697204589844, 2.4131946563720703]"
6304.0,2011-03-01T00:00:00.000000000,"[3.259644031524658, 3.21563982963562, 4.755789756774902, 5.151828289031982]","[2.4429996013641357, 2.2287378311157227, 2.087458848953247, 2.2634263038635254]"
6304.0,2011-06-01T00:00:00.000000000,"[3.21563982963562, 4.755789756774902, 5.151828289031982, 4.733787536621094]","[2.452877998352051, 2.2887649536132812, 2.168592691421509, 2.328634023666382]"
6304.0,2011-09-01T00:00:00.000000000,"[4.755789756774902, 5.151828289031982, 4.733787536621094, 5.305843353271484]","[2.518348455429077, 2.362154483795166, 2.2353761196136475, 2.398733139038086]"
6304.0,2011-12-01T00:00:00.000000000,"[5.151828289031982, 4.733787536621094, 5.305843353271484, 5.965907573699951]","[2.658449172973633, 2.4707608222961426, 2.3349738121032715, 2.5133652687072754]"
6304.0,2012-03-01T00:00:00.000000000,"[4.733787536621094, 5.305843353271484, 5.965907573699951, 6.427952289581299]","[2.951622724533081, 2.6484856605529785, 2.4778082370758057, 2.7016186714172363]"
6304.0,2012-06-01T00:00:00.000000000,"[5.305843353271484, 5.965907573699951, 6.427952289581299, 7.770082950592041]","[3.0888195037841797, 2.751565933227539, 2.564803123474121, 2.807629108428955]"
6304.0,2012-09-01T00:00:00.000000000,"[5.965907573699951, 6.427952289581299, 7.770082950592041, 9.0462064743042]","[3.0075509548187256, 2.763249397277832, 2.6059494018554688, 2.8157944679260254]"
6304.0,2012-12-01T00:00:00.000000000,"[6.427952289581299, 7.770082950592041, 9.0462064743042, 9.508252143859863]","[3.2776780128479004, 2.946125030517578, 2.7539384365081787, 3.0077898502349854]"
6304.0,2013-03-01T00:00:00.000000000,"[7.770082950592041, 9.0462064743042, 9.508252143859863, 11.598455429077148]","[3.7049717903137207, 3.2227487564086914, 2.9711742401123047, 3.2945425510406494]"
6565.0,2005-09-01T00:00:00.000000000,"[2.0495264530181885, 1.4114645719528198, 1.9175138473510742, 2.379558563232422]","[1.1809319257736206, 1.0276497602462769, 0.9123526811599731, 1.0656991004943848]"
6565.0,2005-12-01T00:00:00.000000000,"[1.4114645719528198, 1.9175138473510742, 2.379558563232422, 2.5995800495147705]","[1.3145859241485596, 1.1101057529449463, 0.9667250514030457, 1.1503686904907227]"
6565.0,2006-03-01T00:00:00.000000000,"[1.9175138473510742, 2.379558563232422, 2.5995800495147705, 3.3036487102508545]","[1.2870664596557617, 1.1133414506912231, 0.9821814298629761, 1.1511636972427368]"
6565.0,2006-06-01T00:00:00.000000000,"[2.379558563232422, 2.5995800495147705, 3.3036487102508545, 2.7535951137542725]","[1.318161964416504, 1.1540855169296265, 1.024463415145874, 1.191298007965088]"
6565.0,2006-09-01T00:00:00.000000000,"[2.5995800495147705, 3.3036487102508545, 2.7535951137542725, 1.8955113887786865]","[1.327454924583435, 1.1856878995895386, 1.071483850479126, 1.2242275476455688]"
6565.0,2006-12-01T00:00:00.000000000,"[3.3036487102508545, 2.7535951137542725, 1.8955113887786865, 3.259644031524658]","[1.3706884384155273, 1.1948180198669434, 1.149233341217041, 1.252802848815918]"
6565.0,2007-03-01T00:00:00.000000000,"[2.7535951137542725, 1.8955113887786865, 3.259644031524658, 3.281646251678467]","[1.5441468954086304, 1.3675153255462646, 1.2336865663528442, 1.4094734191894531]"
6565.0,2007-06-01T00:00:00.000000000,"[1.8955113887786865, 3.259644031524658, 3.281646251678467, 4.227738380432129]","[1.714700698852539, 1.4743499755859375, 1.3128398656845093, 1.5203843116760254]"
6565.0,2008-06-01T00:00:00.000000000,"[3.259644031524658, 3.281646251678467, 4.227738380432129, 5.459857940673828]","[1.7310580015182495, 1.489450454711914, 1.3269627094268799, 1.5356104373931885]"
6565.0,2008-09-01T00:00:00.000000000,"[3.281646251678467, 4.227738380432129, 5.459857940673828, 6.1419243812561035]","[1.7330886125564575, 1.5170841217041016, 1.359453797340393, 1.5623674392700195]"
6565.0,2008-12-01T00:00:00.000000000,"[4.227738380432129, 5.459857940673828, 6.1419243812561035, 6.911999702453613]","[1.9174165725708008, 1.6101856231689453, 1.4357022047042847, 1.6648818254470825]"
6565.0,2009-03-01T00:00:00.000000000,"[5.459857940673828, 6.1419243812561035, 6.911999702453613, 8.848188400268555]","[2.1906018257141113, 1.769474983215332, 1.549736738204956, 1.8321946859359741]"
6565.0,2009-06-01T00:00:00.000000000,"[6.1419243812561035, 6.911999702453613, 8.848188400268555, 9.838284492492676]","[2.4470691680908203, 1.9369590282440186, 1.6756092309951782, 2.005764961242676]"
6565.0,2009-09-01T00:00:00.000000000,"[6.911999702453613, 8.848188400268555, 9.838284492492676, 10.98239517211914]","[2.6800477504730225, 2.1225192546844482, 1.826419472694397, 2.188518524169922]"
6565.0,2009-12-01T00:00:00.000000000,"[8.848188400268555, 9.838284492492676, 10.98239517211914, 6.6919779777526855]","[2.9628872871398926, 2.496338367462158, 2.369084119796753, 2.7139573097229004]"
6565.0,2010-03-01T00:00:00.000000000,"[9.838284492492676, 10.98239517211914, 6.6919779777526855, 7.8140869140625]","[3.3015313148498535, 2.9113407135009766, 2.911222457885742, 3.2497925758361816]"
6565.0,2010-06-01T00:00:00.000000000,"[10.98239517211914, 6.6919779777526855, 7.8140869140625, 7.440051078796387]","[3.5778286457061768, 3.107778549194336, 2.934979200363159, 3.316868305206299]"
6565.0,2010-09-01T00:00:00.000000000,"[6.6919779777526855, 7.8140869140625, 7.440051078796387, 7.264033317565918]","[3.867506742477417, 3.3331401348114014, 2.9991631507873535, 3.4222264289855957]"
6565.0,2010-12-01T00:00:00.000000000,"[7.8140869140625, 7.440051078796387, 7.264033317565918, 6.295939922332764]","[4.005304336547852, 3.5232653617858887, 3.218865156173706, 3.623074769973755]"
6565.0,2011-03-01T00:00:00.000000000,"[7.440051078796387, 7.264033317565918, 6.295939922332764, 8.12211799621582]","[4.220754146575928, 3.7414755821228027, 3.4241580963134766, 3.842111110687256]"
6565.0,2011-06-01T00:00:00.000000000,"[7.264033317565918, 6.295939922332764, 8.12211799621582, 8.056110382080078]","[4.497295379638672, 3.951969861984253, 3.613255023956299, 4.060735702514648]"
6565.0,2011-09-01T00:00:00.000000000,"[6.295939922332764, 8.12211799621582, 8.056110382080078, 9.816282272338867]","[4.904407501220703, 4.210391044616699, 3.822268486022949, 4.330080986022949]"
6565.0,2011-12-01T00:00:00.000000000,"[8.12211799621582, 8.056110382080078, 9.816282272338867, 11.7744722366333]","[5.129925727844238, 4.366995811462402, 3.9526634216308594, 4.490966320037842]"
6565.0,2012-03-01T00:00:00.000000000,"[8.056110382080078, 9.816282272338867, 11.7744722366333, 12.566550254821777]","[5.45326042175293, 4.589688777923584, 4.1344780921936035, 4.721113204956055]"
6565.0,2012-06-01T00:00:00.000000000,"[9.816282272338867, 11.7744722366333, 12.566550254821777, 15.778861045837402]","[5.655833721160889, 4.764255523681641, 4.289532661437988, 4.8927741050720215]"
6565.0,2012-09-01T00:00:00.000000000,"[11.7744722366333, 12.566550254821777, 15.778861045837402, 17.09899139404297]","[5.825337886810303, 4.976566314697266, 4.514491558074951, 5.108973026275635]"
6565.0,2012-12-01T00:00:00.000000000,"[12.566550254821777, 15.778861045837402, 17.09899139404297, 17.69304847717285]","[6.297891616821289, 5.418310642242432, 4.999841213226318, 5.624220848083496]"
6565.0,2013-03-01T00:00:00.000000000,"[15.778861045837402, 17.09899139404297, 17.69304847717285, 18.06708526611328]","[6.857599258422852, 5.885333061218262, 5.451023101806641, 6.128240585327148]"
7154.0,2006-06-01T00:00:00.000000000,"[2.379558563232422, 2.2915501594543457, 1.7855008840560913, 1.5214751958847046]","[1.9293770790100098, 1.7713268995285034, 1.7246599197387695, 1.844067096710205]"
7154.0,2006-09-01T00:00:00.000000000,"[2.2915501594543457, 1.7855008840560913, 1.5214751958847046, 2.1375350952148438]","[1.956815242767334, 1.8075461387634277, 1.7543107271194458, 1.8676955699920654]"
7154.0,2006-12-01T00:00:00.000000000,"[1.7855008840560913, 1.5214751958847046, 2.1375350952148438, 2.379558563232422]","[1.9984855651855469, 1.8896757364273071, 1.8929132223129272, 1.9906558990478516]"
7154.0,2007-03-01T00:00:00.000000000,"[1.5214751958847046, 2.1375350952148438, 2.379558563232422, 2.181539297103882]","[2.0369200706481934, 1.9055663347244263, 1.88138747215271, 1.9850579500198364]"
7154.0,2007-06-01T00:00:00.000000000,"[2.1375350952148438, 2.379558563232422, 2.181539297103882, 2.0055222511291504]","[2.0016403198242188, 1.8628264665603638, 1.7875486612319946, 1.8885986804962158]"
7154.0,2007-09-01T00:00:00.000000000,"[2.379558563232422, 2.181539297103882, 2.0055222511291504, 2.4895694255828857]","[2.0363612174987793, 1.8939170837402344, 1.8132743835449219, 1.9142814874649048]"
7154.0,2007-12-01T00:00:00.000000000,"[2.181539297103882, 2.0055222511291504, 2.4895694255828857, 2.8636057376861572]","[2.0632965564727783, 1.961659550666809, 1.9307479858398438, 2.0154542922973633]"
7154.0,2008-03-01T00:00:00.000000000,"[2.0055222511291504, 2.4895694255828857, 2.8636057376861572, 2.4455649852752686]","[2.1034882068634033, 2.003147840499878, 1.9770011901855469, 2.059119462966919]"
7154.0,2008-06-01T00:00:00.000000000,"[2.4895694255828857, 2.8636057376861572, 2.4455649852752686, 2.533573627471924]","[2.1129276752471924, 2.0172641277313232, 1.9833967685699463, 2.060053586959839]"
7154.0,2008-09-01T00:00:00.000000000,"[2.8636057376861572, 2.4455649852752686, 2.533573627471924, 3.1056292057037354]","[2.159724473953247, 2.05704402923584, 2.0153121948242188, 2.0929510593414307]"
7154.0,2008-12-01T00:00:00.000000000,"[2.4455649852752686, 2.533573627471924, 3.1056292057037354, 3.171635627746582]","[2.1953201293945312, 2.130952835083008, 2.136366128921509, 2.2001988887786865]"
7154.0,2009-03-01T00:00:00.000000000,"[2.533573627471924, 3.1056292057037354, 3.171635627746582, 3.0616250038146973]","[2.2285993099212646, 2.14465069770813, 2.1204679012298584, 2.189281702041626]"
7154.0,2009-06-01T00:00:00.000000000,"[3.1056292057037354, 3.171635627746582, 3.0616250038146973, 3.2376420497894287]","[2.269758701324463, 2.1577396392822266, 2.0950927734375, 2.172532320022583]"
7154.0,2009-09-01T00:00:00.000000000,"[3.171635627746582, 3.0616250038146973, 3.2376420497894287, 3.677685022354126]","[2.3359861373901367, 2.2147250175476074, 2.147623300552368, 2.2302324771881104]"
7154.0,2009-12-01T00:00:00.000000000,"[3.0616250038146973, 3.2376420497894287, 3.677685022354126, 3.919708251953125]","[2.3799877166748047, 2.3160784244537354, 2.328767776489258, 2.392404556274414]"
7154.0,2010-03-01T00:00:00.000000000,"[3.2376420497894287, 3.677685022354126, 3.919708251953125, 3.633680582046509]","[2.4268462657928467, 2.3635075092315674, 2.3760154247283936, 2.439342975616455]"
7154.0,2010-06-01T00:00:00.000000000,"[3.677685022354126, 3.919708251953125, 3.633680582046509, 3.21563982963562]","[2.5094125270843506, 2.3764166831970215, 2.303873062133789, 2.392824411392212]"
7154.0,2010-09-01T00:00:00.000000000,"[3.919708251953125, 3.633680582046509, 3.21563982963562, 3.8096976280212402]","[2.5885872840881348, 2.449610471725464, 2.3752875328063965, 2.4695115089416504]"
7154.0,2010-12-01T00:00:00.000000000,"[3.633680582046509, 3.21563982963562, 3.8096976280212402, 3.9417104721069336]","[2.606914520263672, 2.5087716579437256, 2.4616177082061768, 2.543839693069458]"
7154.0,2011-03-01T00:00:00.000000000,"[3.21563982963562, 3.8096976280212402, 3.9417104721069336, 3.633680582046509]","[2.685626983642578, 2.582819938659668, 2.542387008666992, 2.6288132667541504]"
7154.0,2011-06-01T00:00:00.000000000,"[3.8096976280212402, 3.9417104721069336, 3.633680582046509, 2.533573627471924]","[2.8038763999938965, 2.6380727291107178, 2.5516316890716553, 2.6627113819122314]"
7154.0,2011-09-01T00:00:00.000000000,"[3.9417104721069336, 3.633680582046509, 2.533573627471924, 0.7514004111289978]","[2.82285475730896, 2.6810381412506104, 2.601548433303833, 2.70463228225708]"
7154.0,2011-12-01T00:00:00.000000000,"[3.633680582046509, 2.533573627471924, 0.7514004111289978, 4.18373441696167]","[2.758546829223633, 2.662670135498047, 2.600919723510742, 2.6909420490264893]"
7154.0,2012-03-01T00:00:00.000000000,"[2.533573627471924, 0.7514004111289978, 4.18373441696167, 3.0396230220794678]","[2.843665599822998, 2.7482669353485107, 2.682651996612549, 2.770076036453247]"
7154.0,2012-06-01T00:00:00.000000000,"[0.7514004111289978, 4.18373441696167, 3.0396230220794678, 3.523669719696045]","[2.954566717147827, 2.805231809616089, 2.721813201904297, 2.8309762477874756]"
7154.0,2012-09-01T00:00:00.000000000,"[4.18373441696167, 3.0396230220794678, 3.523669719696045, 4.513765811920166]","[2.8710780143737793, 2.749575138092041, 2.668428421020508, 2.7754881381988525]"
7154.0,2012-12-01T00:00:00.000000000,"[3.0396230220794678, 3.523669719696045, 4.513765811920166, 5.371849536895752]","[2.9028191566467285, 2.7839927673339844, 2.705549478530884, 2.8140976428985596]"
7154.0,2013-03-01T00:00:00.000000000,"[3.523669719696045, 4.513765811920166, 5.371849536895752, 4.20573616027832]","[2.9293198585510254, 2.8161473274230957, 2.740103006362915, 2.842738151550293]"
7257.0,2006-06-01T00:00:00.000000000,"[1.1694409847259521, 1.279451608657837, 1.2134451866149902, 1.1694409847259521]","[1.2553460597991943, 1.2075064182281494, 1.199866771697998, 1.2405210733413696]"
7257.0,2006-09-01T00:00:00.000000000,"[1.279451608657837, 1.2134451866149902, 1.1694409847259521, 1.1914430856704712]","[1.2196080684661865, 1.1905701160430908, 1.1881054639816284, 1.220899224281311]"
7257.0,2006-12-01T00:00:00.000000000,"[1.2134451866149902, 1.1694409847259521, 1.1914430856704712, 1.4114645719528198]","[1.251354694366455, 1.200484037399292, 1.1705559492111206, 1.2100865840911865]"
7257.0,2007-03-01T00:00:00.000000000,"[1.1694409847259521, 1.1914430856704712, 1.4114645719528198, 1.3454581499099731]","[1.2747420072555542, 1.218613862991333, 1.1872104406356812, 1.2279703617095947]"
7257.0,2007-06-01T00:00:00.000000000,"[1.1914430856704712, 1.4114645719528198, 1.3454581499099731, 1.2574495077133179]","[1.2572095394134521, 1.2079840898513794, 1.1789608001708984, 1.2174131870269775]"
7257.0,2007-09-01T00:00:00.000000000,"[1.4114645719528198, 1.3454581499099731, 1.2574495077133179, 1.3454581499099731]","[1.1816033124923706, 1.161108136177063, 1.156404733657837, 1.1871694326400757]"
7257.0,2007-12-01T00:00:00.000000000,"[1.3454581499099731, 1.2574495077133179, 1.3454581499099731, 1.6534881591796875]","[1.2696458101272583, 1.2374581098556519, 1.2165191173553467, 1.2444332838058472]"
7257.0,2008-03-01T00:00:00.000000000,"[1.2574495077133179, 1.3454581499099731, 1.6534881591796875, 1.2574495077133179]","[1.3051304817199707, 1.2649487257003784, 1.2437527179718018, 1.2710810899734497]"
7257.0,2008-06-01T00:00:00.000000000,"[1.3454581499099731, 1.6534881591796875, 1.2574495077133179, 1.2354472875595093]","[1.2897539138793945, 1.2602137327194214, 1.2424441576004028, 1.2652207612991333]"
7257.0,2008-09-01T00:00:00.000000000,"[1.6534881591796875, 1.2574495077133179, 1.2354472875595093, 1.5214751958847046]","[1.2740468978881836, 1.254472017288208, 1.2413240671157837, 1.2605417966842651]"
7257.0,2008-12-01T00:00:00.000000000,"[1.2574495077133179, 1.2354472875595093, 1.5214751958847046, 1.7414965629577637]","[1.322493076324463, 1.2893682718276978, 1.2703653573989868, 1.295351266860962]"
7257.0,2009-03-01T00:00:00.000000000,"[1.2354472875595093, 1.5214751958847046, 1.7414965629577637, 1.455468773841858]","[1.3317842483520508, 1.2964930534362793, 1.2766878604888916, 1.3024380207061768]"
7257.0,2009-06-01T00:00:00.000000000,"[1.5214751958847046, 1.7414965629577637, 1.455468773841858, 1.6094835996627808]","[1.3346657752990723, 1.297290325164795, 1.2769194841384888, 1.303372859954834]"
7257.0,2009-09-01T00:00:00.000000000,"[1.7414965629577637, 1.455468773841858, 1.6094835996627808, 1.6314857006072998]","[1.350161075592041, 1.3094141483306885, 1.287590503692627, 1.3158323764801025]"
7257.0,2009-12-01T00:00:00.000000000,"[1.455468773841858, 1.6094835996627808, 1.6314857006072998, 1.9175138473510742]","[1.3514958620071411, 1.3207721710205078, 1.3006887435913086, 1.3257499933242798]"
7257.0,2010-03-01T00:00:00.000000000,"[1.6094835996627808, 1.6314857006072998, 1.9175138473510742, 1.5874814987182617]","[1.364768624305725, 1.330905795097351, 1.310813546180725, 1.3374322652816772]"
7257.0,2010-06-01T00:00:00.000000000,"[1.6314857006072998, 1.9175138473510742, 1.5874814987182617, 1.9835201501846313]","[1.3964208364486694, 1.3552056550979614, 1.332639455795288, 1.3620190620422363]"
7257.0,2010-09-01T00:00:00.000000000,"[1.9175138473510742, 1.5874814987182617, 1.9835201501846313, 2.1595370769500732]","[1.4102798700332642, 1.369526743888855, 1.3467695713043213, 1.3763198852539062]"
7257.0,2010-12-01T00:00:00.000000000,"[1.5874814987182617, 1.9835201501846313, 2.1595370769500732, 2.621582269668579]","[1.4347542524337769, 1.390195369720459, 1.3641473054885864, 1.3971502780914307]"
7257.0,2011-03-01T00:00:00.000000000,"[1.9835201501846313, 2.1595370769500732, 2.621582269668579, 1.8515071868896484]","[1.4588329792022705, 1.409427285194397, 1.3820356130599976, 1.4168286323547363]"
7257.0,2011-06-01T00:00:00.000000000,"[2.1595370769500732, 2.621582269668579, 1.8515071868896484, 2.5995800495147705]","[1.468299388885498, 1.429227590560913, 1.4049346446990967, 1.4370397329330444]"
7257.0,2011-09-01T00:00:00.000000000,"[2.621582269668579, 1.8515071868896484, 2.5995800495147705, 2.313552141189575]","[1.4999545812606812, 1.4599288702011108, 1.4331765174865723, 1.4685680866241455]"
7257.0,2011-12-01T00:00:00.000000000,"[1.8515071868896484, 2.5995800495147705, 2.313552141189575, 3.127631425857544]","[1.5765308141708374, 1.5191285610198975, 1.4807374477386475, 1.5304490327835083]"
7257.0,2012-03-01T00:00:00.000000000,"[2.5995800495147705, 2.313552141189575, 3.127631425857544, 2.2035415172576904]","[1.6019467115402222, 1.5397024154663086, 1.4998550415039062, 1.5515260696411133]"
7257.0,2012-06-01T00:00:00.000000000,"[2.313552141189575, 3.127631425857544, 2.2035415172576904, 2.379558563232422]","[1.6422425508499146, 1.5809016227722168, 1.5364794731140137, 1.5935088396072388]"
7257.0,2012-09-01T00:00:00.000000000,"[3.127631425857544, 2.2035415172576904, 2.379558563232422, 2.181539297103882]","[1.7087347507476807, 1.6236340999603271, 1.5718096494674683, 1.6385873556137085]"
7257.0,2012-12-01T00:00:00.000000000,"[2.2035415172576904, 2.379558563232422, 2.181539297103882, 3.1496336460113525]","[1.7837934494018555, 1.686691164970398, 1.6271804571151733, 1.7046149969100952]"
7257.0,2013-03-01T00:00:00.000000000,"[2.379558563232422, 2.181539297103882, 3.1496336460113525, 3.259644031524658]","[1.8488898277282715, 1.725956916809082, 1.659043788909912, 1.7459616661071777]"
7343.0,2006-06-01T00:00:00.000000000,"[1.0374282598495483, 1.103434681892395, 1.4334666728973389, 1.0814324617385864]","[-0.5352357029914856, -0.6606080532073975, -0.7285094261169434, -0.6270973682403564]"
7343.0,2006-09-01T00:00:00.000000000,"[1.103434681892395, 1.4334666728973389, 1.0814324617385864, 0.4873746931552887]","[-0.393971711397171, -0.5574647188186646, -0.6516188383102417, -0.5223171710968018]"
7343.0,2006-12-01T00:00:00.000000000,"[1.4334666728973389, 1.0814324617385864, 0.4873746931552887, 0.11333828419446945]","[-0.29991209506988525, -0.5097033381462097, -0.5892856121063232, -0.4635006785392761]"
7343.0,2007-03-01T00:00:00.000000000,"[1.0814324617385864, 0.4873746931552887, 0.11333828419446945, -0.1726895570755005]","[-0.18483707308769226, -0.39999836683273315, -0.5276098251342773, -0.36083367466926575]"
7343.0,2007-06-01T00:00:00.000000000,"[0.4873746931552887, 0.11333828419446945, -0.1726895570755005, -0.8107516169548035]","[-0.1419278085231781, -0.3447125554084778, -0.47890350222587585, -0.3073023855686188]"
7343.0,2007-09-01T00:00:00.000000000,"[0.11333828419446945, -0.1726895570755005, -0.8107516169548035, -0.8767580389976501]","[-0.08387082815170288, -0.30998995900154114, -0.4441690444946289, -0.2692408561706543]"
7343.0,2007-12-01T00:00:00.000000000,"[-0.1726895570755005, -0.8107516169548035, -0.8767580389976501, -0.8107516169548035]","[-0.054775118827819824, -0.2866729199886322, -0.4236585199832916, -0.24564319849014282]"
7343.0,2008-03-01T00:00:00.000000000,"[-0.8107516169548035, -0.8767580389976501, -0.8107516169548035, 0.003327556187286973]","[-0.025588512420654297, -0.27327677607536316, -0.4119146466255188, -0.23062404990196228]"
7343.0,2008-06-01T00:00:00.000000000,"[-0.8767580389976501, -0.8107516169548035, 0.003327556187286973, 1.279451608657837]","[0.009615838527679443, -0.2573932409286499, -0.40296709537506104, -0.21377348899841309]"
7343.0,2008-09-01T00:00:00.000000000,"[-0.8107516169548035, 0.003327556187286973, 1.279451608657837, 2.8636057376861572]","[-0.03676125407218933, -0.2666749358177185, -0.39936888217926025, -0.22661197185516357]"
7343.0,2008-12-01T00:00:00.000000000,"[0.003327556187286973, 1.279451608657837, 2.8636057376861572, 3.7436912059783936]","[-0.09361979365348816, -0.287742555141449, -0.4067200720310211, -0.2488875687122345]"
7343.0,2009-03-01T00:00:00.000000000,"[1.279451608657837, 2.8636057376861572, 3.7436912059783936, 4.689783573150635]","[0.03443107008934021, -0.21191644668579102, -0.3489644527435303, -0.16986262798309326]"
7343.0,2009-06-01T00:00:00.000000000,"[2.8636057376861572, 3.7436912059783936, 4.689783573150635, 5.503862380981445]","[0.24576640129089355, -0.07421717047691345, -0.23918774724006653, -0.02801734209060669]"
7343.0,2009-09-01T00:00:00.000000000,"[3.7436912059783936, 4.689783573150635, 5.503862380981445, 6.229933261871338]","[0.40814992785453796, 0.05999499559402466, -0.12815512716770172, 0.10290133953094482]"
7343.0,2009-12-01T00:00:00.000000000,"[4.689783573150635, 5.503862380981445, 6.229933261871338, 7.066014289855957]","[0.4863850176334381, 0.18920192122459412, 0.021988093852996826, 0.24428999423980713]"
7343.0,2010-03-01T00:00:00.000000000,"[5.503862380981445, 6.229933261871338, 7.066014289855957, 5.833894729614258]","[0.6924309730529785, 0.4336041808128357, 0.30846166610717773, 0.528653621673584]"
7343.0,2010-06-01T00:00:00.000000000,"[6.229933261871338, 7.066014289855957, 5.833894729614258, 3.0616250038146973]","[0.9171514511108398, 0.628449559211731, 0.4431716501712799, 0.6893181800842285]"
7343.0,2010-09-01T00:00:00.000000000,"[7.066014289855957, 5.833894729614258, 3.0616250038146973, 1.6094835996627808]","[1.2371528148651123, 0.9119695425033569, 0.6861981153488159, 0.9788221120834351]"
7343.0,2010-12-01T00:00:00.000000000,"[5.833894729614258, 3.0616250038146973, 1.6094835996627808, 0.5313789248466492]","[1.5876824855804443, 1.2045060396194458, 0.9353262186050415, 1.2804388999938965]"
7343.0,2011-03-01T00:00:00.000000000,"[3.0616250038146973, 1.6094835996627808, 0.5313789248466492, 0.35536178946495056]","[2.0215983390808105, 1.4768917560577393, 1.1686663627624512, 1.5707956552505493]"
7343.0,2011-06-01T00:00:00.000000000,"[1.6094835996627808, 0.5313789248466492, 0.35536178946495056, 0.2893553674221039]","[2.1628034114837646, 1.588782787322998, 1.2625815868377686, 1.6833791732788086]"
7343.0,2011-09-01T00:00:00.000000000,"[0.5313789248466492, 0.35536178946495056, 0.2893553674221039, 1.103434681892395]","[2.0784871578216553, 1.5538097620010376, 1.2534356117248535, 1.64683997631073]"
7343.0,2011-12-01T00:00:00.000000000,"[0.35536178946495056, 0.2893553674221039, 1.103434681892395, 1.6754902601242065]","[2.1057252883911133, 1.5743939876556396, 1.2724575996398926, 1.6673319339752197]"
7343.0,2012-03-01T00:00:00.000000000,"[0.2893553674221039, 1.103434681892395, 1.6754902601242065, 1.0154259204864502]","[2.175137758255005, 1.6142103672027588, 1.30227792263031, 1.7088947296142578]"
7343.0,2012-06-01T00:00:00.000000000,"[1.103434681892395, 1.6754902601242065, 1.0154259204864502, 1.455468773841858]","[2.205490827560425, 1.6409189701080322, 1.3280125856399536, 1.7351124286651611]"
7343.0,2012-09-01T00:00:00.000000000,"[1.6754902601242065, 1.0154259204864502, 1.455468773841858, 3.4356613159179688]","[2.2632880210876465, 1.6895549297332764, 1.374167561531067, 1.7840715646743774]"
7343.0,2012-12-01T00:00:00.000000000,"[1.0154259204864502, 1.455468773841858, 3.4356613159179688, 4.623776912689209]","[2.3254783153533936, 1.7578098773956299, 1.4453811645507812, 1.850757360458374]"
7343.0,2013-03-01T00:00:00.000000000,"[1.455468773841858, 3.4356613159179688, 4.623776912689209, 4.051721572875977]","[2.3182215690612793, 1.7877190113067627, 1.490114450454712, 1.8775157928466797]"
7435.0,2006-06-01T00:00:00.000000000,"[3.5016677379608154, 3.6556828022003174, 3.281646251678467, 3.5896763801574707]","[2.5840797424316406, 2.4520463943481445, 2.3874101638793945, 2.4817607402801514]"
7435.0,2006-09-01T00:00:00.000000000,"[3.6556828022003174, 3.281646251678467, 3.5896763801574707, 3.7436912059783936]","[2.6606695652008057, 2.5074570178985596, 2.42692232131958, 2.5316951274871826]"
7435.0,2006-12-01T00:00:00.000000000,"[3.281646251678467, 3.5896763801574707, 3.7436912059783936, 3.8096976280212402]","[2.7475686073303223, 2.6182472705841064, 2.590052366256714, 2.6893491744995117]"
7435.0,2007-03-01T00:00:00.000000000,"[3.5896763801574707, 3.7436912059783936, 3.8096976280212402, 2.9516141414642334]","[2.783066511154175, 2.6194143295288086, 2.5342721939086914, 2.6456220149993896]"
7435.0,2007-06-01T00:00:00.000000000,"[3.7436912059783936, 3.8096976280212402, 2.9516141414642334, 3.8096976280212402]","[2.8095576763153076, 2.6677603721618652, 2.597858190536499, 2.70190691947937]"
7435.0,2007-09-01T00:00:00.000000000,"[3.8096976280212402, 2.9516141414642334, 3.8096976280212402, 3.875704050064087]","[2.848893165588379, 2.707470655441284, 2.6239075660705566, 2.728137254714966]"
7435.0,2007-12-01T00:00:00.000000000,"[2.9516141414642334, 3.8096976280212402, 3.875704050064087, 4.029719352722168]","[2.939114570617676, 2.8134825229644775, 2.7751126289367676, 2.876659870147705]"
7435.0,2008-03-01T00:00:00.000000000,"[3.8096976280212402, 3.875704050064087, 4.029719352722168, 3.4356613159179688]","[2.9906439781188965, 2.818286418914795, 2.7247748374938965, 2.8426287174224854]"
7435.0,2008-06-01T00:00:00.000000000,"[3.875704050064087, 4.029719352722168, 3.4356613159179688, 4.051721572875977]","[3.034517288208008, 2.8641622066497803, 2.7687084674835205, 2.8871569633483887]"
7435.0,2008-09-01T00:00:00.000000000,"[4.029719352722168, 3.4356613159179688, 4.051721572875977, 4.2497406005859375]","[3.0379295349121094, 2.8965275287628174, 2.8099288940429688, 2.9174392223358154]"
7435.0,2008-12-01T00:00:00.000000000,"[3.4356613159179688, 4.051721572875977, 4.2497406005859375, 4.42575740814209]","[3.1295528411865234, 3.0197649002075195, 3.0013270378112793, 3.1004719734191895]"
7435.0,2009-03-01T00:00:00.000000000,"[4.051721572875977, 4.2497406005859375, 4.42575740814209, 3.919708251953125]","[3.2101080417633057, 3.0269577503204346, 2.928899049758911, 3.0554187297821045]"
7435.0,2009-06-01T00:00:00.000000000,"[4.2497406005859375, 4.42575740814209, 3.919708251953125, 4.7997941970825195]","[3.314849853515625, 3.0996594429016113, 2.9880714416503906, 3.1295223236083984]"
7435.0,2009-09-01T00:00:00.000000000,"[4.42575740814209, 3.919708251953125, 4.7997941970825195, 4.9978132247924805]","[3.3595964908599854, 3.1482670307159424, 3.0347065925598145, 3.1765639781951904]"
7435.0,2009-12-01T00:00:00.000000000,"[3.919708251953125, 4.7997941970825195, 4.9978132247924805, 4.975811004638672]","[3.4147956371307373, 3.3580007553100586, 3.4645891189575195, 3.5531203746795654]"
7435.0,2010-03-01T00:00:00.000000000,"[4.7997941970825195, 4.9978132247924805, 4.975811004638672, 4.381753444671631]","[3.479147434234619, 3.3546411991119385, 3.36279034614563, 3.47312331199646]"
7435.0,2010-06-01T00:00:00.000000000,"[4.9978132247924805, 4.975811004638672, 4.381753444671631, 4.20573616027832]","[3.56774640083313, 3.3933684825897217, 3.3225088119506836, 3.448528289794922]"
7435.0,2010-09-01T00:00:00.000000000,"[4.975811004638672, 4.381753444671631, 4.20573616027832, 4.139729976654053]","[3.6116812229156494, 3.4459691047668457, 3.357280731201172, 3.480708599090576]"
7435.0,2010-12-01T00:00:00.000000000,"[4.381753444671631, 4.20573616027832, 4.139729976654053, 4.975811004638672]","[3.7289412021636963, 3.617729663848877, 3.632323741912842, 3.7400777339935303]"
7435.0,2011-03-01T00:00:00.000000000,"[4.20573616027832, 4.139729976654053, 4.975811004638672, 4.029719352722168]","[3.8330941200256348, 3.6092312335968018, 3.4901328086853027, 3.6397669315338135]"
7435.0,2011-06-01T00:00:00.000000000,"[4.139729976654053, 4.975811004638672, 4.029719352722168, 4.051721572875977]","[3.8624496459960938, 3.650158405303955, 3.533996343612671, 3.6779708862304688]"
7435.0,2011-09-01T00:00:00.000000000,"[4.975811004638672, 4.029719352722168, 4.051721572875977, 3.21563982963562]","[3.813063144683838, 3.648602247238159, 3.5490915775299072, 3.6732585430145264]"
7435.0,2011-12-01T00:00:00.000000000,"[4.029719352722168, 4.051721572875977, 3.21563982963562, 4.645779132843018]","[3.981243848800659, 3.8547561168670654, 3.8702332973480225, 3.985492706298828]"
7435.0,2012-03-01T00:00:00.000000000,"[4.051721572875977, 3.21563982963562, 4.645779132843018, 4.535768508911133]","[4.042308807373047, 3.814730167388916, 3.692469358444214, 3.8420257568359375]"
7435.0,2012-06-01T00:00:00.000000000,"[3.21563982963562, 4.645779132843018, 4.535768508911133, 5.3938517570495605]","[4.0341572761535645, 3.846148729324341, 3.7495598793029785, 3.8816123008728027]"
7435.0,2012-09-01T00:00:00.000000000,"[4.645779132843018, 4.535768508911133, 5.3938517570495605, 4.9978132247924805]","[3.941058397293091, 3.7942698001861572, 3.704679250717163, 3.819704294204712]"
7435.0,2012-12-01T00:00:00.000000000,"[4.535768508911133, 5.3938517570495605, 4.9978132247924805, 4.689783573150635]","[4.0683794021606445, 3.942260265350342, 3.9184117317199707, 4.026580333709717]"
7435.0,2013-03-01T00:00:00.000000000,"[5.3938517570495605, 4.9978132247924805, 4.689783573150635, 4.381753444671631]","[4.203103065490723, 3.9816598892211914, 3.867478609085083, 4.010205268859863]"
7906.0,2006-06-01T00:00:00.000000000,"[0.15734252333641052, 0.4983757734298706, 0.11333828419446945, 0.27835431694984436]","[-0.05338606983423233, -0.09852848947048187, -0.1229681521654129, -0.0929112434387207]"
7906.0,2006-09-01T00:00:00.000000000,"[0.4983757734298706, 0.11333828419446945, 0.27835431694984436, 0.37736397981643677]","[-0.04233463108539581, -0.08534929156303406, -0.10906747728586197, -0.0796353667974472]"
7906.0,2006-12-01T00:00:00.000000000,"[0.11333828419446945, 0.27835431694984436, 0.37736397981643677, 0.7734025120735168]","[-0.00629454106092453, -0.03654072433710098, -0.035182684659957886, -0.007786266505718231]"
7906.0,2007-03-01T00:00:00.000000000,"[0.27835431694984436, 0.37736397981643677, 0.7734025120735168, 0.2893553674221039]","[0.013095848262310028, -0.03911491855978966, -0.0655597448348999, -0.030207782983779907]"
7906.0,2007-06-01T00:00:00.000000000,"[0.37736397981643677, 0.7734025120735168, 0.2893553674221039, 0.5093768239021301]","[0.03171384334564209, -0.02289348468184471, -0.05270950496196747, -0.01617513597011566]"
7906.0,2007-09-01T00:00:00.000000000,"[0.7734025120735168, 0.2893553674221039, 0.5093768239021301, 0.37736397981643677]","[0.04466250166296959, -0.005116846412420273, -0.033268705010414124, 0.001933511346578598]"
7906.0,2007-12-01T00:00:00.000000000,"[0.2893553674221039, 0.5093768239021301, 0.37736397981643677, 0.9054153561592102]","[0.06647582352161407, 0.032573968172073364, 0.02122054621577263, 0.05359019711613655]"
7906.0,2008-03-01T00:00:00.000000000,"[0.5093768239021301, 0.37736397981643677, 0.9054153561592102, 0.3993660807609558]","[0.1013890877366066, 0.04777465760707855, 0.016968946903944016, 0.056654371321201324]"
7906.0,2008-06-01T00:00:00.000000000,"[0.37736397981643677, 0.9054153561592102, 0.3993660807609558, 0.7954046130180359]","[0.15045583248138428, 0.0828508585691452, 0.047054555267095566, 0.09323391318321228]"
7906.0,2008-09-01T00:00:00.000000000,"[0.9054153561592102, 0.3993660807609558, 0.7954046130180359, 0.6193875670433044]","[0.14834648370742798, 0.09243009984493256, 0.060515888035297394, 0.10198535025119781]"
7906.0,2008-12-01T00:00:00.000000000,"[0.3993660807609558, 0.7954046130180359, 0.6193875670433044, 0.553381085395813]","[0.18806451559066772, 0.12978684902191162, 0.098729208111763, 0.14418086409568787]"
7906.0,2009-03-01T00:00:00.000000000,"[0.7954046130180359, 0.6193875670433044, 0.553381085395813, 0.3113575577735901]","[0.2326987385749817, 0.15616130828857422, 0.11512751877307892, 0.16797605156898499]"
7906.0,2009-06-01T00:00:00.000000000,"[0.6193875670433044, 0.553381085395813, 0.3113575577735901, 0.7954046130180359]","[0.2711280584335327, 0.18926529586315155, 0.14528964459896088, 0.2017795443534851]"
7906.0,2009-09-01T00:00:00.000000000,"[0.553381085395813, 0.3113575577735901, 0.7954046130180359, 0.8174067735671997]","[0.27851080894470215, 0.2058691829442978, 0.16441765427589417, 0.2174977958202362]"
7906.0,2009-12-01T00:00:00.000000000,"[0.3113575577735901, 0.7954046130180359, 0.8174067735671997, 0.7734025120735168]","[0.30455976724624634, 0.23415938019752502, 0.20082899928092957, 0.2537987530231476]"
7906.0,2010-03-01T00:00:00.000000000,"[0.7954046130180359, 0.8174067735671997, 0.7734025120735168, 0.44337034225463867]","[0.3293822705745697, 0.24689850211143494, 0.2024974822998047, 0.2596800923347473]"
7906.0,2010-06-01T00:00:00.000000000,"[0.8174067735671997, 0.7734025120735168, 0.44337034225463867, 0.7954046130180359]","[0.36594855785369873, 0.27641561627388, 0.22684341669082642, 0.2877379357814789]"
7906.0,2010-09-01T00:00:00.000000000,"[0.7734025120735168, 0.44337034225463867, 0.7954046130180359, 0.6633917689323425]","[0.3806934356689453, 0.29950249195098877, 0.2521652281284332, 0.31022170186042786]"
7906.0,2010-12-01T00:00:00.000000000,"[0.44337034225463867, 0.7954046130180359, 0.6633917689323425, 1.1914430856704712]","[0.4239405691623688, 0.3612290024757385, 0.3523026704788208, 0.4049396812915802]"
7906.0,2011-03-01T00:00:00.000000000,"[0.7954046130180359, 0.6633917689323425, 1.1914430856704712, 0.8394088745117188]","[0.4379686713218689, 0.34866833686828613, 0.2987513542175293, 0.3601025938987732]"
7906.0,2011-06-01T00:00:00.000000000,"[0.6633917689323425, 1.1914430856704712, 0.8394088745117188, 1.0154259204864502]","[0.47121700644493103, 0.3799947500228882, 0.33114007115364075, 0.3936655521392822]"
7906.0,2011-09-01T00:00:00.000000000,"[1.1914430856704712, 0.8394088745117188, 1.0154259204864502, -1.8228501081466675]","[0.47523319721221924, 0.3932008743286133, 0.34564802050590515, 0.4039806127548218]"
7906.0,2011-12-01T00:00:00.000000000,"[0.8394088745117188, 1.0154259204864502, -1.8228501081466675, 1.3894624710083008]","[0.5371373891830444, 0.4784412682056427, 0.4797913134098053, 0.5323849320411682]"
7906.0,2012-03-01T00:00:00.000000000,"[1.0154259204864502, -1.8228501081466675, 1.3894624710083008, 1.0154259204864502]","[0.5770198106765747, 0.4799228310585022, 0.433792382478714, 0.5005565285682678]"
7906.0,2012-06-01T00:00:00.000000000,"[-1.8228501081466675, 1.3894624710083008, 1.0154259204864502, 1.279451608657837]","[0.6215832233428955, 0.5268509984016418, 0.4917828440666199, 0.5585127472877502]"
7906.0,2012-09-01T00:00:00.000000000,"[1.3894624710083008, 1.0154259204864502, 1.279451608657837, 1.3454581499099731]","[0.5420427322387695, 0.4501774311065674, 0.3942182660102844, 0.47141021490097046]"
7906.0,2012-12-01T00:00:00.000000000,"[1.0154259204864502, 1.279451608657837, 1.3454581499099731, 1.8515071868896484]","[0.6070004105567932, 0.5070781111717224, 0.44575235247612, 0.5267863869667053]"
7906.0,2013-03-01T00:00:00.000000000,"[1.279451608657837, 1.3454581499099731, 1.8515071868896484, 1.125436782836914]","[0.7412577867507935, 0.5788806080818176, 0.49183714389801025, 0.5989065766334534]"
7977.0,2006-03-01T00:00:00.000000000,"[0.15734252333641052, 0.9054153561592102, 0.15734252333641052, 0.3113575577735901]","[0.15220221877098083, 0.13540560007095337, 0.12288373708724976, 0.16245783865451813]"
7977.0,2006-06-01T00:00:00.000000000,"[0.9054153561592102, 0.15734252333641052, 0.3113575577735901, 0.15734252333641052]","[0.32346296310424805, 0.2556009888648987, 0.21611429750919342, 0.2680988609790802]"
7977.0,2006-09-01T00:00:00.000000000,"[0.15734252333641052, 0.3113575577735901, 0.15734252333641052, 1.147438883781433]","[0.37226396799087524, 0.29655271768569946, 0.25307774543762207, 0.30953365564346313]"
7977.0,2006-12-01T00:00:00.000000000,"[0.3113575577735901, 0.15734252333641052, 1.147438883781433, 0.20134682953357697]","[0.319985032081604, 0.27067142724990845, 0.23715315759181976, 0.28248360753059387]"
7977.0,2007-03-01T00:00:00.000000000,"[0.15734252333641052, 1.147438883781433, 0.20134682953357697, 0.33335965871810913]","[0.1943025290966034, 0.18025685846805573, 0.16816343367099762, 0.2073456197977066]"
7977.0,2007-06-01T00:00:00.000000000,"[1.147438883781433, 0.20134682953357697, 0.33335965871810913, 0.15734252333641052]","[0.3770406246185303, 0.30333906412124634, 0.26155969500541687, 0.31635335087776184]"
7977.0,2007-09-01T00:00:00.000000000,"[0.20134682953357697, 0.33335965871810913, 0.15734252333641052, 1.279451608657837]","[0.418307363986969, 0.3450421690940857, 0.3005312383174896, 0.3580569922924042]"
7977.0,2007-12-01T00:00:00.000000000,"[0.33335965871810913, 0.15734252333641052, 1.279451608657837, 0.2893553674221039]","[0.3405474126338959, 0.29503554105758667, 0.26384806632995605, 0.3105587661266327]"
7977.0,2008-03-01T00:00:00.000000000,"[0.15734252333641052, 1.279451608657837, 0.2893553674221039, 0.33335965871810913]","[0.283064067363739, 0.2616834342479706, 0.24228551983833313, 0.2831464409828186]"
7977.0,2008-09-01T00:00:00.000000000,"[1.279451608657837, 0.2893553674221039, 0.33335965871810913, 0.2893553674221039]","[0.4186668395996094, 0.3517395257949829, 0.31137898564338684, 0.36432671546936035]"
7977.0,2008-12-01T00:00:00.000000000,"[0.2893553674221039, 0.33335965871810913, 0.2893553674221039, 1.4334666728973389]","[0.4266675114631653, 0.3774341344833374, 0.3378274440765381, 0.39034315943717957]"
7977.0,2009-03-01T00:00:00.000000000,"[0.33335965871810913, 0.2893553674221039, 1.4334666728973389, 0.2233489453792572]","[0.3330006003379822, 0.3065854609012604, 0.28298550844192505, 0.32851535081863403]"
7977.0,2009-06-01T00:00:00.000000000,"[0.2893553674221039, 1.4334666728973389, 0.2233489453792572, 0.553381085395813]","[0.4022024869918823, 0.3630256652832031, 0.33294087648391724, 0.3771466016769409]"
7977.0,2009-09-01T00:00:00.000000000,"[1.4334666728973389, 0.2233489453792572, 0.553381085395813, 0.44337034225463867]","[0.4950515031814575, 0.4123992621898651, 0.3650476634502411, 0.42634254693984985]"
7977.0,2009-12-01T00:00:00.000000000,"[0.2233489453792572, 0.553381085395813, 0.44337034225463867, 1.4114645719528198]","[0.5031196475028992, 0.4334930181503296, 0.38895514607429504, 0.4480564296245575]"
7977.0,2010-03-01T00:00:00.000000000,"[0.553381085395813, 0.44337034225463867, 1.4114645719528198, 0.2233489453792572]","[0.41741469502449036, 0.37387242913246155, 0.3440091907978058, 0.39689314365386963]"
7977.0,2010-06-01T00:00:00.000000000,"[0.44337034225463867, 1.4114645719528198, 0.2233489453792572, 0.6413896679878235]","[0.4738035500049591, 0.4231705367565155, 0.3874686658382416, 0.4392795264720917]"
7977.0,2010-09-01T00:00:00.000000000,"[1.4114645719528198, 0.2233489453792572, 0.6413896679878235, 0.3113575577735901]","[0.5610155463218689, 0.4767608642578125, 0.4271882176399231, 0.4915924370288849]"
7977.0,2010-12-01T00:00:00.000000000,"[0.2233489453792572, 0.6413896679878235, 0.3113575577735901, 1.5214751958847046]","[0.523617684841156, 0.4690156579017639, 0.4301827549934387, 0.48717162013053894]"
7977.0,2011-03-01T00:00:00.000000000,"[0.6413896679878235, 0.3113575577735901, 1.5214751958847046, 0.5313789248466492]","[0.41942402720451355, 0.3899196982383728, 0.36710578203201294, 0.4209086000919342]"
7977.0,2011-06-01T00:00:00.000000000,"[0.3113575577735901, 1.5214751958847046, 0.5313789248466492, 0.5313789248466492]","[0.5453437566757202, 0.48878514766693115, 0.44996368885040283, 0.5061222314834595]"
7977.0,2011-09-01T00:00:00.000000000,"[1.5214751958847046, 0.5313789248466492, 0.5313789248466492, 0.4873746931552887]","[0.599403977394104, 0.5152344107627869, 0.46643775701522827, 0.5347742438316345]"
7977.0,2011-12-01T00:00:00.000000000,"[0.5313789248466492, 0.5313789248466492, 0.4873746931552887, 1.8075029850006104]","[0.5629957914352417, 0.5067516565322876, 0.4686398506164551, 0.5289009809494019]"
7977.0,2012-03-01T00:00:00.000000000,"[0.5313789248466492, 0.4873746931552887, 1.8075029850006104, 0.4873746931552887]","[0.4777124524116516, 0.44808799028396606, 0.4250980019569397, 0.4808964729309082]"
7977.0,2012-06-01T00:00:00.000000000,"[0.4873746931552887, 1.8075029850006104, 0.4873746931552887, 0.7734025120735168]","[0.6143879890441895, 0.5541291832923889, 0.5129122734069824, 0.5716826319694519]"
7977.0,2012-09-01T00:00:00.000000000,"[1.8075029850006104, 0.4873746931552887, 0.7734025120735168, 0.575383186340332]","[0.6649535298347473, 0.5770842432975769, 0.5261664986610413, 0.5982195734977722]"
7977.0,2012-12-01T00:00:00.000000000,"[0.4873746931552887, 0.7734025120735168, 0.575383186340332, 1.7855008840560913]","[0.635428786277771, 0.5744645595550537, 0.5336426496505737, 0.5984344482421875]"
7977.0,2013-03-01T00:00:00.000000000,"[0.7734025120735168, 0.575383186340332, 1.7855008840560913, 0.575383186340332]","[0.540553629398346, 0.5105261206626892, 0.48591914772987366, 0.5451139211654663]"
8402.0,2006-06-01T00:00:00.000000000,"[0.17934469878673553, 0.33335965871810913, 0.33335965871810913, 0.3113575577735901]","[0.15075024962425232, 0.1316419541835785, 0.12517260015010834, 0.14017720520496368]"
8402.0,2006-09-01T00:00:00.000000000,"[0.33335965871810913, 0.33335965871810913, 0.3113575577735901, 0.26735323667526245]","[0.1556280106306076, 0.13493402302265167, 0.12462172657251358, 0.13960827887058258]"
8402.0,2006-12-01T00:00:00.000000000,"[0.33335965871810913, 0.3113575577735901, 0.26735323667526245, 0.44337034225463867]","[0.16497096419334412, 0.14869341254234314, 0.1437184363603592, 0.15732501447200775]"
8402.0,2007-03-01T00:00:00.000000000,"[0.3113575577735901, 0.26735323667526245, 0.44337034225463867, 0.44337034225463867]","[0.17030945420265198, 0.15576234459877014, 0.15000276267528534, 0.16299958527088165]"
8402.0,2007-06-01T00:00:00.000000000,"[0.26735323667526245, 0.44337034225463867, 0.44337034225463867, 0.2233489453792572]","[0.1850787252187729, 0.1643824577331543, 0.15319925546646118, 0.1686243861913681]"
8402.0,2007-09-01T00:00:00.000000000,"[0.44337034225463867, 0.44337034225463867, 0.2233489453792572, 0.37736397981643677]","[0.1942819356918335, 0.17202936112880707, 0.15976516902446747, 0.17574667930603027]"
8402.0,2007-12-01T00:00:00.000000000,"[0.44337034225463867, 0.2233489453792572, 0.37736397981643677, 0.6193875670433044]","[0.1988399177789688, 0.1807459443807602, 0.16928838193416595, 0.18441471457481384]"
8402.0,2008-03-01T00:00:00.000000000,"[0.2233489453792572, 0.37736397981643677, 0.6193875670433044, 0.5313789248466492]","[0.2047942876815796, 0.1900274157524109, 0.17861798405647278, 0.19363243877887726]"
8402.0,2008-06-01T00:00:00.000000000,"[0.37736397981643677, 0.6193875670433044, 0.5313789248466492, 0.5093768239021301]","[0.21303285658359528, 0.19529806077480316, 0.18338671326637268, 0.19928085803985596]"
8402.0,2008-09-01T00:00:00.000000000,"[0.6193875670433044, 0.5313789248466492, 0.5093768239021301, 0.4873746931552887]","[0.22348278760910034, 0.205005943775177, 0.1922539919614792, 0.2089487612247467]"
8402.0,2008-12-01T00:00:00.000000000,"[0.5313789248466492, 0.5093768239021301, 0.4873746931552887, 0.6633917689323425]","[0.2571486830711365, 0.22682419419288635, 0.2091905176639557, 0.23215033113956451]"
8402.0,2009-03-01T00:00:00.000000000,"[0.5093768239021301, 0.4873746931552887, 0.6633917689323425, 0.5973852872848511]","[0.2687453329563141, 0.23768699169158936, 0.21947038173675537, 0.24340792000293732]"
8402.0,2009-06-01T00:00:00.000000000,"[0.4873746931552887, 0.6633917689323425, 0.5973852872848511, 0.6853939294815063]","[0.29185572266578674, 0.25342774391174316, 0.232382133603096, 0.2597960829734802]"
8402.0,2009-09-01T00:00:00.000000000,"[0.6633917689323425, 0.5973852872848511, 0.6853939294815063, 0.6413896679878235]","[0.3144022226333618, 0.2690001428127289, 0.24513670802116394, 0.27586933970451355]"
8402.0,2009-12-01T00:00:00.000000000,"[0.5973852872848511, 0.6853939294815063, 0.6413896679878235, 0.7734025120735168]","[0.3394433557987213, 0.2877243757247925, 0.26081472635269165, 0.29532554745674133]"
8402.0,2010-03-01T00:00:00.000000000,"[0.6853939294815063, 0.6413896679878235, 0.7734025120735168, 0.7293981313705444]","[0.3417227268218994, 0.29546746611595154, 0.2690593898296356, 0.301880806684494]"
8402.0,2010-06-01T00:00:00.000000000,"[0.6413896679878235, 0.7734025120735168, 0.7293981313705444, 1.2574495077133179]","[0.37184974551200867, 0.3276045322418213, 0.3118475675582886, 0.3452550172805786]"
8402.0,2010-09-01T00:00:00.000000000,"[0.7734025120735168, 0.7293981313705444, 1.2574495077133179, 0.6853939294815063]","[0.39957600831985474, 0.3401126265525818, 0.3081358075141907, 0.3476662039756775]"
8402.0,2010-12-01T00:00:00.000000000,"[0.7293981313705444, 1.2574495077133179, 0.6853939294815063, 0.8614109754562378]","[0.4180692136287689, 0.3598743677139282, 0.3274443745613098, 0.3672632575035095]"
8402.0,2011-03-01T00:00:00.000000000,"[1.2574495077133179, 0.6853939294815063, 0.8614109754562378, 0.8394088745117188]","[0.4263332486152649, 0.380344957113266, 0.35798391699790955, 0.3935042917728424]"
8402.0,2011-06-01T00:00:00.000000000,"[0.6853939294815063, 0.8614109754562378, 0.8394088745117188, 1.4334666728973389]","[0.5001712441444397, 0.4373011589050293, 0.4123991131782532, 0.45860546827316284]"
8402.0,2011-09-01T00:00:00.000000000,"[0.8614109754562378, 0.8394088745117188, 1.4334666728973389, 0.6413896679878235]","[0.528674304485321, 0.4502164423465729, 0.4087159335613251, 0.4607311189174652]"
8402.0,2011-12-01T00:00:00.000000000,"[0.8394088745117188, 1.4334666728973389, 0.6413896679878235, 0.6853939294815063]","[0.5360394716262817, 0.4656223654747009, 0.4258729815483093, 0.4749937057495117]"
8402.0,2012-03-01T00:00:00.000000000,"[1.4334666728973389, 0.6413896679878235, 0.6853939294815063, 0.9054153561592102]","[0.5330947041511536, 0.4761934280395508, 0.4415855407714844, 0.48554515838623047]"
8402.0,2012-06-01T00:00:00.000000000,"[0.6413896679878235, 0.6853939294815063, 0.9054153561592102, 1.4114645719528198]","[0.6299915909767151, 0.5477138757705688, 0.5097633004188538, 0.5677936673164368]"
8402.0,2012-09-01T00:00:00.000000000,"[0.6853939294815063, 0.9054153561592102, 1.4114645719528198, 0.8834132552146912]","[0.6512030363082886, 0.5598959922790527, 0.5119118690490723, 0.5728016495704651]"
8402.0,2012-12-01T00:00:00.000000000,"[0.9054153561592102, 1.4114645719528198, 0.8834132552146912, 1.2574495077133179]","[0.6425207853317261, 0.5633286833763123, 0.5185544490814209, 0.5741473436355591]"
8402.0,2013-03-01T00:00:00.000000000,"[1.4114645719528198, 0.8834132552146912, 1.2574495077133179, 1.301453948020935]","[0.644297182559967, 0.576216459274292, 0.5353022217750549, 0.5864347219467163]"
8479.0,2006-06-01T00:00:00.000000000,"[2.2035415172576904, 2.2915501594543457, 1.7634987831115723, 1.125436782836914]","[1.6067076921463013, 1.4854788780212402, 1.4203325510025024, 1.5044430494308472]"
8479.0,2006-09-01T00:00:00.000000000,"[2.2915501594543457, 1.7634987831115723, 1.125436782836914, 2.2035415172576904]","[1.6357253789901733, 1.5206979513168335, 1.456666350364685, 1.5388894081115723]"
8479.0,2006-12-01T00:00:00.000000000,"[1.7634987831115723, 1.125436782836914, 2.2035415172576904, 2.269547939300537]","[1.5870450735092163, 1.5169901847839355, 1.4822590351104736, 1.549858570098877]"
8479.0,2007-03-01T00:00:00.000000000,"[1.125436782836914, 2.2035415172576904, 2.269547939300537, 1.6314857006072998]","[1.6551012992858887, 1.570737361907959, 1.524101972579956, 1.594457983970642]"
8479.0,2007-06-01T00:00:00.000000000,"[2.2035415172576904, 2.269547939300537, 1.6314857006072998, 1.2574495077133179]","[1.7189161777496338, 1.5997816324234009, 1.5354673862457275, 1.6186552047729492]"
8479.0,2007-09-01T00:00:00.000000000,"[2.269547939300537, 1.6314857006072998, 1.2574495077133179, 2.269547939300537]","[1.725144386291504, 1.621897578239441, 1.562669277191162, 1.6398515701293945]"
8479.0,2007-12-01T00:00:00.000000000,"[1.6314857006072998, 1.2574495077133179, 2.269547939300537, 2.379558563232422]","[1.6276869773864746, 1.5637160539627075, 1.521716833114624, 1.5884246826171875]"
8479.0,2008-03-01T00:00:00.000000000,"[1.2574495077133179, 2.269547939300537, 2.379558563232422, 1.9395159482955933]","[1.7062480449676514, 1.6411700248718262, 1.5950703620910645, 1.656482219696045]"
8479.0,2008-06-01T00:00:00.000000000,"[2.269547939300537, 2.379558563232422, 1.9395159482955933, 1.3674603700637817]","[1.7845180034637451, 1.6835017204284668, 1.625867247581482, 1.7007734775543213]"
8479.0,2008-09-01T00:00:00.000000000,"[2.379558563232422, 1.9395159482955933, 1.3674603700637817, 2.4675674438476562]","[1.7984687089920044, 1.7025858163833618, 1.6464215517044067, 1.72064208984375]"
8479.0,2008-12-01T00:00:00.000000000,"[1.9395159482955933, 1.3674603700637817, 2.4675674438476562, 2.5555758476257324]","[1.6944066286087036, 1.6377614736557007, 1.6015137434005737, 1.6664581298828125]"
8479.0,2009-03-01T00:00:00.000000000,"[1.3674603700637817, 2.4675674438476562, 2.5555758476257324, 2.181539297103882]","[1.7743892669677734, 1.7194892168045044, 1.6777784824371338, 1.7358695268630981]"
8479.0,2009-06-01T00:00:00.000000000,"[2.4675674438476562, 2.5555758476257324, 2.181539297103882, 1.4114645719528198]","[1.857414722442627, 1.7647714614868164, 1.7101988792419434, 1.7822142839431763]"
8479.0,2009-09-01T00:00:00.000000000,"[2.5555758476257324, 2.181539297103882, 1.4114645719528198, 2.8416035175323486]","[1.8989638090133667, 1.7980350255966187, 1.7393258810043335, 1.8163042068481445]"
8479.0,2009-12-01T00:00:00.000000000,"[2.181539297103882, 1.4114645719528198, 2.8416035175323486, 2.7975993156433105]","[1.8162956237792969, 1.749548316001892, 1.7064151763916016, 1.7751775979995728]"
8479.0,2010-03-01T00:00:00.000000000,"[1.4114645719528198, 2.8416035175323486, 2.7975993156433105, 2.577577829360962]","[1.871896743774414, 1.8116191625595093, 1.7650444507598877, 1.826846957206726]"
8479.0,2010-06-01T00:00:00.000000000,"[2.8416035175323486, 2.7975993156433105, 2.577577829360962, 1.4334666728973389]","[1.9699163436889648, 1.8677982091903687, 1.8085994720458984, 1.8857853412628174]"
8479.0,2010-09-01T00:00:00.000000000,"[2.7975993156433105, 2.577577829360962, 1.4334666728973389, 2.6875884532928467]","[2.018772840499878, 1.910354733467102, 1.8472918272018433, 1.929669976234436]"
8479.0,2010-12-01T00:00:00.000000000,"[2.577577829360962, 1.4334666728973389, 2.6875884532928467, 2.7315926551818848]","[1.9156105518341064, 1.850459098815918, 1.8085005283355713, 1.8813199996948242]"
8479.0,2011-03-01T00:00:00.000000000,"[1.4334666728973389, 2.6875884532928467, 2.7315926551818848, 2.4895694255828857]","[1.908618450164795, 1.8662711381912231, 1.832425832748413, 1.8956682682037354]"
8479.0,2011-06-01T00:00:00.000000000,"[2.6875884532928467, 2.7315926551818848, 2.4895694255828857, 1.6534881591796875]","[2.0478010177612305, 1.9579623937606812, 1.9036798477172852, 1.9811410903930664]"
8479.0,2011-09-01T00:00:00.000000000,"[2.7315926551818848, 2.4895694255828857, 1.6534881591796875, 2.2035415172576904]","[2.0922374725341797, 1.9937708377838135, 1.9344525337219238, 2.0176241397857666]"
8479.0,2011-12-01T00:00:00.000000000,"[2.4895694255828857, 1.6534881591796875, 2.2035415172576904, 2.9516141414642334]","[2.016245126724243, 1.9478356838226318, 1.9034242630004883, 1.9807642698287964]"
8479.0,2012-03-01T00:00:00.000000000,"[1.6534881591796875, 2.2035415172576904, 2.9516141414642334, 2.533573627471924]","[1.9949724674224854, 1.9506829977035522, 1.9164642095565796, 1.9828392267227173]"
8479.0,2012-06-01T00:00:00.000000000,"[2.2035415172576904, 2.9516141414642334, 2.533573627471924, 1.9615180492401123]","[2.129225969314575, 2.0371196269989014, 1.9834314584732056, 2.0643744468688965]"
8479.0,2012-09-01T00:00:00.000000000,"[2.9516141414642334, 2.533573627471924, 1.9615180492401123, 3.083627223968506]","[2.1443028450012207, 2.047640562057495, 1.9917067289352417, 2.075136184692383]"
8479.0,2012-12-01T00:00:00.000000000,"[2.533573627471924, 1.9615180492401123, 3.083627223968506, 3.2376420497894287]","[2.1301517486572266, 2.049379348754883, 1.9986531734466553, 2.078423500061035]"
8479.0,2013-03-01T00:00:00.000000000,"[1.9615180492401123, 3.083627223968506, 3.2376420497894287, 2.665586471557617]","[2.123779535293579, 2.0598392486572266, 2.011263608932495, 2.082650661468506]"
8539.0,2006-06-01T00:00:00.000000000,"[0.42136821150779724, 1.0154259204864502, 0.35536178946495056, 0.8614109754562378]","[1.326811671257019, 1.290000081062317, 1.2597293853759766, 1.3162611722946167]"
8539.0,2006-09-01T00:00:00.000000000,"[1.0154259204864502, 0.35536178946495056, 0.8614109754562378, 0.5973852872848511]","[1.247267246246338, 1.1870251893997192, 1.2097625732421875, 1.2372387647628784]"
8539.0,2006-12-01T00:00:00.000000000,"[0.35536178946495056, 0.8614109754562378, 0.5973852872848511, 1.125436782836914]","[1.1872972249984741, 1.1717913150787354, 1.164864420890808, 1.2148991823196411]"
8539.0,2007-03-01T00:00:00.000000000,"[0.8614109754562378, 0.5973852872848511, 1.125436782836914, 0.13534040749073029]","[1.1219048500061035, 1.086432695388794, 1.1345936059951782, 1.1486530303955078]"
8539.0,2007-06-01T00:00:00.000000000,"[0.5973852872848511, 1.125436782836914, 0.13534040749073029, 0.7954046130180359]","[1.1360373497009277, 1.1034221649169922, 1.1431547403335571, 1.1625323295593262]"
8539.0,2007-09-01T00:00:00.000000000,"[1.125436782836914, 0.13534040749073029, 0.7954046130180359, 0.7293981313705444]","[1.1195093393325806, 1.047889232635498, 1.1427310705184937, 1.1226460933685303]"
8539.0,2007-12-01T00:00:00.000000000,"[0.13534040749073029, 0.7954046130180359, 0.7293981313705444, 1.301453948020935]","[1.1324809789657593, 1.0939478874206543, 1.1278096437454224, 1.1507855653762817]"
8539.0,2008-03-01T00:00:00.000000000,"[0.7954046130180359, 0.7293981313705444, 1.301453948020935, 0.26735323667526245]","[1.0443639755249023, 0.9758813381195068, 1.0704575777053833, 1.0602443218231201]"
8539.0,2008-06-01T00:00:00.000000000,"[0.7293981313705444, 1.301453948020935, 0.26735323667526245, 0.7293981313705444]","[1.0507116317749023, 1.0194048881530762, 1.051009178161621, 1.082877278327942]"
8539.0,2008-09-01T00:00:00.000000000,"[1.301453948020935, 0.26735323667526245, 0.7293981313705444, 0.4873746931552887]","[1.0997586250305176, 1.0278472900390625, 1.074380874633789, 1.092077374458313]"
8539.0,2008-12-01T00:00:00.000000000,"[0.26735323667526245, 0.7293981313705444, 0.4873746931552887, 1.1694409847259521]","[1.0650321245193481, 1.0057642459869385, 1.0558663606643677, 1.067274808883667]"
8539.0,2009-03-01T00:00:00.000000000,"[0.7293981313705444, 0.4873746931552887, 1.1694409847259521, 0.5093768239021301]","[0.9699794054031372, 0.8996973633766174, 0.9899664521217346, 0.9788198471069336]"
8539.0,2009-06-01T00:00:00.000000000,"[0.4873746931552887, 1.1694409847259521, 0.5093768239021301, 1.4114645719528198]","[0.9548672437667847, 0.905802845954895, 0.9649623036384583, 0.9764155745506287]"
8539.0,2009-09-01T00:00:00.000000000,"[1.1694409847259521, 0.5093768239021301, 1.4114645719528198, 0.8614109754562378]","[0.999269962310791, 0.9226871132850647, 0.9778231382369995, 0.9869263768196106]"
8539.0,2009-12-01T00:00:00.000000000,"[0.5093768239021301, 1.4114645719528198, 0.8614109754562378, 1.2354472875595093]","[0.9955370426177979, 0.9402115345001221, 0.9639896154403687, 0.9936390519142151]"
8539.0,2010-03-01T00:00:00.000000000,"[1.4114645719528198, 0.8614109754562378, 1.2354472875595093, 0.575383186340332]","[0.9075627326965332, 0.8457158207893372, 0.9033675789833069, 0.9133936166763306]"
8539.0,2010-06-01T00:00:00.000000000,"[0.8614109754562378, 1.2354472875595093, 0.575383186340332, 1.2134451866149902]","[0.9469903111457825, 0.9060130715370178, 0.9163454174995422, 0.9530649185180664]"
8539.0,2010-09-01T00:00:00.000000000,"[1.2354472875595093, 0.575383186340332, 1.2134451866149902, 0.6193875670433044]","[0.975618302822113, 0.8992698192596436, 0.9370030164718628, 0.9493801593780518]"
8539.0,2010-12-01T00:00:00.000000000,"[0.575383186340332, 1.2134451866149902, 0.6193875670433044, 1.323456048965454]","[0.9556599855422974, 0.8968683481216431, 0.9242884516716003, 0.9429103136062622]"
8539.0,2011-03-01T00:00:00.000000000,"[1.2134451866149902, 0.6193875670433044, 1.323456048965454, 1.125436782836914]","[0.9381860494613647, 0.8772562742233276, 0.9022666215896606, 0.9235988259315491]"
8539.0,2011-06-01T00:00:00.000000000,"[0.6193875670433044, 1.323456048965454, 1.125436782836914, 1.2134451866149902]","[0.9132095575332642, 0.8771878480911255, 0.8746828436851501, 0.9172094464302063]"
8539.0,2011-09-01T00:00:00.000000000,"[1.323456048965454, 1.125436782836914, 1.2134451866149902, 0.5093768239021301]","[0.9391129016876221, 0.8750883340835571, 0.8846201300621033, 0.9152858257293701]"
8539.0,2011-12-01T00:00:00.000000000,"[1.125436782836914, 1.2134451866149902, 0.5093768239021301, 1.5874814987182617]","[0.9096056222915649, 0.8634217381477356, 0.8662136197090149, 0.899389386177063]"
8539.0,2012-03-01T00:00:00.000000000,"[1.2134451866149902, 0.5093768239021301, 1.5874814987182617, 0.9714217185974121]","[0.9912301301956177, 0.9435054659843445, 0.9069644212722778, 0.9608718156814575]"
8539.0,2012-06-01T00:00:00.000000000,"[0.5093768239021301, 1.5874814987182617, 0.9714217185974121, -0.8327537775039673]","[0.9063891172409058, 0.873918890953064, 0.8469632863998413, 0.8981159925460815]"
8539.0,2012-09-01T00:00:00.000000000,"[1.5874814987182617, 0.9714217185974121, -0.8327537775039673, 1.2574495077133179]","[0.9446761608123779, 0.8908336758613586, 0.8524646162986755, 0.9083996415138245]"
8539.0,2012-12-01T00:00:00.000000000,"[0.9714217185974121, -0.8327537775039673, 1.2574495077133179, 1.6974923610687256]","[0.9316399097442627, 0.8926666975021362, 0.8580794930458069, 0.9049258232116699]"
8539.0,2013-03-01T00:00:00.000000000,"[-0.8327537775039673, 1.2574495077133179, 1.6974923610687256, 1.279451608657837]","[0.9625014066696167, 0.9070701599121094, 0.8669412732124329, 0.9187796115875244]"
8762.0,2006-06-01T00:00:00.000000000,"[1.3894624710083008, 1.6534881591796875, 1.6314857006072998, 1.323456048965454]","[1.5702743530273438, 1.4576756954193115, 1.3908542394638062, 1.4738531112670898]"
8762.0,2006-09-01T00:00:00.000000000,"[1.6534881591796875, 1.6314857006072998, 1.323456048965454, 1.499472975730896]","[1.6218161582946777, 1.496140718460083, 1.4287687540054321, 1.5158417224884033]"
8762.0,2006-12-01T00:00:00.000000000,"[1.6314857006072998, 1.323456048965454, 1.499472975730896, 1.455468773841858]","[1.6237232685089111, 1.5075721740722656, 1.4426876306533813, 1.5254402160644531]"
8762.0,2007-03-01T00:00:00.000000000,"[1.323456048965454, 1.499472975730896, 1.455468773841858, 1.5874814987182617]","[1.5385487079620361, 1.4680960178375244, 1.4241901636123657, 1.4899791479110718]"
8762.0,2007-06-01T00:00:00.000000000,"[1.499472975730896, 1.455468773841858, 1.5874814987182617, 1.1914430856704712]","[1.5740094184875488, 1.50679612159729, 1.461586356163025, 1.5226341485977173]"
8762.0,2007-09-01T00:00:00.000000000,"[1.455468773841858, 1.5874814987182617, 1.1914430856704712, 1.0374282598495483]","[1.656640887260437, 1.5575677156448364, 1.5021674633026123, 1.5742180347442627]"
8762.0,2007-12-01T00:00:00.000000000,"[1.5874814987182617, 1.1914430856704712, 1.0374282598495483, 1.5654793977737427]","[1.6471805572509766, 1.560147762298584, 1.5091915130615234, 1.5759028196334839]"
8762.0,2008-03-01T00:00:00.000000000,"[1.1914430856704712, 1.0374282598495483, 1.5654793977737427, 1.6754902601242065]","[1.5165544748306274, 1.4745243787765503, 1.4478123188018799, 1.50202476978302]"
8762.0,2008-06-01T00:00:00.000000000,"[1.0374282598495483, 1.5654793977737427, 1.6754902601242065, 1.4114645719528198]","[1.5212678909301758, 1.4898451566696167, 1.4621500968933105, 1.5131057500839233]"
8762.0,2008-09-01T00:00:00.000000000,"[1.5654793977737427, 1.6754902601242065, 1.4114645719528198, 1.1694409847259521]","[1.5610284805297852, 1.515608549118042, 1.4849607944488525, 1.537247657775879]"
8762.0,2008-12-01T00:00:00.000000000,"[1.6754902601242065, 1.4114645719528198, 1.1694409847259521, 1.6974923610687256]","[1.5647064447402954, 1.518198013305664, 1.486901879310608, 1.5410031080245972]"
8762.0,2009-03-01T00:00:00.000000000,"[1.4114645719528198, 1.1694409847259521, 1.6974923610687256, 1.9175138473510742]","[1.4834541082382202, 1.4603713750839233, 1.449256420135498, 1.492145299911499]"
8762.0,2009-06-01T00:00:00.000000000,"[1.1694409847259521, 1.6974923610687256, 1.9175138473510742, 1.499472975730896]","[1.4651257991790771, 1.4511374235153198, 1.436661958694458, 1.4849644899368286]"
8762.0,2009-09-01T00:00:00.000000000,"[1.6974923610687256, 1.9175138473510742, 1.499472975730896, 1.3674603700637817]","[1.511059284210205, 1.4720587730407715, 1.4521321058273315, 1.5057196617126465]"
8762.0,2009-12-01T00:00:00.000000000,"[1.9175138473510742, 1.499472975730896, 1.3674603700637817, 1.7634987831115723]","[1.5919229984283447, 1.5349788665771484, 1.4999160766601562, 1.5594860315322876]"
8762.0,2010-03-01T00:00:00.000000000,"[1.499472975730896, 1.3674603700637817, 1.7634987831115723, 2.0495264530181885]","[1.503082513809204, 1.4794788360595703, 1.4580544233322144, 1.501273512840271]"
8762.0,2010-06-01T00:00:00.000000000,"[1.3674603700637817, 1.7634987831115723, 2.0495264530181885, 1.6314857006072998]","[1.4838536977767944, 1.4652093648910522, 1.449585199356079, 1.491026520729065]"
8762.0,2010-09-01T00:00:00.000000000,"[1.7634987831115723, 2.0495264530181885, 1.6314857006072998, 1.7194944620132446]","[1.5469050407409668, 1.5039740800857544, 1.4810982942581177, 1.5279420614242554]"
8762.0,2010-12-01T00:00:00.000000000,"[2.0495264530181885, 1.6314857006072998, 1.7194944620132446, 2.313552141189575]","[1.5934100151062012, 1.5389628410339355, 1.5081534385681152, 1.5585845708847046]"
8762.0,2011-03-01T00:00:00.000000000,"[1.6314857006072998, 1.7194944620132446, 2.313552141189575, 2.42356276512146]","[1.518720269203186, 1.4906277656555176, 1.4724007844924927, 1.5101392269134521]"
8762.0,2011-06-01T00:00:00.000000000,"[1.7194944620132446, 2.313552141189575, 2.42356276512146, 1.8735092878341675]","[1.5262271165847778, 1.5057685375213623, 1.4888677597045898, 1.5231876373291016]"
8762.0,2011-09-01T00:00:00.000000000,"[2.313552141189575, 2.42356276512146, 1.8735092878341675, 1.8515071868896484]","[1.5787572860717773, 1.5441304445266724, 1.524082064628601, 1.5604404211044312]"
8762.0,2011-12-01T00:00:00.000000000,"[2.42356276512146, 1.8735092878341675, 1.8515071868896484, 2.885607957839966]","[1.6534669399261475, 1.6037732362747192, 1.5717309713363647, 1.6162757873535156]"
8762.0,2012-03-01T00:00:00.000000000,"[1.8735092878341675, 1.8515071868896484, 2.885607957839966, 2.9076099395751953]","[1.6343318223953247, 1.598990559577942, 1.571520209312439, 1.6148144006729126]"
8762.0,2012-06-01T00:00:00.000000000,"[1.8515071868896484, 2.885607957839966, 2.9076099395751953, 2.071528673171997]","[1.6484627723693848, 1.6194703578948975, 1.5934219360351562, 1.6322611570358276]"
8762.0,2012-09-01T00:00:00.000000000,"[2.885607957839966, 2.9076099395751953, 2.071528673171997, 1.7855008840560913]","[1.7197110652923584, 1.6647531986236572, 1.6307036876678467, 1.6771818399429321]"
8762.0,2012-12-01T00:00:00.000000000,"[2.9076099395751953, 2.071528673171997, 1.7855008840560913, 2.8416035175323486]","[1.8140593767166138, 1.733115553855896, 1.6839725971221924, 1.747097373008728]"
8762.0,2013-03-01T00:00:00.000000000,"[2.071528673171997, 1.7855008840560913, 2.8416035175323486, 2.9516141414642334]","[1.7809466123580933, 1.7270963191986084, 1.6874499320983887, 1.7462257146835327]"
9248.0,2006-06-01T00:00:00.000000000,"[0.5643821358680725, 0.553381085395813, 0.3223586082458496, 0.6193875670433044]","[0.01199166476726532, -0.06851058453321457, -0.11530862748622894, -0.05795477330684662]"
9248.0,2006-09-01T00:00:00.000000000,"[0.553381085395813, 0.3223586082458496, 0.6193875670433044, 0.7624014616012573]","[0.05038823187351227, -0.024256139993667603, -0.058549053966999054, -0.0019772201776504517]"
9248.0,2006-12-01T00:00:00.000000000,"[0.3223586082458496, 0.6193875670433044, 0.7624014616012573, 0.6853939294815063]","[0.11115860939025879, 0.02049063891172409, -0.017903760075569153, 0.04631328582763672]"
9248.0,2007-03-01T00:00:00.000000000,"[0.6193875670433044, 0.7624014616012573, 0.6853939294815063, 0.4653724431991577]","[0.12896811962127686, 0.030485644936561584, -0.023750275373458862, 0.04275831580162048]"
9248.0,2007-06-01T00:00:00.000000000,"[0.7624014616012573, 0.6853939294815063, 0.4653724431991577, 0.7514004111289978]","[0.1457473337650299, 0.05984225869178772, 0.014063406735658646, 0.07634960860013962]"
9248.0,2007-09-01T00:00:00.000000000,"[0.6853939294815063, 0.4653724431991577, 0.7514004111289978, 0.9054153561592102]","[0.19844718277454376, 0.12122420966625214, 0.09845320135354996, 0.15936703979969025]"
9248.0,2007-12-01T00:00:00.000000000,"[0.4653724431991577, 0.7514004111289978, 0.9054153561592102, 0.8614109754562378]","[0.26530036330223083, 0.17107272148132324, 0.14475977420806885, 0.21344809234142303]"
9248.0,2008-03-01T00:00:00.000000000,"[0.7514004111289978, 0.9054153561592102, 0.8614109754562378, 0.6633917689323425]","[0.2719552516937256, 0.16439291834831238, 0.10571261495351791, 0.1780461072921753]"
9248.0,2008-06-01T00:00:00.000000000,"[0.9054153561592102, 0.8614109754562378, 0.6633917689323425, 0.9934238195419312]","[0.2975146770477295, 0.20809176564216614, 0.17083990573883057, 0.23708373308181763]"
9248.0,2008-09-01T00:00:00.000000000,"[0.8614109754562378, 0.6633917689323425, 0.9934238195419312, 1.103434681892395]","[0.35483062267303467, 0.2748717963695526, 0.2635037899017334, 0.32797738909721375]"
9248.0,2008-12-01T00:00:00.000000000,"[0.6633917689323425, 0.9934238195419312, 1.103434681892395, 1.103434681892395]","[0.41748201847076416, 0.3332613706588745, 0.33140861988067627, 0.3985484838485718]"
9248.0,2009-03-01T00:00:00.000000000,"[0.9934238195419312, 1.103434681892395, 1.103434681892395, 0.8834132552146912]","[0.4231347441673279, 0.3149855136871338, 0.26221612095832825, 0.33648258447647095]"
9248.0,2009-06-01T00:00:00.000000000,"[1.103434681892395, 1.103434681892395, 0.8834132552146912, 1.455468773841858]","[0.46219417452812195, 0.3681146800518036, 0.33575761318206787, 0.40575098991394043]"
9248.0,2009-09-01T00:00:00.000000000,"[1.103434681892395, 0.8834132552146912, 1.455468773841858, 1.323456048965454]","[0.5204396843910217, 0.43487223982810974, 0.4252883791923523, 0.4936957359313965]"
9248.0,2009-12-01T00:00:00.000000000,"[0.8834132552146912, 1.455468773841858, 1.323456048965454, 1.5874814987182617]","[0.5813497304916382, 0.5028064250946045, 0.5148916244506836, 0.581794798374176]"
9248.0,2010-03-01T00:00:00.000000000,"[1.455468773841858, 1.323456048965454, 1.5874814987182617, 1.301453948020935]","[0.588118314743042, 0.4873993396759033, 0.4485967755317688, 0.5216023921966553]"
9248.0,2010-06-01T00:00:00.000000000,"[1.323456048965454, 1.5874814987182617, 1.301453948020935, 1.7855008840560913]","[0.6397089958190918, 0.5407537817955017, 0.5040357112884521, 0.5781834721565247]"
9248.0,2010-09-01T00:00:00.000000000,"[1.5874814987182617, 1.301453948020935, 1.7855008840560913, 1.8295050859451294]","[0.6935689449310303, 0.6057794094085693, 0.5903671383857727, 0.6614920496940613]"
9248.0,2010-12-01T00:00:00.000000000,"[1.301453948020935, 1.7855008840560913, 1.8295050859451294, 1.8075029850006104]","[0.7854031920433044, 0.6839320659637451, 0.672711193561554, 0.7517791986465454]"
9248.0,2011-03-01T00:00:00.000000000,"[1.7855008840560913, 1.8295050859451294, 1.8075029850006104, 1.5654793977737427]","[0.8149338364601135, 0.6774629950523376, 0.6057358980178833, 0.6974472403526306]"
9248.0,2011-06-01T00:00:00.000000000,"[1.8295050859451294, 1.8075029850006104, 1.5654793977737427, 2.115532875061035]","[0.8629350662231445, 0.731865644454956, 0.6634944081306458, 0.7549034357070923]"
9248.0,2011-09-01T00:00:00.000000000,"[1.8075029850006104, 1.5654793977737427, 2.115532875061035, -2.614927291870117]","[0.9144406914710999, 0.8052791953086853, 0.7647936940193176, 0.850120484828949]"
9248.0,2011-12-01T00:00:00.000000000,"[1.5654793977737427, 2.115532875061035, -2.614927291870117, -0.5687280893325806]","[1.0174453258514404, 0.8959663510322571, 0.8685997724533081, 0.9615057706832886]"
9248.0,2012-03-01T00:00:00.000000000,"[2.115532875061035, -2.614927291870117, -0.5687280893325806, 1.5434772968292236]","[1.06068754196167, 0.899559736251831, 0.8121889233589172, 0.9192003011703491]"
9248.0,2012-06-01T00:00:00.000000000,"[-2.614927291870117, -0.5687280893325806, 1.5434772968292236, 0.7734025120735168]","[1.103253960609436, 0.9533725380897522, 0.8683605194091797, 0.9728413224220276]"
9248.0,2012-09-01T00:00:00.000000000,"[-0.5687280893325806, 1.5434772968292236, 0.7734025120735168, 2.2475459575653076]","[0.9355019330978394, 0.8193101286888123, 0.7464154958724976, 0.8595356345176697]"
9248.0,2012-12-01T00:00:00.000000000,"[1.5434772968292236, 0.7734025120735168, 2.2475459575653076, 2.3575565814971924]","[0.9127854704856873, 0.8117320537567139, 0.7392266392707825, 0.84769606590271]"
9248.0,2013-03-01T00:00:00.000000000,"[0.7734025120735168, 2.2475459575653076, 2.3575565814971924, 1.6974923610687256]","[1.2020058631896973, 0.979799747467041, 0.8612279891967773, 1.014535903930664]"
9667.0,2006-06-01T00:00:00.000000000,"[1.455468773841858, 1.7562381029129028, 0.3040968179702759, 0.3113575577735901]","[0.3732109069824219, 0.2931729257106781, 0.24446800351142883, 0.30930113792419434]"
9667.0,2006-09-01T00:00:00.000000000,"[1.7562381029129028, 0.3040968179702759, 0.3113575577735901, 2.0127828121185303]","[0.4147834777832031, 0.3354356288909912, 0.2814778685569763, 0.3526492416858673]"
9667.0,2006-12-01T00:00:00.000000000,"[0.3040968179702759, 0.3113575577735901, 2.0127828121185303, 2.2108023166656494]","[0.3387627601623535, 0.2944621443748474, 0.2603222131729126, 0.32591480016708374]"
9667.0,2007-03-01T00:00:00.000000000,"[0.3113575577735901, 2.0127828121185303, 2.2108023166656494, 0.8541504144668579]","[0.48407256603240967, 0.402518093585968, 0.34877273440361023, 0.4215557873249054]"
9667.0,2007-06-01T00:00:00.000000000,"[2.0127828121185303, 2.2108023166656494, 0.8541504144668579, 0.6266481280326843]","[0.5038495063781738, 0.41433417797088623, 0.3581317663192749, 0.43485885858535767]"
9667.0,2007-09-01T00:00:00.000000000,"[2.2108023166656494, 0.8541504144668579, 0.6266481280326843, 2.276808500289917]","[0.6050214767456055, 0.4972076416015625, 0.4244331121444702, 0.5173481106758118]"
9667.0,2007-12-01T00:00:00.000000000,"[0.8541504144668579, 0.6266481280326843, 2.276808500289917, 2.4015607833862305]","[0.5104926228523254, 0.4480505585670471, 0.400660902261734, 0.4843684732913971]"
9667.0,2008-03-01T00:00:00.000000000,"[0.6266481280326843, 2.276808500289917, 2.4015607833862305, 1.0741716623306274]","[0.6741365790367126, 0.5708214044570923, 0.5029687285423279, 0.5948982238769531]"
9667.0,2008-06-01T00:00:00.000000000,"[2.276808500289917, 2.4015607833862305, 1.0741716623306274, 0.9641609787940979]","[0.7451364994049072, 0.6147386431694031, 0.5369203686714172, 0.6391722559928894]"
9667.0,2008-09-01T00:00:00.000000000,"[2.4015607833862305, 1.0741716623306274, 0.9641609787940979, 2.61432147026062]","[0.853863000869751, 0.6953409314155579, 0.6020229458808899, 0.7224770784378052]"
9667.0,2008-12-01T00:00:00.000000000,"[1.0741716623306274, 0.9641609787940979, 2.61432147026062, 2.782857894897461]","[0.7220735549926758, 0.6263195872306824, 0.5601826310157776, 0.6642490029335022]"
9667.0,2009-03-01T00:00:00.000000000,"[0.9641609787940979, 2.61432147026062, 2.782857894897461, 1.6167445182800293]","[0.9378498196601868, 0.7796893119812012, 0.6866946816444397, 0.8100162744522095]"
9667.0,2009-06-01T00:00:00.000000000,"[2.61432147026062, 2.782857894897461, 1.6167445182800293, 1.9175138473510742]","[1.0246362686157227, 0.8379894495010376, 0.7345806956291199, 0.8685061931610107]"
9667.0,2009-09-01T00:00:00.000000000,"[2.782857894897461, 1.6167445182800293, 1.9175138473510742, 3.5016677379608154]","[1.128299593925476, 0.9193168878555298, 0.8047208786010742, 0.9529162645339966]"
9667.0,2009-12-01T00:00:00.000000000,"[1.6167445182800293, 1.9175138473510742, 3.5016677379608154, 3.4649243354797363]","[1.0274847745895386, 0.9089623689651489, 0.8536045551300049, 0.9748306274414062]"
9667.0,2010-03-01T00:00:00.000000000,"[1.9175138473510742, 3.5016677379608154, 3.4649243354797363, 1.8955113887786865]","[1.225328803062439, 1.0234720706939697, 0.903581976890564, 1.0532135963439941]"
9667.0,2010-06-01T00:00:00.000000000,"[3.5016677379608154, 3.4649243354797363, 1.8955113887786865, 1.9395159482955933]","[1.3706709146499634, 1.1296082735061646, 1.0013986825942993, 1.1667509078979492]"
9667.0,2010-09-01T00:00:00.000000000,"[3.4649243354797363, 1.8955113887786865, 1.9395159482955933, 4.117727756500244]","[1.4830090999603271, 1.233473539352417, 1.0974438190460205, 1.2731280326843262]"
9667.0,2010-12-01T00:00:00.000000000,"[1.8955113887786865, 1.9395159482955933, 4.117727756500244, 4.176473617553711]","[1.3976495265960693, 1.262710690498352, 1.212989091873169, 1.3529878854751587]"
9667.0,2011-03-01T00:00:00.000000000,"[1.9395159482955933, 4.117727756500244, 4.176473617553711, 2.430823802947998]","[1.6394174098968506, 1.3774555921554565, 1.2287170886993408, 1.414397954940796]"
9667.0,2011-06-01T00:00:00.000000000,"[4.117727756500244, 4.176473617553711, 2.430823802947998, 2.2915501594543457]","[1.7447501420974731, 1.4657666683197021, 1.3174645900726318, 1.5084583759307861]"
9667.0,2011-09-01T00:00:00.000000000,"[4.176473617553711, 2.430823802947998, 2.2915501594543457, 4.506505489349365]","[1.859057903289795, 1.5763726234436035, 1.4207921028137207, 1.6207119226455688]"
9667.0,2011-12-01T00:00:00.000000000,"[2.430823802947998, 2.2915501594543457, 4.506505489349365, 5.379110336303711]","[1.8762940168380737, 1.7139400243759155, 1.67820143699646, 1.8394728899002075]"
9667.0,2012-03-01T00:00:00.000000000,"[2.2915501594543457, 4.506505489349365, 5.379110336303711, 3.0323619842529297]","[2.0764920711517334, 1.768931269645691, 1.6009416580200195, 1.8168869018554688]"
9667.0,2012-06-01T00:00:00.000000000,"[4.506505489349365, 5.379110336303711, 3.0323619842529297, 3.831699848175049]","[2.1763906478881836, 1.8538302183151245, 1.682852864265442, 1.902773141860962]"
9667.0,2012-09-01T00:00:00.000000000,"[5.379110336303711, 3.0323619842529297, 3.831699848175049, 5.129826545715332]","[2.252284288406372, 1.955308198928833, 1.7877954244613647, 2.0029234886169434]"
9667.0,2012-12-01T00:00:00.000000000,"[3.0323619842529297, 3.831699848175049, 5.129826545715332, 3.8977060317993164]","[2.2851080894470215, 2.1096699237823486, 2.0666887760162354, 2.247929096221924]"
9667.0,2013-03-01T00:00:00.000000000,"[3.831699848175049, 5.129826545715332, 3.8977060317993164, 2.2475459575653076]","[2.5501303672790527, 2.2029762268066406, 2.007261276245117, 2.2517621517181396]"
10499.0,2006-06-01T00:00:00.000000000,"[0.6633917689323425, 0.9714217185974121, 0.8174067735671997, 0.6413896679878235]","[0.3712385892868042, 0.3313376009464264, 0.30086708068847656, 0.3409358263015747]"
10499.0,2006-09-01T00:00:00.000000000,"[0.9714217185974121, 0.8174067735671997, 0.6413896679878235, 0.7293981313705444]","[0.3717690110206604, 0.33686506748199463, 0.3080923557281494, 0.3484172224998474]"
10499.0,2006-12-01T00:00:00.000000000,"[0.8174067735671997, 0.6413896679878235, 0.7293981313705444, 0.9714217185974121]","[0.43235427141189575, 0.38241246342658997, 0.345321923494339, 0.39276158809661865]"
10499.0,2007-03-01T00:00:00.000000000,"[0.6413896679878235, 0.7293981313705444, 0.9714217185974121, 0.8614109754562378]","[0.4107683300971985, 0.3813106119632721, 0.35185036063194275, 0.3913819491863251]"
10499.0,2007-06-01T00:00:00.000000000,"[0.7293981313705444, 0.9714217185974121, 0.8614109754562378, 0.7293981313705444]","[0.4749853312969208, 0.41814011335372925, 0.3800811171531677, 0.42979228496551514]"
10499.0,2007-09-01T00:00:00.000000000,"[0.9714217185974121, 0.8614109754562378, 0.7293981313705444, 0.9714217185974121]","[0.49447864294052124, 0.43401241302490234, 0.3934686779975891, 0.4456717371940613]"
10499.0,2007-12-01T00:00:00.000000000,"[0.8614109754562378, 0.7293981313705444, 0.9714217185974121, 1.3674603700637817]","[0.5166260004043579, 0.45562291145324707, 0.41287362575531006, 0.4674863815307617]"
10499.0,2008-03-01T00:00:00.000000000,"[0.7293981313705444, 0.9714217185974121, 1.3674603700637817, 1.2134451866149902]","[0.502533495426178, 0.45886871218681335, 0.42329880595207214, 0.4700595438480377]"
10499.0,2008-06-01T00:00:00.000000000,"[0.9714217185974121, 1.3674603700637817, 1.2134451866149902, 1.1694409847259521]","[0.5457946062088013, 0.4865998923778534, 0.445782870054245, 0.4991132318973541]"
10499.0,2008-09-01T00:00:00.000000000,"[1.3674603700637817, 1.2134451866149902, 1.1694409847259521, 1.5654793977737427]","[0.5829139351844788, 0.5143576264381409, 0.47062933444976807, 0.5277915000915527]"
10499.0,2008-12-01T00:00:00.000000000,"[1.2134451866149902, 1.1694409847259521, 1.5654793977737427, 2.071528673171997]","[0.6571309566497803, 0.5612189769744873, 0.5076895356178284, 0.5772740840911865]"
10499.0,2009-03-01T00:00:00.000000000,"[1.1694409847259521, 1.5654793977737427, 2.071528673171997, 1.6974923610687256]","[0.708938717842102, 0.5955283045768738, 0.5352945923805237, 0.6130915880203247]"
10499.0,2009-06-01T00:00:00.000000000,"[1.5654793977737427, 2.071528673171997, 1.6974923610687256, 2.269547939300537]","[0.7680659294128418, 0.634273886680603, 0.5659139156341553, 0.6532536745071411]"
10499.0,2009-09-01T00:00:00.000000000,"[2.071528673171997, 1.6974923610687256, 2.269547939300537, 2.379558563232422]","[0.8100360035896301, 0.6723984479904175, 0.5991060137748718, 0.6903292536735535]"
10499.0,2009-12-01T00:00:00.000000000,"[1.6974923610687256, 2.269547939300537, 2.379558563232422, 2.775597333908081]","[0.8859084844589233, 0.7909287810325623, 0.788718044757843, 0.8696750402450562]"
10499.0,2010-03-01T00:00:00.000000000,"[2.269547939300537, 2.379558563232422, 2.775597333908081, 2.0935308933258057]","[0.8911513686180115, 0.8469067811965942, 0.8872500658035278, 0.949255108833313]"
10499.0,2010-06-01T00:00:00.000000000,"[2.379558563232422, 2.775597333908081, 2.0935308933258057, 1.9835201501846313]","[0.9555455446243286, 0.8482433557510376, 0.7844403386116028, 0.8697751760482788]"
10499.0,2010-09-01T00:00:00.000000000,"[2.775597333908081, 2.0935308933258057, 1.9835201501846313, 2.2915501594543457]","[1.055699348449707, 0.9335647821426392, 0.8618550300598145, 0.9563193917274475]"
10499.0,2010-12-01T00:00:00.000000000,"[2.0935308933258057, 1.9835201501846313, 2.2915501594543457, 2.577577829360962]","[1.132941722869873, 1.0109219551086426, 0.9344021677970886, 1.035599946975708]"
10499.0,2011-03-01T00:00:00.000000000,"[1.9835201501846313, 2.2915501594543457, 2.577577829360962, 1.7634987831115723]","[1.1759779453277588, 1.055716872215271, 0.9790351986885071, 1.0813651084899902]"
10499.0,2011-06-01T00:00:00.000000000,"[2.2915501594543457, 2.577577829360962, 1.7634987831115723, 2.027524471282959]","[1.2747780084609985, 1.1226743459701538, 1.0346101522445679, 1.1506706476211548]"
10499.0,2011-09-01T00:00:00.000000000,"[2.577577829360962, 1.7634987831115723, 2.027524471282959, 2.5555758476257324]","[1.359684944152832, 1.186957597732544, 1.0898319482803345, 1.216619610786438]"
10499.0,2011-12-01T00:00:00.000000000,"[1.7634987831115723, 2.027524471282959, 2.5555758476257324, 2.4895694255828857]","[1.450297236442566, 1.2544125318527222, 1.1471712589263916, 1.2866753339767456]"
10499.0,2012-03-01T00:00:00.000000000,"[2.027524471282959, 2.5555758476257324, 2.4895694255828857, 2.9076099395751953]","[1.5023136138916016, 1.2931082248687744, 1.1801588535308838, 1.3256462812423706]"
10499.0,2012-06-01T00:00:00.000000000,"[2.5555758476257324, 2.4895694255828857, 2.9076099395751953, 3.369654893875122]","[1.5684534311294556, 1.3463032245635986, 1.228636384010315, 1.3801817893981934]"
10499.0,2012-09-01T00:00:00.000000000,"[2.4895694255828857, 2.9076099395751953, 3.369654893875122, 3.8096976280212402]","[1.6374781131744385, 1.4072530269622803, 1.2823145389556885, 1.438982367515564]"
10499.0,2012-12-01T00:00:00.000000000,"[2.9076099395751953, 3.369654893875122, 3.8096976280212402, 3.8537018299102783]","[1.658388614654541, 1.4692636728286743, 1.3774787187576294, 1.5190508365631104]"
10499.0,2013-03-01T00:00:00.000000000,"[3.369654893875122, 3.8096976280212402, 3.8537018299102783, 4.2937445640563965]","[1.8151042461395264, 1.616884469985962, 1.5656839609146118, 1.7159465551376343]"
10903.0,2006-06-01T00:00:00.000000000,"[2.42356276512146, 2.885607957839966, 2.7095906734466553, 2.5115716457366943]","[1.8000202178955078, 1.6402382850646973, 1.5609979629516602, 1.6712408065795898]"
10903.0,2006-09-01T00:00:00.000000000,"[2.885607957839966, 2.7095906734466553, 2.5115716457366943, 2.9076099395751953]","[1.8378350734710693, 1.6781820058822632, 1.5907021760940552, 1.7006248235702515]"
10903.0,2006-12-01T00:00:00.000000000,"[2.7095906734466553, 2.5115716457366943, 2.9076099395751953, 2.929612159729004]","[1.8981702327728271, 1.758786916732788, 1.6974607706069946, 1.8017343282699585]"
10903.0,2007-03-01T00:00:00.000000000,"[2.5115716457366943, 2.9076099395751953, 2.929612159729004, 2.379558563232422]","[1.9328982830047607, 1.8283627033233643, 1.8030444383621216, 1.8946747779846191]"
10903.0,2007-06-01T00:00:00.000000000,"[2.9076099395751953, 2.929612159729004, 2.379558563232422, 3.1496336460113525]","[2.018195629119873, 1.8565728664398193, 1.7732055187225342, 1.8866236209869385]"
10903.0,2007-09-01T00:00:00.000000000,"[2.929612159729004, 2.379558563232422, 3.1496336460113525, 3.6116786003112793]","[2.113649845123291, 1.9263091087341309, 1.8277504444122314, 1.9526838064193726]"
10903.0,2007-12-01T00:00:00.000000000,"[2.379558563232422, 3.1496336460113525, 3.6116786003112793, 4.073723793029785]","[2.1160225868225098, 1.9648256301879883, 1.8834824562072754, 1.994667649269104]"
10903.0,2008-03-01T00:00:00.000000000,"[3.1496336460113525, 3.6116786003112793, 4.073723793029785, 3.9417104721069336]","[2.1338424682617188, 1.99819815158844, 1.9300392866134644, 2.0350351333618164]"
10903.0,2008-06-01T00:00:00.000000000,"[3.6116786003112793, 4.073723793029785, 3.9417104721069336, 4.513765811920166]","[2.2607593536376953, 2.0716934204101562, 1.9676247835159302, 2.09560227394104]"
10903.0,2008-09-01T00:00:00.000000000,"[4.073723793029785, 3.9417104721069336, 4.513765811920166, 4.711785793304443]","[2.4190726280212402, 2.18147611618042, 2.0591185092926025, 2.2108235359191895]"
10903.0,2008-12-01T00:00:00.000000000,"[3.9417104721069336, 4.513765811920166, 4.711785793304443, 5.151828289031982]","[2.5544776916503906, 2.330587387084961, 2.258937358856201, 2.41288161277771]"
10903.0,2009-03-01T00:00:00.000000000,"[4.513765811920166, 4.711785793304443, 5.151828289031982, 4.9978132247924805]","[2.6038289070129395, 2.3920156955718994, 2.3187506198883057, 2.4712562561035156]"
10903.0,2009-06-01T00:00:00.000000000,"[4.711785793304443, 5.151828289031982, 4.9978132247924805, 5.987909317016602]","[2.7363879680633545, 2.538058042526245, 2.4995999336242676, 2.653214454650879]"
10903.0,2009-09-01T00:00:00.000000000,"[5.151828289031982, 4.9978132247924805, 5.987909317016602, 6.207931041717529]","[2.903568744659424, 2.622809648513794, 2.496248245239258, 2.6856534481048584]"
10903.0,2009-12-01T00:00:00.000000000,"[4.9978132247924805, 5.987909317016602, 6.207931041717529, 6.8019890785217285]","[3.0521750450134277, 2.7857818603515625, 2.691962242126465, 2.882758855819702]"
10903.0,2010-03-01T00:00:00.000000000,"[5.987909317016602, 6.207931041717529, 6.8019890785217285, 6.515960693359375]","[3.1529626846313477, 2.847743034362793, 2.686690092086792, 2.8951058387756348]"
10903.0,2010-06-01T00:00:00.000000000,"[6.207931041717529, 6.8019890785217285, 6.515960693359375, 7.506057262420654]","[3.321768045425415, 3.0171496868133545, 2.866380453109741, 3.0834197998046875]"
10903.0,2010-09-01T00:00:00.000000000,"[6.8019890785217285, 6.515960693359375, 7.506057262420654, 7.220029354095459]","[3.4937686920166016, 3.1582119464874268, 2.96874737739563, 3.2044968605041504]"
10903.0,2010-12-01T00:00:00.000000000,"[6.515960693359375, 7.506057262420654, 7.220029354095459, 7.836089611053467]","[3.7069945335388184, 3.342705726623535, 3.13773775100708, 3.3951022624969482]"
10903.0,2011-03-01T00:00:00.000000000,"[7.506057262420654, 7.220029354095459, 7.836089611053467, 7.880094051361084]","[3.9135780334472656, 3.5211102962493896, 3.3025989532470703, 3.577401876449585]"
10903.0,2011-06-01T00:00:00.000000000,"[7.220029354095459, 7.836089611053467, 7.880094051361084, 7.484055042266846]","[4.107558727264404, 3.705674648284912, 3.475979804992676, 3.764650821685791]"
10903.0,2011-09-01T00:00:00.000000000,"[7.836089611053467, 7.880094051361084, 7.484055042266846, 14.96478271484375]","[4.28287410736084, 3.8815460205078125, 3.6514480113983154, 3.946641206741333]"
10903.0,2011-12-01T00:00:00.000000000,"[7.880094051361084, 7.484055042266846, 14.96478271484375, 7.022010326385498]","[4.581671237945557, 4.105643272399902, 3.843360185623169, 4.179211616516113]"
10903.0,2012-03-01T00:00:00.000000000,"[7.484055042266846, 14.96478271484375, 7.022010326385498, 4.8437981605529785]","[4.836282730102539, 4.318848609924316, 4.037325382232666, 4.397431373596191]"
10903.0,2012-06-01T00:00:00.000000000,"[14.96478271484375, 7.022010326385498, 4.8437981605529785, 10.98239517211914]","[4.988525867462158, 4.466512680053711, 4.1728644371032715, 4.539612293243408]"
10903.0,2012-09-01T00:00:00.000000000,"[7.022010326385498, 4.8437981605529785, 10.98239517211914, 9.640264511108398]","[5.693933963775635, 5.008275508880615, 4.6310529708862305, 5.1157989501953125]"
10903.0,2012-12-01T00:00:00.000000000,"[4.8437981605529785, 10.98239517211914, 9.640264511108398, 9.244226455688477]","[5.7457780838012695, 5.108754634857178, 4.741904258728027, 5.205982208251953]"
10903.0,2013-03-01T00:00:00.000000000,"[10.98239517211914, 9.640264511108398, 9.244226455688477, 9.156217575073242]","[5.850651264190674, 5.205190181732178, 4.84495735168457, 5.310573577880859]"
11259.0,2006-06-01T00:00:00.000000000,"[1.7194944620132446, 1.9615180492401123, 1.8295050859451294, 2.8416035175323486]","[1.6943566799163818, 1.5757853984832764, 1.5258102416992188, 1.6204173564910889]"
11259.0,2006-09-01T00:00:00.000000000,"[1.9615180492401123, 1.8295050859451294, 2.8416035175323486, 1.5654793977737427]","[1.6829217672348022, 1.5678479671478271, 1.4976774454116821, 1.5885118246078491]"
11259.0,2006-12-01T00:00:00.000000000,"[1.8295050859451294, 2.8416035175323486, 1.5654793977737427, 1.6754902601242065]","[1.7686872482299805, 1.6269890069961548, 1.55246901512146, 1.6543800830841064]"
11259.0,2007-03-01T00:00:00.000000000,"[2.8416035175323486, 1.5654793977737427, 1.6754902601242065, 1.477470874786377]","[1.8098945617675781, 1.6626994609832764, 1.5829542875289917, 1.6852610111236572]"
11259.0,2007-06-01T00:00:00.000000000,"[1.5654793977737427, 1.6754902601242065, 1.477470874786377, 2.577577829360962]","[1.843238353729248, 1.727412223815918, 1.681615948677063, 1.7749773263931274]"
11259.0,2007-09-01T00:00:00.000000000,"[1.6754902601242065, 1.477470874786377, 2.577577829360962, 1.455468773841858]","[1.8072636127471924, 1.6990551948547363, 1.6321361064910889, 1.7201147079467773]"
11259.0,2007-12-01T00:00:00.000000000,"[1.477470874786377, 2.577577829360962, 1.455468773841858, 1.6534881591796875]","[1.877496361732483, 1.7400153875350952, 1.6598725318908691, 1.7587652206420898]"
11259.0,2008-03-01T00:00:00.000000000,"[2.577577829360962, 1.455468773841858, 1.6534881591796875, 1.455468773841858]","[1.9137133359909058, 1.772849202156067, 1.69611656665802, 1.7947068214416504]"
11259.0,2008-06-01T00:00:00.000000000,"[1.455468773841858, 1.6534881591796875, 1.455468773841858, 2.1595370769500732]","[1.8922457695007324, 1.7867710590362549, 1.7266595363616943, 1.8124504089355469]"
11259.0,2008-09-01T00:00:00.000000000,"[1.6534881591796875, 1.455468773841858, 2.1595370769500732, 1.499472975730896]","[1.8274693489074707, 1.7444669008255005, 1.6902559995651245, 1.7678792476654053]"
11259.0,2008-12-01T00:00:00.000000000,"[1.455468773841858, 2.1595370769500732, 1.499472975730896, 1.6754902601242065]","[1.923546552658081, 1.818118691444397, 1.754591464996338, 1.837355136871338]"
11259.0,2009-03-01T00:00:00.000000000,"[2.1595370769500732, 1.499472975730896, 1.6754902601242065, 1.499472975730896]","[1.9732038974761963, 1.848543405532837, 1.7795517444610596, 1.8689942359924316]"
11259.0,2009-06-01T00:00:00.000000000,"[1.499472975730896, 1.6754902601242065, 1.499472975730896, 2.225543737411499]","[1.9266501665115356, 1.8334163427352905, 1.7735339403152466, 1.8504548072814941]"
11259.0,2009-09-01T00:00:00.000000000,"[1.6754902601242065, 1.499472975730896, 2.225543737411499, 1.8075029850006104]","[1.871442198753357, 1.8011270761489868, 1.7570050954818726, 1.8265588283538818]"
11259.0,2009-12-01T00:00:00.000000000,"[1.499472975730896, 2.225543737411499, 1.8075029850006104, 2.1375350952148438]","[1.9335572719573975, 1.8500583171844482, 1.798228144645691, 1.870097041130066]"
11259.0,2010-03-01T00:00:00.000000000,"[2.225543737411499, 1.8075029850006104, 2.1375350952148438, 1.6754902601242065]","[1.9923288822174072, 1.884542465209961, 1.824128270149231, 1.9047014713287354]"
11259.0,2010-06-01T00:00:00.000000000,"[1.8075029850006104, 2.1375350952148438, 1.6754902601242065, 2.4015607833862305]","[1.9250905513763428, 1.852935791015625, 1.8074370622634888, 1.87555992603302]"
11259.0,2010-09-01T00:00:00.000000000,"[2.1375350952148438, 1.6754902601242065, 2.4015607833862305, 1.7855008840560913]","[1.8548386096954346, 1.8122844696044922, 1.7837687730789185, 1.84272038936615]"
11259.0,2010-12-01T00:00:00.000000000,"[1.6754902601242065, 2.4015607833862305, 1.7855008840560913, 2.0935308933258057]","[1.9790642261505127, 1.9127590656280518, 1.869161605834961, 1.9311937093734741]"
11259.0,2011-03-01T00:00:00.000000000,"[2.4015607833862305, 1.7855008840560913, 2.0935308933258057, 1.8515071868896484]","[2.0532872676849365, 1.9562755823135376, 1.9010266065597534, 1.9744060039520264]"
11259.0,2011-06-01T00:00:00.000000000,"[1.7855008840560913, 2.0935308933258057, 1.8515071868896484, 2.335554361343384]","[1.9658480882644653, 1.906775712966919, 1.8695062398910522, 1.931297779083252]"
11259.0,2011-09-01T00:00:00.000000000,"[2.0935308933258057, 1.8515071868896484, 2.335554361343384, 1.8955113887786865]","[1.8526818752288818, 1.8315906524658203, 1.8128224611282349, 1.8675740957260132]"
11259.0,2011-12-01T00:00:00.000000000,"[1.8515071868896484, 2.335554361343384, 1.8955113887786865, 2.7315926551818848]","[1.9543604850769043, 1.915993571281433, 1.8880404233932495, 1.940598964691162]"
11259.0,2012-03-01T00:00:00.000000000,"[2.335554361343384, 1.8955113887786865, 2.7315926551818848, 2.2475459575653076]","[2.066317319869995, 1.9886246919631958, 1.9422612190246582, 2.008673667907715]"
11259.0,2012-06-01T00:00:00.000000000,"[1.8955113887786865, 2.7315926551818848, 2.2475459575653076, 2.5115716457366943]","[1.9537014961242676, 1.920275092124939, 1.891371250152588, 1.9466303586959839]"
11259.0,2012-09-01T00:00:00.000000000,"[2.7315926551818848, 2.2475459575653076, 2.5115716457366943, 3.017620801925659]","[1.9026628732681274, 1.8830715417861938, 1.8647104501724243, 1.9172114133834839]"
11259.0,2012-12-01T00:00:00.000000000,"[2.2475459575653076, 2.5115716457366943, 3.017620801925659, 3.21563982963562]","[1.9821770191192627, 1.9546692371368408, 1.9311126470565796, 1.9812653064727783]"
11259.0,2013-03-01T00:00:00.000000000,"[2.5115716457366943, 3.017620801925659, 3.21563982963562, 2.4895694255828857]","[2.1289637088775635, 2.0552165508270264, 2.0081472396850586, 2.0743141174316406]"
12540.0,2006-06-01T00:00:00.000000000,"[0.11333828419446945, -0.08468098938465118, 0.09133616089820862, 0.26735323667526245]","[0.34262651205062866, 0.2998841106891632, 0.27332231402397156, 0.31081587076187134]"
12540.0,2006-09-01T00:00:00.000000000,"[-0.08468098938465118, 0.09133616089820862, 0.26735323667526245, 0.35536178946495056]","[0.3544386327266693, 0.3095633387565613, 0.28210029006004333, 0.3197932839393616]"
12540.0,2006-12-01T00:00:00.000000000,"[0.09133616089820862, 0.26735323667526245, 0.35536178946495056, 0.4873746931552887]","[0.35585641860961914, 0.3109200894832611, 0.2829928398132324, 0.32076773047447205]"
12540.0,2007-03-01T00:00:00.000000000,"[0.26735323667526245, 0.35536178946495056, 0.4873746931552887, 0.6633917689323425]","[0.34167933464050293, 0.3037070333957672, 0.27892985939979553, 0.3143082857131958]"
12540.0,2007-06-01T00:00:00.000000000,"[0.35536178946495056, 0.4873746931552887, 0.6633917689323425, 0.7514004111289978]","[0.3511425256729126, 0.314943790435791, 0.2901517450809479, 0.324108749628067]"
12540.0,2007-09-01T00:00:00.000000000,"[0.4873746931552887, 0.6633917689323425, 0.7514004111289978, 0.8614109754562378]","[0.3734237849712372, 0.3310660421848297, 0.30457648634910583, 0.3400818705558777]"
12540.0,2007-12-01T00:00:00.000000000,"[0.6633917689323425, 0.7514004111289978, 0.8614109754562378, 0.9494196176528931]","[0.36582401394844055, 0.3319571316242218, 0.3091869056224823, 0.34212225675582886]"
12540.0,2008-03-01T00:00:00.000000000,"[0.7514004111289978, 0.8614109754562378, 0.9494196176528931, 1.279451608657837]","[0.331091046333313, 0.31315311789512634, 0.297749400138855, 0.32816651463508606]"
12540.0,2008-06-01T00:00:00.000000000,"[0.8614109754562378, 0.9494196176528931, 1.279451608657837, 1.3674603700637817]","[0.37652304768562317, 0.3578701913356781, 0.34121352434158325, 0.36799734830856323]"
12540.0,2008-09-01T00:00:00.000000000,"[0.9494196176528931, 1.279451608657837, 1.3674603700637817, 1.5434772968292236]","[0.4172781705856323, 0.39247792959213257, 0.37427592277526855, 0.40131551027297974]"
12540.0,2008-12-01T00:00:00.000000000,"[1.279451608657837, 1.3674603700637817, 1.5434772968292236, 1.7194944620132446]","[0.46735548973083496, 0.4108079671859741, 0.40233156085014343, 0.4268326163291931]"
12540.0,2009-03-01T00:00:00.000000000,"[1.3674603700637817, 1.5434772968292236, 1.7194944620132446, 2.071528673171997]","[0.49095410108566284, 0.4422059953212738, 0.4271638095378876, 0.4569363296031952]"
12540.0,2009-06-01T00:00:00.000000000,"[1.5434772968292236, 1.7194944620132446, 2.071528673171997, 2.7095906734466553]","[0.5491097569465637, 0.4940968453884125, 0.45890718698501587, 0.5070980191230774]"
12540.0,2009-09-01T00:00:00.000000000,"[1.7194944620132446, 2.071528673171997, 2.7095906734466553, 2.9516141414642334]","[0.6330563426017761, 0.5512544512748718, 0.5025977492332458, 0.5665501356124878]"
12540.0,2009-12-01T00:00:00.000000000,"[2.071528673171997, 2.7095906734466553, 2.9516141414642334, 3.1056292057037354]","[0.7365992069244385, 0.6198563575744629, 0.5546715259552002, 0.6380458474159241]"
12540.0,2010-03-01T00:00:00.000000000,"[2.7095906734466553, 2.9516141414642334, 3.1056292057037354, 3.479665517807007]","[0.8065708875656128, 0.6744241118431091, 0.6025187969207764, 0.6958286762237549]"
12540.0,2010-06-01T00:00:00.000000000,"[2.9516141414642334, 3.1056292057037354, 3.479665517807007, 2.929612159729004]","[0.9238410592079163, 0.7670806050300598, 0.6809806227684021, 0.7925359010696411]"
12540.0,2010-09-01T00:00:00.000000000,"[3.1056292057037354, 3.479665517807007, 2.929612159729004, 3.325650691986084]","[1.041443943977356, 0.8677655458450317, 0.7711382508277893, 0.8974514007568359]"
12540.0,2010-12-01T00:00:00.000000000,"[3.479665517807007, 2.929612159729004, 3.325650691986084, 3.8096976280212402]","[1.1339335441589355, 0.9599811434745789, 0.8583093881607056, 0.9921491742134094]"
12540.0,2011-03-01T00:00:00.000000000,"[2.929612159729004, 3.325650691986084, 3.8096976280212402, 4.337749004364014]","[1.2281090021133423, 1.058660864830017, 0.9526101350784302, 1.0931353569030762]"
12540.0,2011-06-01T00:00:00.000000000,"[3.325650691986084, 3.8096976280212402, 4.337749004364014, 4.139729976654053]","[1.3320682048797607, 1.1484349966049194, 1.034525752067566, 1.185396432876587]"
12540.0,2011-09-01T00:00:00.000000000,"[3.8096976280212402, 4.337749004364014, 4.139729976654053, 4.689783573150635]","[1.4589608907699585, 1.2544251680374146, 1.1295005083084106, 1.294339895248413]"
12540.0,2011-12-01T00:00:00.000000000,"[4.337749004364014, 4.139729976654053, 4.689783573150635, 4.953808784484863]","[1.62028169631958, 1.3794971704483032, 1.2384445667266846, 1.4240750074386597]"
12540.0,2012-03-01T00:00:00.000000000,"[4.139729976654053, 4.689783573150635, 4.953808784484863, 5.481860160827637]","[1.7607812881469727, 1.5052297115325928, 1.3539605140686035, 1.5535415410995483]"
12540.0,2012-06-01T00:00:00.000000000,"[4.689783573150635, 4.953808784484863, 5.481860160827637, 6.207931041717529]","[1.9041023254394531, 1.6263965368270874, 1.4635899066925049, 1.678321123123169]"
12540.0,2012-09-01T00:00:00.000000000,"[4.953808784484863, 5.481860160827637, 6.207931041717529, 5.965907573699951]","[2.1162407398223877, 1.7875007390975952, 1.6016327142715454, 1.8451653718948364]"
12540.0,2012-12-01T00:00:00.000000000,"[5.481860160827637, 6.207931041717529, 5.965907573699951, 6.1419243812561035]","[2.3055830001831055, 1.9444868564605713, 1.7418873310089111, 2.006331443786621]"
12540.0,2013-03-01T00:00:00.000000000,"[6.207931041717529, 5.965907573699951, 6.1419243812561035, 6.339943885803223]","[2.498342514038086, 2.107177257537842, 1.8878942728042603, 2.1739091873168945]"
13421.0,2006-03-01T00:00:00.000000000,"[-0.23869597911834717, -0.12868529558181763, -0.10668310523033142, -0.19469167292118073]","[-0.31190547347068787, -0.34878915548324585, -0.34917399287223816, -0.329783171415329]"
13421.0,2006-06-01T00:00:00.000000000,"[-0.12868529558181763, -0.10668310523033142, -0.19469167292118073, -0.10668310523033142]","[-0.29652729630470276, -0.33714398741722107, -0.33703240752220154, -0.3191748857498169]"
13421.0,2006-09-01T00:00:00.000000000,"[-0.10668310523033142, -0.19469167292118073, -0.10668310523033142, -0.08468098938465118]","[-0.2667052149772644, -0.2984219193458557, -0.32580119371414185, -0.2887694239616394]"
13421.0,2006-12-01T00:00:00.000000000,"[-0.19469167292118073, -0.10668310523033142, -0.08468098938465118, -0.018674563616514206]","[-0.25770440697669983, -0.2990458309650421, -0.3162064850330353, -0.28667399287223816]"
13421.0,2007-03-01T00:00:00.000000000,"[-0.10668310523033142, -0.08468098938465118, -0.018674563616514206, -0.08468098938465118]","[-0.23938818275928497, -0.2847229242324829, -0.31699615716934204, -0.27516764402389526]"
13421.0,2007-06-01T00:00:00.000000000,"[-0.08468098938465118, -0.018674563616514206, -0.08468098938465118, -0.06267886608839035]","[-0.25280505418777466, -0.29137539863586426, -0.3155699074268341, -0.281109094619751]"
13421.0,2007-09-01T00:00:00.000000000,"[-0.018674563616514206, -0.08468098938465118, -0.06267886608839035, -0.04067668318748474]","[-0.2274985909461975, -0.2762497067451477, -0.30834195017814636, -0.266206830739975]"
13421.0,2007-12-01T00:00:00.000000000,"[-0.08468098938465118, -0.06267886608839035, -0.04067668318748474, 0.047331858426332474]","[-0.21423199772834778, -0.2676103413105011, -0.30407842993736267, -0.25756919384002686]"
13421.0,2008-03-01T00:00:00.000000000,"[-0.06267886608839035, -0.04067668318748474, 0.047331858426332474, 0.003327556187286973]","[-0.20144063234329224, -0.26734673976898193, -0.3056347072124481, -0.2563974857330322]"
13421.0,2008-06-01T00:00:00.000000000,"[-0.04067668318748474, 0.047331858426332474, 0.003327556187286973, 0.047331858426332474]","[-0.22177162766456604, -0.2746521830558777, -0.3087882697582245, -0.26445505023002625]"
13421.0,2008-09-01T00:00:00.000000000,"[0.047331858426332474, 0.003327556187286973, 0.047331858426332474, 0.06933397799730301]","[-0.20573030412197113, -0.26894596219062805, -0.3047328591346741, -0.2578165829181671]"
13421.0,2008-12-01T00:00:00.000000000,"[0.003327556187286973, 0.047331858426332474, 0.06933397799730301, 0.15734252333641052]","[-0.1801249235868454, -0.25758010149002075, -0.298584520816803, -0.24567747116088867]"
13421.0,2009-03-01T00:00:00.000000000,"[0.047331858426332474, 0.06933397799730301, 0.15734252333641052, 0.17934469878673553]","[-0.18729408085346222, -0.26731565594673157, -0.3098077178001404, -0.257088840007782]"
13421.0,2009-06-01T00:00:00.000000000,"[0.06933397799730301, 0.15734252333641052, 0.17934469878673553, 0.2893553674221039]","[-0.16280852258205414, -0.24548596143722534, -0.2883910536766052, -0.23426461219787598]"
13421.0,2009-09-01T00:00:00.000000000,"[0.15734252333641052, 0.17934469878673553, 0.2893553674221039, 0.37736397981643677]","[-0.1497497856616974, -0.20348085463047028, -0.20578333735466003, -0.16167950630187988]"
13421.0,2009-12-01T00:00:00.000000000,"[0.17934469878673553, 0.2893553674221039, 0.37736397981643677, 0.44337034225463867]","[-0.12356264889240265, -0.16386385262012482, -0.14849819242954254, -0.10999509692192078]"
13421.0,2010-03-01T00:00:00.000000000,"[0.2893553674221039, 0.37736397981643677, 0.44337034225463867, 0.4873746931552887]","[-0.1132003664970398, -0.14018553495407104, -0.11404147744178772, -0.08087395131587982]"
13421.0,2010-06-01T00:00:00.000000000,"[0.37736397981643677, 0.44337034225463867, 0.4873746931552887, 0.553381085395813]","[-0.06884399056434631, -0.117405466735363, -0.11529499292373657, -0.07477843761444092]"
13421.0,2010-09-01T00:00:00.000000000,"[0.44337034225463867, 0.4873746931552887, 0.553381085395813, 0.4873746931552887]","[-0.030652016401290894, -0.08371201902627945, -0.08468753099441528, -0.04246148467063904]"
13421.0,2011-03-01T00:00:00.000000000,"[0.4873746931552887, 0.553381085395813, 0.4873746931552887, 0.4873746931552887]","[0.0031379759311676025, -0.057478271424770355, -0.06783442944288254, -0.02208174765110016]"
13421.0,2011-06-01T00:00:00.000000000,"[0.553381085395813, 0.4873746931552887, 0.4873746931552887, 0.6193875670433044]","[0.03707702457904816, -0.02275925874710083, -0.03019627183675766, 0.016254693269729614]"
13421.0,2011-09-01T00:00:00.000000000,"[0.4873746931552887, 0.4873746931552887, 0.6193875670433044, 0.7514004111289978]","[0.06123701483011246, -4.9173831939697266e-05, -0.01675274223089218, 0.030372969806194305]"
13421.0,2011-12-01T00:00:00.000000000,"[0.4873746931552887, 0.6193875670433044, 0.7514004111289978, 0.8394088745117188]","[0.08829819411039352, 0.02616867423057556, 0.006976120173931122, 0.054789237678050995]"
13421.0,2012-03-01T00:00:00.000000000,"[0.6193875670433044, 0.7514004111289978, 0.8394088745117188, 1.125436782836914]","[0.11156123131513596, 0.04827413707971573, 0.02282339707016945, 0.0707283765077591]"
13421.0,2012-06-01T00:00:00.000000000,"[0.7514004111289978, 0.8394088745117188, 1.125436782836914, 1.125436782836914]","[0.1470739096403122, 0.0748777762055397, 0.038599055260419846, 0.09051646292209625]"
13421.0,2012-09-01T00:00:00.000000000,"[0.8394088745117188, 1.125436782836914, 1.125436782836914, 1.1914430856704712]","[0.18931692838668823, 0.10911596566438675, 0.06553008407354355, 0.1218031719326973]"
13421.0,2012-12-01T00:00:00.000000000,"[1.125436782836914, 1.125436782836914, 1.1914430856704712, 1.0594303607940674]","[0.2258652150630951, 0.14369085431098938, 0.09637357294559479, 0.15473757684230804]"
13421.0,2013-03-01T00:00:00.000000000,"[1.125436782836914, 1.1914430856704712, 1.0594303607940674, 1.103434681892395]","[0.28837576508522034, 0.19452397525310516, 0.14130312204360962, 0.20736166834831238]"
14225.0,2006-06-01T00:00:00.000000000,"[-0.21669383347034454, -0.20569276809692383, -0.2606981098651886, -0.22769489884376526]","[-0.3787597715854645, -0.40422961115837097, -0.41832995414733887, -0.400748074054718]"
14225.0,2006-09-01T00:00:00.000000000,"[-0.20569276809692383, -0.2606981098651886, -0.22769489884376526, -0.1726895570755005]","[-0.37210527062416077, -0.39610594511032104, -0.4101269245147705, -0.39286792278289795]"
14225.0,2006-12-01T00:00:00.000000000,"[-0.2606981098651886, -0.22769489884376526, -0.1726895570755005, -0.1836906224489212]","[-0.3579878807067871, -0.3790189027786255, -0.38576963543891907, -0.36907991766929626]"
14225.0,2007-03-01T00:00:00.000000000,"[-0.22769489884376526, -0.1726895570755005, -0.1836906224489212, -0.2716991901397705]","[-0.34669744968414307, -0.3754826486110687, -0.39142340421676636, -0.37182602286338806]"
14225.0,2007-06-01T00:00:00.000000000,"[-0.1726895570755005, -0.1836906224489212, -0.2716991901397705, -0.21669383347034454]","[-0.3372032046318054, -0.3665761351585388, -0.38283833861351013, -0.36286991834640503]"
14225.0,2007-09-01T00:00:00.000000000,"[-0.1836906224489212, -0.2716991901397705, -0.21669383347034454, -0.20569276809692383]","[-0.3314848840236664, -0.35812199115753174, -0.3734486401081085, -0.354336678981781]"
14225.0,2007-12-01T00:00:00.000000000,"[-0.2716991901397705, -0.21669383347034454, -0.20569276809692383, -0.21669383347034454]","[-0.3192812204360962, -0.34148266911506653, -0.3484177589416504, -0.33055204153060913]"
14225.0,2008-03-01T00:00:00.000000000,"[-0.21669383347034454, -0.20569276809692383, -0.21669383347034454, -0.2606981098651886]","[-0.3109171390533447, -0.34038785099983215, -0.35683712363243103, -0.33643004298210144]"
14225.0,2008-06-01T00:00:00.000000000,"[-0.20569276809692383, -0.21669383347034454, -0.2606981098651886, -0.19469167292118073]","[-0.30248090624809265, -0.3322185277938843, -0.3489174544811249, -0.32838988304138184]"
14225.0,2008-09-01T00:00:00.000000000,"[-0.21669383347034454, -0.2606981098651886, -0.19469167292118073, -0.12868529558181763]","[-0.30044323205947876, -0.3261592984199524, -0.3409169018268585, -0.321997731924057]"
14225.0,2008-12-01T00:00:00.000000000,"[-0.2606981098651886, -0.19469167292118073, -0.12868529558181763, -0.15068741142749786]","[-0.2921164035797119, -0.31289154291152954, -0.3196663558483124, -0.3024499714374542]"
14225.0,2009-03-01T00:00:00.000000000,"[-0.19469167292118073, -0.12868529558181763, -0.15068741142749786, -0.20569276809692383]","[-0.2823113799095154, -0.31141069531440735, -0.32763853669166565, -0.307393878698349]"
14225.0,2009-06-01T00:00:00.000000000,"[-0.12868529558181763, -0.15068741142749786, -0.20569276809692383, -0.029675621539354324]","[-0.2671314477920532, -0.30097949504852295, -0.31915155053138733, -0.29686981439590454]"
14225.0,2009-09-01T00:00:00.000000000,"[-0.15068741142749786, -0.20569276809692383, -0.029675621539354324, -0.05167780816555023]","[-0.25292497873306274, -0.2885865569114685, -0.3059851825237274, -0.2825776934623718]"
14225.0,2009-12-01T00:00:00.000000000,"[-0.20569276809692383, -0.029675621539354324, -0.05167780816555023, 0.05833292007446289]","[-0.24202263355255127, -0.26725533604621887, -0.2675824761390686, -0.24765169620513916]"
14225.0,2010-03-01T00:00:00.000000000,"[-0.029675621539354324, -0.05167780816555023, 0.05833292007446289, -0.05167780816555023]","[-0.24209433794021606, -0.26523545384407043, -0.2672840654850006, -0.2484970986843109]"
14225.0,2010-06-01T00:00:00.000000000,"[-0.05167780816555023, 0.05833292007446289, -0.05167780816555023, 0.047331858426332474]","[-0.22620874643325806, -0.2480546534061432, -0.2473755180835724, -0.22878193855285645]"
14225.0,2010-09-01T00:00:00.000000000,"[0.05833292007446289, -0.05167780816555023, 0.047331858426332474, 0.09133616089820862]","[-0.21011459827423096, -0.23115362226963043, -0.22728687524795532, -0.20889079570770264]"
14225.0,2010-12-01T00:00:00.000000000,"[-0.05167780816555023, 0.047331858426332474, 0.09133616089820862, 0.11333828419446945]","[-0.1919829249382019, -0.2076101154088974, -0.19524601101875305, -0.1783396303653717]"
14225.0,2011-03-01T00:00:00.000000000,"[0.047331858426332474, 0.09133616089820862, 0.11333828419446945, -0.018674563616514206]","[-0.17952114343643188, -0.20916928350925446, -0.21718746423721313, -0.19548644125461578]"
14225.0,2011-06-01T00:00:00.000000000,"[0.09133616089820862, 0.11333828419446945, -0.018674563616514206, 0.06933397799730301]","[-0.1659201681613922, -0.19914847612380981, -0.21353384852409363, -0.19038216769695282]"
14225.0,2011-09-01T00:00:00.000000000,"[0.11333828419446945, -0.018674563616514206, 0.06933397799730301, 0.2233489453792572]","[-0.15697121620178223, -0.18672363460063934, -0.2006339132785797, -0.17850342392921448]"
14225.0,2011-12-01T00:00:00.000000000,"[-0.018674563616514206, 0.06933397799730301, 0.2233489453792572, 0.13534040749073029]","[-0.13709425926208496, -0.1581651121377945, -0.15698698163032532, -0.1373206079006195]"
14225.0,2012-03-01T00:00:00.000000000,"[0.06933397799730301, 0.2233489453792572, 0.13534040749073029, 0.047331858426332474]","[-0.12137724459171295, -0.1591687947511673, -0.179329514503479, -0.1536845564842224]"
14225.0,2012-06-01T00:00:00.000000000,"[0.2233489453792572, 0.13534040749073029, 0.047331858426332474, 0.11333828419446945]","[-0.10899732261896133, -0.14636987447738647, -0.16680505871772766, -0.14120693504810333]"
14225.0,2012-09-01T00:00:00.000000000,"[0.13534040749073029, 0.047331858426332474, 0.11333828419446945, 0.2233489453792572]","[-0.09845048189163208, -0.13236244022846222, -0.15269240736961365, -0.12767334282398224]"
14225.0,2012-12-01T00:00:00.000000000,"[0.047331858426332474, 0.11333828419446945, 0.2233489453792572, 0.2233489453792572]","[-0.07950922846794128, -0.10883249342441559, -0.11916513741016388, -0.09520396590232849]"
14225.0,2013-03-01T00:00:00.000000000,"[0.11333828419446945, 0.2233489453792572, 0.2233489453792572, 0.17934469878673553]","[-0.05770573765039444, -0.10060972720384598, -0.12379723787307739, -0.09461750090122223]"
16721.0,2006-06-01T00:00:00.000000000,"[-0.28270024061203003, 0.9054153561592102, 1.9835201501846313, 0.15734252333641052]","[-0.3039872646331787, -0.34609255194664, -0.38745275139808655, -0.27977246046066284]"
16721.0,2006-09-01T00:00:00.000000000,"[0.9054153561592102, 1.9835201501846313, 0.15734252333641052, -0.37070879340171814]","[-0.15001076459884644, -0.24137215316295624, -0.29971277713775635, -0.18328559398651123]"
16721.0,2006-12-01T00:00:00.000000000,"[1.9835201501846313, 0.15734252333641052, -0.37070879340171814, 0.7293981313705444]","[-0.05496793985366821, -0.17527148127555847, -0.2569579780101776, -0.11635623872280121]"
16721.0,2007-03-01T00:00:00.000000000,"[0.15734252333641052, -0.37070879340171814, 0.7293981313705444, 3.325650691986084]","[0.019685909152030945, -0.09529241174459457, -0.15296542644500732, -0.049912407994270325]"
16721.0,2007-06-01T00:00:00.000000000,"[-0.37070879340171814, 0.7293981313705444, 3.325650691986084, 0.3993660807609558]","[-0.11623553931713104, -0.17552824318408966, -0.23158840835094452, -0.12002286314964294]"
16721.0,2007-09-01T00:00:00.000000000,"[0.7293981313705444, 3.325650691986084, 0.3993660807609558, -0.5467259287834167]","[0.061110273003578186, -0.06129879504442215, -0.1417064219713211, -0.014306947588920593]"
16721.0,2007-12-01T00:00:00.000000000,"[3.325650691986084, 0.3993660807609558, -0.5467259287834167, 0.5313789248466492]","[0.10323077440261841, -0.04316359758377075, -0.13913942873477936, 0.011973574757575989]"
16721.0,2008-03-01T00:00:00.000000000,"[0.3993660807609558, -0.5467259287834167, 0.5313789248466492, 4.755789756774902]","[0.29165637493133545, 0.14513331651687622, 0.02540343627333641, 0.1812693029642105]"
16721.0,2008-06-01T00:00:00.000000000,"[-0.5467259287834167, 0.5313789248466492, 4.755789756774902, 1.1694409847259521]","[0.04451697692275047, -0.023506827652454376, -0.09692496061325073, 0.03903709724545479]"
16721.0,2008-09-01T00:00:00.000000000,"[0.5313789248466492, 4.755789756774902, 1.1694409847259521, 0.09133616089820862]","[0.3697164058685303, 0.19311553239822388, 0.07866784930229187, 0.23398539423942566]"
16721.0,2008-12-01T00:00:00.000000000,"[4.755789756774902, 1.1694409847259521, 0.09133616089820862, 0.7293981313705444]","[0.3965071141719818, 0.18278086185455322, 0.059469446539878845, 0.23840031027793884]"
16721.0,2009-03-01T00:00:00.000000000,"[1.1694409847259521, 0.09133616089820862, 0.7293981313705444, 4.0957255363464355]","[0.597012460231781, 0.36929962038993835, 0.22224381566047668, 0.41816282272338867]"
16721.0,2009-06-01T00:00:00.000000000,"[0.09133616089820862, 0.7293981313705444, 4.0957255363464355, 2.181539297103882]","[0.4282428026199341, 0.28875529766082764, 0.18152081966400146, 0.3465893268585205]"
16721.0,2009-09-01T00:00:00.000000000,"[0.7293981313705444, 4.0957255363464355, 2.181539297103882, -0.4147131145000458]","[0.8210465908050537, 0.5156586170196533, 0.34432750940322876, 0.5688525438308716]"
16721.0,2009-12-01T00:00:00.000000000,"[4.0957255363464355, 2.181539297103882, -0.4147131145000458, 1.1914430856704712]","[0.7180505394935608, 0.46714282035827637, 0.3198150098323822, 0.5285966992378235]"
16721.0,2010-03-01T00:00:00.000000000,"[2.181539297103882, -0.4147131145000458, 1.1914430856704712, 3.5896763801574707]","[0.8649894595146179, 0.6215415000915527, 0.4639870524406433, 0.6728559732437134]"
16721.0,2010-06-01T00:00:00.000000000,"[-0.4147131145000458, 1.1914430856704712, 3.5896763801574707, 2.181539297103882]","[0.8919401168823242, 0.6941641569137573, 0.5531379580497742, 0.7426548004150391]"
16721.0,2010-09-01T00:00:00.000000000,"[1.1914430856704712, 3.5896763801574707, 2.181539297103882, -0.15068741142749786]","[1.1583900451660156, 0.8107917308807373, 0.6182563304901123, 0.86978679895401]"
16721.0,2010-12-01T00:00:00.000000000,"[3.5896763801574707, 2.181539297103882, -0.15068741142749786, 1.4334666728973389]","[1.1435538530349731, 0.8337491154670715, 0.6542505025863647, 0.8899807929992676]"
16721.0,2011-03-01T00:00:00.000000000,"[2.181539297103882, -0.15068741142749786, 1.4334666728973389, 4.8437981605529785]","[1.0810582637786865, 0.8381745219230652, 0.6840892434120178, 0.9045916795730591]"
16721.0,2011-06-01T00:00:00.000000000,"[-0.15068741142749786, 1.4334666728973389, 4.8437981605529785, 1.6754902601242065]","[0.8659793138504028, 0.7241005301475525, 0.6145248413085938, 0.801628828048706]"
16721.0,2011-09-01T00:00:00.000000000,"[1.4334666728973389, 4.8437981605529785, 1.6754902601242065, 2.42356276512146]","[1.357788324356079, 1.0442475080490112, 0.8611191511154175, 1.102952003479004]"
16721.0,2011-12-01T00:00:00.000000000,"[4.8437981605529785, 1.6754902601242065, 2.42356276512146, -0.5907301902770996]","[1.423468828201294, 1.0978238582611084, 0.911500871181488, 1.1587276458740234]"
16721.0,2012-03-01T00:00:00.000000000,"[1.6754902601242065, 2.42356276512146, -0.5907301902770996, 6.031913757324219]","[1.433654546737671, 1.1608301401138306, 0.9883027672767639, 1.228682041168213]"
16721.0,2012-06-01T00:00:00.000000000,"[2.42356276512146, -0.5907301902770996, 6.031913757324219, 2.0055222511291504]","[1.039664387702942, 0.9114612340927124, 0.812958300113678, 1.0099886655807495]"
16721.0,2012-09-01T00:00:00.000000000,"[-0.5907301902770996, 6.031913757324219, 2.0055222511291504, 1.0374282598495483]","[1.7696256637573242, 1.4137812852859497, 1.2109261751174927, 1.4774965047836304]"
16721.0,2012-12-01T00:00:00.000000000,"[6.031913757324219, 2.0055222511291504, 1.0374282598495483, 2.775597333908081]","[1.7264480590820312, 1.3808015584945679, 1.1845917701721191, 1.4496653079986572]"
16721.0,2013-03-01T00:00:00.000000000,"[2.0055222511291504, 1.0374282598495483, 2.775597333908081, 6.339943885803223]","[1.8397972583770752, 1.5185545682907104, 1.3160045146942139, 1.5841524600982666]"
20779.0,2006-06-01T00:00:00.000000000,"[0.42136821150779724, 0.5093768239021301, 0.4873746931552887, 0.4653724431991577]","[0.2625284194946289, 0.2227887213230133, 0.21841934323310852, 0.24928167462348938]"
20779.0,2006-09-01T00:00:00.000000000,"[0.5093768239021301, 0.4873746931552887, 0.4653724431991577, 0.4873746931552887]","[0.26952487230300903, 0.23481370508670807, 0.23144331574440002, 0.2597913444042206]"
20779.0,2006-12-01T00:00:00.000000000,"[0.4873746931552887, 0.4653724431991577, 0.4873746931552887, 0.5973852872848511]","[0.2862216830253601, 0.2505444586277008, 0.2447824478149414, 0.27345892786979675]"
20779.0,2007-03-01T00:00:00.000000000,"[0.4653724431991577, 0.4873746931552887, 0.5973852872848511, 0.5973852872848511]","[0.30383971333503723, 0.2712633013725281, 0.270377516746521, 0.2977772057056427]"
20779.0,2007-06-01T00:00:00.000000000,"[0.4873746931552887, 0.5973852872848511, 0.5973852872848511, 0.553381085395813]","[0.3249272406101227, 0.288711279630661, 0.28594934940338135, 0.3145366907119751]"
20779.0,2007-09-01T00:00:00.000000000,"[0.5973852872848511, 0.5973852872848511, 0.553381085395813, 0.553381085395813]","[0.33138507604599, 0.29441919922828674, 0.28512972593307495, 0.313595712184906]"
20779.0,2007-12-01T00:00:00.000000000,"[0.5973852872848511, 0.553381085395813, 0.553381085395813, 0.6853939294815063]","[0.3471314013004303, 0.3058522939682007, 0.28875309228897095, 0.3189712166786194]"
20779.0,2008-03-01T00:00:00.000000000,"[0.553381085395813, 0.553381085395813, 0.6853939294815063, 0.6413896679878235]","[0.3498077094554901, 0.31905317306518555, 0.30760738253593445, 0.3337094485759735]"
20779.0,2008-06-01T00:00:00.000000000,"[0.553381085395813, 0.6853939294815063, 0.6413896679878235, 0.553381085395813]","[0.3705286979675293, 0.33352285623550415, 0.3169245421886444, 0.34558701515197754]"
20779.0,2008-09-01T00:00:00.000000000,"[0.6853939294815063, 0.6413896679878235, 0.553381085395813, 0.6193875670433044]","[0.3968356251716614, 0.3468560576438904, 0.31933778524398804, 0.35317477583885193]"
20779.0,2008-12-01T00:00:00.000000000,"[0.6413896679878235, 0.553381085395813, 0.6193875670433044, 0.6413896679878235]","[0.41507890820503235, 0.36467304825782776, 0.33681339025497437, 0.37137845158576965]"
20779.0,2009-03-01T00:00:00.000000000,"[0.553381085395813, 0.6193875670433044, 0.6413896679878235, 0.6413896679878235]","[0.41820329427719116, 0.37828174233436584, 0.3583292067050934, 0.3891298174858093]"
20779.0,2009-06-01T00:00:00.000000000,"[0.6193875670433044, 0.6413896679878235, 0.6413896679878235, 0.6853939294815063]","[0.44566941261291504, 0.3919008672237396, 0.3624841570854187, 0.39896395802497864]"
20779.0,2009-09-01T00:00:00.000000000,"[0.6413896679878235, 0.6413896679878235, 0.6853939294815063, 0.7514004111289978]","[0.47197437286376953, 0.4108961522579193, 0.3785702884197235, 0.4182348847389221]"
20779.0,2009-12-01T00:00:00.000000000,"[0.6413896679878235, 0.6853939294815063, 0.7514004111289978, 0.8394088745117188]","[0.48763835430145264, 0.4288826882839203, 0.4013510048389435, 0.4405071437358856]"
20779.0,2010-03-01T00:00:00.000000000,"[0.6853939294815063, 0.7514004111289978, 0.8394088745117188, 0.9494196176528931]","[0.4967712461948395, 0.46232354640960693, 0.46733909845352173, 0.4977726340293884]"
20779.0,2010-06-01T00:00:00.000000000,"[0.7514004111289978, 0.8394088745117188, 0.9494196176528931, 0.9054153561592102]","[0.5058459043502808, 0.47934308648109436, 0.4902224540710449, 0.5172030925750732]"
20779.0,2010-09-01T00:00:00.000000000,"[0.8394088745117188, 0.9494196176528931, 0.9054153561592102, 1.0154259204864502]","[0.5249627232551575, 0.49844253063201904, 0.5078606605529785, 0.534297525882721]"
20779.0,2010-12-01T00:00:00.000000000,"[0.9494196176528931, 0.9054153561592102, 1.0154259204864502, 1.125436782836914]","[0.5555000305175781, 0.5211610794067383, 0.5243510007858276, 0.5537557601928711]"
20779.0,2011-03-01T00:00:00.000000000,"[0.9054153561592102, 1.0154259204864502, 1.125436782836914, 1.147438883781433]","[0.5873034596443176, 0.5442205667495728, 0.5390623807907104, 0.5724904537200928]"
20779.0,2011-06-01T00:00:00.000000000,"[1.0154259204864502, 1.125436782836914, 1.147438883781433, 0.9934238195419312]","[0.6140317320823669, 0.5527234077453613, 0.5246416926383972, 0.5653407573699951]"
20779.0,2011-09-01T00:00:00.000000000,"[1.125436782836914, 1.147438883781433, 0.9934238195419312, 1.0374282598495483]","[0.6430549025535583, 0.5849761962890625, 0.5647323727607727, 0.6054148077964783]"
20779.0,2011-12-01T00:00:00.000000000,"[1.147438883781433, 0.9934238195419312, 1.0374282598495483, 1.0594303607940674]","[0.6737143397331238, 0.6121844053268433, 0.5891481637954712, 0.6325698494911194]"
20779.0,2012-03-01T00:00:00.000000000,"[0.9934238195419312, 1.0374282598495483, 1.0594303607940674, 0.9714217185974121]","[0.7092980742454529, 0.6500356197357178, 0.6350703239440918, 0.6790643334388733]"
20779.0,2012-06-01T00:00:00.000000000,"[1.0374282598495483, 1.0594303607940674, 0.9714217185974121, 1.0374282598495483]","[0.7168523073196411, 0.6613036394119263, 0.6407566070556641, 0.6826493740081787]"
20779.0,2012-09-01T00:00:00.000000000,"[1.0594303607940674, 0.9714217185974121, 1.0374282598495483, 1.125436782836914]","[0.7305294871330261, 0.6752905249595642, 0.6490698456764221, 0.6907618641853333]"
20779.0,2012-12-01T00:00:00.000000000,"[0.9714217185974121, 1.0374282598495483, 1.125436782836914, 1.147438883781433]","[0.760772705078125, 0.6961321830749512, 0.6606102585792542, 0.7060124278068542]"
20779.0,2013-03-01T00:00:00.000000000,"[1.0374282598495483, 1.125436782836914, 1.147438883781433, 1.103434681892395]","[0.7849500179290771, 0.7194885015487671, 0.6856477856636047, 0.7313135266304016]"
24197.0,2006-03-01T00:00:00.000000000,"[0.5093768239021301, 0.4543713927268982, 0.34436073899269104, 0.37736397981643677]","[0.03975606709718704, -0.011707022786140442, -0.031643711030483246, 0.006861306726932526]"
24197.0,2006-06-01T00:00:00.000000000,"[0.4543713927268982, 0.34436073899269104, 0.37736397981643677, 0.6193875670433044]","[0.08353650569915771, 0.01913798600435257, -0.009021013975143433, 0.03570867329835892]"
24197.0,2006-09-01T00:00:00.000000000,"[0.34436073899269104, 0.37736397981643677, 0.6193875670433044, 0.4873746931552887]","[0.1107916459441185, 0.05487525463104248, 0.04016353189945221, 0.08235711604356766]"
24197.0,2006-12-01T00:00:00.000000000,"[0.37736397981643677, 0.6193875670433044, 0.4873746931552887, 0.35536178946495056]","[0.11837023496627808, 0.06880689412355423, 0.054734647274017334, 0.09415709972381592]"
24197.0,2007-03-01T00:00:00.000000000,"[0.6193875670433044, 0.4873746931552887, 0.35536178946495056, 0.42136821150779724]","[0.14299744367599487, 0.07827810943126678, 0.045736148953437805, 0.09101413935422897]"
24197.0,2007-06-01T00:00:00.000000000,"[0.4873746931552887, 0.35536178946495056, 0.42136821150779724, 0.9274174571037292]","[0.1833415925502777, 0.11069084703922272, 0.07346916198730469, 0.1227506697177887]"
24197.0,2007-12-01T00:00:00.000000000,"[0.35536178946495056, 0.42136821150779724, 0.9274174571037292, 0.6633917689323425]","[0.2126639187335968, 0.15085196495056152, 0.13392333686351776, 0.1799066960811615]"
24197.0,2008-03-01T00:00:00.000000000,"[0.42136821150779724, 0.9274174571037292, 0.6633917689323425, 0.575383186340332]","[0.2190064787864685, 0.1627393513917923, 0.1462259292602539, 0.18958161771297455]"
24197.0,2008-06-01T00:00:00.000000000,"[0.9274174571037292, 0.6633917689323425, 0.575383186340332, 0.9934238195419312]","[0.23735880851745605, 0.1656474620103836, 0.12652334570884705, 0.17538803815841675]"
24197.0,2008-09-01T00:00:00.000000000,"[0.6633917689323425, 0.575383186340332, 0.9934238195419312, 1.3894624710083008]","[0.27142149209976196, 0.2121858298778534, 0.18737104535102844, 0.2332587093114853]"
24197.0,2008-12-01T00:00:00.000000000,"[0.575383186340332, 0.9934238195419312, 1.3894624710083008, 1.0374282598495483]","[0.30839622020721436, 0.25075942277908325, 0.23612463474273682, 0.2824515104293823]"
24197.0,2009-03-01T00:00:00.000000000,"[0.9934238195419312, 1.3894624710083008, 1.0374282598495483, 0.9934238195419312]","[0.3479222059249878, 0.2661549746990204, 0.2270928919315338, 0.28264766931533813]"
24197.0,2009-06-01T00:00:00.000000000,"[1.3894624710083008, 1.0374282598495483, 0.9934238195419312, 1.5214751958847046]","[0.39222002029418945, 0.30088692903518677, 0.2518619894981384, 0.3126111626625061]"
24197.0,2009-09-01T00:00:00.000000000,"[1.0374282598495483, 0.9934238195419312, 1.5214751958847046, 2.0055222511291504]","[0.459430456161499, 0.37202638387680054, 0.3416054844856262, 0.4057067036628723]"
24197.0,2009-12-01T00:00:00.000000000,"[0.9934238195419312, 1.5214751958847046, 2.0055222511291504, 1.6094835996627808]","[0.49865055084228516, 0.41619396209716797, 0.39408594369888306, 0.45742470026016235]"
24197.0,2010-03-01T00:00:00.000000000,"[1.5214751958847046, 2.0055222511291504, 1.6094835996627808, 1.455468773841858]","[0.5324896574020386, 0.42786240577697754, 0.3731808364391327, 0.4450880289077759]"
24197.0,2010-06-01T00:00:00.000000000,"[2.0055222511291504, 1.6094835996627808, 1.455468773841858, 1.8735092878341675]","[0.6037659645080566, 0.48487389087677, 0.41998910903930664, 0.5003703832626343]"
24197.0,2010-09-01T00:00:00.000000000,"[1.6094835996627808, 1.455468773841858, 1.8735092878341675, 2.4455649852752686]","[0.6839667558670044, 0.5573464035987854, 0.488360732793808, 0.577401340007782]"
24197.0,2010-12-01T00:00:00.000000000,"[1.455468773841858, 1.8735092878341675, 2.4455649852752686, 2.027524471282959]","[0.749564528465271, 0.6161587834358215, 0.5458155870437622, 0.6398950815200806]"
24197.0,2011-03-01T00:00:00.000000000,"[1.8735092878341675, 2.4455649852752686, 2.027524471282959, 1.5874814987182617]","[0.8079802989959717, 0.6624012589454651, 0.5817917585372925, 0.6816631555557251]"
24197.0,2011-06-01T00:00:00.000000000,"[2.4455649852752686, 2.027524471282959, 1.5874814987182617, 2.1375350952148438]","[0.8800657987594604, 0.7288526296615601, 0.646899938583374, 0.7516739964485168]"
24197.0,2011-09-01T00:00:00.000000000,"[2.027524471282959, 1.5874814987182617, 2.1375350952148438, 3.083627223968506]","[0.9493945240974426, 0.7977091670036316, 0.7084708213806152, 0.818282425403595]"
24197.0,2011-12-01T00:00:00.000000000,"[1.5874814987182617, 2.1375350952148438, 3.083627223968506, 3.017620801925659]","[1.0208450555801392, 0.8620218634605408, 0.7693265676498413, 0.8843368887901306]"
24197.0,2012-03-01T00:00:00.000000000,"[2.1375350952148438, 3.083627223968506, 3.017620801925659, 3.721689224243164]","[1.1143808364868164, 0.9297612905502319, 0.8304405808448792, 0.9567299485206604]"
24197.0,2012-06-01T00:00:00.000000000,"[3.083627223968506, 3.017620801925659, 3.721689224243164, 4.469761848449707]","[1.178926706314087, 0.995074450969696, 0.8956303596496582, 1.0232958793640137]"
24197.0,2012-09-01T00:00:00.000000000,"[3.017620801925659, 3.721689224243164, 4.469761848449707, 4.447759628295898]","[1.261204481124878, 1.0757699012756348, 0.9667102098464966, 1.101152777671814]"
24197.0,2012-12-01T00:00:00.000000000,"[3.721689224243164, 4.469761848449707, 4.447759628295898, 3.765693426132202]","[1.3822709321975708, 1.1795426607131958, 1.0651638507843018, 1.211745023727417]"
24197.0,2013-03-01T00:00:00.000000000,"[4.469761848449707, 4.447759628295898, 3.765693426132202, 3.4576635360717773]","[1.5907607078552246, 1.329268217086792, 1.186752438545227, 1.365012764930725]"
24316.0,2007-09-01T00:00:00.000000000,"[-0.38170990347862244, -0.4514566659927368, -0.40745237469673157, -0.3377055823802948]","[-0.5228537321090698, -0.5434907674789429, -0.5550388097763062, -0.5408396124839783]"
24316.0,2007-12-01T00:00:00.000000000,"[-0.4514566659927368, -0.40745237469673157, -0.3377055823802948, -0.3229641616344452]","[-0.5171708464622498, -0.531480073928833, -0.5355891585350037, -0.5234649181365967]"
24316.0,2008-03-01T00:00:00.000000000,"[-0.40745237469673157, -0.3377055823802948, -0.3229641616344452, -0.30470237135887146]","[-0.5080929398536682, -0.5262381434440613, -0.5334578156471252, -0.5197824835777283]"
24316.0,2008-06-01T00:00:00.000000000,"[-0.3377055823802948, -0.3229641616344452, -0.30470237135887146, -0.3487066924571991]","[-0.4970959424972534, -0.5204768180847168, -0.5329352617263794, -0.5171671509742737]"
24316.0,2008-09-01T00:00:00.000000000,"[-0.3229641616344452, -0.30470237135887146, -0.3487066924571991, -0.2716991901397705]","[-0.4879235625267029, -0.5119808316230774, -0.5252599716186523, -0.508826494216919]"
24316.0,2008-12-01T00:00:00.000000000,"[-0.30470237135887146, -0.3487066924571991, -0.2716991901397705, -0.2606981098651886]","[-0.4783936142921448, -0.4942057430744171, -0.4953644871711731, -0.48148417472839355]"
24316.0,2009-03-01T00:00:00.000000000,"[-0.3487066924571991, -0.2716991901397705, -0.2606981098651886, -0.39271095395088196]","[-0.4606495499610901, -0.4900731146335602, -0.505663275718689, -0.4861488938331604]"
24316.0,2009-06-01T00:00:00.000000000,"[-0.2716991901397705, -0.2606981098651886, -0.39271095395088196, -0.2716991901397705]","[-0.4498695135116577, -0.4808681905269623, -0.49736106395721436, -0.47710591554641724]"
24316.0,2009-09-01T00:00:00.000000000,"[-0.2606981098651886, -0.39271095395088196, -0.2716991901397705, -0.1726895570755005]","[-0.45204660296440125, -0.47594326734542847, -0.4899928569793701, -0.4722552001476288]"
24316.0,2009-12-01T00:00:00.000000000,"[-0.39271095395088196, -0.2716991901397705, -0.1726895570755005, -0.15068741142749786]","[-0.4324771761894226, -0.4509289264678955, -0.4512692391872406, -0.43475303053855896]"
24316.0,2010-03-01T00:00:00.000000000,"[-0.2716991901397705, -0.1726895570755005, -0.15068741142749786, -0.22769489884376526]","[-0.42465439438819885, -0.44997313618659973, -0.4607399106025696, -0.44234487414360046]"
24316.0,2010-06-01T00:00:00.000000000,"[-0.1726895570755005, -0.15068741142749786, -0.22769489884376526, -0.15068741142749786]","[-0.4112168550491333, -0.4417336583137512, -0.4580257534980774, -0.4374413788318634]"
24316.0,2010-09-01T00:00:00.000000000,"[-0.15068741142749786, -0.22769489884376526, -0.15068741142749786, -0.11768423020839691]","[-0.3964988589286804, -0.42861324548721313, -0.44606614112854004, -0.4241628348827362]"
24316.0,2010-12-01T00:00:00.000000000,"[-0.22769489884376526, -0.15068741142749786, -0.11768423020839691, -0.0956820473074913]","[-0.38185611367225647, -0.4052448272705078, -0.40963783860206604, -0.39023905992507935]"
24316.0,2011-03-01T00:00:00.000000000,"[-0.15068741142749786, -0.11768423020839691, -0.0956820473074913, -0.1836906224489212]","[-0.365251362323761, -0.3976133167743683, -0.41092756390571594, -0.38784682750701904]"
24316.0,2011-06-01T00:00:00.000000000,"[-0.11768423020839691, -0.0956820473074913, -0.1836906224489212, -0.08468098938465118]","[-0.3492439389228821, -0.3874705135822296, -0.40816593170166016, -0.382618248462677]"
24316.0,2011-09-01T00:00:00.000000000,"[-0.0956820473074913, -0.1836906224489212, -0.08468098938465118, -0.05167780816555023]","[-0.3417963981628418, -0.3762374222278595, -0.3957006335258484, -0.37125328183174133]"
24316.0,2011-12-01T00:00:00.000000000,"[-0.1836906224489212, -0.08468098938465118, -0.05167780816555023, 0.014328615739941597]","[-0.3232576847076416, -0.3507169783115387, -0.35729748010635376, -0.3346986472606659]"
24316.0,2012-03-01T00:00:00.000000000,"[-0.08468098938465118, -0.05167780816555023, 0.014328615739941597, -0.018674563616514206]","[-0.3062758445739746, -0.34562569856643677, -0.3657063841819763, -0.33858469128608704]"
24316.0,2012-06-01T00:00:00.000000000,"[-0.05167780816555023, 0.014328615739941597, -0.018674563616514206, -0.05167780816555023]","[-0.2891494631767273, -0.33159083127975464, -0.3548317849636078, -0.3262424170970917]"
24316.0,2012-09-01T00:00:00.000000000,"[0.014328615739941597, -0.018674563616514206, -0.05167780816555023, 0.12433934211730957]","[-0.2836132049560547, -0.32018762826919556, -0.34092018008232117, -0.31431448459625244]"
24316.0,2012-12-01T00:00:00.000000000,"[-0.018674563616514206, -0.05167780816555023, 0.12433934211730957, -0.007673503365367651]","[-0.25721627473831177, -0.2906261086463928, -0.30037182569503784, -0.2738766372203827]"
24316.0,2013-03-01T00:00:00.000000000,"[-0.05167780816555023, 0.12433934211730957, -0.007673503365367651, -0.04067668318748474]","[-0.2303941249847412, -0.2784976661205292, -0.3024704158306122, -0.26998716592788696]"
24344.0,2006-06-01T00:00:00.000000000,"[-2.1968863010406494, -2.284895181655884, -2.328899383544922, -2.526918411254883]","[-1.5097838640213013, -1.709322214126587, -1.7722047567367554, -1.6543546915054321]"
24344.0,2006-09-01T00:00:00.000000000,"[-2.284895181655884, -2.328899383544922, -2.526918411254883, -1.8888564109802246]","[-1.7177305221557617, -1.800826907157898, -1.8744558095932007, -1.7515087127685547]"
24344.0,2006-12-01T00:00:00.000000000,"[-2.328899383544922, -2.526918411254883, -1.8888564109802246, -0.9867687225341797]","[-1.6131932735443115, -1.7629631757736206, -1.8326295614242554, -1.7068425416946411]"
24344.0,2007-03-01T00:00:00.000000000,"[-2.526918411254883, -1.8888564109802246, -0.9867687225341797, -0.3267045319080353]","[-1.9356003999710083, -2.1255178451538086, -1.9555883407592773, -1.992180347442627]"
24344.0,2007-06-01T00:00:00.000000000,"[-1.8888564109802246, -0.9867687225341797, -0.3267045319080353, -0.5027216672897339]","[-1.7468328475952148, -1.896625280380249, -1.8786234855651855, -1.8231854438781738]"
24344.0,2007-09-01T00:00:00.000000000,"[-0.9867687225341797, -0.3267045319080353, -0.5027216672897339, -0.1726895570755005]","[-1.7117481231689453, -1.8135831356048584, -1.9077495336532593, -1.7624835968017578]"
24344.0,2007-12-01T00:00:00.000000000,"[-0.3267045319080353, -0.5027216672897339, -0.1726895570755005, -0.3487066924571991]","[-1.435683012008667, -1.6366642713546753, -1.7765229940414429, -1.5983573198318481]"
24344.0,2008-03-01T00:00:00.000000000,"[-0.5027216672897339, -0.1726895570755005, -0.3487066924571991, 0.06933397799730301]","[-1.400267243385315, -1.6128768920898438, -1.751223087310791, -1.5711939334869385]"
24344.0,2008-06-01T00:00:00.000000000,"[-0.1726895570755005, -0.3487066924571991, 0.06933397799730301, 0.20134682953357697]","[-1.3359322547912598, -1.5646761655807495, -1.702301263809204, -1.5195677280426025]"
24344.0,2008-09-01T00:00:00.000000000,"[-0.3487066924571991, 0.06933397799730301, 0.20134682953357697, 0.15734252333641052]","[-1.2636338472366333, -1.4919744729995728, -1.6304194927215576, -1.446584701538086]"
24344.0,2008-12-01T00:00:00.000000000,"[0.06933397799730301, 0.20134682953357697, 0.15734252333641052, 0.4653724431991577]","[-1.088719367980957, -1.3829092979431152, -1.546034574508667, -1.3333141803741455]"
24344.0,2009-03-01T00:00:00.000000000,"[0.20134682953357697, 0.15734252333641052, 0.4653724431991577, 0.6413896679878235]","[-0.9765348434448242, -1.2983027696609497, -1.472512125968933, -1.2463715076446533]"
24344.0,2009-06-01T00:00:00.000000000,"[0.15734252333641052, 0.4653724431991577, 0.6413896679878235, 0.9714217185974121]","[-0.8223901391029358, -1.191368818283081, -1.3844488859176636, -1.1365845203399658]"
24344.0,2009-09-01T00:00:00.000000000,"[0.4653724431991577, 0.6413896679878235, 0.9714217185974121, 1.3674603700637817]","[-0.7810736298561096, -1.1407175064086914, -1.3369240760803223, -1.0912517309188843]"
24344.0,2009-12-01T00:00:00.000000000,"[0.6413896679878235, 0.9714217185974121, 1.3674603700637817, 1.6974923610687256]","[-0.6959776878356934, -1.055806040763855, -1.2567492723464966, -1.0096063613891602]"
24344.0,2010-03-01T00:00:00.000000000,"[0.9714217185974121, 1.3674603700637817, 1.6974923610687256, 2.1595370769500732]","[-0.6246660351753235, -0.9631771445274353, -1.149890661239624, -0.9097210168838501]"
24344.0,2010-06-01T00:00:00.000000000,"[1.3674603700637817, 1.6974923610687256, 2.1595370769500732, 1.8075029850006104]","[-0.438373863697052, -0.8239683508872986, -1.033584713935852, -0.7725954651832581]"
24344.0,2010-09-01T00:00:00.000000000,"[1.6974923610687256, 2.1595370769500732, 1.8075029850006104, 2.071528673171997]","[-0.30514031648635864, -0.7001755237579346, -0.9172675609588623, -0.6500426530838013]"
24344.0,2010-12-01T00:00:00.000000000,"[2.1595370769500732, 1.8075029850006104, 2.071528673171997, 2.0055222511291504]","[-0.11900687217712402, -0.5510273575782776, -0.7840828895568848, -0.4977872967720032]"
24344.0,2011-03-01T00:00:00.000000000,"[1.8075029850006104, 2.071528673171997, 2.0055222511291504, 3.0396230220794678]","[-0.026962459087371826, -0.4353855550289154, -0.663637638092041, -0.38251081109046936]"
24344.0,2011-06-01T00:00:00.000000000,"[2.071528673171997, 2.0055222511291504, 3.0396230220794678, 4.931806564331055]","[0.18051481246948242, -0.2738058865070343, -0.5181477069854736, -0.21545663475990295]"
24344.0,2011-09-01T00:00:00.000000000,"[2.0055222511291504, 3.0396230220794678, 4.931806564331055, 5.0418171882629395]","[0.25958454608917236, -0.16217058897018433, -0.3984184265136719, -0.10796448588371277]"
24344.0,2011-12-01T00:00:00.000000000,"[3.0396230220794678, 4.931806564331055, 5.0418171882629395, 5.107824325561523]","[0.20085406303405762, -0.10273319482803345, -0.29466813802719116, -0.053607046604156494]"
24344.0,2012-03-01T00:00:00.000000000,"[4.931806564331055, 5.0418171882629395, 5.107824325561523, 4.82179594039917]","[-0.01795351505279541, -0.19857904314994812, -0.3212553560733795, -0.10475516319274902]"
24344.0,2012-06-01T00:00:00.000000000,"[5.0418171882629395, 5.107824325561523, 4.82179594039917, 5.855896949768066]","[0.7908079624176025, 0.385942280292511, 0.14952073991298676, 0.4551689326763153]"
24344.0,2012-09-01T00:00:00.000000000,"[5.107824325561523, 4.82179594039917, 5.855896949768066, 6.1419243812561035]","[1.0771219730377197, 0.6317002773284912, 0.3797827363014221, 0.7081148624420166]"
24344.0,2012-12-01T00:00:00.000000000,"[4.82179594039917, 5.855896949768066, 6.1419243812561035, 7.132020950317383]","[1.368695855140686, 0.8193398714065552, 0.5241574048995972, 0.9057683944702148]"
24344.0,2013-03-01T00:00:00.000000000,"[5.855896949768066, 6.1419243812561035, 7.132020950317383, 6.713980197906494]","[1.5170449018478394, 0.9497770071029663, 0.6423897743225098, 1.0409657955169678]"
24468.0,2006-06-01T00:00:00.000000000,"[6.647973537445068, 7.660072326660156, 8.298134803771973, 7.704076290130615]","[2.646958351135254, 2.3263463973999023, 2.1838173866271973, 2.4153060913085938]"
24468.0,2006-09-01T00:00:00.000000000,"[7.660072326660156, 8.298134803771973, 7.704076290130615, 8.584161758422852]","[2.949427604675293, 2.5698165893554688, 2.4042508602142334, 2.674391031265259]"
24468.0,2006-12-01T00:00:00.000000000,"[8.298134803771973, 7.704076290130615, 8.584161758422852, 9.156217575073242]","[3.2700068950653076, 2.7956290245056152, 2.5417613983154297, 2.865475654602051]"
24468.0,2007-03-01T00:00:00.000000000,"[7.704076290130615, 8.584161758422852, 9.156217575073242, 9.20022201538086]","[3.6118483543395996, 3.067793369293213, 2.7672605514526367, 3.1365573406219482]"
24468.0,2007-06-01T00:00:00.000000000,"[8.584161758422852, 9.156217575073242, 9.20022201538086, 9.838284492492676]","[3.9005470275878906, 3.311499834060669, 2.9874517917633057, 3.3863015174865723]"
24468.0,2007-09-01T00:00:00.000000000,"[9.156217575073242, 9.20022201538086, 9.838284492492676, 10.762373924255371]","[4.182241439819336, 3.567309856414795, 3.225193977355957, 3.6478424072265625]"
24468.0,2007-12-01T00:00:00.000000000,"[9.20022201538086, 9.838284492492676, 10.762373924255371, 10.718369483947754]","[4.504218101501465, 3.8510937690734863, 3.489450693130493, 3.9416847229003906]"
24468.0,2008-03-01T00:00:00.000000000,"[9.838284492492676, 10.762373924255371, 10.718369483947754, 10.388337135314941]","[4.783713340759277, 4.113307952880859, 3.7347657680511475, 4.204690456390381]"
24468.0,2008-06-01T00:00:00.000000000,"[10.762373924255371, 10.718369483947754, 10.388337135314941, 10.740371704101562]","[5.05949592590332, 4.388134479522705, 4.0004496574401855, 4.481912612915039]"
24468.0,2008-09-01T00:00:00.000000000,"[10.718369483947754, 10.388337135314941, 10.740371704101562, 10.388337135314941]","[5.512535572052002, 4.745352268218994, 4.316643714904785, 4.852878093719482]"
24468.0,2008-12-01T00:00:00.000000000,"[10.388337135314941, 10.740371704101562, 10.388337135314941, 13.182609558105469]","[5.835500717163086, 5.055798530578613, 4.618236064910889, 5.170104503631592]"
24468.0,2009-03-01T00:00:00.000000000,"[10.740371704101562, 10.388337135314941, 13.182609558105469, 10.872385025024414]","[6.130716800689697, 5.330672740936279, 4.877202033996582, 5.445846080780029]"
24468.0,2009-06-01T00:00:00.000000000,"[10.388337135314941, 13.182609558105469, 10.872385025024414, 12.610553741455078]","[6.469322204589844, 5.6315741539001465, 5.156998634338379, 5.74894905090332]"
24468.0,2009-09-01T00:00:00.000000000,"[13.182609558105469, 10.872385025024414, 12.610553741455078, 12.060501098632812]","[6.8204026222229, 5.931083679199219, 5.437964916229248, 6.057009696960449]"
24468.0,2009-12-01T00:00:00.000000000,"[10.872385025024414, 12.610553741455078, 12.060501098632812, 15.580842971801758]","[7.264503479003906, 6.303496837615967, 5.763774394989014, 6.4271440505981445]"
24468.0,2010-03-01T00:00:00.000000000,"[12.610553741455078, 12.060501098632812, 15.580842971801758, 14.678754806518555]","[7.449408531188965, 6.560864448547363, 6.063074111938477, 6.699516773223877]"
24468.0,2010-06-01T00:00:00.000000000,"[12.060501098632812, 15.580842971801758, 14.678754806518555, 14.656752586364746]","[7.89087438583374, 6.931804180145264, 6.411694526672363, 7.086836814880371]"
24468.0,2010-09-01T00:00:00.000000000,"[15.580842971801758, 14.678754806518555, 14.656752586364746, 19.431217193603516]","[8.232358932495117, 7.235145092010498, 6.67593240737915, 7.368221282958984]"
24468.0,2010-12-01T00:00:00.000000000,"[14.678754806518555, 14.656752586364746, 19.431217193603516, 19.475223541259766]","[8.779328346252441, 7.776576042175293, 7.291660308837891, 8.007377624511719]"
24468.0,2011-03-01T00:00:00.000000000,"[14.656752586364746, 19.431217193603516, 19.475223541259766, 17.649045944213867]","[9.273669242858887, 8.252439498901367, 7.817612648010254, 8.55426025390625]"
24468.0,2011-06-01T00:00:00.000000000,"[19.431217193603516, 19.475223541259766, 17.649045944213867, 19.409217834472656]","[9.689191818237305, 8.6044921875, 8.102875709533691, 8.870332717895508]"
24468.0,2011-09-01T00:00:00.000000000,"[19.475223541259766, 17.649045944213867, 19.409217834472656, 18.74915313720703]","[10.399469375610352, 9.152950286865234, 8.530981063842773, 9.390104293823242]"
24468.0,2011-12-01T00:00:00.000000000,"[17.649045944213867, 19.409217834472656, 18.74915313720703, 9.376238822937012]","[11.15014362335205, 9.921918869018555, 9.470272064208984, 10.352219581604004]"
24468.0,2012-03-01T00:00:00.000000000,"[19.409217834472656, 18.74915313720703, 9.376238822937012, 11.048401832580566]","[11.620668411254883, 10.358869552612305, 9.874699592590332, 10.77956485748291]"
24468.0,2012-06-01T00:00:00.000000000,"[18.74915313720703, 9.376238822937012, 11.048401832580566, 11.79647445678711]","[12.139150619506836, 10.717000961303711, 10.01286506652832, 10.990290641784668]"
24468.0,2012-09-01T00:00:00.000000000,"[9.376238822937012, 11.048401832580566, 11.79647445678711, 9.794280052185059]","[12.59484577178955, 11.222925186157227, 10.57618522644043, 11.541521072387695]"
24468.0,2012-12-01T00:00:00.000000000,"[11.048401832580566, 11.79647445678711, 9.794280052185059, 6.757984638214111]","[12.62600326538086, 11.443120956420898, 10.984838485717773, 11.8674898147583]"
24617.0,2006-06-01T00:00:00.000000000,"[0.5606417655944824, 0.6193875670433044, 0.4873746931552887, 0.37010324001312256]","[-0.12963636219501495, -0.19141799211502075, -0.22563610970973969, -0.18104133009910583]"
24617.0,2006-09-01T00:00:00.000000000,"[0.6193875670433044, 0.4873746931552887, 0.37010324001312256, 0.7661417722702026]","[-0.09873966872692108, -0.16001242399215698, -0.19567248225212097, -0.14908097684383392]"
24617.0,2006-12-01T00:00:00.000000000,"[0.4873746931552887, 0.37010324001312256, 0.7661417722702026, 0.7514004111289978]","[-0.08149933815002441, -0.13533738255500793, -0.16990047693252563, -0.12414722144603729]"
24617.0,2007-03-01T00:00:00.000000000,"[0.37010324001312256, 0.7661417722702026, 0.7514004111289978, 0.5461203455924988]","[-0.023103222250938416, -0.09529195725917816, -0.13682112097740173, -0.08209328353404999]"
24617.0,2007-06-01T00:00:00.000000000,"[0.7661417722702026, 0.7514004111289978, 0.5461203455924988, 0.35536178946495056]","[0.026585429906845093, -0.060077160596847534, -0.10726302862167358, -0.04597379267215729]"
24617.0,2007-09-01T00:00:00.000000000,"[0.7514004111289978, 0.5461203455924988, 0.35536178946495056, 0.7366588711738586]","[0.06665772944688797, -0.023965194821357727, -0.07409125566482544, -0.00895441323518753]"
24617.0,2007-12-01T00:00:00.000000000,"[0.5461203455924988, 0.35536178946495056, 0.7366588711738586, 0.8101460337638855]","[0.07881667464971542, -0.0005718395113945007, -0.049102626740932465, 0.01298636943101883]"
24617.0,2008-03-01T00:00:00.000000000,"[0.35536178946495056, 0.7366588711738586, 0.8101460337638855, 0.5166375637054443]","[0.1414341926574707, 0.0402863547205925, -0.016220249235630035, 0.05588454008102417]"
24617.0,2008-06-01T00:00:00.000000000,"[0.7366588711738586, 0.8101460337638855, 0.5166375637054443, 0.4726331830024719]","[0.1857098937034607, 0.07356981933116913, 0.01410093903541565, 0.09077297151088715]"
24617.0,2008-09-01T00:00:00.000000000,"[0.8101460337638855, 0.5166375637054443, 0.4726331830024719, 1.0446888208389282]","[0.21165642142295837, 0.10174388438463211, 0.04127679392695427, 0.11813689023256302]"
24617.0,2008-12-01T00:00:00.000000000,"[0.5166375637054443, 0.4726331830024719, 1.0446888208389282, 1.1181758642196655]","[0.21407796442508698, 0.12549446523189545, 0.0758361965417862, 0.1452684998512268]"
24617.0,2009-03-01T00:00:00.000000000,"[0.4726331830024719, 1.0446888208389282, 1.1181758642196655, 1.0446888208389282]","[0.28815415501594543, 0.17255058884620667, 0.1144600361585617, 0.19537648558616638]"
24617.0,2009-06-01T00:00:00.000000000,"[1.0446888208389282, 1.1181758642196655, 1.0446888208389282, 1.2501888275146484]","[0.3300890028476715, 0.2013714462518692, 0.13342183828353882, 0.21909581124782562]"
24617.0,2009-09-01T00:00:00.000000000,"[1.1181758642196655, 1.0446888208389282, 1.2501888275146484, 2.21828293800354]","[0.3792235553264618, 0.24669361114501953, 0.17846879363059998, 0.2675935924053192]"
24617.0,2009-12-01T00:00:00.000000000,"[1.0446888208389282, 1.2501888275146484, 2.21828293800354, 2.4088215827941895]","[0.44627320766448975, 0.341525137424469, 0.3286922574043274, 0.4103745222091675]"
24617.0,2010-03-01T00:00:00.000000000,"[1.2501888275146484, 2.21828293800354, 2.4088215827941895, 2.1595370769500732]","[0.5066894292831421, 0.41163477301597595, 0.42282089591026306, 0.5021786689758301]"
24617.0,2010-06-01T00:00:00.000000000,"[2.21828293800354, 2.4088215827941895, 2.1595370769500732, 1.7047529220581055]","[0.5463368892669678, 0.41413891315460205, 0.362638920545578, 0.4556525945663452]"
24617.0,2010-09-01T00:00:00.000000000,"[2.4088215827941895, 2.1595370769500732, 1.7047529220581055, 2.4675674438476562]","[0.669985294342041, 0.5236822366714478, 0.4743669033050537, 0.5797997713088989]"
24617.0,2010-12-01T00:00:00.000000000,"[2.1595370769500732, 1.7047529220581055, 2.4675674438476562, 2.3062915802001953]","[0.7732731103897095, 0.6348935961723328, 0.6035897135734558, 0.7123761177062988]"
24617.0,2011-03-01T00:00:00.000000000,"[1.7047529220581055, 2.4675674438476562, 2.3062915802001953, 1.9395159482955933]","[0.8849779367446899, 0.7150691747665405, 0.6575816869735718, 0.7819408178329468]"
24617.0,2011-06-01T00:00:00.000000000,"[2.4675674438476562, 2.3062915802001953, 1.9395159482955933, 1.8735092878341675]","[0.949160099029541, 0.7416311502456665, 0.6297606825828552, 0.7681062817573547]"
24617.0,2011-09-01T00:00:00.000000000,"[2.3062915802001953, 1.9395159482955933, 1.8735092878341675, 2.0495264530181885]","[1.0132691860198975, 0.8158582448959351, 0.7042713761329651, 0.8421103954315186]"
24617.0,2011-12-01T00:00:00.000000000,"[1.9395159482955933, 1.8735092878341675, 2.0495264530181885, 3.0616250038146973]","[1.065033197402954, 0.8894746899604797, 0.7928010821342468, 0.9243345260620117]"
24617.0,2012-03-01T00:00:00.000000000,"[1.8735092878341675, 2.0495264530181885, 3.0616250038146973, 2.8416035175323486]","[1.1697046756744385, 0.9698496460914612, 0.8660537600517273, 1.008631706237793]"
24617.0,2012-06-01T00:00:00.000000000,"[2.0495264530181885, 3.0616250038146973, 2.8416035175323486, 3.0396230220794678]","[1.2506352663040161, 1.0341695547103882, 0.9177148342132568, 1.0666940212249756]"
24617.0,2012-09-01T00:00:00.000000000,"[3.0616250038146973, 2.8416035175323486, 3.0396230220794678, 4.381753444671631]","[1.2933375835418701, 1.0843994617462158, 0.9672910571098328, 1.113765001296997]"
24617.0,2012-12-01T00:00:00.000000000,"[2.8416035175323486, 3.0396230220794678, 4.381753444671631, 4.733787536621094]","[1.3717994689941406, 1.1768629550933838, 1.0681782960891724, 1.213526725769043]"
24617.0,2013-03-01T00:00:00.000000000,"[3.0396230220794678, 4.381753444671631, 4.733787536621094, 4.601775169372559]","[1.5334386825561523, 1.299344539642334, 1.1850016117095947, 1.3503146171569824]"
24856.0,2006-06-01T00:00:00.000000000,"[4.491764068603516, 3.8096976280212402, 4.645779132843018, 5.76788854598999]","[0.4353647828102112, 0.2970792055130005, 0.23706018924713135, 0.33395588397979736]"
24856.0,2006-09-01T00:00:00.000000000,"[3.8096976280212402, 4.645779132843018, 5.76788854598999, 6.229933261871338]","[0.7421602010726929, 0.5080097317695618, 0.38156658411026, 0.5441745519638062]"
24856.0,2006-12-01T00:00:00.000000000,"[4.645779132843018, 5.76788854598999, 6.229933261871338, 6.38394832611084]","[0.942785918712616, 0.6698355674743652, 0.5224649310112, 0.7135980129241943]"
24856.0,2007-03-01T00:00:00.000000000,"[5.76788854598999, 6.229933261871338, 6.38394832611084, 6.603969573974609]","[1.159714937210083, 0.8513413667678833, 0.6816574335098267, 0.9027801156044006]"
24856.0,2007-06-01T00:00:00.000000000,"[6.229933261871338, 6.38394832611084, 6.603969573974609, 5.965907573699951]","[1.4458487033843994, 1.082377314567566, 0.880740761756897, 1.1440377235412598]"
24856.0,2007-09-01T00:00:00.000000000,"[6.38394832611084, 6.603969573974609, 5.965907573699951, 6.075918197631836]","[1.757819652557373, 1.3310688734054565, 1.0953764915466309, 1.4028849601745605]"
24856.0,2007-12-01T00:00:00.000000000,"[6.603969573974609, 5.965907573699951, 6.075918197631836, 5.349847793579102]","[2.0363197326660156, 1.56593918800354, 1.304805874824524, 1.6458287239074707]"
24856.0,2008-03-01T00:00:00.000000000,"[5.965907573699951, 6.075918197631836, 5.349847793579102, 5.239837169647217]","[2.3041391372680664, 1.7981388568878174, 1.5153272151947021, 1.884943962097168]"
24856.0,2008-06-01T00:00:00.000000000,"[6.075918197631836, 5.349847793579102, 5.239837169647217, 4.20573616027832]","[2.5265324115753174, 1.9976840019226074, 1.7009313106536865, 2.088677167892456]"
24856.0,2008-09-01T00:00:00.000000000,"[5.349847793579102, 5.239837169647217, 4.20573616027832, 4.931806564331055]","[2.752070188522339, 2.199781656265259, 1.889448642730713, 2.294663906097412]"
24856.0,2008-12-01T00:00:00.000000000,"[5.239837169647217, 4.20573616027832, 4.931806564331055, 4.2937445640563965]","[2.9248862266540527, 2.366950273513794, 2.051501989364624, 2.4628992080688477]"
24856.0,2009-03-01T00:00:00.000000000,"[4.20573616027832, 4.931806564331055, 4.2937445640563965, 3.21563982963562]","[3.079434871673584, 2.524764060974121, 2.2079572677612305, 2.6205687522888184]"
24856.0,2009-06-01T00:00:00.000000000,"[4.931806564331055, 4.2937445640563965, 3.21563982963562, 2.5555758476257324]","[3.1991734504699707, 2.6457457542419434, 2.329025983810425, 2.741199016571045]"
24856.0,2009-09-01T00:00:00.000000000,"[4.2937445640563965, 3.21563982963562, 2.5555758476257324, 3.5016677379608154]","[3.383145332336426, 2.8047282695770264, 2.478128671646118, 2.9020121097564697]"
24856.0,2009-12-01T00:00:00.000000000,"[3.21563982963562, 2.5555758476257324, 3.5016677379608154, 3.3476529121398926]","[3.5110795497894287, 2.9294471740722656, 2.601083278656006, 3.025545358657837]"
24856.0,2010-03-01T00:00:00.000000000,"[2.5555758476257324, 3.5016677379608154, 3.3476529121398926, 2.4675674438476562]","[3.5614800453186035, 3.0024707317352295, 2.6826915740966797, 3.0953855514526367]"
24856.0,2010-06-01T00:00:00.000000000,"[3.5016677379608154, 3.3476529121398926, 2.4675674438476562, 3.171635627746582]","[3.5999066829681396, 3.0585315227508545, 2.7473154067993164, 3.1502206325531006]"
24856.0,2010-09-01T00:00:00.000000000,"[3.3476529121398926, 2.4675674438476562, 3.171635627746582, 3.3036487102508545]","[3.756885051727295, 3.1729350090026855, 2.8464770317077637, 3.2655129432678223]"
24856.0,2010-12-01T00:00:00.000000000,"[2.4675674438476562, 3.171635627746582, 3.3036487102508545, 3.1496336460113525]","[3.8610031604766846, 3.264211654663086, 2.9328389167785645, 3.3548812866210938]"
24856.0,2011-03-01T00:00:00.000000000,"[3.171635627746582, 3.3036487102508545, 3.1496336460113525, 2.1595370769500732]","[3.847245931625366, 3.296210765838623, 2.9836041927337646, 3.3836231231689453]"
24856.0,2011-06-01T00:00:00.000000000,"[3.3036487102508545, 3.1496336460113525, 2.1595370769500732, 2.9956183433532715]","[3.930936336517334, 3.3700108528137207, 3.0524070262908936, 3.454245090484619]"
24856.0,2011-09-01T00:00:00.000000000,"[3.1496336460113525, 2.1595370769500732, 2.9956183433532715, 1.7414965629577637]","[4.005441665649414, 3.449375867843628, 3.1384243965148926, 3.5357255935668945]"
24856.0,2011-12-01T00:00:00.000000000,"[2.1595370769500732, 2.9956183433532715, 1.7414965629577637, 3.9417104721069336]","[4.036219596862793, 3.505821466445923, 3.2043166160583496, 3.58750581741333]"
24856.0,2012-03-01T00:00:00.000000000,"[2.9956183433532715, 1.7414965629577637, 3.9417104721069336, 4.117727756500244]","[4.013278961181641, 3.5315513610839844, 3.2544169425964355, 3.6141457557678223]"
24856.0,2012-06-01T00:00:00.000000000,"[1.7414965629577637, 3.9417104721069336, 4.117727756500244, 3.875704050064087]","[4.056467056274414, 3.591703176498413, 3.3236045837402344, 3.6725900173187256]"
24856.0,2012-09-01T00:00:00.000000000,"[3.9417104721069336, 4.117727756500244, 3.875704050064087, 3.4136593341827393]","[3.945992946624756, 3.5544192790985107, 3.316647529602051, 3.6344077587127686]"
24856.0,2012-12-01T00:00:00.000000000,"[4.117727756500244, 3.875704050064087, 3.4136593341827393, 5.129826545715332]","[4.07843542098999, 3.674208402633667, 3.4321250915527344, 3.7499728202819824]"
24856.0,2013-03-01T00:00:00.000000000,"[3.875704050064087, 3.4136593341827393, 5.129826545715332, 0.8174067735671997]","[4.233997344970703, 3.7979695796966553, 3.5468647480010986, 3.873903512954712]"
24925.0,2006-06-01T00:00:00.000000000,"[2.7315926551818848, 2.7095906734466553, 3.369654893875122, 2.7095906734466553]","[1.6518421173095703, 1.4526236057281494, 1.3516998291015625, 1.4892666339874268]"
24925.0,2006-09-01T00:00:00.000000000,"[2.7095906734466553, 3.369654893875122, 2.7095906734466553, 3.0396230220794678]","[1.7207452058792114, 1.5185534954071045, 1.4100521802902222, 1.5498223304748535]"
24925.0,2006-12-01T00:00:00.000000000,"[3.369654893875122, 2.7095906734466553, 3.0396230220794678, 2.8416035175323486]","[1.7673439979553223, 1.5748941898345947, 1.4643505811691284, 1.6005955934524536]"
24925.0,2007-03-01T00:00:00.000000000,"[2.7095906734466553, 3.0396230220794678, 2.8416035175323486, 3.3036487102508545]","[1.892528772354126, 1.722785234451294, 1.669371247291565, 1.8026950359344482]"
24925.0,2007-06-01T00:00:00.000000000,"[3.0396230220794678, 2.8416035175323486, 3.3036487102508545, 2.5995800495147705]","[1.964408278465271, 1.7506171464920044, 1.6361043453216553, 1.785360336303711]"
24925.0,2007-09-01T00:00:00.000000000,"[2.8416035175323486, 3.3036487102508545, 2.5995800495147705, 2.7315926551818848]","[2.039947509765625, 1.8218351602554321, 1.7011953592300415, 1.8531742095947266]"
24925.0,2007-12-01T00:00:00.000000000,"[3.3036487102508545, 2.5995800495147705, 2.7315926551818848, 2.929612159729004]","[2.075848340988159, 1.872900366783142, 1.75410795211792, 1.8996597528457642]"
24925.0,2008-03-01T00:00:00.000000000,"[2.5995800495147705, 2.7315926551818848, 2.929612159729004, 3.3916571140289307]","[2.184279680252075, 2.002941370010376, 1.93738853931427, 2.078463554382324]"
24925.0,2008-06-01T00:00:00.000000000,"[2.7315926551818848, 2.929612159729004, 3.3916571140289307, 3.9417104721069336]","[2.241804361343384, 2.019726037979126, 1.897260308265686, 2.052199363708496]"
24925.0,2008-09-01T00:00:00.000000000,"[2.929612159729004, 3.3916571140289307, 3.9417104721069336, 4.227738380432129]","[2.2980475425720215, 2.080442428588867, 1.9648430347442627, 2.1176881790161133]"
24925.0,2008-12-01T00:00:00.000000000,"[3.3916571140289307, 3.9417104721069336, 4.227738380432129, 4.491764068603516]","[2.3253283500671387, 2.1196720600128174, 2.00044322013855, 2.147738218307495]"
24925.0,2009-03-01T00:00:00.000000000,"[3.9417104721069336, 4.227738380432129, 4.491764068603516, 5.239837169647217]","[2.480433702468872, 2.2956206798553467, 2.262998342514038, 2.407546281814575]"
24925.0,2009-06-01T00:00:00.000000000,"[4.227738380432129, 4.491764068603516, 5.239837169647217, 5.0418171882629395]","[2.6183857917785645, 2.3629562854766846, 2.256319284439087, 2.430478811264038]"
24925.0,2009-09-01T00:00:00.000000000,"[4.491764068603516, 5.239837169647217, 5.0418171882629395, 5.6578779220581055]","[2.752106189727783, 2.50551176071167, 2.4349865913391113, 2.6110570430755615]"
24925.0,2009-12-01T00:00:00.000000000,"[5.239837169647217, 5.0418171882629395, 5.6578779220581055, 6.097919940948486]","[2.860441207885742, 2.5817008018493652, 2.468139171600342, 2.660439968109131]"
24925.0,2010-03-01T00:00:00.000000000,"[5.0418171882629395, 5.6578779220581055, 6.097919940948486, 6.38394832611084]","[3.0275216102600098, 2.8043577671051025, 2.793534994125366, 2.9739737510681152]"
24925.0,2010-06-01T00:00:00.000000000,"[5.6578779220581055, 6.097919940948486, 6.38394832611084, 6.559965133666992]","[3.2066640853881836, 2.926825523376465, 2.86468768119812, 3.0705323219299316]"
24925.0,2010-09-01T00:00:00.000000000,"[6.097919940948486, 6.38394832611084, 6.559965133666992, 6.053915977478027]","[3.3578860759735107, 3.0349526405334473, 2.9130728244781494, 3.140465497970581]"
24925.0,2010-12-01T00:00:00.000000000,"[6.38394832611084, 6.559965133666992, 6.053915977478027, 6.537962913513184]","[3.4986791610717773, 3.1373677253723145, 2.9456450939178467, 3.192460775375366]"
24925.0,2011-03-01T00:00:00.000000000,"[6.559965133666992, 6.053915977478027, 6.537962913513184, 6.757984638214111]","[3.6401333808898926, 3.359602689743042, 3.268862724304199, 3.492762327194214]"
24925.0,2011-06-01T00:00:00.000000000,"[6.053915977478027, 6.537962913513184, 6.757984638214111, 6.00991153717041]","[3.8828277587890625, 3.503127098083496, 3.3168442249298096, 3.5851118564605713]"
24925.0,2011-09-01T00:00:00.000000000,"[6.537962913513184, 6.757984638214111, 6.00991153717041, 5.76788854598999]","[4.050468444824219, 3.6310884952545166, 3.3996798992156982, 3.6853532791137695]"
24925.0,2011-12-01T00:00:00.000000000,"[6.757984638214111, 6.00991153717041, 5.76788854598999, 6.273937702178955]","[4.168913841247559, 3.775599956512451, 3.552809715270996, 3.831235885620117]"
24925.0,2012-03-01T00:00:00.000000000,"[6.00991153717041, 5.76788854598999, 6.273937702178955, 7.132020950317383]","[4.301605701446533, 3.91729736328125, 3.6975796222686768, 3.97774076461792]"
24925.0,2012-06-01T00:00:00.000000000,"[5.76788854598999, 6.273937702178955, 7.132020950317383, 7.220029354095459]","[4.497692584991455, 4.066740989685059, 3.8232481479644775, 4.123407363891602]"
24925.0,2012-09-01T00:00:00.000000000,"[6.273937702178955, 7.132020950317383, 7.220029354095459, 7.57206392288208]","[4.637118816375732, 4.1921000480651855, 3.943495512008667, 4.249574184417725]"
24925.0,2012-12-01T00:00:00.000000000,"[7.132020950317383, 7.220029354095459, 7.57206392288208, 7.902095794677734]","[4.735972881317139, 4.31320333480835, 4.0738525390625, 4.371320724487305]"
24925.0,2013-03-01T00:00:00.000000000,"[7.220029354095459, 7.57206392288208, 7.902095794677734, 7.506057262420654]","[4.846092700958252, 4.472811222076416, 4.2797770500183105, 4.562060356140137]"
24975.0,2005-06-01T00:00:00.000000000,"[0.7293981313705444, 0.7293981313705444, 0.7073960304260254, 1.0594303607940674]","[0.3371594250202179, 0.22980129718780518, 0.17360325157642365, 0.24573712050914764]"
24975.0,2005-09-01T00:00:00.000000000,"[0.7293981313705444, 0.7073960304260254, 1.0594303607940674, 0.7954046130180359]","[0.3717969059944153, 0.2611045837402344, 0.2088848054409027, 0.28365835547447205]"
24975.0,2005-12-01T00:00:00.000000000,"[0.7073960304260254, 1.0594303607940674, 0.7954046130180359, 0.6853939294815063]","[0.4021896719932556, 0.3296927213668823, 0.3378770351409912, 0.39993786811828613]"
24975.0,2006-03-01T00:00:00.000000000,"[1.0594303607940674, 0.7954046130180359, 0.6853939294815063, 0.7734025120735168]","[0.42552679777145386, 0.34471648931503296, 0.3325278162956238, 0.3958474397659302]"
24975.0,2006-06-01T00:00:00.000000000,"[0.7954046130180359, 0.6853939294815063, 0.7734025120735168, 0.7954046130180359]","[0.481630802154541, 0.4153103232383728, 0.4319269359111786, 0.49104225635528564]"
24975.0,2006-09-01T00:00:00.000000000,"[0.6853939294815063, 0.7734025120735168, 0.7954046130180359, 1.0814324617385864]","[0.5158898234367371, 0.45047128200531006, 0.46863919496536255, 0.5266598463058472]"
24975.0,2006-12-01T00:00:00.000000000,"[0.7734025120735168, 0.7954046130180359, 1.0814324617385864, 0.9714217185974121]","[0.5181366801261902, 0.45496928691864014, 0.4583434462547302, 0.5132269859313965]"
24975.0,2007-03-01T00:00:00.000000000,"[0.7954046130180359, 1.0814324617385864, 0.9714217185974121, 0.9934238195419312]","[0.5313199162483215, 0.45766302943229675, 0.43380632996559143, 0.49044057726860046]"
24975.0,2007-06-01T00:00:00.000000000,"[1.0814324617385864, 0.9714217185974121, 0.9934238195419312, 1.3674603700637817]","[0.571445643901825, 0.5142311453819275, 0.5221242904663086, 0.5725442171096802]"
24975.0,2007-09-01T00:00:00.000000000,"[0.9714217185974121, 0.9934238195419312, 1.3674603700637817, 1.2354472875595093]","[0.6127973198890686, 0.5652382969856262, 0.5886045694351196, 0.6354458332061768]"
24975.0,2007-12-01T00:00:00.000000000,"[0.9934238195419312, 1.3674603700637817, 1.2354472875595093, 1.323456048965454]","[0.6381194591522217, 0.5730870366096497, 0.5670824646949768, 0.6195529699325562]"
24975.0,2008-03-01T00:00:00.000000000,"[1.3674603700637817, 1.2354472875595093, 1.323456048965454, 0.8174067735671997]","[0.6574607491493225, 0.5887435674667358, 0.5687222480773926, 0.6213098764419556]"
24975.0,2008-06-01T00:00:00.000000000,"[1.2354472875595093, 1.323456048965454, 0.8174067735671997, 1.7194944620132446]","[0.6916149258613586, 0.6287525296211243, 0.6116851568222046, 0.6633162498474121]"
24975.0,2008-12-01T00:00:00.000000000,"[1.323456048965454, 0.8174067735671997, 1.7194944620132446, 1.6754902601242065]","[0.7521643042564392, 0.6720261573791504, 0.6475980877876282, 0.7073482871055603]"
24975.0,2009-03-01T00:00:00.000000000,"[0.8174067735671997, 1.7194944620132446, 1.6754902601242065, 1.3894624710083008]","[0.7896280288696289, 0.6911206245422363, 0.6396891474723816, 0.7067857384681702]"
24975.0,2009-06-01T00:00:00.000000000,"[1.7194944620132446, 1.6754902601242065, 1.3894624710083008, 1.0154259204864502]","[0.7743887305259705, 0.6928187012672424, 0.6444773077964783, 0.7038080096244812]"
24975.0,2009-12-01T00:00:00.000000000,"[1.6754902601242065, 1.3894624710083008, 1.0154259204864502, 1.6754902601242065]","[0.8363863229751587, 0.744970440864563, 0.6928097605705261, 0.7593890428543091]"
24975.0,2010-03-01T00:00:00.000000000,"[1.3894624710083008, 1.0154259204864502, 1.6754902601242065, 1.8515071868896484]","[0.9481382966041565, 0.8151899576187134, 0.7449088096618652, 0.8308021426200867]"
24975.0,2010-06-01T00:00:00.000000000,"[1.0154259204864502, 1.6754902601242065, 1.8515071868896484, 1.8955113887786865]","[0.9884301424026489, 0.8604116439819336, 0.8017368912696838, 0.8867275714874268]"
24975.0,2010-09-01T00:00:00.000000000,"[1.6754902601242065, 1.8515071868896484, 1.8955113887786865, 1.8295050859451294]","[0.9611400961875916, 0.8505625128746033, 0.7881183624267578, 0.8650871515274048]"
24975.0,2011-03-01T00:00:00.000000000,"[1.8515071868896484, 1.8955113887786865, 1.8295050859451294, 1.5214751958847046]","[1.0193136930465698, 0.9025575518608093, 0.8429288864135742, 0.9244251251220703]"
24975.0,2011-06-01T00:00:00.000000000,"[1.8955113887786865, 1.8295050859451294, 1.5214751958847046, 1.9835201501846313]","[1.0982294082641602, 0.9862841367721558, 0.9499127864837646, 1.0317059755325317]"
24975.0,2011-12-01T00:00:00.000000000,"[1.8295050859451294, 1.5214751958847046, 1.9835201501846313, 3.127631425857544]","[1.1651456356048584, 1.064642310142517, 1.055211067199707, 1.1349149942398071]"
24975.0,2012-03-01T00:00:00.000000000,"[1.5214751958847046, 1.9835201501846313, 3.127631425857544, 2.775597333908081]","[1.197764277458191, 1.063646912574768, 0.9966316819190979, 1.0888510942459106]"
24975.0,2012-06-01T00:00:00.000000000,"[1.9835201501846313, 3.127631425857544, 2.775597333908081, 2.6435842514038086]","[1.2023451328277588, 1.0870715379714966, 1.025865077972412, 1.1094167232513428]"
24975.0,2012-09-01T00:00:00.000000000,"[3.127631425857544, 2.775597333908081, 2.6435842514038086, 3.0396230220794678]","[1.2458703517913818, 1.1414787769317627, 1.0921289920806885, 1.1726295948028564]"
24975.0,2012-12-01T00:00:00.000000000,"[2.775597333908081, 2.6435842514038086, 3.0396230220794678, 3.281646251678467]","[1.4218366146087646, 1.2724825143814087, 1.2113817930221558, 1.3184492588043213]"
24975.0,2013-03-01T00:00:00.000000000,"[2.6435842514038086, 3.0396230220794678, 3.281646251678467, 3.3036487102508545]","[1.5296962261199951, 1.3382936716079712, 1.2359694242477417, 1.3627649545669556]"
25124.0,2006-06-01T00:00:00.000000000,"[2.775597333908081, 2.8636057376861572, 2.7535951137542725, 2.4455649852752686]","[2.111988067626953, 1.9803348779678345, 1.9619081020355225, 2.065490484237671]"
25124.0,2006-09-01T00:00:00.000000000,"[2.8636057376861572, 2.7535951137542725, 2.4455649852752686, 2.4895694255828857]","[2.157335042953491, 2.0372543334960938, 2.0273044109344482, 2.1259260177612305]"
25124.0,2006-12-01T00:00:00.000000000,"[2.7535951137542725, 2.4455649852752686, 2.4895694255828857, 2.5115716457366943]","[2.2161941528320312, 2.089475631713867, 2.0697014331817627, 2.1702120304107666]"
25124.0,2007-03-01T00:00:00.000000000,"[2.4455649852752686, 2.4895694255828857, 2.5115716457366943, 2.533573627471924]","[2.2774152755737305, 2.167694330215454, 2.1777710914611816, 2.271585702896118]"
25124.0,2007-06-01T00:00:00.000000000,"[2.4895694255828857, 2.5115716457366943, 2.533573627471924, 2.115532875061035]","[2.290099620819092, 2.1680283546447754, 2.1411025524139404, 2.236392021179199]"
25124.0,2007-09-01T00:00:00.000000000,"[2.5115716457366943, 2.533573627471924, 2.115532875061035, 2.3575565814971924]","[2.311652183532715, 2.1982412338256836, 2.1723520755767822, 2.262375831604004]"
25124.0,2007-12-01T00:00:00.000000000,"[2.533573627471924, 2.115532875061035, 2.3575565814971924, 2.4015607833862305]","[2.3392245769500732, 2.2357594966888428, 2.216978073120117, 2.301262855529785]"
25124.0,2008-03-01T00:00:00.000000000,"[2.115532875061035, 2.3575565814971924, 2.4015607833862305, 2.4015607833862305]","[2.3892812728881836, 2.2979142665863037, 2.3059191703796387, 2.3849785327911377]"
25124.0,2008-06-01T00:00:00.000000000,"[2.3575565814971924, 2.4015607833862305, 2.4015607833862305, 2.313552141189575]","[2.3817543983459473, 2.277255058288574, 2.245746374130249, 2.3261797428131104]"
25124.0,2008-09-01T00:00:00.000000000,"[2.4015607833862305, 2.4015607833862305, 2.313552141189575, 2.5115716457366943]","[2.3972177505493164, 2.3044919967651367, 2.2824063301086426, 2.356565475463867]"
25124.0,2008-12-01T00:00:00.000000000,"[2.4015607833862305, 2.313552141189575, 2.5115716457366943, 2.5995800495147705]","[2.401761054992676, 2.311774969100952, 2.2803397178649902, 2.351487874984741]"
25124.0,2009-03-01T00:00:00.000000000,"[2.313552141189575, 2.5115716457366943, 2.5995800495147705, 2.6435842514038086]","[2.4256646633148193, 2.319382429122925, 2.265772581100464, 2.3418328762054443]"
25124.0,2009-06-01T00:00:00.000000000,"[2.5115716457366943, 2.5995800495147705, 2.6435842514038086, 2.929612159729004]","[2.4366631507873535, 2.332399845123291, 2.275442600250244, 2.34906268119812]"
25124.0,2009-09-01T00:00:00.000000000,"[2.5995800495147705, 2.6435842514038086, 2.929612159729004, 3.083627223968506]","[2.4521501064300537, 2.3508734703063965, 2.2937777042388916, 2.3654162883758545]"
25124.0,2009-12-01T00:00:00.000000000,"[2.6435842514038086, 2.929612159729004, 3.083627223968506, 3.017620801925659]","[2.468282461166382, 2.3716204166412354, 2.3167591094970703, 2.386077880859375]"
25434.0,2006-06-01T00:00:00.000000000,"[0.047331858426332474, 0.11333828419446945, 0.17934469878673553, 0.025329740718007088]","[-0.26956769824028015, -0.30914613604545593, -0.3325631022453308, -0.3035588264465332]"
25434.0,2006-09-01T00:00:00.000000000,"[0.11333828419446945, 0.17934469878673553, 0.025329740718007088, 0.2233489453792572]","[-0.23679625988006592, -0.2851605713367462, -0.3114767074584961, -0.27806106209754944]"
25434.0,2006-12-01T00:00:00.000000000,"[0.17934469878673553, 0.025329740718007088, 0.2233489453792572, 0.2453511357307434]","[-0.211293563246727, -0.2632049322128296, -0.29112136363983154, -0.25539684295654297]"
25434.0,2007-03-01T00:00:00.000000000,"[0.025329740718007088, 0.2233489453792572, 0.2453511357307434, 0.3113575577735901]","[-0.2000977098941803, -0.24802078306674957, -0.2759970724582672, -0.24090689420700073]"
25434.0,2007-06-01T00:00:00.000000000,"[0.2233489453792572, 0.2453511357307434, 0.3113575577735901, 0.15734252333641052]","[-0.18548965454101562, -0.23337197303771973, -0.261995792388916, -0.22672607004642487]"
25434.0,2007-09-01T00:00:00.000000000,"[0.2453511357307434, 0.3113575577735901, 0.15734252333641052, 0.37736397981643677]","[-0.14243978261947632, -0.20321884751319885, -0.23682408034801483, -0.195169597864151]"
25434.0,2007-12-01T00:00:00.000000000,"[0.3113575577735901, 0.15734252333641052, 0.37736397981643677, 0.5313789248466492]","[-0.11332954466342926, -0.1774228811264038, -0.21214023232460022, -0.16829147934913635]"
25434.0,2008-03-01T00:00:00.000000000,"[0.15734252333641052, 0.37736397981643677, 0.5313789248466492, 0.44337034225463867]","[-0.09651532769203186, -0.1565239429473877, -0.18905267119407654, -0.14573541283607483]"
25434.0,2008-06-01T00:00:00.000000000,"[0.37736397981643677, 0.5313789248466492, 0.44337034225463867, 0.2893553674221039]","[-0.0739986002445221, -0.13893651962280273, -0.17585903406143188, -0.13034111261367798]"
25434.0,2008-09-01T00:00:00.000000000,"[0.5313789248466492, 0.44337034225463867, 0.2893553674221039, 0.5093768239021301]","[-0.026830732822418213, -0.10461466014385223, -0.14645984768867493, -0.09456073492765427]"
25434.0,2008-12-01T00:00:00.000000000,"[0.44337034225463867, 0.2893553674221039, 0.5093768239021301, 0.5093768239021301]","[0.018862858414649963, -0.06883737444877625, -0.11584964394569397, -0.05837807059288025]"
25434.0,2009-03-01T00:00:00.000000000,"[0.2893553674221039, 0.5093768239021301, 0.5093768239021301, 0.575383186340332]","[0.04779702425003052, -0.02844962477684021, -0.05659007281064987, -0.0021218955516815186]"
25434.0,2009-06-01T00:00:00.000000000,"[0.5093768239021301, 0.5093768239021301, 0.575383186340332, 0.4653724431991577]","[0.06326393038034439, -0.009932160377502441, -0.03804374486207962, 0.015134654939174652]"
25434.0,2009-09-01T00:00:00.000000000,"[0.5093768239021301, 0.575383186340332, 0.4653724431991577, 0.6633917689323425]","[0.09293621778488159, 0.024538666009902954, 0.002654917538166046, 0.054619744420051575]"
25434.0,2009-12-01T00:00:00.000000000,"[0.575383186340332, 0.4653724431991577, 0.6633917689323425, 0.6633917689323425]","[0.12095124274492264, 0.04459298402070999, 0.009499773383140564, 0.06443306058645248]"
25434.0,2010-03-01T00:00:00.000000000,"[0.4653724431991577, 0.6633917689323425, 0.6633917689323425, 0.7954046130180359]","[0.1509801298379898, 0.08898638188838959, 0.07348810136318207, 0.12354910373687744]"
25434.0,2010-06-01T00:00:00.000000000,"[0.6633917689323425, 0.6633917689323425, 0.7954046130180359, 0.6193875670433044]","[0.18105047941207886, 0.11015546321868896, 0.08394994586706161, 0.13719744980335236]"
25434.0,2010-09-01T00:00:00.000000000,"[0.6633917689323425, 0.7954046130180359, 0.6193875670433044, 1.0154259204864502]","[0.2257196456193924, 0.142198383808136, 0.10608832538127899, 0.16501440107822418]"
25434.0,2010-12-01T00:00:00.000000000,"[0.7954046130180359, 0.6193875670433044, 1.0154259204864502, 0.8394088745117188]","[0.2507348954677582, 0.16329798102378845, 0.11714264750480652, 0.17762136459350586]"
25434.0,2011-03-01T00:00:00.000000000,"[0.6193875670433044, 1.0154259204864502, 0.8394088745117188, 1.0374282598495483]","[0.27634960412979126, 0.2131352424621582, 0.19637492299079895, 0.24875910580158234]"
25434.0,2011-06-01T00:00:00.000000000,"[1.0154259204864502, 0.8394088745117188, 1.0374282598495483, 0.003327556187286973]","[0.31996890902519226, 0.23952428996562958, 0.20874342322349548, 0.26804256439208984]"
25434.0,2011-09-01T00:00:00.000000000,"[0.8394088745117188, 1.0374282598495483, 0.003327556187286973, -1.7128393650054932]","[0.38128331303596497, 0.2810847759246826, 0.23421761393547058, 0.30273619294166565]"
25434.0,2011-12-01T00:00:00.000000000,"[1.0374282598495483, 0.003327556187286973, -1.7128393650054932, 0.42136821150779724]","[0.41015949845314026, 0.30655577778816223, 0.25224512815475464, 0.3224247992038727]"
25434.0,2012-03-01T00:00:00.000000000,"[0.003327556187286973, -1.7128393650054932, 0.42136821150779724, 0.6413896679878235]","[0.44999760389328003, 0.37522178888320923, 0.3634738326072693, 0.4245985150337219]"
25434.0,2012-06-01T00:00:00.000000000,"[-1.7128393650054932, 0.42136821150779724, 0.6413896679878235, 0.6633917689323425]","[0.44472384452819824, 0.35522350668907166, 0.31433621048927307, 0.3796560764312744]"
25434.0,2012-09-01T00:00:00.000000000,"[0.42136821150779724, 0.6413896679878235, 0.6633917689323425, 1.5214751958847046]","[0.4153062105178833, 0.31703656911849976, 0.2585830092430115, 0.33539098501205444]"
25434.0,2012-12-01T00:00:00.000000000,"[0.6413896679878235, 0.6633917689323425, 1.5214751958847046, 1.499472975730896]","[0.4313255250453949, 0.33379366993904114, 0.276042103767395, 0.3524084687232971]"
25434.0,2013-03-01T00:00:00.000000000,"[0.6633917689323425, 1.5214751958847046, 1.499472975730896, 0.8834132552146912]","[0.4658074676990509, 0.3623058795928955, 0.3020229637622833, 0.38054269552230835]"
27928.0,2006-06-01T00:00:00.000000000,"[7.066014289855957, -0.722743034362793, -0.920762300491333, -0.8327537775039673]","[0.7734370231628418, 0.5126444697380066, 0.3662249743938446, 0.6205097436904907]"
27928.0,2006-09-01T00:00:00.000000000,"[-0.722743034362793, -0.920762300491333, -0.8327537775039673, 5.569868564605713]","[0.9253234267234802, 0.7363025546073914, 0.5587093234062195, 0.8307216167449951]"
27928.0,2006-12-01T00:00:00.000000000,"[-0.920762300491333, -0.8327537775039673, 5.569868564605713, -0.8107516169548035]","[0.6969298720359802, 0.5871534943580627, 0.46077197790145874, 0.6974174976348877]"
27928.0,2007-03-01T00:00:00.000000000,"[-0.8327537775039673, 5.569868564605713, -0.8107516169548035, -0.5027216672897339]","[0.9952056407928467, 0.7643844485282898, 0.5928682684898376, 0.8616733551025391]"
27928.0,2007-06-01T00:00:00.000000000,"[5.569868564605713, -0.8107516169548035, -0.5027216672897339, -0.15068741142749786]","[0.9723310470581055, 0.6681528091430664, 0.4961532950401306, 0.7958804368972778]"
27928.0,2007-09-01T00:00:00.000000000,"[-0.8107516169548035, -0.5027216672897339, -0.15068741142749786, 6.8459930419921875]","[0.8556485176086426, 0.6800060868263245, 0.5331599116325378, 0.8109145164489746]"
27928.0,2007-12-01T00:00:00.000000000,"[-0.5027216672897339, -0.15068741142749786, 6.8459930419921875, -0.5247237682342529]","[0.5668746829032898, 0.47492995858192444, 0.3938141465187073, 0.6323688626289368]"
27928.0,2008-03-01T00:00:00.000000000,"[-0.15068741142749786, 6.8459930419921875, -0.5247237682342529, -0.5687280893325806]","[0.9461418390274048, 0.7375274300575256, 0.5822076201438904, 0.8648912906646729]"
27928.0,2008-06-01T00:00:00.000000000,"[6.8459930419921875, -0.5247237682342529, -0.5687280893325806, -0.12868529558181763]","[1.0921897888183594, 0.7736923098564148, 0.581145167350769, 0.9147266149520874]"
27928.0,2008-09-01T00:00:00.000000000,"[-0.5247237682342529, -0.5687280893325806, -0.12868529558181763, 7.880094051361084]","[1.0472933053970337, 0.8507307767868042, 0.6757622361183167, 0.9890648126602173]"
27928.0,2008-12-01T00:00:00.000000000,"[-0.5687280893325806, -0.12868529558181763, 7.880094051361084, -0.2606981098651886]","[0.7024643421173096, 0.6083847284317017, 0.49633854627609253, 0.7794382572174072]"
27928.0,2009-03-01T00:00:00.000000000,"[-0.12868529558181763, 7.880094051361084, -0.2606981098651886, -0.45871737599372864]","[1.1261552572250366, 0.8904519081115723, 0.7221223711967468, 1.0308973789215088]"
27928.0,2009-06-01T00:00:00.000000000,"[7.880094051361084, -0.2606981098651886, -0.45871737599372864, 0.06933397799730301]","[1.336323857307434, 0.9771057367324829, 0.7390798330307007, 1.1246094703674316]"
27928.0,2009-09-01T00:00:00.000000000,"[-0.2606981098651886, -0.45871737599372864, 0.06933397799730301, 9.904291152954102]","[1.2333052158355713, 1.0153363943099976, 0.8177387118339539, 1.1686294078826904]"
27928.0,2009-12-01T00:00:00.000000000,"[-0.45871737599372864, 0.06933397799730301, 9.904291152954102, 0.003327556187286973]","[0.8342309594154358, 0.7339340448379517, 0.6082718372344971, 0.9276042580604553]"
27928.0,2010-03-01T00:00:00.000000000,"[0.06933397799730301, 9.904291152954102, 0.003327556187286973, -0.06267886608839035]","[1.3353116512298584, 1.0736268758773804, 0.8894899487495422, 1.228237509727478]"
27928.0,2010-06-01T00:00:00.000000000,"[9.904291152954102, 0.003327556187286973, -0.06267886608839035, 1.499472975730896]","[1.591869592666626, 1.1889547109603882, 0.9211574792861938, 1.350308895111084]"
27928.0,2010-09-01T00:00:00.000000000,"[0.003327556187286973, -0.06267886608839035, 1.499472975730896, 11.51044750213623]","[1.5838587284088135, 1.3196157217025757, 1.0793209075927734, 1.4800302982330322]"
27928.0,2010-12-01T00:00:00.000000000,"[-0.06267886608839035, 1.499472975730896, 11.51044750213623, -0.898760199546814]","[1.0943833589553833, 0.9718366861343384, 0.8214988708496094, 1.183851957321167]"
27928.0,2011-03-01T00:00:00.000000000,"[1.499472975730896, 11.51044750213623, -0.898760199546814, 0.20134682953357697]","[1.6921210289001465, 1.384696364402771, 1.1676037311553955, 1.548571228981018]"
27928.0,2011-06-01T00:00:00.000000000,"[11.51044750213623, -0.898760199546814, 0.20134682953357697, 1.8515071868896484]","[2.0503976345062256, 1.5696638822555542, 1.2525429725646973, 1.740055799484253]"
27928.0,2011-09-01T00:00:00.000000000,"[-0.898760199546814, 0.20134682953357697, 1.8515071868896484, 9.17821979522705]","[2.0528457164764404, 1.7298271656036377, 1.4412548542022705, 1.8985040187835693]"
27928.0,2011-12-01T00:00:00.000000000,"[0.20134682953357697, 1.8515071868896484, 9.17821979522705, 3.281646251678467]","[1.3691089153289795, 1.2236671447753906, 1.0506200790405273, 1.4658883810043335]"
27928.0,2012-03-01T00:00:00.000000000,"[1.8515071868896484, 9.17821979522705, 3.281646251678467, 1.3674603700637817]","[2.0160107612609863, 1.6764310598373413, 1.435797095298767, 1.8651279211044312]"
27928.0,2012-06-01T00:00:00.000000000,"[9.17821979522705, 3.281646251678467, 1.3674603700637817, 0.7954046130180359]","[2.477205991744995, 1.9264941215515137, 1.565569519996643, 2.11847186088562]"
27928.0,2012-09-01T00:00:00.000000000,"[3.281646251678467, 1.3674603700637817, 0.7954046130180359, 12.654558181762695]","[2.107226848602295, 1.807114839553833, 1.5424717664718628, 2.008434295654297]"
27928.0,2012-12-01T00:00:00.000000000,"[1.3674603700637817, 0.7954046130180359, 12.654558181762695, 3.633680582046509]","[1.7867109775543213, 1.6110222339630127, 1.4118666648864746, 1.852998971939087]"
27928.0,2013-03-01T00:00:00.000000000,"[0.7954046130180359, 12.654558181762695, 3.633680582046509, 2.665586471557617]","[2.4269230365753174, 2.0614540576934814, 1.8051660060882568, 2.2557928562164307]"
27965.0,2006-06-01T00:00:00.000000000,"[0.047331858426332474, 0.036330800503492355, 0.003327556187286973, 0.047331858426332474]","[-0.17751316726207733, -0.20929017663002014, -0.2277383953332901, -0.20362436771392822]"
27965.0,2006-09-01T00:00:00.000000000,"[0.036330800503492355, 0.003327556187286973, 0.047331858426332474, 0.05833292007446289]","[-0.16188958287239075, -0.19560831785202026, -0.21492232382297516, -0.18954941630363464]"
27965.0,2006-12-01T00:00:00.000000000,"[0.003327556187286973, 0.047331858426332474, 0.05833292007446289, 0.025329740718007088]","[-0.14791209995746613, -0.1831960380077362, -0.20327459275722504, -0.1769021451473236]"
27965.0,2007-03-01T00:00:00.000000000,"[0.047331858426332474, 0.05833292007446289, 0.025329740718007088, 0.003327556187286973]","[-0.1300630122423172, -0.17001491785049438, -0.1919170618057251, -0.1633870154619217]"
27965.0,2007-06-01T00:00:00.000000000,"[0.05833292007446289, 0.025329740718007088, 0.003327556187286973, 0.06933397799730301]","[-0.11447456479072571, -0.1573527455329895, -0.18053261935710907, -0.15045709908008575]"
27965.0,2007-09-01T00:00:00.000000000,"[0.025329740718007088, 0.003327556187286973, 0.06933397799730301, 0.2233489453792572]","[-0.10546082258224487, -0.14738929271697998, -0.17049388587474823, -0.14051011204719543]"
27965.0,2007-12-01T00:00:00.000000000,"[0.003327556187286973, 0.06933397799730301, 0.2233489453792572, 0.33335965871810913]","[-0.09710804373025894, -0.13942451775074005, -0.1637841761112213, -0.13349899649620056]"
27965.0,2008-03-01T00:00:00.000000000,"[0.06933397799730301, 0.2233489453792572, 0.33335965871810913, 0.4543713927268982]","[-0.07775908708572388, -0.12520073354244232, -0.15090325474739075, -0.11841678619384766]"
27965.0,2008-06-01T00:00:00.000000000,"[0.2233489453792572, 0.33335965871810913, 0.4543713927268982, 0.575383186340332]","[-0.06709300726652145, -0.11453022062778473, -0.14068721234798431, -0.10804302245378494]"
27965.0,2008-09-01T00:00:00.000000000,"[0.33335965871810913, 0.4543713927268982, 0.575383186340332, 0.740399181842804]","[-0.05140230804681778, -0.09926412999629974, -0.12626223266124725, -0.09276416152715683]"
27965.0,2008-12-01T00:00:00.000000000,"[0.4543713927268982, 0.575383186340332, 0.740399181842804, 0.8504099249839783]","[-0.026627488434314728, -0.07490390539169312, -0.09954894334077835, -0.06468223035335541]"
27965.0,2009-03-01T00:00:00.000000000,"[0.575383186340332, 0.740399181842804, 0.8504099249839783, 0.7954046130180359]","[0.02550376206636429, -0.042096734046936035, -0.07754535228013992, -0.033359676599502563]"
27965.0,2009-06-01T00:00:00.000000000,"[0.740399181842804, 0.8504099249839783, 0.7954046130180359, 0.8394088745117188]","[0.07430702447891235, -0.00621698796749115, -0.047300565987825394, 0.004129774868488312]"
27965.0,2009-09-01T00:00:00.000000000,"[0.8504099249839783, 0.7954046130180359, 0.8394088745117188, 1.0704313516616821]","[0.12001489102840424, 0.029625672847032547, -0.017677366733551025, 0.04027775302529335]"
27965.0,2009-12-01T00:00:00.000000000,"[0.7954046130180359, 0.8394088745117188, 1.0704313516616821, 1.2904525995254517]","[0.16457214951515198, 0.08815529197454453, 0.06655397266149521, 0.12247694283723831]"
27965.0,2010-03-01T00:00:00.000000000,"[0.8394088745117188, 1.0704313516616821, 1.2904525995254517, 1.125436782836914]","[0.2002999633550644, 0.13488301634788513, 0.12745046615600586, 0.18066655099391937]"
27965.0,2010-06-01T00:00:00.000000000,"[1.0704313516616821, 1.2904525995254517, 1.125436782836914, 0.9274174571037292]","[0.22694581747055054, 0.14786337316036224, 0.11162757873535156, 0.1702130138874054]"
27965.0,2010-09-01T00:00:00.000000000,"[1.2904525995254517, 1.125436782836914, 0.9274174571037292, 0.8504099249839783]","[0.26463302969932556, 0.18104422092437744, 0.13116678595542908, 0.1928444802761078]"
27965.0,2010-12-01T00:00:00.000000000,"[1.125436782836914, 0.9274174571037292, 0.8504099249839783, 0.8724120259284973]","[0.30397212505340576, 0.22765237092971802, 0.17908167839050293, 0.24058321118354797]"
27965.0,2011-03-01T00:00:00.000000000,"[0.9274174571037292, 0.8504099249839783, 0.8724120259284973, 0.7514004111289978]","[0.36545294523239136, 0.27913862466812134, 0.2278003990650177, 0.295376718044281]"
27965.0,2011-06-01T00:00:00.000000000,"[0.8504099249839783, 0.8724120259284973, 0.7514004111289978, 0.9054153561592102]","[0.4229795038700104, 0.32261019945144653, 0.26583483815193176, 0.3401126265525818]"
27965.0,2011-09-01T00:00:00.000000000,"[0.8724120259284973, 0.7514004111289978, 0.9054153561592102, 1.0154259204864502]","[0.4542137384414673, 0.3518649637699127, 0.2938481569290161, 0.36953142285346985]"
27965.0,2011-12-01T00:00:00.000000000,"[0.7514004111289978, 0.9054153561592102, 1.0154259204864502, 1.0154259204864502]","[0.5011348724365234, 0.385786771774292, 0.3227347135543823, 0.4046250581741333]"
27965.0,2012-03-01T00:00:00.000000000,"[0.9054153561592102, 1.0154259204864502, 1.0154259204864502, 1.0814324617385864]","[0.5413118600845337, 0.416082501411438, 0.349227637052536, 0.43546295166015625]"
27965.0,2012-06-01T00:00:00.000000000,"[1.0154259204864502, 1.0154259204864502, 1.0814324617385864, 1.3344571590423584]","[0.5654542446136475, 0.4411911368370056, 0.37278100848197937, 0.45897823572158813]"
27965.0,2012-09-01T00:00:00.000000000,"[1.0154259204864502, 1.0814324617385864, 1.3344571590423584, 1.477470874786377]","[0.592046320438385, 0.46986863017082214, 0.4006247818470001, 0.4864746332168579]"
27965.0,2012-12-01T00:00:00.000000000,"[1.0814324617385864, 1.3344571590423584, 1.477470874786377, 1.6534881591796875]","[0.638273298740387, 0.5206111073493958, 0.46606290340423584, 0.5510302186012268]"
27965.0,2013-03-01T00:00:00.000000000,"[1.3344571590423584, 1.477470874786377, 1.6534881591796875, 1.9395159482955933]","[0.6857176423072815, 0.5563108921051025, 0.491649866104126, 0.5813872814178467]"
28180.0,2006-06-01T00:00:00.000000000,"[3.5016677379608154, 3.831699848175049, 3.171635627746582, 3.831699848175049]","[1.4616565704345703, 1.225176215171814, 1.0962135791778564, 1.2619532346725464]"
28180.0,2006-09-01T00:00:00.000000000,"[3.831699848175049, 3.171635627746582, 3.831699848175049, 4.57977294921875]","[1.5818185806274414, 1.3307440280914307, 1.1896514892578125, 1.3670567274093628]"
28180.0,2006-12-01T00:00:00.000000000,"[3.171635627746582, 3.831699848175049, 4.57977294921875, 4.865800380706787]","[1.7132461071014404, 1.4469995498657227, 1.2939666509628296, 1.4839131832122803]"
28180.0,2007-03-01T00:00:00.000000000,"[3.831699848175049, 4.57977294921875, 4.865800380706787, 4.117727756500244]","[1.862022876739502, 1.5598344802856445, 1.3922991752624512, 1.599756121635437]"
28180.0,2007-06-01T00:00:00.000000000,"[4.57977294921875, 4.865800380706787, 4.117727756500244, 4.9978132247924805]","[1.9968708753585815, 1.6834044456481934, 1.511505126953125, 1.7279624938964844]"
28180.0,2007-09-01T00:00:00.000000000,"[4.865800380706787, 4.117727756500244, 4.9978132247924805, 5.129826545715332]","[2.1418020725250244, 1.8147857189178467, 1.6284162998199463, 1.8574035167694092]"
28180.0,2007-12-01T00:00:00.000000000,"[4.117727756500244, 4.9978132247924805, 5.129826545715332, 5.679879665374756]","[2.33634614944458, 1.989006757736206, 1.8068568706512451, 2.0526041984558105]"
28180.0,2008-03-01T00:00:00.000000000,"[4.9978132247924805, 5.129826545715332, 5.679879665374756, 4.9978132247924805]","[2.500088691711426, 2.1090023517608643, 1.8925279378890991, 2.158216714859009]"
28180.0,2008-06-01T00:00:00.000000000,"[5.129826545715332, 5.679879665374756, 4.9978132247924805, 5.019815444946289]","[2.6762051582336426, 2.2644619941711426, 2.0369620323181152, 2.3167266845703125]"
28180.0,2008-09-01T00:00:00.000000000,"[5.679879665374756, 4.9978132247924805, 5.019815444946289, 5.987909317016602]","[2.8149406909942627, 2.407625198364258, 2.181068181991577, 2.464111804962158]"
28180.0,2008-12-01T00:00:00.000000000,"[4.9978132247924805, 5.019815444946289, 5.987909317016602, 6.38394832611084]","[3.04455304145813, 2.6397109031677246, 2.460745334625244, 2.7520618438720703]"
28180.0,2009-03-01T00:00:00.000000000,"[5.019815444946289, 5.987909317016602, 6.38394832611084, 5.679879665374756]","[3.2182319164276123, 2.7555458545684814, 2.513636350631714, 2.8289854526519775]"
28180.0,2009-06-01T00:00:00.000000000,"[5.987909317016602, 6.38394832611084, 5.679879665374756, 7.242031574249268]","[3.328624963760376, 2.8787190914154053, 2.634936809539795, 2.9457736015319824]"
28180.0,2009-09-01T00:00:00.000000000,"[6.38394832611084, 5.679879665374756, 7.242031574249268, 8.716175079345703]","[3.4843549728393555, 3.057678699493408, 2.8394951820373535, 3.1460890769958496]"
28180.0,2009-12-01T00:00:00.000000000,"[5.679879665374756, 7.242031574249268, 8.716175079345703, 9.20022201538086]","[3.7371459007263184, 3.354032278060913, 3.2456583976745605, 3.543849229812622]"
28180.0,2010-03-01T00:00:00.000000000,"[7.242031574249268, 8.716175079345703, 9.20022201538086, 7.484055042266846]","[3.929781913757324, 3.459299087524414, 3.2498691082000732, 3.581650733947754]"
28180.0,2010-06-01T00:00:00.000000000,"[8.716175079345703, 9.20022201538086, 7.484055042266846, 8.210125923156738]","[4.1445770263671875, 3.64186954498291, 3.3902297019958496, 3.7399356365203857]"
28180.0,2010-09-01T00:00:00.000000000,"[9.20022201538086, 7.484055042266846, 8.210125923156738, 9.222225189208984]","[4.447262763977051, 3.930363416671753, 3.691591262817383, 4.061081409454346]"
28180.0,2010-12-01T00:00:00.000000000,"[7.484055042266846, 8.210125923156738, 9.222225189208984, 10.476346015930176]","[4.813663482666016, 4.317554950714111, 4.176436901092529, 4.554939270019531]"
28180.0,2011-03-01T00:00:00.000000000,"[8.210125923156738, 9.222225189208984, 10.476346015930176, 8.650168418884277]","[5.034991264343262, 4.41433572769165, 4.107439041137695, 4.533862113952637]"
28180.0,2011-06-01T00:00:00.000000000,"[9.222225189208984, 10.476346015930176, 8.650168418884277, 8.034109115600586]","[5.239841938018799, 4.593757629394531, 4.24257755279541, 4.68222188949585]"
28180.0,2011-09-01T00:00:00.000000000,"[10.476346015930176, 8.650168418884277, 8.034109115600586, 14.920778274536133]","[5.4835028648376465, 4.842784881591797, 4.498290061950684, 4.943648338317871]"
28180.0,2011-12-01T00:00:00.000000000,"[8.650168418884277, 8.034109115600586, 14.920778274536133, 14.854772567749023]","[5.858820915222168, 5.288674831390381, 5.105579853057861, 5.540706157684326]"
28180.0,2012-03-01T00:00:00.000000000,"[8.034109115600586, 14.920778274536133, 14.854772567749023, 11.180415153503418]","[6.100522994995117, 5.4256486892700195, 5.106379508972168, 5.581532001495361]"
28180.0,2012-06-01T00:00:00.000000000,"[14.920778274536133, 14.854772567749023, 11.180415153503418, 14.832769393920898]","[6.240501403808594, 5.555257797241211, 5.185945987701416, 5.661630630493164]"
28180.0,2012-09-01T00:00:00.000000000,"[14.854772567749023, 11.180415153503418, 14.832769393920898, 17.627042770385742]","[6.860123634338379, 6.043647766113281, 5.600278854370117, 6.161949157714844]"
28180.0,2012-12-01T00:00:00.000000000,"[11.180415153503418, 14.832769393920898, 17.627042770385742, 17.05498504638672]","[7.453815460205078, 6.634545803070068, 6.300650119781494, 6.894864082336426]"
28180.0,2013-03-01T00:00:00.000000000,"[14.832769393920898, 17.627042770385742, 17.05498504638672, 16.10889434814453]","[7.760686874389648, 6.82912540435791, 6.349781036376953, 6.988802433013916]"
28320.0,2000-06-01T00:00:00.000000000,"[0.7734025120735168, 0.7073960304260254, 0.5973852872848511, 0.5313789248466492]","[0.8593800663948059, 0.7509331703186035, 0.6884607672691345, 0.7660297751426697]"
28320.0,2000-09-01T00:00:00.000000000,"[0.7073960304260254, 0.5973852872848511, 0.5313789248466492, 1.0814324617385864]","[0.85528963804245, 0.7624814510345459, 0.7062135338783264, 0.7757946848869324]"
28320.0,2000-12-01T00:00:00.000000000,"[0.5973852872848511, 0.5313789248466492, 1.0814324617385864, 1.147438883781433]","[0.8545401692390442, 0.773185670375824, 0.7220828533172607, 0.7856466174125671]"
28320.0,2001-03-01T00:00:00.000000000,"[0.5313789248466492, 1.0814324617385864, 1.147438883781433, 0.9054153561592102]","[0.8621114492416382, 0.7861048579216003, 0.7389048933982849, 0.7991820573806763]"
28320.0,2001-06-01T00:00:00.000000000,"[1.0814324617385864, 1.147438883781433, 0.9054153561592102, 0.7734025120735168]","[0.9041942954063416, 0.8100042939186096, 0.7581310272216797, 0.8254644870758057]"
28320.0,2001-09-01T00:00:00.000000000,"[1.147438883781433, 0.9054153561592102, 0.7734025120735168, 1.3454581499099731]","[0.9256181716918945, 0.832141637802124, 0.78058922290802, 0.8473820686340332]"
28320.0,2001-12-01T00:00:00.000000000,"[0.9054153561592102, 0.7734025120735168, 1.3454581499099731, 1.4334666728973389]","[0.9415711164474487, 0.8486497402191162, 0.7950568795204163, 0.8616535663604736]"
28320.0,2002-03-01T00:00:00.000000000,"[0.7734025120735168, 1.3454581499099731, 1.4334666728973389, 1.1914430856704712]","[0.9434151649475098, 0.85841965675354, 0.8079580664634705, 0.8707598447799683]"
28320.0,2002-06-01T00:00:00.000000000,"[1.3454581499099731, 1.4334666728973389, 1.1914430856704712, 0.9494196176528931]","[0.98140949010849, 0.8840346336364746, 0.831716001033783, 0.8991087675094604]"
28320.0,2002-09-01T00:00:00.000000000,"[1.4334666728973389, 1.1914430856704712, 0.9494196176528931, 1.5654793977737427]","[1.0079270601272583, 0.9113927483558655, 0.8591874837875366, 0.926505446434021]"
28320.0,2002-12-01T00:00:00.000000000,"[1.1914430856704712, 0.9494196176528931, 1.5654793977737427, 1.6754902601242065]","[1.0227177143096924, 0.9450888633728027, 0.9102269411087036, 0.9706384539604187]"
28320.0,2003-03-01T00:00:00.000000000,"[0.9494196176528931, 1.5654793977737427, 1.6754902601242065, 1.477470874786377]","[1.0192667245864868, 0.9521661400794983, 0.9160033464431763, 0.9713020324707031]"
28320.0,2003-06-01T00:00:00.000000000,"[1.5654793977737427, 1.6754902601242065, 1.477470874786377, 1.6094835996627808]","[1.0777614116668701, 0.9813467860221863, 0.9299531579017639, 0.9963893294334412]"
28320.0,2003-09-01T00:00:00.000000000,"[1.6754902601242065, 1.477470874786377, 1.6094835996627808, 2.335554361343384]","[1.1120080947875977, 1.0152372121810913, 0.9633926749229431, 1.0304609537124634]"
28320.0,2003-12-01T00:00:00.000000000,"[1.477470874786377, 1.6094835996627808, 2.335554361343384, 2.42356276512146]","[1.1490309238433838, 1.0517939329147339, 1.0036121606826782, 1.0725072622299194]"
28320.0,2004-03-01T00:00:00.000000000,"[1.6094835996627808, 2.335554361343384, 2.42356276512146, 2.2035415172576904]","[1.1541167497634888, 1.0869308710098267, 1.067369818687439, 1.1246495246887207]"
28320.0,2004-06-01T00:00:00.000000000,"[2.335554361343384, 2.42356276512146, 2.2035415172576904, 2.027524471282959]","[1.2018991708755493, 1.1062952280044556, 1.0542134046554565, 1.1222409009933472]"
28320.0,2004-09-01T00:00:00.000000000,"[2.42356276512146, 2.2035415172576904, 2.027524471282959, 2.819601535797119]","[1.2753995656967163, 1.168816089630127, 1.109320044517517, 1.1852487325668335]"
28320.0,2004-12-01T00:00:00.000000000,"[2.2035415172576904, 2.027524471282959, 2.819601535797119, 3.0396230220794678]","[1.3228836059570312, 1.2196534872055054, 1.1583783626556396, 1.2365034818649292]"
28320.0,2005-03-01T00:00:00.000000000,"[2.027524471282959, 2.819601535797119, 3.0396230220794678, 2.7535951137542725]","[1.3347119092941284, 1.2532575130462646, 1.2000739574432373, 1.2710726261138916]"
28320.0,2005-06-01T00:00:00.000000000,"[2.819601535797119, 3.0396230220794678, 2.7535951137542725, 2.335554361343384]","[1.4289811849594116, 1.314746379852295, 1.2492066621780396, 1.3352199792861938]"
28320.0,2005-09-01T00:00:00.000000000,"[3.0396230220794678, 2.7535951137542725, 2.335554361343384, 2.7315926551818848]","[1.5014125108718872, 1.3828233480453491, 1.3096625804901123, 1.404535174369812]"
28320.0,2005-12-01T00:00:00.000000000,"[2.7535951137542725, 2.335554361343384, 2.7315926551818848, 3.325650691986084]","[1.5651836395263672, 1.4460663795471191, 1.3687255382537842, 1.4696753025054932]"
28320.0,2006-03-01T00:00:00.000000000,"[2.335554361343384, 2.7315926551818848, 3.325650691986084, 3.3036487102508545]","[1.5874396562576294, 1.48658287525177, 1.4145607948303223, 1.5102726221084595]"
28320.0,2006-06-01T00:00:00.000000000,"[2.7315926551818848, 3.325650691986084, 3.3036487102508545, 3.127631425857544]","[1.689501166343689, 1.5537916421890259, 1.4681161642074585, 1.5798149108886719]"
28320.0,2006-09-01T00:00:00.000000000,"[3.325650691986084, 3.3036487102508545, 3.127631425857544, 3.7436912059783936]","[1.7523895502090454, 1.6099222898483276, 1.518519401550293, 1.6367048025131226]"
28320.0,2006-12-01T00:00:00.000000000,"[3.3036487102508545, 3.127631425857544, 3.7436912059783936, 3.98571515083313]","[1.841226577758789, 1.681431770324707, 1.584204077720642, 1.7116434574127197]"
28320.0,2007-03-01T00:00:00.000000000,"[3.127631425857544, 3.7436912059783936, 3.98571515083313, 3.875704050064087]","[1.8970502614974976, 1.7392011880874634, 1.6430312395095825, 1.771382212638855]"
28877.0,2007-12-01T00:00:00.000000000,"[1.125436782836914, -0.04067668318748474, -0.04067668318748474, -0.15068741142749786]","[0.7262169122695923, 0.517694354057312, 0.405432790517807, 0.5527000427246094]"
28877.0,2008-03-01T00:00:00.000000000,"[-0.04067668318748474, -0.04067668318748474, -0.15068741142749786, -0.04067668318748474]","[0.7817057371139526, 0.5671734809875488, 0.4500982165336609, 0.5992790460586548]"
28877.0,2008-06-01T00:00:00.000000000,"[-0.04067668318748474, -0.15068741142749786, -0.04067668318748474, 0.003327556187286973]","[0.7697573304176331, 0.5688151121139526, 0.4545452892780304, 0.5967936515808105]"
28877.0,2008-09-01T00:00:00.000000000,"[-0.15068741142749786, -0.04067668318748474, 0.003327556187286973, 0.06933397799730301]","[0.7542402744293213, 0.570279061794281, 0.46125537157058716, 0.5951511859893799]"
28877.0,2008-12-01T00:00:00.000000000,"[-0.04067668318748474, 0.003327556187286973, 0.06933397799730301, -0.06267886608839035]","[0.7679328918457031, 0.5856623649597168, 0.4807252585887909, 0.6130936741828918]"
28877.0,2009-03-01T00:00:00.000000000,"[0.003327556187286973, 0.06933397799730301, -0.06267886608839035, 0.025329740718007088]","[0.7559651136398315, 0.5912034511566162, 0.49602070450782776, 0.620103657245636]"
28877.0,2009-06-01T00:00:00.000000000,"[0.06933397799730301, -0.06267886608839035, 0.025329740718007088, 0.15734252333641052]","[0.7339808940887451, 0.5881627798080444, 0.5011951327323914, 0.6166293621063232]"
28877.0,2009-09-01T00:00:00.000000000,"[-0.06267886608839035, 0.025329740718007088, 0.15734252333641052, 0.15734252333641052]","[0.7073372006416321, 0.5805850625038147, 0.5026392936706543, 0.6098108291625977]"
28877.0,2009-12-01T00:00:00.000000000,"[0.025329740718007088, 0.15734252333641052, 0.15734252333641052, 0.025329740718007088]","[0.7487791776657104, 0.6119200587272644, 0.5296263694763184, 0.6388795971870422]"
28877.0,2010-03-01T00:00:00.000000000,"[0.15734252333641052, 0.15734252333641052, 0.025329740718007088, 0.13534040749073029]","[0.7434073686599731, 0.6143867373466492, 0.5369172096252441, 0.6422157287597656]"
28877.0,2010-06-01T00:00:00.000000000,"[0.15734252333641052, 0.025329740718007088, 0.13534040749073029, 0.26735323667526245]","[0.723121702671051, 0.6105843782424927, 0.5406668782234192, 0.6387363076210022]"
28877.0,2010-09-01T00:00:00.000000000,"[0.025329740718007088, 0.13534040749073029, 0.26735323667526245, 0.2893553674221039]","[0.6750697493553162, 0.5859575867652893, 0.5278059840202332, 0.6174501776695251]"
29028.0,2006-06-01T00:00:00.000000000,"[1.6534881591796875, 2.775597333908081, 1.7634987831115723, 2.0495264530181885]","[1.2748627662658691, 1.1511387825012207, 1.078671932220459, 1.1683626174926758]"
29028.0,2006-09-01T00:00:00.000000000,"[2.775597333908081, 1.7634987831115723, 2.0495264530181885, 1.8735092878341675]","[1.3163714408874512, 1.1946526765823364, 1.1265654563903809, 1.2149786949157715]"
29028.0,2006-12-01T00:00:00.000000000,"[1.7634987831115723, 2.0495264530181885, 1.8735092878341675, 3.1056292057037354]","[1.3822457790374756, 1.261501431465149, 1.1940432786941528, 1.2873224020004272]"
29028.0,2007-03-01T00:00:00.000000000,"[2.0495264530181885, 1.8735092878341675, 3.1056292057037354, 1.6974923610687256]","[1.3876208066940308, 1.2809027433395386, 1.2130038738250732, 1.2996115684509277]"
29028.0,2007-06-01T00:00:00.000000000,"[1.8735092878341675, 3.1056292057037354, 1.6974923610687256, 2.027524471282959]","[1.4907172918319702, 1.345240831375122, 1.2613897323608398, 1.365056037902832]"
29028.0,2007-09-01T00:00:00.000000000,"[3.1056292057037354, 1.6974923610687256, 2.027524471282959, 2.027524471282959]","[1.5337347984313965, 1.3926010131835938, 1.3142318725585938, 1.415503978729248]"
29028.0,2007-12-01T00:00:00.000000000,"[1.6974923610687256, 2.027524471282959, 2.027524471282959, 3.1936378479003906]","[1.569113850593567, 1.4414968490600586, 1.3613348007202148, 1.4623687267303467]"
29028.0,2008-03-01T00:00:00.000000000,"[2.027524471282959, 2.027524471282959, 3.1936378479003906, 1.8735092878341675]","[1.5170485973358154, 1.4240514039993286, 1.363155484199524, 1.4516135454177856]"
29028.0,2008-06-01T00:00:00.000000000,"[2.027524471282959, 3.1936378479003906, 1.8735092878341675, 1.8735092878341675]","[1.6905930042266846, 1.534367561340332, 1.4473059177398682, 1.5597023963928223]"
29028.0,2008-09-01T00:00:00.000000000,"[3.1936378479003906, 1.8735092878341675, 1.8735092878341675, 2.379558563232422]","[1.7264657020568848, 1.575343370437622, 1.4909769296646118, 1.6005220413208008]"
29028.0,2008-12-01T00:00:00.000000000,"[1.8735092878341675, 1.8735092878341675, 2.379558563232422, 3.875704050064087]","[1.7724777460098267, 1.629196047782898, 1.5451658964157104, 1.6560970544815063]"
29028.0,2009-03-01T00:00:00.000000000,"[1.8735092878341675, 2.379558563232422, 3.875704050064087, 2.2915501594543457]","[1.7552297115325928, 1.634966254234314, 1.5573809146881104, 1.6581882238388062]"
29028.0,2009-06-01T00:00:00.000000000,"[2.379558563232422, 3.875704050064087, 2.2915501594543457, 2.42356276512146]","[1.8956212997436523, 1.712082028388977, 1.6123511791229248, 1.738990068435669]"
29028.0,2009-09-01T00:00:00.000000000,"[3.875704050064087, 2.2915501594543457, 2.42356276512146, 3.0396230220794678]","[1.9706403017044067, 1.7723946571350098, 1.6687427759170532, 1.801552414894104]"
29028.0,2009-12-01T00:00:00.000000000,"[2.2915501594543457, 2.42356276512146, 3.0396230220794678, 4.491764068603516]","[2.06300950050354, 1.9022870063781738, 1.8573592901229858, 1.9842557907104492]"
29028.0,2010-03-01T00:00:00.000000000,"[2.42356276512146, 3.0396230220794678, 4.491764068603516, 2.8416035175323486]","[2.0737850666046143, 1.9327051639556885, 1.895737886428833, 2.01371693611145]"
29028.0,2010-06-01T00:00:00.000000000,"[3.0396230220794678, 4.491764068603516, 2.8416035175323486, 3.721689224243164]","[2.1462950706481934, 1.9675872325897217, 1.8913779258728027, 2.022569417953491]"
29028.0,2010-09-01T00:00:00.000000000,"[4.491764068603516, 2.8416035175323486, 3.721689224243164, 3.4576635360717773]","[2.2294163703918457, 2.0237536430358887, 1.9136378765106201, 2.0543289184570312]"
29028.0,2010-12-01T00:00:00.000000000,"[2.8416035175323486, 3.721689224243164, 3.4576635360717773, 5.217834949493408]","[2.3497424125671387, 2.190322160720825, 2.1548819541931152, 2.287923574447632]"
29028.0,2011-03-01T00:00:00.000000000,"[3.721689224243164, 3.4576635360717773, 5.217834949493408, 3.1056292057037354]","[2.3717947006225586, 2.2004337310791016, 2.124782085418701, 2.2598624229431152]"
29028.0,2011-06-01T00:00:00.000000000,"[3.4576635360717773, 5.217834949493408, 3.1056292057037354, 3.919708251953125]","[2.513035535812378, 2.279872417449951, 2.1519813537597656, 2.3134148120880127]"
29028.0,2011-09-01T00:00:00.000000000,"[5.217834949493408, 3.1056292057037354, 3.919708251953125, 3.4576635360717773]","[2.6167654991149902, 2.3713247776031494, 2.24135160446167, 2.4079391956329346]"
29028.0,2011-12-01T00:00:00.000000000,"[3.1056292057037354, 3.919708251953125, 3.4576635360717773, 5.987909317016602]","[2.7140114307403564, 2.512096405029297, 2.427504777908325, 2.5873098373413086]"
29028.0,2012-03-01T00:00:00.000000000,"[3.919708251953125, 3.4576635360717773, 5.987909317016602, 4.359751224517822]","[2.732022285461426, 2.5247671604156494, 2.407214879989624, 2.5664186477661133]"
29028.0,2012-06-01T00:00:00.000000000,"[3.4576635360717773, 5.987909317016602, 4.359751224517822, 4.007717132568359]","[2.8906805515289307, 2.6276984214782715, 2.4790890216827393, 2.6620848178863525]"
29028.0,2012-09-01T00:00:00.000000000,"[5.987909317016602, 4.359751224517822, 4.007717132568359, 5.349847793579102]","[2.9664056301116943, 2.7096612453460693, 2.5703165531158447, 2.7493631839752197]"
29028.0,2012-12-01T00:00:00.000000000,"[4.359751224517822, 4.007717132568359, 5.349847793579102, 7.880094051361084]","[3.0271506309509277, 2.813225030899048, 2.687516212463379, 2.8604934215545654]"
29028.0,2013-03-01T00:00:00.000000000,"[4.007717132568359, 5.349847793579102, 7.880094051361084, 5.855896949768066]","[3.076298952102661, 2.875216484069824, 2.7412774562835693, 2.9089386463165283]"
29901.0,2006-03-01T00:00:00.000000000,"[-0.5742285847663879, -0.593590497970581, -0.5907301902770996, -0.5907301902770996]","[-0.6190816164016724, -0.6259986758232117, -0.6297466158866882, -0.6251342296600342]"
29901.0,2006-06-01T00:00:00.000000000,"[-0.593590497970581, -0.5907301902770996, -0.5907301902770996, -0.5797291398048401]","[-0.6161186099052429, -0.6232172250747681, -0.6270910501480103, -0.622316300868988]"
29901.0,2006-09-01T00:00:00.000000000,"[-0.5907301902770996, -0.5907301902770996, -0.5797291398048401, -0.5880899429321289]","[-0.6155204176902771, -0.6205791234970093, -0.6223039627075195, -0.6182903051376343]"
29901.0,2007-03-01T00:00:00.000000000,"[-0.5907301902770996, -0.5797291398048401, -0.5880899429321289, -0.5852296352386475]","[-0.6125832796096802, -0.6171863079071045, -0.6176441311836243, -0.6137577295303345]"
29901.0,2007-06-01T00:00:00.000000000,"[-0.5797291398048401, -0.5880899429321289, -0.5852296352386475, -0.5687280893325806]","[-0.6102474927902222, -0.6173762083053589, -0.6212854385375977, -0.6164942979812622]"
29901.0,2007-09-01T00:00:00.000000000,"[-0.5880899429321289, -0.5852296352386475, -0.5687280893325806, -0.5247237682342529]","[-0.6091899871826172, -0.6154202818870544, -0.6188687682151794, -0.6144359707832336]"
29901.0,2007-12-01T00:00:00.000000000,"[-0.5852296352386475, -0.5687280893325806, -0.5247237682342529, -0.5302243232727051]","[-0.6080531477928162, -0.6127786040306091, -0.6144799590110779, -0.6106091141700745]"
29901.0,2008-03-01T00:00:00.000000000,"[-0.5687280893325806, -0.5247237682342529, -0.5302243232727051, -0.544085681438446]","[-0.6042109727859497, -0.609350860118866, -0.6103792786598206, -0.6062899827957153]"
29901.0,2008-06-01T00:00:00.000000000,"[-0.5247237682342529, -0.5302243232727051, -0.544085681438446, -0.5412254333496094]","[-0.6010677814483643, -0.6085843443870544, -0.6126573085784912, -0.6076578497886658]"
29901.0,2008-09-01T00:00:00.000000000,"[-0.5302243232727051, -0.544085681438446, -0.5412254333496094, -0.49722111225128174]","[-0.596426784992218, -0.6036111116409302, -0.6067157983779907, -0.601533055305481]"
29901.0,2008-12-01T00:00:00.000000000,"[-0.544085681438446, -0.5412254333496094, -0.49722111225128174, -0.5082221627235413]","[-0.5939040780067444, -0.599521279335022, -0.6011266708374023, -0.5963756442070007]"
29901.0,2009-03-01T00:00:00.000000000,"[-0.5412254333496094, -0.49722111225128174, -0.5082221627235413, -0.4642179012298584]","[-0.5881174206733704, -0.5968186855316162, -0.6009995341300964, -0.5949323773384094]"
29901.0,2009-06-01T00:00:00.000000000,"[-0.49722111225128174, -0.5082221627235413, -0.4642179012298584, -0.4422157406806946]","[-0.5829866528511047, -0.5932762026786804, -0.5985784530639648, -0.5918219685554504]"
29901.0,2009-09-01T00:00:00.000000000,"[-0.5082221627235413, -0.4642179012298584, -0.4422157406806946, -0.4147131145000458]","[-0.5784465074539185, -0.5890073776245117, -0.5945170521736145, -0.5873469114303589]"
29901.0,2009-12-01T00:00:00.000000000,"[-0.4642179012298584, -0.4422157406806946, -0.4147131145000458, -0.46971845626831055]","[-0.5736948847770691, -0.5833812355995178, -0.5871114730834961, -0.5800496935844421]"
29901.0,2010-03-01T00:00:00.000000000,"[-0.4422157406806946, -0.4147131145000458, -0.46971845626831055, -0.4422157406806946]","[-0.5654957890510559, -0.5780447125434875, -0.5842962265014648, -0.5757476091384888]"
29901.0,2010-06-01T00:00:00.000000000,"[-0.4147131145000458, -0.46971845626831055, -0.4422157406806946, -0.4147131145000458]","[-0.5567530989646912, -0.5713008046150208, -0.5791269540786743, -0.5694010257720947]"
29901.0,2010-09-01T00:00:00.000000000,"[-0.46971845626831055, -0.4422157406806946, -0.4147131145000458, -0.3377055823802948]","[-0.5496041178703308, -0.5641419291496277, -0.5719214081764221, -0.5616867542266846]"
29901.0,2010-12-01T00:00:00.000000000,"[-0.4422157406806946, -0.4147131145000458, -0.3377055823802948, -0.37070879340171814]","[-0.5433511734008789, -0.558883011341095, -0.5673617720603943, -0.5565983653068542]"
29901.0,2011-03-01T00:00:00.000000000,"[-0.4147131145000458, -0.3377055823802948, -0.37070879340171814, -0.34320613741874695]","[-0.5350064039230347, -0.5521448850631714, -0.5614967346191406, -0.5498713254928589]"
29901.0,2011-06-01T00:00:00.000000000,"[-0.3377055823802948, -0.37070879340171814, -0.34320613741874695, -0.34320613741874695]","[-0.5271421670913696, -0.5447402596473694, -0.5542334318161011, -0.5421377420425415]"
29901.0,2011-09-01T00:00:00.000000000,"[-0.37070879340171814, -0.34320613741874695, -0.34320613741874695, -0.38170990347862244]","[-0.5194103121757507, -0.5365205407142639, -0.5464881062507629, -0.5339679718017578]"
29901.0,2011-12-01T00:00:00.000000000,"[-0.34320613741874695, -0.34320613741874695, -0.38170990347862244, -0.3212040066719055]","[-0.5103610157966614, -0.5282018184661865, -0.5386366844177246, -0.5254762172698975]"
29901.0,2012-03-01T00:00:00.000000000,"[-0.34320613741874695, -0.38170990347862244, -0.3212040066719055, -0.26619863510131836]","[-0.49455106258392334, -0.5165642499923706, -0.5286397337913513, -0.5133234858512878]"
29901.0,2012-06-01T00:00:00.000000000,"[-0.38170990347862244, -0.3212040066719055, -0.26619863510131836, -0.2606981098651886]","[-0.4853907823562622, -0.5074442625045776, -0.519558310508728, -0.5039232969284058]"
29901.0,2012-09-01T00:00:00.000000000,"[-0.3212040066719055, -0.26619863510131836, -0.2606981098651886, -0.10118257254362106]","[-0.48386693000793457, -0.5034071803092957, -0.5151441693305969, -0.5004147291183472]"
29901.0,2012-12-01T00:00:00.000000000,"[-0.26619863510131836, -0.2606981098651886, -0.10118257254362106, -0.1341858208179474]","[-0.4713020920753479, -0.49302342534065247, -0.5055772662162781, -0.48958519101142883]"
29901.0,2013-03-01T00:00:00.000000000,"[-0.2606981098651886, -0.10118257254362106, -0.1341858208179474, -0.11218363791704178]","[-0.4516756236553192, -0.4789204001426697, -0.4937126338481903, -0.4748695194721222]"
62689.0,2006-06-01T00:00:00.000000000,"[3.5456719398498535, 5.0418171882629395, 6.053915977478027, 4.865800380706787]","[3.302532911300659, 2.972608804702759, 2.7749762535095215, 3.033231735229492]"
62689.0,2006-09-01T00:00:00.000000000,"[5.0418171882629395, 6.053915977478027, 4.865800380706787, 4.623776912689209]","[3.115553379058838, 2.934636354446411, 2.8765668869018555, 3.0809714794158936]"
62689.0,2006-12-01T00:00:00.000000000,"[6.053915977478027, 4.865800380706787, 4.623776912689209, 5.745886325836182]","[3.3058815002441406, 3.0821540355682373, 2.9239420890808105, 3.1353559494018555]"
62689.0,2007-03-01T00:00:00.000000000,"[4.865800380706787, 4.623776912689209, 5.745886325836182, 5.679879665374756]","[3.4710631370544434, 3.213254690170288, 3.1004481315612793, 3.2821643352508545]"
62689.0,2007-06-01T00:00:00.000000000,"[4.623776912689209, 5.745886325836182, 5.679879665374756, 4.42575740814209]","[3.579406499862671, 3.331930637359619, 3.167449474334717, 3.390204668045044]"
62689.0,2007-09-01T00:00:00.000000000,"[5.745886325836182, 5.679879665374756, 4.42575740814209, 4.139729976654053]","[3.6318535804748535, 3.4059410095214844, 3.2284512519836426, 3.4590420722961426]"
62689.0,2007-12-01T00:00:00.000000000,"[5.679879665374756, 4.42575740814209, 4.139729976654053, 4.57977294921875]","[3.789947748184204, 3.505854368209839, 3.3384695053100586, 3.570932149887085]"
62689.0,2008-03-01T00:00:00.000000000,"[4.42575740814209, 4.139729976654053, 4.57977294921875, 6.339943885803223]","[3.9170777797698975, 3.626034736633301, 3.419572114944458, 3.685570001602173]"
62689.0,2008-06-01T00:00:00.000000000,"[4.139729976654053, 4.57977294921875, 6.339943885803223, 5.789890289306641]","[4.062993049621582, 3.7165637016296387, 3.4896254539489746, 3.779036045074463]"
62689.0,2008-09-01T00:00:00.000000000,"[4.57977294921875, 6.339943885803223, 5.789890289306641, 3.523669719696045]","[4.038302898406982, 3.716507911682129, 3.5079081058502197, 3.779843807220459]"
62689.0,2008-12-01T00:00:00.000000000,"[6.339943885803223, 5.789890289306641, 3.523669719696045, 1.301453948020935]","[4.276784896850586, 3.8333568572998047, 3.5920655727386475, 3.9055447578430176]"
62689.0,2009-03-01T00:00:00.000000000,"[5.789890289306641, 3.523669719696045, 1.301453948020935, 4.315746784210205]","[4.467918872833252, 3.973179578781128, 3.7102210521698, 4.049747467041016]"
62689.0,2009-06-01T00:00:00.000000000,"[3.523669719696045, 1.301453948020935, 4.315746784210205, 4.711785793304443]","[4.385016441345215, 4.037927627563477, 3.8800063133239746, 4.162836074829102]"
62689.0,2009-09-01T00:00:00.000000000,"[1.301453948020935, 4.315746784210205, 4.711785793304443, 3.281646251678467]","[4.524667739868164, 4.050563812255859, 3.7844150066375732, 4.11686897277832]"
62689.0,2009-12-01T00:00:00.000000000,"[4.315746784210205, 4.711785793304443, 3.281646251678467, 4.887802600860596]","[4.332932472229004, 3.9965593814849854, 3.7862672805786133, 4.0618791580200195]"
62689.0,2010-03-01T00:00:00.000000000,"[4.711785793304443, 3.281646251678467, 4.887802600860596, 3.98571515083313]","[3.9850869178771973, 3.775141954421997, 3.6237306594848633, 3.871976375579834]"
62689.0,2010-06-01T00:00:00.000000000,"[3.281646251678467, 4.887802600860596, 3.98571515083313, 5.525864601135254]","[4.261348247528076, 4.031449794769287, 3.8550970554351807, 4.090096473693848]"
62689.0,2010-09-01T00:00:00.000000000,"[4.887802600860596, 3.98571515083313, 5.525864601135254, 3.7436912059783936]","[4.415264129638672, 4.111105918884277, 3.9161460399627686, 4.174840927124023]"
62689.0,2010-12-01T00:00:00.000000000,"[3.98571515083313, 5.525864601135254, 3.7436912059783936, 2.4455649852752686]","[4.490174293518066, 4.176191806793213, 3.973128318786621, 4.240541934967041]"
62689.0,2011-03-01T00:00:00.000000000,"[5.525864601135254, 3.7436912059783936, 2.4455649852752686, 6.603969573974609]","[4.249146461486816, 4.015998363494873, 3.853074073791504, 4.0985918045043945]"
62689.0,2011-06-01T00:00:00.000000000,"[3.7436912059783936, 2.4455649852752686, 6.603969573974609, 5.063819408416748]","[4.456474304199219, 4.216098785400391, 4.045079708099365, 4.276991844177246]"
62689.0,2011-09-01T00:00:00.000000000,"[2.4455649852752686, 6.603969573974609, 5.063819408416748, -1.1407837867736816]","[4.483573913574219, 4.225631237030029, 4.052350044250488, 4.296130657196045]"
62689.0,2011-12-01T00:00:00.000000000,"[6.603969573974609, 5.063819408416748, -1.1407837867736816, 6.163926601409912]","[4.703368186950684, 4.304845333099365, 4.084049224853516, 4.383864879608154]"
62689.0,2012-03-01T00:00:00.000000000,"[5.063819408416748, -1.1407837867736816, 6.163926601409912, 10.102309226989746]","[4.674081802368164, 4.36578369140625, 4.165286540985107, 4.433407783508301]"
62689.0,2012-06-01T00:00:00.000000000,"[-1.1407837867736816, 6.163926601409912, 10.102309226989746, 5.305843353271484]","[4.493902683258057, 4.225656032562256, 4.065264701843262, 4.326220989227295]"
62689.0,2012-09-01T00:00:00.000000000,"[6.163926601409912, 10.102309226989746, 5.305843353271484, 6.889997482299805]","[4.246346473693848, 4.115231990814209, 4.004232883453369, 4.213422775268555]"
62689.0,2012-12-01T00:00:00.000000000,"[10.102309226989746, 5.305843353271484, 6.889997482299805, 5.019815444946289]","[4.870723724365234, 4.579919338226318, 4.397711753845215, 4.638594150543213]"
62689.0,2013-03-01T00:00:00.000000000,"[5.305843353271484, 6.889997482299805, 5.019815444946289, 10.740371704101562]","[5.306934356689453, 4.895516395568848, 4.65224027633667, 4.96803617477417]"
64768.0,2006-06-01T00:00:00.000000000,"[-0.7304438352584839, -0.8052510619163513, -0.6512360572814941, -0.7139422297477722]","[-0.6706637740135193, -0.6715854406356812, -0.6721479296684265, -0.6693081855773926]"
64768.0,2006-09-01T00:00:00.000000000,"[-0.8052510619163513, -0.6512360572814941, -0.7139422297477722, -0.6798388957977295]","[-0.6682892441749573, -0.6693590879440308, -0.6709024906158447, -0.6677175760269165]"
64768.0,2006-12-01T00:00:00.000000000,"[-0.6512360572814941, -0.7139422297477722, -0.6798388957977295, -0.6820390820503235]","[-0.6680619716644287, -0.6721856594085693, -0.6739437580108643, -0.6696258187294006]"
64768.0,2007-03-01T00:00:00.000000000,"[-0.7139422297477722, -0.6798388957977295, -0.6820390820503235, -0.5907301902770996]","[-0.6663934588432312, -0.6704021096229553, -0.6723799705505371, -0.6682822108268738]"
64768.0,2007-06-01T00:00:00.000000000,"[-0.6798388957977295, -0.6820390820503235, -0.5907301902770996, -0.5830294489860535]","[-0.6779447793960571, -0.6821250319480896, -0.6777077317237854, -0.6776766777038574]"
64768.0,2007-09-01T00:00:00.000000000,"[-0.6820390820503235, -0.5907301902770996, -0.5830294489860535, -0.5049218535423279]","[-0.6737619042396545, -0.6758589744567871, -0.6752898097038269, -0.6730435490608215]"
64768.0,2007-12-01T00:00:00.000000000,"[-0.5907301902770996, -0.5830294489860535, -0.5049218535423279, -0.6435353755950928]","[-0.675368070602417, -0.6801959872245789, -0.6756725907325745, -0.6758854985237122]"
64768.0,2008-03-01T00:00:00.000000000,"[-0.5830294489860535, -0.5049218535423279, -0.6435353755950928, -0.5313244462013245]","[-0.6676610708236694, -0.6738054752349854, -0.6702119708061218, -0.670002281665802]"
64768.0,2008-06-01T00:00:00.000000000,"[-0.5049218535423279, -0.6435353755950928, -0.5313244462013245, -0.5379250645637512]","[-0.6593946218490601, -0.6656981706619263, -0.6645386219024658, -0.6629524230957031]"
64768.0,2008-09-01T00:00:00.000000000,"[-0.6435353755950928, -0.5313244462013245, -0.5379250645637512, -0.6567366123199463]","[-0.6536293625831604, -0.6575467586517334, -0.6600095629692078, -0.6555767059326172]"
64768.0,2008-12-01T00:00:00.000000000,"[-0.5313244462013245, -0.5379250645637512, -0.6567366123199463, -0.6435353755950928]","[-0.6505378484725952, -0.6592944860458374, -0.6574897170066833, -0.6558340191841125]"
64768.0,2009-03-01T00:00:00.000000000,"[-0.5379250645637512, -0.6567366123199463, -0.6435353755950928, -0.463117778301239]","[-0.6449495553970337, -0.6556127071380615, -0.6530136466026306, -0.6516739130020142]"
64768.0,2009-06-01T00:00:00.000000000,"[-0.6567366123199463, -0.6435353755950928, -0.463117778301239, -0.34100592136383057]","[-0.6360613703727722, -0.6484988331794739, -0.6488074064254761, -0.6447718143463135]"
64768.0,2009-09-01T00:00:00.000000000,"[-0.6435353755950928, -0.463117778301239, -0.34100592136383057, -0.14298662543296814]","[-0.6423418521881104, -0.6487061381340027, -0.6504880785942078, -0.6461372971534729]"
64768.0,2009-12-01T00:00:00.000000000,"[-0.463117778301239, -0.34100592136383057, -0.14298662543296814, -0.06817939877510071]","[-0.6439224481582642, -0.6546114683151245, -0.6504225134849548, -0.6498185992240906]"
64768.0,2010-03-01T00:00:00.000000000,"[-0.34100592136383057, -0.14298662543296814, -0.06817939877510071, -0.03627631068229675]","[-0.6322859525680542, -0.6430379152297974, -0.643154501914978, -0.6392359733581543]"
64768.0,2010-06-01T00:00:00.000000000,"[-0.14298662543296814, -0.06817939877510071, -0.03627631068229675, 0.07923494279384613]","[-0.6088509559631348, -0.6243809461593628, -0.6319272518157959, -0.6208122968673706]"
64768.0,2010-09-01T00:00:00.000000000,"[-0.06817939877510071, -0.03627631068229675, 0.07923494279384613, -0.12648503482341766]","[-0.5840643644332886, -0.6023021936416626, -0.6153194308280945, -0.5982306599617004]"
64768.0,2010-12-01T00:00:00.000000000,"[-0.03627631068229675, 0.07923494279384613, -0.12648503482341766, -0.2353956401348114]","[-0.5534734725952148, -0.5793936252593994, -0.5954142808914185, -0.5737308263778687]"
64768.0,2011-03-01T00:00:00.000000000,"[0.07923494279384613, -0.12648503482341766, -0.2353956401348114, 0.01102833729237318]","[-0.523277997970581, -0.5558762550354004, -0.5762336850166321, -0.5492157340049744]"
64768.0,2011-06-01T00:00:00.000000000,"[-0.12648503482341766, -0.2353956401348114, 0.01102833729237318, -0.14958731830120087]","[-0.48768025636672974, -0.5265899300575256, -0.5531197190284729, -0.5192363262176514]"
64768.0,2011-09-01T00:00:00.000000000,"[-0.2353956401348114, 0.01102833729237318, -0.14958731830120087, 0.43236926198005676]","[-0.46475523710250854, -0.5090279579162598, -0.5362907648086548, -0.5006797313690186]"
64768.0,2011-12-01T00:00:00.000000000,"[0.01102833729237318, -0.14958731830120087, 0.43236926198005676, 0.6600914597511292]","[-0.44469988346099854, -0.4937439262866974, -0.522772490978241, -0.48497676849365234]"
64768.0,2012-03-01T00:00:00.000000000,"[-0.14958731830120087, 0.43236926198005676, 0.6600914597511292, 0.8493099212646484]","[-0.42282000184059143, -0.4740106463432312, -0.5040600299835205, -0.4646214544773102]"
64768.0,2012-06-01T00:00:00.000000000,"[0.43236926198005676, 0.6600914597511292, 0.8493099212646484, 1.0363280773162842]","[-0.40316805243492126, -0.45748820900917053, -0.488820880651474, -0.447677344083786]"
64768.0,2012-09-01T00:00:00.000000000,"[0.6600914597511292, 0.8493099212646484, 1.0363280773162842, 0.9626208543777466]","[-0.3452184200286865, -0.41383373737335205, -0.4522847533226013, -0.40194693207740784]"
64768.0,2012-12-01T00:00:00.000000000,"[0.8493099212646484, 1.0363280773162842, 0.9626208543777466, -0.02747543714940548]","[-0.2689996659755707, -0.3575751781463623, -0.4057450294494629, -0.3431462049484253]"
64768.0,2013-03-01T00:00:00.000000000,"[1.0363280773162842, 0.9626208543777466, -0.02747543714940548, -0.06267886608839035]","[-0.19881367683410645, -0.3011024296283722, -0.35696709156036377, -0.28432148694992065]"
111534.0,2006-03-01T00:00:00.000000000,"[-2.7029356956481934, 1.3894624710083008, 3.677685022354126, 3.2376420497894287]","[0.987327516078949, 0.7684890031814575, 1.0122228860855103, 0.9431883096694946]"
111534.0,2006-06-01T00:00:00.000000000,"[1.3894624710083008, 3.677685022354126, 3.2376420497894287, 3.5896763801574707]","[0.579506516456604, 0.36290353536605835, 0.6680828332901001, 0.6086474657058716]"
111534.0,2006-09-01T00:00:00.000000000,"[3.677685022354126, 3.2376420497894287, 3.5896763801574707, 3.831699848175049]","[1.0536092519760132, 0.8088391423225403, 0.9305766820907593, 0.962812602519989]"
111534.0,2006-12-01T00:00:00.000000000,"[3.2376420497894287, 3.5896763801574707, 3.831699848175049, 6.735982418060303]","[1.1547569036483765, 0.8755691051483154, 1.0427865982055664, 1.0376920700073242]"
111534.0,2007-03-01T00:00:00.000000000,"[3.5896763801574707, 3.831699848175049, 6.735982418060303, 2.027524471282959]","[1.372501015663147, 1.186157464981079, 1.1517988443374634, 1.2737042903900146]"
111534.0,2007-06-01T00:00:00.000000000,"[3.831699848175049, 6.735982418060303, 2.027524471282959, 2.9076099395751953]","[0.9107288718223572, 0.8126010298728943, 0.8914459943771362, 0.9774772524833679]"
111534.0,2007-09-01T00:00:00.000000000,"[6.735982418060303, 2.027524471282959, 2.9076099395751953, 4.381753444671631]","[1.7031217813491821, 1.479434609413147, 1.31503164768219, 1.541719675064087]"
111534.0,2007-12-01T00:00:00.000000000,"[2.027524471282959, 2.9076099395751953, 4.381753444671631, 5.217834949493408]","[1.8421169519424438, 1.4483492374420166, 1.5174885988235474, 1.5838528871536255]"
111534.0,2008-03-01T00:00:00.000000000,"[2.9076099395751953, 4.381753444671631, 5.217834949493408, 2.115532875061035]","[1.7894995212554932, 1.484656572341919, 1.4662353992462158, 1.5891268253326416]"
111534.0,2008-06-01T00:00:00.000000000,"[4.381753444671631, 5.217834949493408, 2.115532875061035, 1.4114645719528198]","[1.5657055377960205, 1.3769559860229492, 1.348087191581726, 1.4952064752578735]"
111534.0,2008-09-01T00:00:00.000000000,"[5.217834949493408, 2.115532875061035, 1.4114645719528198, 2.7315926551818848]","[2.1201698780059814, 1.8187731504440308, 1.6260654926300049, 1.888495683670044]"
111534.0,2009-03-01T00:00:00.000000000,"[2.115532875061035, 1.4114645719528198, 2.7315926551818848, 2.7095906734466553]","[2.0944931507110596, 1.738945484161377, 1.7017115354537964, 1.8528828620910645]"
111534.0,2009-06-01T00:00:00.000000000,"[1.4114645719528198, 2.7315926551818848, 2.7095906734466553, -0.37070879340171814]","[2.212986469268799, 1.9042177200317383, 1.6861165761947632, 1.9753260612487793]"
111534.0,2009-09-01T00:00:00.000000000,"[2.7315926551818848, 2.7095906734466553, -0.37070879340171814, 3.083627223968506]","[1.8098092079162598, 1.6516602039337158, 1.5397450923919678, 1.747698426246643]"
111534.0,2009-12-01T00:00:00.000000000,"[2.7095906734466553, -0.37070879340171814, 3.083627223968506, 3.3916571140289307]","[2.061067819595337, 1.723675012588501, 1.6923810243606567, 1.8509105443954468]"
111534.0,2010-03-01T00:00:00.000000000,"[-0.37070879340171814, 3.083627223968506, 3.3916571140289307, 11.004398345947266]","[1.55567467212677, 1.3243000507354736, 1.4567019939422607, 1.523607611656189]"
111864.0,2006-06-01T00:00:00.000000000,"[0.6413896679878235, 0.575383186340332, 0.7734025120735168, 0.8614109754562378]","[0.07708275318145752, -0.005952648818492889, -0.042708657681941986, 0.01668485254049301]"
111864.0,2006-09-01T00:00:00.000000000,"[0.575383186340332, 0.7734025120735168, 0.8614109754562378, 1.0374282598495483]","[0.11864365637302399, 0.03184734284877777, -0.006501510739326477, 0.0554366409778595]"
111864.0,2006-12-01T00:00:00.000000000,"[0.7734025120735168, 0.8614109754562378, 1.0374282598495483, 0.9714217185974121]","[0.1529238075017929, 0.06682033091783524, 0.030732490122318268, 0.0929776132106781]"
111864.0,2007-03-01T00:00:00.000000000,"[0.8614109754562378, 1.0374282598495483, 0.9714217185974121, 1.0594303607940674]","[0.19885237514972687, 0.10998421162366867, 0.07463517040014267, 0.13926668465137482]"
111864.0,2007-06-01T00:00:00.000000000,"[1.0374282598495483, 0.9714217185974121, 1.0594303607940674, 1.0594303607940674]","[0.24635916948318481, 0.15271645784378052, 0.11448463797569275, 0.18227024376392365]"
111864.0,2007-09-01T00:00:00.000000000,"[0.9714217185974121, 1.0594303607940674, 1.0594303607940674, 1.2134451866149902]","[0.30295491218566895, 0.2005239725112915, 0.15622061491012573, 0.22934278845787048]"
111864.0,2007-12-01T00:00:00.000000000,"[1.0594303607940674, 1.0594303607940674, 1.2134451866149902, 1.1914430856704712]","[0.34647828340530396, 0.2420637458562851, 0.19533675909042358, 0.27031034231185913]"
111864.0,2008-03-01T00:00:00.000000000,"[1.0594303607940674, 1.2134451866149902, 1.1914430856704712, 1.2134451866149902]","[0.3976016044616699, 0.2881208658218384, 0.2383284866809845, 0.31663256883621216]"
111864.0,2008-06-01T00:00:00.000000000,"[1.2134451866149902, 1.1914430856704712, 1.2134451866149902, 1.147438883781433]","[0.447366863489151, 0.32971787452697754, 0.2722483277320862, 0.35471686720848083]"
111864.0,2008-09-01T00:00:00.000000000,"[1.1914430856704712, 1.2134451866149902, 1.147438883781433, 1.3454581499099731]","[0.49939829111099243, 0.37675803899765015, 0.314572274684906, 0.4003310799598694]"
111864.0,2008-12-01T00:00:00.000000000,"[1.2134451866149902, 1.147438883781433, 1.3454581499099731, 1.455468773841858]","[0.5485051870346069, 0.4259175658226013, 0.3662913739681244, 0.45322924852371216]"
111864.0,2009-03-01T00:00:00.000000000,"[1.147438883781433, 1.3454581499099731, 1.455468773841858, 1.5654793977737427]","[0.6024978160858154, 0.4780126214027405, 0.4213099181652069, 0.5100895166397095]"
111864.0,2009-06-01T00:00:00.000000000,"[1.3454581499099731, 1.455468773841858, 1.5654793977737427, 1.6314857006072998]","[0.6477347612380981, 0.517505407333374, 0.45470765233039856, 0.5460606813430786]"
111864.0,2009-09-01T00:00:00.000000000,"[1.455468773841858, 1.5654793977737427, 1.6314857006072998, 1.9175138473510742]","[0.6954934597015381, 0.5700488090515137, 0.513495683670044, 0.6038681268692017]"
111864.0,2009-12-01T00:00:00.000000000,"[1.5654793977737427, 1.6314857006072998, 1.9175138473510742, 1.9175138473510742]","[0.750558614730835, 0.6273611783981323, 0.5768408179283142, 0.6675737500190735]"
111864.0,2010-03-01T00:00:00.000000000,"[1.6314857006072998, 1.9175138473510742, 1.9175138473510742, 1.7855008840560913]","[0.8242349624633789, 0.6951582431793213, 0.649520754814148, 0.7442841529846191]"
111864.0,2010-06-01T00:00:00.000000000,"[1.9175138473510742, 1.9175138473510742, 1.7855008840560913, 1.301453948020935]","[0.8847383260726929, 0.7468128204345703, 0.6916337609291077, 0.7907369136810303]"
111864.0,2010-09-01T00:00:00.000000000,"[1.9175138473510742, 1.7855008840560913, 1.301453948020935, 1.3674603700637817]","[0.9603201150894165, 0.818330705165863, 0.7653721570968628, 0.8684884905815125]"
111864.0,2010-12-01T00:00:00.000000000,"[1.7855008840560913, 1.301453948020935, 1.3674603700637817, 1.6754902601242065]","[1.0212256908416748, 0.8843625783920288, 0.8376055955886841, 0.9402761459350586]"
111864.0,2011-03-01T00:00:00.000000000,"[1.301453948020935, 1.3674603700637817, 1.6754902601242065, 1.6534881591796875]","[1.074100375175476, 0.9351404309272766, 0.8833435773849487, 0.9872593879699707]"
111864.0,2011-06-01T00:00:00.000000000,"[1.3674603700637817, 1.6754902601242065, 1.6534881591796875, 1.4114645719528198]","[1.1039226055145264, 0.9560146331787109, 0.8859611749649048, 0.9918610453605652]"
111864.0,2011-09-01T00:00:00.000000000,"[1.6754902601242065, 1.6534881591796875, 1.4114645719528198, 1.103434681892395]","[1.1364659070968628, 0.9864484071731567, 0.9093990325927734, 1.0149965286254883]"
111864.0,2011-12-01T00:00:00.000000000,"[1.6534881591796875, 1.4114645719528198, 1.103434681892395, 1.4334666728973389]","[1.200364112854004, 1.0586422681808472, 1.005277156829834, 1.1085654497146606]"
111864.0,2012-03-01T00:00:00.000000000,"[1.4114645719528198, 1.103434681892395, 1.4334666728973389, 0.7734025120735168]","[1.252843976020813, 1.1271514892578125, 1.1016614437103271, 1.199072241783142]"
111864.0,2012-06-01T00:00:00.000000000,"[1.103434681892395, 1.4334666728973389, 0.7734025120735168, 1.4334666728973389]","[1.277536153793335, 1.157355546951294, 1.1324620246887207, 1.2264021635055542]"
111864.0,2012-09-01T00:00:00.000000000,"[1.4334666728973389, 0.7734025120735168, 1.4334666728973389, 1.477470874786377]","[1.2845032215118408, 1.1638386249542236, 1.1260654926300049, 1.2179194688796997]"
111864.0,2012-12-01T00:00:00.000000000,"[0.7734025120735168, 1.4334666728973389, 1.477470874786377, 1.6314857006072998]","[1.3213108777999878, 1.2037084102630615, 1.1725082397460938, 1.262222170829773]"
111864.0,2013-03-01T00:00:00.000000000,"[1.4334666728973389, 1.477470874786377, 1.6314857006072998, 1.7194944620132446]","[1.2886924743652344, 1.1672980785369873, 1.1001653671264648, 1.188119888305664]"
112111.0,2006-06-01T00:00:00.000000000,"[-0.5247237682342529, -0.5093222856521606, -0.49612101912498474, -0.6259335875511169]","[-0.618033766746521, -0.6280754804611206, -0.6335543990135193, -0.6262284517288208]"
112111.0,2006-09-01T00:00:00.000000000,"[-0.5093222856521606, -0.49612101912498474, -0.6259335875511169, -0.6831392049789429]","[-0.6084800362586975, -0.6213263273239136, -0.62809157371521, -0.6193796992301941]"
112111.0,2006-12-01T00:00:00.000000000,"[-0.49612101912498474, -0.6259335875511169, -0.6831392049789429, -0.5841295719146729]","[-0.6065635681152344, -0.6173915266990662, -0.6236209273338318, -0.615501880645752]"
112111.0,2007-03-01T00:00:00.000000000,"[-0.6259335875511169, -0.6831392049789429, -0.5841295719146729, -0.45871737599372864]","[-0.6044049859046936, -0.6138339638710022, -0.6199790835380554, -0.6121408939361572]"
112111.0,2007-06-01T00:00:00.000000000,"[-0.6831392049789429, -0.5841295719146729, -0.45871737599372864, -0.491720587015152]","[-0.5956211090087891, -0.6092140674591064, -0.616570234298706, -0.6070204377174377]"
112111.0,2007-09-01T00:00:00.000000000,"[-0.5841295719146729, -0.45871737599372864, -0.491720587015152, -0.5005214810371399]","[-0.5949902534484863, -0.6090613603591919, -0.6166080236434937, -0.6068391799926758]"
112111.0,2007-12-01T00:00:00.000000000,"[-0.45871737599372864, -0.491720587015152, -0.5005214810371399, -0.45651715993881226]","[-0.5956007838249207, -0.6081951260566711, -0.6152517199516296, -0.6060990691184998]"
112111.0,2008-03-01T00:00:00.000000000,"[-0.491720587015152, -0.5005214810371399, -0.45651715993881226, -0.41691333055496216]","[-0.594474732875824, -0.6046578884124756, -0.611138105392456, -0.6025007963180542]"
112111.0,2008-06-01T00:00:00.000000000,"[-0.5005214810371399, -0.45651715993881226, -0.41691333055496216, -0.5115225315093994]","[-0.5969280004501343, -0.6037676930427551, -0.6088665723800659, -0.6011407375335693]"
112111.0,2008-09-01T00:00:00.000000000,"[-0.45651715993881226, -0.41691333055496216, -0.5115225315093994, -0.3905107378959656]","[-0.5776406526565552, -0.5911037921905518, -0.598868727684021, -0.5886217355728149]"
112111.0,2008-12-01T00:00:00.000000000,"[-0.41691333055496216, -0.5115225315093994, -0.3905107378959656, -0.4257141649723053]","[-0.5692408084869385, -0.5837764143943787, -0.5924515724182129, -0.581230640411377]"
112111.0,2009-03-01T00:00:00.000000000,"[-0.5115225315093994, -0.3905107378959656, -0.4257141649723053, -0.3377055823802948]","[-0.5631231069564819, -0.578346312046051, -0.5872530341148376, -0.5755058526992798]"
112111.0,2009-06-01T00:00:00.000000000,"[-0.3905107378959656, -0.4257141649723053, -0.3377055823802948, -0.3355053961277008]","[-0.5586782693862915, -0.5743640065193176, -0.583457350730896, -0.5714572072029114]"
112111.0,2009-09-01T00:00:00.000000000,"[-0.4257141649723053, -0.3377055823802948, -0.3355053961277008, -0.22549466788768768]","[-0.543855607509613, -0.5637819170951843, -0.5747181177139282, -0.5604696869850159]"
112111.0,2009-12-01T00:00:00.000000000,"[-0.3377055823802948, -0.3355053961277008, -0.22549466788768768, -0.08248080313205719]","[-0.5323339700698853, -0.5554828643798828, -0.5677703022956848, -0.5519042015075684]"
112111.0,2010-03-01T00:00:00.000000000,"[-0.3355053961277008, -0.22549466788768768, -0.08248080313205719, -0.1440867930650711]","[-0.5185423493385315, -0.5449526906013489, -0.5590170621871948, -0.5411657691001892]"
112111.0,2010-06-01T00:00:00.000000000,"[-0.22549466788768768, -0.08248080313205719, -0.1440867930650711, -0.2100931704044342]","[-0.5069385170936584, -0.5352562069892883, -0.550659716129303, -0.5315009355545044]"
112111.0,2010-09-01T00:00:00.000000000,"[-0.08248080313205719, -0.1440867930650711, -0.2100931704044342, -0.12648503482341766]","[-0.48776543140411377, -0.5200201869010925, -0.5377390384674072, -0.5159687399864197]"
112111.0,2010-12-01T00:00:00.000000000,"[-0.1440867930650711, -0.2100931704044342, -0.12648503482341766, -0.08028054982423782]","[-0.45780137181282043, -0.49735936522483826, -0.5189344882965088, -0.49246516823768616]"
112111.0,2011-03-01T00:00:00.000000000,"[-0.2100931704044342, -0.12648503482341766, -0.08028054982423782, -0.16388869285583496]","[-0.4378999173641205, -0.48019811511039734, -0.503456175327301, -0.47490355372428894]"
112111.0,2011-06-01T00:00:00.000000000,"[-0.12648503482341766, -0.08028054982423782, -0.16388869285583496, -0.18589083850383759]","[-0.42494824528694153, -0.4670279622077942, -0.4904514253139496, -0.46152055263519287]"
112111.0,2011-09-01T00:00:00.000000000,"[-0.08028054982423782, -0.16388869285583496, -0.18589083850383759, -0.20349255204200745]","[-0.4049534797668457, -0.44907400012016296, -0.4733014404773712, -0.44277647137641907]"
112111.0,2011-12-01T00:00:00.000000000,"[-0.16388869285583496, -0.18589083850383759, -0.20349255204200745, -0.07367992401123047]","[-0.37790265679359436, -0.42799732089042664, -0.45511871576309204, -0.42131420969963074]"
112111.0,2012-03-01T00:00:00.000000000,"[-0.18589083850383759, -0.20349255204200745, -0.07367992401123047, -0.0956820473074913]","[-0.36570629477500916, -0.41507506370544434, -0.44258666038513184, -0.40877652168273926]"
112111.0,2012-06-01T00:00:00.000000000,"[-0.20349255204200745, -0.07367992401123047, -0.0956820473074913, -0.12868529558181763]","[-0.35623836517333984, -0.4032626748085022, -0.429975301027298, -0.39695796370506287]"
112111.0,2012-09-01T00:00:00.000000000,"[-0.07367992401123047, -0.0956820473074913, -0.12868529558181763, -0.15068741142749786]","[-0.3462853729724884, -0.39126595854759216, -0.41734135150909424, -0.38519394397735596]"
112111.0,2012-12-01T00:00:00.000000000,"[-0.0956820473074913, -0.12868529558181763, -0.15068741142749786, 0.06933397799730301]","[-0.3271077573299408, -0.37334930896759033, -0.40022918581962585, -0.36721277236938477]"
117768.0,2006-03-01T00:00:00.000000000,"[-0.5852296352386475, -0.5797291398048401, -0.5302243232727051, -0.5082221627235413]","[-0.5750637650489807, -0.5830650329589844, -0.5857393741607666, -0.5798352956771851]"
117768.0,2006-06-01T00:00:00.000000000,"[-0.5797291398048401, -0.5302243232727051, -0.5082221627235413, -0.5687280893325806]","[-0.5853530168533325, -0.5951672196388245, -0.5901680588722229, -0.5888300538063049]"
117768.0,2006-09-01T00:00:00.000000000,"[-0.5302243232727051, -0.5082221627235413, -0.5687280893325806, -0.607231855392456]","[-0.5790445804595947, -0.586280107498169, -0.5885804891586304, -0.5822656750679016]"
117768.0,2007-03-01T00:00:00.000000000,"[-0.5082221627235413, -0.5687280893325806, -0.607231855392456, -0.45871737599372864]","[-0.5701659917831421, -0.5779749751091003, -0.5823798775672913, -0.5750374794006348]"
117768.0,2007-06-01T00:00:00.000000000,"[-0.5687280893325806, -0.607231855392456, -0.45871737599372864, -0.5082221627235413]","[-0.566261887550354, -0.5775409936904907, -0.5774338841438293, -0.5733722448348999]"
117768.0,2007-09-01T00:00:00.000000000,"[-0.607231855392456, -0.45871737599372864, -0.5082221627235413, -0.5192232131958008]","[-0.5703527927398682, -0.5782884955406189, -0.5796865820884705, -0.5743793845176697]"
117768.0,2007-12-01T00:00:00.000000000,"[-0.45871737599372864, -0.5082221627235413, -0.5192232131958008, -0.48071953654289246]","[-0.5679550766944885, -0.5765700340270996, -0.580112874507904, -0.572902262210846]"
117768.0,2008-03-01T00:00:00.000000000,"[-0.5082221627235413, -0.5192232131958008, -0.48071953654289246, -0.23869597911834717]","[-0.5503018498420715, -0.5627803206443787, -0.5716695189476013, -0.5602632761001587]"
117768.0,2008-06-01T00:00:00.000000000,"[-0.5192232131958008, -0.48071953654289246, -0.23869597911834717, -0.15618793666362762]","[-0.5534594655036926, -0.5672783255577087, -0.5717358589172363, -0.5636330246925354]"
117768.0,2008-09-01T00:00:00.000000000,"[-0.48071953654289246, -0.23869597911834717, -0.15618793666362762, -0.26619863510131836]","[-0.5529841184616089, -0.5636914372444153, -0.5715189576148987, -0.5612030625343323]"
117768.0,2008-12-01T00:00:00.000000000,"[-0.23869597911834717, -0.15618793666362762, -0.26619863510131836, -0.19469167292118073]","[-0.5546185374259949, -0.565995454788208, -0.5731956362724304, -0.5626107454299927]"
117768.0,2009-03-01T00:00:00.000000000,"[-0.15618793666362762, -0.26619863510131836, -0.19469167292118073, 0.030830271542072296]","[-0.5237868428230286, -0.5468555688858032, -0.5594437122344971, -0.5430678725242615]"
117768.0,2009-06-01T00:00:00.000000000,"[-0.26619863510131836, -0.19469167292118073, 0.030830271542072296, 0.16284312307834625]","[-0.49513673782348633, -0.5292752981185913, -0.5468705296516418, -0.5243527293205261]"
117768.0,2009-09-01T00:00:00.000000000,"[-0.19469167292118073, 0.030830271542072296, 0.16284312307834625, 0.426868736743927]","[-0.478994220495224, -0.5181777477264404, -0.5380447506904602, -0.5127179026603699]"
117768.0,2009-12-01T00:00:00.000000000,"[0.030830271542072296, 0.16284312307834625, 0.426868736743927, 0.36636292934417725]","[-0.4653913080692291, -0.5050244331359863, -0.5257404446601868, -0.4992542266845703]"
117768.0,2010-03-01T00:00:00.000000000,"[0.16284312307834625, 0.426868736743927, 0.36636292934417725, 0.3113575577735901]","[-0.4511100649833679, -0.4853997230529785, -0.5033290386199951, -0.47680118680000305]"
117768.0,2010-06-01T00:00:00.000000000,"[0.426868736743927, 0.36636292934417725, 0.3113575577735901, -0.2606981098651886]","[-0.4248601198196411, -0.4606696367263794, -0.48400333523750305, -0.45486980676651]"
117768.0,2010-09-01T00:00:00.000000000,"[0.36636292934417725, 0.3113575577735901, -0.2606981098651886, -0.21669383347034454]","[-0.36671000719070435, -0.4144690930843353, -0.4430374205112457, -0.4051249325275421]"
117768.0,2010-12-01T00:00:00.000000000,"[0.3113575577735901, -0.2606981098651886, -0.21669383347034454, -0.018674563616514206]","[-0.29942017793655396, -0.3679044842720032, -0.40557992458343506, -0.35651135444641113]"
117768.0,2011-03-01T00:00:00.000000000,"[-0.2606981098651886, -0.21669383347034454, -0.018674563616514206, 0.27835431694984436]","[-0.25498610734939575, -0.33337604999542236, -0.3758077025413513, -0.3207786977291107]"
117768.0,2011-06-01T00:00:00.000000000,"[-0.21669383347034454, -0.018674563616514206, 0.27835431694984436, 0.3388602137565613]","[-0.2680191695690155, -0.3335765302181244, -0.37143242359161377, -0.3218318223953247]"
117768.0,2011-09-01T00:00:00.000000000,"[-0.018674563616514206, 0.27835431694984436, 0.3388602137565613, 0.2893553674221039]","[-0.27126914262771606, -0.3287796080112457, -0.3637875020503998, -0.31765827536582947]"
117768.0,2011-12-01T00:00:00.000000000,"[0.27835431694984436, 0.3388602137565613, 0.2893553674221039, 0.4983757734298706]","[-0.24052239954471588, -0.30509236454963684, -0.34272462129592896, -0.29348132014274597]"
117768.0,2012-03-01T00:00:00.000000000,"[0.3388602137565613, 0.2893553674221039, 0.4983757734298706, 0.8999148011207581]","[-0.2025928944349289, -0.27441924810409546, -0.3153025209903717, -0.261811226606369]"
117768.0,2012-06-01T00:00:00.000000000,"[0.2893553674221039, 0.4983757734298706, 0.8999148011207581, 1.0044249296188354]","[-0.1625387817621231, -0.2424561232328415, -0.2871015965938568, -0.22892233729362488]"
117768.0,2012-09-01T00:00:00.000000000,"[0.4983757734298706, 0.8999148011207581, 1.0044249296188354, 1.3124550580978394]","[-0.11607685685157776, -0.20817649364471436, -0.25771892070770264, -0.19357725977897644]"
117768.0,2012-12-01T00:00:00.000000000,"[0.8999148011207581, 1.0044249296188354, 1.3124550580978394, 1.5874814987182617]","[-0.07419414818286896, -0.17228612303733826, -0.22509047389030457, -0.15693676471710205]"
117768.0,2013-03-01T00:00:00.000000000,"[1.0044249296188354, 1.3124550580978394, 1.5874814987182617, 1.8735092878341675]","[-0.030494213104248047, -0.1294163167476654, -0.18597592413425446, -0.11434178799390793]"
126136.0,2004-03-01T00:00:00.000000000,"[-1.7227402925491333, -1.8930367231369019, -1.8688346147537231, -2.47697377204895]","[-2.4636805057525635, -2.6761014461517334, -2.6147823333740234, -2.559455156326294]"
126136.0,2004-06-01T00:00:00.000000000,"[-1.8930367231369019, -1.8688346147537231, -2.47697377204895, -1.0901788473129272]","[-2.4215264320373535, -2.553109884262085, -2.6676740646362305, -2.4724628925323486]"
126136.0,2004-12-01T00:00:00.000000000,"[-1.8688346147537231, -2.47697377204895, -1.0901788473129272, 0.9051952958106995]","[-2.3333139419555664, -2.5007030963897705, -2.634056329727173, -2.430433988571167]"
126136.0,2005-03-01T00:00:00.000000000,"[-2.47697377204895, -1.0901788473129272, 0.9051952958106995, -3.3530988693237305]","[-2.16774582862854, -2.4331932067871094, -2.5402109622955322, -2.3686177730560303]"
126136.0,2005-06-01T00:00:00.000000000,"[-1.0901788473129272, 0.9051952958106995, -3.3530988693237305, -4.78873872756958]","[-2.1742513179779053, -2.415178060531616, -2.5860555171966553, -2.3670618534088135]"
126136.0,2005-09-01T00:00:00.000000000,"[0.9051952958106995, -3.3530988693237305, -4.78873872756958, 0.8174067735671997]","[-2.1378283500671387, -2.3763537406921387, -2.5315351486206055, -2.32568621635437]"
126136.0,2005-12-01T00:00:00.000000000,"[-3.3530988693237305, -4.78873872756958, 0.8174067735671997, 2.973616361618042]","[-1.9930869340896606, -2.223736524581909, -2.3994064331054688, -2.1747257709503174]"
126136.0,2006-03-01T00:00:00.000000000,"[-4.78873872756958, 0.8174067735671997, 2.973616361618042, 0.553381085395813]","[-2.158667802810669, -2.338909864425659, -2.4473164081573486, -2.277881383895874]"
126136.0,2006-06-01T00:00:00.000000000,"[0.8174067735671997, 2.973616361618042, 0.553381085395813, 0.44337034225463867]","[-2.156804323196411, -2.319896936416626, -2.4732494354248047, -2.2731032371520996]"
126136.0,2006-12-01T00:00:00.000000000,"[2.973616361618042, 0.553381085395813, 0.44337034225463867, -0.28270024061203003]","[-1.7839245796203613, -2.0972461700439453, -2.2966415882110596, -2.0379135608673096]"
126136.0,2007-06-01T00:00:00.000000000,"[0.553381085395813, 0.44337034225463867, -0.28270024061203003, 1.8075029850006104]","[-1.5426671504974365, -1.9380757808685303, -2.1724483966827393, -1.8657677173614502]"
126136.0,2007-09-01T00:00:00.000000000,"[0.44337034225463867, -0.28270024061203003, 1.8075029850006104, 0.8394088745117188]","[-1.5159193277359009, -1.8631508350372314, -2.0895886421203613, -1.7932029962539673]"
126136.0,2007-12-01T00:00:00.000000000,"[-0.28270024061203003, 1.8075029850006104, 0.8394088745117188, 1.8295050859451294]","[-1.386542558670044, -1.7517304420471191, -1.9781897068023682, -1.677517056465149]"
126136.0,2008-03-01T00:00:00.000000000,"[1.8075029850006104, 0.8394088745117188, 1.8295050859451294, 2.2915501594543457]","[-1.0882186889648438, -1.5739669799804688, -1.8424081802368164, -1.493016242980957]"
126136.0,2008-06-01T00:00:00.000000000,"[0.8394088745117188, 1.8295050859451294, 2.2915501594543457, 2.1375350952148438]","[-0.9161942005157471, -1.4220771789550781, -1.7014870643615723, -1.337339162826538]"
126136.0,2008-09-01T00:00:00.000000000,"[1.8295050859451294, 2.2915501594543457, 2.1375350952148438, 1.7414965629577637]","[-1.0263999700546265, -1.4010779857635498, -1.6387280225753784, -1.3250281810760498]"
126136.0,2008-12-01T00:00:00.000000000,"[2.2915501594543457, 2.1375350952148438, 1.7414965629577637, 2.3575565814971924]","[-0.8694924116134644, -1.2700055837631226, -1.5252151489257812, -1.1968095302581787]"
126136.0,2010-09-01T00:00:00.000000000,"[2.1375350952148438, 1.7414965629577637, 2.3575565814971924, 3.127631425857544]","[-0.3015211820602417, -0.9215241074562073, -1.2508471012115479, -0.8254169821739197]"
126136.0,2010-12-01T00:00:00.000000000,"[1.7414965629577637, 2.3575565814971924, 3.127631425857544, 6.515960693359375]","[-0.050971031188964844, -0.7370313405990601, -1.1008503437042236, -0.6435060501098633]"
126136.0,2011-03-01T00:00:00.000000000,"[2.3575565814971924, 3.127631425857544, 6.515960693359375, 3.3916571140289307]","[-0.385057270526886, -0.8319487571716309, -1.108655333518982, -0.7440323233604431]"
126136.0,2011-06-01T00:00:00.000000000,"[3.127631425857544, 6.515960693359375, 3.3916571140289307, 7.286036014556885]","[-0.09442675113677979, -0.4541807174682617, -0.5431081652641296, -0.2053060531616211]"
126136.0,2011-09-01T00:00:00.000000000,"[6.515960693359375, 3.3916571140289307, 7.286036014556885, 7.880094051361084]","[0.20093142986297607, -0.2916043996810913, -0.5684329867362976, -0.20691227912902832]"
126136.0,2011-12-01T00:00:00.000000000,"[3.3916571140289307, 7.286036014556885, 7.880094051361084, 12.610553741455078]","[0.8769482374191284, 0.15806609392166138, -0.21437886357307434, 0.2630730867385864]"
126136.0,2012-03-01T00:00:00.000000000,"[7.286036014556885, 7.880094051361084, 12.610553741455078, 8.34213924407959]","[0.8715062141418457, 0.24754855036735535, -0.09854069352149963, 0.34369465708732605]"
126136.0,2012-06-01T00:00:00.000000000,"[7.880094051361084, 12.610553741455078, 8.34213924407959, 10.938390731811523]","[1.27853262424469, 0.562541127204895, 0.15665413439273834, 0.6585468649864197]"
126136.0,2012-09-01T00:00:00.000000000,"[12.610553741455078, 8.34213924407959, 10.938390731811523, 13.6006498336792]","[1.941929578781128, 1.0409491062164307, 0.5652765035629272, 1.163228988647461]"
126136.0,2012-12-01T00:00:00.000000000,"[8.34213924407959, 10.938390731811523, 13.6006498336792, 18.947172164916992]","[2.648730516433716, 1.6101374626159668, 1.0573375225067139, 1.7566287517547607]"
134932.0,2006-06-01T00:00:00.000000000,"[-0.2606981098651886, -0.23869597911834717, -0.3267045319080353, -0.2606981098651886]","[-0.3082771301269531, -0.3254260718822479, -0.3367798626422882, -0.3177928328514099]"
134932.0,2006-09-01T00:00:00.000000000,"[-0.23869597911834717, -0.3267045319080353, -0.2606981098651886, -0.21669383347034454]","[-0.28815987706184387, -0.3071908950805664, -0.32042598724365234, -0.30152133107185364]"
134932.0,2006-12-01T00:00:00.000000000,"[-0.3267045319080353, -0.2606981098651886, -0.21669383347034454, -0.19469167292118073]","[-0.31396472454071045, -0.3308861553668976, -0.32555297017097473, -0.31908923387527466]"
134932.0,2007-03-01T00:00:00.000000000,"[-0.2606981098651886, -0.21669383347034454, -0.19469167292118073, -0.28270024061203003]","[-0.32475441694259644, -0.33527830243110657, -0.3323071002960205, -0.32321280241012573]"
134932.0,2007-06-01T00:00:00.000000000,"[-0.21669383347034454, -0.19469167292118073, -0.28270024061203003, -0.3267045319080353]","[-0.32265233993530273, -0.3363865315914154, -0.32748475670814514, -0.3225550651550293]"
134932.0,2007-09-01T00:00:00.000000000,"[-0.19469167292118073, -0.28270024061203003, -0.3267045319080353, -0.23869597911834717]","[-0.2806636393070221, -0.29656586050987244, -0.30632472038269043, -0.29036474227905273]"
134932.0,2007-12-01T00:00:00.000000000,"[-0.28270024061203003, -0.3267045319080353, -0.23869597911834717, -0.1726895570755005]","[-0.2808547019958496, -0.29996517300605774, -0.302476704120636, -0.29258471727371216]"
134932.0,2008-03-01T00:00:00.000000000,"[-0.3267045319080353, -0.23869597911834717, -0.1726895570755005, -0.06267886608839035]","[-0.2864789068698883, -0.3026210069656372, -0.3054324686527252, -0.29603448510169983]"
134932.0,2008-06-01T00:00:00.000000000,"[-0.23869597911834717, -0.1726895570755005, -0.06267886608839035, -0.19469167292118073]","[-0.3100244998931885, -0.3235166370868683, -0.32115280628204346, -0.3130435347557068]"
134932.0,2008-09-01T00:00:00.000000000,"[-0.1726895570755005, -0.06267886608839035, -0.19469167292118073, -0.12868529558181763]","[-0.2796049416065216, -0.2975807189941406, -0.30491918325424194, -0.2917212247848511]"
134932.0,2008-12-01T00:00:00.000000000,"[-0.06267886608839035, -0.19469167292118073, -0.12868529558181763, -0.018674563616514206]","[-0.2709558308124542, -0.29013386368751526, -0.30107197165489197, -0.2851056158542633]"
134932.0,2009-03-01T00:00:00.000000000,"[-0.19469167292118073, -0.12868529558181763, -0.018674563616514206, 0.15734252333641052]","[-0.2634320855140686, -0.28235360980033875, -0.29602405428886414, -0.2776917517185211]"
134932.0,2009-06-01T00:00:00.000000000,"[-0.12868529558181763, -0.018674563616514206, 0.15734252333641052, 0.17934469878673553]","[-0.2444845736026764, -0.2729584872722626, -0.2896978557109833, -0.2677055299282074]"
134932.0,2009-09-01T00:00:00.000000000,"[-0.018674563616514206, 0.15734252333641052, 0.17934469878673553, 0.3113575577735901]","[-0.222663015127182, -0.26198020577430725, -0.28272733092308044, -0.25598812103271484]"
134932.0,2009-12-01T00:00:00.000000000,"[0.15734252333641052, 0.17934469878673553, 0.3113575577735901, 0.553381085395813]","[-0.22910726070404053, -0.26126784086227417, -0.28008317947387695, -0.2558494508266449]"
134932.0,2010-03-01T00:00:00.000000000,"[0.17934469878673553, 0.3113575577735901, 0.553381085395813, 0.4653724431991577]","[-0.2152024507522583, -0.22875350713729858, -0.22002506256103516, -0.2008574903011322]"
134932.0,2010-06-01T00:00:00.000000000,"[0.3113575577735901, 0.553381085395813, 0.4653724431991577, 0.2453511357307434]","[-0.20375432074069977, -0.22730538249015808, -0.24312135577201843, -0.22098129987716675]"
134932.0,2010-09-01T00:00:00.000000000,"[0.553381085395813, 0.4653724431991577, 0.2453511357307434, 0.2233489453792572]","[-0.1666303128004074, -0.19423946738243103, -0.21501807868480682, -0.18828891217708588]"
134932.0,2010-12-01T00:00:00.000000000,"[0.4653724431991577, 0.2453511357307434, 0.2233489453792572, 0.025329740718007088]","[-0.11080680042505264, -0.15647923946380615, -0.18099462985992432, -0.14736734330654144]"
134932.0,2011-03-01T00:00:00.000000000,"[0.2453511357307434, 0.2233489453792572, 0.025329740718007088, -0.04067668318748474]","[-0.07966793328523636, -0.12675145268440247, -0.15853556990623474, -0.11801445484161377]"
134932.0,2011-06-01T00:00:00.000000000,"[0.2233489453792572, 0.025329740718007088, -0.04067668318748474, -0.48071953654289246]","[-0.055087439715862274, -0.10728287696838379, -0.14157672226428986, -0.09804299473762512]"
134932.0,2011-09-01T00:00:00.000000000,"[0.025329740718007088, -0.04067668318748474, -0.48071953654289246, -0.4367152154445648]","[-0.034763842821121216, -0.09227340668439865, -0.12829704582691193, -0.08244746923446655]"
134932.0,2011-12-01T00:00:00.000000000,"[-0.04067668318748474, -0.48071953654289246, -0.4367152154445648, -0.10668310523033142]","[-0.022859632968902588, -0.08530740439891815, -0.1215323731303215, -0.07485733926296234]"
134932.0,2012-03-01T00:00:00.000000000,"[-0.48071953654289246, -0.4367152154445648, -0.10668310523033142, 0.06933397799730301]","[-0.021252840757369995, -0.08250858634710312, -0.11722558736801147, -0.07188057899475098]"
134932.0,2012-06-01T00:00:00.000000000,"[-0.4367152154445648, -0.10668310523033142, 0.06933397799730301, 0.06933397799730301]","[-0.028354376554489136, -0.09116139262914658, -0.12646721303462982, -0.08034925907850266]"
134932.0,2012-09-01T00:00:00.000000000,"[-0.10668310523033142, 0.06933397799730301, 0.06933397799730301, 0.6853939294815063]","[-0.043660953640937805, -0.101407490670681, -0.1353359818458557, -0.09102293103933334]"
134932.0,2012-12-01T00:00:00.000000000,"[0.06933397799730301, 0.06933397799730301, 0.6853939294815063, 1.2134451866149902]","[-0.033769071102142334, -0.09642849862575531, -0.1319834291934967, -0.08573374897241592]"
134932.0,2013-03-01T00:00:00.000000000,"[0.06933397799730301, 0.6853939294815063, 1.2134451866149902, 1.6974923610687256]","[0.0009342879056930542, -0.07489954680204391, -0.11552511155605316, -0.06378073990345001]"
136725.0,2006-06-01T00:00:00.000000000,"[0.03259040787816048, 0.25767233967781067, 0.5021160840988159, 0.17208397388458252]","[-0.03708133101463318, -0.11266738921403885, -0.15738962590694427, -0.10232289880514145]"
136725.0,2006-09-01T00:00:00.000000000,"[0.25767233967781067, 0.5021160840988159, 0.17208397388458252, 0.41652771830558777]","[0.0027908533811569214, -0.08619607985019684, -0.13492286205291748, -0.07454964518547058]"
136725.0,2006-12-01T00:00:00.000000000,"[0.5021160840988159, 0.17208397388458252, 0.41652771830558777, 0.392105370759964]","[0.027215808629989624, -0.0627220943570137, -0.11230497807264328, -0.051565006375312805]"
136725.0,2007-03-01T00:00:00.000000000,"[0.17208397388458252, 0.41652771830558777, 0.392105370759964, 0.7390791177749634]","[0.0778869092464447, 0.0050127506256103516, -0.00482834130525589, 0.05169746279716492]"
136725.0,2007-06-01T00:00:00.000000000,"[0.41652771830558777, 0.392105370759964, 0.7390791177749634, 0.3797842264175415]","[0.08662199229001999, 0.013624057173728943, -0.004051074385643005, 0.05157759040594101]"
136725.0,2007-09-01T00:00:00.000000000,"[0.392105370759964, 0.7390791177749634, 0.3797842264175415, 0.6730727553367615]","[0.1154899150133133, 0.04575250297784805, 0.03322054445743561, 0.08769732713699341]"
136725.0,2007-12-01T00:00:00.000000000,"[0.7390791177749634, 0.3797842264175415, 0.6730727553367615, 0.8125662803649902]","[0.13749206066131592, 0.06319603323936462, 0.041105665266513824, 0.0968421921133995]"
136725.0,2008-03-01T00:00:00.000000000,"[0.3797842264175415, 0.6730727553367615, 0.8125662803649902, 0.7881438732147217]","[0.19203466176986694, 0.127650186419487, 0.13047702610492706, 0.184249147772789]"
136725.0,2008-06-01T00:00:00.000000000,"[0.6730727553367615, 0.8125662803649902, 0.7881438732147217, 0.543700098991394]","[0.20966286957263947, 0.13374751806259155, 0.11553429067134857, 0.1727551966905594]"
136725.0,2008-09-01T00:00:00.000000000,"[0.8125662803649902, 0.7881438732147217, 0.543700098991394, 0.7538204789161682]","[0.25047388672828674, 0.17710363864898682, 0.16695000231266022, 0.2238689661026001]"
136725.0,2008-12-01T00:00:00.000000000,"[0.7881438732147217, 0.543700098991394, 0.7538204789161682, 1.3307167291641235]","[0.28782224655151367, 0.20126500725746155, 0.1724497228860855, 0.2351059913635254]"
136725.0,2009-03-01T00:00:00.000000000,"[0.543700098991394, 0.7538204789161682, 1.3307167291641235, 1.1621804237365723]","[0.3370688259601593, 0.25942757725715637, 0.2528614103794098, 0.3134912848472595]"
136725.0,2009-06-01T00:00:00.000000000,"[0.7538204789161682, 1.3307167291641235, 1.1621804237365723, 1.0886931419372559]","[0.35049083828926086, 0.2511109709739685, 0.2052765190601349, 0.27296558022499084]"
136725.0,2009-09-01T00:00:00.000000000,"[1.3307167291641235, 1.1621804237365723, 1.0886931419372559, 1.323456048965454]","[0.38085269927978516, 0.30243200063705444, 0.285205215215683, 0.34534841775894165]"
136725.0,2009-12-01T00:00:00.000000000,"[1.1621804237365723, 1.0886931419372559, 1.323456048965454, 1.3747209310531616]","[0.45222315192222595, 0.3602684736251831, 0.3356553614139557, 0.40418577194213867]"
136725.0,2010-03-01T00:00:00.000000000,"[1.0886931419372559, 1.323456048965454, 1.3747209310531616, 1.5874814987182617]","[0.5023678541183472, 0.4202820658683777, 0.4130803346633911, 0.47944387793540955]"
136725.0,2010-06-01T00:00:00.000000000,"[1.323456048965454, 1.3747209310531616, 1.5874814987182617, 1.2134451866149902]","[0.5412681102752686, 0.4472596049308777, 0.41922762989997864, 0.48970016837120056]"
136725.0,2010-09-01T00:00:00.000000000,"[1.3747209310531616, 1.5874814987182617, 1.2134451866149902, 1.6827508211135864]","[0.5982428193092346, 0.49360594153404236, 0.45568525791168213, 0.5317788124084473]"
136725.0,2010-12-01T00:00:00.000000000,"[1.5874814987182617, 1.2134451866149902, 1.6827508211135864, 1.8147637844085693]","[0.6556620597839355, 0.5260953307151794, 0.4573245644569397, 0.5440248250961304]"
136725.0,2011-03-01T00:00:00.000000000,"[1.2134451866149902, 1.6827508211135864, 1.8147637844085693, 1.8515071868896484]","[0.6925173997879028, 0.5805328488349915, 0.5254919528961182, 0.6073439121246338]"
136725.0,2011-06-01T00:00:00.000000000,"[1.6827508211135864, 1.8147637844085693, 1.8515071868896484, 1.2721909284591675]","[0.7294281721115112, 0.6165778040885925, 0.5589602589607239, 0.6413763165473938]"
136725.0,2011-09-01T00:00:00.000000000,"[1.8147637844085693, 1.8515071868896484, 1.2721909284591675, 0.11333828419446945]","[0.813805341720581, 0.6782269477844238, 0.6064725518226624, 0.7001024484634399]"
136725.0,2011-12-01T00:00:00.000000000,"[1.8515071868896484, 1.2721909284591675, 0.11333828419446945, 1.3307167291641235]","[0.8812103271484375, 0.7367824912071228, 0.6567713022232056, 0.7558574676513672]"
136725.0,2012-03-01T00:00:00.000000000,"[1.2721909284591675, 0.11333828419446945, 1.3307167291641235, 1.924774408340454]","[0.9150227904319763, 0.7850704193115234, 0.7118666172027588, 0.8071964979171753]"
136725.0,2012-06-01T00:00:00.000000000,"[0.11333828419446945, 1.3307167291641235, 1.924774408340454, 1.880770206451416]","[0.9418219327926636, 0.8144842386245728, 0.7385737895965576, 0.8322694301605225]"
136725.0,2012-09-01T00:00:00.000000000,"[1.3307167291641235, 1.924774408340454, 1.880770206451416, 2.174278736114502]","[0.9544603824615479, 0.8234780430793762, 0.749427080154419, 0.8446438312530518]"
136725.0,2012-12-01T00:00:00.000000000,"[1.924774408340454, 1.880770206451416, 2.174278736114502, 1.9175138473510742]","[0.9970217943191528, 0.8632128238677979, 0.7888466715812683, 0.8851395845413208]"
136725.0,2013-03-01T00:00:00.000000000,"[1.880770206451416, 2.174278736114502, 1.9175138473510742, 2.1595370769500732]","[1.0772489309310913, 0.9224417805671692, 0.8372083902359009, 0.9443798065185547]"
137310.0,2005-09-01T00:00:00.000000000,"[-0.10668310523033142, 0.047331858426332474, -0.06267886608839035, -0.15068741142749786]","[-0.07372619211673737, -0.1317150592803955, -0.16518311202526093, -0.12365460395812988]"
137310.0,2005-12-01T00:00:00.000000000,"[0.047331858426332474, -0.06267886608839035, -0.15068741142749786, -0.4147131145000458]","[-0.07472330331802368, -0.12592098116874695, -0.15640799701213837, -0.11807975172996521]"
137310.0,2006-03-01T00:00:00.000000000,"[-0.06267886608839035, -0.15068741142749786, -0.4147131145000458, -0.4367152154445648]","[-0.05161093920469284, -0.10764411091804504, -0.13913825154304504, -0.09889452159404755]"
137310.0,2006-06-01T00:00:00.000000000,"[-0.15068741142749786, -0.4147131145000458, -0.4367152154445648, -0.5907301902770996]","[-0.058513447642326355, -0.1038622260093689, -0.13094750046730042, -0.09551451355218887]"
137310.0,2006-09-01T00:00:00.000000000,"[-0.4147131145000458, -0.4367152154445648, -0.5907301902770996, -0.45871737599372864]","[-0.06675198674201965, -0.10338199138641357, -0.1271180957555771, -0.09550963342189789]"
137310.0,2007-09-01T00:00:00.000000000,"[-0.4367152154445648, -0.5907301902770996, -0.45871737599372864, -0.6787387728691101]","[-0.08539780229330063, -0.11339609324932098, -0.13476911187171936, -0.10541877895593643]"
137310.0,2007-12-01T00:00:00.000000000,"[-0.5907301902770996, -0.45871737599372864, -0.6787387728691101, -0.30470237135887146]","[-0.060099147260189056, -0.10313616693019867, -0.12989790737628937, -0.09481513500213623]"
137310.0,2008-03-01T00:00:00.000000000,"[-0.45871737599372864, -0.6787387728691101, -0.30470237135887146, -0.2606981098651886]","[-0.08893895149230957, -0.12283205986022949, -0.14807602763175964, -0.11375688761472702]"
137310.0,2008-06-01T00:00:00.000000000,"[-0.6787387728691101, -0.30470237135887146, -0.2606981098651886, -0.21669383347034454]","[-0.1313980519771576, -0.15836742520332336, -0.17772820591926575, -0.144041508436203]"
137310.0,2008-09-01T00:00:00.000000000,"[-0.30470237135887146, -0.2606981098651886, -0.21669383347034454, -0.1726895570755005]","[-0.171567901968956, -0.19093121588230133, -0.20617075264453888, -0.17297574877738953]"
137310.0,2008-12-01T00:00:00.000000000,"[-0.2606981098651886, -0.21669383347034454, -0.1726895570755005, -0.04067668318748474]","[-0.17848946154117584, -0.1996971070766449, -0.19924351572990417, -0.1786000281572342]"
137310.0,2009-03-01T00:00:00.000000000,"[-0.21669383347034454, -0.1726895570755005, -0.04067668318748474, 0.047331858426332474]","[-0.17390777170658112, -0.20566751062870026, -0.18448397517204285, -0.18104055523872375]"
137310.0,2009-06-01T00:00:00.000000000,"[-0.1726895570755005, -0.04067668318748474, 0.047331858426332474, 0.003327556187286973]","[-0.14521288871765137, -0.16391214728355408, -0.17875856161117554, -0.14993946254253387]"
137310.0,2009-09-01T00:00:00.000000000,"[-0.04067668318748474, 0.047331858426332474, 0.003327556187286973, 0.003327556187286973]","[-0.16767624020576477, -0.1857229620218277, -0.19774052500724792, -0.16700151562690735]"
137310.0,2009-12-01T00:00:00.000000000,"[0.047331858426332474, 0.003327556187286973, 0.003327556187286973, -0.08468098938465118]","[-0.11315502226352692, -0.14646181464195251, -0.1691572368144989, -0.1322263777256012]"
137310.0,2010-03-01T00:00:00.000000000,"[0.003327556187286973, 0.003327556187286973, -0.08468098938465118, 0.025329740718007088]","[-0.1187654584646225, -0.14702606201171875, -0.166624054312706, -0.13220298290252686]"
137310.0,2010-06-01T00:00:00.000000000,"[0.003327556187286973, -0.08468098938465118, 0.025329740718007088, -0.15068741142749786]","[-0.16078445315361023, -0.1714063584804535, -0.18075819313526154, -0.15175214409828186]"
137310.0,2010-09-01T00:00:00.000000000,"[-0.08468098938465118, 0.025329740718007088, -0.15068741142749786, -0.3487066924571991]","[-0.1263943612575531, -0.14359739422798157, -0.14867450296878815, -0.125798299908638]"
137310.0,2010-12-01T00:00:00.000000000,"[0.025329740718007088, -0.15068741142749786, -0.3487066924571991, -0.3487066924571991]","[-0.12107852101325989, -0.15390151739120483, -0.13807551562786102, -0.12993963062763214]"
137310.0,2011-03-01T00:00:00.000000000,"[-0.15068741142749786, -0.3487066924571991, -0.3487066924571991, -0.3267045319080353]","[-0.10495132952928543, -0.14188992977142334, -0.12705940008163452, -0.12009342014789581]"
137310.0,2011-06-01T00:00:00.000000000,"[-0.3487066924571991, -0.3487066924571991, -0.3267045319080353, -0.3267045319080353]","[-0.15254966914653778, -0.17713867127895355, -0.15999779105186462, -0.15231794118881226]"
137310.0,2011-09-01T00:00:00.000000000,"[-0.3487066924571991, -0.3267045319080353, -0.3267045319080353, -0.30470237135887146]","[-0.16887891292572021, -0.18286976218223572, -0.1830703765153885, -0.16145263612270355]"
137310.0,2011-12-01T00:00:00.000000000,"[-0.3267045319080353, -0.3267045319080353, -0.30470237135887146, -0.23869597911834717]","[-0.15589144825935364, -0.18190410733222961, -0.18006792664527893, -0.16180749237537384]"
137310.0,2012-03-01T00:00:00.000000000,"[-0.3267045319080353, -0.30470237135887146, -0.23869597911834717, -0.15068741142749786]","[-0.20665425062179565, -0.24406322836875916, -0.20050382614135742, -0.21335847675800323]"
137310.0,2012-06-01T00:00:00.000000000,"[-0.30470237135887146, -0.23869597911834717, -0.15068741142749786, -0.06267886608839035]","[-0.22654207050800323, -0.2420155555009842, -0.22615943849086761, -0.21891456842422485]"
137310.0,2012-09-01T00:00:00.000000000,"[-0.23869597911834717, -0.15068741142749786, -0.06267886608839035, -0.06267886608839035]","[-0.18731586635112762, -0.20354300737380981, -0.2159496694803238, -0.189549520611763]"
137310.0,2012-12-01T00:00:00.000000000,"[-0.15068741142749786, -0.06267886608839035, -0.06267886608839035, 0.047331858426332474]","[-0.2091391384601593, -0.23406371474266052, -0.22593623399734497, -0.21477657556533813]"
137310.0,2013-03-01T00:00:00.000000000,"[-0.06267886608839035, -0.06267886608839035, 0.047331858426332474, 0.2453511357307434]","[-0.2090422809123993, -0.23871292173862457, -0.21615666151046753, -0.22048383951187134]"
142953.0,2006-06-01T00:00:00.000000000,"[0.17934469878673553, 0.3993660807609558, 0.33335965871810913, 0.20134682953357697]","[0.36023861169815063, 0.3409522473812103, 0.34373825788497925, 0.35662150382995605]"
142953.0,2006-09-01T00:00:00.000000000,"[0.3993660807609558, 0.33335965871810913, 0.20134682953357697, 0.33335965871810913]","[0.30718210339546204, 0.2916845977306366, 0.3138393759727478, 0.3162206709384918]"
142953.0,2006-12-01T00:00:00.000000000,"[0.33335965871810913, 0.20134682953357697, 0.33335965871810913, 0.2233489453792572]","[0.3834313452243805, 0.3612113893032074, 0.35891100764274597, 0.37324845790863037]"
142953.0,2007-03-01T00:00:00.000000000,"[0.20134682953357697, 0.33335965871810913, 0.2233489453792572, 0.3113575577735901]","[0.31572285294532776, 0.3023070693016052, 0.3215184807777405, 0.32378730177879333]"
142953.0,2007-06-01T00:00:00.000000000,"[0.33335965871810913, 0.2233489453792572, 0.3113575577735901, 0.35536178946495056]","[0.35792937874794006, 0.33380866050720215, 0.34194159507751465, 0.3502621650695801]"
142953.0,2007-09-01T00:00:00.000000000,"[0.2233489453792572, 0.3113575577735901, 0.35536178946495056, 0.26735323667526245]","[0.3051343262195587, 0.2859370708465576, 0.31220847368240356, 0.31104475259780884]"
142953.0,2007-12-01T00:00:00.000000000,"[0.3113575577735901, 0.35536178946495056, 0.26735323667526245, 0.44337034225463867]","[0.3545885682106018, 0.3336469233036041, 0.33740150928497314, 0.34854787588119507]"
142953.0,2008-03-01T00:00:00.000000000,"[0.35536178946495056, 0.26735323667526245, 0.44337034225463867, 0.33335965871810913]","[0.3467601537704468, 0.3385944068431854, 0.3309064507484436, 0.34940555691719055]"
142953.0,2008-06-01T00:00:00.000000000,"[0.26735323667526245, 0.44337034225463867, 0.33335965871810913, 0.4653724431991577]","[0.3713788688182831, 0.3494228720664978, 0.3412049412727356, 0.36121857166290283]"
142953.0,2008-09-01T00:00:00.000000000,"[0.44337034225463867, 0.33335965871810913, 0.4653724431991577, 0.35536178946495056]","[0.3015531003475189, 0.28146636486053467, 0.30699002742767334, 0.3062899708747864]"
142953.0,2008-12-01T00:00:00.000000000,"[0.33335965871810913, 0.4653724431991577, 0.35536178946495056, 0.553381085395813]","[0.3433161675930023, 0.3301568925380707, 0.3291303217411041, 0.3445312976837158]"
142953.0,2009-03-01T00:00:00.000000000,"[0.4653724431991577, 0.35536178946495056, 0.553381085395813, 0.553381085395813]","[0.34101402759552, 0.3311871588230133, 0.3283894658088684, 0.3450929522514343]"
142953.0,2009-06-01T00:00:00.000000000,"[0.35536178946495056, 0.553381085395813, 0.553381085395813, 0.6633917689323425]","[0.38798195123672485, 0.365751713514328, 0.35118693113327026, 0.3760893940925598]"
142953.0,2009-09-01T00:00:00.000000000,"[0.553381085395813, 0.553381085395813, 0.6633917689323425, 0.5313789248466492]","[0.34730231761932373, 0.3251395523548126, 0.33399078249931335, 0.34228190779685974]"
142953.0,2009-12-01T00:00:00.000000000,"[0.553381085395813, 0.6633917689323425, 0.5313789248466492, 0.6633917689323425]","[0.38216152787208557, 0.36516273021698, 0.35697975754737854, 0.37464669346809387]"
142953.0,2010-03-01T00:00:00.000000000,"[0.6633917689323425, 0.5313789248466492, 0.6633917689323425, 0.6853939294815063]","[0.3953375816345215, 0.3801983594894409, 0.3671896159648895, 0.38807544112205505]"
142953.0,2010-06-01T00:00:00.000000000,"[0.5313789248466492, 0.6633917689323425, 0.6853939294815063, 0.7293981313705444]","[0.4314311742782593, 0.40738019347190857, 0.3880864083766937, 0.4137963354587555]"
142953.0,2010-09-01T00:00:00.000000000,"[0.6633917689323425, 0.6853939294815063, 0.7293981313705444, 0.553381085395813]","[0.44003134965896606, 0.4109465777873993, 0.39237576723098755, 0.4175950884819031]"
142953.0,2010-12-01T00:00:00.000000000,"[0.6853939294815063, 0.7293981313705444, 0.553381085395813, 0.7073960304260254]","[0.4322942793369293, 0.4096585810184479, 0.3944193422794342, 0.4162858724594116]"
142953.0,2011-03-01T00:00:00.000000000,"[0.7293981313705444, 0.553381085395813, 0.7073960304260254, 0.6413896679878235]","[0.4551657736301422, 0.426468163728714, 0.4061640799045563, 0.43310099840164185]"
142953.0,2011-06-01T00:00:00.000000000,"[0.553381085395813, 0.7073960304260254, 0.6413896679878235, 0.8174067735671997]","[0.46405091881752014, 0.43565741181373596, 0.41537395119667053, 0.4427061676979065]"
142953.0,2011-09-01T00:00:00.000000000,"[0.7073960304260254, 0.6413896679878235, 0.8174067735671997, 0.6853939294815063]","[0.4711630344390869, 0.4388678967952728, 0.41542884707450867, 0.44563332200050354]"
142953.0,2011-12-01T00:00:00.000000000,"[0.6413896679878235, 0.8174067735671997, 0.6853939294815063, 0.6853939294815063]","[0.4727402329444885, 0.44470441341400146, 0.4245748221874237, 0.4517436921596527]"
142953.0,2012-03-01T00:00:00.000000000,"[0.8174067735671997, 0.6853939294815063, 0.6853939294815063, 0.7734025120735168]","[0.49528443813323975, 0.46080154180526733, 0.4357926845550537, 0.4679298996925354]"
142953.0,2012-06-01T00:00:00.000000000,"[0.6853939294815063, 0.6853939294815063, 0.7734025120735168, 0.9934238195419312]","[0.5091138482093811, 0.47313278913497925, 0.4474812150001526, 0.480584979057312]"
142953.0,2012-09-01T00:00:00.000000000,"[0.6853939294815063, 0.7734025120735168, 0.9934238195419312, 0.7514004111289978]","[0.5386236310005188, 0.48474639654159546, 0.4545777142047882, 0.49365687370300293]"
142953.0,2012-12-01T00:00:00.000000000,"[0.7734025120735168, 0.9934238195419312, 0.7514004111289978, 0.8614109754562378]","[0.5172926187515259, 0.4777790904045105, 0.45215606689453125, 0.48589611053466797]"
142953.0,2013-03-01T00:00:00.000000000,"[0.9934238195419312, 0.7514004111289978, 0.8614109754562378, 0.8834132552146912]","[0.5587224364280701, 0.4986957013607025, 0.4663940370082855, 0.5082705020904541]"
143912.0,2007-06-01T00:00:00.000000000,"[-0.4147131145000458, -0.1726895570755005, -0.45871737599372864, -0.2606981098651886]","[-0.5833248496055603, -0.5984011292457581, -0.5949074029922485, -0.5902554392814636]"
143912.0,2007-09-01T00:00:00.000000000,"[-0.1726895570755005, -0.45871737599372864, -0.2606981098651886, -0.5247237682342529]","[-0.5521270036697388, -0.5691679120063782, -0.581514835357666, -0.565534770488739]"
143912.0,2008-03-01T00:00:00.000000000,"[-0.45871737599372864, -0.2606981098651886, -0.5247237682342529, -0.23869597911834717]","[-0.5147722959518433, -0.5469070076942444, -0.5649024844169617, -0.5417274236679077]"
143912.0,2008-06-01T00:00:00.000000000,"[-0.2606981098651886, -0.5247237682342529, -0.23869597911834717, -0.39271095395088196]","[-0.5240734219551086, -0.5502514243125916, -0.5663668513298035, -0.5453929901123047]"
143912.0,2008-09-01T00:00:00.000000000,"[-0.5247237682342529, -0.23869597911834717, -0.39271095395088196, -0.08468098938465118]","[-0.5003141164779663, -0.5358284711837769, -0.5550937056541443, -0.5300704836845398]"
143912.0,2009-03-01T00:00:00.000000000,"[-0.23869597911834717, -0.39271095395088196, -0.08468098938465118, 0.20134682953357697]","[-0.5003131628036499, -0.5350491404533386, -0.5541104674339294, -0.5293524265289307]"
143912.0,2009-06-01T00:00:00.000000000,"[-0.39271095395088196, -0.08468098938465118, 0.20134682953357697, 0.17934469878673553]","[-0.4877796769142151, -0.525898814201355, -0.5475640296936035, -0.5207675695419312]"
143912.0,2009-09-01T00:00:00.000000000,"[-0.08468098938465118, 0.20134682953357697, 0.17934469878673553, -0.722743034362793]","[-0.47200387716293335, -0.5134708285331726, -0.5347994565963745, -0.5063847899436951]"
143912.0,2009-12-01T00:00:00.000000000,"[0.20134682953357697, 0.17934469878673553, -0.722743034362793, 0.17934469878673553]","[-0.43191519379615784, -0.48662954568862915, -0.5151882767677307, -0.4802139401435852]"
143912.0,2010-03-01T00:00:00.000000000,"[0.17934469878673553, -0.722743034362793, 0.17934469878673553, 1.499472975730896]","[-0.40561914443969727, -0.45974069833755493, -0.489685595035553, -0.4521033763885498]"
143912.0,2010-06-01T00:00:00.000000000,"[-0.722743034362793, 0.17934469878673553, 1.499472975730896, -0.018674563616514206]","[-0.39023756980895996, -0.4366655945777893, -0.46474701166152954, -0.42847180366516113]"
143912.0,2010-09-01T00:00:00.000000000,"[0.17934469878673553, 1.499472975730896, -0.018674563616514206, 0.13534040749073029]","[-0.35870933532714844, -0.4236832857131958, -0.45818525552749634, -0.41407692432403564]"
143912.0,2010-12-01T00:00:00.000000000,"[1.499472975730896, -0.018674563616514206, 0.13534040749073029, 1.8735092878341675]","[-0.316611111164093, -0.38886967301368713, -0.42661386728286743, -0.37809404730796814]"
143912.0,2011-03-01T00:00:00.000000000,"[-0.018674563616514206, 0.13534040749073029, 1.8735092878341675, 0.3113575577735901]","[-0.17310123145580292, -0.28863629698753357, -0.34969019889831543, -0.271436870098114]"
147579.0,2006-06-01T00:00:00.000000000,"[-0.3392457664012909, -0.39909157156944275, -0.4743388891220093, -0.45871737599372864]","[-0.504787027835846, -0.5326762795448303, -0.5475478768348694, -0.5283196568489075]"
147579.0,2006-09-01T00:00:00.000000000,"[-0.39909157156944275, -0.4743388891220093, -0.45871737599372864, -0.5687280893325806]","[-0.49730968475341797, -0.5242781639099121, -0.5391189455986023, -0.5199133157730103]"
147579.0,2006-12-01T00:00:00.000000000,"[-0.4743388891220093, -0.45871737599372864, -0.5687280893325806, -0.5467259287834167]","[-0.49497225880622864, -0.519836962223053, -0.5346162915229797, -0.5161962509155273]"
147579.0,2007-03-01T00:00:00.000000000,"[-0.45871737599372864, -0.5687280893325806, -0.5467259287834167, -0.5467259287834167]","[-0.48699453473091125, -0.5136690139770508, -0.5288463830947876, -0.5096997022628784]"
147579.0,2007-06-01T00:00:00.000000000,"[-0.5687280893325806, -0.5467259287834167, -0.5467259287834167, -0.5687280893325806]","[-0.47844526171684265, -0.506110668182373, -0.5211054086685181, -0.5016587376594543]"
147579.0,2007-09-01T00:00:00.000000000,"[-0.5467259287834167, -0.5467259287834167, -0.5687280893325806, -0.5027216672897339]","[-0.48686492443084717, -0.5085530281066895, -0.5214145183563232, -0.5045703649520874]"
147579.0,2007-12-01T00:00:00.000000000,"[-0.5467259287834167, -0.5687280893325806, -0.5027216672897339, -0.4367152154445648]","[-0.4916255474090576, -0.5094287395477295, -0.5207453966140747, -0.5055800080299377]"
147579.0,2008-03-01T00:00:00.000000000,"[-0.5687280893325806, -0.5027216672897339, -0.4367152154445648, -0.37070879340171814]","[-0.480936735868454, -0.503474235534668, -0.5164279341697693, -0.4994182288646698]"
147579.0,2008-06-01T00:00:00.000000000,"[-0.5027216672897339, -0.4367152154445648, -0.37070879340171814, 0.17934469878673553]","[-0.4808448553085327, -0.5018129348754883, -0.5142547488212585, -0.49801671504974365]"
147579.0,2008-09-01T00:00:00.000000000,"[-0.4367152154445648, -0.37070879340171814, 0.17934469878673553, -0.37070879340171814]","[-0.4856486916542053, -0.5029916763305664, -0.5139942169189453, -0.49924448132514954]"
147579.0,2008-12-01T00:00:00.000000000,"[-0.37070879340171814, 0.17934469878673553, -0.37070879340171814, -0.06267886608839035]","[-0.48038965463638306, -0.4974226653575897, -0.5083373785018921, -0.4938642680644989]"
147579.0,2009-03-01T00:00:00.000000000,"[0.17934469878673553, -0.37070879340171814, -0.06267886608839035, 0.20134682953357697]","[-0.4627591371536255, -0.48610836267471313, -0.4992535710334778, -0.4820389151573181]"
147579.0,2009-06-01T00:00:00.000000000,"[-0.37070879340171814, -0.06267886608839035, 0.20134682953357697, 0.7073960304260254]","[-0.4156844913959503, -0.45087170600891113, -0.47076964378356934, -0.4448104500770569]"
147579.0,2009-09-01T00:00:00.000000000,"[-0.06267886608839035, 0.20134682953357697, 0.7073960304260254, 1.1694409847259521]","[-0.421356737613678, -0.44987738132476807, -0.46771538257598877, -0.4442443251609802]"
147579.0,2009-12-01T00:00:00.000000000,"[0.20134682953357697, 0.7073960304260254, 1.1694409847259521, 1.2574495077133179]","[-0.40535205602645874, -0.433319091796875, -0.45262598991394043, -0.4275486469268799]"
147579.0,2010-03-01T00:00:00.000000000,"[0.7073960304260254, 1.1694409847259521, 1.2574495077133179, -0.04067668318748474]","[-0.3656630516052246, -0.4031553566455841, -0.4266754686832428, -0.39576026797294617]"
147579.0,2010-06-01T00:00:00.000000000,"[1.1694409847259521, 1.2574495077133179, -0.04067668318748474, 0.9714217185974121]","[-0.28983354568481445, -0.3457266390323639, -0.38157570362091064, -0.3356677293777466]"
147579.0,2010-09-01T00:00:00.000000000,"[1.2574495077133179, -0.04067668318748474, 0.9714217185974121, 0.6193875670433044]","[-0.20985206961631775, -0.27890685200691223, -0.3265955448150635, -0.26565295457839966]"
147579.0,2010-12-01T00:00:00.000000000,"[-0.04067668318748474, 0.9714217185974121, 0.6193875670433044, 2.533573627471924]","[-0.12416854500770569, -0.20966270565986633, -0.2682235538959503, -0.19338257610797882]"
147579.0,2011-03-01T00:00:00.000000000,"[0.9714217185974121, 0.6193875670433044, 2.533573627471924, 2.1595370769500732]","[-0.10870732367038727, -0.19555875658988953, -0.25424233078956604, -0.17909568548202515]"
147579.0,2011-06-01T00:00:00.000000000,"[0.6193875670433044, 2.533573627471924, 2.1595370769500732, 2.7535951137542725]","[-0.06585022807121277, -0.15095043182373047, -0.2121397852897644, -0.13366594910621643]"
147579.0,2011-09-01T00:00:00.000000000,"[2.533573627471924, 2.1595370769500732, 2.7535951137542725, 2.7975993156433105]","[-0.02658461034297943, -0.11814514547586441, -0.17973797023296356, -0.0994049608707428]"
147579.0,2011-12-01T00:00:00.000000000,"[2.1595370769500732, 2.7535951137542725, 2.7975993156433105, 3.127631425857544]","[0.13655303418636322, 0.005851671099662781, -0.07708566635847092, 0.0316469669342041]"
147579.0,2012-03-01T00:00:00.000000000,"[2.7535951137542725, 2.7975993156433105, 3.127631425857544, 1.9175138473510742]","[0.2822452485561371, 0.112124003469944, 0.0124974325299263, 0.14307087659835815]"
147579.0,2012-06-01T00:00:00.000000000,"[2.7975993156433105, 3.127631425857544, 1.9175138473510742, 7.5500617027282715]","[0.48602402210235596, 0.25344881415367126, 0.12661924958229065, 0.29136529564857483]"
147579.0,2012-09-01T00:00:00.000000000,"[3.127631425857544, 1.9175138473510742, 7.5500617027282715, 5.833894729614258]","[0.6529763340950012, 0.3787052035331726, 0.2319698929786682, 0.42179203033447266]"
147579.0,2012-12-01T00:00:00.000000000,"[1.9175138473510742, 7.5500617027282715, 5.833894729614258, 6.317941665649414]","[0.7707125544548035, 0.488869845867157, 0.3342623710632324, 0.5354559421539307]"
147579.0,2013-03-01T00:00:00.000000000,"[7.5500617027282715, 5.833894729614258, 6.317941665649414, 2.225543737411499]","[0.8332101702690125, 0.5555615425109863, 0.40094736218452454, 0.6023714542388916]"
157855.0,2006-06-01T00:00:00.000000000,"[-0.45871737599372864, -0.4147131145000458, -0.39271095395088196, -0.39271095395088196]","[-0.5504195094108582, -0.5702679753303528, -0.5817188024520874, -0.5676441788673401]"
157855.0,2006-09-01T00:00:00.000000000,"[-0.4147131145000458, -0.39271095395088196, -0.39271095395088196, -0.3487066924571991]","[-0.5411838889122009, -0.5625401735305786, -0.5741899013519287, -0.5593401193618774]"
157855.0,2006-12-01T00:00:00.000000000,"[-0.39271095395088196, -0.39271095395088196, -0.3487066924571991, -0.28270024061203003]","[-0.5280312299728394, -0.5499051213264465, -0.5589131116867065, -0.5434643030166626]"
157855.0,2007-03-01T00:00:00.000000000,"[-0.39271095395088196, -0.3487066924571991, -0.28270024061203003, -0.23869597911834717]","[-0.5175951719284058, -0.5385643243789673, -0.5450040102005005, -0.5295420289039612]"
157855.0,2007-06-01T00:00:00.000000000,"[-0.3487066924571991, -0.28270024061203003, -0.23869597911834717, -0.28270024061203003]","[-0.5088587999343872, -0.5315350890159607, -0.5401070713996887, -0.5237925052642822]"
157855.0,2007-09-01T00:00:00.000000000,"[-0.28270024061203003, -0.23869597911834717, -0.28270024061203003, -0.1726895570755005]","[-0.4972320795059204, -0.520317792892456, -0.5283492803573608, -0.5115004777908325]"
157855.0,2007-12-01T00:00:00.000000000,"[-0.23869597911834717, -0.28270024061203003, -0.1726895570755005, -0.1726895570755005]","[-0.4779992401599884, -0.5059143900871277, -0.5163320302963257, -0.4969043731689453]"
157855.0,2008-03-01T00:00:00.000000000,"[-0.28270024061203003, -0.1726895570755005, -0.1726895570755005, -0.1726895570755005]","[-0.4591327905654907, -0.4905436635017395, -0.5025718808174133, -0.4810035228729248]"
157855.0,2008-06-01T00:00:00.000000000,"[-0.1726895570755005, -0.1726895570755005, -0.1726895570755005, -0.08468098938465118]","[-0.45049628615379333, -0.48256510496139526, -0.4971771240234375, -0.475086510181427]"
157855.0,2008-09-01T00:00:00.000000000,"[-0.1726895570755005, -0.1726895570755005, -0.08468098938465118, -0.08468098938465118]","[-0.43186289072036743, -0.4648015797138214, -0.47843167185783386, -0.4550829827785492]"
157855.0,2008-12-01T00:00:00.000000000,"[-0.1726895570755005, -0.08468098938465118, -0.08468098938465118, 0.025329740718007088]","[-0.41336193680763245, -0.44842058420181274, -0.4631486237049103, -0.4383496940135956]"
157855.0,2009-03-01T00:00:00.000000000,"[-0.08468098938465118, -0.08468098938465118, 0.025329740718007088, 0.15734252333641052]","[-0.39573031663894653, -0.4344111979007721, -0.45263585448265076, -0.42596372961997986]"
157855.0,2009-06-01T00:00:00.000000000,"[-0.08468098938465118, 0.025329740718007088, 0.15734252333641052, 0.06933397799730301]","[-0.3768177330493927, -0.4193075895309448, -0.4423384666442871, -0.41346558928489685]"
157855.0,2009-09-01T00:00:00.000000000,"[0.025329740718007088, 0.15734252333641052, 0.06933397799730301, 0.9274174571037292]","[-0.3585151731967926, -0.3999443054199219, -0.42078903317451477, -0.39162540435791016]"
157855.0,2009-12-01T00:00:00.000000000,"[0.15734252333641052, 0.06933397799730301, 0.9274174571037292, 0.4653724431991577]","[-0.33417120575904846, -0.3782116174697876, -0.4007365107536316, -0.3694726824760437]"
157855.0,2010-03-01T00:00:00.000000000,"[0.06933397799730301, 0.9274174571037292, 0.4653724431991577, 0.6413896679878235]","[-0.2991501986980438, -0.3520311117172241, -0.381422758102417, -0.34508994221687317]"
157855.0,2010-06-01T00:00:00.000000000,"[0.9274174571037292, 0.4653724431991577, 0.6413896679878235, 0.8394088745117188]","[-0.27194541692733765, -0.32874178886413574, -0.36015087366104126, -0.3213958144187927]"
157855.0,2010-09-01T00:00:00.000000000,"[0.4653724431991577, 0.6413896679878235, 0.8394088745117188, 1.3454581499099731]","[-0.18688715994358063, -0.26358821988105774, -0.30577272176742554, -0.2520638704299927]"
157855.0,2010-12-01T00:00:00.000000000,"[0.6413896679878235, 0.8394088745117188, 1.3454581499099731, 0.7514004111289978]","[-0.15564022958278656, -0.2322189062833786, -0.27574169635772705, -0.2202627956867218]"
157855.0,2011-03-01T00:00:00.000000000,"[0.8394088745117188, 1.3454581499099731, 0.7514004111289978, 0.9494196176528931]","[-0.10030193626880646, -0.18654996156692505, -0.2341916710138321, -0.17224425077438354]"
157855.0,2011-06-01T00:00:00.000000000,"[1.3454581499099731, 0.7514004111289978, 0.9494196176528931, 0.7514004111289978]","[-0.04225124418735504, -0.13677358627319336, -0.18922299146652222, -0.12084832042455673]"
157855.0,2011-09-01T00:00:00.000000000,"[0.7514004111289978, 0.9494196176528931, 0.7514004111289978, 0.8394088745117188]","[0.056641995906829834, -0.06162131577730179, -0.12614163756370544, -0.04228399693965912]"
157855.0,2011-12-01T00:00:00.000000000,"[0.9494196176528931, 0.7514004111289978, 0.8394088745117188, 2.4675674438476562]","[0.10378602147102356, -0.01998072862625122, -0.08746806532144547, 0.00018714368343353271]"
157855.0,2012-03-01T00:00:00.000000000,"[0.7514004111289978, 0.8394088745117188, 2.4675674438476562, 3.127631425857544]","[0.15018028020858765, 0.024936281144618988, -0.04447135329246521, 0.04579310864210129]"
157855.0,2012-06-01T00:00:00.000000000,"[0.8394088745117188, 2.4675674438476562, 3.127631425857544, 1.5874814987182617]","[0.18117755651474, 0.05996549874544144, -0.00885220617055893, 0.0806049183011055]"
157855.0,2012-09-01T00:00:00.000000000,"[2.4675674438476562, 3.127631425857544, 1.5874814987182617, 1.9615180492401123]","[0.23171278834342957, 0.10370489209890366, 0.031607113778591156, 0.12499294430017471]"
157855.0,2012-12-01T00:00:00.000000000,"[3.127631425857544, 1.5874814987182617, 1.9615180492401123, 2.5555758476257324]","[0.3966391980648041, 0.22659839689731598, 0.13336296379566193, 0.2541563808917999]"
157855.0,2013-03-01T00:00:00.000000000,"[1.5874814987182617, 1.9615180492401123, 2.5555758476257324, 2.0935308933258057]","[0.5865523815155029, 0.37238219380378723, 0.2557792067527771, 0.40699881315231323]"
160329.0,2006-06-01T00:00:00.000000000,"[-0.03187587484717369, -0.002172973472625017, 0.056132733821868896, 0.022029396146535873]","[-0.23517459630966187, -0.2726576328277588, -0.27781206369400024, -0.24812334775924683]"
160329.0,2006-09-01T00:00:00.000000000,"[-0.002172973472625017, 0.056132733821868896, 0.022029396146535873, 0.06823388487100601]","[-0.22146213054656982, -0.2584829330444336, -0.26492488384246826, -0.23549436032772064]"
160329.0,2006-12-01T00:00:00.000000000,"[0.056132733821868896, 0.022029396146535873, 0.06823388487100601, 0.1078377515077591]","[-0.20387205481529236, -0.24412532150745392, -0.25486356019973755, -0.2241842895746231]"
160329.0,2007-03-01T00:00:00.000000000,"[0.022029396146535873, 0.06823388487100601, 0.1078377515077591, 0.25305184721946716]","[-0.18268314003944397, -0.22426843643188477, -0.2354390025138855, -0.20404335856437683]"
160329.0,2007-06-01T00:00:00.000000000,"[0.06823388487100601, 0.1078377515077591, 0.25305184721946716, 0.12433934211730957]","[-0.16631919145584106, -0.20347461104393005, -0.2085038721561432, -0.17870081961154938]"
160329.0,2007-09-01T00:00:00.000000000,"[0.1078377515077591, 0.25305184721946716, 0.12433934211730957, 0.22554919123649597]","[-0.14866846799850464, -0.18900716304779053, -0.19870877265930176, -0.167639821767807]"
160329.0,2007-12-01T00:00:00.000000000,"[0.25305184721946716, 0.12433934211730957, 0.22554919123649597, 0.2959560453891754]","[-0.12801885604858398, -0.1718895137310028, -0.18548080325126648, -0.15290406346321106]"
160329.0,2008-03-01T00:00:00.000000000,"[0.12433934211730957, 0.22554919123649597, 0.2959560453891754, 0.32895922660827637]","[-0.09836473315954208, -0.14379388093948364, -0.15549513697624207, -0.12135614454746246]"
160329.0,2008-06-01T00:00:00.000000000,"[0.22554919123649597, 0.2959560453891754, 0.32895922660827637, 0.14964181184768677]","[-0.08037183433771133, -0.12240491807460785, -0.12893351912498474, -0.09587933868169785]"
160329.0,2008-09-01T00:00:00.000000000,"[0.2959560453891754, 0.32895922660827637, 0.14964181184768677, -0.14958731830120087]","[-0.05956330895423889, -0.10731812566518784, -0.12229868769645691, -0.08682148903608322]"
160329.0,2008-12-01T00:00:00.000000000,"[0.32895922660827637, 0.14964181184768677, -0.14958731830120087, 0.35206151008605957]","[-0.03293757140636444, -0.08694183826446533, -0.10853450000286102, -0.07009027898311615]"
160329.0,2009-03-01T00:00:00.000000000,"[0.14964181184768677, -0.14958731830120087, 0.35206151008605957, 0.36636292934417725]","[-0.004865959286689758, -0.057989828288555145, -0.07517442852258682, -0.03625548630952835]"
160329.0,2009-06-01T00:00:00.000000000,"[-0.14958731830120087, 0.35206151008605957, 0.36636292934417725, 0.3916653096675873]","[0.008514516055583954, -0.04269632697105408, -0.05880330130457878, -0.02076147496700287]"
160329.0,2009-09-01T00:00:00.000000000,"[0.35206151008605957, 0.36636292934417725, 0.3916653096675873, 0.5918847918510437]","[0.0057266950607299805, -0.04679778963327408, -0.07120479643344879, -0.033584728837013245]"
160329.0,2009-12-01T00:00:00.000000000,"[0.36636292934417725, 0.3916653096675873, 0.5918847918510437, 0.735998809337616]","[0.03205779194831848, -0.023875758051872253, -0.050890740007162094, -0.011453330516815186]"
160329.0,2010-03-01T00:00:00.000000000,"[0.3916653096675873, 0.5918847918510437, 0.735998809337616, 0.7040956616401672]","[0.0638037696480751, 0.01473177969455719, 0.0034481436014175415, 0.04109957814216614]"
160329.0,2010-06-01T00:00:00.000000000,"[0.5918847918510437, 0.735998809337616, 0.7040956616401672, 0.6083865165710449]","[0.08961150050163269, 0.04445243626832962, 0.04056674242019653, 0.07722325623035431]"
160329.0,2010-09-01T00:00:00.000000000,"[0.735998809337616, 0.7040956616401672, 0.6083865165710449, 0.862511157989502]","[0.1278132051229477, 0.06577110290527344, 0.04281511902809143, 0.08698137104511261]"
160329.0,2010-12-01T00:00:00.000000000,"[0.7040956616401672, 0.6083865165710449, 0.862511157989502, 0.48407435417175293]","[0.17244893312454224, 0.10173816233873367, 0.07270016521215439, 0.12202176451683044]"
160329.0,2011-03-01T00:00:00.000000000,"[0.6083865165710449, 0.862511157989502, 0.48407435417175293, 0.9879233241081238]","[0.1971546709537506, 0.1290566474199295, 0.09967546164989471, 0.149119034409523]"
160329.0,2011-06-01T00:00:00.000000000,"[0.862511157989502, 0.48407435417175293, 0.9879233241081238, 0.3850646913051605]","[0.22122663259506226, 0.15001702308654785, 0.11425764858722687, 0.16531868278980255]"
160329.0,2011-09-01T00:00:00.000000000,"[0.48407435417175293, 0.9879233241081238, 0.3850646913051605, 0.4136675000190735]","[0.27122068405151367, 0.18665751814842224, 0.14008504152297974, 0.197903573513031]"
160329.0,2011-12-01T00:00:00.000000000,"[0.9879233241081238, 0.3850646913051605, 0.4136675000190735, 1.103434681892395]","[0.2866775095462799, 0.20562231540679932, 0.16023379564285278, 0.21647727489471436]"
160329.0,2012-03-01T00:00:00.000000000,"[0.3850646913051605, 0.4136675000190735, 1.103434681892395, 1.752497673034668]","[0.3291741609573364, 0.24352943897247314, 0.1947793960571289, 0.25481945276260376]"
160329.0,2012-06-01T00:00:00.000000000,"[0.4136675000190735, 1.103434681892395, 1.752497673034668, 2.1914403438568115]","[0.34162771701812744, 0.25955572724342346, 0.21304330229759216, 0.2712016701698303]"
160329.0,2012-09-01T00:00:00.000000000,"[1.103434681892395, 1.752497673034668, 2.1914403438568115, 2.2981507778167725]","[0.35965025424957275, 0.2766740918159485, 0.22945575416088104, 0.28759098052978516]"
160329.0,2012-12-01T00:00:00.000000000,"[1.752497673034668, 2.1914403438568115, 2.2981507778167725, 2.3784584999084473]","[0.4238365888595581, 0.3250085711479187, 0.2707640826702118, 0.3375706672668457]"
160329.0,2013-03-01T00:00:00.000000000,"[2.1914403438568115, 2.2981507778167725, 2.3784584999084473, 2.675487518310547]","[0.5205442905426025, 0.40026894211769104, 0.3350362181663513, 0.41630566120147705]"
162887.0,2007-03-01T00:00:00.000000000,"[-0.7942500114440918, -0.7282435894012451, -0.7392446994781494, -0.6897398233413696]","[-0.797124445438385, -0.8176596164703369, -0.8246968388557434, -0.8101639151573181]"
162887.0,2007-06-01T00:00:00.000000000,"[-0.7282435894012451, -0.7392446994781494, -0.6897398233413696, -0.8272532224655151]","[-0.801115870475769, -0.8173013925552368, -0.8231632709503174, -0.8105825185775757]"
162887.0,2007-09-01T00:00:00.000000000,"[-0.7392446994781494, -0.6897398233413696, -0.8272532224655151, -0.8327537775039673]","[-0.7906082272529602, -0.8073638677597046, -0.8107364177703857, -0.7976866960525513]"
162887.0,2007-12-01T00:00:00.000000000,"[-0.6897398233413696, -0.8272532224655151, -0.8327537775039673, -0.8217527270317078]","[-0.7837539911270142, -0.8048132658004761, -0.8138941526412964, -0.7993844747543335]"
162887.0,2008-03-01T00:00:00.000000000,"[-0.8272532224655151, -0.8327537775039673, -0.8217527270317078, -0.7502457499504089]","[-0.7739892601966858, -0.7943912744522095, -0.8005459904670715, -0.7860255837440491]"
162887.0,2008-06-01T00:00:00.000000000,"[-0.8327537775039673, -0.8217527270317078, -0.7502457499504089, -0.970267117023468]","[-0.777512788772583, -0.7975979447364807, -0.8068416118621826, -0.7927345633506775]"
162887.0,2008-09-01T00:00:00.000000000,"[-0.8217527270317078, -0.7502457499504089, -0.970267117023468, -0.7887494564056396]","[-0.7784625291824341, -0.7965210676193237, -0.8048766851425171, -0.7917600274085999]"
162887.0,2008-12-01T00:00:00.000000000,"[-0.7502457499504089, -0.970267117023468, -0.7887494564056396, -0.722743034362793]","[-0.7782766819000244, -0.7965380549430847, -0.806593120098114, -0.7936307191848755]"
162887.0,2009-03-01T00:00:00.000000000,"[-0.970267117023468, -0.7887494564056396, -0.722743034362793, -0.6457355618476868]","[-0.7770264744758606, -0.7934562563896179, -0.8032069206237793, -0.7912087440490723]"
162887.0,2009-06-01T00:00:00.000000000,"[-0.7887494564056396, -0.722743034362793, -0.6457355618476868, -0.8767580389976501]","[-0.7943551540374756, -0.8054090738296509, -0.811743438243866, -0.8010916709899902]"
162887.0,2009-09-01T00:00:00.000000000,"[-0.722743034362793, -0.6457355618476868, -0.8767580389976501, -0.7557463049888611]","[-0.7859972715377808, -0.7958179712295532, -0.7997899651527405, -0.7901533246040344]"
162887.0,2009-12-01T00:00:00.000000000,"[-0.6457355618476868, -0.8767580389976501, -0.7557463049888611, -0.607231855392456]","[-0.768356442451477, -0.7836664319038391, -0.792319118976593, -0.78135746717453]"
162887.0,2010-03-01T00:00:00.000000000,"[-0.8767580389976501, -0.7557463049888611, -0.607231855392456, -0.4037120044231415]","[-0.7607206702232361, -0.7724592685699463, -0.776530921459198, -0.766924262046814]"
162887.0,2010-06-01T00:00:00.000000000,"[-0.7557463049888611, -0.607231855392456, -0.4037120044231415, -0.7282435894012451]","[-0.7669207453727722, -0.7778045535087585, -0.7846490740776062, -0.7755745053291321]"
162887.0,2010-09-01T00:00:00.000000000,"[-0.607231855392456, -0.4037120044231415, -0.7282435894012451, -0.6567366123199463]","[-0.7662491798400879, -0.7762694358825684, -0.782565712928772, -0.7738750576972961]"
162887.0,2010-12-01T00:00:00.000000000,"[-0.4037120044231415, -0.7282435894012451, -0.6567366123199463, -0.34320613741874695]","[-0.7509408593177795, -0.7648956179618835, -0.7730239033699036, -0.7623456120491028]"
162887.0,2011-03-01T00:00:00.000000000,"[-0.7282435894012451, -0.6567366123199463, -0.34320613741874695, -0.06817939877510071]","[-0.7314488887786865, -0.7487215995788574, -0.7591536045074463, -0.7452930808067322]"
162887.0,2011-06-01T00:00:00.000000000,"[-0.6567366123199463, -0.34320613741874695, -0.06817939877510071, -0.45871737599372864]","[-0.7298741340637207, -0.7459033131599426, -0.756279706954956, -0.7426501512527466]"
162887.0,2011-09-01T00:00:00.000000000,"[-0.34320613741874695, -0.06817939877510071, -0.45871737599372864, -0.26619863510131836]","[-0.7377451658248901, -0.7479394674301147, -0.7562658786773682, -0.7444897294044495]"
162887.0,2011-12-01T00:00:00.000000000,"[-0.06817939877510071, -0.45871737599372864, -0.26619863510131836, -0.1836906224489212]","[-0.6995322704315186, -0.7211766242980957, -0.7357203364372253, -0.7171579599380493]"
162887.0,2012-03-01T00:00:00.000000000,"[-0.45871737599372864, -0.26619863510131836, -0.1836906224489212, -0.20019221305847168]","[-0.6591647863388062, -0.6910136938095093, -0.7107068300247192, -0.6850039958953857]"
162887.0,2012-06-01T00:00:00.000000000,"[-0.26619863510131836, -0.1836906224489212, -0.20019221305847168, -0.5192232131958008]","[-0.636271059513092, -0.6755044460296631, -0.6979812979698181, -0.6689455509185791]"
162887.0,2012-09-01T00:00:00.000000000,"[-0.1836906224489212, -0.20019221305847168, -0.5192232131958008, -0.28270024061203003]","[-0.6231182813644409, -0.6616508364677429, -0.6841078996658325, -0.6545929908752441]"
162887.0,2012-12-01T00:00:00.000000000,"[-0.20019221305847168, -0.5192232131958008, -0.28270024061203003, -0.21119330823421478]","[-0.5853199362754822, -0.6347553133964539, -0.6619908809661865, -0.6266003847122192]"
162887.0,2013-03-01T00:00:00.000000000,"[-0.5192232131958008, -0.28270024061203003, -0.21119330823421478, -0.3267045319080353]","[-0.5716513991355896, -0.6188709735870361, -0.6458569169044495, -0.6103965044021606]"
164296.0,2006-09-01T00:00:00.000000000,"[0.13534040749073029, 0.11333828419446945, 0.26735323667526245, 0.2453511357307434]","[-0.023229524493217468, -0.10045523941516876, -0.09526215493679047, -0.032500386238098145]"
164296.0,2007-03-01T00:00:00.000000000,"[0.11333828419446945, 0.26735323667526245, 0.2453511357307434, 0.047331858426332474]","[-0.025103047490119934, -0.13609746098518372, -0.19507959485054016, -0.12101922184228897]"
164296.0,2007-06-01T00:00:00.000000000,"[0.26735323667526245, 0.2453511357307434, 0.047331858426332474, 0.2233489453792572]","[-0.008855298161506653, -0.1128481775522232, -0.16514098644256592, -0.0939994752407074]"
164296.0,2007-09-01T00:00:00.000000000,"[0.2453511357307434, 0.047331858426332474, 0.2233489453792572, 0.7514004111289978]","[-0.02122528851032257, -0.0815725326538086, -0.09312938898801804, -0.03865604102611542]"
164296.0,2007-12-01T00:00:00.000000000,"[0.047331858426332474, 0.2233489453792572, 0.7514004111289978, 0.09133616089820862]","[0.046029940247535706, -0.01594395935535431, -0.004138246178627014, 0.05207529664039612]"
164296.0,2008-03-01T00:00:00.000000000,"[0.2233489453792572, 0.7514004111289978, 0.09133616089820862, 0.44337034225463867]","[0.05499821901321411, -0.04422185570001602, -0.09639782458543777, -0.02920401841402054]"
164296.0,2008-06-01T00:00:00.000000000,"[0.7514004111289978, 0.09133616089820862, 0.44337034225463867, 0.2453511357307434]","[0.07118149846792221, -0.02330794930458069, -0.07357336580753326, -0.00878528505563736]"
164296.0,2008-09-01T00:00:00.000000000,"[0.09133616089820862, 0.44337034225463867, 0.2453511357307434, 0.7954046130180359]","[0.12003782391548157, 0.07044139504432678, 0.09270590543746948, 0.14353154599666595]"
164296.0,2008-12-01T00:00:00.000000000,"[0.44337034225463867, 0.2453511357307434, 0.7954046130180359, 0.2453511357307434]","[0.11753594130277634, 0.06535584479570389, 0.0704309269785881, 0.12057069689035416]"
164296.0,2009-03-01T00:00:00.000000000,"[0.2453511357307434, 0.7954046130180359, 0.2453511357307434, 0.11333828419446945]","[0.14579664170742035, 0.09407249838113785, 0.09186839312314987, 0.13636291027069092]"
164296.0,2009-06-01T00:00:00.000000000,"[0.7954046130180359, 0.2453511357307434, 0.11333828419446945, 0.4653724431991577]","[0.16692915558815002, 0.08958256244659424, 0.05180365964770317, 0.1048165112733841]"
164296.0,2009-09-01T00:00:00.000000000,"[0.2453511357307434, 0.11333828419446945, 0.4653724431991577, 0.7514004111289978]","[0.2172878235578537, 0.16511081159114838, 0.17050424218177795, 0.21581871807575226]"
164296.0,2009-12-01T00:00:00.000000000,"[0.11333828419446945, 0.4653724431991577, 0.7514004111289978, 0.44337034225463867]","[0.2227243334054947, 0.14492301642894745, 0.10721838474273682, 0.16104638576507568]"
164296.0,2010-03-01T00:00:00.000000000,"[0.4653724431991577, 0.7514004111289978, 0.44337034225463867, 0.9274174571037292]","[0.2284400761127472, 0.1665249466896057, 0.14662399888038635, 0.1934763789176941]"
164296.0,2010-06-01T00:00:00.000000000,"[0.7514004111289978, 0.44337034225463867, 0.9274174571037292, 1.2134451866149902]","[0.2426847666501999, 0.17011088132858276, 0.12926648557186127, 0.17935185134410858]"
164296.0,2010-09-01T00:00:00.000000000,"[0.44337034225463867, 0.9274174571037292, 1.2134451866149902, 1.4334666728973389]","[0.2890402674674988, 0.24142491817474365, 0.2472291886806488, 0.28996893763542175]"
164296.0,2010-12-01T00:00:00.000000000,"[0.9274174571037292, 1.2134451866149902, 1.4334666728973389, 1.2134451866149902]","[0.30417734384536743, 0.23349928855895996, 0.2015194594860077, 0.2514137625694275]"
164296.0,2011-03-01T00:00:00.000000000,"[1.2134451866149902, 1.4334666728973389, 1.2134451866149902, 1.455468773841858]","[0.3479773700237274, 0.28616347908973694, 0.27109384536743164, 0.31931358575820923]"
164296.0,2011-06-01T00:00:00.000000000,"[1.4334666728973389, 1.2134451866149902, 1.455468773841858, 1.2134451866149902]","[0.4095090627670288, 0.31853872537612915, 0.2707948684692383, 0.3327866494655609]"
164296.0,2011-09-01T00:00:00.000000000,"[1.2134451866149902, 1.455468773841858, 1.2134451866149902, 0.9934238195419312]","[0.4771322011947632, 0.3854966461658478, 0.346835196018219, 0.41336190700531006]"
164296.0,2011-12-01T00:00:00.000000000,"[1.455468773841858, 1.2134451866149902, 0.9934238195419312, 1.0814324617385864]","[0.5114524960517883, 0.411526620388031, 0.3544694781303406, 0.4250735342502594]"
164296.0,2012-03-01T00:00:00.000000000,"[1.2134451866149902, 0.9934238195419312, 1.0814324617385864, 0.9714217185974121]","[0.5456238389015198, 0.4537928104400635, 0.3977317810058594, 0.4674265384674072]"
164296.0,2012-06-01T00:00:00.000000000,"[0.9934238195419312, 1.0814324617385864, 0.9714217185974121, 0.4653724431991577]","[0.5932444334030151, 0.4990297555923462, 0.44407424330711365, 0.5158764123916626]"
164296.0,2012-09-01T00:00:00.000000000,"[1.0814324617385864, 0.9714217185974121, 0.4653724431991577, 1.2574495077133179]","[0.6524122953414917, 0.5392753481864929, 0.47747302055358887, 0.5577304363250732]"
164296.0,2012-12-01T00:00:00.000000000,"[0.9714217185974121, 0.4653724431991577, 1.2574495077133179, -0.1726895570755005]","[0.6784597039222717, 0.5690783858299255, 0.508362352848053, 0.5874034762382507]"
164296.0,2013-03-01T00:00:00.000000000,"[0.4653724431991577, 1.2574495077133179, -0.1726895570755005, -0.5247237682342529]","[0.7247197031974792, 0.5989774465560913, 0.5305381417274475, 0.6168250441551208]"
178015.0,2008-09-01T00:00:00.000000000,"[0.13534040749073029, 0.33335965871810913, 1.499472975730896, 0.003327556187286973]","[0.18793265521526337, 0.0734882801771164, 0.008406423032283783, 0.09091272950172424]"
178015.0,2008-12-01T00:00:00.000000000,"[0.33335965871810913, 1.499472975730896, 0.003327556187286973, 0.15734252333641052]","[0.219028040766716, 0.09832938760519028, 0.03168255835771561, 0.11614947766065598]"
178015.0,2009-03-01T00:00:00.000000000,"[1.499472975730896, 0.003327556187286973, 0.15734252333641052, 0.5313789248466492]","[0.24575327336788177, 0.12542912364006042, 0.0594891719520092, 0.14321322739124298]"
178015.0,2009-06-01T00:00:00.000000000,"[0.003327556187286973, 0.15734252333641052, 0.5313789248466492, 2.225543737411499]","[0.35053426027297974, 0.2231023907661438, 0.1744849979877472, 0.26658228039741516]"
178015.0,2009-09-01T00:00:00.000000000,"[0.15734252333641052, 0.5313789248466492, 2.225543737411499, 0.5093768239021301]","[0.3260159194469452, 0.2001609206199646, 0.12967807054519653, 0.21913176774978638]"
178015.0,2009-12-01T00:00:00.000000000,"[0.5313789248466492, 2.225543737411499, 0.5093768239021301, 0.8614109754562378]","[0.35204386711120605, 0.22248193621635437, 0.15207670629024506, 0.2424040138721466]"
178015.0,2010-03-01T00:00:00.000000000,"[2.225543737411499, 0.5093768239021301, 0.8614109754562378, 0.9494196176528931]","[0.3805699050426483, 0.2526654899120331, 0.18288163840770721, 0.27179789543151855]"
178015.0,2010-06-01T00:00:00.000000000,"[0.5093768239021301, 0.8614109754562378, 0.9494196176528931, 3.369654893875122]","[0.5055559873580933, 0.38187339901924133, 0.34143534302711487, 0.43790754675865173]"
178015.0,2010-09-01T00:00:00.000000000,"[0.8614109754562378, 0.9494196176528931, 3.369654893875122, 0.9274174571037292]","[0.4900452494621277, 0.36997097730636597, 0.3071328401565552, 0.39982789754867554]"
178015.0,2010-12-01T00:00:00.000000000,"[0.9494196176528931, 3.369654893875122, 0.9274174571037292, 1.4114645719528198]","[0.5689113140106201, 0.4154433608055115, 0.329637348651886, 0.43520867824554443]"
178015.0,2011-03-01T00:00:00.000000000,"[3.369654893875122, 0.9274174571037292, 1.4114645719528198, 1.4114645719528198]","[0.6056589484214783, 0.45851820707321167, 0.37888211011886597, 0.4815749526023865]"
178015.0,2011-06-01T00:00:00.000000000,"[0.9274174571037292, 1.4114645719528198, 1.4114645719528198, 4.315746784210205]","[0.7504550218582153, 0.5822896361351013, 0.48354366421699524, 0.6087238192558289]"
178015.0,2011-09-01T00:00:00.000000000,"[1.4114645719528198, 1.4114645719528198, 4.315746784210205, -0.21669383347034454]","[0.7577634453773499, 0.6036776304244995, 0.5084386467933655, 0.6271474361419678]"
178015.0,2011-12-01T00:00:00.000000000,"[1.4114645719528198, 4.315746784210205, -0.21669383347034454, 0.8174067735671997]","[0.8720884323120117, 0.6859663724899292, 0.5840780735015869, 0.7166122794151306]"
178015.0,2012-03-01T00:00:00.000000000,"[4.315746784210205, -0.21669383347034454, 0.8174067735671997, 1.8515071868896484]","[0.914776086807251, 0.7336314916610718, 0.6329516172409058, 0.7633543014526367]"
178015.0,2012-06-01T00:00:00.000000000,"[-0.21669383347034454, 0.8174067735671997, 1.8515071868896484, 4.975811004638672]","[1.0533506870269775, 0.8702483177185059, 0.7576217651367188, 0.9050059914588928]"
178015.0,2012-09-01T00:00:00.000000000,"[0.8174067735671997, 1.8515071868896484, 4.975811004638672, 1.8515071868896484]","[0.9787023067474365, 0.8395482301712036, 0.743001401424408, 0.8728053569793701]"
178015.0,2012-12-01T00:00:00.000000000,"[1.8515071868896484, 4.975811004638672, 1.8515071868896484, 2.929612159729004]","[1.086260437965393, 0.8978896141052246, 0.7850953340530396, 0.9344499111175537]"
178015.0,2013-03-01T00:00:00.000000000,"[4.975811004638672, 1.8515071868896484, 2.929612159729004, 2.8636057376861572]","[1.190565824508667, 0.9776064157485962, 0.8532980680465698, 1.0143827199935913]"
179534.0,2009-03-01T00:00:00.000000000,"[1.1914430856704712, 1.1914430856704712, 1.279451608657837, 1.6754902601242065]","[0.47775715589523315, 0.37871599197387695, 0.3486506938934326, 0.4234212636947632]"
179534.0,2009-06-01T00:00:00.000000000,"[1.1914430856704712, 1.279451608657837, 1.6754902601242065, 1.7414965629577637]","[0.5343599319458008, 0.4347198009490967, 0.41027164459228516, 0.4866856336593628]"
179534.0,2009-09-01T00:00:00.000000000,"[1.279451608657837, 1.6754902601242065, 1.7414965629577637, 1.9395159482955933]","[0.5927869081497192, 0.47944343090057373, 0.44380950927734375, 0.5264809727668762]"
179534.0,2009-12-01T00:00:00.000000000,"[1.6754902601242065, 1.7414965629577637, 1.9395159482955933, 1.9615180492401123]","[0.6375001072883606, 0.5099583268165588, 0.4516116976737976, 0.5400912761688232]"
179534.0,2010-03-01T00:00:00.000000000,"[1.7414965629577637, 1.9395159482955933, 1.9615180492401123, 2.1595370769500732]","[0.7014328241348267, 0.5829447507858276, 0.5399702191352844, 0.6278690099716187]"
179534.0,2010-06-01T00:00:00.000000000,"[1.9395159482955933, 1.9615180492401123, 2.1595370769500732, 2.181539297103882]","[0.7785040140151978, 0.6592399477958679, 0.6255004405975342, 0.7165620923042297]"
179534.0,2010-09-01T00:00:00.000000000,"[1.9615180492401123, 2.1595370769500732, 2.181539297103882, 2.313552141189575]","[0.8716628551483154, 0.7266682386398315, 0.6717612743377686, 0.775604248046875]"
179534.0,2010-12-01T00:00:00.000000000,"[2.1595370769500732, 2.181539297103882, 2.313552141189575, 2.533573627471924]","[0.9409592151641846, 0.7735391855239868, 0.6874929666519165, 0.8016605377197266]"
179534.0,2011-03-01T00:00:00.000000000,"[2.181539297103882, 2.313552141189575, 2.533573627471924, 2.5115716457366943]","[1.0102224349975586, 0.844334602355957, 0.7597320675849915, 0.8762463331222534]"
179534.0,2011-06-01T00:00:00.000000000,"[2.313552141189575, 2.533573627471924, 2.5115716457366943, 2.335554361343384]","[1.086099624633789, 0.9173120856285095, 0.8321611285209656, 0.9522737264633179]"
179534.0,2011-09-01T00:00:00.000000000,"[2.533573627471924, 2.5115716457366943, 2.335554361343384, 1.6534881591796875]","[1.1814119815826416, 0.9967585802078247, 0.9026072025299072, 1.0316038131713867]"
179534.0,2011-12-01T00:00:00.000000000,"[2.5115716457366943, 2.335554361343384, 1.6534881591796875, 1.7634987831115723]","[1.2784934043884277, 1.0734126567840576, 0.960503876209259, 1.100333571434021]"
179534.0,2012-03-01T00:00:00.000000000,"[2.335554361343384, 1.6534881591796875, 1.7634987831115723, 2.42356276512146]","[1.3518003225326538, 1.1486542224884033, 1.0367628335952759, 1.1781424283981323]"
179534.0,2012-06-01T00:00:00.000000000,"[1.6534881591796875, 1.7634987831115723, 2.42356276512146, 2.335554361343384]","[1.4078024625778198, 1.2155417203903198, 1.1109659671783447, 1.2490290403366089]"
179534.0,2012-09-01T00:00:00.000000000,"[1.7634987831115723, 2.42356276512146, 2.335554361343384, 2.577577829360962]","[1.451874017715454, 1.2574458122253418, 1.1500811576843262, 1.28805673122406]"
179534.0,2012-12-01T00:00:00.000000000,"[2.42356276512146, 2.335554361343384, 2.577577829360962, 2.8636057376861572]","[1.5023528337478638, 1.3027263879776, 1.1895312070846558, 1.328456997871399]"
179534.0,2013-03-01T00:00:00.000000000,"[2.335554361343384, 2.577577829360962, 2.8636057376861572, 3.281646251678467]","[1.5770883560180664, 1.3769643306732178, 1.2690168619155884, 1.4093440771102905]"
180652.0,2010-12-01T00:00:00.000000000,"[1.5874814987182617, 1.5654793977737427, 1.7194944620132446, 1.7634987831115723]","[0.9612855911254883, 0.8550443649291992, 0.8283970355987549, 0.9070778489112854]"
180652.0,2011-03-01T00:00:00.000000000,"[1.5654793977737427, 1.7194944620132446, 1.7634987831115723, 1.7855008840560913]","[0.9989478588104248, 0.9032105207443237, 0.886886477470398, 0.9621337056159973]"
180652.0,2011-06-01T00:00:00.000000000,"[1.7194944620132446, 1.7634987831115723, 1.7855008840560913, 1.8735092878341675]","[1.0488922595977783, 0.94986492395401, 0.9330031871795654, 1.0099557638168335]"
180652.0,2011-09-01T00:00:00.000000000,"[1.7634987831115723, 1.7855008840560913, 1.8735092878341675, 2.1375350952148438]","[1.0943694114685059, 0.9778193235397339, 0.9338023066520691, 1.0175389051437378]"
180652.0,2011-12-01T00:00:00.000000000,"[1.7855008840560913, 1.8735092878341675, 2.1375350952148438, 2.2035415172576904]","[1.1355233192443848, 1.0179563760757446, 0.9683398604393005, 1.0528333187103271]"
180652.0,2012-03-01T00:00:00.000000000,"[1.8735092878341675, 2.1375350952148438, 2.2035415172576904, 2.0935308933258057]","[1.1742058992385864, 1.0810468196868896, 1.0609468221664429, 1.1367852687835693]"
180652.0,2012-06-01T00:00:00.000000000,"[2.1375350952148438, 2.2035415172576904, 2.0935308933258057, 2.0055222511291504]","[1.2432477474212646, 1.1327705383300781, 1.101698875427246, 1.185301661491394]"
180652.0,2012-09-01T00:00:00.000000000,"[2.2035415172576904, 2.0935308933258057, 2.0055222511291504, 1.8735092878341675]","[1.3129674196243286, 1.1702144145965576, 1.1007598638534546, 1.197960376739502]"
180652.0,2012-12-01T00:00:00.000000000,"[2.0935308933258057, 2.0055222511291504, 1.8735092878341675, 2.4675674438476562]","[1.3605210781097412, 1.223848819732666, 1.1571904420852661, 1.2534291744232178]"
180652.0,2013-03-01T00:00:00.000000000,"[2.0055222511291504, 1.8735092878341675, 2.4675674438476562, 2.533573627471924]","[1.3960647583007812, 1.2946069240570068, 1.268941879272461, 1.3528167009353638]"
180711.0,2010-12-01T00:00:00.000000000,"[12.170511245727539, 11.51044750213623, 10.762373924255371, 10.652362823486328]","[5.0122175216674805, 4.198762893676758, 3.7368721961975098, 4.323068141937256]"
180711.0,2011-03-01T00:00:00.000000000,"[11.51044750213623, 10.762373924255371, 10.652362823486328, 11.158411979675293]","[5.479823589324951, 4.601147651672363, 4.102516174316406, 4.7342987060546875]"
180711.0,2011-06-01T00:00:00.000000000,"[10.762373924255371, 10.652362823486328, 11.158411979675293, 10.850382804870605]","[5.932549476623535, 4.978496551513672, 4.441497802734375, 5.117203712463379]"
180711.0,2011-09-01T00:00:00.000000000,"[10.652362823486328, 11.158411979675293, 10.850382804870605, 10.608358383178711]","[6.296652317047119, 5.3100738525390625, 4.759034633636475, 5.455868721008301]"
180711.0,2011-12-01T00:00:00.000000000,"[11.158411979675293, 10.850382804870605, 10.608358383178711, 11.180415153503418]","[6.618971824645996, 5.615144729614258, 5.053608417510986, 5.7633819580078125]"
180711.0,2012-03-01T00:00:00.000000000,"[10.850382804870605, 10.608358383178711, 11.180415153503418, 13.270617485046387]","[6.95550537109375, 5.9149603843688965, 5.320897102355957, 6.051673889160156]"
180711.0,2012-06-01T00:00:00.000000000,"[10.608358383178711, 11.180415153503418, 13.270617485046387, 13.842674255371094]","[7.324056625366211, 6.237849235534668, 5.6294732093811035, 6.383743762969971]"
180711.0,2012-09-01T00:00:00.000000000,"[11.180415153503418, 13.270617485046387, 13.842674255371094, 13.864675521850586]","[7.656347751617432, 6.554718494415283, 5.95488166809082, 6.717831611633301]"
180711.0,2012-12-01T00:00:00.000000000,"[13.270617485046387, 13.842674255371094, 13.864675521850586, 14.612749099731445]","[7.963922500610352, 6.8805670738220215, 6.310804843902588, 7.068837642669678]"
180711.0,2013-03-01T00:00:00.000000000,"[13.842674255371094, 13.864675521850586, 14.612749099731445, 16.48293113708496]","[8.468050003051758, 7.4341020584106445, 7.029375076293945, 7.782090663909912]"
183377.0,2010-12-01T00:00:00.000000000,"[-0.4411156475543976, -0.49832120537757874, -0.44551607966423035, -0.40591222047805786]","[-0.606921374797821, -0.618270993232727, -0.6245326399803162, -0.6165317296981812]"
183377.0,2011-03-01T00:00:00.000000000,"[-0.49832120537757874, -0.44551607966423035, -0.40591222047805786, -0.36630839109420776]","[-0.6004273891448975, -0.6116212606430054, -0.6185409426689148, -0.6099448204040527]"
183377.0,2011-06-01T00:00:00.000000000,"[-0.44551607966423035, -0.40591222047805786, -0.36630839109420776, -0.4367152154445648]","[-0.5899664759635925, -0.6039062142372131, -0.6115981936454773, -0.6016131639480591]"
183377.0,2011-09-01T00:00:00.000000000,"[-0.40591222047805786, -0.36630839109420776, -0.4367152154445648, -0.3399057984352112]","[-0.5788872838020325, -0.595200777053833, -0.603999137878418, -0.5925909280776978]"
183377.0,2011-12-01T00:00:00.000000000,"[-0.36630839109420776, -0.4367152154445648, -0.3399057984352112, -0.313503235578537]","[-0.5713238716125488, -0.5874108672142029, -0.5965313911437988, -0.5846407413482666]"
183377.0,2012-03-01T00:00:00.000000000,"[-0.4367152154445648, -0.3399057984352112, -0.313503235578537, -0.2342955470085144]","[-0.5634846687316895, -0.5790618062019348, -0.5884979963302612, -0.5761169791221619]"
183377.0,2012-06-01T00:00:00.000000000,"[-0.3399057984352112, -0.313503235578537, -0.2342955470085144, -0.34430623054504395]","[-0.550796389579773, -0.5699852108955383, -0.5807909369468689, -0.5666304230690002]"
183377.0,2012-09-01T00:00:00.000000000,"[-0.313503235578537, -0.2342955470085144, -0.34430623054504395, -0.28270024061203003]","[-0.5355061292648315, -0.557928740978241, -0.5703220963478088, -0.55417400598526]"
183377.0,2012-12-01T00:00:00.000000000,"[-0.2342955470085144, -0.34430623054504395, -0.28270024061203003, -0.26509854197502136]","[-0.5226092338562012, -0.5466654300689697, -0.5601109266281128, -0.5426048636436462]"
183377.0,2013-03-01T00:00:00.000000000,"[-0.34430623054504395, -0.28270024061203003, -0.26509854197502136, -0.159488245844841]","[-0.508659303188324, -0.5336576700210571, -0.5481120944023132, -0.5292195677757263]"
