GVKEY,TGT_START,GROUND_TRUTH,PREDICTIONS
1161.0,2006-06-01T00:00:00.000000000,"[-0.6567366123199463, -0.6347345113754272, -0.7007409334182739, -0.898760199546814]","[-0.5866990685462952, -0.5649958848953247, -0.5806774497032166, -0.5727130174636841]"
1161.0,2006-09-01T00:00:00.000000000,"[-0.6347345113754272, -0.7007409334182739, -0.898760199546814, -1.0747772455215454]","[-0.7023013830184937, -0.6617803573608398, -0.6396111845970154, -0.5599315762519836]"
1161.0,2006-12-01T00:00:00.000000000,"[-0.7007409334182739, -0.898760199546814, -1.0747772455215454, -1.0747772455215454]","[-0.7962848544120789, -0.7506885528564453, -0.7312362194061279, -0.654829204082489]"
1161.0,2007-03-01T00:00:00.000000000,"[-0.898760199546814, -1.0747772455215454, -1.0747772455215454, -0.920762300491333]","[-0.8061476945877075, -0.7623916268348694, -0.7479358911514282, -0.6688636541366577]"
1161.0,2007-06-01T00:00:00.000000000,"[-1.0747772455215454, -1.0747772455215454, -0.920762300491333, -0.9647666215896606]","[-0.7922059297561646, -0.7509863376617432, -0.7402952909469604, -0.6639558672904968]"
1161.0,2007-09-01T00:00:00.000000000,"[-1.0747772455215454, -0.920762300491333, -0.9647666215896606, -0.8107516169548035]","[-1.0832959413528442, -1.014286756515503, -1.0857903957366943, -1.0226534605026245]"
1161.0,2007-12-01T00:00:00.000000000,"[-0.920762300491333, -0.9647666215896606, -0.8107516169548035, -0.6347345113754272]","[-1.0996699333190918, -1.0872838497161865, -1.1912580728530884, -1.0938321352005005]"
1161.0,2008-03-01T00:00:00.000000000,"[-0.9647666215896606, -0.8107516169548035, -0.6347345113754272, -0.722743034362793]","[-1.058388352394104, -1.0055065155029297, -0.9902955889701843, -0.9216016530990601]"
1161.0,2008-06-01T00:00:00.000000000,"[-0.8107516169548035, -0.6347345113754272, -0.722743034362793, -0.7887494564056396]","[-0.9476000666618347, -0.9016530513763428, -0.8874120116233826, -0.8240103125572205]"
1161.0,2008-09-01T00:00:00.000000000,"[-0.6347345113754272, -0.722743034362793, -0.7887494564056396, -0.6567366123199463]","[-0.7297548055648804, -0.6956146359443665, -0.6751288175582886, -0.6208363175392151]"
1161.0,2008-12-01T00:00:00.000000000,"[-0.722743034362793, -0.7887494564056396, -0.6567366123199463, -0.48071953654289246]","[-0.5586423277854919, -0.538440465927124, -0.5266581177711487, -0.47836512327194214]"
1161.0,2009-03-01T00:00:00.000000000,"[-0.7887494564056396, -0.6567366123199463, -0.48071953654289246, -0.5247237682342529]","[-0.6917917728424072, -0.661034107208252, -0.6482397317886353, -0.5942005515098572]"
1161.0,2009-06-01T00:00:00.000000000,"[-0.6567366123199463, -0.48071953654289246, -0.5247237682342529, -0.45871737599372864]","[-0.6295807361602783, -0.6025243997573853, -0.590741753578186, -0.5407885909080505]"
1161.0,2009-09-01T00:00:00.000000000,"[-0.48071953654289246, -0.5247237682342529, -0.45871737599372864, -0.39271095395088196]","[-0.629214882850647, -0.6015615463256836, -0.5913025736808777, -0.5457529425621033]"
1161.0,2009-12-01T00:00:00.000000000,"[-0.5247237682342529, -0.45871737599372864, -0.39271095395088196, -0.4147131145000458]","[-0.4126355051994324, -0.40051597356796265, -0.39049243927001953, -0.3500168025493622]"
1161.0,2010-03-01T00:00:00.000000000,"[-0.45871737599372864, -0.39271095395088196, -0.4147131145000458, -0.5247237682342529]","[-0.6380020380020142, -0.6082671880722046, -0.5978121757507324, -0.5517603754997253]"
1161.0,2010-06-01T00:00:00.000000000,"[-0.39271095395088196, -0.4147131145000458, -0.5247237682342529, -0.5687280893325806]","[-0.4963521957397461, -0.476097971200943, -0.46739262342453003, -0.42945319414138794]"
1161.0,2010-09-01T00:00:00.000000000,"[-0.4147131145000458, -0.5247237682342529, -0.5687280893325806, -0.5247237682342529]","[-0.39867883920669556, -0.3842722773551941, -0.3765137493610382, -0.3428359627723694]"
1161.0,2010-12-01T00:00:00.000000000,"[-0.5247237682342529, -0.5687280893325806, -0.5247237682342529, -0.30470237135887146]","[-0.3708038032054901, -0.3572814464569092, -0.3495401442050934, -0.31663087010383606]"
1161.0,2011-03-01T00:00:00.000000000,"[-0.5687280893325806, -0.5247237682342529, -0.30470237135887146, 0.003327556187286973]","[-0.5031013488769531, -0.5030407905578613, -0.49998944997787476, -0.4889736473560333]"
1161.0,2011-06-01T00:00:00.000000000,"[-0.5247237682342529, -0.30470237135887146, 0.003327556187286973, -0.30470237135887146]","[-0.5243803262710571, -0.5230957269668579, -0.520098865032196, -0.5084652900695801]"
1161.0,2011-09-01T00:00:00.000000000,"[-0.30470237135887146, 0.003327556187286973, -0.30470237135887146, -0.30470237135887146]","[-0.5399731993675232, -0.5440750122070312, -0.5470486879348755, -0.5362215042114258]"
1161.0,2011-12-01T00:00:00.000000000,"[0.003327556187286973, -0.30470237135887146, -0.30470237135887146, 0.20134682953357697]","[-0.44196492433547974, -0.4470057189464569, -0.4450642466545105, -0.4380853772163391]"
1161.0,2012-03-01T00:00:00.000000000,"[-0.30470237135887146, -0.30470237135887146, 0.20134682953357697, 0.44337034225463867]","[-0.33928948640823364, -0.37011274695396423, -0.38789859414100647, -0.3892713189125061]"
1161.0,2012-06-01T00:00:00.000000000,"[-0.30470237135887146, 0.20134682953357697, 0.44337034225463867, 0.44337034225463867]","[-0.4578389525413513, -0.5433593392372131, -0.6220570802688599, -0.6347067356109619]"
1161.0,2012-09-01T00:00:00.000000000,"[0.20134682953357697, 0.44337034225463867, 0.44337034225463867, 0.6853939294815063]","[-0.4348316192626953, -0.49154192209243774, -0.5414537191390991, -0.5463200807571411]"
1161.0,2012-12-01T00:00:00.000000000,"[0.44337034225463867, 0.44337034225463867, 0.6853939294815063, 0.9054153561592102]","[-0.21479922533035278, -0.22928959131240845, -0.22988107800483704, -0.25614553689956665]"
1161.0,2013-03-01T00:00:00.000000000,"[0.44337034225463867, 0.6853939294815063, 0.9054153561592102, 1.323456048965454]","[-0.10709166526794434, -0.16169792413711548, -0.19602301716804504, -0.2256585955619812]"
1300.0,2006-06-01T00:00:00.000000000,"[2.335554361343384, 2.533573627471924, 2.4455649852752686, 2.4015607833862305]","[1.8716537952423096, 1.782768964767456, 1.7219560146331787, 1.7104343175888062]"
1300.0,2006-09-01T00:00:00.000000000,"[2.533573627471924, 2.4455649852752686, 2.4015607833862305, 2.621582269668579]","[1.9859085083007812, 1.9050447940826416, 1.8559293746948242, 1.8495140075683594]"
1300.0,2006-12-01T00:00:00.000000000,"[2.4455649852752686, 2.4015607833862305, 2.621582269668579, 2.819601535797119]","[2.094268798828125, 2.0028469562530518, 1.9462026357650757, 1.9369310140609741]"
1300.0,2007-03-01T00:00:00.000000000,"[2.4015607833862305, 2.621582269668579, 2.819601535797119, 2.775597333908081]","[2.086750030517578, 1.9781274795532227, 1.9005451202392578, 1.8874258995056152]"
1300.0,2007-06-01T00:00:00.000000000,"[2.621582269668579, 2.819601535797119, 2.775597333908081, 2.665586471557617]","[2.1197171211242676, 2.0009686946868896, 1.9112296104431152, 1.8879988193511963]"
1300.0,2007-09-01T00:00:00.000000000,"[2.819601535797119, 2.775597333908081, 2.665586471557617, 2.9516141414642334]","[2.208082914352417, 2.0904269218444824, 2.004270553588867, 1.9888584613800049]"
1300.0,2007-12-01T00:00:00.000000000,"[2.775597333908081, 2.665586471557617, 2.9516141414642334, 2.819601535797119]","[2.347381353378296, 2.2350852489471436, 2.158872604370117, 2.146778106689453]"
1300.0,2008-03-01T00:00:00.000000000,"[2.665586471557617, 2.9516141414642334, 2.819601535797119, 3.127631425857544]","[2.3780171871185303, 2.2595906257629395, 2.175441265106201, 2.1634979248046875]"
1300.0,2008-06-01T00:00:00.000000000,"[2.9516141414642334, 2.819601535797119, 3.127631425857544, 2.9516141414642334]","[2.3883438110351562, 2.2531039714813232, 2.149282932281494, 2.1302311420440674]"
1300.0,2008-09-01T00:00:00.000000000,"[2.819601535797119, 3.127631425857544, 2.9516141414642334, 3.259644031524658]","[2.5136444568634033, 2.3865880966186523, 2.294905185699463, 2.2814178466796875]"
1300.0,2008-12-01T00:00:00.000000000,"[3.127631425857544, 2.9516141414642334, 3.259644031524658, 3.1496336460113525]","[2.5227837562561035, 2.390268087387085, 2.2903695106506348, 2.2771522998809814]"
1300.0,2009-03-01T00:00:00.000000000,"[2.9516141414642334, 3.259644031524658, 3.1496336460113525, 3.369654893875122]","[2.712545156478882, 2.6119091510772705, 2.5507941246032715, 2.545159101486206]"
1300.0,2009-06-01T00:00:00.000000000,"[3.259644031524658, 3.1496336460113525, 3.369654893875122, 3.5896763801574707]","[2.748143434524536, 2.6278066635131836, 2.546313524246216, 2.5367531776428223]"
1300.0,2009-09-01T00:00:00.000000000,"[3.1496336460113525, 3.369654893875122, 3.5896763801574707, 3.8096976280212402]","[2.905111789703369, 2.7990353107452393, 2.737025737762451, 2.729897975921631]"
1300.0,2009-12-01T00:00:00.000000000,"[3.369654893875122, 3.5896763801574707, 3.8096976280212402, 3.765693426132202]","[2.892186164855957, 2.7658772468566895, 2.679821014404297, 2.669922113418579]"
1300.0,2010-03-01T00:00:00.000000000,"[3.5896763801574707, 3.8096976280212402, 3.765693426132202, 3.5016677379608154]","[3.054943799972534, 2.96177077293396, 2.9139018058776855, 2.912491798400879]"
1300.0,2010-06-01T00:00:00.000000000,"[3.8096976280212402, 3.765693426132202, 3.5016677379608154, 3.523669719696045]","[3.22230863571167, 3.123358726501465, 3.0748982429504395, 3.0682218074798584]"
1300.0,2010-09-01T00:00:00.000000000,"[3.765693426132202, 3.5016677379608154, 3.523669719696045, 3.919708251953125]","[3.3431196212768555, 3.2342472076416016, 3.177961826324463, 3.1681346893310547]"
1300.0,2010-12-01T00:00:00.000000000,"[3.5016677379608154, 3.523669719696045, 3.919708251953125, 3.875704050064087]","[3.3471426963806152, 3.2020764350891113, 3.1054844856262207, 3.086071491241455]"
1300.0,2011-03-01T00:00:00.000000000,"[3.523669719696045, 3.919708251953125, 3.875704050064087, 3.831699848175049]","[3.2634074687957764, 3.1018857955932617, 2.9803569316864014, 2.9642577171325684]"
1300.0,2011-06-01T00:00:00.000000000,"[3.919708251953125, 3.875704050064087, 3.831699848175049, 4.161732196807861]","[3.295973300933838, 3.154940605163574, 3.051088333129883, 3.040633201599121]"
1300.0,2011-09-01T00:00:00.000000000,"[3.875704050064087, 3.831699848175049, 4.161732196807861, 2.071528673171997]","[3.529179573059082, 3.4370598793029785, 3.3900346755981445, 3.387906789779663]"
1300.0,2011-12-01T00:00:00.000000000,"[3.831699848175049, 4.161732196807861, 2.071528673171997, 2.7315926551818848]","[3.485185146331787, 3.456967353820801, 3.463380813598633, 3.4751474857330322]"
1300.0,2012-03-01T00:00:00.000000000,"[4.161732196807861, 2.071528673171997, 2.7315926551818848, 3.8537018299102783]","[3.7723546028137207, 3.8053393363952637, 3.873332977294922, 3.797978401184082]"
1300.0,2012-06-01T00:00:00.000000000,"[2.071528673171997, 2.7315926551818848, 3.8537018299102783, 3.523669719696045]","[3.9278154373168945, 3.9614195823669434, 4.0337066650390625, 3.9482665061950684]"
1300.0,2012-09-01T00:00:00.000000000,"[2.7315926551818848, 3.8537018299102783, 3.523669719696045, 3.7436912059783936]","[2.897428274154663, 2.7945194244384766, 2.682346820831299, 2.697816848754883]"
1300.0,2012-12-01T00:00:00.000000000,"[3.8537018299102783, 3.523669719696045, 3.7436912059783936, 3.7436912059783936]","[3.0924947261810303, 3.1037566661834717, 3.113020658493042, 3.154059410095215]"
1300.0,2013-03-01T00:00:00.000000000,"[3.523669719696045, 3.7436912059783936, 3.7436912059783936, 3.8977060317993164]","[3.5028185844421387, 3.48970890045166, 3.497624397277832, 3.5209527015686035]"
1440.0,2006-06-01T00:00:00.000000000,"[1.0594303607940674, 1.5214751958847046, 0.35536178946495056, 2.115532875061035]","[1.3321694135665894, 1.336747169494629, 1.3464361429214478, 1.3619240522384644]"
1440.0,2006-09-01T00:00:00.000000000,"[1.5214751958847046, 0.35536178946495056, 2.115532875061035, 1.2354472875595093]","[1.2214598655700684, 1.2295620441436768, 1.2361515760421753, 1.2648813724517822]"
1440.0,2006-12-01T00:00:00.000000000,"[0.35536178946495056, 2.115532875061035, 1.2354472875595093, 1.6314857006072998]","[1.2533806562423706, 1.259474754333496, 1.26543128490448, 1.2906444072723389]"
1440.0,2007-03-01T00:00:00.000000000,"[2.115532875061035, 1.2354472875595093, 1.6314857006072998, 0.35536178946495056]","[0.7385067939758301, 0.798345685005188, 0.8537415266036987, 0.9042649269104004]"
1440.0,2007-06-01T00:00:00.000000000,"[1.2354472875595093, 1.6314857006072998, 0.35536178946495056, 1.5434772968292236]","[1.4128632545471191, 1.4100712537765503, 1.4156653881072998, 1.4374746084213257]"
1440.0,2007-09-01T00:00:00.000000000,"[1.6314857006072998, 0.35536178946495056, 1.5434772968292236, 1.3894624710083008]","[1.4232516288757324, 1.4292545318603516, 1.4413974285125732, 1.4541133642196655]"
1440.0,2007-12-01T00:00:00.000000000,"[0.35536178946495056, 1.5434772968292236, 1.3894624710083008, 2.1595370769500732]","[1.352254033088684, 1.355912446975708, 1.3622393608093262, 1.3877443075180054]"
1440.0,2008-03-01T00:00:00.000000000,"[1.5434772968292236, 1.3894624710083008, 2.1595370769500732, 0.7734025120735168]","[0.8024790287017822, 0.8135234117507935, 0.8152437210083008, 0.8531841039657593]"
1440.0,2008-06-01T00:00:00.000000000,"[1.3894624710083008, 2.1595370769500732, 0.7734025120735168, 1.4114645719528198]","[1.1940001249313354, 1.2112189531326294, 1.2189245223999023, 1.2519733905792236]"
1440.0,2008-09-01T00:00:00.000000000,"[2.1595370769500732, 0.7734025120735168, 1.4114645719528198, 0.9494196176528931]","[1.370049238204956, 1.3756897449493408, 1.382553219795227, 1.4099897146224976]"
1440.0,2008-12-01T00:00:00.000000000,"[0.7734025120735168, 1.4114645719528198, 0.9494196176528931, 1.7194944620132446]","[1.5827281475067139, 1.5740607976913452, 1.5799957513809204, 1.6010198593139648]"
1440.0,2009-03-01T00:00:00.000000000,"[1.4114645719528198, 0.9494196176528931, 1.7194944620132446, 1.1694409847259521]","[1.215869665145874, 1.2402676343917847, 1.2631018161773682, 1.2961376905441284]"
1440.0,2009-06-01T00:00:00.000000000,"[0.9494196176528931, 1.7194944620132446, 1.1694409847259521, 1.4114645719528198]","[1.3007197380065918, 1.3122586011886597, 1.318934440612793, 1.347584843635559]"
1440.0,2009-09-01T00:00:00.000000000,"[1.7194944620132446, 1.1694409847259521, 1.4114645719528198, 1.5214751958847046]","[1.2279266119003296, 1.2325395345687866, 1.2327427864074707, 1.2634319067001343]"
1440.0,2009-12-01T00:00:00.000000000,"[1.1694409847259521, 1.4114645719528198, 1.5214751958847046, 2.071528673171997]","[1.3068618774414062, 1.319367527961731, 1.3263953924179077, 1.356367588043213]"
1440.0,2010-03-01T00:00:00.000000000,"[1.4114645719528198, 1.5214751958847046, 2.071528673171997, 0.8834132552146912]","[1.2876543998718262, 1.3086445331573486, 1.3319672346115112, 1.363577961921692]"
1440.0,2010-06-01T00:00:00.000000000,"[1.5214751958847046, 2.071528673171997, 0.8834132552146912, 1.9175138473510742]","[1.3423463106155396, 1.353393793106079, 1.3601608276367188, 1.3889247179031372]"
1440.0,2010-09-01T00:00:00.000000000,"[2.071528673171997, 0.8834132552146912, 1.9175138473510742, 1.499472975730896]","[1.4777247905731201, 1.4801133871078491, 1.4859089851379395, 1.5097073316574097]"
1440.0,2010-12-01T00:00:00.000000000,"[0.8834132552146912, 1.9175138473510742, 1.499472975730896, 2.5115716457366943]","[1.7428501844406128, 1.7285575866699219, 1.733933687210083, 1.751963496208191]"
1440.0,2011-03-01T00:00:00.000000000,"[1.9175138473510742, 1.499472975730896, 2.5115716457366943, 0.6193875670433044]","[1.3184514045715332, 1.3484923839569092, 1.3891109228134155, 1.4252487421035767]"
1440.0,2011-06-01T00:00:00.000000000,"[1.499472975730896, 2.5115716457366943, 0.6193875670433044, 1.5434772968292236]","[1.676356315612793, 1.6696244478225708, 1.6753450632095337, 1.6964218616485596]"
1440.0,2011-09-01T00:00:00.000000000,"[2.5115716457366943, 0.6193875670433044, 1.5434772968292236, 1.6754902601242065]","[1.5741264820098877, 1.5758789777755737, 1.582326054573059, 1.609027624130249]"
1440.0,2011-12-01T00:00:00.000000000,"[0.6193875670433044, 1.5434772968292236, 1.6754902601242065, 2.533573627471924]","[1.7893332242965698, 1.7887365818023682, 1.8025460243225098, 1.8095195293426514]"
1440.0,2012-03-01T00:00:00.000000000,"[1.5434772968292236, 1.6754902601242065, 2.533573627471924, 1.2134451866149902]","[1.209678292274475, 1.267012357711792, 1.3213543891906738, 1.3528767824172974]"
1440.0,2012-06-01T00:00:00.000000000,"[1.6754902601242065, 2.533573627471924, 1.2134451866149902, 1.8295050859451294]","[1.3760889768600464, 1.3962585926055908, 1.4041557312011719, 1.4393506050109863]"
1440.0,2012-09-01T00:00:00.000000000,"[2.533573627471924, 1.2134451866149902, 1.8295050859451294, 1.8955113887786865]","[1.5873109102249146, 1.598660945892334, 1.6054291725158691, 1.6319812536239624]"
1440.0,2012-12-01T00:00:00.000000000,"[1.2134451866149902, 1.8295050859451294, 1.8955113887786865, 2.4455649852752686]","[1.8002859354019165, 1.7933316230773926, 1.7989823818206787, 1.8203123807907104]"
1440.0,2013-03-01T00:00:00.000000000,"[1.8295050859451294, 1.8955113887786865, 2.4455649852752686, 1.455468773841858]","[1.635311484336853, 1.6404414176940918, 1.646147608757019, 1.6725531816482544]"
1447.0,2006-06-01T00:00:00.000000000,"[2.335554361343384, 2.379558563232422, 1.9835201501846313, 2.5555758476257324]","[1.9397892951965332, 1.957820177078247, 1.9980623722076416, 1.9553070068359375]"
1447.0,2006-09-01T00:00:00.000000000,"[2.379558563232422, 1.9835201501846313, 2.5555758476257324, 2.42356276512146]","[2.03659725189209, 2.0571393966674805, 2.1026923656463623, 2.05895733833313]"
1447.0,2006-12-01T00:00:00.000000000,"[1.9835201501846313, 2.5555758476257324, 2.42356276512146, 2.027524471282959]","[2.100616216659546, 2.1244606971740723, 2.1732051372528076, 2.1263527870178223]"
1447.0,2007-03-01T00:00:00.000000000,"[2.5555758476257324, 2.42356276512146, 2.027524471282959, 2.0055222511291504]","[1.9661567211151123, 1.9607245922088623, 1.9707112312316895, 1.9253273010253906]"
1447.0,2007-06-01T00:00:00.000000000,"[2.42356276512146, 2.027524471282959, 2.0055222511291504, 2.4455649852752686]","[2.187772274017334, 2.2085070610046387, 2.2539100646972656, 2.211920976638794]"
1447.0,2007-09-01T00:00:00.000000000,"[2.027524471282959, 2.0055222511291504, 2.4455649852752686, 3.919708251953125]","[2.2402427196502686, 2.258662700653076, 2.3025054931640625, 2.2642300128936768]"
1447.0,2007-12-01T00:00:00.000000000,"[2.0055222511291504, 2.4455649852752686, 3.919708251953125, 1.9395159482955933]","[2.079286575317383, 2.102536201477051, 2.1405189037323, 2.1229329109191895]"
1447.0,2008-03-01T00:00:00.000000000,"[2.4455649852752686, 3.919708251953125, 1.9395159482955933, 1.2354472875595093]","[2.075692892074585, 2.098710775375366, 2.1344470977783203, 2.1192495822906494]"
1447.0,2008-06-01T00:00:00.000000000,"[3.919708251953125, 1.9395159482955933, 1.2354472875595093, 2.2475459575653076]","[2.2414000034332275, 2.249739170074463, 2.2800707817077637, 2.2659289836883545]"
1447.0,2008-09-01T00:00:00.000000000,"[1.9395159482955933, 1.2354472875595093, 2.2475459575653076, 2.533573627471924]","[2.878086566925049, 2.8761932849884033, 2.925485134124756, 2.866382122039795]"
1447.0,2008-12-01T00:00:00.000000000,"[1.2354472875595093, 2.2475459575653076, 2.533573627471924, 2.5995800495147705]","[2.408777952194214, 2.450450897216797, 2.5098519325256348, 2.46751070022583]"
1447.0,2009-03-01T00:00:00.000000000,"[2.2475459575653076, 2.533573627471924, 2.5995800495147705, 2.775597333908081]","[1.9045568704605103, 1.921907663345337, 1.9289543628692627, 1.9250378608703613]"
1447.0,2009-06-01T00:00:00.000000000,"[2.533573627471924, 2.5995800495147705, 2.775597333908081, 3.3916571140289307]","[2.2121469974517822, 2.193707227706909, 2.206742525100708, 2.2254059314727783]"
1447.0,2009-09-01T00:00:00.000000000,"[2.5995800495147705, 2.775597333908081, 3.3916571140289307, 3.3476529121398926]","[2.4681739807128906, 2.4473330974578857, 2.4539079666137695, 2.477407932281494]"
1447.0,2009-12-01T00:00:00.000000000,"[2.775597333908081, 3.3916571140289307, 3.3476529121398926, 3.4356613159179688]","[2.7107009887695312, 2.6763811111450195, 2.6831698417663574, 2.703411102294922]"
1447.0,2010-03-01T00:00:00.000000000,"[3.3916571140289307, 3.3476529121398926, 3.4356613159179688, 3.127631425857544]","[2.7636072635650635, 2.728783130645752, 2.7344160079956055, 2.751925468444824]"
1447.0,2010-06-01T00:00:00.000000000,"[3.3476529121398926, 3.4356613159179688, 3.127631425857544, 3.721689224243164]","[3.01468563079834, 2.9727847576141357, 2.9811484813690186, 2.984487533569336]"
1447.0,2010-09-01T00:00:00.000000000,"[3.4356613159179688, 3.127631425857544, 3.721689224243164, 3.8537018299102783]","[2.9921698570251465, 2.9735381603240967, 2.9948372840881348, 2.975903034210205]"
1447.0,2010-12-01T00:00:00.000000000,"[3.127631425857544, 3.721689224243164, 3.8537018299102783, 3.875704050064087]","[3.15488600730896, 3.1124703884124756, 3.1114277839660645, 3.0436620712280273]"
1447.0,2011-03-01T00:00:00.000000000,"[3.721689224243164, 3.8537018299102783, 3.875704050064087, 3.765693426132202]","[3.1184492111206055, 3.0921425819396973, 3.1005711555480957, 3.0380098819732666]"
1447.0,2011-06-01T00:00:00.000000000,"[3.8537018299102783, 3.875704050064087, 3.765693426132202, 0.20134682953357697]","[3.362884283065796, 3.362832546234131, 3.407447099685669, 3.354915142059326]"
1447.0,2011-09-01T00:00:00.000000000,"[3.875704050064087, 3.765693426132202, 0.20134682953357697, -0.06267886608839035]","[3.201050043106079, 3.134108304977417, 3.1058669090270996, 3.1083385944366455]"
1447.0,2011-12-01T00:00:00.000000000,"[3.765693426132202, 0.20134682953357697, -0.06267886608839035, 2.1595370769500732]","[3.419126510620117, 3.29489803314209, 3.2091174125671387, 3.103821277618408]"
1447.0,2012-03-01T00:00:00.000000000,"[0.20134682953357697, -0.06267886608839035, 2.1595370769500732, 3.171635627746582]","[3.6518731117248535, 3.681759834289551, 3.7524490356445312, 3.6641664505004883]"
1447.0,2012-06-01T00:00:00.000000000,"[-0.06267886608839035, 2.1595370769500732, 3.171635627746582, 5.327845573425293]","[2.0018787384033203, 2.063171863555908, 2.103363037109375, 2.1725997924804688]"
1447.0,2012-09-01T00:00:00.000000000,"[2.1595370769500732, 3.171635627746582, 5.327845573425293, 5.459857940673828]","[1.6460365056991577, 1.7887835502624512, 1.9279390573501587, 2.0248117446899414]"
1447.0,2012-12-01T00:00:00.000000000,"[3.171635627746582, 5.327845573425293, 5.459857940673828, 4.2937445640563965]","[2.108780860900879, 2.1810262203216553, 2.2227156162261963, 2.2978367805480957]"
1447.0,2013-03-01T00:00:00.000000000,"[5.327845573425293, 5.459857940673828, 4.2937445640563965, 4.0957255363464355]","[2.3807199001312256, 2.4260940551757812, 2.440431833267212, 2.5047767162323]"
1602.0,2006-06-01T00:00:00.000000000,"[4.513765811920166, 4.359751224517822, 4.051721572875977, 4.755789756774902]","[2.7396883964538574, 2.54756760597229, 2.373856782913208, 2.3201630115509033]"
1602.0,2006-09-01T00:00:00.000000000,"[4.359751224517822, 4.051721572875977, 4.755789756774902, 4.953808784484863]","[3.6203701496124268, 3.6064095497131348, 3.6484718322753906, 3.591404914855957]"
1602.0,2006-12-01T00:00:00.000000000,"[4.051721572875977, 4.755789756774902, 4.953808784484863, 5.283841133117676]","[3.813556671142578, 3.8431835174560547, 3.925762891769409, 3.822268009185791]"
1602.0,2007-03-01T00:00:00.000000000,"[4.755789756774902, 4.953808784484863, 5.283841133117676, 5.0418171882629395]","[3.813220977783203, 3.7944130897521973, 3.8198976516723633, 3.6692910194396973]"
1602.0,2007-06-01T00:00:00.000000000,"[4.953808784484863, 5.283841133117676, 5.0418171882629395, 5.679879665374756]","[4.068243980407715, 4.069921970367432, 4.122367858886719, 3.9676101207733154]"
1602.0,2007-09-01T00:00:00.000000000,"[5.283841133117676, 5.0418171882629395, 5.679879665374756, 5.5478668212890625]","[4.439038276672363, 4.377429962158203, 4.388446807861328, 4.247835636138916]"
1602.0,2007-12-01T00:00:00.000000000,"[5.0418171882629395, 5.679879665374756, 5.5478668212890625, 5.943905353546143]","[4.621157169342041, 4.669660568237305, 4.784383773803711, 4.631473064422607]"
1602.0,2008-03-01T00:00:00.000000000,"[5.679879665374756, 5.5478668212890625, 5.943905353546143, 5.6578779220581055]","[4.570133209228516, 4.551370620727539, 4.590313911437988, 4.428710460662842]"
1602.0,2008-06-01T00:00:00.000000000,"[5.5478668212890625, 5.943905353546143, 5.6578779220581055, 6.229933261871338]","[4.872558116912842, 4.888663291931152, 4.971479892730713, 4.822711944580078]"
1602.0,2008-09-01T00:00:00.000000000,"[5.943905353546143, 5.6578779220581055, 6.229933261871338, 6.493958950042725]","[4.802535057067871, 4.64760160446167, 4.556392669677734, 4.403817653656006]"
1602.0,2008-12-01T00:00:00.000000000,"[5.6578779220581055, 6.229933261871338, 6.493958950042725, 6.493958950042725]","[5.431501388549805, 5.441697120666504, 5.538900852203369, 5.4074811935424805]"
1602.0,2009-03-01T00:00:00.000000000,"[6.229933261871338, 6.493958950042725, 6.493958950042725, 5.6578779220581055]","[5.474510192871094, 5.554926872253418, 5.705155849456787, 5.517551422119141]"
1602.0,2009-06-01T00:00:00.000000000,"[6.493958950042725, 6.493958950042725, 5.6578779220581055, 6.934001922607422]","[5.723357677459717, 5.787884712219238, 5.9302215576171875, 5.750129699707031]"
1602.0,2009-09-01T00:00:00.000000000,"[6.493958950042725, 5.6578779220581055, 6.934001922607422, 7.726078510284424]","[5.154452800750732, 4.824215888977051, 4.563060760498047, 4.503610134124756]"
1602.0,2009-12-01T00:00:00.000000000,"[5.6578779220581055, 6.934001922607422, 7.726078510284424, 7.418048858642578]","[6.053969860076904, 6.071866035461426, 6.177959442138672, 6.053661823272705]"
1602.0,2010-03-01T00:00:00.000000000,"[6.934001922607422, 7.726078510284424, 7.418048858642578, 6.823991298675537]","[5.305322647094727, 4.98148775100708, 4.713827133178711, 4.614973068237305]"
1602.0,2010-06-01T00:00:00.000000000,"[7.726078510284424, 7.418048858642578, 6.823991298675537, 7.132020950317383]","[5.886348724365234, 5.665125370025635, 5.523935317993164, 5.454215049743652]"
1602.0,2010-09-01T00:00:00.000000000,"[7.418048858642578, 6.823991298675537, 7.132020950317383, 8.034109115600586]","[6.9291253089904785, 6.984732627868652, 7.142861843109131, 6.940718650817871]"
1602.0,2010-12-01T00:00:00.000000000,"[6.823991298675537, 7.132020950317383, 8.034109115600586, 7.3520426750183105]","[6.632956504821777, 6.534150123596191, 6.543022155761719, 6.562654495239258]"
1602.0,2011-03-01T00:00:00.000000000,"[7.132020950317383, 8.034109115600586, 7.3520426750183105, 7.308038234710693]","[7.106528282165527, 7.235387325286865, 7.444636821746826, 7.17848014831543]"
1602.0,2011-06-01T00:00:00.000000000,"[8.034109115600586, 7.3520426750183105, 7.308038234710693, 8.474151611328125]","[7.14247989654541, 7.255194187164307, 7.445383071899414, 7.209498882293701]"
1602.0,2011-09-01T00:00:00.000000000,"[7.3520426750183105, 7.308038234710693, 8.474151611328125, 8.650168418884277]","[7.17166805267334, 6.998371124267578, 6.9384002685546875, 6.930692195892334]"
1602.0,2011-12-01T00:00:00.000000000,"[7.308038234710693, 8.474151611328125, 8.650168418884277, 8.914194107055664]","[7.434342384338379, 7.48960018157959, 7.632769584655762, 7.473824501037598]"
1602.0,2012-03-01T00:00:00.000000000,"[8.474151611328125, 8.650168418884277, 8.914194107055664, 7.682074069976807]","[7.25679874420166, 7.148419380187988, 7.125494956970215, 7.036344528198242]"
1602.0,2012-06-01T00:00:00.000000000,"[8.650168418884277, 8.914194107055664, 7.682074069976807, 7.440051078796387]","[7.789623260498047, 7.752635955810547, 7.820106506347656, 7.73978328704834]"
1602.0,2012-09-01T00:00:00.000000000,"[8.914194107055664, 7.682074069976807, 7.440051078796387, 8.936196327209473]","[8.39729118347168, 8.316405296325684, 8.372568130493164, 8.30324935913086]"
1602.0,2012-12-01T00:00:00.000000000,"[7.682074069976807, 7.440051078796387, 8.936196327209473, 9.574258804321289]","[8.27292251586914, 8.230475425720215, 8.299548149108887, 8.220155715942383]"
1602.0,2013-03-01T00:00:00.000000000,"[7.440051078796387, 8.936196327209473, 9.574258804321289, 8.892192840576172]","[8.12711238861084, 8.025153160095215, 8.018412590026855, 7.91884708404541]"
1632.0,2006-06-01T00:00:00.000000000,"[0.5973852872848511, 0.6853939294815063, 0.8174067735671997, 0.6853939294815063]","[0.5296415090560913, 0.528711199760437, 0.5318765640258789, 0.5444364547729492]"
1632.0,2006-09-01T00:00:00.000000000,"[0.6853939294815063, 0.8174067735671997, 0.6853939294815063, 0.9054153561592102]","[0.5791729688644409, 0.5758411288261414, 0.5789365768432617, 0.5905942916870117]"
1632.0,2006-12-01T00:00:00.000000000,"[0.8174067735671997, 0.6853939294815063, 0.9054153561592102, 0.9934238195419312]","[0.610884428024292, 0.6066294312477112, 0.60938560962677, 0.6188534498214722]"
1632.0,2007-03-01T00:00:00.000000000,"[0.6853939294815063, 0.9054153561592102, 0.9934238195419312, 1.5654793977737427]","[0.6965526342391968, 0.6884547472000122, 0.6913937330245972, 0.6975792050361633]"
1632.0,2007-06-01T00:00:00.000000000,"[0.9054153561592102, 0.9934238195419312, 1.5654793977737427, 0.5313789248466492]","[0.6603037118911743, 0.6165189743041992, 0.581688642501831, 0.5802249908447266]"
1632.0,2007-09-01T00:00:00.000000000,"[0.9934238195419312, 1.5654793977737427, 0.5313789248466492, 0.7073960304260254]","[0.8194239139556885, 0.8134835958480835, 0.8223134875297546, 0.8152455687522888]"
1632.0,2007-12-01T00:00:00.000000000,"[1.5654793977737427, 0.5313789248466492, 0.7073960304260254, 1.103434681892395]","[0.8459643125534058, 0.8476916551589966, 0.8627759218215942, 0.8491235971450806]"
1632.0,2008-03-01T00:00:00.000000000,"[0.5313789248466492, 0.7073960304260254, 1.103434681892395, 1.6094835996627808]","[1.0842268466949463, 1.0858638286590576, 1.110292911529541, 1.077986478805542]"
1632.0,2008-06-01T00:00:00.000000000,"[0.7073960304260254, 1.103434681892395, 1.6094835996627808, 1.3674603700637817]","[0.7356107234954834, 0.7040408849716187, 0.6739643812179565, 0.6419262886047363]"
1632.0,2008-09-01T00:00:00.000000000,"[1.103434681892395, 1.6094835996627808, 1.3674603700637817, 1.5654793977737427]","[0.6773675680160522, 0.60228031873703, 0.5299376249313354, 0.5262405276298523]"
1632.0,2008-12-01T00:00:00.000000000,"[1.6094835996627808, 1.3674603700637817, 1.5654793977737427, 2.071528673171997]","[0.9215152263641357, 0.9076807498931885, 0.9054915904998779, 0.8920987248420715]"
1632.0,2009-03-01T00:00:00.000000000,"[1.3674603700637817, 1.5654793977737427, 2.071528673171997, 2.4895694255828857]","[1.1696240901947021, 1.1540307998657227, 1.1631028652191162, 1.153165340423584]"
1632.0,2009-06-01T00:00:00.000000000,"[1.5654793977737427, 2.071528673171997, 2.4895694255828857, 2.42356276512146]","[1.3182811737060547, 1.2866847515106201, 1.283848524093628, 1.2385507822036743]"
1632.0,2009-09-01T00:00:00.000000000,"[2.071528673171997, 2.4895694255828857, 2.42356276512146, 2.4895694255828857]","[1.0792750120162964, 0.95477694272995, 0.8492085933685303, 0.8311749696731567]"
1632.0,2009-12-01T00:00:00.000000000,"[2.4895694255828857, 2.42356276512146, 2.4895694255828857, 2.665586471557617]","[1.4841737747192383, 1.473963975906372, 1.4927735328674316, 1.440767765045166]"
1632.0,2010-03-01T00:00:00.000000000,"[2.42356276512146, 2.4895694255828857, 2.665586471557617, 2.7095906734466553]","[1.7293299436569214, 1.73580801486969, 1.7791879177093506, 1.721915602684021]"
1632.0,2010-06-01T00:00:00.000000000,"[2.4895694255828857, 2.665586471557617, 2.7095906734466553, 2.225543737411499]","[1.5821008682250977, 1.3610713481903076, 1.1676896810531616, 1.04069185256958]"
1632.0,2010-09-01T00:00:00.000000000,"[2.665586471557617, 2.7095906734466553, 2.225543737411499, 2.2915501594543457]","[1.9051536321640015, 1.845325231552124, 1.8197495937347412, 1.7111384868621826]"
1632.0,2010-12-01T00:00:00.000000000,"[2.7095906734466553, 2.225543737411499, 2.2915501594543457, 2.071528673171997]","[1.9540191888809204, 1.8197416067123413, 1.7198050022125244, 1.5972813367843628]"
1632.0,2011-03-01T00:00:00.000000000,"[2.225543737411499, 2.2915501594543457, 2.071528673171997, 1.9175138473510742]","[2.0578227043151855, 1.9198817014694214, 1.8176853656768799, 1.69992995262146]"
1632.0,2011-06-01T00:00:00.000000000,"[2.2915501594543457, 2.071528673171997, 1.9175138473510742, 1.5654793977737427]","[1.8441404104232788, 1.6368657350540161, 1.453271746635437, 1.3520110845565796]"
1632.0,2011-09-01T00:00:00.000000000,"[2.071528673171997, 1.9175138473510742, 1.5654793977737427, 1.6754902601242065]","[2.1713461875915527, 2.119605541229248, 2.099677324295044, 2.0023207664489746]"
1632.0,2011-12-01T00:00:00.000000000,"[1.9175138473510742, 1.5654793977737427, 1.6754902601242065, 2.2915501594543457]","[1.9872121810913086, 2.0210931301116943, 2.072944164276123, 2.0352907180786133]"
1632.0,2012-03-01T00:00:00.000000000,"[1.5654793977737427, 1.6754902601242065, 2.2915501594543457, 2.4675674438476562]","[1.9161591529846191, 1.9385085105895996, 1.9755386114120483, 1.9615790843963623]"
1632.0,2012-06-01T00:00:00.000000000,"[1.6754902601242065, 2.2915501594543457, 2.4675674438476562, 2.4675674438476562]","[1.823068380355835, 1.7689135074615479, 1.7303504943847656, 1.7458784580230713]"
1632.0,2012-09-01T00:00:00.000000000,"[2.2915501594543457, 2.4675674438476562, 2.4675674438476562, 2.6875884532928467]","[1.811312198638916, 1.791603684425354, 1.7840337753295898, 1.8089063167572021]"
1632.0,2012-12-01T00:00:00.000000000,"[2.4675674438476562, 2.4675674438476562, 2.6875884532928467, 3.083627223968506]","[2.111077308654785, 2.10915470123291, 2.131049871444702, 2.1240673065185547]"
1632.0,2013-03-01T00:00:00.000000000,"[2.4675674438476562, 2.6875884532928467, 3.083627223968506, 3.1056292057037354]","[2.307936429977417, 2.3050618171691895, 2.333651542663574, 2.312659740447998]"
1690.0,2006-06-01T00:00:00.000000000,"[0.003327556187286973, 0.08033503592014313, 0.9824227690696716, 0.5808836817741394]","[0.11763405799865723, 0.11342266201972961, 0.12502911686897278, 0.11692681908607483]"
1690.0,2006-09-01T00:00:00.000000000,"[0.08033503592014313, 0.9824227690696716, 0.5808836817741394, 0.31685808300971985]","[0.04184231162071228, 0.046391069889068604, 0.06014016270637512, 0.05437856912612915]"
1690.0,2006-12-01T00:00:00.000000000,"[0.9824227690696716, 0.5808836817741394, 0.31685808300971985, 0.37736397981643677]","[0.03996357321739197, 0.04178506135940552, 0.05199795961380005, 0.050861895084381104]"
1690.0,2007-03-01T00:00:00.000000000,"[0.5808836817741394, 0.31685808300971985, 0.37736397981643677, 1.103434681892395]","[0.36857229471206665, 0.3603019714355469, 0.3760698437690735, 0.35766130685806274]"
1690.0,2007-06-01T00:00:00.000000000,"[0.31685808300971985, 0.37736397981643677, 1.103434681892395, 0.34436073899269104]","[0.39444810152053833, 0.39343470335006714, 0.4144241213798523, 0.3923259377479553]"
1690.0,2007-09-01T00:00:00.000000000,"[0.37736397981643677, 1.103434681892395, 0.34436073899269104, 0.08033503592014313]","[0.2943834662437439, 0.29153382778167725, 0.301486074924469, 0.27327245473861694]"
1690.0,2007-12-01T00:00:00.000000000,"[1.103434681892395, 0.34436073899269104, 0.08033503592014313, 0.21784842014312744]","[0.2767401337623596, 0.27016115188598633, 0.27424514293670654, 0.25276511907577515]"
1690.0,2008-03-01T00:00:00.000000000,"[0.34436073899269104, 0.08033503592014313, 0.21784842014312744, 1.147438883781433]","[0.5731878876686096, 0.5690360069274902, 0.5902329683303833, 0.5662524700164795]"
1690.0,2008-06-01T00:00:00.000000000,"[0.08033503592014313, 0.21784842014312744, 1.147438883781433, 0.4543713927268982]","[0.42845457792282104, 0.43358373641967773, 0.45351505279541016, 0.4413148760795593]"
1690.0,2008-09-01T00:00:00.000000000,"[0.21784842014312744, 1.147438883781433, 0.4543713927268982, 0.21784842014312744]","[0.25908583402633667, 0.26628392934799194, 0.2774527668952942, 0.2791106104850769]"
1690.0,2008-12-01T00:00:00.000000000,"[1.147438883781433, 0.4543713927268982, 0.21784842014312744, 0.4378698170185089]","[0.23634259402751923, 0.23953859508037567, 0.24466438591480255, 0.2621508240699768]"
1690.0,2009-03-01T00:00:00.000000000,"[0.4543713927268982, 0.21784842014312744, 0.4378698170185089, 1.4389673471450806]","[0.5757431387901306, 0.5555041432380676, 0.5573636293411255, 0.5652390122413635]"
1690.0,2009-06-01T00:00:00.000000000,"[0.21784842014312744, 0.4378698170185089, 1.4389673471450806, 0.800905168056488]","[0.506992757320404, 0.4994705319404602, 0.5068528056144714, 0.5140188336372375]"
1690.0,2009-09-01T00:00:00.000000000,"[0.4378698170185089, 1.4389673471450806, 0.800905168056488, 0.5863842368125916]","[0.38456645607948303, 0.39074742794036865, 0.4017498195171356, 0.4099525809288025]"
1690.0,2009-12-01T00:00:00.000000000,"[1.4389673471450806, 0.800905168056488, 0.5863842368125916, 0.8999148011207581]","[0.47518786787986755, 0.47625941038131714, 0.486601859331131, 0.49138325452804565]"
1690.0,2010-03-01T00:00:00.000000000,"[0.800905168056488, 0.5863842368125916, 0.8999148011207581, 1.598482608795166]","[0.8450700640678406, 0.8285400867462158, 0.8402756452560425, 0.8299999237060547]"
1690.0,2010-06-01T00:00:00.000000000,"[0.5863842368125916, 0.8999148011207581, 1.598482608795166, 0.652390718460083]","[0.8432695865631104, 0.8422226905822754, 0.864456295967102, 0.8421379327774048]"
1690.0,2010-09-01T00:00:00.000000000,"[0.8999148011207581, 1.598482608795166, 0.652390718460083, 0.4983757734298706]","[0.6752868890762329, 0.6990579962730408, 0.7316170930862427, 0.7087223529815674]"
1690.0,2010-12-01T00:00:00.000000000,"[1.598482608795166, 0.652390718460083, 0.4983757734298706, 0.96592116355896]","[0.8164332509040833, 0.8200514912605286, 0.8414137363433838, 0.8245972394943237]"
1690.0,2011-03-01T00:00:00.000000000,"[0.652390718460083, 0.4983757734298706, 0.96592116355896, 2.0440258979797363]","[1.0692192316055298, 1.054960012435913, 1.0714685916900635, 1.054368495941162]"
1690.0,2011-06-01T00:00:00.000000000,"[0.4983757734298706, 0.96592116355896, 2.0440258979797363, 0.7018954753875732]","[0.8849945068359375, 0.8770735859870911, 0.8856627941131592, 0.8667430877685547]"
1690.0,2011-09-01T00:00:00.000000000,"[0.96592116355896, 2.0440258979797363, 0.7018954753875732, 0.7183970808982849]","[0.6783116459846497, 0.6176031231880188, 0.5630718469619751, 0.5536625981330872]"
1690.0,2011-12-01T00:00:00.000000000,"[2.0440258979797363, 0.7018954753875732, 0.7183970808982849, 0.9054153561592102]","[0.9413564205169678, 0.9439952373504639, 0.9654896259307861, 0.9498741626739502]"
1690.0,2012-03-01T00:00:00.000000000,"[0.7018954753875732, 0.7183970808982849, 0.9054153561592102, 2.9956183433532715]","[1.2975025177001953, 1.2822598218917847, 1.3080370426177979, 1.288269281387329]"
1690.0,2012-06-01T00:00:00.000000000,"[0.7183970808982849, 0.9054153561592102, 2.9956183433532715, 2.379558563232422]","[0.8793832063674927, 0.890247106552124, 0.9076012969017029, 0.9114938974380493]"
1690.0,2012-09-01T00:00:00.000000000,"[0.9054153561592102, 2.9956183433532715, 2.379558563232422, 2.1595370769500732]","[0.8026266694068909, 0.7925022840499878, 0.7828460931777954, 0.7782207727432251]"
1690.0,2012-12-01T00:00:00.000000000,"[2.9956183433532715, 2.379558563232422, 2.1595370769500732, 2.027524471282959]","[0.9847944974899292, 0.913524329662323, 0.8975411653518677, 0.9157351851463318]"
1690.0,2013-03-01T00:00:00.000000000,"[2.379558563232422, 2.1595370769500732, 2.027524471282959, 3.919708251953125]","[1.5340220928192139, 1.5252509117126465, 1.5483510494232178, 1.518466591835022]"
1704.0,2006-06-01T00:00:00.000000000,"[-0.08468098938465118, -0.08468098938465118, -0.10668310523033142, -0.10668310523033142]","[-0.20433679223060608, -0.1954738348722458, -0.1918899118900299, -0.17617449164390564]"
1704.0,2006-09-01T00:00:00.000000000,"[-0.08468098938465118, -0.10668310523033142, -0.10668310523033142, -0.06267886608839035]","[-0.14804506301879883, -0.14276719093322754, -0.13936690986156464, -0.12515707314014435]"
1704.0,2006-12-01T00:00:00.000000000,"[-0.10668310523033142, -0.10668310523033142, -0.06267886608839035, 0.025329740718007088]","[-0.14044475555419922, -0.1350337266921997, -0.13150851428508759, -0.11692056059837341]"
1704.0,2007-03-01T00:00:00.000000000,"[-0.10668310523033142, -0.06267886608839035, 0.025329740718007088, -0.06267886608839035]","[-0.13130196928977966, -0.12612125277519226, -0.12265080213546753, -0.1082734614610672]"
1704.0,2007-06-01T00:00:00.000000000,"[-0.06267886608839035, 0.025329740718007088, -0.06267886608839035, -0.12868529558181763]","[-0.15456897020339966, -0.1471397429704666, -0.14334899187088013, -0.12745550274848938]"
1704.0,2007-09-01T00:00:00.000000000,"[0.025329740718007088, -0.06267886608839035, -0.12868529558181763, 0.047331858426332474]","[-0.1041250228881836, -0.10030008107423782, -0.0969105064868927, -0.0831252932548523]"
1704.0,2007-12-01T00:00:00.000000000,"[-0.06267886608839035, -0.12868529558181763, 0.047331858426332474, 0.3993660807609558]","[-0.09334306418895721, -0.09018056094646454, -0.08673202991485596, -0.07296715676784515]"
1704.0,2008-03-01T00:00:00.000000000,"[-0.12868529558181763, 0.047331858426332474, 0.3993660807609558, 0.7514004111289978]","[-0.10827455669641495, -0.10406450182199478, -0.10051428526639938, -0.0861792117357254]"
1704.0,2008-06-01T00:00:00.000000000,"[0.047331858426332474, 0.3993660807609558, 0.7514004111289978, 0.7734025120735168]","[-0.062433481216430664, -0.0619797557592392, -0.05921018123626709, -0.04808260500431061]"
1704.0,2008-09-01T00:00:00.000000000,"[0.3993660807609558, 0.7514004111289978, 0.7734025120735168, 1.0374282598495483]","[-0.027337223291397095, -0.02422676980495453, -0.01766456663608551, -0.014768138527870178]"
1704.0,2008-12-01T00:00:00.000000000,"[0.7514004111289978, 0.7734025120735168, 1.0374282598495483, 1.1914430856704712]","[0.10442259907722473, 0.09360745549201965, 0.09495747089385986, 0.09931635856628418]"
1704.0,2009-03-01T00:00:00.000000000,"[0.7734025120735168, 1.0374282598495483, 1.1914430856704712, 1.3454581499099731]","[0.2783743739128113, 0.2665715217590332, 0.2741445302963257, 0.26623839139938354]"
1704.0,2009-06-01T00:00:00.000000000,"[1.0374282598495483, 1.1914430856704712, 1.3454581499099731, 1.6314857006072998]","[0.42160239815711975, 0.3794526159763336, 0.36186787486076355, 0.3264455795288086]"
1704.0,2009-09-01T00:00:00.000000000,"[1.1914430856704712, 1.3454581499099731, 1.6314857006072998, 1.9835201501846313]","[0.6246418952941895, 0.5910435914993286, 0.5859108567237854, 0.5089820623397827]"
1704.0,2009-12-01T00:00:00.000000000,"[1.3454581499099731, 1.6314857006072998, 1.9835201501846313, 1.9395159482955933]","[0.5575805306434631, 0.4840439260005951, 0.43417665362358093, 0.3742416799068451]"
1704.0,2010-03-01T00:00:00.000000000,"[1.6314857006072998, 1.9835201501846313, 1.9395159482955933, 1.4334666728973389]","[0.6818212270736694, 0.6066576242446899, 0.5577189922332764, 0.4916837513446808]"
1704.0,2010-06-01T00:00:00.000000000,"[1.9835201501846313, 1.9395159482955933, 1.4334666728973389, 1.0814324617385864]","[1.0583574771881104, 1.0989456176757812, 1.172264575958252, 1.0679059028625488]"
1704.0,2010-09-01T00:00:00.000000000,"[1.9395159482955933, 1.4334666728973389, 1.0814324617385864, 0.8394088745117188]","[1.0449268817901611, 0.9768949747085571, 0.9424393177032471, 0.8566526174545288]"
1704.0,2010-12-01T00:00:00.000000000,"[1.4334666728973389, 1.0814324617385864, 0.8394088745117188, 0.9274174571037292]","[1.0838855504989624, 0.8599590063095093, 0.6714187264442444, 0.5499824285507202]"
1704.0,2011-03-01T00:00:00.000000000,"[1.0814324617385864, 0.8394088745117188, 0.9274174571037292, 1.0594303607940674]","[0.9072079658508301, 0.6305235624313354, 0.3764963746070862, 0.25387337803840637]"
1704.0,2011-06-01T00:00:00.000000000,"[0.8394088745117188, 0.9274174571037292, 1.0594303607940674, 1.455468773841858]","[0.8464375734329224, 0.6408337950706482, 0.44885075092315674, 0.3479422926902771]"
1704.0,2011-09-01T00:00:00.000000000,"[0.9274174571037292, 1.0594303607940674, 1.455468773841858, 1.2574495077133179]","[0.9670870304107666, 0.8944969177246094, 0.840113639831543, 0.8015303611755371]"
1704.0,2011-12-01T00:00:00.000000000,"[1.0594303607940674, 1.455468773841858, 1.2574495077133179, 1.6314857006072998]","[0.91015625, 0.824903130531311, 0.758257269859314, 0.7644991874694824]"
1704.0,2012-03-01T00:00:00.000000000,"[1.455468773841858, 1.2574495077133179, 1.6314857006072998, 2.0495264530181885]","[1.1166882514953613, 1.096240520477295, 1.1033141613006592, 1.122789740562439]"
1704.0,2012-06-01T00:00:00.000000000,"[1.2574495077133179, 1.6314857006072998, 2.0495264530181885, 2.3575565814971924]","[1.34583580493927, 1.3462592363357544, 1.3791110515594482, 1.3515232801437378]"
1704.0,2012-09-01T00:00:00.000000000,"[1.6314857006072998, 2.0495264530181885, 2.3575565814971924, 2.885607957839966]","[1.420520305633545, 1.409366488456726, 1.4356701374053955, 1.4212660789489746]"
1704.0,2012-12-01T00:00:00.000000000,"[2.0495264530181885, 2.3575565814971924, 2.885607957839966, 3.479665517807007]","[1.4163410663604736, 1.4072725772857666, 1.4302558898925781, 1.4099777936935425]"
1704.0,2013-03-01T00:00:00.000000000,"[2.3575565814971924, 2.885607957839966, 3.479665517807007, 3.567674398422241]","[1.7074246406555176, 1.7034673690795898, 1.7417988777160645, 1.6926279067993164]"
1878.0,2005-09-01T00:00:00.000000000,"[0.003327556187286973, 0.06933397799730301, -0.15068741142749786, -0.15068741142749786]","[0.25771480798721313, 0.260082483291626, 0.26251959800720215, 0.27276289463043213]"
1878.0,2005-12-01T00:00:00.000000000,"[0.06933397799730301, -0.15068741142749786, -0.15068741142749786, -0.04067668318748474]","[0.0793655663728714, 0.1018494963645935, 0.12344780564308167, 0.1421065777540207]"
1878.0,2006-03-01T00:00:00.000000000,"[-0.15068741142749786, -0.15068741142749786, -0.04067668318748474, -0.28270024061203003]","[0.09672066569328308, 0.11437451839447021, 0.12694598734378815, 0.144577756524086]"
1878.0,2006-06-01T00:00:00.000000000,"[-0.15068741142749786, -0.04067668318748474, -0.28270024061203003, -0.39271095395088196]","[-0.02523815631866455, 0.009904399514198303, 0.04548851400613785, 0.06824149936437607]"
1878.0,2006-09-01T00:00:00.000000000,"[-0.04067668318748474, -0.28270024061203003, -0.39271095395088196, -0.23869597911834717]","[0.01248466968536377, 0.041456811130046844, 0.06820306926965714, 0.08930258452892303]"
1878.0,2007-09-01T00:00:00.000000000,"[-0.28270024061203003, -0.39271095395088196, -0.23869597911834717, -0.920762300491333]","[0.020720303058624268, 0.048492707312107086, 0.07360286265611649, 0.09430648386478424]"
1878.0,2007-12-01T00:00:00.000000000,"[-0.39271095395088196, -0.23869597911834717, -0.920762300491333, -0.5907301902770996]","[-0.06615126132965088, -0.025715991854667664, 0.016409605741500854, 0.04152043163776398]"
1878.0,2008-03-01T00:00:00.000000000,"[-0.23869597911834717, -0.920762300491333, -0.5907301902770996, -1.096779465675354]","[-0.13028079271316528, -0.08148728311061859, -0.028786614537239075, -0.00017352402210235596]"
1878.0,2008-06-01T00:00:00.000000000,"[-0.920762300491333, -0.5907301902770996, -1.096779465675354, -1.316800832748413]","[-0.10999638587236404, -0.06512812525033951, -0.018337883055210114, 0.009484007954597473]"
1878.0,2008-09-01T00:00:00.000000000,"[-0.5907301902770996, -1.096779465675354, -1.316800832748413, -1.0527751445770264]","[-0.3161727488040924, -0.2420879602432251, -0.15800821781158447, -0.11823701113462448]"
1878.0,2008-12-01T00:00:00.000000000,"[-1.096779465675354, -1.316800832748413, -1.0527751445770264, -0.942764401435852]","[-0.2530748248100281, -0.19173745810985565, -0.1266428381204605, -0.08963024616241455]"
1878.0,2009-03-01T00:00:00.000000000,"[-1.316800832748413, -1.0527751445770264, -0.942764401435852, -0.9647666215896606]","[-0.4441473186016083, -0.35781264305114746, -0.2609907388687134, -0.2135942131280899]"
1878.0,2009-06-01T00:00:00.000000000,"[-1.0527751445770264, -0.942764401435852, -0.9647666215896606, -0.898760199546814]","[-0.5495468378067017, -0.4524696469306946, -0.34417855739593506, -0.29036182165145874]"
1878.0,2009-09-01T00:00:00.000000000,"[-0.942764401435852, -0.9647666215896606, -0.898760199546814, -0.5687280893325806]","[-0.5173840522766113, -0.43053749203681946, -0.33822137117385864, -0.285951167345047]"
1878.0,2009-12-01T00:00:00.000000000,"[-0.9647666215896606, -0.898760199546814, -0.5687280893325806, -0.28270024061203003]","[-0.5132003426551819, -0.4329189956188202, -0.35047781467437744, -0.29954057931900024]"
1878.0,2010-03-01T00:00:00.000000000,"[-0.898760199546814, -0.5687280893325806, -0.28270024061203003, -0.06267886608839035]","[-0.5502786040306091, -0.4703826308250427, -0.38901644945144653, -0.33770960569381714]"
1878.0,2010-06-01T00:00:00.000000000,"[-0.5687280893325806, -0.28270024061203003, -0.06267886608839035, 0.3113575577735901]","[-0.48721587657928467, -0.42027193307876587, -0.3579740524291992, -0.3096703290939331]"
1878.0,2010-09-01T00:00:00.000000000,"[-0.28270024061203003, -0.06267886608839035, 0.3113575577735901, 0.2893553674221039]","[-0.39717185497283936, -0.3451305031776428, -0.303877592086792, -0.25983843207359314]"
1878.0,2010-12-01T00:00:00.000000000,"[-0.06267886608839035, 0.3113575577735901, 0.2893553674221039, 0.7293981313705444]","[-0.3510858416557312, -0.3066278100013733, -0.27597302198410034, -0.23420417308807373]"
1878.0,2011-03-01T00:00:00.000000000,"[0.3113575577735901, 0.2893553674221039, 0.7293981313705444, 1.0154259204864502]","[-0.15177100896835327, -0.13016751408576965, -0.12233035266399384, -0.08752932399511337]"
1878.0,2011-06-01T00:00:00.000000000,"[0.2893553674221039, 0.7293981313705444, 1.0154259204864502, 1.323456048965454]","[0.02748236060142517, 0.036318764090538025, 0.0422346293926239, 0.0675315260887146]"
1878.0,2011-09-01T00:00:00.000000000,"[0.7293981313705444, 1.0154259204864502, 1.323456048965454, 1.1694409847259521]","[0.14073874056339264, 0.14206601679325104, 0.1471705585718155, 0.16819046437740326]"
1878.0,2011-12-01T00:00:00.000000000,"[1.0154259204864502, 1.323456048965454, 1.1694409847259521, 1.455468773841858]","[0.33544307947158813, 0.3242575526237488, 0.3278844654560089, 0.34171736240386963]"
1878.0,2012-03-01T00:00:00.000000000,"[1.323456048965454, 1.1694409847259521, 1.455468773841858, 1.5874814987182617]","[0.4679720103740692, 0.4038357436656952, 0.3618561029434204, 0.359925776720047]"
1878.0,2012-06-01T00:00:00.000000000,"[1.1694409847259521, 1.455468773841858, 1.5874814987182617, 1.8955113887786865]","[0.5860422253608704, 0.4834691882133484, 0.40880608558654785, 0.4004356265068054]"
1878.0,2012-09-01T00:00:00.000000000,"[1.455468773841858, 1.5874814987182617, 1.8955113887786865, 1.5654793977737427]","[0.48003119230270386, 0.2906995415687561, 0.12278017401695251, 0.09663936495780945]"
1878.0,2012-12-01T00:00:00.000000000,"[1.5874814987182617, 1.8955113887786865, 1.5654793977737427, 1.9615180492401123]","[0.5917194485664368, 0.4045197367668152, 0.23926079273223877, 0.18812432885169983]"
1878.0,2013-03-01T00:00:00.000000000,"[1.8955113887786865, 1.5654793977737427, 1.9615180492401123, 2.2277438640594482]","[0.621476948261261, 0.38709935545921326, 0.17454418540000916, 0.11664357036352158]"
1891.0,2006-06-01T00:00:00.000000000,"[0.6853939294815063, 0.6633917689323425, 0.8394088745117188, 1.5874814987182617]","[1.098730444908142, 1.0822029113769531, 1.0844215154647827, 1.0909096002578735]"
1891.0,2006-09-01T00:00:00.000000000,"[0.6633917689323425, 0.8394088745117188, 1.5874814987182617, 0.5093768239021301]","[0.9459749460220337, 0.9800340533256531, 1.0154073238372803, 0.9927592277526855]"
1891.0,2006-12-01T00:00:00.000000000,"[0.8394088745117188, 1.5874814987182617, 0.5093768239021301, 0.7954046130180359]","[0.7949244379997253, 0.8179317116737366, 0.8379446268081665, 0.8338891863822937]"
1891.0,2007-03-01T00:00:00.000000000,"[1.5874814987182617, 0.5093768239021301, 0.7954046130180359, 0.8834132552146912]","[0.9144725799560547, 0.8838111758232117, 0.8750074505805969, 0.9012932181358337]"
1891.0,2007-06-01T00:00:00.000000000,"[0.5093768239021301, 0.7954046130180359, 0.8834132552146912, 1.8735092878341675]","[1.0865448713302612, 1.0765798091888428, 1.0781207084655762, 1.0875813961029053]"
1891.0,2007-09-01T00:00:00.000000000,"[0.7954046130180359, 0.8834132552146912, 1.8735092878341675, 0.8174067735671997]","[0.9027512669563293, 0.928215503692627, 0.9503815770149231, 0.948275089263916]"
1891.0,2007-12-01T00:00:00.000000000,"[0.8834132552146912, 1.8735092878341675, 0.8174067735671997, 1.1914430856704712]","[0.8707044720649719, 0.8880510926246643, 0.900993287563324, 0.9100142121315002]"
1891.0,2008-03-01T00:00:00.000000000,"[1.8735092878341675, 0.8174067735671997, 1.1914430856704712, 1.2134451866149902]","[0.9283934831619263, 0.8669770956039429, 0.8353992104530334, 0.8664447665214539]"
1891.0,2008-06-01T00:00:00.000000000,"[0.8174067735671997, 1.1914430856704712, 1.2134451866149902, 2.181539297103882]","[1.1482625007629395, 1.1397210359573364, 1.1418449878692627, 1.153540849685669]"
1891.0,2008-09-01T00:00:00.000000000,"[1.1914430856704712, 1.2134451866149902, 2.181539297103882, 0.7514004111289978]","[1.2071235179901123, 1.2305570840835571, 1.2625614404678345, 1.2381587028503418]"
1891.0,2008-12-01T00:00:00.000000000,"[1.2134451866149902, 2.181539297103882, 0.7514004111289978, 1.301453948020935]","[1.2571167945861816, 1.276128888130188, 1.305660367012024, 1.2805581092834473]"
1891.0,2009-03-01T00:00:00.000000000,"[2.181539297103882, 0.7514004111289978, 1.301453948020935, 1.477470874786377]","[1.0487996339797974, 1.0062322616577148, 0.9691263437271118, 0.9769304394721985]"
1891.0,2009-06-01T00:00:00.000000000,"[0.7514004111289978, 1.301453948020935, 1.477470874786377, 2.6435842514038086]","[1.4306385517120361, 1.3916096687316895, 1.4199788570404053, 1.4547580480575562]"
1891.0,2009-09-01T00:00:00.000000000,"[1.301453948020935, 1.477470874786377, 2.6435842514038086, 1.323456048965454]","[1.1850141286849976, 1.1583069562911987, 1.1365127563476562, 1.1312766075134277]"
1891.0,2009-12-01T00:00:00.000000000,"[1.477470874786377, 2.6435842514038086, 1.323456048965454, 1.9395159482955933]","[1.2610098123550415, 1.2510379552841187, 1.2502973079681396, 1.2606167793273926]"
1891.0,2010-03-01T00:00:00.000000000,"[2.6435842514038086, 1.323456048965454, 1.9395159482955933, 2.2475459575653076]","[1.4330317974090576, 1.4135985374450684, 1.429053783416748, 1.4159345626831055]"
1891.0,2010-06-01T00:00:00.000000000,"[1.323456048965454, 1.9395159482955933, 2.2475459575653076, 3.1936378479003906]","[1.7667768001556396, 1.7281641960144043, 1.7801700830459595, 1.7990872859954834]"
1891.0,2010-09-01T00:00:00.000000000,"[1.9395159482955933, 2.2475459575653076, 3.1936378479003906, 1.8075029850006104]","[1.5131940841674805, 1.4549591541290283, 1.4108343124389648, 1.3729982376098633]"
1891.0,2010-12-01T00:00:00.000000000,"[2.2475459575653076, 3.1936378479003906, 1.8075029850006104, 2.2475459575653076]","[1.64151930809021, 1.5821815729141235, 1.5420727729797363, 1.502358078956604]"
1891.0,2011-03-01T00:00:00.000000000,"[3.1936378479003906, 1.8075029850006104, 2.2475459575653076, 2.6435842514038086]","[1.7964433431625366, 1.7170430421829224, 1.6652153730392456, 1.6340970993041992]"
1891.0,2011-06-01T00:00:00.000000000,"[1.8075029850006104, 2.2475459575653076, 2.6435842514038086, 3.523669719696045]","[2.129781723022461, 2.114898681640625, 2.1377816200256348, 2.108809471130371]"
1891.0,2011-09-01T00:00:00.000000000,"[2.2475459575653076, 2.6435842514038086, 3.523669719696045, 1.8075029850006104]","[1.728494644165039, 1.5501351356506348, 1.3907240629196167, 1.352169156074524]"
1891.0,2011-12-01T00:00:00.000000000,"[2.6435842514038086, 3.523669719696045, 1.8075029850006104, 2.4015607833862305]","[1.7843480110168457, 1.6185847520828247, 1.4726853370666504, 1.449242353439331]"
1891.0,2012-03-01T00:00:00.000000000,"[3.523669719696045, 1.8075029850006104, 2.4015607833862305, 2.6435842514038086]","[2.3079137802124023, 2.2854440212249756, 2.2997894287109375, 2.244906425476074]"
1891.0,2012-06-01T00:00:00.000000000,"[1.8075029850006104, 2.4015607833862305, 2.6435842514038086, 3.4576635360717773]","[2.619835138320923, 2.5936617851257324, 2.6204419136047363, 2.591616153717041]"
1891.0,2012-09-01T00:00:00.000000000,"[2.4015607833862305, 2.6435842514038086, 3.4576635360717773, 1.9395159482955933]","[2.3212223052978516, 2.3627145290374756, 2.423982620239258, 2.3370330333709717]"
1891.0,2012-12-01T00:00:00.000000000,"[2.6435842514038086, 3.4576635360717773, 1.9395159482955933, 2.929612159729004]","[2.3818020820617676, 2.4294095039367676, 2.4985063076019287, 2.4261345863342285]"
1891.0,2013-03-01T00:00:00.000000000,"[3.4576635360717773, 1.9395159482955933, 2.929612159729004, 2.929612159729004]","[2.5448660850524902, 2.530256748199463, 2.5557847023010254, 2.5449411869049072]"
2136.0,2006-06-01T00:00:00.000000000,"[1.301453948020935, 1.2574495077133179, 0.8614109754562378, 1.5434772968292236]","[1.0289099216461182, 1.0149226188659668, 0.9390170574188232, 0.9720069766044617]"
2136.0,2006-09-01T00:00:00.000000000,"[1.2574495077133179, 0.8614109754562378, 1.5434772968292236, 1.5874814987182617]","[1.0956144332885742, 0.9194095134735107, 0.9539076089859009, 0.9448219537734985]"
2136.0,2006-12-01T00:00:00.000000000,"[0.8614109754562378, 1.5434772968292236, 1.5874814987182617, 1.5874814987182617]","[0.9214382767677307, 0.9706106185913086, 0.9231232404708862, 0.8450719714164734]"
2136.0,2007-03-01T00:00:00.000000000,"[1.5434772968292236, 1.5874814987182617, 1.5874814987182617, 1.2574495077133179]","[0.8592872619628906, 0.8066559433937073, 0.8994754552841187, 0.6778271794319153]"
2136.0,2007-06-01T00:00:00.000000000,"[1.5874814987182617, 1.5874814987182617, 1.2574495077133179, 1.6314857006072998]","[1.378265142440796, 1.2635469436645508, 1.169691801071167, 1.3460133075714111]"
2136.0,2007-09-01T00:00:00.000000000,"[1.5874814987182617, 1.2574495077133179, 1.6314857006072998, 1.3674603700637817]","[1.4864063262939453, 1.2071254253387451, 1.3703174591064453, 1.3997927904129028]"
2136.0,2007-12-01T00:00:00.000000000,"[1.2574495077133179, 1.6314857006072998, 1.3674603700637817, 1.5214751958847046]","[1.4209355115890503, 1.5241053104400635, 1.4337120056152344, 1.3278597593307495]"
2136.0,2008-03-01T00:00:00.000000000,"[1.6314857006072998, 1.3674603700637817, 1.5214751958847046, 1.1914430856704712]","[1.4119004011154175, 1.3480483293533325, 1.3932181596755981, 1.2284430265426636]"
2136.0,2008-06-01T00:00:00.000000000,"[1.3674603700637817, 1.5214751958847046, 1.1914430856704712, 1.3894624710083008]","[1.6629116535186768, 1.5497440099716187, 1.479030728340149, 1.6619207859039307]"
2136.0,2008-09-01T00:00:00.000000000,"[1.5214751958847046, 1.1914430856704712, 1.3894624710083008, 1.4114645719528198]","[1.5132931470870972, 1.2344989776611328, 1.449951410293579, 1.361371397972107]"
2136.0,2008-12-01T00:00:00.000000000,"[1.1914430856704712, 1.3894624710083008, 1.4114645719528198, 1.455468773841858]","[1.4745204448699951, 1.6108357906341553, 1.5356329679489136, 1.567466139793396]"
2136.0,2009-03-01T00:00:00.000000000,"[1.3894624710083008, 1.4114645719528198, 1.455468773841858, 1.1914430856704712]","[1.5364813804626465, 1.3671820163726807, 1.467200756072998, 1.3810055255889893]"
2136.0,2009-06-01T00:00:00.000000000,"[1.4114645719528198, 1.455468773841858, 1.1914430856704712, 1.8735092878341675]","[1.4806524515151978, 1.4831781387329102, 1.4048941135406494, 1.5735386610031128]"
2136.0,2009-09-01T00:00:00.000000000,"[1.455468773841858, 1.1914430856704712, 1.8735092878341675, 1.9395159482955933]","[1.6873528957366943, 1.3852274417877197, 1.5825293064117432, 1.5272589921951294]"
2136.0,2009-12-01T00:00:00.000000000,"[1.1914430856704712, 1.8735092878341675, 1.9395159482955933, 1.9835201501846313]","[1.5497767925262451, 1.6615537405014038, 1.605900526046753, 1.56541109085083]"
2136.0,2010-03-01T00:00:00.000000000,"[1.8735092878341675, 1.9395159482955933, 1.9835201501846313, 1.7634987831115723]","[1.2887846231460571, 1.2808678150177002, 1.2824376821517944, 1.2960803508758545]"
2136.0,2010-06-01T00:00:00.000000000,"[1.9395159482955933, 1.9835201501846313, 1.7634987831115723, 1.9395159482955933]","[1.5264015197753906, 1.5064101219177246, 1.5085911750793457, 1.5150704383850098]"
2136.0,2010-09-01T00:00:00.000000000,"[1.9835201501846313, 1.7634987831115723, 1.9395159482955933, 2.0055222511291504]","[1.5768301486968994, 1.5564792156219482, 1.5586446523666382, 1.5666258335113525]"
2136.0,2010-12-01T00:00:00.000000000,"[1.7634987831115723, 1.9395159482955933, 2.0055222511291504, 2.0495264530181885]","[1.8675024509429932, 1.8619959354400635, 1.8889893293380737, 1.8537368774414062]"
2136.0,2011-03-01T00:00:00.000000000,"[1.9395159482955933, 2.0055222511291504, 2.0495264530181885, 1.7855008840560913]","[1.7494516372680664, 1.6634448766708374, 1.6032631397247314, 1.5544312000274658]"
2136.0,2011-06-01T00:00:00.000000000,"[2.0055222511291504, 2.0495264530181885, 1.7855008840560913, 2.071528673171997]","[1.8058160543441772, 1.7315287590026855, 1.6847021579742432, 1.649848222732544]"
2136.0,2011-09-01T00:00:00.000000000,"[2.0495264530181885, 1.7855008840560913, 2.071528673171997, 1.8955113887786865]","[1.8676283359527588, 1.874361276626587, 1.9046895503997803, 1.873497724533081]"
2136.0,2011-12-01T00:00:00.000000000,"[1.7855008840560913, 2.071528673171997, 1.8955113887786865, 2.0495264530181885]","[1.982191562652588, 1.9436397552490234, 1.937672734260559, 1.918094515800476]"
2136.0,2012-03-01T00:00:00.000000000,"[2.071528673171997, 1.8955113887786865, 2.0495264530181885, 1.9615180492401123]","[2.032003164291382, 2.041278839111328, 2.078263282775879, 2.034938335418701]"
2136.0,2012-06-01T00:00:00.000000000,"[1.8955113887786865, 2.0495264530181885, 1.9615180492401123, 2.181539297103882]","[2.079620361328125, 2.0806474685668945, 2.111025333404541, 2.075373649597168]"
2136.0,2012-09-01T00:00:00.000000000,"[2.0495264530181885, 1.9615180492401123, 2.181539297103882, 2.313552141189575]","[2.0780680179595947, 2.0870018005371094, 2.122316598892212, 2.085174560546875]"
2136.0,2012-12-01T00:00:00.000000000,"[1.9615180492401123, 2.181539297103882, 2.313552141189575, 2.4015607833862305]","[2.019805431365967, 2.024854898452759, 2.0517289638519287, 2.0290746688842773]"
2136.0,2013-03-01T00:00:00.000000000,"[2.181539297103882, 2.313552141189575, 2.4015607833862305, 2.181539297103882]","[2.0162854194641113, 1.9756661653518677, 1.960087776184082, 1.9592797756195068]"
2285.0,2006-06-01T00:00:00.000000000,"[4.227738380432129, 4.007717132568359, 4.381753444671631, 3.633680582046509]","[2.9145328998565674, 2.896512508392334, 2.909695625305176, 2.9633255004882812]"
2285.0,2006-09-01T00:00:00.000000000,"[4.007717132568359, 4.381753444671631, 3.633680582046509, 2.8636057376861572]","[3.411669969558716, 3.3680529594421387, 3.382516384124756, 3.431544542312622]"
2285.0,2006-12-01T00:00:00.000000000,"[4.381753444671631, 3.633680582046509, 2.8636057376861572, 4.8437981605529785]","[3.4813406467437744, 3.438523054122925, 3.452568531036377, 3.4987876415252686]"
2285.0,2007-03-01T00:00:00.000000000,"[3.633680582046509, 2.8636057376861572, 4.8437981605529785, 2.819601535797119]","[3.9643824100494385, 3.893547773361206, 3.903585195541382, 3.935275077819824]"
2285.0,2007-06-01T00:00:00.000000000,"[2.8636057376861572, 4.8437981605529785, 2.819601535797119, 3.127631425857544]","[3.647092342376709, 3.536092758178711, 3.482774257659912, 3.517340660095215]"
2285.0,2007-09-01T00:00:00.000000000,"[4.8437981605529785, 2.819601535797119, 3.127631425857544, -1.6688350439071655]","[2.5861542224884033, 2.470393180847168, 2.3394775390625, 2.3933444023132324]"
2285.0,2007-12-01T00:00:00.000000000,"[2.819601535797119, 3.127631425857544, -1.6688350439071655, 7.022010326385498]","[3.782137393951416, 3.7453560829162598, 3.7585947513580322, 3.8072128295898438]"
2285.0,2008-03-01T00:00:00.000000000,"[3.127631425857544, -1.6688350439071655, 7.022010326385498, 4.733787536621094]","[3.2228333950042725, 3.2722272872924805, 3.324475049972534, 3.351670265197754]"
2285.0,2008-06-01T00:00:00.000000000,"[-1.6688350439071655, 7.022010326385498, 4.733787536621094, 3.721689224243164]","[3.03444242477417, 3.072984218597412, 3.104273796081543, 3.169475555419922]"
2285.0,2008-09-01T00:00:00.000000000,"[7.022010326385498, 4.733787536621094, 3.721689224243164, 4.909804821014404]","[1.4207171201705933, 1.602724552154541, 1.7383776903152466, 1.899688959121704]"
2285.0,2008-12-01T00:00:00.000000000,"[4.733787536621094, 3.721689224243164, 4.909804821014404, 5.283841133117676]","[3.5771827697753906, 3.5728516578674316, 3.5903830528259277, 3.6707229614257812]"
2285.0,2009-03-01T00:00:00.000000000,"[3.721689224243164, 4.909804821014404, 5.283841133117676, 6.031913757324219]","[4.253001689910889, 4.246397495269775, 4.293289661407471, 4.3121657371521]"
2285.0,2009-06-01T00:00:00.000000000,"[4.909804821014404, 5.283841133117676, 6.031913757324219, 7.308038234710693]","[3.8777008056640625, 3.900540828704834, 3.9533653259277344, 4.000411510467529]"
2285.0,2009-09-01T00:00:00.000000000,"[5.283841133117676, 6.031913757324219, 7.308038234710693, 6.62597131729126]","[4.415859699249268, 4.470711708068848, 4.57046365737915, 4.5311689376831055]"
2285.0,2009-12-01T00:00:00.000000000,"[6.031913757324219, 7.308038234710693, 6.62597131729126, 7.176024913787842]","[5.006938934326172, 4.926884174346924, 4.941356658935547, 4.98645544052124]"
2285.0,2010-03-01T00:00:00.000000000,"[7.308038234710693, 6.62597131729126, 7.176024913787842, 11.35643196105957]","[5.517467498779297, 5.590029716491699, 5.744742393493652, 5.590099334716797]"
2285.0,2010-06-01T00:00:00.000000000,"[6.62597131729126, 7.176024913787842, 11.35643196105957, 6.2519354820251465]","[6.377162456512451, 6.487544059753418, 6.706829071044922, 6.444182395935059]"
2285.0,2010-09-01T00:00:00.000000000,"[7.176024913787842, 11.35643196105957, 6.2519354820251465, -13.505987167358398]","[5.874987602233887, 5.853350639343262, 5.927157402038574, 5.853971481323242]"
2285.0,2010-12-01T00:00:00.000000000,"[11.35643196105957, 6.2519354820251465, -13.505987167358398, 2.4895694255828857]","[6.251614570617676, 6.166705131530762, 6.194802761077881, 6.090228080749512]"
2285.0,2011-03-01T00:00:00.000000000,"[6.2519354820251465, -13.505987167358398, 2.4895694255828857, -5.827239513397217]","[8.474519729614258, 8.49454116821289, 8.703651428222656, 8.382558822631836]"
2285.0,2011-06-01T00:00:00.000000000,"[-13.505987167358398, 2.4895694255828857, -5.827239513397217, -4.441104888916016]","[7.191469192504883, 7.074830055236816, 7.075470924377441, 6.789736270904541]"
2285.0,2011-09-01T00:00:00.000000000,"[2.4895694255828857, -5.827239513397217, -4.441104888916016, -11.239766120910645]","[0.48547816276550293, 0.8764824867248535, 1.2431950569152832, 1.583884835243225]"
2285.0,2011-12-01T00:00:00.000000000,"[-5.827239513397217, -4.441104888916016, -11.239766120910645, -3.7590384483337402]","[3.6620192527770996, 2.818269968032837, 2.441335916519165, 2.9957733154296875]"
2285.0,2012-03-01T00:00:00.000000000,"[-4.441104888916016, -11.239766120910645, -3.7590384483337402, -9.919637680053711]","[-0.20775675773620605, 0.45842885971069336, 1.13446044921875, 1.5644481182098389]"
2285.0,2012-06-01T00:00:00.000000000,"[-11.239766120910645, -3.7590384483337402, -9.919637680053711, -4.067068576812744]","[0.11412620544433594, 0.7137143611907959, 1.285422444343567, 1.7058857679367065]"
2285.0,2012-09-01T00:00:00.000000000,"[-3.7590384483337402, -9.919637680053711, -4.067068576812744, 0.17934469878673553]","[-2.8219871520996094, -1.8027563095092773, -0.685859203338623, -0.10268211364746094]"
2285.0,2012-12-01T00:00:00.000000000,"[-9.919637680053711, -4.067068576812744, 0.17934469878673553, -2.020869493484497]","[-0.6467726230621338, 0.013621091842651367, 0.6225227117538452, 1.1041492223739624]"
2285.0,2013-03-01T00:00:00.000000000,"[-4.067068576812744, 0.17934469878673553, -2.020869493484497, -17.620386123657227]","[-3.0117857456207275, -2.022710084915161, -0.9817841053009033, -0.37705183029174805]"
2574.0,2006-06-01T00:00:00.000000000,"[-0.31196311116218567, -0.3267045319080353, -0.3414459824562073, -0.37070879340171814]","[-0.39973610639572144, -0.4186038374900818, -0.43477585911750793, -0.43732452392578125]"
2574.0,2006-09-01T00:00:00.000000000,"[-0.3267045319080353, -0.3414459824562073, -0.37070879340171814, -0.28996095061302185]","[-0.3691107928752899, -0.37896132469177246, -0.38512396812438965, -0.3863930106163025]"
2574.0,2006-12-01T00:00:00.000000000,"[-0.3414459824562073, -0.37070879340171814, -0.28996095061302185, -0.31944382190704346]","[-0.35033848881721497, -0.35010313987731934, -0.34638553857803345, -0.3501899242401123]"
2574.0,2007-03-01T00:00:00.000000000,"[-0.37070879340171814, -0.28996095061302185, -0.31944382190704346, -0.3487066924571991]","[-0.3555927276611328, -0.3620762228965759, -0.36482444405555725, -0.36402279138565063]"
2574.0,2007-06-01T00:00:00.000000000,"[-0.28996095061302185, -0.31944382190704346, -0.3487066924571991, -0.4294545352458954]","[-0.37508466839790344, -0.3875294327735901, -0.39758726954460144, -0.39791154861450195]"
2574.0,2007-09-01T00:00:00.000000000,"[-0.31944382190704346, -0.3487066924571991, -0.4294545352458954, -0.35596737265586853]","[-0.33341580629348755, -0.33646467328071594, -0.3354785442352295, -0.33534619212150574]"
2574.0,2007-12-01T00:00:00.000000000,"[-0.3487066924571991, -0.4294545352458954, -0.35596737265586853, -0.3487066924571991]","[-0.3277711272239685, -0.3261539340019226, -0.3213385343551636, -0.32543060183525085]"
2574.0,2008-03-01T00:00:00.000000000,"[-0.4294545352458954, -0.35596737265586853, -0.3487066924571991, -0.3414459824562073]","[-0.34015539288520813, -0.3437007665634155, -0.3444226384162903, -0.34479090571403503]"
2574.0,2008-06-01T00:00:00.000000000,"[-0.35596737265586853, -0.3487066924571991, -0.3414459824562073, -0.3267045319080353]","[-0.3868517577648163, -0.39393851161003113, -0.40096017718315125, -0.39940571784973145]"
2574.0,2008-09-01T00:00:00.000000000,"[-0.3487066924571991, -0.3414459824562073, -0.3267045319080353, -0.23143525421619415]","[-0.37097132205963135, -0.37073397636413574, -0.3698974847793579, -0.36657464504241943]"
2574.0,2008-12-01T00:00:00.000000000,"[-0.3414459824562073, -0.3267045319080353, -0.23143525421619415, -0.3267045319080353]","[-0.3511659502983093, -0.3521973788738251, -0.3515803813934326, -0.3490343987941742]"
2574.0,2009-03-01T00:00:00.000000000,"[-0.3267045319080353, -0.23143525421619415, -0.3267045319080353, -0.23143525421619415]","[-0.34966784715652466, -0.35048264265060425, -0.3498367369174957, -0.34737226366996765]"
2574.0,2009-06-01T00:00:00.000000000,"[-0.23143525421619415, -0.3267045319080353, -0.23143525421619415, -0.12868529558181763]","[-0.3382512331008911, -0.3413015604019165, -0.3423897325992584, -0.3408450484275818]"
2574.0,2009-09-01T00:00:00.000000000,"[-0.3267045319080353, -0.23143525421619415, -0.12868529558181763, 0.04007112979888916]","[-0.29542452096939087, -0.29924488067626953, -0.29886555671691895, -0.29794785380363464]"
2574.0,2009-12-01T00:00:00.000000000,"[-0.23143525421619415, -0.12868529558181763, 0.04007112979888916, 0.06933397799730301]","[-0.3188208341598511, -0.32425063848495483, -0.3272378146648407, -0.3265981674194336]"
2574.0,2010-03-01T00:00:00.000000000,"[-0.12868529558181763, 0.04007112979888916, 0.06933397799730301, 0.04007112979888916]","[-0.2860836386680603, -0.2881565988063812, -0.2865730822086334, -0.2874408960342407]"
2574.0,2010-06-01T00:00:00.000000000,"[0.04007112979888916, 0.06933397799730301, 0.04007112979888916, 0.047331858426332474]","[-0.23961511254310608, -0.24184851348400116, -0.23870007693767548, -0.24293941259384155]"
2574.0,2010-09-01T00:00:00.000000000,"[0.06933397799730301, 0.04007112979888916, 0.047331858426332474, 0.09133616089820862]","[-0.1720556616783142, -0.17206168174743652, -0.16473393142223358, -0.17426162958145142]"
2574.0,2010-12-01T00:00:00.000000000,"[0.04007112979888916, 0.047331858426332474, 0.09133616089820862, 0.09133616089820862]","[-0.11458763480186462, -0.1303756982088089, -0.1371244341135025, -0.15833309292793274]"
2574.0,2011-03-01T00:00:00.000000000,"[0.047331858426332474, 0.09133616089820862, 0.09133616089820862, 0.025329740718007088]","[-0.15336552262306213, -0.19239622354507446, -0.22496962547302246, -0.24716435372829437]"
2574.0,2011-06-01T00:00:00.000000000,"[0.09133616089820862, 0.09133616089820862, 0.025329740718007088, 0.03259040787816048]","[-0.15049505233764648, -0.19898423552513123, -0.24183708429336548, -0.26611629128456116]"
2574.0,2011-09-01T00:00:00.000000000,"[0.09133616089820862, 0.025329740718007088, 0.03259040787816048, -0.22395452857017517]","[-0.013601750135421753, -0.01108124852180481, 0.0013088583946228027, -0.023749500513076782]"
2574.0,2011-12-01T00:00:00.000000000,"[0.025329740718007088, 0.03259040787816048, -0.22395452857017517, 0.003327556187286973]","[-0.03360508382320404, -0.04185134172439575, -0.04223234951496124, -0.06694629788398743]"
2574.0,2012-03-01T00:00:00.000000000,"[0.03259040787816048, -0.22395452857017517, 0.003327556187286973, 0.06207331269979477]","[-0.06627801060676575, -0.09712672233581543, -0.12132170796394348, -0.14182277023792267]"
2574.0,2012-06-01T00:00:00.000000000,"[-0.22395452857017517, 0.003327556187286973, 0.06207331269979477, -0.018674563616514206]","[-0.05658446252346039, -0.08550260961055756, -0.10778327286243439, -0.12398326396942139]"
2574.0,2012-09-01T00:00:00.000000000,"[0.003327556187286973, 0.06207331269979477, -0.018674563616514206, 0.15734252333641052]","[-0.19437718391418457, -0.2563822269439697, -0.31823524832725525, -0.32809779047966003]"
2574.0,2012-12-01T00:00:00.000000000,"[0.06207331269979477, -0.018674563616514206, 0.15734252333641052, 0.2453511357307434]","[-0.053717240691185, -0.06098015606403351, -0.063006192445755, -0.07148109376430511]"
2574.0,2013-03-01T00:00:00.000000000,"[-0.018674563616514206, 0.15734252333641052, 0.2453511357307434, 0.2233489453792572]","[0.021753236651420593, 0.01515604555606842, 0.018679052591323853, 0.01754152774810791]"
2817.0,2006-06-01T00:00:00.000000000,"[3.017620801925659, 3.083627223968506, 2.269547939300537, 3.083627223968506]","[2.24615740776062, 2.305947780609131, 2.3292057514190674, 2.4225268363952637]"
2817.0,2006-09-01T00:00:00.000000000,"[3.083627223968506, 2.269547939300537, 3.083627223968506, 2.0935308933258057]","[3.1195316314697266, 3.1167588233947754, 3.1299889087677, 3.180449962615967]"
2817.0,2006-12-01T00:00:00.000000000,"[2.269547939300537, 3.083627223968506, 2.0935308933258057, 0.9494196176528931]","[3.268765687942505, 3.2575316429138184, 3.268779754638672, 3.3112521171569824]"
2817.0,2007-03-01T00:00:00.000000000,"[3.083627223968506, 2.0935308933258057, 0.9494196176528931, 0.9274174571037292]","[2.636178970336914, 2.672698974609375, 2.688880205154419, 2.758368968963623]"
2817.0,2007-06-01T00:00:00.000000000,"[2.0935308933258057, 0.9494196176528931, 0.9274174571037292, 0.7734025120735168]","[2.886417865753174, 2.906371593475342, 2.9201810359954834, 2.978517532348633]"
2817.0,2007-09-01T00:00:00.000000000,"[0.9494196176528931, 0.9274174571037292, 0.7734025120735168, 1.6974923610687256]","[2.5914559364318848, 2.632485866546631, 2.6487903594970703, 2.7199442386627197]"
2817.0,2007-12-01T00:00:00.000000000,"[0.9274174571037292, 0.7734025120735168, 1.6974923610687256, 1.1694409847259521]","[1.62809157371521, 1.790123701095581, 1.9436519145965576, 2.0589704513549805]"
2817.0,2008-03-01T00:00:00.000000000,"[0.7734025120735168, 1.6974923610687256, 1.1694409847259521, 1.125436782836914]","[1.5990651845932007, 1.7604458332061768, 1.9107872247695923, 2.0270867347717285]"
2817.0,2008-06-01T00:00:00.000000000,"[1.6974923610687256, 1.1694409847259521, 1.125436782836914, 2.115532875061035]","[1.3992929458618164, 1.5872889757156372, 1.772953748703003, 1.8989148139953613]"
2817.0,2008-09-01T00:00:00.000000000,"[1.1694409847259521, 1.125436782836914, 2.115532875061035, 2.577577829360962]","[1.9787101745605469, 2.0758726596832275, 2.134603261947632, 2.233361005783081]"
2817.0,2008-12-01T00:00:00.000000000,"[1.125436782836914, 2.115532875061035, 2.577577829360962, 3.5896763801574707]","[1.8903303146362305, 1.9965057373046875, 2.066848039627075, 2.169193983078003]"
2817.0,2009-03-01T00:00:00.000000000,"[2.115532875061035, 2.577577829360962, 3.5896763801574707, 4.051721572875977]","[1.5383269786834717, 1.693081021308899, 1.8303017616271973, 1.9481068849563599]"
2817.0,2009-06-01T00:00:00.000000000,"[2.577577829360962, 3.5896763801574707, 4.051721572875977, 5.503862380981445]","[1.8637784719467163, 1.9662750959396362, 2.0301995277404785, 2.1325113773345947]"
2817.0,2009-09-01T00:00:00.000000000,"[3.5896763801574707, 4.051721572875977, 5.503862380981445, 5.833894729614258]","[2.4381487369537354, 2.4803214073181152, 2.4979770183563232, 2.574476957321167]"
2817.0,2009-12-01T00:00:00.000000000,"[4.051721572875977, 5.503862380981445, 5.833894729614258, 5.5918707847595215]","[3.1904678344726562, 3.179271697998047, 3.1902332305908203, 3.233558416366577]"
2817.0,2010-03-01T00:00:00.000000000,"[5.503862380981445, 5.833894729614258, 5.5918707847595215, 4.909804821014404]","[3.901803493499756, 3.8444368839263916, 3.851832389831543, 3.8726963996887207]"
2817.0,2010-06-01T00:00:00.000000000,"[5.833894729614258, 5.5918707847595215, 4.909804821014404, 5.76788854598999]","[4.553906440734863, 4.459113121032715, 4.460700511932373, 4.460751533508301]"
2817.0,2010-09-01T00:00:00.000000000,"[5.5918707847595215, 4.909804821014404, 5.76788854598999, 5.525864601135254]","[4.718821048736572, 4.554323196411133, 4.4825286865234375, 4.416866302490234]"
2817.0,2010-12-01T00:00:00.000000000,"[4.909804821014404, 5.76788854598999, 5.525864601135254, 5.151828289031982]","[4.691521644592285, 4.558783054351807, 4.497457981109619, 4.381302833557129]"
2817.0,2011-03-01T00:00:00.000000000,"[5.76788854598999, 5.525864601135254, 5.151828289031982, 5.085822105407715]","[4.355099678039551, 3.9816606044769287, 3.666412591934204, 3.5575056076049805]"
2817.0,2011-06-01T00:00:00.000000000,"[5.525864601135254, 5.151828289031982, 5.085822105407715, 2.819601535797119]","[4.664389133453369, 4.334472179412842, 4.073411464691162, 3.9933602809906006]"
2817.0,2011-09-01T00:00:00.000000000,"[5.151828289031982, 5.085822105407715, 2.819601535797119, 1.5654793977737427]","[4.461422920227051, 4.294670581817627, 4.173282623291016, 4.1748552322387695]"
2817.0,2011-12-01T00:00:00.000000000,"[5.085822105407715, 2.819601535797119, 1.5654793977737427, 2.2475459575653076]","[4.8766961097717285, 4.589174270629883, 4.359187126159668, 4.216588973999023]"
2817.0,2012-03-01T00:00:00.000000000,"[2.819601535797119, 1.5654793977737427, 2.2475459575653076, 3.963712453842163]","[4.3594441413879395, 3.897747755050659, 3.4752070903778076, 3.4176480770111084]"
2817.0,2012-06-01T00:00:00.000000000,"[1.5654793977737427, 2.2475459575653076, 3.963712453842163, 5.61387300491333]","[3.358153820037842, 2.943904399871826, 2.505202054977417, 2.4910686016082764]"
2817.0,2012-09-01T00:00:00.000000000,"[2.2475459575653076, 3.963712453842163, 5.61387300491333, 5.019815444946289]","[2.636348247528076, 2.7985496520996094, 2.935500144958496, 3.078198194503784]"
2817.0,2012-12-01T00:00:00.000000000,"[3.963712453842163, 5.61387300491333, 5.019815444946289, 5.151828289031982]","[2.5700364112854004, 2.7267374992370605, 2.8457250595092773, 2.9825220108032227]"
2817.0,2013-03-01T00:00:00.000000000,"[5.61387300491333, 5.019815444946289, 5.151828289031982, 5.217834949493408]","[3.716357707977295, 3.754864454269409, 3.7821476459503174, 3.874669313430786]"
2968.0,2006-06-01T00:00:00.000000000,"[2.5115716457366943, 2.2915501594543457, 1.9175138473510742, 2.4895694255828857]","[2.0169520378112793, 1.8874255418777466, 1.7737915515899658, 1.773210883140564]"
2968.0,2006-09-01T00:00:00.000000000,"[2.2915501594543457, 1.9175138473510742, 2.4895694255828857, 2.6875884532928467]","[2.327892780303955, 2.3067331314086914, 2.314368963241577, 2.3384780883789062]"
2968.0,2006-12-01T00:00:00.000000000,"[1.9175138473510742, 2.4895694255828857, 2.6875884532928467, 2.9956183433532715]","[2.309572696685791, 2.2922558784484863, 2.300121784210205, 2.328174114227295]"
2968.0,2007-03-01T00:00:00.000000000,"[2.4895694255828857, 2.6875884532928467, 2.9956183433532715, 2.2035415172576904]","[2.185314416885376, 2.1952638626098633, 2.217162847518921, 2.2339234352111816]"
2968.0,2007-06-01T00:00:00.000000000,"[2.6875884532928467, 2.9956183433532715, 2.2035415172576904, 2.269547939300537]","[2.3532090187072754, 2.354579210281372, 2.3761703968048096, 2.3871514797210693]"
2968.0,2007-09-01T00:00:00.000000000,"[2.9956183433532715, 2.2035415172576904, 2.269547939300537, 2.7095906734466553]","[2.4164743423461914, 2.3995957374572754, 2.4076056480407715, 2.436554193496704]"
2968.0,2007-12-01T00:00:00.000000000,"[2.2035415172576904, 2.269547939300537, 2.7095906734466553, 2.775597333908081]","[2.739201784133911, 2.7028350830078125, 2.7088027000427246, 2.726897716522217]"
2968.0,2008-03-01T00:00:00.000000000,"[2.269547939300537, 2.7095906734466553, 2.775597333908081, 2.775597333908081]","[2.5457210540771484, 2.525585651397705, 2.5335702896118164, 2.5598461627960205]"
2968.0,2008-06-01T00:00:00.000000000,"[2.7095906734466553, 2.775597333908081, 2.775597333908081, 2.929612159729004]","[2.4930849075317383, 2.476229667663574, 2.4840073585510254, 2.5127153396606445]"
2968.0,2008-09-01T00:00:00.000000000,"[2.775597333908081, 2.775597333908081, 2.929612159729004, 3.0616250038146973]","[2.6488115787506104, 2.637080192565918, 2.656479597091675, 2.6700279712677]"
2968.0,2008-12-01T00:00:00.000000000,"[2.775597333908081, 2.929612159729004, 3.0616250038146973, 3.171635627746582]","[2.662998676300049, 2.667059898376465, 2.6961827278137207, 2.6887502670288086]"
2968.0,2009-03-01T00:00:00.000000000,"[2.929612159729004, 3.0616250038146973, 3.171635627746582, 3.171635627746582]","[3.1725211143493652, 3.1506404876708984, 3.1839065551757812, 3.154175281524658]"
2968.0,2009-06-01T00:00:00.000000000,"[3.0616250038146973, 3.171635627746582, 3.171635627746582, 4.271742820739746]","[3.2373220920562744, 3.2193470001220703, 3.2560195922851562, 3.222043514251709]"
2968.0,2009-09-01T00:00:00.000000000,"[3.171635627746582, 3.171635627746582, 4.271742820739746, 4.337749004364014]","[2.94419527053833, 2.912665367126465, 2.919104814529419, 2.940483331680298]"
2968.0,2009-12-01T00:00:00.000000000,"[3.171635627746582, 4.271742820739746, 4.337749004364014, 4.447759628295898]","[3.185795783996582, 3.1573646068573, 3.1753718852996826, 3.169145107269287]"
2968.0,2010-03-01T00:00:00.000000000,"[4.271742820739746, 4.337749004364014, 4.447759628295898, 3.6556828022003174]","[3.1062850952148438, 3.1141109466552734, 3.1542916297912598, 3.1227502822875977]"
2968.0,2010-06-01T00:00:00.000000000,"[4.337749004364014, 4.447759628295898, 3.6556828022003174, 5.129826545715332]","[3.538209915161133, 3.5446834564208984, 3.6003165245056152, 3.532536029815674]"
2968.0,2010-09-01T00:00:00.000000000,"[4.447759628295898, 3.6556828022003174, 5.129826545715332, 4.82179594039917]","[3.5295655727386475, 3.5262856483459473, 3.567453622817993, 3.5207791328430176]"
2968.0,2010-12-01T00:00:00.000000000,"[3.6556828022003174, 5.129826545715332, 4.82179594039917, 5.1958327293396]","[3.8316750526428223, 3.8490588665008545, 3.9177346229553223, 3.834941864013672]"
2968.0,2011-03-01T00:00:00.000000000,"[5.129826545715332, 4.82179594039917, 5.1958327293396, 4.953808784484863]","[3.673797130584717, 3.584845542907715, 3.536004066467285, 3.4260785579681396]"
2968.0,2011-06-01T00:00:00.000000000,"[4.82179594039917, 5.1958327293396, 4.953808784484863, 1.0154259204864502]","[4.264252662658691, 4.266397476196289, 4.333345890045166, 4.236307144165039]"
2968.0,2011-09-01T00:00:00.000000000,"[5.1958327293396, 4.953808784484863, 1.0154259204864502, 2.335554361343384]","[4.191249370574951, 4.160290718078613, 4.187979698181152, 4.126492500305176]"
2968.0,2011-12-01T00:00:00.000000000,"[4.953808784484863, 1.0154259204864502, 2.335554361343384, 5.723884105682373]","[4.167620658874512, 4.134896278381348, 4.149548053741455, 4.084807395935059]"
2968.0,2012-03-01T00:00:00.000000000,"[1.0154259204864502, 2.335554361343384, 5.723884105682373, 7.638070106506348]","[4.073796272277832, 3.758359432220459, 3.4879329204559326, 3.360097646713257]"
2968.0,2012-06-01T00:00:00.000000000,"[2.335554361343384, 5.723884105682373, 7.638070106506348, 9.398241996765137]","[2.433145523071289, 2.114717960357666, 1.746767520904541, 1.7378406524658203]"
2968.0,2012-09-01T00:00:00.000000000,"[5.723884105682373, 7.638070106506348, 9.398241996765137, 7.616067886352539]","[2.838609457015991, 2.890197515487671, 2.9097068309783936, 2.991405963897705]"
2968.0,2012-12-01T00:00:00.000000000,"[7.638070106506348, 9.398241996765137, 7.616067886352539, 7.528059482574463]","[4.2608208656311035, 4.251915454864502, 4.324543476104736, 4.328624725341797]"
2968.0,2013-03-01T00:00:00.000000000,"[9.398241996765137, 7.616067886352539, 7.528059482574463, 6.62597131729126]","[4.908878326416016, 4.844258785247803, 4.852657318115234, 4.874561309814453]"
2991.0,2006-06-01T00:00:00.000000000,"[5.855896949768066, 5.789890289306641, 3.369654893875122, 0.9714217185974121]","[5.10189151763916, 5.1434125900268555, 5.16636848449707, 5.26308012008667]"
2991.0,2006-09-01T00:00:00.000000000,"[5.789890289306641, 3.369654893875122, 0.9714217185974121, 1.4334666728973389]","[5.277024269104004, 5.309356689453125, 5.328784465789795, 5.41318941116333]"
2991.0,2006-12-01T00:00:00.000000000,"[3.369654893875122, 0.9714217185974121, 1.4334666728973389, 1.6974923610687256]","[5.738676071166992, 5.744025707244873, 5.764512062072754, 5.843887805938721]"
2991.0,2007-03-01T00:00:00.000000000,"[0.9714217185974121, 1.4334666728973389, 1.6974923610687256, -0.12868529558181763]","[4.693074703216553, 4.790928363800049, 4.856927394866943, 4.983890533447266]"
2991.0,2007-06-01T00:00:00.000000000,"[1.4334666728973389, 1.6974923610687256, -0.12868529558181763, -0.942764401435852]","[3.2932419776916504, 3.5713536739349365, 3.847865343093872, 4.032534122467041]"
2991.0,2007-09-01T00:00:00.000000000,"[1.6974923610687256, -0.12868529558181763, -0.942764401435852, 0.06933397799730301]","[3.278238296508789, 3.550828218460083, 3.8146817684173584, 4.002164363861084]"
2991.0,2007-12-01T00:00:00.000000000,"[-0.12868529558181763, -0.942764401435852, 0.06933397799730301, 0.37736397981643677]","[2.912506103515625, 3.2325735092163086, 3.558650016784668, 3.76408052444458]"
2991.0,2008-03-01T00:00:00.000000000,"[-0.942764401435852, 0.06933397799730301, 0.37736397981643677, -0.23869597911834717]","[2.3322184085845947, 2.733133316040039, 3.162984848022461, 3.400949001312256]"
2991.0,2008-06-01T00:00:00.000000000,"[0.06933397799730301, 0.37736397981643677, -0.23869597911834717, 2.0055222511291504]","[1.808654546737671, 2.2785587310791016, 2.7929563522338867, 3.062307119369507]"
2991.0,2008-09-01T00:00:00.000000000,"[0.37736397981643677, -0.23869597911834717, 2.0055222511291504, 1.301453948020935]","[2.2436485290527344, 2.6322078704833984, 3.0261073112487793, 3.2772650718688965]"
2991.0,2008-12-01T00:00:00.000000000,"[-0.23869597911834717, 2.0055222511291504, 1.301453948020935, 1.1694409847259521]","[2.734822988510132, 3.036564350128174, 3.3039867877960205, 3.533804416656494]"
2991.0,2009-03-01T00:00:00.000000000,"[2.0055222511291504, 1.301453948020935, 1.1694409847259521, 0.8834132552146912]","[1.8501601219177246, 2.2732253074645996, 2.7031142711639404, 2.9756641387939453]"
2991.0,2009-06-01T00:00:00.000000000,"[1.301453948020935, 1.1694409847259521, 0.8834132552146912, 3.479665517807007]","[2.328671455383301, 2.6666250228881836, 2.976656675338745, 3.224547863006592]"
2991.0,2009-09-01T00:00:00.000000000,"[1.1694409847259521, 0.8834132552146912, 3.479665517807007, 3.21563982963562]","[2.7270472049713135, 2.9852893352508545, 3.1829872131347656, 3.4078569412231445]"
2991.0,2009-12-01T00:00:00.000000000,"[0.8834132552146912, 3.479665517807007, 3.21563982963562, 3.9417104721069336]","[2.1789238452911377, 2.491472005844116, 2.7685413360595703, 3.0065269470214844]"
2991.0,2010-03-01T00:00:00.000000000,"[3.479665517807007, 3.21563982963562, 3.9417104721069336, 3.5896763801574707]","[1.7613896131515503, 2.126598834991455, 2.4745888710021973, 2.730759859085083]"
2991.0,2010-06-01T00:00:00.000000000,"[3.21563982963562, 3.9417104721069336, 3.5896763801574707, 2.3575565814971924]","[2.9532651901245117, 3.1439404487609863, 3.2510557174682617, 3.4522202014923096]"
2991.0,2010-09-01T00:00:00.000000000,"[3.9417104721069336, 3.5896763801574707, 2.3575565814971924, 3.1936378479003906]","[3.3125720024108887, 3.454599618911743, 3.4953396320343018, 3.679689884185791]"
2991.0,2010-12-01T00:00:00.000000000,"[3.5896763801574707, 2.3575565814971924, 3.1936378479003906, 2.7095906734466553]","[4.044903755187988, 4.135913372039795, 4.174675941467285, 4.339087009429932]"
2991.0,2011-03-01T00:00:00.000000000,"[2.3575565814971924, 3.1936378479003906, 2.7095906734466553, 2.577577829360962]","[3.0737807750701904, 3.3075814247131348, 3.531172275543213, 3.7511658668518066]"
2991.0,2011-06-01T00:00:00.000000000,"[3.1936378479003906, 2.7095906734466553, 2.577577829360962, 2.1375350952148438]","[2.2792694568634033, 2.5936152935028076, 2.890393018722534, 3.1337599754333496]"
2991.0,2011-09-01T00:00:00.000000000,"[2.7095906734466553, 2.577577829360962, 2.1375350952148438, -4.1990814208984375]","[3.254770517349243, 3.3954050540924072, 3.4357850551605225, 3.6190850734710693]"
2991.0,2011-12-01T00:00:00.000000000,"[2.577577829360962, 2.1375350952148438, -4.1990814208984375, -0.45871737599372864]","[3.233640670776367, 3.3746650218963623, 3.4153125286102295, 3.5989701747894287]"
2991.0,2012-03-01T00:00:00.000000000,"[2.1375350952148438, -4.1990814208984375, -0.45871737599372864, -0.722743034362793]","[2.807008743286133, 3.0042922496795654, 3.1228508949279785, 3.3230559825897217]"
2991.0,2012-06-01T00:00:00.000000000,"[-4.1990814208984375, -0.45871737599372864, -0.722743034362793, 1.279451608657837]","[2.5962634086608887, 2.80859375, 2.950742244720459, 3.1540215015411377]"
2991.0,2012-09-01T00:00:00.000000000,"[-0.45871737599372864, -0.722743034362793, 1.279451608657837, 3.0616250038146973]","[0.44651031494140625, 0.946871280670166, 1.4783556461334229, 1.7798587083816528]"
2991.0,2012-12-01T00:00:00.000000000,"[-0.722743034362793, 1.279451608657837, 3.0616250038146973, 5.811892509460449]","[1.3416483402252197, 1.6650511026382446, 1.9542933702468872, 2.1982383728027344]"
2991.0,2013-03-01T00:00:00.000000000,"[1.279451608657837, 3.0616250038146973, 5.811892509460449, 4.931806564331055]","[0.5434427261352539, 0.9671933650970459, 1.3938742876052856, 1.6703953742980957]"
3062.0,2006-06-01T00:00:00.000000000,"[0.9714217185974121, 1.0154259204864502, 1.1914430856704712, 1.1694409847259521]","[0.6663604974746704, 0.6411888003349304, 0.6239046454429626, 0.6081134676933289]"
3062.0,2006-09-01T00:00:00.000000000,"[1.0154259204864502, 1.1914430856704712, 1.1694409847259521, 1.1914430856704712]","[0.8234081864356995, 0.8198932409286499, 0.8305712938308716, 0.8059742450714111]"
3062.0,2006-12-01T00:00:00.000000000,"[1.1914430856704712, 1.1694409847259521, 1.1914430856704712, 1.3454581499099731]","[0.8747479319572449, 0.8655593395233154, 0.871396541595459, 0.8378275632858276]"
3062.0,2007-03-01T00:00:00.000000000,"[1.1694409847259521, 1.1914430856704712, 1.3454581499099731, 1.5654793977737427]","[0.9310214519500732, 0.9280350208282471, 0.9398189783096313, 0.8981715440750122]"
3062.0,2007-06-01T00:00:00.000000000,"[1.1914430856704712, 1.3454581499099731, 1.5654793977737427, 1.6094835996627808]","[0.9503543376922607, 0.9248058795928955, 0.9147964715957642, 0.8761990666389465]"
3062.0,2007-09-01T00:00:00.000000000,"[1.3454581499099731, 1.5654793977737427, 1.6094835996627808, 1.6754902601242065]","[0.8121370077133179, 0.7039998769760132, 0.6069115996360779, 0.5790029764175415]"
3062.0,2007-12-01T00:00:00.000000000,"[1.5654793977737427, 1.6094835996627808, 1.6754902601242065, 2.071528673171997]","[0.9111708402633667, 0.8080532550811768, 0.7192683815956116, 0.6884124875068665]"
3062.0,2008-03-01T00:00:00.000000000,"[1.6094835996627808, 1.6754902601242065, 2.071528673171997, 1.7855008840560913]","[1.2388064861297607, 1.2461106777191162, 1.2769914865493774, 1.2311921119689941]"
3062.0,2008-06-01T00:00:00.000000000,"[1.6754902601242065, 2.071528673171997, 1.7855008840560913, 1.7414965629577637]","[1.2272624969482422, 1.158935546875, 1.1138579845428467, 1.0600439310073853]"
3062.0,2008-09-01T00:00:00.000000000,"[2.071528673171997, 1.7855008840560913, 1.7414965629577637, 0.9494196176528931]","[1.1933715343475342, 1.0611337423324585, 0.9481918811798096, 0.872951090335846]"
3062.0,2008-12-01T00:00:00.000000000,"[1.7855008840560913, 1.7414965629577637, 0.9494196176528931, 2.4895694255828857]","[1.4050908088684082, 1.2837581634521484, 1.188916802406311, 1.1045215129852295]"
3062.0,2009-03-01T00:00:00.000000000,"[1.7414965629577637, 0.9494196176528931, 2.4895694255828857, 2.181539297103882]","[1.503676176071167, 1.394029140472412, 1.3153321743011475, 1.2477247714996338]"
3062.0,2009-06-01T00:00:00.000000000,"[0.9494196176528931, 2.4895694255828857, 2.181539297103882, 2.313552141189575]","[1.6065248250961304, 1.563637137413025, 1.5481836795806885, 1.4589951038360596]"
3062.0,2009-09-01T00:00:00.000000000,"[2.4895694255828857, 2.181539297103882, 2.313552141189575, 3.1936378479003906]","[1.2242995500564575, 1.1395150423049927, 1.0634410381317139, 1.0125890970230103]"
3062.0,2009-12-01T00:00:00.000000000,"[2.181539297103882, 2.313552141189575, 3.1936378479003906, 3.5456719398498535]","[1.8948274850845337, 1.899666428565979, 1.9448845386505127, 1.8864253759384155]"
3062.0,2010-03-01T00:00:00.000000000,"[2.313552141189575, 3.1936378479003906, 3.5456719398498535, 3.171635627746582]","[1.8800082206726074, 1.8502986431121826, 1.8626630306243896, 1.8468440771102905]"
3062.0,2010-06-01T00:00:00.000000000,"[3.1936378479003906, 3.5456719398498535, 3.171635627746582, 3.3476529121398926]","[2.078502655029297, 2.112335681915283, 2.18375825881958, 2.0947587490081787]"
3062.0,2010-09-01T00:00:00.000000000,"[3.5456719398498535, 3.171635627746582, 3.3476529121398926, 3.8537018299102783]","[2.603065013885498, 2.637566566467285, 2.7308216094970703, 2.597872495651245]"
3062.0,2010-12-01T00:00:00.000000000,"[3.171635627746582, 3.3476529121398926, 3.8537018299102783, 4.403755187988281]","[2.9013681411743164, 2.9333114624023438, 3.033397674560547, 2.890516757965088]"
3062.0,2011-03-01T00:00:00.000000000,"[3.3476529121398926, 3.8537018299102783, 4.403755187988281, 4.2937445640563965]","[2.771780014038086, 2.819359064102173, 2.9184489250183105, 2.7827744483947754]"
3062.0,2011-06-01T00:00:00.000000000,"[3.8537018299102783, 4.403755187988281, 4.2937445640563965, 4.051721572875977]","[2.4002509117126465, 2.1373963356018066, 1.9171472787857056, 1.8061481714248657]"
3062.0,2011-09-01T00:00:00.000000000,"[4.403755187988281, 4.2937445640563965, 4.051721572875977, 2.269547939300537]","[2.8104758262634277, 2.663776397705078, 2.570814609527588, 2.4658634662628174]"
3062.0,2011-12-01T00:00:00.000000000,"[4.2937445640563965, 4.051721572875977, 2.269547939300537, 5.415853977203369]","[3.1854143142700195, 3.0519826412200928, 2.9858615398406982, 2.8866209983825684]"
3062.0,2012-03-01T00:00:00.000000000,"[4.051721572875977, 2.269547939300537, 5.415853977203369, 5.063819408416748]","[3.5353715419769287, 3.5631227493286133, 3.6541056632995605, 3.5022873878479004]"
3062.0,2012-06-01T00:00:00.000000000,"[2.269547939300537, 5.415853977203369, 5.063819408416748, 4.513765811920166]","[3.0936174392700195, 2.80070161819458, 2.5527431964874268, 2.3891279697418213]"
3062.0,2012-09-01T00:00:00.000000000,"[5.415853977203369, 5.063819408416748, 4.513765811920166, 4.733787536621094]","[2.4457316398620605, 2.1250133514404297, 1.8139641284942627, 1.7230664491653442]"
3062.0,2012-12-01T00:00:00.000000000,"[5.063819408416748, 4.513765811920166, 4.733787536621094, 6.1419243812561035]","[3.867246389389038, 3.8501791954040527, 3.9069221019744873, 3.842639684677124]"
3062.0,2013-03-01T00:00:00.000000000,"[4.513765811920166, 4.733787536621094, 6.1419243812561035, 5.371849536895752]","[4.105903148651123, 4.053822994232178, 4.0868916511535645, 4.057215213775635]"
3144.0,2006-06-01T00:00:00.000000000,"[0.7073960304260254, 0.4653724431991577, 0.26735323667526245, 0.35536178946495056]","[0.3655417561531067, 0.3646271228790283, 0.3663545846939087, 0.37241029739379883]"
3144.0,2006-09-01T00:00:00.000000000,"[0.4653724431991577, 0.26735323667526245, 0.35536178946495056, 0.6853939294815063]","[0.49174124002456665, 0.4823920726776123, 0.4838006794452667, 0.4883755147457123]"
3144.0,2006-12-01T00:00:00.000000000,"[0.26735323667526245, 0.35536178946495056, 0.6853939294815063, 0.42136821150779724]","[0.49257779121398926, 0.48423635959625244, 0.485736608505249, 0.49062424898147583]"
3144.0,2007-03-01T00:00:00.000000000,"[0.35536178946495056, 0.6853939294815063, 0.42136821150779724, 0.13534040749073029]","[0.4116736054420471, 0.4173488914966583, 0.42545878887176514, 0.4252844452857971]"
3144.0,2007-06-01T00:00:00.000000000,"[0.6853939294815063, 0.42136821150779724, 0.13534040749073029, 0.2893553674221039]","[0.3858611583709717, 0.38634079694747925, 0.38828909397125244, 0.39693766832351685]"
3144.0,2007-09-01T00:00:00.000000000,"[0.42136821150779724, 0.13534040749073029, 0.2893553674221039, 0.6193875670433044]","[0.5107964873313904, 0.5041242837905884, 0.5046732425689697, 0.5095160007476807]"
3144.0,2007-12-01T00:00:00.000000000,"[0.13534040749073029, 0.2893553674221039, 0.6193875670433044, 0.37736397981643677]","[0.44881898164749146, 0.44724640250205994, 0.44951391220092773, 0.4581388235092163]"
3144.0,2008-03-01T00:00:00.000000000,"[0.2893553674221039, 0.6193875670433044, 0.37736397981643677, 0.11333828419446945]","[0.34034064412117004, 0.34959983825683594, 0.3601376712322235, 0.37386247515678406]"
3144.0,2008-06-01T00:00:00.000000000,"[0.6193875670433044, 0.37736397981643677, 0.11333828419446945, 0.2453511357307434]","[0.36633890867233276, 0.35146960616111755, 0.34985843300819397, 0.3689134120941162]"
3144.0,2008-09-01T00:00:00.000000000,"[0.37736397981643677, 0.11333828419446945, 0.2453511357307434, 0.5973852872848511]","[0.4351009428501129, 0.4363035261631012, 0.4391511082649231, 0.4500788450241089]"
3144.0,2008-12-01T00:00:00.000000000,"[0.11333828419446945, 0.2453511357307434, 0.5973852872848511, 0.3993660807609558]","[0.446236789226532, 0.44694623351097107, 0.44959890842437744, 0.4597567319869995]"
3144.0,2009-03-01T00:00:00.000000000,"[0.2453511357307434, 0.5973852872848511, 0.3993660807609558, 0.15734252333641052]","[0.30425965785980225, 0.31963273882865906, 0.33393436670303345, 0.34953656792640686]"
3144.0,2009-06-01T00:00:00.000000000,"[0.5973852872848511, 0.3993660807609558, 0.15734252333641052, 0.33335965871810913]","[0.30743351578712463, 0.31699255108833313, 0.3266602158546448, 0.3433971405029297]"
3144.0,2009-09-01T00:00:00.000000000,"[0.3993660807609558, 0.15734252333641052, 0.33335965871810913, 0.6413896679878235]","[0.3911164104938507, 0.39645567536354065, 0.3987988531589508, 0.409475713968277]"
3144.0,2009-12-01T00:00:00.000000000,"[0.15734252333641052, 0.33335965871810913, 0.6413896679878235, 0.575383186340332]","[0.4596247375011444, 0.46044421195983887, 0.46299439668655396, 0.47277528047561646]"
3144.0,2010-03-01T00:00:00.000000000,"[0.33335965871810913, 0.6413896679878235, 0.575383186340332, 0.2453511357307434]","[0.2794056534767151, 0.3015013039112091, 0.32560041546821594, 0.3436492085456848]"
3144.0,2010-06-01T00:00:00.000000000,"[0.6413896679878235, 0.575383186340332, 0.2453511357307434, 0.35536178946495056]","[0.32756468653678894, 0.3441646993160248, 0.3604673147201538, 0.37571442127227783]"
3144.0,2010-09-01T00:00:00.000000000,"[0.575383186340332, 0.2453511357307434, 0.35536178946495056, 0.6853939294815063]","[0.45829564332962036, 0.45530450344085693, 0.4643680155277252, 0.4804497957229614]"
3144.0,2010-12-01T00:00:00.000000000,"[0.2453511357307434, 0.35536178946495056, 0.6853939294815063, 0.5313789248466492]","[0.526584267616272, 0.5243159532546997, 0.5261957049369812, 0.5331618785858154]"
3144.0,2011-03-01T00:00:00.000000000,"[0.35536178946495056, 0.6853939294815063, 0.5313789248466492, 0.26735323667526245]","[0.41055968403816223, 0.42001333832740784, 0.4304329752922058, 0.4423429071903229]"
3144.0,2011-06-01T00:00:00.000000000,"[0.6853939294815063, 0.5313789248466492, 0.26735323667526245, 0.42136821150779724]","[0.41173693537712097, 0.4032011032104492, 0.4007856547832489, 0.4156027138233185]"
3144.0,2011-09-01T00:00:00.000000000,"[0.5313789248466492, 0.26735323667526245, 0.42136821150779724, 0.2233489453792572]","[0.4670272469520569, 0.4691295325756073, 0.4728044867515564, 0.4832227826118469]"
3144.0,2011-12-01T00:00:00.000000000,"[0.26735323667526245, 0.42136821150779724, 0.2233489453792572, 0.5093768239021301]","[0.5255599021911621, 0.5227366089820862, 0.5287542939186096, 0.5416548252105713]"
3144.0,2012-03-01T00:00:00.000000000,"[0.42136821150779724, 0.2233489453792572, 0.5093768239021301, 0.33335965871810913]","[0.39721640944480896, 0.3979741632938385, 0.39583179354667664, 0.4059049189090729]"
3144.0,2012-06-01T00:00:00.000000000,"[0.2233489453792572, 0.5093768239021301, 0.33335965871810913, 0.5093768239021301]","[0.4383551776409149, 0.41000789403915405, 0.389323890209198, 0.40215253829956055]"
3144.0,2012-09-01T00:00:00.000000000,"[0.5093768239021301, 0.33335965871810913, 0.5093768239021301, 0.7954046130180359]","[0.3559575080871582, 0.3690405488014221, 0.37622150778770447, 0.3901735246181488]"
3144.0,2012-12-01T00:00:00.000000000,"[0.33335965871810913, 0.5093768239021301, 0.7954046130180359, 0.7293981313705444]","[0.446345716714859, 0.4514326751232147, 0.45406049489974976, 0.46500277519226074]"
3144.0,2013-03-01T00:00:00.000000000,"[0.5093768239021301, 0.7954046130180359, 0.7293981313705444, 0.2893553674221039]","[0.37102919816970825, 0.3841835558414459, 0.3934585154056549, 0.40689322352409363]"
3226.0,2006-06-01T00:00:00.000000000,"[0.13534040749073029, 0.10233722627162933, 0.11333828419446945, 0.19034576416015625]","[0.055381834506988525, -0.009299784898757935, 0.01060536503791809, 0.013249784708023071]"
3226.0,2006-09-01T00:00:00.000000000,"[0.10233722627162933, 0.11333828419446945, 0.19034576416015625, 0.2343500703573227]","[0.06240272521972656, 0.05370858311653137, 0.05127996206283569, 0.0929315984249115]"
3226.0,2006-12-01T00:00:00.000000000,"[0.11333828419446945, 0.19034576416015625, 0.2343500703573227, 0.17934469878673553]","[0.149755597114563, 0.10366776585578918, 0.12086158990859985, 0.09658312797546387]"
3226.0,2007-03-01T00:00:00.000000000,"[0.19034576416015625, 0.2343500703573227, 0.17934469878673553, 0.168343648314476]","[0.09377142786979675, 0.10335162281990051, 0.09082117676734924, 0.12373939156532288]"
3226.0,2007-06-01T00:00:00.000000000,"[0.2343500703573227, 0.17934469878673553, 0.168343648314476, 0.25635218620300293]","[0.2401285171508789, 0.15840661525726318, 0.19194981455802917, 0.20647209882736206]"
3226.0,2007-09-01T00:00:00.000000000,"[0.17934469878673553, 0.168343648314476, 0.25635218620300293, 0.2123478800058365]","[0.21356038749217987, 0.20540787279605865, 0.20303799211978912, 0.23817194998264313]"
3226.0,2007-12-01T00:00:00.000000000,"[0.168343648314476, 0.25635218620300293, 0.2123478800058365, 0.3113575577735901]","[0.25492018461227417, 0.19974569976329803, 0.21373103559017181, 0.17766346037387848]"
3226.0,2008-03-01T00:00:00.000000000,"[0.25635218620300293, 0.2123478800058365, 0.3113575577735901, 0.27835431694984436]","[0.17366737127304077, 0.17213720083236694, 0.15590959787368774, 0.1939161717891693]"
3226.0,2008-06-01T00:00:00.000000000,"[0.2123478800058365, 0.3113575577735901, 0.27835431694984436, 0.4653724431991577]","[0.3517025113105774, 0.2584039568901062, 0.295650839805603, 0.31557661294937134]"
3226.0,2008-09-01T00:00:00.000000000,"[0.3113575577735901, 0.27835431694984436, 0.4653724431991577, 0.44337034225463867]","[0.24350480735301971, 0.23401163518428802, 0.24195002019405365, 0.2743440270423889]"
3226.0,2008-12-01T00:00:00.000000000,"[0.27835431694984436, 0.4653724431991577, 0.44337034225463867, 0.44337034225463867]","[0.35703045129776, 0.32547271251678467, 0.34107905626296997, 0.33130812644958496]"
3226.0,2009-03-01T00:00:00.000000000,"[0.4653724431991577, 0.44337034225463867, 0.44337034225463867, 0.37736397981643677]","[0.32883739471435547, 0.31471508741378784, 0.32646656036376953, 0.3416596055030823]"
3226.0,2009-06-01T00:00:00.000000000,"[0.44337034225463867, 0.44337034225463867, 0.37736397981643677, 0.6633917689323425]","[0.4862403869628906, 0.43565744161605835, 0.43993324041366577, 0.44394826889038086]"
3226.0,2009-09-01T00:00:00.000000000,"[0.44337034225463867, 0.37736397981643677, 0.6633917689323425, 0.7293981313705444]","[0.32379740476608276, 0.3293130695819855, 0.34804970026016235, 0.3268393576145172]"
3226.0,2009-12-01T00:00:00.000000000,"[0.37736397981643677, 0.6633917689323425, 0.7293981313705444, 0.7293981313705444]","[0.44968411326408386, 0.4492686688899994, 0.4671204686164856, 0.42974013090133667]"
3226.0,2010-03-01T00:00:00.000000000,"[0.6633917689323425, 0.7293981313705444, 0.7293981313705444, 0.7073960304260254]","[0.3610629141330719, 0.3472190499305725, 0.3470248878002167, 0.32513347268104553]"
3226.0,2010-06-01T00:00:00.000000000,"[0.7293981313705444, 0.7293981313705444, 0.7073960304260254, 0.9714217185974121]","[0.5022006034851074, 0.500604510307312, 0.5186278223991394, 0.49566450715065]"
3226.0,2010-09-01T00:00:00.000000000,"[0.7293981313705444, 0.7073960304260254, 0.9714217185974121, 1.0154259204864502]","[0.54700767993927, 0.5512896776199341, 0.5743211507797241, 0.544547438621521]"
3226.0,2010-12-01T00:00:00.000000000,"[0.7073960304260254, 0.9714217185974121, 1.0154259204864502, 1.0374282598495483]","[0.49297094345092773, 0.4368961751461029, 0.39806026220321655, 0.3736136555671692]"
3226.0,2011-03-01T00:00:00.000000000,"[0.9714217185974121, 1.0154259204864502, 1.0374282598495483, 1.0374282598495483]","[0.5911727547645569, 0.5860491394996643, 0.5962650775909424, 0.5482460856437683]"
3226.0,2011-06-01T00:00:00.000000000,"[1.0154259204864502, 1.0374282598495483, 1.0374282598495483, 0.8614109754562378]","[0.7321887016296387, 0.7463090419769287, 0.780733048915863, 0.7333897352218628]"
3226.0,2011-09-01T00:00:00.000000000,"[1.0374282598495483, 1.0374282598495483, 0.8614109754562378, 0.8174067735671997]","[0.7931418418884277, 0.7952296137809753, 0.8192022442817688, 0.7707686424255371]"
3226.0,2011-12-01T00:00:00.000000000,"[1.0374282598495483, 0.8614109754562378, 0.8174067735671997, 0.7293981313705444]","[0.8089678287506104, 0.7745781540870667, 0.7646340131759644, 0.7351733446121216]"
3226.0,2012-03-01T00:00:00.000000000,"[0.8614109754562378, 0.8174067735671997, 0.7293981313705444, 0.5313789248466492]","[0.907532274723053, 0.9063550233840942, 0.9259584546089172, 0.8535093069076538]"
3226.0,2012-06-01T00:00:00.000000000,"[0.8174067735671997, 0.7293981313705444, 0.5313789248466492, 0.9714217185974121]","[0.8435091972351074, 0.8300808668136597, 0.8328571319580078, 0.7695907950401306]"
3226.0,2012-09-01T00:00:00.000000000,"[0.7293981313705444, 0.5313789248466492, 0.9714217185974121, 1.147438883781433]","[0.7098001837730408, 0.6593039035797119, 0.6213166117668152, 0.5983951687812805]"
3226.0,2012-12-01T00:00:00.000000000,"[0.5313789248466492, 0.9714217185974121, 1.147438883781433, 1.2134451866149902]","[0.6667344570159912, 0.6115608811378479, 0.5667454600334167, 0.5612091422080994]"
3226.0,2013-03-01T00:00:00.000000000,"[0.9714217185974121, 1.147438883781433, 1.2134451866149902, 0.9934238195419312]","[0.6494958996772766, 0.6193358898162842, 0.5967799425125122, 0.5998526811599731]"
3980.0,2006-06-01T00:00:00.000000000,"[2.115532875061035, 1.2574495077133179, 2.0935308933258057, 2.0055222511291504]","[2.143527030944824, 1.5219378471374512, 1.8138377666473389, 1.705495834350586]"
3980.0,2006-09-01T00:00:00.000000000,"[1.2574495077133179, 2.0935308933258057, 2.0055222511291504, 2.4895694255828857]","[1.4070496559143066, 1.725020170211792, 1.6205179691314697, 1.9849698543548584]"
3980.0,2006-12-01T00:00:00.000000000,"[2.0935308933258057, 2.0055222511291504, 2.4895694255828857, 1.9395159482955933]","[1.695718765258789, 1.438881278038025, 1.9512780904769897, 1.2290388345718384]"
3980.0,2007-03-01T00:00:00.000000000,"[2.0055222511291504, 2.4895694255828857, 1.9395159482955933, 2.885607957839966]","[1.8033738136291504, 2.2400622367858887, 1.7792621850967407, 2.1377639770507812]"
3980.0,2007-06-01T00:00:00.000000000,"[2.4895694255828857, 1.9395159482955933, 2.885607957839966, 2.2915501594543457]","[2.5902976989746094, 1.8526718616485596, 2.25773286819458, 2.099771738052368]"
3980.0,2007-09-01T00:00:00.000000000,"[1.9395159482955933, 2.885607957839966, 2.2915501594543457, 2.8636057376861572]","[1.8078469038009644, 2.207089424133301, 2.0299882888793945, 2.3905832767486572]"
3980.0,2007-12-01T00:00:00.000000000,"[2.885607957839966, 2.2915501594543457, 2.8636057376861572, 1.7194944620132446]","[2.5309176445007324, 2.146265745162964, 2.633579969406128, 1.9889392852783203]"
3980.0,2008-03-01T00:00:00.000000000,"[2.2915501594543457, 2.8636057376861572, 1.7194944620132446, 2.7095906734466553]","[2.4496850967407227, 2.8509268760681152, 2.470879554748535, 2.8666701316833496]"
3980.0,2008-06-01T00:00:00.000000000,"[2.8636057376861572, 1.7194944620132446, 2.7095906734466553, 2.5995800495147705]","[3.0273919105529785, 2.283360242843628, 2.7153191566467285, 2.3840560913085938]"
3980.0,2008-09-01T00:00:00.000000000,"[1.7194944620132446, 2.7095906734466553, 2.5995800495147705, 2.775597333908081]","[2.1741065979003906, 2.672372817993164, 2.4536948204040527, 2.906594753265381]"
3980.0,2008-12-01T00:00:00.000000000,"[2.7095906734466553, 2.5995800495147705, 2.775597333908081, 1.6534881591796875]","[2.387554407119751, 1.9019098281860352, 2.552192211151123, 1.895331621170044]"
3980.0,2009-03-01T00:00:00.000000000,"[2.5995800495147705, 2.775597333908081, 1.6534881591796875, 3.4576635360717773]","[2.5527422428131104, 3.0517401695251465, 2.5637478828430176, 3.0337932109832764]"
3980.0,2009-06-01T00:00:00.000000000,"[2.775597333908081, 1.6534881591796875, 3.4576635360717773, 3.3476529121398926]","[3.4913477897644043, 2.531195640563965, 3.048248291015625, 2.83542537689209]"
3980.0,2009-09-01T00:00:00.000000000,"[1.6534881591796875, 3.4576635360717773, 3.3476529121398926, 3.4136593341827393]","[2.546361207962036, 2.87864351272583, 2.6333820819854736, 2.742374897003174]"
3980.0,2009-12-01T00:00:00.000000000,"[3.4576635360717773, 3.3476529121398926, 3.4136593341827393, 2.5555758476257324]","[2.067139148712158, 1.7197800874710083, 2.121285915374756, 1.6883207559585571]"
3980.0,2010-03-01T00:00:00.000000000,"[3.3476529121398926, 3.4136593341827393, 2.5555758476257324, 3.3476529121398926]","[2.9131622314453125, 3.332062244415283, 2.922947406768799, 3.583573341369629]"
3980.0,2010-06-01T00:00:00.000000000,"[3.4136593341827393, 2.5555758476257324, 3.3476529121398926, 2.8416035175323486]","[4.0714335441589355, 3.0557494163513184, 3.6682991981506348, 3.301192283630371]"
3980.0,2010-09-01T00:00:00.000000000,"[2.5555758476257324, 3.3476529121398926, 2.8416035175323486, 2.269547939300537]","[3.0527896881103516, 3.50661563873291, 3.0752904415130615, 3.03637433052063]"
3980.0,2010-12-01T00:00:00.000000000,"[3.3476529121398926, 2.8416035175323486, 2.269547939300537, 1.6534881591796875]","[3.2153778076171875, 2.6584219932556152, 3.0069127082824707, 2.5233142375946045]"
3980.0,2011-03-01T00:00:00.000000000,"[2.8416035175323486, 2.269547939300537, 1.6534881591796875, 2.665586471557617]","[3.152287721633911, 3.5032882690429688, 3.10361385345459, 3.6592044830322266]"
3980.0,2011-06-01T00:00:00.000000000,"[2.269547939300537, 1.6534881591796875, 2.665586471557617, 0.6193875670433044]","[3.6290547847747803, 2.7240207195281982, 3.39469051361084, 3.062166213989258]"
3980.0,2011-09-01T00:00:00.000000000,"[1.6534881591796875, 2.665586471557617, 0.6193875670433044, -0.5247237682342529]","[2.784395694732666, 2.776866912841797, 2.798691511154175, 2.81593918800354]"
3980.0,2011-12-01T00:00:00.000000000,"[2.665586471557617, 0.6193875670433044, -0.5247237682342529, -1.1407837867736816]","[2.2416911125183105, 2.2595272064208984, 2.27095627784729, 2.3190295696258545]"
3980.0,2012-03-01T00:00:00.000000000,"[0.6193875670433044, -0.5247237682342529, -1.1407837867736816, 0.003327556187286973]","[2.4873204231262207, 2.4899535179138184, 2.4994046688079834, 2.537585496902466]"
3980.0,2012-06-01T00:00:00.000000000,"[-0.5247237682342529, -1.1407837867736816, 0.003327556187286973, 1.0374282598495483]","[1.4736523628234863, 1.5825507640838623, 1.6794843673706055, 1.7620445489883423]"
3980.0,2012-09-01T00:00:00.000000000,"[-1.1407837867736816, 0.003327556187286973, 1.0374282598495483, 1.0594303607940674]","[0.9806463718414307, 1.1621367931365967, 1.355063796043396, 1.4642914533615112]"
3980.0,2012-12-01T00:00:00.000000000,"[0.003327556187286973, 1.0374282598495483, 1.0594303607940674, 0.11333828419446945]","[0.33166444301605225, 0.6099143028259277, 0.9309502840042114, 1.0755808353424072]"
3980.0,2013-03-01T00:00:00.000000000,"[1.0374282598495483, 1.0594303607940674, 0.11333828419446945, 1.6314857006072998]","[0.7228044271469116, 0.9374334216117859, 1.1673394441604614, 1.2949267625808716]"
5568.0,2004-09-01T00:00:00.000000000,"[1.2134451866149902, 1.279451608657837, 1.477470874786377, 0.26735323667526245]","[1.3139841556549072, 1.3002169132232666, 1.4300312995910645, 1.1151260137557983]"
5568.0,2004-12-01T00:00:00.000000000,"[1.279451608657837, 1.477470874786377, 0.26735323667526245, 0.6633917689323425]","[1.268498182296753, 1.3551597595214844, 1.1967298984527588, 1.3045225143432617]"
5568.0,2005-03-01T00:00:00.000000000,"[1.477470874786377, 0.26735323667526245, 0.6633917689323425, 0.9054153561592102]","[1.4404280185699463, 1.146482229232788, 1.2665367126464844, 1.3458130359649658]"
5568.0,2005-06-01T00:00:00.000000000,"[0.26735323667526245, 0.6633917689323425, 0.9054153561592102, 1.1694409847259521]","[1.30278480052948, 1.375659465789795, 1.3889256715774536, 1.479975700378418]"
5568.0,2005-09-01T00:00:00.000000000,"[0.6633917689323425, 0.9054153561592102, 1.1694409847259521, 1.125436782836914]","[0.6918380260467529, 0.6499771475791931, 0.6007157564163208, 0.6100844144821167]"
5568.0,2005-12-01T00:00:00.000000000,"[0.9054153561592102, 1.1694409847259521, 1.125436782836914, 1.301453948020935]","[0.8044058084487915, 0.7964900732040405, 0.7909396290779114, 0.8196759819984436]"
5568.0,2006-03-01T00:00:00.000000000,"[1.1694409847259521, 1.125436782836914, 1.301453948020935, 1.147438883781433]","[0.8450338840484619, 0.8578319549560547, 0.8624916672706604, 0.8839645981788635]"
5568.0,2006-06-01T00:00:00.000000000,"[1.125436782836914, 1.301453948020935, 1.147438883781433, 1.455468773841858]","[1.0128062963485718, 1.0147013664245605, 1.0178871154785156, 1.0310416221618652]"
5568.0,2006-09-01T00:00:00.000000000,"[1.301453948020935, 1.147438883781433, 1.455468773841858, 1.125436782836914]","[1.1151067018508911, 1.1102157831192017, 1.1124366521835327, 1.1210541725158691]"
5568.0,2006-12-01T00:00:00.000000000,"[1.147438883781433, 1.455468773841858, 1.125436782836914, 1.279451608657837]","[1.220875859260559, 1.2099647521972656, 1.2117446660995483, 1.2174410820007324]"
5568.0,2007-03-01T00:00:00.000000000,"[1.455468773841858, 1.125436782836914, 1.279451608657837, 1.2574495077133179]","[1.1648942232131958, 1.1508036851882935, 1.145112156867981, 1.1519426107406616]"
5568.0,2007-06-01T00:00:00.000000000,"[1.125436782836914, 1.279451608657837, 1.2574495077133179, 1.499472975730896]","[1.283655047416687, 1.2714236974716187, 1.2732514142990112, 1.2787235975265503]"
5568.0,2007-09-01T00:00:00.000000000,"[1.279451608657837, 1.2574495077133179, 1.499472975730896, 1.0154259204864502]","[1.1831310987472534, 1.1455152034759521, 1.1151548624038696, 1.1141568422317505]"
5568.0,2007-12-01T00:00:00.000000000,"[1.2574495077133179, 1.499472975730896, 1.0154259204864502, 1.147438883781433]","[1.2877964973449707, 1.2873040437698364, 1.2971056699752808, 1.2929790019989014]"
5568.0,2008-03-01T00:00:00.000000000,"[1.499472975730896, 1.0154259204864502, 1.147438883781433, 0.7514004111289978]","[1.267551064491272, 1.267279863357544, 1.2754418849945068, 1.2763135433197021]"
5568.0,2008-06-01T00:00:00.000000000,"[1.0154259204864502, 1.147438883781433, 0.7514004111289978, 0.8174067735671997]","[1.3512799739837646, 1.339707374572754, 1.3415300846099854, 1.3459616899490356]"
5568.0,2008-09-01T00:00:00.000000000,"[1.147438883781433, 0.7514004111289978, 0.8174067735671997, 0.8834132552146912]","[1.1115124225616455, 1.080116868019104, 1.0468785762786865, 1.0509191751480103]"
5568.0,2008-12-01T00:00:00.000000000,"[0.7514004111289978, 0.8174067735671997, 0.8834132552146912, 0.575383186340332]","[1.1915929317474365, 1.1732048988342285, 1.1572026014328003, 1.164102554321289]"
5568.0,2009-03-01T00:00:00.000000000,"[0.8174067735671997, 0.8834132552146912, 0.575383186340332, 1.0594303607940674]","[0.9108057022094727, 0.919916570186615, 0.9232886433601379, 0.9442911744117737]"
5568.0,2009-06-01T00:00:00.000000000,"[0.8834132552146912, 0.575383186340332, 1.0594303607940674, 0.8394088745117188]","[0.9555407166481018, 0.9774618744850159, 0.990343451499939, 1.0129579305648804]"
5568.0,2009-09-01T00:00:00.000000000,"[0.575383186340332, 1.0594303607940674, 0.8394088745117188, 1.0594303607940674]","[0.8750411868095398, 0.9101839661598206, 0.9419316053390503, 0.9681510925292969]"
5568.0,2009-12-01T00:00:00.000000000,"[1.0594303607940674, 0.8394088745117188, 1.0594303607940674, 0.8834132552146912]","[0.8059762716293335, 0.850832462310791, 0.895525336265564, 0.9252247214317322]"
5568.0,2010-03-01T00:00:00.000000000,"[0.8394088745117188, 1.0594303607940674, 0.8834132552146912, 1.0154259204864502]","[0.9881937503814697, 1.0041654109954834, 1.0086753368377686, 1.0295600891113281]"
5568.0,2010-06-01T00:00:00.000000000,"[1.0594303607940674, 0.8834132552146912, 1.0154259204864502, 0.7293981313705444]","[0.9837872385978699, 0.9999310374259949, 1.0045799016952515, 1.0256080627441406]"
5568.0,2010-09-01T00:00:00.000000000,"[0.8834132552146912, 1.0154259204864502, 0.7293981313705444, 1.0374282598495483]","[1.0145896673202515, 1.0331233739852905, 1.0481903553009033, 1.0691758394241333]"
5680.0,2006-06-01T00:00:00.000000000,"[1.4114645719528198, 2.6435842514038086, 1.7414965629577637, 1.499472975730896]","[1.068458080291748, 1.0384355783462524, 1.0159246921539307, 0.9900899529457092]"
5680.0,2006-09-01T00:00:00.000000000,"[2.6435842514038086, 1.7414965629577637, 1.499472975730896, 1.8515071868896484]","[0.9991401433944702, 0.858959972858429, 0.726556122303009, 0.707226574420929]"
5680.0,2006-12-01T00:00:00.000000000,"[1.7414965629577637, 1.499472975730896, 1.8515071868896484, 3.0616250038146973]","[1.6605706214904785, 1.634160041809082, 1.6769230365753174, 1.6708037853240967]"
5680.0,2007-03-01T00:00:00.000000000,"[1.499472975730896, 1.8515071868896484, 3.0616250038146973, 2.2915501594543457]","[1.6927112340927124, 1.6618375778198242, 1.6629655361175537, 1.5816905498504639]"
5680.0,2007-06-01T00:00:00.000000000,"[1.8515071868896484, 3.0616250038146973, 2.2915501594543457, 1.8735092878341675]","[1.5472488403320312, 1.4482299089431763, 1.369438886642456, 1.2509760856628418]"
5680.0,2007-09-01T00:00:00.000000000,"[3.0616250038146973, 2.2915501594543457, 1.8735092878341675, 2.4675674438476562]","[1.5086407661437988, 1.4463783502578735, 1.405376672744751, 1.3678147792816162]"
5680.0,2007-12-01T00:00:00.000000000,"[2.2915501594543457, 1.8735092878341675, 2.4675674438476562, 3.633680582046509]","[2.02803635597229, 2.0164895057678223, 2.049938440322876, 2.008557081222534]"
5680.0,2008-03-01T00:00:00.000000000,"[1.8735092878341675, 2.4675674438476562, 3.633680582046509, 2.819601535797119]","[2.192873239517212, 2.203638792037964, 2.262824058532715, 2.1933276653289795]"
5680.0,2008-06-01T00:00:00.000000000,"[2.4675674438476562, 3.633680582046509, 2.819601535797119, 2.4675674438476562]","[2.0787577629089355, 2.082921028137207, 2.1233465671539307, 2.0395326614379883]"
5680.0,2008-09-01T00:00:00.000000000,"[3.633680582046509, 2.819601535797119, 2.4675674438476562, 2.973616361618042]","[2.236372470855713, 2.20245361328125, 2.2172703742980957, 2.172001361846924]"
5680.0,2008-12-01T00:00:00.000000000,"[2.819601535797119, 2.4675674438476562, 2.973616361618042, 4.2497406005859375]","[2.5788869857788086, 2.520526170730591, 2.530465841293335, 2.519598960876465]"
5680.0,2009-03-01T00:00:00.000000000,"[2.4675674438476562, 2.973616361618042, 4.2497406005859375, 3.4136593341827393]","[2.394503593444824, 2.2517271041870117, 2.1639328002929688, 2.1411819458007812]"
5680.0,2009-06-01T00:00:00.000000000,"[2.973616361618042, 4.2497406005859375, 3.4136593341827393, 3.017620801925659]","[2.2041378021240234, 2.0069773197174072, 1.8485171794891357, 1.8045761585235596]"
5680.0,2009-09-01T00:00:00.000000000,"[4.2497406005859375, 3.4136593341827393, 3.017620801925659, 3.875704050064087]","[2.5496113300323486, 2.4723544120788574, 2.4414751529693604, 2.3861594200134277]"
5680.0,2009-12-01T00:00:00.000000000,"[3.4136593341827393, 3.017620801925659, 3.875704050064087, 6.00991153717041]","[3.0427722930908203, 3.067387104034424, 3.1489028930664062, 3.0523784160614014]"
5680.0,2010-03-01T00:00:00.000000000,"[3.017620801925659, 3.875704050064087, 6.00991153717041, 4.82179594039917]","[3.337883949279785, 3.3157057762145996, 3.3696978092193604, 3.299682855606079]"
5680.0,2010-06-01T00:00:00.000000000,"[3.875704050064087, 6.00991153717041, 4.82179594039917, 4.2497406005859375]","[3.124814748764038, 3.034679412841797, 3.002074718475342, 2.9057798385620117]"
5680.0,2010-09-01T00:00:00.000000000,"[6.00991153717041, 4.82179594039917, 4.2497406005859375, 4.2937445640563965]","[3.5450081825256348, 3.5550146102905273, 3.635319232940674, 3.537679672241211]"
5680.0,2010-12-01T00:00:00.000000000,"[4.82179594039917, 4.2497406005859375, 4.2937445640563965, 6.273937702178955]","[4.230243682861328, 4.172525405883789, 4.222017288208008, 4.152934551239014]"
5680.0,2011-03-01T00:00:00.000000000,"[4.2497406005859375, 4.2937445640563965, 6.273937702178955, 4.865800380706787]","[3.8280410766601562, 3.516918182373047, 3.277214527130127, 3.0847373008728027]"
5680.0,2011-06-01T00:00:00.000000000,"[4.2937445640563965, 6.273937702178955, 4.865800380706787, 4.315746784210205]","[3.4758288860321045, 3.027211904525757, 2.6207714080810547, 2.374213218688965]"
5680.0,2011-09-01T00:00:00.000000000,"[6.273937702178955, 4.865800380706787, 4.315746784210205, 3.875704050064087]","[3.8228046894073486, 3.6125121116638184, 3.460397243499756, 3.3526902198791504]"
5680.0,2011-12-01T00:00:00.000000000,"[4.865800380706787, 4.315746784210205, 3.875704050064087, 8.144119262695312]","[4.652430534362793, 4.631789207458496, 4.697727203369141, 4.5933074951171875]"
5680.0,2012-03-01T00:00:00.000000000,"[4.315746784210205, 3.875704050064087, 8.144119262695312, 6.295939922332764]","[4.734097480773926, 4.728227615356445, 4.807931423187256, 4.731443881988525]"
5680.0,2012-06-01T00:00:00.000000000,"[3.875704050064087, 8.144119262695312, 6.295939922332764, 5.129826545715332]","[4.550745487213135, 4.5663981437683105, 4.6476898193359375, 4.5790863037109375]"
5680.0,2012-09-01T00:00:00.000000000,"[8.144119262695312, 6.295939922332764, 5.129826545715332, 7.792084693908691]","[3.658212661743164, 3.211463689804077, 2.79785418510437, 2.7435929775238037]"
5680.0,2012-12-01T00:00:00.000000000,"[6.295939922332764, 5.129826545715332, 7.792084693908691, 9.266228675842285]","[5.451493740081787, 5.383128643035889, 5.422323226928711, 5.3805131912231445]"
5680.0,2013-03-01T00:00:00.000000000,"[5.129826545715332, 7.792084693908691, 9.266228675842285, 7.924098014831543]","[6.011030197143555, 6.066930770874023, 6.22854471206665, 6.025557041168213]"
6008.0,2006-06-01T00:00:00.000000000,"[0.5093768239021301, 0.7514004111289978, 0.9274174571037292, 0.20134682953357697]","[0.2696685492992401, 0.26998329162597656, 0.2675083875656128, 0.28478920459747314]"
6008.0,2006-09-01T00:00:00.000000000,"[0.7514004111289978, 0.9274174571037292, 0.20134682953357697, 0.5093768239021301]","[0.48966526985168457, 0.4893064498901367, 0.49851328134536743, 0.5043461918830872]"
6008.0,2006-12-01T00:00:00.000000000,"[0.9274174571037292, 0.20134682953357697, 0.5093768239021301, 0.7073960304260254]","[0.5287579298019409, 0.5195250511169434, 0.5216256976127625, 0.5315855145454407]"
6008.0,2007-03-01T00:00:00.000000000,"[0.20134682953357697, 0.5093768239021301, 0.7073960304260254, 0.9274174571037292]","[0.8449366688728333, 0.8313687443733215, 0.8455850481987, 0.830175518989563]"
6008.0,2007-06-01T00:00:00.000000000,"[0.5093768239021301, 0.7073960304260254, 0.9274174571037292, 0.4873746931552887]","[0.5669482946395874, 0.5441465377807617, 0.5307840704917908, 0.5162948369979858]"
6008.0,2007-09-01T00:00:00.000000000,"[0.7073960304260254, 0.9274174571037292, 0.4873746931552887, 0.5973852872848511]","[0.42512989044189453, 0.3643500804901123, 0.3061811327934265, 0.3056761920452118]"
6008.0,2007-12-01T00:00:00.000000000,"[0.9274174571037292, 0.4873746931552887, 0.5973852872848511, 1.0594303607940674]","[0.5816780924797058, 0.565463662147522, 0.5590599179267883, 0.5698423981666565]"
6008.0,2008-03-01T00:00:00.000000000,"[0.4873746931552887, 0.5973852872848511, 1.0594303607940674, 1.0374282598495483]","[0.8115125894546509, 0.8015310764312744, 0.812349796295166, 0.8085579872131348]"
6008.0,2008-06-01T00:00:00.000000000,"[0.5973852872848511, 1.0594303607940674, 1.0374282598495483, 0.7514004111289978]","[0.7334309816360474, 0.7405822277069092, 0.7604408264160156, 0.7500588893890381]"
6008.0,2008-09-01T00:00:00.000000000,"[1.0594303607940674, 1.0374282598495483, 0.7514004111289978, 0.8834132552146912]","[0.6016448736190796, 0.5638756155967712, 0.5333678126335144, 0.5380086898803711]"
6008.0,2008-12-01T00:00:00.000000000,"[1.0374282598495483, 0.7514004111289978, 0.8834132552146912, 1.5214751958847046]","[0.7747392654418945, 0.7712075710296631, 0.7811529636383057, 0.7810562252998352]"
6008.0,2009-03-01T00:00:00.000000000,"[0.7514004111289978, 0.8834132552146912, 1.5214751958847046, 1.6754902601242065]","[0.9505455493927002, 0.9303704500198364, 0.9345991611480713, 0.9362754821777344]"
6008.0,2009-06-01T00:00:00.000000000,"[0.8834132552146912, 1.5214751958847046, 1.6754902601242065, 1.2134451866149902]","[0.8345553874969482, 0.7845966219902039, 0.7499589920043945, 0.7358548641204834]"
6008.0,2009-09-01T00:00:00.000000000,"[1.5214751958847046, 1.6754902601242065, 1.2134451866149902, 1.5874814987182617]","[0.8713099956512451, 0.8470853567123413, 0.8362643718719482, 0.8136208057403564]"
6008.0,2009-12-01T00:00:00.000000000,"[1.6754902601242065, 1.2134451866149902, 1.5874814987182617, 2.379558563232422]","[1.0687568187713623, 1.050106406211853, 1.0562736988067627, 1.0561355352401733]"
6008.0,2010-03-01T00:00:00.000000000,"[1.2134451866149902, 1.5874814987182617, 2.379558563232422, 2.115532875061035]","[1.2680386304855347, 1.2371838092803955, 1.238659381866455, 1.2206916809082031]"
6008.0,2010-06-01T00:00:00.000000000,"[1.5874814987182617, 2.379558563232422, 2.115532875061035, 1.2574495077133179]","[1.0886926651000977, 0.9902584552764893, 0.9101923704147339, 0.8577159643173218]"
6008.0,2010-09-01T00:00:00.000000000,"[2.379558563232422, 2.115532875061035, 1.2574495077133179, 1.6314857006072998]","[1.2509797811508179, 1.264591097831726, 1.2973518371582031, 1.2489097118377686]"
6008.0,2010-12-01T00:00:00.000000000,"[2.115532875061035, 1.2574495077133179, 1.6314857006072998, 2.42356276512146]","[1.6106858253479004, 1.62406587600708, 1.671416997909546, 1.6061071157455444]"
6008.0,2011-03-01T00:00:00.000000000,"[1.2574495077133179, 1.6314857006072998, 2.42356276512146, 2.6435842514038086]","[1.5227768421173096, 1.4701411724090576, 1.4452054500579834, 1.3841310739517212]"
6008.0,2011-06-01T00:00:00.000000000,"[1.6314857006072998, 2.42356276512146, 2.6435842514038086, 2.4895694255828857]","[1.1782042980194092, 1.0580755472183228, 0.9437435865402222, 0.869744598865509]"
6008.0,2011-09-01T00:00:00.000000000,"[2.42356276512146, 2.6435842514038086, 2.4895694255828857, 2.0055222511291504]","[1.4511804580688477, 1.4340986013412476, 1.4316716194152832, 1.3702058792114258]"
6008.0,2011-12-01T00:00:00.000000000,"[2.6435842514038086, 2.4895694255828857, 2.0055222511291504, 1.7414965629577637]","[1.633400321006775, 1.545238971710205, 1.4861849546432495, 1.4565448760986328]"
6008.0,2012-03-01T00:00:00.000000000,"[2.4895694255828857, 2.0055222511291504, 1.7414965629577637, 2.6435842514038086]","[1.8664437532424927, 1.8007705211639404, 1.77670156955719, 1.772613763809204]"
6008.0,2012-06-01T00:00:00.000000000,"[2.0055222511291504, 1.7414965629577637, 2.6435842514038086, 2.3575565814971924]","[1.8696892261505127, 1.733823537826538, 1.6331193447113037, 1.5772366523742676]"
6008.0,2012-09-01T00:00:00.000000000,"[1.7414965629577637, 2.6435842514038086, 2.3575565814971924, 2.115532875061035]","[1.916877269744873, 1.774507999420166, 1.6587016582489014, 1.5257675647735596]"
6008.0,2012-12-01T00:00:00.000000000,"[2.6435842514038086, 2.3575565814971924, 2.115532875061035, 3.0616250038146973]","[1.6310917139053345, 1.6643685102462769, 1.7044341564178467, 1.6853914260864258]"
6008.0,2013-03-01T00:00:00.000000000,"[2.3575565814971924, 2.115532875061035, 3.0616250038146973, 1.6974923610687256]","[2.049619436264038, 2.033292055130005, 2.0513288974761963, 2.0446767807006836]"
6066.0,2006-06-01T00:00:00.000000000,"[8.804183959960938, 7.3960466384887695, 12.082502365112305, 5.7018818855285645]","[7.556484222412109, 7.193516254425049, 6.879063606262207, 6.571647644042969]"
6066.0,2006-09-01T00:00:00.000000000,"[7.3960466384887695, 12.082502365112305, 5.7018818855285645, 7.748080730438232]","[8.308758735656738, 8.42542839050293, 8.61202621459961, 8.455326080322266]"
6066.0,2006-12-01T00:00:00.000000000,"[12.082502365112305, 5.7018818855285645, 7.748080730438232, 6.647973537445068]","[7.980589389801025, 7.941919803619385, 7.978521347045898, 8.034523010253906]"
6066.0,2007-03-01T00:00:00.000000000,"[5.7018818855285645, 7.748080730438232, 6.647973537445068, 9.948295593261719]","[8.336063385009766, 8.27428913116455, 8.294075965881348, 8.379204750061035]"
6066.0,2007-06-01T00:00:00.000000000,"[7.748080730438232, 6.647973537445068, 9.948295593261719, 4.469761848449707]","[7.2994842529296875, 7.4009199142456055, 7.4955244064331055, 7.545137405395508]"
6066.0,2007-09-01T00:00:00.000000000,"[6.647973537445068, 9.948295593261719, 4.469761848449707, 5.789890289306641]","[7.927483558654785, 7.911454677581787, 7.935894966125488, 8.035945892333984]"
6066.0,2007-12-01T00:00:00.000000000,"[9.948295593261719, 4.469761848449707, 5.789890289306641, 6.537962913513184]","[7.790072441101074, 7.786046981811523, 7.803724765777588, 7.9125823974609375]"
6066.0,2008-03-01T00:00:00.000000000,"[4.469761848449707, 5.789890289306641, 6.537962913513184, 10.322331428527832]","[8.372564315795898, 8.346437454223633, 8.374963760375977, 8.480714797973633]"
6066.0,2008-06-01T00:00:00.000000000,"[5.789890289306641, 6.537962913513184, 10.322331428527832, 4.535768508911133]","[6.4627604484558105, 6.622740268707275, 6.7749552726745605, 6.966363906860352]"
6066.0,2008-09-01T00:00:00.000000000,"[6.537962913513184, 10.322331428527832, 4.535768508911133, 5.437856197357178]","[6.701354026794434, 6.809687614440918, 6.864038944244385, 7.042525291442871]"
6066.0,2008-12-01T00:00:00.000000000,"[10.322331428527832, 4.535768508911133, 5.437856197357178, 6.559965133666992]","[7.167155742645264, 7.242489814758301, 7.280750274658203, 7.4387030601501465]"
6066.0,2009-03-01T00:00:00.000000000,"[4.535768508911133, 5.437856197357178, 6.559965133666992, 10.696367263793945]","[8.174651145935059, 8.185646057128906, 8.218050956726074, 8.342732429504395]"
6066.0,2009-06-01T00:00:00.000000000,"[5.437856197357178, 6.559965133666992, 10.696367263793945, 4.689783573150635]","[6.848581790924072, 6.988863468170166, 7.108158111572266, 7.290982246398926]"
6066.0,2009-09-01T00:00:00.000000000,"[6.559965133666992, 10.696367263793945, 4.689783573150635, 6.075918197631836]","[6.275863170623779, 6.460488319396973, 6.584370136260986, 6.787065029144287]"
6066.0,2009-12-01T00:00:00.000000000,"[10.696367263793945, 4.689783573150635, 6.075918197631836, 6.823991298675537]","[6.89854621887207, 7.046928405761719, 7.133632659912109, 7.305293560028076]"
6066.0,2010-03-01T00:00:00.000000000,"[4.689783573150635, 6.075918197631836, 6.823991298675537, 10.014301300048828]","[8.15676498413086, 8.187191009521484, 8.220540046691895, 8.35274887084961]"
6066.0,2010-06-01T00:00:00.000000000,"[6.075918197631836, 6.823991298675537, 10.014301300048828, 4.2497406005859375]","[6.912705898284912, 7.070215225219727, 7.201180458068848, 7.387288570404053]"
6066.0,2010-09-01T00:00:00.000000000,"[6.823991298675537, 10.014301300048828, 4.2497406005859375, 6.273937702178955]","[6.650094032287598, 6.817625522613525, 6.921331882476807, 7.114436626434326]"
6066.0,2010-12-01T00:00:00.000000000,"[10.014301300048828, 4.2497406005859375, 6.273937702178955, 5.1958327293396]","[7.181746006011963, 7.303828716278076, 7.372813701629639, 7.546204090118408]"
6066.0,2011-03-01T00:00:00.000000000,"[4.2497406005859375, 6.273937702178955, 5.1958327293396, 9.662266731262207]","[7.90400505065918, 7.966631889343262, 8.003283500671387, 8.152111053466797]"
6066.0,2011-06-01T00:00:00.000000000,"[6.273937702178955, 5.1958327293396, 9.662266731262207, 3.3476529121398926]","[6.264298439025879, 6.513428688049316, 6.729953765869141, 6.9451704025268555]"
6066.0,2011-09-01T00:00:00.000000000,"[5.1958327293396, 9.662266731262207, 3.3476529121398926, 4.0957255363464355]","[6.490483283996582, 6.694488525390625, 6.833667755126953, 7.026266574859619]"
6066.0,2011-12-01T00:00:00.000000000,"[9.662266731262207, 3.3476529121398926, 4.0957255363464355, 4.975811004638672]","[6.083148956298828, 6.370463848114014, 6.601770877838135, 6.806292533874512]"
6066.0,2012-03-01T00:00:00.000000000,"[3.3476529121398926, 4.0957255363464355, 4.975811004638672, 3.8537018299102783]","[7.176900863647461, 7.2982659339904785, 7.3402628898620605, 7.520162582397461]"
6066.0,2012-06-01T00:00:00.000000000,"[4.0957255363464355, 4.975811004638672, 3.8537018299102783, 3.1936378479003906]","[5.672516345977783, 6.0045576095581055, 6.317298412322998, 6.553492069244385]"
6066.0,2012-09-01T00:00:00.000000000,"[4.975811004638672, 3.8537018299102783, 3.1936378479003906, 4.42575740814209]","[5.567895412445068, 5.909371376037598, 6.232028961181641, 6.4740095138549805]"
6066.0,2012-12-01T00:00:00.000000000,"[3.8537018299102783, 3.1936378479003906, 4.42575740814209, 4.8437981605529785]","[5.682767391204834, 6.011019229888916, 6.302279472351074, 6.535244464874268]"
6066.0,2013-03-01T00:00:00.000000000,"[3.1936378479003906, 4.42575740814209, 4.8437981605529785, 6.669975757598877]","[6.403454780578613, 6.585998058319092, 6.683897495269775, 6.880683898925781]"
6266.0,2006-06-01T00:00:00.000000000,"[2.9516141414642334, 2.5995800495147705, 2.0935308933258057, 2.7315926551818848]","[2.3830630779266357, 2.3759589195251465, 2.389037847518921, 2.3788349628448486]"
6266.0,2006-09-01T00:00:00.000000000,"[2.5995800495147705, 2.0935308933258057, 2.7315926551818848, 3.0616250038146973]","[2.557415008544922, 2.5294766426086426, 2.5321033000946045, 2.533283233642578]"
6266.0,2006-12-01T00:00:00.000000000,"[2.0935308933258057, 2.7315926551818848, 3.0616250038146973, 2.577577829360962]","[2.5432605743408203, 2.5570435523986816, 2.590456962585449, 2.553316116333008]"
6266.0,2007-03-01T00:00:00.000000000,"[2.7315926551818848, 3.0616250038146973, 2.577577829360962, 2.4675674438476562]","[2.3660380840301514, 2.3771450519561768, 2.3982863426208496, 2.386401891708374]"
6266.0,2007-06-01T00:00:00.000000000,"[3.0616250038146973, 2.577577829360962, 2.4675674438476562, 2.9956183433532715]","[2.458742141723633, 2.4565200805664062, 2.46954607963562, 2.4650321006774902]"
6266.0,2007-09-01T00:00:00.000000000,"[2.577577829360962, 2.4675674438476562, 2.9956183433532715, 3.127631425857544]","[2.687856912612915, 2.671086311340332, 2.6814022064208984, 2.672562599182129]"
6266.0,2007-12-01T00:00:00.000000000,"[2.4675674438476562, 2.9956183433532715, 3.127631425857544, 2.9956183433532715]","[2.5882062911987305, 2.596834659576416, 2.6207406520843506, 2.5999979972839355]"
6266.0,2008-03-01T00:00:00.000000000,"[2.9956183433532715, 3.127631425857544, 2.9956183433532715, 2.775597333908081]","[2.641873836517334, 2.660674571990967, 2.694474220275879, 2.659351348876953]"
6266.0,2008-06-01T00:00:00.000000000,"[3.127631425857544, 2.9956183433532715, 2.775597333908081, 3.325650691986084]","[2.7552542686462402, 2.7656853199005127, 2.7965238094329834, 2.7632646560668945]"
6266.0,2008-09-01T00:00:00.000000000,"[2.9956183433532715, 2.775597333908081, 3.325650691986084, 3.325650691986084]","[2.8944077491760254, 2.8789892196655273, 2.89382004737854, 2.879863977432251]"
6266.0,2008-12-01T00:00:00.000000000,"[2.775597333908081, 3.325650691986084, 3.325650691986084, 3.479665517807007]","[2.8474299907684326, 2.8577210903167725, 2.8886680603027344, 2.8592371940612793]"
6266.0,2009-03-01T00:00:00.000000000,"[3.325650691986084, 3.325650691986084, 3.479665517807007, 3.127631425857544]","[2.796814441680908, 2.7302637100219727, 2.682218551635742, 2.6389248371124268]"
6266.0,2009-06-01T00:00:00.000000000,"[3.325650691986084, 3.479665517807007, 3.127631425857544, 3.831699848175049]","[2.988132953643799, 2.9705047607421875, 2.9795949459075928, 2.9550623893737793]"
6266.0,2009-09-01T00:00:00.000000000,"[3.479665517807007, 3.127631425857544, 3.831699848175049, 3.919708251953125]","[3.1405014991760254, 3.1619181632995605, 3.210015058517456, 3.150092601776123]"
6266.0,2009-12-01T00:00:00.000000000,"[3.127631425857544, 3.831699848175049, 3.919708251953125, 3.8096976280212402]","[3.248849630355835, 3.2397475242614746, 3.265902280807495, 3.2337069511413574]"
6266.0,2010-03-01T00:00:00.000000000,"[3.831699848175049, 3.919708251953125, 3.8096976280212402, 3.633680582046509]","[2.9823882579803467, 2.880030632019043, 2.7962799072265625, 2.745687484741211]"
6266.0,2010-06-01T00:00:00.000000000,"[3.919708251953125, 3.8096976280212402, 3.633680582046509, 3.919708251953125]","[3.2347490787506104, 3.1793384552001953, 3.153214454650879, 3.118985176086426]"
6266.0,2010-09-01T00:00:00.000000000,"[3.8096976280212402, 3.633680582046509, 3.919708251953125, 4.975811004638672]","[3.5779714584350586, 3.529092788696289, 3.5304977893829346, 3.468811273574829]"
6266.0,2010-12-01T00:00:00.000000000,"[3.633680582046509, 3.919708251953125, 4.975811004638672, 3.963712453842163]","[3.456636667251587, 3.405360698699951, 3.3863744735717773, 3.3366289138793945]"
6266.0,2011-03-01T00:00:00.000000000,"[3.919708251953125, 4.975811004638672, 3.963712453842163, 3.4356613159179688]","[3.5453219413757324, 3.570019006729126, 3.623180627822876, 3.5642263889312744]"
6266.0,2011-06-01T00:00:00.000000000,"[4.975811004638672, 3.963712453842163, 3.4356613159179688, 4.359751224517822]","[3.5887393951416016, 3.6033406257629395, 3.6473610401153564, 3.602982759475708]"
6266.0,2011-09-01T00:00:00.000000000,"[3.963712453842163, 3.4356613159179688, 4.359751224517822, 2.973616361618042]","[4.085362434387207, 4.0508222579956055, 4.074336528778076, 4.03956413269043]"
6266.0,2011-12-01T00:00:00.000000000,"[3.4356613159179688, 4.359751224517822, 2.973616361618042, 4.139729976654053]","[3.824005603790283, 3.747718572616577, 3.705686092376709, 3.628113269805908]"
6266.0,2012-03-01T00:00:00.000000000,"[4.359751224517822, 2.973616361618042, 4.139729976654053, 3.3916571140289307]","[3.5950253009796143, 3.4675393104553223, 3.3603782653808594, 3.2880125045776367]"
6266.0,2012-06-01T00:00:00.000000000,"[2.973616361618042, 4.139729976654053, 3.3916571140289307, 4.9978132247924805]","[3.9443182945251465, 3.907005786895752, 3.905689001083374, 3.862298011779785]"
6266.0,2012-09-01T00:00:00.000000000,"[4.139729976654053, 3.3916571140289307, 4.9978132247924805, 4.755789756774902]","[3.1351308822631836, 3.0948145389556885, 3.044222831726074, 3.0729639530181885]"
6266.0,2012-12-01T00:00:00.000000000,"[3.3916571140289307, 4.9978132247924805, 4.755789756774902, 5.019815444946289]","[4.189056873321533, 4.20127534866333, 4.255633354187012, 4.196197509765625]"
6266.0,2013-03-01T00:00:00.000000000,"[4.9978132247924805, 4.755789756774902, 5.019815444946289, 3.98571515083313]","[3.724797010421753, 3.7091522216796875, 3.713879346847534, 3.7355141639709473]"
6304.0,2005-12-01T00:00:00.000000000,"[1.0594303607940674, 0.33335965871810913, 0.7954046130180359, 1.147438883781433]","[1.7640489339828491, 1.7406198978424072, 1.749302625656128, 1.7785801887512207]"
6304.0,2006-03-01T00:00:00.000000000,"[0.33335965871810913, 0.7954046130180359, 1.147438883781433, 1.477470874786377]","[1.3150889873504639, 1.3259919881820679, 1.3370497226715088, 1.3791255950927734]"
6304.0,2006-06-01T00:00:00.000000000,"[0.7954046130180359, 1.147438883781433, 1.477470874786377, 0.8614109754562378]","[0.7982119917869568, 0.7688944935798645, 0.7087260484695435, 0.7542521357536316]"
6304.0,2007-03-01T00:00:00.000000000,"[1.147438883781433, 1.477470874786377, 0.8614109754562378, 1.5874814987182617]","[1.0685338973999023, 1.1067969799041748, 1.1439114809036255, 1.2035961151123047]"
6304.0,2007-06-01T00:00:00.000000000,"[1.477470874786377, 0.8614109754562378, 1.5874814987182617, 1.8295050859451294]","[1.0351264476776123, 1.067645788192749, 1.0806243419647217, 1.1375247240066528]"
6304.0,2007-09-01T00:00:00.000000000,"[0.8614109754562378, 1.5874814987182617, 1.8295050859451294, 3.1936378479003906]","[1.2061986923217773, 1.2283811569213867, 1.2405362129211426, 1.2922630310058594]"
6304.0,2007-12-01T00:00:00.000000000,"[1.5874814987182617, 1.8295050859451294, 3.1936378479003906, 1.8515071868896484]","[1.0943713188171387, 1.125220775604248, 1.138264775276184, 1.1948727369308472]"
6304.0,2008-03-01T00:00:00.000000000,"[1.8295050859451294, 3.1936378479003906, 1.8515071868896484, 2.6435842514038086]","[1.6574046611785889, 1.6486608982086182, 1.6582579612731934, 1.6943767070770264]"
6304.0,2008-06-01T00:00:00.000000000,"[3.1936378479003906, 1.8515071868896484, 2.6435842514038086, 2.8636057376861572]","[1.5479321479797363, 1.547398567199707, 1.5546646118164062, 1.5868055820465088]"
6304.0,2008-09-01T00:00:00.000000000,"[1.8515071868896484, 2.6435842514038086, 2.8636057376861572, 2.9076099395751953]","[2.2872116565704346, 2.2391762733459473, 2.2428040504455566, 2.2539360523223877]"
6304.0,2008-12-01T00:00:00.000000000,"[2.6435842514038086, 2.8636057376861572, 2.9076099395751953, 3.259644031524658]","[1.9722042083740234, 1.8415780067443848, 1.740531086921692, 1.709787130355835]"
6304.0,2009-03-01T00:00:00.000000000,"[2.8636057376861572, 2.9076099395751953, 3.259644031524658, 3.633680582046509]","[2.20652437210083, 2.202967643737793, 2.2337942123413086, 2.2213475704193115]"
6304.0,2009-06-01T00:00:00.000000000,"[2.9076099395751953, 3.259644031524658, 3.633680582046509, 3.7436912059783936]","[2.4473071098327637, 2.4554710388183594, 2.5057904720306396, 2.471590042114258]"
6304.0,2009-09-01T00:00:00.000000000,"[3.259644031524658, 3.633680582046509, 3.7436912059783936, 4.18373441696167]","[2.606715202331543, 2.6035056114196777, 2.6482901573181152, 2.6148602962493896]"
6304.0,2009-12-01T00:00:00.000000000,"[3.633680582046509, 3.7436912059783936, 4.18373441696167, 4.711785793304443]","[2.896205425262451, 2.916201114654541, 2.989537239074707, 2.9115724563598633]"
6304.0,2010-03-01T00:00:00.000000000,"[3.7436912059783936, 4.18373441696167, 4.711785793304443, 4.667781352996826]","[3.039625644683838, 2.9142022132873535, 2.853989601135254, 2.784362316131592]"
6304.0,2010-06-01T00:00:00.000000000,"[4.18373441696167, 4.711785793304443, 4.667781352996826, 3.259644031524658]","[3.0201969146728516, 2.843170166015625, 2.7222788333892822, 2.6251060962677]"
6304.0,2010-09-01T00:00:00.000000000,"[4.711785793304443, 4.667781352996826, 3.259644031524658, 3.21563982963562]","[2.999846935272217, 2.802727699279785, 2.654789447784424, 2.5796728134155273]"
6304.0,2010-12-01T00:00:00.000000000,"[4.667781352996826, 3.259644031524658, 3.21563982963562, 4.755789756774902]","[3.3968329429626465, 3.2182369232177734, 3.098601818084717, 2.9876351356506348]"
6304.0,2011-03-01T00:00:00.000000000,"[3.259644031524658, 3.21563982963562, 4.755789756774902, 5.151828289031982]","[3.6677908897399902, 3.4122323989868164, 3.2179553508758545, 3.017049789428711]"
6304.0,2011-06-01T00:00:00.000000000,"[3.21563982963562, 4.755789756774902, 5.151828289031982, 4.733787536621094]","[2.7750792503356934, 2.4496235847473145, 2.1384780406951904, 2.045224189758301]"
6304.0,2011-09-01T00:00:00.000000000,"[4.755789756774902, 5.151828289031982, 4.733787536621094, 5.305843353271484]","[2.798379421234131, 2.4564435482025146, 2.132366895675659, 2.0851404666900635]"
6304.0,2011-12-01T00:00:00.000000000,"[5.151828289031982, 4.733787536621094, 5.305843353271484, 5.965907573699951]","[3.898326873779297, 3.7937374114990234, 3.75785493850708, 3.727917194366455]"
6304.0,2012-03-01T00:00:00.000000000,"[4.733787536621094, 5.305843353271484, 5.965907573699951, 6.427952289581299]","[4.637634754180908, 4.5747270584106445, 4.6144843101501465, 4.555544376373291]"
6304.0,2012-06-01T00:00:00.000000000,"[5.305843353271484, 5.965907573699951, 6.427952289581299, 7.770082950592041]","[4.1986775398254395, 4.086155891418457, 4.03994083404541, 3.9513564109802246]"
6304.0,2012-09-01T00:00:00.000000000,"[5.965907573699951, 6.427952289581299, 7.770082950592041, 9.0462064743042]","[4.169137477874756, 4.033199787139893, 3.957653045654297, 3.895289182662964]"
6304.0,2012-12-01T00:00:00.000000000,"[6.427952289581299, 7.770082950592041, 9.0462064743042, 9.508252143859863]","[4.7861833572387695, 4.722343444824219, 4.741456031799316, 4.659714698791504]"
6304.0,2013-03-01T00:00:00.000000000,"[7.770082950592041, 9.0462064743042, 9.508252143859863, 11.598455429077148]","[4.977115154266357, 4.484182357788086, 4.083065509796143, 3.8425726890563965]"
6565.0,2005-09-01T00:00:00.000000000,"[2.0495264530181885, 1.4114645719528198, 1.9175138473510742, 2.379558563232422]","[1.759552001953125, 1.6472809314727783, 1.56369149684906, 1.5714735984802246]"
6565.0,2005-12-01T00:00:00.000000000,"[1.4114645719528198, 1.9175138473510742, 2.379558563232422, 2.5995800495147705]","[1.7539634704589844, 1.5404566526412964, 1.3558131456375122, 1.3380109071731567]"
6565.0,2006-03-01T00:00:00.000000000,"[1.9175138473510742, 2.379558563232422, 2.5995800495147705, 3.3036487102508545]","[1.3262653350830078, 0.9998595714569092, 0.6776474714279175, 0.6420083045959473]"
6565.0,2006-06-01T00:00:00.000000000,"[2.379558563232422, 2.5995800495147705, 3.3036487102508545, 2.7535951137542725]","[1.533605694770813, 1.2531554698944092, 0.985308825969696, 0.9580798745155334]"
6565.0,2006-09-01T00:00:00.000000000,"[2.5995800495147705, 3.3036487102508545, 2.7535951137542725, 1.8955113887786865]","[1.8670806884765625, 1.6378334760665894, 1.436395525932312, 1.4168082475662231]"
6565.0,2006-12-01T00:00:00.000000000,"[3.3036487102508545, 2.7535951137542725, 1.8955113887786865, 3.259644031524658]","[2.05185866355896, 1.8112688064575195, 1.6055121421813965, 1.5804919004440308]"
6565.0,2007-03-01T00:00:00.000000000,"[2.7535951137542725, 1.8955113887786865, 3.259644031524658, 3.281646251678467]","[2.3220386505126953, 1.9948548078536987, 1.715960144996643, 1.6641075611114502]"
6565.0,2007-06-01T00:00:00.000000000,"[1.8955113887786865, 3.259644031524658, 3.281646251678467, 4.227738380432129]","[2.0696654319763184, 1.6111667156219482, 1.1843616962432861, 1.1001582145690918]"
6565.0,2008-06-01T00:00:00.000000000,"[3.259644031524658, 3.281646251678467, 4.227738380432129, 5.459857940673828]","[1.5950349569320679, 1.0878911018371582, 0.584140419960022, 0.5096970200538635]"
6565.0,2008-09-01T00:00:00.000000000,"[3.281646251678467, 4.227738380432129, 5.459857940673828, 6.1419243812561035]","[2.562347888946533, 2.32016658782959, 2.122802734375, 2.0378363132476807]"
6565.0,2008-12-01T00:00:00.000000000,"[4.227738380432129, 5.459857940673828, 6.1419243812561035, 6.911999702453613]","[2.8769726753234863, 2.6743993759155273, 2.5316591262817383, 2.4532835483551025]"
6565.0,2009-03-01T00:00:00.000000000,"[5.459857940673828, 6.1419243812561035, 6.911999702453613, 8.848188400268555]","[3.5966782569885254, 3.5962634086608887, 3.6806225776672363, 3.5809202194213867]"
6565.0,2009-06-01T00:00:00.000000000,"[6.1419243812561035, 6.911999702453613, 8.848188400268555, 9.838284492492676]","[3.559992790222168, 3.4926085472106934, 3.511580467224121, 3.509542942047119]"
6565.0,2009-09-01T00:00:00.000000000,"[6.911999702453613, 8.848188400268555, 9.838284492492676, 10.98239517211914]","[3.860830783843994, 3.5727713108062744, 3.3769707679748535, 3.273083448410034]"
6565.0,2009-12-01T00:00:00.000000000,"[8.848188400268555, 9.838284492492676, 10.98239517211914, 6.6919779777526855]","[4.178764343261719, 3.784881114959717, 3.4831323623657227, 3.3059911727905273]"
6565.0,2010-03-01T00:00:00.000000000,"[9.838284492492676, 10.98239517211914, 6.6919779777526855, 7.8140869140625]","[5.550669193267822, 5.235204219818115, 5.061950206756592, 4.812061309814453]"
6565.0,2010-06-01T00:00:00.000000000,"[10.98239517211914, 6.6919779777526855, 7.8140869140625, 7.440051078796387]","[5.6031670570373535, 5.155721664428711, 4.827001571655273, 4.535224437713623]"
6565.0,2010-09-01T00:00:00.000000000,"[6.6919779777526855, 7.8140869140625, 7.440051078796387, 7.264033317565918]","[6.691227912902832, 6.533026218414307, 6.504481315612793, 6.141381740570068]"
6565.0,2010-12-01T00:00:00.000000000,"[7.8140869140625, 7.440051078796387, 7.264033317565918, 6.295939922332764]","[5.080705165863037, 4.555550575256348, 4.062347412109375, 3.6950464248657227]"
6565.0,2011-03-01T00:00:00.000000000,"[7.440051078796387, 7.264033317565918, 6.295939922332764, 8.12211799621582]","[5.3727827072143555, 4.548308372497559, 3.7957773208618164, 3.5716967582702637]"
6565.0,2011-06-01T00:00:00.000000000,"[7.264033317565918, 6.295939922332764, 8.12211799621582, 8.056110382080078]","[6.403388023376465, 5.990496635437012, 5.666645526885986, 5.36053991317749]"
6565.0,2011-09-01T00:00:00.000000000,"[6.295939922332764, 8.12211799621582, 8.056110382080078, 9.816282272338867]","[5.91929292678833, 5.3974785804748535, 4.958014488220215, 4.913200378417969]"
6565.0,2011-12-01T00:00:00.000000000,"[8.12211799621582, 8.056110382080078, 9.816282272338867, 11.7744722366333]","[5.663506507873535, 5.157574653625488, 4.709684371948242, 4.6799516677856445]"
6565.0,2012-03-01T00:00:00.000000000,"[8.056110382080078, 9.816282272338867, 11.7744722366333, 12.566550254821777]","[7.603045463562012, 7.511081218719482, 7.566726207733154, 7.539255619049072]"
6565.0,2012-06-01T00:00:00.000000000,"[9.816282272338867, 11.7744722366333, 12.566550254821777, 15.778861045837402]","[7.295262336730957, 7.213313102722168, 7.251028060913086, 7.278993606567383]"
6565.0,2012-09-01T00:00:00.000000000,"[11.7744722366333, 12.566550254821777, 15.778861045837402, 17.09899139404297]","[9.446751594543457, 9.415992736816406, 9.597372055053711, 9.376470565795898]"
6565.0,2012-12-01T00:00:00.000000000,"[12.566550254821777, 15.778861045837402, 17.09899139404297, 17.69304847717285]","[10.743646621704102, 10.753490447998047, 11.015637397766113, 10.655911445617676]"
6565.0,2013-03-01T00:00:00.000000000,"[15.778861045837402, 17.09899139404297, 17.69304847717285, 18.06708526611328]","[10.467012405395508, 10.197094917297363, 10.143199920654297, 9.738779067993164]"
7154.0,2006-06-01T00:00:00.000000000,"[2.379558563232422, 2.2915501594543457, 1.7855008840560913, 1.5214751958847046]","[2.243178606033325, 2.1968953609466553, 2.1766552925109863, 2.186819076538086]"
7154.0,2006-09-01T00:00:00.000000000,"[2.2915501594543457, 1.7855008840560913, 1.5214751958847046, 2.1375350952148438]","[2.2213525772094727, 2.2074263095855713, 2.213815927505493, 2.2329909801483154]"
7154.0,2006-12-01T00:00:00.000000000,"[1.7855008840560913, 1.5214751958847046, 2.1375350952148438, 2.379558563232422]","[2.344597339630127, 2.323486328125, 2.3284873962402344, 2.34501314163208]"
7154.0,2007-03-01T00:00:00.000000000,"[1.5214751958847046, 2.1375350952148438, 2.379558563232422, 2.181539297103882]","[2.1746950149536133, 2.166417121887207, 2.1712558269500732, 2.193077564239502]"
7154.0,2007-06-01T00:00:00.000000000,"[2.1375350952148438, 2.379558563232422, 2.181539297103882, 2.0055222511291504]","[1.967533826828003, 1.9761828184127808, 1.9832921028137207, 2.0129880905151367]"
7154.0,2007-09-01T00:00:00.000000000,"[2.379558563232422, 2.181539297103882, 2.0055222511291504, 2.4895694255828857]","[2.179759979248047, 2.174647092819214, 2.1803219318389893, 2.2019827365875244]"
7154.0,2007-12-01T00:00:00.000000000,"[2.181539297103882, 2.0055222511291504, 2.4895694255828857, 2.8636057376861572]","[2.2194418907165527, 2.21388578414917, 2.2192139625549316, 2.2396116256713867]"
7154.0,2008-03-01T00:00:00.000000000,"[2.0055222511291504, 2.4895694255828857, 2.8636057376861572, 2.4455649852752686]","[2.283644676208496, 2.2753591537475586, 2.280795097351074, 2.3004164695739746]"
7154.0,2008-06-01T00:00:00.000000000,"[2.4895694255828857, 2.8636057376861572, 2.4455649852752686, 2.533573627471924]","[2.2162857055664062, 2.21345853805542, 2.218482494354248, 2.2390923500061035]"
7154.0,2008-09-01T00:00:00.000000000,"[2.8636057376861572, 2.4455649852752686, 2.533573627471924, 3.1056292057037354]","[2.4888556003570557, 2.4830663204193115, 2.498354911804199, 2.493581533432007]"
7154.0,2008-12-01T00:00:00.000000000,"[2.4455649852752686, 2.533573627471924, 3.1056292057037354, 3.171635627746582]","[2.566563129425049, 2.558676242828369, 2.57279372215271, 2.561908483505249]"
7154.0,2009-03-01T00:00:00.000000000,"[2.533573627471924, 3.1056292057037354, 3.171635627746582, 3.0616250038146973]","[2.5852420330047607, 2.5683698654174805, 2.5752720832824707, 2.577101945877075]"
7154.0,2009-06-01T00:00:00.000000000,"[3.1056292057037354, 3.171635627746582, 3.0616250038146973, 3.2376420497894287]","[2.6198301315307617, 2.611185073852539, 2.624664068222046, 2.6145644187927246]"
7154.0,2009-09-01T00:00:00.000000000,"[3.171635627746582, 3.0616250038146973, 3.2376420497894287, 3.677685022354126]","[2.7989683151245117, 2.787041664123535, 2.8034825325012207, 2.777078151702881]"
7154.0,2009-12-01T00:00:00.000000000,"[3.0616250038146973, 3.2376420497894287, 3.677685022354126, 3.919708251953125]","[2.884585380554199, 2.897407054901123, 2.9365477561950684, 2.890068769454956]"
7154.0,2010-03-01T00:00:00.000000000,"[3.2376420497894287, 3.677685022354126, 3.919708251953125, 3.633680582046509]","[2.922305107116699, 2.9555230140686035, 3.010739803314209, 2.9456186294555664]"
7154.0,2010-06-01T00:00:00.000000000,"[3.677685022354126, 3.919708251953125, 3.633680582046509, 3.21563982963562]","[3.0331621170043945, 3.07244610786438, 3.135152816772461, 3.055166244506836]"
7154.0,2010-09-01T00:00:00.000000000,"[3.919708251953125, 3.633680582046509, 3.21563982963562, 3.8096976280212402]","[3.087372303009033, 3.0139920711517334, 2.9744210243225098, 2.9354727268218994]"
7154.0,2010-12-01T00:00:00.000000000,"[3.633680582046509, 3.21563982963562, 3.8096976280212402, 3.9417104721069336]","[3.284069299697876, 3.2952778339385986, 3.339726448059082, 3.2836544513702393]"
7154.0,2011-03-01T00:00:00.000000000,"[3.21563982963562, 3.8096976280212402, 3.9417104721069336, 3.633680582046509]","[3.337531805038452, 3.267850399017334, 3.230673313140869, 3.1310272216796875]"
7154.0,2011-06-01T00:00:00.000000000,"[3.8096976280212402, 3.9417104721069336, 3.633680582046509, 2.533573627471924]","[3.161684513092041, 3.052713394165039, 2.964553117752075, 2.8679182529449463]"
7154.0,2011-09-01T00:00:00.000000000,"[3.9417104721069336, 3.633680582046509, 2.533573627471924, 0.7514004111289978]","[3.1656789779663086, 3.0551228523254395, 2.9651777744293213, 2.906073808670044]"
7154.0,2011-12-01T00:00:00.000000000,"[3.633680582046509, 2.533573627471924, 0.7514004111289978, 4.18373441696167]","[3.505506753921509, 3.397721290588379, 3.3271403312683105, 3.261413812637329]"
7154.0,2012-03-01T00:00:00.000000000,"[2.533573627471924, 0.7514004111289978, 4.18373441696167, 3.0396230220794678]","[3.1932387351989746, 3.015671968460083, 2.860323667526245, 2.8324785232543945]"
7154.0,2012-06-01T00:00:00.000000000,"[0.7514004111289978, 4.18373441696167, 3.0396230220794678, 3.523669719696045]","[2.690875768661499, 2.4763736724853516, 2.2530517578125, 2.2316055297851562]"
7154.0,2012-09-01T00:00:00.000000000,"[4.18373441696167, 3.0396230220794678, 3.523669719696045, 4.513765811920166]","[2.1011593341827393, 2.2050437927246094, 2.304663896560669, 2.376863479614258]"
7154.0,2012-12-01T00:00:00.000000000,"[3.0396230220794678, 3.523669719696045, 4.513765811920166, 5.371849536895752]","[3.030809164047241, 3.0412399768829346, 3.049830436706543, 3.0854573249816895]"
7154.0,2013-03-01T00:00:00.000000000,"[3.523669719696045, 4.513765811920166, 5.371849536895752, 4.20573616027832]","[3.0971579551696777, 3.100950241088867, 3.109086275100708, 3.1445395946502686]"
7257.0,2006-06-01T00:00:00.000000000,"[1.1694409847259521, 1.279451608657837, 1.2134451866149902, 1.1694409847259521]","[1.2892290353775024, 1.289252758026123, 1.2926236391067505, 1.3054040670394897]"
7257.0,2006-09-01T00:00:00.000000000,"[1.279451608657837, 1.2134451866149902, 1.1694409847259521, 1.1914430856704712]","[1.3122807741165161, 1.3112244606018066, 1.3143219947814941, 1.3255928754806519]"
7257.0,2006-12-01T00:00:00.000000000,"[1.2134451866149902, 1.1694409847259521, 1.1914430856704712, 1.4114645719528198]","[1.2721530199050903, 1.2745102643966675, 1.2775505781173706, 1.2898353338241577]"
7257.0,2007-03-01T00:00:00.000000000,"[1.1694409847259521, 1.1914430856704712, 1.4114645719528198, 1.3454581499099731]","[1.3007649183273315, 1.3015241622924805, 1.3043171167373657, 1.3153244256973267]"
7257.0,2007-06-01T00:00:00.000000000,"[1.1914430856704712, 1.4114645719528198, 1.3454581499099731, 1.2574495077133179]","[1.2498395442962646, 1.254734992980957, 1.2580795288085938, 1.271749496459961]"
7257.0,2007-09-01T00:00:00.000000000,"[1.4114645719528198, 1.3454581499099731, 1.2574495077133179, 1.3454581499099731]","[1.266033411026001, 1.2708569765090942, 1.2758772373199463, 1.2897553443908691]"
7257.0,2007-12-01T00:00:00.000000000,"[1.3454581499099731, 1.2574495077133179, 1.3454581499099731, 1.6534881591796875]","[1.368554711341858, 1.3652374744415283, 1.367055058479309, 1.373700737953186]"
7257.0,2008-03-01T00:00:00.000000000,"[1.2574495077133179, 1.3454581499099731, 1.6534881591796875, 1.2574495077133179]","[1.3328673839569092, 1.3315171003341675, 1.3327423334121704, 1.3376222848892212]"
7257.0,2008-06-01T00:00:00.000000000,"[1.3454581499099731, 1.6534881591796875, 1.2574495077133179, 1.2354472875595093]","[1.2962111234664917, 1.297827959060669, 1.2994061708450317, 1.3060870170593262]"
7257.0,2008-09-01T00:00:00.000000000,"[1.6534881591796875, 1.2574495077133179, 1.2354472875595093, 1.5214751958847046]","[1.313049077987671, 1.3138710260391235, 1.3153190612792969, 1.3214164972305298]"
7257.0,2008-12-01T00:00:00.000000000,"[1.2574495077133179, 1.2354472875595093, 1.5214751958847046, 1.7414965629577637]","[1.4574450254440308, 1.4493306875228882, 1.4500176906585693, 1.4518462419509888]"
7257.0,2009-03-01T00:00:00.000000000,"[1.2354472875595093, 1.5214751958847046, 1.7414965629577637, 1.455468773841858]","[1.3783255815505981, 1.3782625198364258, 1.3811589479446411, 1.3847016096115112]"
7257.0,2009-06-01T00:00:00.000000000,"[1.5214751958847046, 1.7414965629577637, 1.455468773841858, 1.6094835996627808]","[1.3341838121414185, 1.3358287811279297, 1.3377983570098877, 1.344748854637146]"
7257.0,2009-09-01T00:00:00.000000000,"[1.7414965629577637, 1.455468773841858, 1.6094835996627808, 1.6314857006072998]","[1.45222008228302, 1.4514044523239136, 1.456365942955017, 1.4542289972305298]"
7257.0,2009-12-01T00:00:00.000000000,"[1.455468773841858, 1.6094835996627808, 1.6314857006072998, 1.9175138473510742]","[1.4970256090164185, 1.4893132448196411, 1.4900283813476562, 1.492945671081543]"
7257.0,2010-03-01T00:00:00.000000000,"[1.6094835996627808, 1.6314857006072998, 1.9175138473510742, 1.5874814987182617]","[1.4968644380569458, 1.4992300271987915, 1.5079827308654785, 1.5013322830200195]"
7257.0,2010-06-01T00:00:00.000000000,"[1.6314857006072998, 1.9175138473510742, 1.5874814987182617, 1.9835201501846313]","[1.5252653360366821, 1.5231776237487793, 1.5275793075561523, 1.5129694938659668]"
7257.0,2010-09-01T00:00:00.000000000,"[1.9175138473510742, 1.5874814987182617, 1.9835201501846313, 2.1595370769500732]","[1.4915919303894043, 1.474007248878479, 1.4625849723815918, 1.4644536972045898]"
7257.0,2010-12-01T00:00:00.000000000,"[1.5874814987182617, 1.9835201501846313, 2.1595370769500732, 2.621582269668579]","[1.6330232620239258, 1.6299079656600952, 1.6379035711288452, 1.628659725189209]"
7257.0,2011-03-01T00:00:00.000000000,"[1.9835201501846313, 2.1595370769500732, 2.621582269668579, 1.8515071868896484]","[1.528954029083252, 1.4829145669937134, 1.4425487518310547, 1.428923487663269]"
7257.0,2011-06-01T00:00:00.000000000,"[2.1595370769500732, 2.621582269668579, 1.8515071868896484, 2.5995800495147705]","[1.6692605018615723, 1.6425386667251587, 1.6270146369934082, 1.6122452020645142]"
7257.0,2011-09-01T00:00:00.000000000,"[2.621582269668579, 1.8515071868896484, 2.5995800495147705, 2.313552141189575]","[1.8765265941619873, 1.8853236436843872, 1.9099445343017578, 1.874417781829834]"
7257.0,2011-12-01T00:00:00.000000000,"[1.8515071868896484, 2.5995800495147705, 2.313552141189575, 3.127631425857544]","[2.060610294342041, 2.077542304992676, 2.1110036373138428, 2.0438272953033447]"
7257.0,2012-03-01T00:00:00.000000000,"[2.5995800495147705, 2.313552141189575, 3.127631425857544, 2.2035415172576904]","[1.7968101501464844, 1.754639983177185, 1.719977617263794, 1.6733856201171875]"
7257.0,2012-06-01T00:00:00.000000000,"[2.313552141189575, 3.127631425857544, 2.2035415172576904, 2.379558563232422]","[2.0649967193603516, 2.067563056945801, 2.088456153869629, 2.043113946914673]"
7257.0,2012-09-01T00:00:00.000000000,"[3.127631425857544, 2.2035415172576904, 2.379558563232422, 2.181539297103882]","[2.0643362998962402, 2.0227019786834717, 1.9978008270263672, 1.9365167617797852]"
7257.0,2012-12-01T00:00:00.000000000,"[2.2035415172576904, 2.379558563232422, 2.181539297103882, 3.1496336460113525]","[2.348958730697632, 2.3586106300354004, 2.395845413208008, 2.347170829772949]"
7257.0,2013-03-01T00:00:00.000000000,"[2.379558563232422, 2.181539297103882, 3.1496336460113525, 3.259644031524658]","[2.1382720470428467, 2.1133639812469482, 2.101569175720215, 2.045010566711426]"
7343.0,2006-06-01T00:00:00.000000000,"[1.0374282598495483, 1.103434681892395, 1.4334666728973389, 1.0814324617385864]","[0.329376220703125, 0.28361380100250244, 0.2863224744796753, 0.29451000690460205]"
7343.0,2006-09-01T00:00:00.000000000,"[1.103434681892395, 1.4334666728973389, 1.0814324617385864, 0.4873746931552887]","[0.3515310287475586, 0.2645319700241089, 0.21998655796051025, 0.19183361530303955]"
7343.0,2006-12-01T00:00:00.000000000,"[1.4334666728973389, 1.0814324617385864, 0.4873746931552887, 0.11333828419446945]","[0.40784937143325806, 0.373493492603302, 0.3663035035133362, 0.24920833110809326]"
7343.0,2007-03-01T00:00:00.000000000,"[1.0814324617385864, 0.4873746931552887, 0.11333828419446945, -0.1726895570755005]","[0.6551506519317627, 0.6610666513442993, 0.7015742063522339, 0.5806421041488647]"
7343.0,2007-06-01T00:00:00.000000000,"[0.4873746931552887, 0.11333828419446945, -0.1726895570755005, -0.8107516169548035]","[0.4384366273880005, 0.12848204374313354, -0.14929664134979248, -0.3034187853336334]"
7343.0,2007-09-01T00:00:00.000000000,"[0.11333828419446945, -0.1726895570755005, -0.8107516169548035, -0.8767580389976501]","[0.24667322635650635, -0.0045858025550842285, -0.22904753684997559, -0.2709536552429199]"
7343.0,2007-12-01T00:00:00.000000000,"[-0.1726895570755005, -0.8107516169548035, -0.8767580389976501, -0.8107516169548035]","[0.20096641778945923, -0.017969608306884766, -0.21812009811401367, -0.2686658501625061]"
7343.0,2008-03-01T00:00:00.000000000,"[-0.8107516169548035, -0.8767580389976501, -0.8107516169548035, 0.003327556187286973]","[0.16160643100738525, 0.05409163236618042, -0.037755101919174194, -0.026372969150543213]"
7343.0,2008-06-01T00:00:00.000000000,"[-0.8767580389976501, -0.8107516169548035, 0.003327556187286973, 1.279451608657837]","[-0.12793099880218506, -0.11548393964767456, -0.09976181387901306, -0.042460471391677856]"
7343.0,2008-09-01T00:00:00.000000000,"[-0.8107516169548035, 0.003327556187286973, 1.279451608657837, 2.8636057376861572]","[-0.44926485419273376, -0.3991226553916931, -0.36958110332489014, -0.2942515015602112]"
7343.0,2008-12-01T00:00:00.000000000,"[0.003327556187286973, 1.279451608657837, 2.8636057376861572, 3.7436912059783936]","[-0.6079967021942139, -0.5490145683288574, -0.5266117453575134, -0.4501005709171295]"
7343.0,2009-03-01T00:00:00.000000000,"[1.279451608657837, 2.8636057376861572, 3.7436912059783936, 4.689783573150635]","[-0.36405277252197266, -0.32224535942077637, -0.3060084879398346, -0.2359495609998703]"
7343.0,2009-06-01T00:00:00.000000000,"[2.8636057376861572, 3.7436912059783936, 4.689783573150635, 5.503862380981445]","[0.5286938548088074, 0.5100470781326294, 0.5187875628471375, 0.5514697432518005]"
7343.0,2009-09-01T00:00:00.000000000,"[3.7436912059783936, 4.689783573150635, 5.503862380981445, 6.229933261871338]","[1.498367428779602, 1.485822081565857, 1.5408501625061035, 1.4733357429504395]"
7343.0,2009-12-01T00:00:00.000000000,"[4.689783573150635, 5.503862380981445, 6.229933261871338, 7.066014289855957]","[2.5784456729888916, 2.5836586952209473, 2.7007198333740234, 2.5290894508361816]"
7343.0,2010-03-01T00:00:00.000000000,"[5.503862380981445, 6.229933261871338, 7.066014289855957, 5.833894729614258]","[3.2255072593688965, 3.2794480323791504, 3.4547972679138184, 3.194793462753296]"
7343.0,2010-06-01T00:00:00.000000000,"[6.229933261871338, 7.066014289855957, 5.833894729614258, 3.0616250038146973]","[3.3845467567443848, 3.5294628143310547, 3.7720751762390137, 3.4565024375915527]"
7343.0,2010-09-01T00:00:00.000000000,"[7.066014289855957, 5.833894729614258, 3.0616250038146973, 1.6094835996627808]","[3.268484592437744, 3.0179452896118164, 2.859527587890625, 2.541440486907959]"
7343.0,2010-12-01T00:00:00.000000000,"[5.833894729614258, 3.0616250038146973, 1.6094835996627808, 0.5313789248466492]","[3.5024466514587402, 2.814857006072998, 2.2364578247070312, 1.8937275409698486]"
7343.0,2011-03-01T00:00:00.000000000,"[3.0616250038146973, 1.6094835996627808, 0.5313789248466492, 0.35536178946495056]","[3.229979991912842, 2.370662212371826, 1.5949543714523315, 1.2351821660995483]"
7343.0,2011-06-01T00:00:00.000000000,"[1.6094835996627808, 0.5313789248466492, 0.35536178946495056, 0.2893553674221039]","[2.6484882831573486, 2.1202657222747803, 1.6184861660003662, 1.3389972448349]"
7343.0,2011-09-01T00:00:00.000000000,"[0.5313789248466492, 0.35536178946495056, 0.2893553674221039, 1.103434681892395]","[1.560896396636963, 0.7098108530044556, -0.15828758478164673, -0.36506325006484985]"
7343.0,2011-12-01T00:00:00.000000000,"[0.35536178946495056, 0.2893553674221039, 1.103434681892395, 1.6754902601242065]","[1.870176076889038, 1.92696213722229, 1.9628500938415527, 2.088376522064209]"
7343.0,2012-03-01T00:00:00.000000000,"[0.2893553674221039, 1.103434681892395, 1.6754902601242065, 1.0154259204864502]","[1.3638293743133545, 1.4506131410598755, 1.485731601715088, 1.6378977298736572]"
7343.0,2012-06-01T00:00:00.000000000,"[1.103434681892395, 1.6754902601242065, 1.0154259204864502, 1.455468773841858]","[1.0561012029647827, 1.1686419248580933, 1.2125439643859863, 1.3625996112823486]"
7343.0,2012-09-01T00:00:00.000000000,"[1.6754902601242065, 1.0154259204864502, 1.455468773841858, 3.4356613159179688]","[1.1728742122650146, 1.278573989868164, 1.316981315612793, 1.4828896522521973]"
7343.0,2012-12-01T00:00:00.000000000,"[1.0154259204864502, 1.455468773841858, 3.4356613159179688, 4.623776912689209]","[2.1534955501556396, 2.1897544860839844, 2.219595193862915, 2.342022180557251]"
7343.0,2013-03-01T00:00:00.000000000,"[1.455468773841858, 3.4356613159179688, 4.623776912689209, 4.051721572875977]","[2.051311731338501, 2.098231315612793, 2.1291000843048096, 2.257317066192627]"
7435.0,2006-06-01T00:00:00.000000000,"[3.5016677379608154, 3.6556828022003174, 3.281646251678467, 3.5896763801574707]","[3.112612247467041, 3.1179556846618652, 3.1528565883636475, 3.1129393577575684]"
7435.0,2006-09-01T00:00:00.000000000,"[3.6556828022003174, 3.281646251678467, 3.5896763801574707, 3.7436912059783936]","[3.2819883823394775, 3.2832999229431152, 3.3207170963287354, 3.2742722034454346]"
7435.0,2006-12-01T00:00:00.000000000,"[3.281646251678467, 3.5896763801574707, 3.7436912059783936, 3.8096976280212402]","[3.4131290912628174, 3.4156789779663086, 3.457563877105713, 3.4044978618621826]"
7435.0,2007-03-01T00:00:00.000000000,"[3.5896763801574707, 3.7436912059783936, 3.8096976280212402, 2.9516141414642334]","[3.381889581680298, 3.4015259742736816, 3.453202247619629, 3.3927555084228516]"
7435.0,2007-06-01T00:00:00.000000000,"[3.7436912059783936, 3.8096976280212402, 2.9516141414642334, 3.8096976280212402]","[3.4576003551483154, 3.470442056655884, 3.5173542499542236, 3.4610800743103027]"
7435.0,2007-09-01T00:00:00.000000000,"[3.8096976280212402, 2.9516141414642334, 3.8096976280212402, 3.875704050064087]","[3.558157205581665, 3.5652575492858887, 3.6094577312469482, 3.556488513946533]"
7435.0,2007-12-01T00:00:00.000000000,"[2.9516141414642334, 3.8096976280212402, 3.875704050064087, 4.029719352722168]","[3.652294635772705, 3.659090518951416, 3.704770803451538, 3.6505603790283203]"
7435.0,2008-03-01T00:00:00.000000000,"[3.8096976280212402, 3.875704050064087, 4.029719352722168, 3.4356613159179688]","[3.3725898265838623, 3.3846540451049805, 3.416790723800659, 3.378943920135498]"
7435.0,2008-06-01T00:00:00.000000000,"[3.875704050064087, 4.029719352722168, 3.4356613159179688, 4.051721572875977]","[3.621598720550537, 3.62587833404541, 3.6632938385009766, 3.6245839595794678]"
7435.0,2008-09-01T00:00:00.000000000,"[4.029719352722168, 3.4356613159179688, 4.051721572875977, 4.2497406005859375]","[3.740933656692505, 3.735790729522705, 3.768873691558838, 3.7349183559417725]"
7435.0,2008-12-01T00:00:00.000000000,"[3.4356613159179688, 4.051721572875977, 4.2497406005859375, 4.42575740814209]","[3.858381986618042, 3.8516063690185547, 3.886338233947754, 3.849907159805298]"
7435.0,2009-03-01T00:00:00.000000000,"[4.051721572875977, 4.2497406005859375, 4.42575740814209, 3.919708251953125]","[3.762953281402588, 3.7803399562835693, 3.8274941444396973, 3.780766010284424]"
7435.0,2009-06-01T00:00:00.000000000,"[4.2497406005859375, 4.42575740814209, 3.919708251953125, 4.7997941970825195]","[3.9501397609710693, 3.9515891075134277, 3.9924445152282715, 3.9469637870788574]"
7435.0,2009-09-01T00:00:00.000000000,"[4.42575740814209, 3.919708251953125, 4.7997941970825195, 4.9978132247924805]","[4.088099479675293, 4.083128452301025, 4.122769355773926, 4.078051567077637]"
7435.0,2009-12-01T00:00:00.000000000,"[3.919708251953125, 4.7997941970825195, 4.9978132247924805, 4.975811004638672]","[4.240856170654297, 4.237834453582764, 4.283577919006348, 4.230444431304932]"
7435.0,2010-03-01T00:00:00.000000000,"[4.7997941970825195, 4.9978132247924805, 4.975811004638672, 4.381753444671631]","[4.161694526672363, 4.181488990783691, 4.23859167098999, 4.175168991088867]"
7435.0,2010-06-01T00:00:00.000000000,"[4.9978132247924805, 4.975811004638672, 4.381753444671631, 4.20573616027832]","[4.411126136779785, 4.422027587890625, 4.47998046875, 4.403802871704102]"
7435.0,2010-09-01T00:00:00.000000000,"[4.975811004638672, 4.381753444671631, 4.20573616027832, 4.139729976654053]","[4.59457540512085, 4.603643894195557, 4.664809226989746, 4.583653450012207]"
7435.0,2010-12-01T00:00:00.000000000,"[4.381753444671631, 4.20573616027832, 4.139729976654053, 4.975811004638672]","[4.69987154006958, 4.716433525085449, 4.784601211547852, 4.696592807769775]"
7435.0,2011-03-01T00:00:00.000000000,"[4.20573616027832, 4.139729976654053, 4.975811004638672, 4.029719352722168]","[4.557735443115234, 4.56187629699707, 4.6037702560424805, 4.505111217498779]"
7435.0,2011-06-01T00:00:00.000000000,"[4.139729976654053, 4.975811004638672, 4.029719352722168, 4.051721572875977]","[4.396331310272217, 4.40513801574707, 4.44305944442749, 4.391501426696777]"
7435.0,2011-09-01T00:00:00.000000000,"[4.975811004638672, 4.029719352722168, 4.051721572875977, 3.21563982963562]","[4.336263179779053, 4.34136962890625, 4.373393535614014, 4.35651969909668]"
7435.0,2011-12-01T00:00:00.000000000,"[4.029719352722168, 4.051721572875977, 3.21563982963562, 4.645779132843018]","[4.729028224945068, 4.718916416168213, 4.75540018081665, 4.7185139656066895]"
7435.0,2012-03-01T00:00:00.000000000,"[4.051721572875977, 3.21563982963562, 4.645779132843018, 4.535768508911133]","[4.507998943328857, 4.511545181274414, 4.545459747314453, 4.52308464050293]"
7435.0,2012-06-01T00:00:00.000000000,"[3.21563982963562, 4.645779132843018, 4.535768508911133, 5.3938517570495605]","[4.343392372131348, 4.340756893157959, 4.359106063842773, 4.364987373352051]"
7435.0,2012-09-01T00:00:00.000000000,"[4.645779132843018, 4.535768508911133, 5.3938517570495605, 4.9978132247924805]","[3.8992950916290283, 3.9155361652374268, 3.9257590770721436, 3.9692041873931885]"
7435.0,2012-12-01T00:00:00.000000000,"[4.535768508911133, 5.3938517570495605, 4.9978132247924805, 4.689783573150635]","[4.34223747253418, 4.328975677490234, 4.335726261138916, 4.361109256744385]"
7435.0,2013-03-01T00:00:00.000000000,"[5.3938517570495605, 4.9978132247924805, 4.689783573150635, 4.381753444671631]","[4.603557109832764, 4.581181049346924, 4.591476917266846, 4.597615718841553]"
7906.0,2006-06-01T00:00:00.000000000,"[0.15734252333641052, 0.4983757734298706, 0.11333828419446945, 0.27835431694984436]","[0.06756320595741272, 0.05446334183216095, 0.04871140420436859, 0.03272449970245361]"
7906.0,2006-09-01T00:00:00.000000000,"[0.4983757734298706, 0.11333828419446945, 0.27835431694984436, 0.37736397981643677]","[0.10354399681091309, 0.10035620629787445, 0.1057606041431427, 0.0968414843082428]"
7906.0,2006-12-01T00:00:00.000000000,"[0.11333828419446945, 0.27835431694984436, 0.37736397981643677, 0.7734025120735168]","[0.23735423386096954, 0.23214592039585114, 0.24145691096782684, 0.2280137985944748]"
7906.0,2007-03-01T00:00:00.000000000,"[0.27835431694984436, 0.37736397981643677, 0.7734025120735168, 0.2893553674221039]","[0.17741839587688446, 0.17117901146411896, 0.17423979938030243, 0.15411412715911865]"
7906.0,2007-06-01T00:00:00.000000000,"[0.37736397981643677, 0.7734025120735168, 0.2893553674221039, 0.5093768239021301]","[0.17683963477611542, 0.14640574157238007, 0.12516716122627258, 0.10170960426330566]"
7906.0,2007-09-01T00:00:00.000000000,"[0.7734025120735168, 0.2893553674221039, 0.5093768239021301, 0.37736397981643677]","[0.2637721598148346, 0.2721366286277771, 0.29117050766944885, 0.26737040281295776]"
7906.0,2007-12-01T00:00:00.000000000,"[0.2893553674221039, 0.5093768239021301, 0.37736397981643677, 0.9054153561592102]","[0.42274221777915955, 0.4240555167198181, 0.4432682991027832, 0.41571417450904846]"
7906.0,2008-03-01T00:00:00.000000000,"[0.5093768239021301, 0.37736397981643677, 0.9054153561592102, 0.3993660807609558]","[0.31379759311676025, 0.30738621950149536, 0.311310738325119, 0.2865239381790161]"
7906.0,2008-06-01T00:00:00.000000000,"[0.37736397981643677, 0.9054153561592102, 0.3993660807609558, 0.7954046130180359]","[0.2751578390598297, 0.23727497458457947, 0.20743370056152344, 0.1837930679321289]"
7906.0,2008-09-01T00:00:00.000000000,"[0.9054153561592102, 0.3993660807609558, 0.7954046130180359, 0.6193875670433044]","[0.3232828378677368, 0.28617438673973083, 0.2592064440250397, 0.23628965020179749]"
7906.0,2008-12-01T00:00:00.000000000,"[0.3993660807609558, 0.7954046130180359, 0.6193875670433044, 0.553381085395813]","[0.5813723206520081, 0.5735897421836853, 0.5883176326751709, 0.568217396736145]"
7906.0,2009-03-01T00:00:00.000000000,"[0.7954046130180359, 0.6193875670433044, 0.553381085395813, 0.3113575577735901]","[0.3870638310909271, 0.36588945984840393, 0.35389354825019836, 0.334483802318573]"
7906.0,2009-06-01T00:00:00.000000000,"[0.6193875670433044, 0.553381085395813, 0.3113575577735901, 0.7954046130180359]","[0.5643500089645386, 0.5679415464401245, 0.5877137184143066, 0.5633758902549744]"
7906.0,2009-09-01T00:00:00.000000000,"[0.553381085395813, 0.3113575577735901, 0.7954046130180359, 0.8174067735671997]","[0.5763589143753052, 0.5943529605865479, 0.6253110766410828, 0.5894474983215332]"
7906.0,2009-12-01T00:00:00.000000000,"[0.3113575577735901, 0.7954046130180359, 0.8174067735671997, 0.7734025120735168]","[0.5480021238327026, 0.5600882768630981, 0.5836827754974365, 0.560300886631012]"
7906.0,2010-03-01T00:00:00.000000000,"[0.7954046130180359, 0.8174067735671997, 0.7734025120735168, 0.44337034225463867]","[0.4720459282398224, 0.496092289686203, 0.5249043703079224, 0.5006386041641235]"
7906.0,2010-06-01T00:00:00.000000000,"[0.8174067735671997, 0.7734025120735168, 0.44337034225463867, 0.7954046130180359]","[0.6595231294631958, 0.6522930264472961, 0.6636389493942261, 0.6519270539283752]"
7906.0,2010-09-01T00:00:00.000000000,"[0.7734025120735168, 0.44337034225463867, 0.7954046130180359, 0.6633917689323425]","[0.6832985281944275, 0.6639543771743774, 0.6652127504348755, 0.6686044931411743]"
7906.0,2010-12-01T00:00:00.000000000,"[0.44337034225463867, 0.7954046130180359, 0.6633917689323425, 1.1914430856704712]","[0.6898860931396484, 0.6739575862884521, 0.6768588423728943, 0.6798324584960938]"
7906.0,2011-03-01T00:00:00.000000000,"[0.7954046130180359, 0.6633917689323425, 1.1914430856704712, 0.8394088745117188]","[0.5312396883964539, 0.49106311798095703, 0.4592134356498718, 0.45762407779693604]"
7906.0,2011-06-01T00:00:00.000000000,"[0.6633917689323425, 1.1914430856704712, 0.8394088745117188, 1.0154259204864502]","[0.7105312347412109, 0.700441837310791, 0.7070752382278442, 0.7075634598731995]"
7906.0,2011-09-01T00:00:00.000000000,"[1.1914430856704712, 0.8394088745117188, 1.0154259204864502, -1.8228501081466675]","[0.7786721587181091, 0.7757036685943604, 0.7906628251075745, 0.7784462571144104]"
7906.0,2011-12-01T00:00:00.000000000,"[0.8394088745117188, 1.0154259204864502, -1.8228501081466675, 1.3894624710083008]","[0.9771162271499634, 0.969152569770813, 0.988059401512146, 0.9639763832092285]"
7906.0,2012-03-01T00:00:00.000000000,"[1.0154259204864502, -1.8228501081466675, 1.3894624710083008, 1.0154259204864502]","[0.8368521928787231, 0.8199728727340698, 0.8208370208740234, 0.8092741966247559]"
7906.0,2012-06-01T00:00:00.000000000,"[-1.8228501081466675, 1.3894624710083008, 1.0154259204864502, 1.279451608657837]","[0.8997666239738464, 0.8866925239562988, 0.891516923904419, 0.8676774501800537]"
7906.0,2012-09-01T00:00:00.000000000,"[1.3894624710083008, 1.0154259204864502, 1.279451608657837, 1.3454581499099731]","[-0.1439618468284607, -0.04726439714431763, 0.05460044741630554, 0.11328235268592834]"
7906.0,2012-12-01T00:00:00.000000000,"[1.0154259204864502, 1.279451608657837, 1.3454581499099731, 1.8515071868896484]","[0.4890005588531494, 0.5115416049957275, 0.5195638537406921, 0.5530641674995422]"
7906.0,2013-03-01T00:00:00.000000000,"[1.279451608657837, 1.3454581499099731, 1.8515071868896484, 1.125436782836914]","[0.9953861832618713, 0.968532919883728, 1.0795893669128418, 1.130943775177002]"
7977.0,2006-03-01T00:00:00.000000000,"[0.15734252333641052, 0.9054153561592102, 0.15734252333641052, 0.3113575577735901]","[0.38035911321640015, 0.38025861978530884, 0.38366711139678955, 0.39857232570648193]"
7977.0,2006-06-01T00:00:00.000000000,"[0.9054153561592102, 0.15734252333641052, 0.3113575577735901, 0.15734252333641052]","[0.26735809445381165, 0.27684080600738525, 0.28174370527267456, 0.30140548944473267]"
7977.0,2006-09-01T00:00:00.000000000,"[0.15734252333641052, 0.3113575577735901, 0.15734252333641052, 1.147438883781433]","[0.5195778608322144, 0.5126297473907471, 0.515414834022522, 0.525496244430542]"
7977.0,2006-12-01T00:00:00.000000000,"[0.3113575577735901, 0.15734252333641052, 1.147438883781433, 0.20134682953357697]","[0.2789359390735626, 0.290104478597641, 0.2952076196670532, 0.31518885493278503]"
7977.0,2007-03-01T00:00:00.000000000,"[0.15734252333641052, 1.147438883781433, 0.20134682953357697, 0.33335965871810913]","[0.2961680293083191, 0.3060683012008667, 0.31028249859809875, 0.32897037267684937]"
7977.0,2007-06-01T00:00:00.000000000,"[1.147438883781433, 0.20134682953357697, 0.33335965871810913, 0.15734252333641052]","[0.22339387238025665, 0.2252746969461441, 0.22099371254444122, 0.2417520433664322]"
7977.0,2007-09-01T00:00:00.000000000,"[0.20134682953357697, 0.33335965871810913, 0.15734252333641052, 1.279451608657837]","[0.5478410124778748, 0.5436612367630005, 0.5454598665237427, 0.5553759932518005]"
7977.0,2007-12-01T00:00:00.000000000,"[0.33335965871810913, 0.15734252333641052, 1.279451608657837, 0.2893553674221039]","[0.4656802713871002, 0.4675258696079254, 0.472622275352478, 0.4903824031352997]"
7977.0,2008-03-01T00:00:00.000000000,"[0.15734252333641052, 1.279451608657837, 0.2893553674221039, 0.33335965871810913]","[0.4327676594257355, 0.4378890097141266, 0.4433007836341858, 0.46231818199157715]"
7977.0,2008-09-01T00:00:00.000000000,"[1.279451608657837, 0.2893553674221039, 0.33335965871810913, 0.2893553674221039]","[0.2598719894886017, 0.21657048165798187, 0.16870741546154022, 0.1755722463130951]"
7977.0,2008-12-01T00:00:00.000000000,"[0.2893553674221039, 0.33335965871810913, 0.2893553674221039, 1.4334666728973389]","[0.64476078748703, 0.636877179145813, 0.6399321556091309, 0.6501635313034058]"
7977.0,2009-03-01T00:00:00.000000000,"[0.33335965871810913, 0.2893553674221039, 1.4334666728973389, 0.2233489453792572]","[0.6642504930496216, 0.6734557747840881, 0.691772997379303, 0.6858234405517578]"
7977.0,2009-06-01T00:00:00.000000000,"[0.2893553674221039, 1.4334666728973389, 0.2233489453792572, 0.553381085395813]","[0.5910510420799255, 0.6027713418006897, 0.6188308000564575, 0.6191486120223999]"
7977.0,2009-09-01T00:00:00.000000000,"[1.4334666728973389, 0.2233489453792572, 0.553381085395813, 0.44337034225463867]","[0.4059672951698303, 0.3011501431465149, 0.2353554666042328, 0.26716187596321106]"
7977.0,2009-12-01T00:00:00.000000000,"[0.2233489453792572, 0.553381085395813, 0.44337034225463867, 1.4114645719528198]","[0.7142703533172607, 0.7003214359283447, 0.7107396125793457, 0.728958249092102]"
7977.0,2010-03-01T00:00:00.000000000,"[0.553381085395813, 0.44337034225463867, 1.4114645719528198, 0.2233489453792572]","[0.6573524475097656, 0.6716234683990479, 0.690243124961853, 0.6893723011016846]"
7977.0,2010-06-01T00:00:00.000000000,"[0.44337034225463867, 1.4114645719528198, 0.2233489453792572, 0.6413896679878235]","[0.6746131181716919, 0.6871915459632874, 0.7045889496803284, 0.7037508487701416]"
7977.0,2010-09-01T00:00:00.000000000,"[1.4114645719528198, 0.2233489453792572, 0.6413896679878235, 0.3113575577735901]","[0.565538227558136, 0.5522663593292236, 0.5424225926399231, 0.5602160692214966]"
7977.0,2010-12-01T00:00:00.000000000,"[0.2233489453792572, 0.6413896679878235, 0.3113575577735901, 1.5214751958847046]","[0.7718983888626099, 0.7654873132705688, 0.7692624926567078, 0.7836151123046875]"
7977.0,2011-03-01T00:00:00.000000000,"[0.6413896679878235, 0.3113575577735901, 1.5214751958847046, 0.5313789248466492]","[0.5719053745269775, 0.5833524465560913, 0.5910332202911377, 0.610714316368103]"
7977.0,2011-06-01T00:00:00.000000000,"[0.3113575577735901, 1.5214751958847046, 0.5313789248466492, 0.5313789248466492]","[0.584941029548645, 0.5926263332366943, 0.5971148014068604, 0.619265615940094]"
7977.0,2011-09-01T00:00:00.000000000,"[1.5214751958847046, 0.5313789248466492, 0.5313789248466492, 0.4873746931552887]","[0.4715438187122345, 0.41770055890083313, 0.3828068673610687, 0.4227316081523895]"
7977.0,2011-12-01T00:00:00.000000000,"[0.5313789248466492, 0.5313789248466492, 0.4873746931552887, 1.8075029850006104]","[0.8436620235443115, 0.8368203639984131, 0.8410714268684387, 0.8568201065063477]"
7977.0,2012-03-01T00:00:00.000000000,"[0.5313789248466492, 0.4873746931552887, 1.8075029850006104, 0.4873746931552887]","[0.8523819446563721, 0.8454301953315735, 0.8495478630065918, 0.8663347959518433]"
7977.0,2012-06-01T00:00:00.000000000,"[0.4873746931552887, 1.8075029850006104, 0.4873746931552887, 0.7734025120735168]","[0.7397116422653198, 0.7420013546943665, 0.747052788734436, 0.7682693004608154]"
7977.0,2012-09-01T00:00:00.000000000,"[1.8075029850006104, 0.4873746931552887, 0.7734025120735168, 0.575383186340332]","[0.6248575448989868, 0.555119514465332, 0.5057489275932312, 0.5349633693695068]"
7977.0,2012-12-01T00:00:00.000000000,"[0.4873746931552887, 0.7734025120735168, 0.575383186340332, 1.7855008840560913]","[0.9705080986022949, 0.961450457572937, 0.9642419219017029, 0.9778078198432922]"
7977.0,2013-03-01T00:00:00.000000000,"[0.7734025120735168, 0.575383186340332, 1.7855008840560913, 0.575383186340332]","[0.800620436668396, 0.8033698797225952, 0.8083910942077637, 0.8313121795654297]"
8402.0,2006-06-01T00:00:00.000000000,"[0.17934469878673553, 0.33335965871810913, 0.33335965871810913, 0.3113575577735901]","[0.2319207638502121, 0.2280689775943756, 0.2295435518026352, 0.22856822609901428]"
8402.0,2006-09-01T00:00:00.000000000,"[0.33335965871810913, 0.33335965871810913, 0.3113575577735901, 0.26735323667526245]","[0.2273491621017456, 0.2325746715068817, 0.24102190136909485, 0.23224002122879028]"
8402.0,2006-12-01T00:00:00.000000000,"[0.33335965871810913, 0.3113575577735901, 0.26735323667526245, 0.44337034225463867]","[0.26626691222190857, 0.26928651332855225, 0.2773516774177551, 0.2677272856235504]"
8402.0,2007-03-01T00:00:00.000000000,"[0.3113575577735901, 0.26735323667526245, 0.44337034225463867, 0.44337034225463867]","[0.25967371463775635, 0.2518932819366455, 0.2487667202949524, 0.24023285508155823]"
8402.0,2007-06-01T00:00:00.000000000,"[0.26735323667526245, 0.44337034225463867, 0.44337034225463867, 0.2233489453792572]","[0.28799885511398315, 0.2888599634170532, 0.2949018180370331, 0.2852037250995636]"
8402.0,2007-09-01T00:00:00.000000000,"[0.44337034225463867, 0.44337034225463867, 0.2233489453792572, 0.37736397981643677]","[0.21915197372436523, 0.1948472112417221, 0.1723938286304474, 0.16339601576328278]"
8402.0,2007-12-01T00:00:00.000000000,"[0.44337034225463867, 0.2233489453792572, 0.37736397981643677, 0.6193875670433044]","[0.2885921597480774, 0.27728602290153503, 0.27084240317344666, 0.2648145258426666]"
8402.0,2008-03-01T00:00:00.000000000,"[0.2233489453792572, 0.37736397981643677, 0.6193875670433044, 0.5313789248466492]","[0.3304849863052368, 0.32287493348121643, 0.32136186957359314, 0.31265532970428467]"
8402.0,2008-06-01T00:00:00.000000000,"[0.37736397981643677, 0.6193875670433044, 0.5313789248466492, 0.5093768239021301]","[0.22234195470809937, 0.20017467439174652, 0.17789891362190247, 0.17167706787586212]"
8402.0,2008-09-01T00:00:00.000000000,"[0.6193875670433044, 0.5313789248466492, 0.5093768239021301, 0.4873746931552887]","[0.2865701913833618, 0.272749125957489, 0.2618807554244995, 0.2558048367500305]"
8402.0,2008-12-01T00:00:00.000000000,"[0.5313789248466492, 0.5093768239021301, 0.4873746931552887, 0.6633917689323425]","[0.3938477635383606, 0.39060091972351074, 0.39528989791870117, 0.3901553153991699]"
8402.0,2009-03-01T00:00:00.000000000,"[0.5093768239021301, 0.4873746931552887, 0.6633917689323425, 0.5973852872848511]","[0.42070168256759644, 0.40908992290496826, 0.4064038097858429, 0.39872094988822937]"
8402.0,2009-06-01T00:00:00.000000000,"[0.4873746931552887, 0.6633917689323425, 0.5973852872848511, 0.6853939294815063]","[0.4514615833759308, 0.4398747384548187, 0.435697078704834, 0.4057063162326813]"
8402.0,2009-09-01T00:00:00.000000000,"[0.6633917689323425, 0.5973852872848511, 0.6853939294815063, 0.6413896679878235]","[0.3764548897743225, 0.34727320075035095, 0.32213836908340454, 0.3041316866874695]"
8402.0,2009-12-01T00:00:00.000000000,"[0.5973852872848511, 0.6853939294815063, 0.6413896679878235, 0.7734025120735168]","[0.4590476453304291, 0.4457755982875824, 0.44023609161376953, 0.4279210567474365]"
8402.0,2010-03-01T00:00:00.000000000,"[0.6853939294815063, 0.6413896679878235, 0.7734025120735168, 0.7293981313705444]","[0.4808899462223053, 0.43885257840156555, 0.40648674964904785, 0.3910697102546692]"
8402.0,2010-06-01T00:00:00.000000000,"[0.6413896679878235, 0.7734025120735168, 0.7293981313705444, 1.2574495077133179]","[0.6298952102661133, 0.6296108961105347, 0.6431106328964233, 0.61488938331604]"
8402.0,2010-09-01T00:00:00.000000000,"[0.7734025120735168, 0.7293981313705444, 1.2574495077133179, 0.6853939294815063]","[0.5339009761810303, 0.49728941917419434, 0.4704607129096985, 0.45373404026031494]"
8402.0,2010-12-01T00:00:00.000000000,"[0.7293981313705444, 1.2574495077133179, 0.6853939294815063, 0.8614109754562378]","[0.5859782695770264, 0.5552369952201843, 0.5361310839653015, 0.5240081548690796]"
8402.0,2011-03-01T00:00:00.000000000,"[1.2574495077133179, 0.6853939294815063, 0.8614109754562378, 0.8394088745117188]","[0.5744866132736206, 0.5399161577224731, 0.5136465430259705, 0.49049609899520874]"
8402.0,2011-06-01T00:00:00.000000000,"[0.6853939294815063, 0.8614109754562378, 0.8394088745117188, 1.4334666728973389]","[0.8491244316101074, 0.8479148745536804, 0.8666607141494751, 0.838609516620636]"
8402.0,2011-09-01T00:00:00.000000000,"[0.8614109754562378, 0.8394088745117188, 1.4334666728973389, 0.6413896679878235]","[0.6654903888702393, 0.6274814605712891, 0.5988762378692627, 0.5737031102180481]"
8402.0,2011-12-01T00:00:00.000000000,"[0.8394088745117188, 1.4334666728973389, 0.6413896679878235, 0.6853939294815063]","[0.6737773418426514, 0.6432929039001465, 0.6212913990020752, 0.6024223566055298]"
8402.0,2012-03-01T00:00:00.000000000,"[1.4334666728973389, 0.6413896679878235, 0.6853939294815063, 0.9054153561592102]","[0.7810699343681335, 0.7497155070304871, 0.7297772169113159, 0.6881061792373657]"
8402.0,2012-06-01T00:00:00.000000000,"[0.6413896679878235, 0.6853939294815063, 0.9054153561592102, 1.4114645719528198]","[1.1085917949676514, 1.1029539108276367, 1.1249608993530273, 1.0897905826568604]"
8402.0,2012-09-01T00:00:00.000000000,"[0.6853939294815063, 0.9054153561592102, 1.4114645719528198, 0.8834132552146912]","[0.7915205359458923, 0.7446775436401367, 0.7063722610473633, 0.6670122146606445]"
8402.0,2012-12-01T00:00:00.000000000,"[0.9054153561592102, 1.4114645719528198, 0.8834132552146912, 1.2574495077133179]","[0.722576379776001, 0.6794106364250183, 0.6408050656318665, 0.6160283088684082]"
8402.0,2013-03-01T00:00:00.000000000,"[1.4114645719528198, 0.8834132552146912, 1.2574495077133179, 1.301453948020935]","[0.805693507194519, 0.8033037185668945, 0.8099372386932373, 0.8122172355651855]"
8479.0,2006-06-01T00:00:00.000000000,"[2.2035415172576904, 2.2915501594543457, 1.7634987831115723, 1.125436782836914]","[1.2986968755722046, 1.215535283088684, 1.130173921585083, 1.131955862045288]"
8479.0,2006-09-01T00:00:00.000000000,"[2.2915501594543457, 1.7634987831115723, 1.125436782836914, 2.2035415172576904]","[1.8115142583847046, 1.8067597150802612, 1.8120591640472412, 1.8242197036743164]"
8479.0,2006-12-01T00:00:00.000000000,"[1.7634987831115723, 1.125436782836914, 2.2035415172576904, 2.269547939300537]","[1.9936552047729492, 1.9683711528778076, 1.9817216396331787, 2.0030405521392822]"
8479.0,2007-03-01T00:00:00.000000000,"[1.125436782836914, 2.2035415172576904, 2.269547939300537, 1.6314857006072998]","[1.8702259063720703, 1.8637114763259888, 1.8689359426498413, 1.8827452659606934]"
8479.0,2007-06-01T00:00:00.000000000,"[2.2035415172576904, 2.269547939300537, 1.6314857006072998, 1.2574495077133179]","[1.4088526964187622, 1.378876805305481, 1.3428311347961426, 1.3604729175567627]"
8479.0,2007-09-01T00:00:00.000000000,"[2.269547939300537, 1.6314857006072998, 1.2574495077133179, 2.269547939300537]","[1.7928627729415894, 1.773094892501831, 1.7688515186309814, 1.7945356369018555]"
8479.0,2007-12-01T00:00:00.000000000,"[1.6314857006072998, 1.2574495077133179, 2.269547939300537, 2.379558563232422]","[1.9805662631988525, 1.965102195739746, 1.976503610610962, 1.99928879737854]"
8479.0,2008-03-01T00:00:00.000000000,"[1.2574495077133179, 2.269547939300537, 2.379558563232422, 1.9395159482955933]","[1.9905452728271484, 1.9966199398040771, 2.0145161151885986, 2.0173983573913574]"
8479.0,2008-06-01T00:00:00.000000000,"[2.269547939300537, 2.379558563232422, 1.9395159482955933, 1.3674603700637817]","[1.5605568885803223, 1.5971781015396118, 1.640534520149231, 1.6778371334075928]"
8479.0,2008-09-01T00:00:00.000000000,"[2.379558563232422, 1.9395159482955933, 1.3674603700637817, 2.4675674438476562]","[1.8945870399475098, 1.8546335697174072, 1.842345952987671, 1.874674916267395]"
8479.0,2008-12-01T00:00:00.000000000,"[1.9395159482955933, 1.3674603700637817, 2.4675674438476562, 2.5555758476257324]","[2.0502734184265137, 2.042271137237549, 2.045797824859619, 2.061267852783203]"
8479.0,2009-03-01T00:00:00.000000000,"[1.3674603700637817, 2.4675674438476562, 2.5555758476257324, 2.181539297103882]","[2.0634500980377197, 2.0548596382141113, 2.0590293407440186, 2.074268102645874]"
8479.0,2009-06-01T00:00:00.000000000,"[2.4675674438476562, 2.5555758476257324, 2.181539297103882, 1.4114645719528198]","[1.6340996026992798, 1.627171277999878, 1.6215754747390747, 1.6436395645141602]"
8479.0,2009-09-01T00:00:00.000000000,"[2.5555758476257324, 2.181539297103882, 1.4114645719528198, 2.8416035175323486]","[2.0705642700195312, 2.068819046020508, 2.0752112865448, 2.0907976627349854]"
8479.0,2009-12-01T00:00:00.000000000,"[2.181539297103882, 1.4114645719528198, 2.8416035175323486, 2.7975993156433105]","[2.247673749923706, 2.1865124702453613, 2.253305435180664, 2.3310177326202393]"
8479.0,2010-03-01T00:00:00.000000000,"[1.4114645719528198, 2.8416035175323486, 2.7975993156433105, 2.577577829360962]","[2.3381409645080566, 2.3453779220581055, 2.3719513416290283, 2.3540215492248535]"
8479.0,2010-06-01T00:00:00.000000000,"[2.8416035175323486, 2.7975993156433105, 2.577577829360962, 1.4334666728973389]","[1.7334707975387573, 1.6956822872161865, 1.66477632522583, 1.6611666679382324]"
8479.0,2010-09-01T00:00:00.000000000,"[2.7975993156433105, 2.577577829360962, 1.4334666728973389, 2.6875884532928467]","[2.2310664653778076, 2.214815616607666, 2.215711832046509, 2.2329487800598145]"
8479.0,2010-12-01T00:00:00.000000000,"[2.577577829360962, 1.4334666728973389, 2.6875884532928467, 2.7315926551818848]","[2.478893518447876, 2.4706482887268066, 2.5159168243408203, 2.5158069133758545]"
8479.0,2011-03-01T00:00:00.000000000,"[1.4334666728973389, 2.6875884532928467, 2.7315926551818848, 2.4895694255828857]","[2.3528287410736084, 2.340627908706665, 2.3439011573791504, 2.357313871383667]"
8479.0,2011-06-01T00:00:00.000000000,"[2.6875884532928467, 2.7315926551818848, 2.4895694255828857, 1.6534881591796875]","[1.6921731233596802, 1.589050531387329, 1.4746192693710327, 1.4765441417694092]"
8479.0,2011-09-01T00:00:00.000000000,"[2.7315926551818848, 2.4895694255828857, 1.6534881591796875, 2.2035415172576904]","[2.2254974842071533, 2.2340216636657715, 2.243875503540039, 2.2608141899108887]"
8479.0,2011-12-01T00:00:00.000000000,"[2.4895694255828857, 1.6534881591796875, 2.2035415172576904, 2.9516141414642334]","[2.472801446914673, 2.365588665008545, 2.4977643489837646, 2.6451807022094727]"
8479.0,2012-03-01T00:00:00.000000000,"[1.6534881591796875, 2.2035415172576904, 2.9516141414642334, 2.533573627471924]","[2.4187285900115967, 2.409749984741211, 2.4146292209625244, 2.432870388031006]"
8479.0,2012-06-01T00:00:00.000000000,"[2.2035415172576904, 2.9516141414642334, 2.533573627471924, 1.9615180492401123]","[1.919994592666626, 1.7976508140563965, 1.6634652614593506, 1.6612350940704346]"
8479.0,2012-09-01T00:00:00.000000000,"[2.9516141414642334, 2.533573627471924, 1.9615180492401123, 3.083627223968506]","[2.1477932929992676, 2.1445884704589844, 2.1371514797210693, 2.1616196632385254]"
8479.0,2012-12-01T00:00:00.000000000,"[2.533573627471924, 1.9615180492401123, 3.083627223968506, 3.2376420497894287]","[2.4352571964263916, 2.411881446838379, 2.439821243286133, 2.482337236404419]"
8479.0,2013-03-01T00:00:00.000000000,"[1.9615180492401123, 3.083627223968506, 3.2376420497894287, 2.665586471557617]","[2.5525496006011963, 2.5397324562072754, 2.5456526279449463, 2.565732717514038]"
8539.0,2006-06-01T00:00:00.000000000,"[0.42136821150779724, 1.0154259204864502, 0.35536178946495056, 0.8614109754562378]","[1.0595381259918213, 1.2300609350204468, 1.0866719484329224, 1.2360624074935913]"
8539.0,2006-09-01T00:00:00.000000000,"[1.0154259204864502, 0.35536178946495056, 0.8614109754562378, 0.5973852872848511]","[0.6974464654922485, 0.8562127351760864, 1.1676645278930664, 1.3637820482254028]"
8539.0,2006-12-01T00:00:00.000000000,"[0.35536178946495056, 0.8614109754562378, 0.5973852872848511, 1.125436782836914]","[1.1180524826049805, 1.173295497894287, 1.0996286869049072, 1.1897404193878174]"
8539.0,2007-03-01T00:00:00.000000000,"[0.8614109754562378, 0.5973852872848511, 1.125436782836914, 0.13534040749073029]","[0.6700031757354736, 0.7580230236053467, 1.0302196741104126, 1.1030495166778564]"
8539.0,2007-06-01T00:00:00.000000000,"[0.5973852872848511, 1.125436782836914, 0.13534040749073029, 0.7954046130180359]","[1.112188458442688, 1.2222336530685425, 1.0675275325775146, 1.1451255083084106]"
8539.0,2007-09-01T00:00:00.000000000,"[1.125436782836914, 0.13534040749073029, 0.7954046130180359, 0.7293981313705444]","[0.6283308863639832, 0.716169536113739, 0.9683858156204224, 1.0631437301635742]"
8539.0,2007-12-01T00:00:00.000000000,"[0.13534040749073029, 0.7954046130180359, 0.7293981313705444, 1.301453948020935]","[1.2060096263885498, 1.2189009189605713, 1.0989528894424438, 1.0953744649887085]"
8539.0,2008-03-01T00:00:00.000000000,"[0.7954046130180359, 0.7293981313705444, 1.301453948020935, 0.26735323667526245]","[0.26854199171066284, 0.4545608162879944, 0.817707896232605, 1.1286191940307617]"
8539.0,2008-06-01T00:00:00.000000000,"[0.7293981313705444, 1.301453948020935, 0.26735323667526245, 0.7293981313705444]","[1.0401560068130493, 1.1204044818878174, 0.9935668706893921, 1.0465840101242065]"
8539.0,2008-09-01T00:00:00.000000000,"[1.301453948020935, 0.26735323667526245, 0.7293981313705444, 0.4873746931552887]","[0.7861428260803223, 0.8098046779632568, 0.8921852707862854, 0.8699613809585571]"
8539.0,2008-12-01T00:00:00.000000000,"[0.26735323667526245, 0.7293981313705444, 0.4873746931552887, 1.1694409847259521]","[1.3130627870559692, 1.3357914686203003, 1.166826605796814, 1.0922274589538574]"
8539.0,2009-03-01T00:00:00.000000000,"[0.7293981313705444, 0.4873746931552887, 1.1694409847259521, 0.5093768239021301]","[0.29611456394195557, 0.4625270962715149, 0.8360661268234253, 1.0880509614944458]"
8539.0,2009-06-01T00:00:00.000000000,"[0.4873746931552887, 1.1694409847259521, 0.5093768239021301, 1.4114645719528198]","[0.8299857974052429, 1.0140483379364014, 0.8182540535926819, 0.965106189250946]"
8539.0,2009-09-01T00:00:00.000000000,"[1.1694409847259521, 0.5093768239021301, 1.4114645719528198, 0.8614109754562378]","[0.8227711915969849, 0.7357118129730225, 0.8680107593536377, 0.778343915939331]"
8539.0,2009-12-01T00:00:00.000000000,"[0.5093768239021301, 1.4114645719528198, 0.8614109754562378, 1.2354472875595093]","[1.0770230293273926, 1.161076545715332, 0.9950743913650513, 1.0974773168563843]"
8539.0,2010-03-01T00:00:00.000000000,"[1.4114645719528198, 0.8614109754562378, 1.2354472875595093, 0.575383186340332]","[0.4528399109840393, 0.5321050882339478, 0.8232401013374329, 0.8515878915786743]"
8539.0,2010-06-01T00:00:00.000000000,"[0.8614109754562378, 1.2354472875595093, 0.575383186340332, 1.2134451866149902]","[0.9954290986061096, 1.2318596839904785, 0.8639219999313354, 1.1047289371490479]"
8539.0,2010-09-01T00:00:00.000000000,"[1.2354472875595093, 0.575383186340332, 1.2134451866149902, 0.6193875670433044]","[0.9574716687202454, 0.7387531399726868, 1.0603413581848145, 0.8636351823806763]"
8539.0,2010-12-01T00:00:00.000000000,"[0.575383186340332, 1.2134451866149902, 0.6193875670433044, 1.323456048965454]","[0.9843240976333618, 1.245821475982666, 0.8846070766448975, 1.0611941814422607]"
8539.0,2011-03-01T00:00:00.000000000,"[1.2134451866149902, 0.6193875670433044, 1.323456048965454, 1.125436782836914]","[0.8727972507476807, 0.7059828042984009, 1.0289764404296875, 0.7668939828872681]"
8539.0,2011-06-01T00:00:00.000000000,"[0.6193875670433044, 1.323456048965454, 1.125436782836914, 1.2134451866149902]","[0.837536096572876, 1.0532736778259277, 0.8019418716430664, 1.1773133277893066]"
8539.0,2011-09-01T00:00:00.000000000,"[1.323456048965454, 1.125436782836914, 1.2134451866149902, 0.5093768239021301]","[0.96451735496521, 0.6708500981330872, 1.0094484090805054, 0.7819282412528992]"
8539.0,2011-12-01T00:00:00.000000000,"[1.125436782836914, 1.2134451866149902, 0.5093768239021301, 1.5874814987182617]","[0.8153470158576965, 1.0936614274978638, 0.7840607762336731, 1.18739914894104]"
8539.0,2012-03-01T00:00:00.000000000,"[1.2134451866149902, 0.5093768239021301, 1.5874814987182617, 0.9714217185974121]","[1.0845744609832764, 1.090147614479065, 1.095504879951477, 1.1172571182250977]"
8539.0,2012-06-01T00:00:00.000000000,"[0.5093768239021301, 1.5874814987182617, 0.9714217185974121, -0.8327537775039673]","[1.0825632810592651, 1.0853725671768188, 1.089967131614685, 1.1084411144256592]"
8539.0,2012-09-01T00:00:00.000000000,"[1.5874814987182617, 0.9714217185974121, -0.8327537775039673, 1.2574495077133179]","[0.7558801174163818, 0.7898480296134949, 0.822893500328064, 0.8544056415557861]"
8539.0,2012-12-01T00:00:00.000000000,"[0.9714217185974121, -0.8327537775039673, 1.2574495077133179, 1.6974923610687256]","[1.2067344188690186, 1.2075077295303345, 1.2193797826766968, 1.2167699337005615]"
8539.0,2013-03-01T00:00:00.000000000,"[-0.8327537775039673, 1.2574495077133179, 1.6974923610687256, 1.279451608657837]","[1.1311445236206055, 1.1442406177520752, 1.1622862815856934, 1.1548434495925903]"
8762.0,2006-06-01T00:00:00.000000000,"[1.3894624710083008, 1.6534881591796875, 1.6314857006072998, 1.323456048965454]","[1.7788186073303223, 1.7706369161605835, 1.7766213417053223, 1.7971901893615723]"
8762.0,2006-09-01T00:00:00.000000000,"[1.6534881591796875, 1.6314857006072998, 1.323456048965454, 1.499472975730896]","[1.641076683998108, 1.6570848226547241, 1.673427939414978, 1.6786906719207764]"
8762.0,2006-12-01T00:00:00.000000000,"[1.6314857006072998, 1.323456048965454, 1.499472975730896, 1.455468773841858]","[1.6140656471252441, 1.6167078018188477, 1.6207033395767212, 1.6440401077270508]"
8762.0,2007-03-01T00:00:00.000000000,"[1.323456048965454, 1.499472975730896, 1.455468773841858, 1.5874814987182617]","[1.606729507446289, 1.6141154766082764, 1.6203248500823975, 1.6455618143081665]"
8762.0,2007-06-01T00:00:00.000000000,"[1.499472975730896, 1.455468773841858, 1.5874814987182617, 1.1914430856704712]","[1.6236867904663086, 1.6304893493652344, 1.6366093158721924, 1.6620761156082153]"
8762.0,2007-09-01T00:00:00.000000000,"[1.455468773841858, 1.5874814987182617, 1.1914430856704712, 1.0374282598495483]","[1.5091716051101685, 1.5367140769958496, 1.5735098123550415, 1.602332592010498]"
8762.0,2007-12-01T00:00:00.000000000,"[1.5874814987182617, 1.1914430856704712, 1.0374282598495483, 1.5654793977737427]","[1.5004267692565918, 1.5237849950790405, 1.5464354753494263, 1.5762975215911865]"
8762.0,2008-03-01T00:00:00.000000000,"[1.1914430856704712, 1.0374282598495483, 1.5654793977737427, 1.6754902601242065]","[1.5233559608459473, 1.5397840738296509, 1.5467169284820557, 1.5757893323898315]"
8762.0,2008-06-01T00:00:00.000000000,"[1.0374282598495483, 1.5654793977737427, 1.6754902601242065, 1.4114645719528198]","[1.4150927066802979, 1.4453015327453613, 1.4672867059707642, 1.5015870332717896]"
8762.0,2008-09-01T00:00:00.000000000,"[1.5654793977737427, 1.6754902601242065, 1.4114645719528198, 1.1694409847259521]","[1.2127175331115723, 1.2699321508407593, 1.3247005939483643, 1.3646056652069092]"
8762.0,2008-12-01T00:00:00.000000000,"[1.6754902601242065, 1.4114645719528198, 1.1694409847259521, 1.6974923610687256]","[1.442286491394043, 1.466301441192627, 1.4734032154083252, 1.5024250745773315]"
8762.0,2009-03-01T00:00:00.000000000,"[1.4114645719528198, 1.1694409847259521, 1.6974923610687256, 1.9175138473510742]","[1.4863115549087524, 1.4993541240692139, 1.5167838335037231, 1.5579863786697388]"
8762.0,2009-06-01T00:00:00.000000000,"[1.1694409847259521, 1.6974923610687256, 1.9175138473510742, 1.499472975730896]","[1.5455985069274902, 1.5616098642349243, 1.5677064657211304, 1.5940643548965454]"
8762.0,2009-09-01T00:00:00.000000000,"[1.6974923610687256, 1.9175138473510742, 1.499472975730896, 1.3674603700637817]","[1.2805198431015015, 1.329810619354248, 1.373682975769043, 1.4110548496246338]"
8762.0,2009-12-01T00:00:00.000000000,"[1.9175138473510742, 1.499472975730896, 1.3674603700637817, 1.7634987831115723]","[1.4822347164154053, 1.5068674087524414, 1.5149798393249512, 1.542486548423767]"
8762.0,2010-03-01T00:00:00.000000000,"[1.499472975730896, 1.3674603700637817, 1.7634987831115723, 2.0495264530181885]","[1.6304781436920166, 1.6330565214157104, 1.641762614250183, 1.6646630764007568]"
8762.0,2010-06-01T00:00:00.000000000,"[1.3674603700637817, 1.7634987831115723, 2.0495264530181885, 1.6314857006072998]","[1.5957509279251099, 1.604306936264038, 1.6092207431793213, 1.6294538974761963]"
8762.0,2010-09-01T00:00:00.000000000,"[1.7634987831115723, 2.0495264530181885, 1.6314857006072998, 1.7194944620132446]","[1.4816176891326904, 1.5041570663452148, 1.5234551429748535, 1.5483142137527466]"
8762.0,2010-12-01T00:00:00.000000000,"[2.0495264530181885, 1.6314857006072998, 1.7194944620132446, 2.313552141189575]","[1.6244580745697021, 1.624762773513794, 1.6264828443527222, 1.6475350856781006]"
8762.0,2011-03-01T00:00:00.000000000,"[1.6314857006072998, 1.7194944620132446, 2.313552141189575, 2.42356276512146]","[1.7448734045028687, 1.731300711631775, 1.7454681396484375, 1.766607642173767]"
8762.0,2011-06-01T00:00:00.000000000,"[1.7194944620132446, 2.313552141189575, 2.42356276512146, 1.8735092878341675]","[1.7158558368682861, 1.7199960947036743, 1.7280220985412598, 1.7324367761611938]"
8762.0,2011-09-01T00:00:00.000000000,"[2.313552141189575, 2.42356276512146, 1.8735092878341675, 1.8515071868896484]","[1.7578740119934082, 1.7570805549621582, 1.762209415435791, 1.7650243043899536]"
8762.0,2011-12-01T00:00:00.000000000,"[2.42356276512146, 1.8735092878341675, 1.8515071868896484, 2.885607957839966]","[1.9282222986221313, 1.919256329536438, 1.9248952865600586, 1.9219473600387573]"
8762.0,2012-03-01T00:00:00.000000000,"[1.8735092878341675, 1.8515071868896484, 2.885607957839966, 2.9076099395751953]","[1.9899060726165771, 1.9698961973190308, 1.9775053262710571, 1.9865309000015259]"
8762.0,2012-06-01T00:00:00.000000000,"[1.8515071868896484, 2.885607957839966, 2.9076099395751953, 2.071528673171997]","[1.8258907794952393, 1.7688732147216797, 1.7177836894989014, 1.6998438835144043]"
8762.0,2012-09-01T00:00:00.000000000,"[2.885607957839966, 2.9076099395751953, 2.071528673171997, 1.7855008840560913]","[1.8760020732879639, 1.7985262870788574, 1.7284367084503174, 1.69222092628479]"
8762.0,2012-12-01T00:00:00.000000000,"[2.9076099395751953, 2.071528673171997, 1.7855008840560913, 2.8416035175323486]","[2.2910804748535156, 2.2831368446350098, 2.302126169204712, 2.277372360229492]"
8762.0,2013-03-01T00:00:00.000000000,"[2.071528673171997, 1.7855008840560913, 2.8416035175323486, 2.9516141414642334]","[2.4646005630493164, 2.455817937850952, 2.487977981567383, 2.456106185913086]"
9248.0,2006-06-01T00:00:00.000000000,"[0.5643821358680725, 0.553381085395813, 0.3223586082458496, 0.6193875670433044]","[0.2707890272140503, 0.2406945824623108, 0.22540488839149475, 0.1986260712146759]"
9248.0,2006-09-01T00:00:00.000000000,"[0.553381085395813, 0.3223586082458496, 0.6193875670433044, 0.7624014616012573]","[0.41433602571487427, 0.40407657623291016, 0.4146244525909424, 0.3901320695877075]"
9248.0,2006-12-01T00:00:00.000000000,"[0.3223586082458496, 0.6193875670433044, 0.7624014616012573, 0.6853939294815063]","[0.4050642251968384, 0.3744840621948242, 0.3643016219139099, 0.3501238226890564]"
9248.0,2007-03-01T00:00:00.000000000,"[0.6193875670433044, 0.7624014616012573, 0.6853939294815063, 0.4653724431991577]","[0.34810391068458557, 0.29103511571884155, 0.2505992650985718, 0.23463523387908936]"
9248.0,2007-06-01T00:00:00.000000000,"[0.7624014616012573, 0.6853939294815063, 0.4653724431991577, 0.7514004111289978]","[0.49229735136032104, 0.4713025689125061, 0.47217267751693726, 0.45917654037475586]"
9248.0,2007-09-01T00:00:00.000000000,"[0.6853939294815063, 0.4653724431991577, 0.7514004111289978, 0.9054153561592102]","[0.6243592500686646, 0.6099260449409485, 0.6226660013198853, 0.6076854467391968]"
9248.0,2007-12-01T00:00:00.000000000,"[0.4653724431991577, 0.7514004111289978, 0.9054153561592102, 0.8614109754562378]","[0.5209803581237793, 0.4651428461074829, 0.42805787920951843, 0.3991338908672333]"
9248.0,2008-03-01T00:00:00.000000000,"[0.7514004111289978, 0.9054153561592102, 0.8614109754562378, 0.6633917689323425]","[0.4411679208278656, 0.34746912121772766, 0.2667308747768402, 0.22622331976890564]"
9248.0,2008-06-01T00:00:00.000000000,"[0.9054153561592102, 0.8614109754562378, 0.6633917689323425, 0.9934238195419312]","[0.6842027902603149, 0.6963778138160706, 0.7287964820861816, 0.6916841268539429]"
9248.0,2008-09-01T00:00:00.000000000,"[0.8614109754562378, 0.6633917689323425, 0.9934238195419312, 1.103434681892395]","[0.7996010780334473, 0.8075037002563477, 0.8403180837631226, 0.7996318340301514]"
9248.0,2008-12-01T00:00:00.000000000,"[0.6633917689323425, 0.9934238195419312, 1.103434681892395, 1.103434681892395]","[0.789206862449646, 0.7737424373626709, 0.7847980856895447, 0.7732123732566833]"
9248.0,2009-03-01T00:00:00.000000000,"[0.9934238195419312, 1.103434681892395, 1.103434681892395, 0.8834132552146912]","[0.627227783203125, 0.5473655462265015, 0.483964204788208, 0.45862895250320435]"
9248.0,2009-06-01T00:00:00.000000000,"[1.103434681892395, 1.103434681892395, 0.8834132552146912, 1.455468773841858]","[0.6996659636497498, 0.616648256778717, 0.5502961874008179, 0.5086623430252075]"
9248.0,2009-09-01T00:00:00.000000000,"[1.103434681892395, 0.8834132552146912, 1.455468773841858, 1.323456048965454]","[0.8153589963912964, 0.7403974533081055, 0.6862177848815918, 0.645158052444458]"
9248.0,2009-12-01T00:00:00.000000000,"[0.8834132552146912, 1.455468773841858, 1.323456048965454, 1.5874814987182617]","[0.9463474154472351, 0.8810595870018005, 0.8412399291992188, 0.7963788509368896]"
9248.0,2010-03-01T00:00:00.000000000,"[1.455468773841858, 1.323456048965454, 1.5874814987182617, 1.301453948020935]","[0.9156666398048401, 0.8750059604644775, 0.8538161516189575, 0.807205319404602]"
9248.0,2010-06-01T00:00:00.000000000,"[1.323456048965454, 1.5874814987182617, 1.301453948020935, 1.7855008840560913]","[1.1526614427566528, 1.1440485715866089, 1.1662030220031738, 1.134293794631958]"
9248.0,2010-09-01T00:00:00.000000000,"[1.5874814987182617, 1.301453948020935, 1.7855008840560913, 1.8295050859451294]","[1.178552269935608, 1.1604745388031006, 1.1720274686813354, 1.1385447978973389]"
9248.0,2010-12-01T00:00:00.000000000,"[1.301453948020935, 1.7855008840560913, 1.8295050859451294, 1.8075029850006104]","[1.3245528936386108, 1.3542897701263428, 1.4111921787261963, 1.3366132974624634]"
9248.0,2011-03-01T00:00:00.000000000,"[1.7855008840560913, 1.8295050859451294, 1.8075029850006104, 1.5654793977737427]","[1.214497685432434, 1.1210412979125977, 1.0542410612106323, 0.9927002787590027]"
9248.0,2011-06-01T00:00:00.000000000,"[1.8295050859451294, 1.8075029850006104, 1.5654793977737427, 2.115532875061035]","[1.444772481918335, 1.406471610069275, 1.4014027118682861, 1.3363287448883057]"
9248.0,2011-09-01T00:00:00.000000000,"[1.8075029850006104, 1.5654793977737427, 2.115532875061035, -2.614927291870117]","[1.5287361145019531, 1.4749823808670044, 1.455545425415039, 1.3815428018569946]"
9248.0,2011-12-01T00:00:00.000000000,"[1.5654793977737427, 2.115532875061035, -2.614927291870117, -0.5687280893325806]","[1.5623704195022583, 1.5450752973556519, 1.5606769323349, 1.5112063884735107]"
9248.0,2012-03-01T00:00:00.000000000,"[2.115532875061035, -2.614927291870117, -0.5687280893325806, 1.5434772968292236]","[1.489426851272583, 1.4999011754989624, 1.533263921737671, 1.4830063581466675]"
9248.0,2012-06-01T00:00:00.000000000,"[-2.614927291870117, -0.5687280893325806, 1.5434772968292236, 0.7734025120735168]","[1.7124426364898682, 1.6519160270690918, 1.629714846611023, 1.5856983661651611]"
9248.0,2012-09-01T00:00:00.000000000,"[-0.5687280893325806, 1.5434772968292236, 0.7734025120735168, 2.2475459575653076]","[-0.16016995906829834, -0.09881263971328735, -0.03304147720336914, 0.03775513172149658]"
9248.0,2012-12-01T00:00:00.000000000,"[1.5434772968292236, 0.7734025120735168, 2.2475459575653076, 2.3575565814971924]","[0.11028677225112915, 0.2334936261177063, 0.3526063859462738, 0.4371981918811798]"
9248.0,2013-03-01T00:00:00.000000000,"[0.7734025120735168, 2.2475459575653076, 2.3575565814971924, 1.6974923610687256]","[0.8731896281242371, 0.8593699336051941, 0.9326761364936829, 1.0480250120162964]"
9667.0,2006-06-01T00:00:00.000000000,"[1.455468773841858, 1.7562381029129028, 0.3040968179702759, 0.3113575577735901]","[0.35660943388938904, 0.29540446400642395, 0.2358986735343933, 0.241367906332016]"
9667.0,2006-09-01T00:00:00.000000000,"[1.7562381029129028, 0.3040968179702759, 0.3113575577735901, 2.0127828121185303]","[0.7802463173866272, 0.7906932234764099, 0.8133150339126587, 0.7920817732810974]"
9667.0,2006-12-01T00:00:00.000000000,"[0.3040968179702759, 0.3113575577735901, 2.0127828121185303, 2.2108023166656494]","[1.0504381656646729, 1.0039199590682983, 1.0269992351531982, 1.0528920888900757]"
9667.0,2007-03-01T00:00:00.000000000,"[0.3113575577735901, 2.0127828121185303, 2.2108023166656494, 0.8541504144668579]","[0.7953702211380005, 0.827447772026062, 0.867531418800354, 0.8380520343780518]"
9667.0,2007-06-01T00:00:00.000000000,"[2.0127828121185303, 2.2108023166656494, 0.8541504144668579, 0.6266481280326843]","[0.5411182045936584, 0.5202963948249817, 0.49490228295326233, 0.49392426013946533]"
9667.0,2007-09-01T00:00:00.000000000,"[2.2108023166656494, 0.8541504144668579, 0.6266481280326843, 2.276808500289917]","[1.0565592050552368, 1.033422589302063, 1.0376414060592651, 1.04837167263031]"
9667.0,2007-12-01T00:00:00.000000000,"[0.8541504144668579, 0.6266481280326843, 2.276808500289917, 2.4015607833862305]","[1.3757567405700684, 1.3448606729507446, 1.3526431322097778, 1.3490873575210571]"
9667.0,2008-03-01T00:00:00.000000000,"[0.6266481280326843, 2.276808500289917, 2.4015607833862305, 1.0741716623306274]","[1.066159725189209, 1.049605131149292, 1.0467768907546997, 1.0091737508773804]"
9667.0,2008-06-01T00:00:00.000000000,"[2.276808500289917, 2.4015607833862305, 1.0741716623306274, 0.9641609787940979]","[0.7008663415908813, 0.5836021900177002, 0.4633837342262268, 0.44655895233154297]"
9667.0,2008-09-01T00:00:00.000000000,"[2.4015607833862305, 1.0741716623306274, 0.9641609787940979, 2.61432147026062]","[1.201697587966919, 1.205979347229004, 1.2281615734100342, 1.223071813583374]"
9667.0,2008-12-01T00:00:00.000000000,"[1.0741716623306274, 0.9641609787940979, 2.61432147026062, 2.782857894897461]","[1.659624457359314, 1.6159008741378784, 1.619364619255066, 1.6284208297729492]"
9667.0,2009-03-01T00:00:00.000000000,"[0.9641609787940979, 2.61432147026062, 2.782857894897461, 1.6167445182800293]","[1.530688762664795, 1.4917799234390259, 1.4802439212799072, 1.410446286201477]"
9667.0,2009-06-01T00:00:00.000000000,"[2.61432147026062, 2.782857894897461, 1.6167445182800293, 1.9175138473510742]","[1.2228024005889893, 1.1153161525726318, 1.02045476436615, 0.9771459102630615]"
9667.0,2009-09-01T00:00:00.000000000,"[2.782857894897461, 1.6167445182800293, 1.9175138473510742, 3.5016677379608154]","[1.7103314399719238, 1.7000648975372314, 1.7254164218902588, 1.710784673690796]"
9667.0,2009-12-01T00:00:00.000000000,"[1.6167445182800293, 1.9175138473510742, 3.5016677379608154, 3.4649243354797363]","[2.0983645915985107, 2.0795516967773438, 2.1151862144470215, 2.089689254760742]"
9667.0,2010-03-01T00:00:00.000000000,"[1.9175138473510742, 3.5016677379608154, 3.4649243354797363, 1.8955113887786865]","[1.8061659336090088, 1.7144112586975098, 1.6618510484695435, 1.6621084213256836]"
9667.0,2010-06-01T00:00:00.000000000,"[3.5016677379608154, 3.4649243354797363, 1.8955113887786865, 1.9395159482955933]","[1.7391471862792969, 1.6041345596313477, 1.501784086227417, 1.49530827999115]"
9667.0,2010-09-01T00:00:00.000000000,"[3.4649243354797363, 1.8955113887786865, 1.9395159482955933, 4.117727756500244]","[2.4518113136291504, 2.4741153717041016, 2.546766757965088, 2.4570140838623047]"
9667.0,2010-12-01T00:00:00.000000000,"[1.8955113887786865, 1.9395159482955933, 4.117727756500244, 4.176473617553711]","[2.599893808364868, 2.5444045066833496, 2.5559310913085938, 2.5507607460021973]"
9667.0,2011-03-01T00:00:00.000000000,"[1.9395159482955933, 4.117727756500244, 4.176473617553711, 2.430823802947998]","[2.1696863174438477, 1.8916010856628418, 1.6506789922714233, 1.5369125604629517]"
9667.0,2011-06-01T00:00:00.000000000,"[4.117727756500244, 4.176473617553711, 2.430823802947998, 2.2915501594543457]","[1.9385327100753784, 1.6366188526153564, 1.3606396913528442, 1.2995288372039795]"
9667.0,2011-09-01T00:00:00.000000000,"[4.176473617553711, 2.430823802947998, 2.2915501594543457, 4.506505489349365]","[2.691533088684082, 2.6913676261901855, 2.7392945289611816, 2.7010819911956787]"
9667.0,2011-12-01T00:00:00.000000000,"[2.430823802947998, 2.2915501594543457, 4.506505489349365, 5.379110336303711]","[3.1801023483276367, 3.127805709838867, 3.1518824100494385, 3.1315927505493164]"
9667.0,2012-03-01T00:00:00.000000000,"[2.2915501594543457, 4.506505489349365, 5.379110336303711, 3.0323619842529297]","[2.66079044342041, 2.5692930221557617, 2.512238025665283, 2.444453001022339]"
9667.0,2012-06-01T00:00:00.000000000,"[4.506505489349365, 5.379110336303711, 3.0323619842529297, 3.831699848175049]","[2.246072769165039, 2.05230450630188, 1.8724372386932373, 1.839734435081482]"
9667.0,2012-09-01T00:00:00.000000000,"[5.379110336303711, 3.0323619842529297, 3.831699848175049, 5.129826545715332]","[3.1476995944976807, 3.0964877605438232, 3.105332612991333, 3.122295379638672]"
9667.0,2012-12-01T00:00:00.000000000,"[3.0323619842529297, 3.831699848175049, 5.129826545715332, 3.8977060317993164]","[4.064372539520264, 4.01322603225708, 4.056629180908203, 3.991565704345703]"
9667.0,2013-03-01T00:00:00.000000000,"[3.831699848175049, 5.129826545715332, 3.8977060317993164, 2.2475459575653076]","[3.578141689300537, 3.3950281143188477, 3.27828049659729, 3.1875715255737305]"
10499.0,2006-06-01T00:00:00.000000000,"[0.6633917689323425, 0.9714217185974121, 0.8174067735671997, 0.6413896679878235]","[0.33102819323539734, 0.34130859375, 0.3463365137577057, 0.36572229862213135]"
10499.0,2006-09-01T00:00:00.000000000,"[0.9714217185974121, 0.8174067735671997, 0.6413896679878235, 0.7293981313705444]","[0.5641584396362305, 0.5602846741676331, 0.5643824934959412, 0.5702581405639648]"
10499.0,2006-12-01T00:00:00.000000000,"[0.8174067735671997, 0.6413896679878235, 0.7293981313705444, 0.9714217185974121]","[0.6234087944030762, 0.6151366233825684, 0.6169881820678711, 0.6238710880279541]"
10499.0,2007-03-01T00:00:00.000000000,"[0.6413896679878235, 0.7293981313705444, 0.9714217185974121, 0.8614109754562378]","[0.7627294063568115, 0.7664448022842407, 0.7847579121589661, 0.7686421275138855]"
10499.0,2007-06-01T00:00:00.000000000,"[0.7293981313705444, 0.9714217185974121, 0.8614109754562378, 0.7293981313705444]","[0.731340765953064, 0.7408853769302368, 0.760339617729187, 0.7355785965919495]"
10499.0,2007-09-01T00:00:00.000000000,"[0.9714217185974121, 0.8614109754562378, 0.7293981313705444, 0.9714217185974121]","[0.725601077079773, 0.7358517050743103, 0.7555797100067139, 0.7389651536941528]"
10499.0,2007-12-01T00:00:00.000000000,"[0.8614109754562378, 0.7293981313705444, 0.9714217185974121, 1.3674603700637817]","[0.8248074054718018, 0.8294284343719482, 0.8487027883529663, 0.8316766023635864]"
10499.0,2008-03-01T00:00:00.000000000,"[0.7293981313705444, 0.9714217185974121, 1.3674603700637817, 1.2134451866149902]","[0.8543652892112732, 0.8621264696121216, 0.884530782699585, 0.8640336394309998]"
10499.0,2008-06-01T00:00:00.000000000,"[0.9714217185974121, 1.3674603700637817, 1.2134451866149902, 1.1694409847259521]","[0.8250004053115845, 0.8371816873550415, 0.860543429851532, 0.8404250741004944]"
10499.0,2008-09-01T00:00:00.000000000,"[1.3674603700637817, 1.2134451866149902, 1.1694409847259521, 1.5654793977737427]","[0.8933629989624023, 0.9013833403587341, 0.9235893487930298, 0.9029345512390137]"
10499.0,2008-12-01T00:00:00.000000000,"[1.2134451866149902, 1.1694409847259521, 1.5654793977737427, 2.071528673171997]","[1.0834758281707764, 1.088006854057312, 1.1154491901397705, 1.083186388015747]"
10499.0,2009-03-01T00:00:00.000000000,"[1.1694409847259521, 1.5654793977737427, 2.071528673171997, 1.6974923610687256]","[1.15716552734375, 1.1709961891174316, 1.2084112167358398, 1.1627432107925415]"
10499.0,2009-06-01T00:00:00.000000000,"[1.5654793977737427, 2.071528673171997, 1.6974923610687256, 2.269547939300537]","[1.1946954727172852, 1.2171372175216675, 1.2618615627288818, 1.2063887119293213]"
10499.0,2009-09-01T00:00:00.000000000,"[2.071528673171997, 1.6974923610687256, 2.269547939300537, 2.379558563232422]","[1.3252942562103271, 1.3454055786132812, 1.3924205303192139, 1.3314640522003174]"
10499.0,2009-12-01T00:00:00.000000000,"[1.6974923610687256, 2.269547939300537, 2.379558563232422, 2.775597333908081]","[1.566063404083252, 1.584102749824524, 1.6382312774658203, 1.5652806758880615]"
10499.0,2010-03-01T00:00:00.000000000,"[2.269547939300537, 2.379558563232422, 2.775597333908081, 2.0935308933258057]","[1.5704752206802368, 1.6038113832473755, 1.6676740646362305, 1.5878030061721802]"
10499.0,2010-06-01T00:00:00.000000000,"[2.379558563232422, 2.775597333908081, 2.0935308933258057, 1.9835201501846313]","[1.7963447570800781, 1.8361396789550781, 1.9121572971343994, 1.8086121082305908]"
10499.0,2010-09-01T00:00:00.000000000,"[2.775597333908081, 2.0935308933258057, 1.9835201501846313, 2.2915501594543457]","[1.8870494365692139, 1.913191556930542, 1.9755775928497314, 1.8667097091674805]"
10499.0,2010-12-01T00:00:00.000000000,"[2.0935308933258057, 1.9835201501846313, 2.2915501594543457, 2.577577829360962]","[2.122983455657959, 2.1630144119262695, 2.2461869716644287, 2.1338510513305664]"
10499.0,2011-03-01T00:00:00.000000000,"[1.9835201501846313, 2.2915501594543457, 2.577577829360962, 1.7634987831115723]","[1.9556877613067627, 1.94057035446167, 1.954820156097412, 1.8233197927474976]"
10499.0,2011-06-01T00:00:00.000000000,"[2.2915501594543457, 2.577577829360962, 1.7634987831115723, 2.027524471282959]","[1.9416038990020752, 1.9331852197647095, 1.9509847164154053, 1.8346548080444336]"
10499.0,2011-09-01T00:00:00.000000000,"[2.577577829360962, 1.7634987831115723, 2.027524471282959, 2.5555758476257324]","[2.1299824714660645, 2.1734678745269775, 2.251026153564453, 2.159322738647461]"
10499.0,2011-12-01T00:00:00.000000000,"[1.7634987831115723, 2.027524471282959, 2.5555758476257324, 2.4895694255828857]","[2.3391735553741455, 2.3681716918945312, 2.441490650177002, 2.3502306938171387]"
10499.0,2012-03-01T00:00:00.000000000,"[2.027524471282959, 2.5555758476257324, 2.4895694255828857, 2.9076099395751953]","[1.8050402402877808, 1.6972475051879883, 1.6146801710128784, 1.6056544780731201]"
10499.0,2012-06-01T00:00:00.000000000,"[2.5555758476257324, 2.4895694255828857, 2.9076099395751953, 3.369654893875122]","[1.9161746501922607, 1.8473976850509644, 1.8073375225067139, 1.8136506080627441]"
10499.0,2012-09-01T00:00:00.000000000,"[2.4895694255828857, 2.9076099395751953, 3.369654893875122, 3.8096976280212402]","[2.1386160850524902, 2.066582202911377, 2.0323495864868164, 2.0296409130096436]"
10499.0,2012-12-01T00:00:00.000000000,"[2.9076099395751953, 3.369654893875122, 3.8096976280212402, 3.8537018299102783]","[2.340336799621582, 2.2970967292785645, 2.3006081581115723, 2.31184720993042]"
10499.0,2013-03-01T00:00:00.000000000,"[3.369654893875122, 3.8096976280212402, 3.8537018299102783, 4.2937445640563965]","[2.6192073822021484, 2.5820155143737793, 2.600569248199463, 2.5834670066833496]"
10903.0,2006-06-01T00:00:00.000000000,"[2.42356276512146, 2.885607957839966, 2.7095906734466553, 2.5115716457366943]","[2.0487377643585205, 2.029301404953003, 2.0256330966949463, 2.003920078277588]"
10903.0,2006-09-01T00:00:00.000000000,"[2.885607957839966, 2.7095906734466553, 2.5115716457366943, 2.9076099395751953]","[2.2641518115997314, 2.253434181213379, 2.2702598571777344, 2.260920524597168]"
10903.0,2006-12-01T00:00:00.000000000,"[2.7095906734466553, 2.5115716457366943, 2.9076099395751953, 2.929612159729004]","[2.4434144496917725, 2.45291805267334, 2.491678237915039, 2.449388027191162]"
10903.0,2007-03-01T00:00:00.000000000,"[2.5115716457366943, 2.9076099395751953, 2.929612159729004, 2.379558563232422]","[2.475214958190918, 2.442115545272827, 2.445120334625244, 2.452291488647461]"
10903.0,2007-06-01T00:00:00.000000000,"[2.9076099395751953, 2.929612159729004, 2.379558563232422, 3.1496336460113525]","[2.3738129138946533, 2.319749593734741, 2.2928049564361572, 2.297146797180176]"
10903.0,2007-09-01T00:00:00.000000000,"[2.929612159729004, 2.379558563232422, 3.1496336460113525, 3.6116786003112793]","[2.6266744136810303, 2.639294147491455, 2.68135142326355, 2.6368863582611084]"
10903.0,2007-12-01T00:00:00.000000000,"[2.379558563232422, 3.1496336460113525, 3.6116786003112793, 4.073723793029785]","[2.6726505756378174, 2.6686458587646484, 2.6961190700531006, 2.6695871353149414]"
10903.0,2008-03-01T00:00:00.000000000,"[3.1496336460113525, 3.6116786003112793, 4.073723793029785, 3.9417104721069336]","[2.490065336227417, 2.4783883094787598, 2.4886348247528076, 2.49764347076416]"
10903.0,2008-06-01T00:00:00.000000000,"[3.6116786003112793, 4.073723793029785, 3.9417104721069336, 4.513765811920166]","[2.756503105163574, 2.7405714988708496, 2.757596969604492, 2.747511386871338]"
10903.0,2008-09-01T00:00:00.000000000,"[4.073723793029785, 3.9417104721069336, 4.513765811920166, 4.711785793304443]","[3.1642866134643555, 3.1308345794677734, 3.1509499549865723, 3.1263136863708496]"
10903.0,2008-12-01T00:00:00.000000000,"[3.9417104721069336, 4.513765811920166, 4.711785793304443, 5.151828289031982]","[3.4320216178894043, 3.432298421859741, 3.48831844329834, 3.4149746894836426]"
10903.0,2009-03-01T00:00:00.000000000,"[4.513765811920166, 4.711785793304443, 5.151828289031982, 4.9978132247924805]","[3.6646649837493896, 3.6954588890075684, 3.7827296257019043, 3.6593098640441895]"
10903.0,2009-06-01T00:00:00.000000000,"[4.711785793304443, 5.151828289031982, 4.9978132247924805, 5.987909317016602]","[3.927513599395752, 3.970907688140869, 4.076128959655762, 3.9331812858581543]"
10903.0,2009-09-01T00:00:00.000000000,"[5.151828289031982, 4.9978132247924805, 5.987909317016602, 6.207931041717529]","[4.053428649902344, 4.082193374633789, 4.174801349639893, 4.049307346343994]"
10903.0,2009-12-01T00:00:00.000000000,"[4.9978132247924805, 5.987909317016602, 6.207931041717529, 6.8019890785217285]","[4.320465087890625, 4.350987434387207, 4.451577186584473, 4.318765640258789]"
10903.0,2010-03-01T00:00:00.000000000,"[5.987909317016602, 6.207931041717529, 6.8019890785217285, 6.515960693359375]","[4.649840354919434, 4.667086124420166, 4.76060676574707, 4.565810680389404]"
10903.0,2010-06-01T00:00:00.000000000,"[6.207931041717529, 6.8019890785217285, 6.515960693359375, 7.506057262420654]","[5.140868186950684, 5.197458267211914, 5.345794677734375, 5.138420104980469]"
10903.0,2010-09-01T00:00:00.000000000,"[6.8019890785217285, 6.515960693359375, 7.506057262420654, 7.220029354095459]","[5.062376022338867, 4.925034523010254, 4.875517845153809, 4.683419227600098]"
10903.0,2010-12-01T00:00:00.000000000,"[6.515960693359375, 7.506057262420654, 7.220029354095459, 7.836089611053467]","[5.702053546905518, 5.782302379608154, 5.958459854125977, 5.722568511962891]"
10903.0,2011-03-01T00:00:00.000000000,"[7.506057262420654, 7.220029354095459, 7.836089611053467, 7.880094051361084]","[5.5835113525390625, 5.658591270446777, 5.81367301940918, 5.619138717651367]"
10903.0,2011-06-01T00:00:00.000000000,"[7.220029354095459, 7.836089611053467, 7.880094051361084, 7.484055042266846]","[6.044989585876465, 6.113471508026123, 6.275382041931152, 6.067278861999512]"
10903.0,2011-09-01T00:00:00.000000000,"[7.836089611053467, 7.880094051361084, 7.484055042266846, 14.96478271484375]","[6.081109046936035, 5.959855556488037, 5.939840316772461, 5.7860212326049805]"
10903.0,2011-12-01T00:00:00.000000000,"[7.880094051361084, 7.484055042266846, 14.96478271484375, 7.022010326385498]","[6.563050270080566, 6.610027313232422, 6.756772041320801, 6.547445297241211]"
10903.0,2012-03-01T00:00:00.000000000,"[7.484055042266846, 14.96478271484375, 7.022010326385498, 4.8437981605529785]","[7.483743667602539, 7.5678300857543945, 7.781538963317871, 7.453290939331055]"
10903.0,2012-06-01T00:00:00.000000000,"[14.96478271484375, 7.022010326385498, 4.8437981605529785, 10.98239517211914]","[7.5104875564575195, 7.572320938110352, 7.757368087768555, 7.452578544616699]"
10903.0,2012-09-01T00:00:00.000000000,"[7.022010326385498, 4.8437981605529785, 10.98239517211914, 9.640264511108398]","[9.365352630615234, 9.25239372253418, 9.357736587524414, 9.18276596069336]"
10903.0,2012-12-01T00:00:00.000000000,"[4.8437981605529785, 10.98239517211914, 9.640264511108398, 9.244226455688477]","[8.12435245513916, 8.029509544372559, 8.051526069641113, 7.745993614196777]"
10903.0,2013-03-01T00:00:00.000000000,"[10.98239517211914, 9.640264511108398, 9.244226455688477, 9.156217575073242]","[5.758227348327637, 5.1689324378967285, 4.585616111755371, 4.447546005249023]"
11259.0,2006-06-01T00:00:00.000000000,"[1.7194944620132446, 1.9615180492401123, 1.8295050859451294, 2.8416035175323486]","[2.3949460983276367, 2.375277280807495, 2.3980677127838135, 2.3743021488189697]"
11259.0,2006-09-01T00:00:00.000000000,"[1.9615180492401123, 1.8295050859451294, 2.8416035175323486, 1.5654793977737427]","[2.1955060958862305, 2.2026114463806152, 2.2355456352233887, 2.21181058883667]"
11259.0,2006-12-01T00:00:00.000000000,"[1.8295050859451294, 2.8416035175323486, 1.5654793977737427, 1.6754902601242065]","[2.077850341796875, 2.0752906799316406, 2.0915298461914062, 2.089137554168701]"
11259.0,2007-03-01T00:00:00.000000000,"[2.8416035175323486, 1.5654793977737427, 1.6754902601242065, 1.477470874786377]","[1.9108508825302124, 1.8728916645050049, 1.8443195819854736, 1.8524880409240723]"
11259.0,2007-06-01T00:00:00.000000000,"[1.5654793977737427, 1.6754902601242065, 1.477470874786377, 2.577577829360962]","[2.256842851638794, 2.2317113876342773, 2.233846664428711, 2.242499828338623]"
11259.0,2007-09-01T00:00:00.000000000,"[1.6754902601242065, 1.477470874786377, 2.577577829360962, 1.455468773841858]","[1.985889196395874, 1.985471487045288, 1.9919190406799316, 2.002227783203125]"
11259.0,2007-12-01T00:00:00.000000000,"[1.477470874786377, 2.577577829360962, 1.455468773841858, 1.6534881591796875]","[1.9488470554351807, 1.971047282218933, 1.994661808013916, 1.9997944831848145]"
11259.0,2008-03-01T00:00:00.000000000,"[2.577577829360962, 1.455468773841858, 1.6534881591796875, 1.455468773841858]","[1.860498070716858, 1.8286031484603882, 1.8194859027862549, 1.8606956005096436]"
11259.0,2008-06-01T00:00:00.000000000,"[1.455468773841858, 1.6534881591796875, 1.455468773841858, 2.1595370769500732]","[2.1762144565582275, 2.1649563312530518, 2.170557737350464, 2.1902008056640625]"
11259.0,2008-09-01T00:00:00.000000000,"[1.6534881591796875, 1.455468773841858, 2.1595370769500732, 1.499472975730896]","[1.9844768047332764, 1.9881092309951782, 1.9950847625732422, 2.0236947536468506]"
11259.0,2008-12-01T00:00:00.000000000,"[1.455468773841858, 2.1595370769500732, 1.499472975730896, 1.6754902601242065]","[1.8746964931488037, 1.8895514011383057, 1.9031718969345093, 1.9357900619506836]"
11259.0,2009-03-01T00:00:00.000000000,"[2.1595370769500732, 1.499472975730896, 1.6754902601242065, 1.499472975730896]","[1.6516637802124023, 1.7020764350891113, 1.7648934125900269, 1.809999704360962]"
11259.0,2009-06-01T00:00:00.000000000,"[1.499472975730896, 1.6754902601242065, 1.499472975730896, 2.225543737411499]","[2.0144248008728027, 2.0191330909729004, 2.0259642601013184, 2.053673267364502]"
11259.0,2009-09-01T00:00:00.000000000,"[1.6754902601242065, 1.499472975730896, 2.225543737411499, 1.8075029850006104]","[1.7788432836532593, 1.8174208402633667, 1.868858814239502, 1.9079304933547974]"
11259.0,2009-12-01T00:00:00.000000000,"[1.499472975730896, 2.225543737411499, 1.8075029850006104, 2.1375350952148438]","[1.8559398651123047, 1.8742613792419434, 1.886202096939087, 1.9186278581619263]"
11259.0,2010-03-01T00:00:00.000000000,"[2.225543737411499, 1.8075029850006104, 2.1375350952148438, 1.6754902601242065]","[1.5645405054092407, 1.6192185878753662, 1.6706486940383911, 1.7143577337265015]"
11259.0,2010-06-01T00:00:00.000000000,"[1.8075029850006104, 2.1375350952148438, 1.6754902601242065, 2.4015607833862305]","[1.924803614616394, 1.937938928604126, 1.944093108177185, 1.9713857173919678]"
11259.0,2010-09-01T00:00:00.000000000,"[2.1375350952148438, 1.6754902601242065, 2.4015607833862305, 1.7855008840560913]","[1.9875563383102417, 1.9977246522903442, 2.006425619125366, 2.030716896057129]"
11259.0,2010-12-01T00:00:00.000000000,"[1.6754902601242065, 2.4015607833862305, 1.7855008840560913, 2.0935308933258057]","[2.080139398574829, 2.083921194076538, 2.089301109313965, 2.1111207008361816]"
11259.0,2011-03-01T00:00:00.000000000,"[2.4015607833862305, 1.7855008840560913, 2.0935308933258057, 1.8515071868896484]","[1.8288244009017944, 1.8590937852859497, 1.8846698999404907, 1.9183636903762817]"
11259.0,2011-06-01T00:00:00.000000000,"[1.7855008840560913, 2.0935308933258057, 1.8515071868896484, 2.335554361343384]","[2.0367021560668945, 2.045912981033325, 2.0522427558898926, 2.0781280994415283]"
11259.0,2011-09-01T00:00:00.000000000,"[2.0935308933258057, 1.8515071868896484, 2.335554361343384, 1.8955113887786865]","[1.9948948621749878, 2.0077483654022217, 2.0142102241516113, 2.042327642440796]"
11259.0,2011-12-01T00:00:00.000000000,"[1.8515071868896484, 2.335554361343384, 1.8955113887786865, 2.7315926551818848]","[2.042966604232788, 2.0530753135681152, 2.0588417053222656, 2.0831985473632812]"
11259.0,2012-03-01T00:00:00.000000000,"[2.335554361343384, 1.8955113887786865, 2.7315926551818848, 2.2475459575653076]","[1.9898544549942017, 2.012779951095581, 2.0400571823120117, 2.0695724487304688]"
11259.0,2012-06-01T00:00:00.000000000,"[1.8955113887786865, 2.7315926551818848, 2.2475459575653076, 2.5115716457366943]","[2.035372018814087, 2.047261953353882, 2.053740978240967, 2.0804009437561035]"
11259.0,2012-09-01T00:00:00.000000000,"[2.7315926551818848, 2.2475459575653076, 2.5115716457366943, 3.017620801925659]","[2.0381650924682617, 2.0504086017608643, 2.056833267211914, 2.0833346843719482]"
11259.0,2012-12-01T00:00:00.000000000,"[2.2475459575653076, 2.5115716457366943, 3.017620801925659, 3.21563982963562]","[2.365325450897217, 2.3556339740753174, 2.359182834625244, 2.371856689453125]"
11259.0,2013-03-01T00:00:00.000000000,"[2.5115716457366943, 3.017620801925659, 3.21563982963562, 2.4895694255828857]","[2.3584351539611816, 2.341245174407959, 2.3360137939453125, 2.3477087020874023]"
12540.0,2006-06-01T00:00:00.000000000,"[0.11333828419446945, -0.08468098938465118, 0.09133616089820862, 0.26735323667526245]","[0.06072346866130829, 0.1003117710351944, 0.13900431990623474, 0.1658952534198761]"
12540.0,2006-09-01T00:00:00.000000000,"[-0.08468098938465118, 0.09133616089820862, 0.26735323667526245, 0.35536178946495056]","[0.10469657182693481, 0.13814419507980347, 0.16861186921596527, 0.19334161281585693]"
12540.0,2006-12-01T00:00:00.000000000,"[0.09133616089820862, 0.26735323667526245, 0.35536178946495056, 0.4873746931552887]","[0.052573949098587036, 0.0940125584602356, 0.13557448983192444, 0.1627630889415741]"
12540.0,2007-03-01T00:00:00.000000000,"[0.26735323667526245, 0.35536178946495056, 0.4873746931552887, 0.6633917689323425]","[0.09986068308353424, 0.1344299614429474, 0.1666336953639984, 0.1915469616651535]"
12540.0,2007-06-01T00:00:00.000000000,"[0.35536178946495056, 0.4873746931552887, 0.6633917689323425, 0.7514004111289978]","[0.1801333725452423, 0.20488479733467102, 0.2254083752632141, 0.24790947139263153]"
12540.0,2007-09-01T00:00:00.000000000,"[0.4873746931552887, 0.6633917689323425, 0.7514004111289978, 0.8614109754562378]","[0.3009410500526428, 0.3109695613384247, 0.31448739767074585, 0.3302065432071686]"
12540.0,2007-12-01T00:00:00.000000000,"[0.6633917689323425, 0.7514004111289978, 0.8614109754562378, 0.9494196176528931]","[0.3760417699813843, 0.38141095638275146, 0.3844672441482544, 0.3974992632865906]"
12540.0,2008-03-01T00:00:00.000000000,"[0.7514004111289978, 0.8614109754562378, 0.9494196176528931, 1.279451608657837]","[0.5052410960197449, 0.502332329750061, 0.5043859481811523, 0.5123651027679443]"
12540.0,2008-06-01T00:00:00.000000000,"[0.8614109754562378, 0.9494196176528931, 1.279451608657837, 1.3674603700637817]","[0.5912320017814636, 0.5835670232772827, 0.5849594473838806, 0.5898178219795227]"
12540.0,2008-09-01T00:00:00.000000000,"[0.9494196176528931, 1.279451608657837, 1.3674603700637817, 1.5434772968292236]","[0.6474672555923462, 0.5778288841247559, 0.5211211442947388, 0.5078052878379822]"
12540.0,2008-12-01T00:00:00.000000000,"[1.279451608657837, 1.3674603700637817, 1.5434772968292236, 1.7194944620132446]","[0.7550896406173706, 0.7475101947784424, 0.7522749304771423, 0.7236654758453369]"
12540.0,2009-03-01T00:00:00.000000000,"[1.3674603700637817, 1.5434772968292236, 1.7194944620132446, 2.071528673171997]","[0.8527596592903137, 0.8594087958335876, 0.880780816078186, 0.8512226343154907]"
12540.0,2009-06-01T00:00:00.000000000,"[1.5434772968292236, 1.7194944620132446, 2.071528673171997, 2.7095906734466553]","[0.9595950841903687, 0.9562904834747314, 0.9699677228927612, 0.9214941263198853]"
12540.0,2009-09-01T00:00:00.000000000,"[1.7194944620132446, 2.071528673171997, 2.7095906734466553, 2.9516141414642334]","[0.9599759578704834, 0.8695269823074341, 0.7973753213882446, 0.7442967891693115]"
12540.0,2009-12-01T00:00:00.000000000,"[2.071528673171997, 2.7095906734466553, 2.9516141414642334, 3.1056292057037354]","[1.2005631923675537, 1.1632585525512695, 1.1504838466644287, 1.0791923999786377]"
12540.0,2010-03-01T00:00:00.000000000,"[2.7095906734466553, 2.9516141414642334, 3.1056292057037354, 3.479665517807007]","[1.3514471054077148, 1.3020765781402588, 1.2809247970581055, 1.1941015720367432]"
12540.0,2010-06-01T00:00:00.000000000,"[2.9516141414642334, 3.1056292057037354, 3.479665517807007, 2.929612159729004]","[1.7046966552734375, 1.6733661890029907, 1.6817576885223389, 1.5752344131469727]"
12540.0,2010-09-01T00:00:00.000000000,"[3.1056292057037354, 3.479665517807007, 2.929612159729004, 3.325650691986084]","[1.8600249290466309, 1.7731616497039795, 1.7317206859588623, 1.6274361610412598]"
12540.0,2010-12-01T00:00:00.000000000,"[3.479665517807007, 2.929612159729004, 3.325650691986084, 3.8096976280212402]","[1.9371142387390137, 1.8543968200683594, 1.8125205039978027, 1.7097630500793457]"
12540.0,2011-03-01T00:00:00.000000000,"[2.929612159729004, 3.325650691986084, 3.8096976280212402, 4.337749004364014]","[2.106221914291382, 1.8806960582733154, 1.7032383680343628, 1.572098970413208]"
12540.0,2011-06-01T00:00:00.000000000,"[3.325650691986084, 3.8096976280212402, 4.337749004364014, 4.139729976654053]","[1.9968276023864746, 1.7122713327407837, 1.465498685836792, 1.3357008695602417]"
12540.0,2011-09-01T00:00:00.000000000,"[3.8096976280212402, 4.337749004364014, 4.139729976654053, 4.689783573150635]","[2.488300323486328, 2.2709057331085205, 2.1087565422058105, 1.954932451248169]"
12540.0,2011-12-01T00:00:00.000000000,"[4.337749004364014, 4.139729976654053, 4.689783573150635, 4.953808784484863]","[2.8958663940429688, 2.823335647583008, 2.8207714557647705, 2.725158214569092]"
12540.0,2012-03-01T00:00:00.000000000,"[4.139729976654053, 4.689783573150635, 4.953808784484863, 5.481860160827637]","[2.5870065689086914, 2.201612949371338, 1.870557188987732, 1.7392245531082153]"
12540.0,2012-06-01T00:00:00.000000000,"[4.689783573150635, 4.953808784484863, 5.481860160827637, 6.207931041717529]","[2.596498727798462, 2.1272850036621094, 1.7055649757385254, 1.546034812927246]"
12540.0,2012-09-01T00:00:00.000000000,"[4.953808784484863, 5.481860160827637, 6.207931041717529, 5.965907573699951]","[3.9479293823242188, 3.7872424125671387, 3.7200961112976074, 3.453103542327881]"
12540.0,2012-12-01T00:00:00.000000000,"[5.481860160827637, 6.207931041717529, 5.965907573699951, 6.1419243812561035]","[3.6600897312164307, 3.7365522384643555, 3.873028516769409, 3.722602605819702]"
12540.0,2013-03-01T00:00:00.000000000,"[6.207931041717529, 5.965907573699951, 6.1419243812561035, 6.339943885803223]","[4.285229682922363, 4.051835536956787, 3.9168131351470947, 3.6723575592041016]"
13421.0,2006-03-01T00:00:00.000000000,"[-0.23869597911834717, -0.12868529558181763, -0.10668310523033142, -0.19469167292118073]","[-0.3204784393310547, -0.33589881658554077, -0.3572143614292145, -0.34666985273361206]"
13421.0,2006-06-01T00:00:00.000000000,"[-0.12868529558181763, -0.10668310523033142, -0.19469167292118073, -0.10668310523033142]","[-0.23434403538703918, -0.22968736290931702, -0.22634541988372803, -0.21220603585243225]"
13421.0,2006-09-01T00:00:00.000000000,"[-0.10668310523033142, -0.19469167292118073, -0.10668310523033142, -0.08468098938465118]","[-0.18631592392921448, -0.18470318615436554, -0.18162290751934052, -0.1690315157175064]"
13421.0,2006-12-01T00:00:00.000000000,"[-0.19469167292118073, -0.10668310523033142, -0.08468098938465118, -0.018674563616514206]","[-0.1756904274225235, -0.174707293510437, -0.17204703390598297, -0.16075070202350616]"
13421.0,2007-03-01T00:00:00.000000000,"[-0.10668310523033142, -0.08468098938465118, -0.018674563616514206, -0.08468098938465118]","[-0.21481432020664215, -0.21122200787067413, -0.20814943313598633, -0.1950233429670334]"
13421.0,2007-06-01T00:00:00.000000000,"[-0.08468098938465118, -0.018674563616514206, -0.08468098938465118, -0.06267886608839035]","[-0.12543277442455292, -0.17075487971305847, -0.2092970460653305, -0.21022604405879974]"
13421.0,2007-09-01T00:00:00.000000000,"[-0.018674563616514206, -0.08468098938465118, -0.06267886608839035, -0.04067668318748474]","[-0.1288490891456604, -0.13091067969799042, -0.12829424440860748, -0.1179630309343338]"
13421.0,2007-12-01T00:00:00.000000000,"[-0.08468098938465118, -0.06267886608839035, -0.04067668318748474, 0.047331858426332474]","[-0.1184936910867691, -0.12067550420761108, -0.11770093441009521, -0.10694995522499084]"
13421.0,2008-03-01T00:00:00.000000000,"[-0.06267886608839035, -0.04067668318748474, 0.047331858426332474, 0.003327556187286973]","[-0.12878082692623138, -0.12648093700408936, -0.11985015869140625, -0.11380104720592499]"
13421.0,2008-06-01T00:00:00.000000000,"[-0.04067668318748474, 0.047331858426332474, 0.003327556187286973, 0.047331858426332474]","[-0.10726897418498993, -0.11242128908634186, -0.11133813858032227, -0.10323560237884521]"
13421.0,2008-09-01T00:00:00.000000000,"[0.047331858426332474, 0.003327556187286973, 0.047331858426332474, 0.06933397799730301]","[-0.07700729370117188, -0.09435182809829712, -0.10318158566951752, -0.09938657283782959]"
13421.0,2008-12-01T00:00:00.000000000,"[0.003327556187286973, 0.047331858426332474, 0.06933397799730301, 0.15734252333641052]","[-0.0674419105052948, -0.07462990283966064, -0.07298871874809265, -0.06600376963615417]"
13421.0,2009-03-01T00:00:00.000000000,"[0.047331858426332474, 0.06933397799730301, 0.15734252333641052, 0.17934469878673553]","[-0.05483970046043396, -0.058246910572052, -0.05200868844985962, -0.05302104353904724]"
13421.0,2009-06-01T00:00:00.000000000,"[0.06933397799730301, 0.15734252333641052, 0.17934469878673553, 0.2893553674221039]","[0.03846794366836548, 0.039821088314056396, 0.05380511283874512, 0.039519816637039185]"
13421.0,2009-09-01T00:00:00.000000000,"[0.15734252333641052, 0.17934469878673553, 0.2893553674221039, 0.37736397981643677]","[-0.0028721392154693604, -0.020327240228652954, -0.027202963829040527, -0.03637486696243286]"
13421.0,2009-12-01T00:00:00.000000000,"[0.17934469878673553, 0.2893553674221039, 0.37736397981643677, 0.44337034225463867]","[0.08479174971580505, 0.08067983388900757, 0.09068894386291504, 0.08303865790367126]"
13421.0,2010-03-01T00:00:00.000000000,"[0.2893553674221039, 0.37736397981643677, 0.44337034225463867, 0.4873746931552887]","[0.11508625745773315, 0.11003774404525757, 0.11903038620948792, 0.10707712173461914]"
13421.0,2010-06-01T00:00:00.000000000,"[0.37736397981643677, 0.44337034225463867, 0.4873746931552887, 0.553381085395813]","[0.1712864190340042, 0.14438165724277496, 0.13323397934436798, 0.10730703175067902]"
13421.0,2010-09-01T00:00:00.000000000,"[0.44337034225463867, 0.4873746931552887, 0.553381085395813, 0.4873746931552887]","[0.2553079426288605, 0.24719351530075073, 0.2563352882862091, 0.22531837224960327]"
13421.0,2011-03-01T00:00:00.000000000,"[0.4873746931552887, 0.553381085395813, 0.4873746931552887, 0.4873746931552887]","[0.1848948448896408, 0.13315553963184357, 0.09592600166797638, 0.07676078379154205]"
13421.0,2011-06-01T00:00:00.000000000,"[0.553381085395813, 0.4873746931552887, 0.4873746931552887, 0.6193875670433044]","[0.21994954347610474, 0.1606413722038269, 0.11561743915081024, 0.09072737395763397]"
13421.0,2011-09-01T00:00:00.000000000,"[0.4873746931552887, 0.4873746931552887, 0.6193875670433044, 0.7514004111289978]","[0.3751620948314667, 0.3362676203250885, 0.31581324338912964, 0.27056238055229187]"
13421.0,2011-12-01T00:00:00.000000000,"[0.4873746931552887, 0.6193875670433044, 0.7514004111289978, 0.8394088745117188]","[0.2249537706375122, 0.1509043574333191, 0.08771299570798874, 0.0616830512881279]"
13421.0,2012-03-01T00:00:00.000000000,"[0.6193875670433044, 0.7514004111289978, 0.8394088745117188, 1.125436782836914]","[0.2629125118255615, 0.19259986281394958, 0.13248756527900696, 0.09858418256044388]"
13421.0,2012-06-01T00:00:00.000000000,"[0.7514004111289978, 0.8394088745117188, 1.125436782836914, 1.125436782836914]","[0.35721355676651, 0.2996918857097626, 0.2555031180381775, 0.22244970500469208]"
13421.0,2012-09-01T00:00:00.000000000,"[0.8394088745117188, 1.125436782836914, 1.125436782836914, 1.1914430856704712]","[0.5145851969718933, 0.48661354184150696, 0.47697019577026367, 0.4379425346851349]"
13421.0,2012-12-01T00:00:00.000000000,"[1.125436782836914, 1.125436782836914, 1.1914430856704712, 1.0594303607940674]","[0.6095168590545654, 0.6279246211051941, 0.6635604500770569, 0.613745391368866]"
13421.0,2013-03-01T00:00:00.000000000,"[1.125436782836914, 1.1914430856704712, 1.0594303607940674, 1.103434681892395]","[0.7619742155075073, 0.7523928880691528, 0.766025722026825, 0.6986852288246155]"
14225.0,2006-06-01T00:00:00.000000000,"[-0.21669383347034454, -0.20569276809692383, -0.2606981098651886, -0.22769489884376526]","[-0.3005286753177643, -0.3002382814884186, -0.29545876383781433, -0.30038297176361084]"
14225.0,2006-09-01T00:00:00.000000000,"[-0.20569276809692383, -0.2606981098651886, -0.22769489884376526, -0.1726895570755005]","[-0.267322301864624, -0.2705686390399933, -0.2674672305583954, -0.27105048298835754]"
14225.0,2006-12-01T00:00:00.000000000,"[-0.2606981098651886, -0.22769489884376526, -0.1726895570755005, -0.1836906224489212]","[-0.2158685028553009, -0.21150706708431244, -0.19995124638080597, -0.21503299474716187]"
14225.0,2007-03-01T00:00:00.000000000,"[-0.22769489884376526, -0.1726895570755005, -0.1836906224489212, -0.2716991901397705]","[-0.2518916130065918, -0.26656490564346313, -0.27562135457992554, -0.28960758447647095]"
14225.0,2007-06-01T00:00:00.000000000,"[-0.1726895570755005, -0.1836906224489212, -0.2716991901397705, -0.21669383347034454]","[-0.24292217195034027, -0.2559262812137604, -0.2633148431777954, -0.27616769075393677]"
14225.0,2007-09-01T00:00:00.000000000,"[-0.1836906224489212, -0.2716991901397705, -0.21669383347034454, -0.20569276809692383]","[-0.23460304737091064, -0.23099227249622345, -0.22273674607276917, -0.23221386969089508]"
14225.0,2007-12-01T00:00:00.000000000,"[-0.2716991901397705, -0.21669383347034454, -0.20569276809692383, -0.21669383347034454]","[-0.22826538980007172, -0.22502994537353516, -0.21714714169502258, -0.22473885118961334]"
14225.0,2008-03-01T00:00:00.000000000,"[-0.21669383347034454, -0.20569276809692383, -0.21669383347034454, -0.2606981098651886]","[-0.264819473028183, -0.2815919816493988, -0.29501521587371826, -0.30041974782943726]"
14225.0,2008-06-01T00:00:00.000000000,"[-0.20569276809692383, -0.21669383347034454, -0.2606981098651886, -0.19469167292118073]","[-0.24646565318107605, -0.2574229836463928, -0.26437151432037354, -0.2666321396827698]"
14225.0,2008-09-01T00:00:00.000000000,"[-0.21669383347034454, -0.2606981098651886, -0.19469167292118073, -0.12868529558181763]","[-0.22087399661540985, -0.22064457833766937, -0.21605651080608368, -0.2190885990858078]"
14225.0,2008-12-01T00:00:00.000000000,"[-0.2606981098651886, -0.19469167292118073, -0.12868529558181763, -0.15068741142749786]","[-0.21439209580421448, -0.21885435283184052, -0.21804600954055786, -0.2156275361776352]"
14225.0,2009-03-01T00:00:00.000000000,"[-0.19469167292118073, -0.12868529558181763, -0.15068741142749786, -0.20569276809692383]","[-0.2194623500108719, -0.22903168201446533, -0.23385432362556458, -0.23282945156097412]"
14225.0,2009-06-01T00:00:00.000000000,"[-0.12868529558181763, -0.15068741142749786, -0.20569276809692383, -0.029675621539354324]","[-0.1890655755996704, -0.19467398524284363, -0.19420495629310608, -0.1925528645515442]"
14225.0,2009-09-01T00:00:00.000000000,"[-0.15068741142749786, -0.20569276809692383, -0.029675621539354324, -0.05167780816555023]","[-0.1667708307504654, -0.17323897778987885, -0.1728128343820572, -0.17152296006679535]"
14225.0,2009-12-01T00:00:00.000000000,"[-0.20569276809692383, -0.029675621539354324, -0.05167780816555023, 0.05833292007446289]","[-0.13638873398303986, -0.14218822121620178, -0.1401025652885437, -0.14220409095287323]"
14225.0,2010-03-01T00:00:00.000000000,"[-0.029675621539354324, -0.05167780816555023, 0.05833292007446289, -0.05167780816555023]","[-0.1461542546749115, -0.1488756537437439, -0.14557085931301117, -0.15275926887989044]"
14225.0,2010-06-01T00:00:00.000000000,"[-0.05167780816555023, 0.05833292007446289, -0.05167780816555023, 0.047331858426332474]","[-0.07949580252170563, -0.08031028509140015, -0.07222992181777954, -0.08294007182121277]"
14225.0,2010-09-01T00:00:00.000000000,"[0.05833292007446289, -0.05167780816555023, 0.047331858426332474, 0.09133616089820862]","[-0.0958988219499588, -0.09731234610080719, -0.0913548469543457, -0.09838402271270752]"
14225.0,2010-12-01T00:00:00.000000000,"[-0.05167780816555023, 0.047331858426332474, 0.09133616089820862, 0.11333828419446945]","[-0.038498297333717346, -0.04199521243572235, -0.03629288077354431, -0.050268590450286865]"
14225.0,2011-03-01T00:00:00.000000000,"[0.047331858426332474, 0.09133616089820862, 0.11333828419446945, -0.018674563616514206]","[-0.10050822794437408, -0.12415850162506104, -0.14180365204811096, -0.15296722948551178]"
14225.0,2011-06-01T00:00:00.000000000,"[0.09133616089820862, 0.11333828419446945, -0.018674563616514206, 0.06933397799730301]","[-0.06703060865402222, -0.08620543777942657, -0.09829980134963989, -0.10730718076229095]"
14225.0,2011-09-01T00:00:00.000000000,"[0.11333828419446945, -0.018674563616514206, 0.06933397799730301, 0.2233489453792572]","[-0.03391313552856445, -0.03635358810424805, -0.03187979757785797, -0.04112882912158966]"
14225.0,2011-12-01T00:00:00.000000000,"[-0.018674563616514206, 0.06933397799730301, 0.2233489453792572, 0.13534040749073029]","[0.055839911103248596, 0.05388660728931427, 0.06163536012172699, 0.035819634795188904]"
14225.0,2012-03-01T00:00:00.000000000,"[0.06933397799730301, 0.2233489453792572, 0.13534040749073029, 0.047331858426332474]","[-0.07785788178443909, -0.11448756605386734, -0.14706847071647644, -0.15830713510513306]"
14225.0,2012-06-01T00:00:00.000000000,"[0.2233489453792572, 0.13534040749073029, 0.047331858426332474, 0.11333828419446945]","[-0.04737140238285065, -0.07741273194551468, -0.10228518396615982, -0.10935816168785095]"
14225.0,2012-09-01T00:00:00.000000000,"[0.13534040749073029, 0.047331858426332474, 0.11333828419446945, 0.2233489453792572]","[0.07248315215110779, 0.06246793270111084, 0.06190061569213867, 0.0473465770483017]"
14225.0,2012-12-01T00:00:00.000000000,"[0.047331858426332474, 0.11333828419446945, 0.2233489453792572, 0.2233489453792572]","[0.0918055921792984, 0.07835835218429565, 0.07428044080734253, 0.05486275255680084]"
14225.0,2013-03-01T00:00:00.000000000,"[0.11333828419446945, 0.2233489453792572, 0.2233489453792572, 0.17934469878673553]","[0.04605834186077118, 0.024898260831832886, 0.00970788300037384, -0.010254502296447754]"
16721.0,2006-06-01T00:00:00.000000000,"[-0.28270024061203003, 0.9054153561592102, 1.9835201501846313, 0.15734252333641052]","[0.5327908992767334, 0.5214240550994873, 0.5337324142456055, 0.5580602288246155]"
16721.0,2006-09-01T00:00:00.000000000,"[0.9054153561592102, 1.9835201501846313, 0.15734252333641052, -0.37070879340171814]","[0.22594167292118073, 0.14029867947101593, 0.05513106286525726, 0.026335015892982483]"
16721.0,2006-12-01T00:00:00.000000000,"[1.9835201501846313, 0.15734252333641052, -0.37070879340171814, 0.7293981313705444]","[0.3367775082588196, 0.1307838410139084, -0.0067879557609558105, 0.032948002219200134]"
16721.0,2007-03-01T00:00:00.000000000,"[0.15734252333641052, -0.37070879340171814, 0.7293981313705444, 3.325650691986084]","[0.7070969939231873, 0.6750090718269348, 0.7180805802345276, 0.7637326717376709]"
16721.0,2007-06-01T00:00:00.000000000,"[-0.37070879340171814, 0.7293981313705444, 3.325650691986084, 0.3993660807609558]","[0.3232211470603943, 0.24560707807540894, 0.17366757988929749, 0.19705551862716675]"
16721.0,2007-09-01T00:00:00.000000000,"[0.7293981313705444, 3.325650691986084, 0.3993660807609558, -0.5467259287834167]","[-0.06056220829486847, -0.19734367728233337, -0.35217076539993286, -0.33814817667007446]"
16721.0,2007-12-01T00:00:00.000000000,"[3.325650691986084, 0.3993660807609558, -0.5467259287834167, 0.5313789248466492]","[0.554397463798523, 0.45871660113334656, 0.4296661913394928, 0.49732956290245056]"
16721.0,2008-03-01T00:00:00.000000000,"[0.3993660807609558, -0.5467259287834167, 0.5313789248466492, 4.755789756774902]","[1.4383530616760254, 1.3342307806015015, 1.4164986610412598, 1.4994651079177856]"
16721.0,2008-06-01T00:00:00.000000000,"[-0.5467259287834167, 0.5313789248466492, 4.755789756774902, 1.1694409847259521]","[1.1896586418151855, 1.2326875925064087, 1.3079477548599243, 1.2594237327575684]"
16721.0,2008-09-01T00:00:00.000000000,"[0.5313789248466492, 4.755789756774902, 1.1694409847259521, 0.09133616089820862]","[0.3175983726978302, 0.3720521032810211, 0.443118155002594, 0.41791871190071106]"
16721.0,2008-12-01T00:00:00.000000000,"[4.755789756774902, 1.1694409847259521, 0.09133616089820862, 0.7293981313705444]","[0.45761796832084656, 0.13137443363666534, -0.07029993087053299, 0.02325841411948204]"
16721.0,2009-03-01T00:00:00.000000000,"[1.1694409847259521, 0.09133616089820862, 0.7293981313705444, 4.0957255363464355]","[1.7444781064987183, 1.5524948835372925, 1.7409498691558838, 1.9446696043014526]"
16721.0,2009-06-01T00:00:00.000000000,"[0.09133616089820862, 0.7293981313705444, 4.0957255363464355, 2.181539297103882]","[1.3310048580169678, 1.3049863576889038, 1.3149789571762085, 1.3580751419067383]"
16721.0,2009-09-01T00:00:00.000000000,"[0.7293981313705444, 4.0957255363464355, 2.181539297103882, -0.4147131145000458]","[0.47727781534194946, 0.25348231196403503, 0.015124425292015076, 0.019612297415733337]"
16721.0,2009-12-01T00:00:00.000000000,"[4.0957255363464355, 2.181539297103882, -0.4147131145000458, 1.1914430856704712]","[1.033223032951355, 0.7346298694610596, 0.6025354266166687, 0.7407318949699402]"
16721.0,2010-03-01T00:00:00.000000000,"[2.181539297103882, -0.4147131145000458, 1.1914430856704712, 3.5896763801574707]","[2.150944232940674, 2.036257028579712, 2.1108171939849854, 2.205613851547241]"
16721.0,2010-06-01T00:00:00.000000000,"[-0.4147131145000458, 1.1914430856704712, 3.5896763801574707, 2.181539297103882]","[2.0095725059509277, 1.9590710401535034, 1.9671217203140259, 2.0005741119384766]"
16721.0,2010-09-01T00:00:00.000000000,"[1.1914430856704712, 3.5896763801574707, 2.181539297103882, -0.15068741142749786]","[0.7134461402893066, 0.47717541456222534, 0.22278185188770294, 0.23466214537620544]"
16721.0,2010-12-01T00:00:00.000000000,"[3.5896763801574707, 2.181539297103882, -0.15068741142749786, 1.4334666728973389]","[1.1882880926132202, 0.6518899202346802, 0.3212536871433258, 0.4475468695163727]"
16721.0,2011-03-01T00:00:00.000000000,"[2.181539297103882, -0.15068741142749786, 1.4334666728973389, 4.8437981605529785]","[1.990662693977356, 1.8530728816986084, 2.014862060546875, 2.2160983085632324]"
16721.0,2011-06-01T00:00:00.000000000,"[-0.15068741142749786, 1.4334666728973389, 4.8437981605529785, 1.6754902601242065]","[2.089982748031616, 2.05755877494812, 2.071322441101074, 2.1201767921447754]"
16721.0,2011-09-01T00:00:00.000000000,"[1.4334666728973389, 4.8437981605529785, 1.6754902601242065, 2.42356276512146]","[1.0175933837890625, 0.9896805286407471, 0.9520742893218994, 1.021206021308899]"
16721.0,2011-12-01T00:00:00.000000000,"[4.8437981605529785, 1.6754902601242065, 2.42356276512146, -0.5907301902770996]","[1.3940013647079468, 1.0347707271575928, 0.801058292388916, 0.9045783281326294]"
16721.0,2012-03-01T00:00:00.000000000,"[1.6754902601242065, 2.42356276512146, -0.5907301902770996, 6.031913757324219]","[2.26065731048584, 2.1978566646575928, 2.262908458709717, 2.367917537689209]"
16721.0,2012-06-01T00:00:00.000000000,"[2.42356276512146, -0.5907301902770996, 6.031913757324219, 2.0055222511291504]","[2.707190752029419, 2.6936495304107666, 2.7412564754486084, 2.7495577335357666]"
16721.0,2012-09-01T00:00:00.000000000,"[-0.5907301902770996, 6.031913757324219, 2.0055222511291504, 1.0374282598495483]","[3.009100914001465, 3.034794330596924, 3.1243491172790527, 3.059809684753418]"
16721.0,2012-12-01T00:00:00.000000000,"[6.031913757324219, 2.0055222511291504, 1.0374282598495483, 2.775597333908081]","[0.6893692016601562, 0.8049803972244263, 0.918403148651123, 1.050682544708252]"
16721.0,2013-03-01T00:00:00.000000000,"[2.0055222511291504, 1.0374282598495483, 2.775597333908081, 6.339943885803223]","[2.917123794555664, 2.8536553382873535, 2.8894312381744385, 2.9580349922180176]"
20779.0,2006-06-01T00:00:00.000000000,"[0.42136821150779724, 0.5093768239021301, 0.4873746931552887, 0.4653724431991577]","[0.35342520475387573, 0.33691853284835815, 0.327912837266922, 0.3238834738731384]"
20779.0,2006-09-01T00:00:00.000000000,"[0.5093768239021301, 0.4873746931552887, 0.4653724431991577, 0.4873746931552887]","[0.36674994230270386, 0.3503226637840271, 0.34059518575668335, 0.3308509588241577]"
20779.0,2006-12-01T00:00:00.000000000,"[0.4873746931552887, 0.4653724431991577, 0.4873746931552887, 0.5973852872848511]","[0.43095701932907104, 0.4247369170188904, 0.427764892578125, 0.41952428221702576]"
20779.0,2007-03-01T00:00:00.000000000,"[0.4653724431991577, 0.4873746931552887, 0.5973852872848511, 0.5973852872848511]","[0.4262840449810028, 0.42194846272468567, 0.4261188507080078, 0.4243587255477905]"
20779.0,2007-06-01T00:00:00.000000000,"[0.4873746931552887, 0.5973852872848511, 0.5973852872848511, 0.553381085395813]","[0.43812382221221924, 0.42034995555877686, 0.4099567234516144, 0.39246895909309387]"
20779.0,2007-09-01T00:00:00.000000000,"[0.5973852872848511, 0.5973852872848511, 0.553381085395813, 0.553381085395813]","[0.5025148987770081, 0.5136565566062927, 0.5330971479415894, 0.5109671354293823]"
20779.0,2007-12-01T00:00:00.000000000,"[0.5973852872848511, 0.553381085395813, 0.553381085395813, 0.6853939294815063]","[0.5527068376541138, 0.5619266033172607, 0.5813834071159363, 0.5573412179946899]"
20779.0,2008-03-01T00:00:00.000000000,"[0.553381085395813, 0.553381085395813, 0.6853939294815063, 0.6413896679878235]","[0.5094106197357178, 0.4834349751472473, 0.4674643278121948, 0.4571552276611328]"
20779.0,2008-06-01T00:00:00.000000000,"[0.553381085395813, 0.6853939294815063, 0.6413896679878235, 0.553381085395813]","[0.5286717414855957, 0.5334016680717468, 0.5460214018821716, 0.5327225923538208]"
20779.0,2008-09-01T00:00:00.000000000,"[0.6853939294815063, 0.6413896679878235, 0.553381085395813, 0.6193875670433044]","[0.47619128227233887, 0.47037822008132935, 0.4689567983150482, 0.45833754539489746]"
20779.0,2008-12-01T00:00:00.000000000,"[0.6413896679878235, 0.553381085395813, 0.6193875670433044, 0.6413896679878235]","[0.5458905696868896, 0.5488307476043701, 0.5589441061019897, 0.5491511821746826]"
20779.0,2009-03-01T00:00:00.000000000,"[0.553381085395813, 0.6193875670433044, 0.6413896679878235, 0.6413896679878235]","[0.606181263923645, 0.6114546656608582, 0.6260752081871033, 0.6104121804237366]"
20779.0,2009-06-01T00:00:00.000000000,"[0.6193875670433044, 0.6413896679878235, 0.6413896679878235, 0.6853939294815063]","[0.5800378918647766, 0.5783989429473877, 0.5851525068283081, 0.5796757340431213]"
20779.0,2009-09-01T00:00:00.000000000,"[0.6413896679878235, 0.6413896679878235, 0.6853939294815063, 0.7514004111289978]","[0.5926283597946167, 0.5790639519691467, 0.5743407607078552, 0.5667405128479004]"
20779.0,2009-12-01T00:00:00.000000000,"[0.6413896679878235, 0.6853939294815063, 0.7514004111289978, 0.8394088745117188]","[0.6256088018417358, 0.619624137878418, 0.6238118410110474, 0.6214147806167603]"
20779.0,2010-03-01T00:00:00.000000000,"[0.6853939294815063, 0.7514004111289978, 0.8394088745117188, 0.9494196176528931]","[0.6549347639083862, 0.6551579833030701, 0.6652370691299438, 0.6544976234436035]"
20779.0,2010-06-01T00:00:00.000000000,"[0.7514004111289978, 0.8394088745117188, 0.9494196176528931, 0.9054153561592102]","[0.6191011667251587, 0.5939905643463135, 0.5778986215591431, 0.5760018825531006]"
20779.0,2010-09-01T00:00:00.000000000,"[0.8394088745117188, 0.9494196176528931, 0.9054153561592102, 1.0154259204864502]","[0.7311729192733765, 0.7395238876342773, 0.7584545612335205, 0.7353878021240234]"
20779.0,2010-12-01T00:00:00.000000000,"[0.9494196176528931, 0.9054153561592102, 1.0154259204864502, 1.125436782836914]","[0.779055655002594, 0.7881113886833191, 0.808936595916748, 0.7819520235061646]"
20779.0,2011-03-01T00:00:00.000000000,"[0.9054153561592102, 1.0154259204864502, 1.125436782836914, 1.147438883781433]","[0.8070379495620728, 0.8115273714065552, 0.8285946846008301, 0.8063083291053772]"
20779.0,2011-06-01T00:00:00.000000000,"[1.0154259204864502, 1.125436782836914, 1.147438883781433, 0.9934238195419312]","[0.8113688826560974, 0.8178134560585022, 0.8354291915893555, 0.8135377764701843]"
20779.0,2011-09-01T00:00:00.000000000,"[1.125436782836914, 1.147438883781433, 0.9934238195419312, 1.0374282598495483]","[0.8724186420440674, 0.8498067855834961, 0.8417873382568359, 0.8141149282455444]"
20779.0,2011-12-01T00:00:00.000000000,"[1.147438883781433, 0.9934238195419312, 1.0374282598495483, 1.0594303607940674]","[0.943036675453186, 0.9208885431289673, 0.9153646230697632, 0.8846478462219238]"
20779.0,2012-03-01T00:00:00.000000000,"[0.9934238195419312, 1.0374282598495483, 1.0594303607940674, 0.9714217185974121]","[0.9393566846847534, 0.8744499683380127, 0.8256462812423706, 0.7883014678955078]"
20779.0,2012-06-01T00:00:00.000000000,"[1.0374282598495483, 1.0594303607940674, 0.9714217185974121, 1.0374282598495483]","[0.9211954474449158, 0.9004230499267578, 0.8893849849700928, 0.8464021682739258]"
20779.0,2012-09-01T00:00:00.000000000,"[1.0594303607940674, 0.9714217185974121, 1.0374282598495483, 1.125436782836914]","[0.9457771182060242, 0.9130973815917969, 0.8909608125686646, 0.8481570482254028]"
20779.0,2012-12-01T00:00:00.000000000,"[0.9714217185974121, 1.0374282598495483, 1.125436782836914, 1.147438883781433]","[0.9829307794570923, 0.9598424434661865, 0.9483247995376587, 0.9124699234962463]"
20779.0,2013-03-01T00:00:00.000000000,"[1.0374282598495483, 1.125436782836914, 1.147438883781433, 1.103434681892395]","[0.9538137316703796, 0.9579611420631409, 0.9713146686553955, 0.9583176374435425]"
24197.0,2006-03-01T00:00:00.000000000,"[0.5093768239021301, 0.4543713927268982, 0.34436073899269104, 0.37736397981643677]","[0.1584480106830597, 0.12740889191627502, 0.10564995557069778, 0.10160737484693527]"
24197.0,2006-06-01T00:00:00.000000000,"[0.4543713927268982, 0.34436073899269104, 0.37736397981643677, 0.6193875670433044]","[0.3105502724647522, 0.31333601474761963, 0.3293223977088928, 0.3100133538246155]"
24197.0,2006-09-01T00:00:00.000000000,"[0.34436073899269104, 0.37736397981643677, 0.6193875670433044, 0.4873746931552887]","[0.3412713408470154, 0.3472326397895813, 0.3660070300102234, 0.34350529313087463]"
24197.0,2006-12-01T00:00:00.000000000,"[0.37736397981643677, 0.6193875670433044, 0.4873746931552887, 0.35536178946495056]","[0.29989567399024963, 0.2917618155479431, 0.29421931505203247, 0.2794382870197296]"
24197.0,2007-03-01T00:00:00.000000000,"[0.6193875670433044, 0.4873746931552887, 0.35536178946495056, 0.42136821150779724]","[0.3078863322734833, 0.3017989993095398, 0.30580613017082214, 0.29534807801246643]"
24197.0,2007-06-01T00:00:00.000000000,"[0.4873746931552887, 0.35536178946495056, 0.42136821150779724, 0.9274174571037292]","[0.46727454662323, 0.45374026894569397, 0.45808982849121094, 0.4383392632007599]"
24197.0,2007-12-01T00:00:00.000000000,"[0.35536178946495056, 0.42136821150779724, 0.9274174571037292, 0.6633917689323425]","[0.44742414355278015, 0.4169568717479706, 0.4015612006187439, 0.373096227645874]"
24197.0,2008-03-01T00:00:00.000000000,"[0.42136821150779724, 0.9274174571037292, 0.6633917689323425, 0.575383186340332]","[0.36808645725250244, 0.33687275648117065, 0.3156249523162842, 0.297441691160202]"
24197.0,2008-06-01T00:00:00.000000000,"[0.9274174571037292, 0.6633917689323425, 0.575383186340332, 0.9934238195419312]","[0.38260602951049805, 0.35788848996162415, 0.343251496553421, 0.33224526047706604]"
24197.0,2008-09-01T00:00:00.000000000,"[0.6633917689323425, 0.575383186340332, 0.9934238195419312, 1.3894624710083008]","[0.5598153471946716, 0.5620225667953491, 0.5798062682151794, 0.5585392713546753]"
24197.0,2008-12-01T00:00:00.000000000,"[0.575383186340332, 0.9934238195419312, 1.3894624710083008, 1.0374282598495483]","[0.6425487399101257, 0.6435181498527527, 0.6635343432426453, 0.6393951177597046]"
24197.0,2009-03-01T00:00:00.000000000,"[0.9934238195419312, 1.3894624710083008, 1.0374282598495483, 0.9934238195419312]","[0.4710977077484131, 0.4054650664329529, 0.3487870991230011, 0.31288468837738037]"
24197.0,2009-06-01T00:00:00.000000000,"[1.3894624710083008, 1.0374282598495483, 0.9934238195419312, 1.5214751958847046]","[0.6462676525115967, 0.5998044013977051, 0.5691520571708679, 0.529259204864502]"
24197.0,2009-09-01T00:00:00.000000000,"[1.0374282598495483, 0.9934238195419312, 1.5214751958847046, 2.0055222511291504]","[0.9296252727508545, 0.9373283386230469, 0.9709036946296692, 0.9242770671844482]"
24197.0,2009-12-01T00:00:00.000000000,"[0.9934238195419312, 1.5214751958847046, 2.0055222511291504, 1.6094835996627808]","[0.8816066980361938, 0.8697359561920166, 0.8798668384552002, 0.8406871557235718]"
24197.0,2010-03-01T00:00:00.000000000,"[1.5214751958847046, 2.0055222511291504, 1.6094835996627808, 1.455468773841858]","[0.7680627107620239, 0.6879812479019165, 0.6223846077919006, 0.5671730637550354]"
24197.0,2010-06-01T00:00:00.000000000,"[2.0055222511291504, 1.6094835996627808, 1.455468773841858, 1.8735092878341675]","[1.0080646276474, 0.9612114429473877, 0.9384835362434387, 0.8871406316757202]"
24197.0,2010-09-01T00:00:00.000000000,"[1.6094835996627808, 1.455468773841858, 1.8735092878341675, 2.4455649852752686]","[1.3304667472839355, 1.3477563858032227, 1.3980069160461426, 1.3301372528076172]"
24197.0,2010-12-01T00:00:00.000000000,"[1.455468773841858, 1.8735092878341675, 2.4455649852752686, 2.027524471282959]","[1.2573199272155762, 1.235895037651062, 1.2411119937896729, 1.1757334470748901]"
24197.0,2011-03-01T00:00:00.000000000,"[1.8735092878341675, 2.4455649852752686, 2.027524471282959, 1.5874814987182617]","[1.4448492527008057, 1.456392765045166, 1.4968042373657227, 1.3906193971633911]"
24197.0,2011-06-01T00:00:00.000000000,"[2.4455649852752686, 2.027524471282959, 1.5874814987182617, 2.1375350952148438]","[1.648927927017212, 1.690110683441162, 1.7676355838775635, 1.66762113571167]"
24197.0,2011-09-01T00:00:00.000000000,"[2.027524471282959, 1.5874814987182617, 2.1375350952148438, 3.083627223968506]","[1.470651626586914, 1.3211084604263306, 1.203948974609375, 1.1276488304138184]"
24197.0,2011-12-01T00:00:00.000000000,"[1.5874814987182617, 2.1375350952148438, 3.083627223968506, 3.017620801925659]","[1.7842873334884644, 1.7623344659805298, 1.7778221368789673, 1.6788322925567627]"
24197.0,2012-03-01T00:00:00.000000000,"[2.1375350952148438, 3.083627223968506, 3.017620801925659, 3.721689224243164]","[1.4750243425369263, 1.365209698677063, 1.2769153118133545, 1.1948429346084595]"
24197.0,2012-06-01T00:00:00.000000000,"[3.083627223968506, 3.017620801925659, 3.721689224243164, 4.469761848449707]","[1.7120592594146729, 1.6542870998382568, 1.627855896949768, 1.5662082433700562]"
24197.0,2012-09-01T00:00:00.000000000,"[3.017620801925659, 3.721689224243164, 4.469761848449707, 4.447759628295898]","[2.357107400894165, 2.36258864402771, 2.426154851913452, 2.33447527885437]"
24197.0,2012-12-01T00:00:00.000000000,"[3.721689224243164, 4.469761848449707, 4.447759628295898, 3.765693426132202]","[2.4645793437957764, 2.3873627185821533, 2.372459888458252, 2.2754433155059814]"
24197.0,2013-03-01T00:00:00.000000000,"[4.469761848449707, 4.447759628295898, 3.765693426132202, 3.4576635360717773]","[2.797760009765625, 2.6859374046325684, 2.641134262084961, 2.465444564819336]"
24316.0,2007-09-01T00:00:00.000000000,"[-0.38170990347862244, -0.4514566659927368, -0.40745237469673157, -0.3377055823802948]","[-0.47290295362472534, -0.48287707567214966, -0.4893929362297058, -0.49309930205345154]"
24316.0,2007-12-01T00:00:00.000000000,"[-0.4514566659927368, -0.40745237469673157, -0.3377055823802948, -0.3229641616344452]","[-0.44370755553245544, -0.45101398229599, -0.45383864641189575, -0.4583747386932373]"
24316.0,2008-03-01T00:00:00.000000000,"[-0.40745237469673157, -0.3377055823802948, -0.3229641616344452, -0.30470237135887146]","[-0.46349501609802246, -0.47552844882011414, -0.4845619797706604, -0.4899238646030426]"
24316.0,2008-06-01T00:00:00.000000000,"[-0.3377055823802948, -0.3229641616344452, -0.30470237135887146, -0.3487066924571991]","[-0.4515573978424072, -0.4636844992637634, -0.4724982678890228, -0.4776141047477722]"
24316.0,2008-09-01T00:00:00.000000000,"[-0.3229641616344452, -0.30470237135887146, -0.3487066924571991, -0.2716991901397705]","[-0.4168979525566101, -0.4246501326560974, -0.4276775121688843, -0.431720495223999]"
24316.0,2008-12-01T00:00:00.000000000,"[-0.30470237135887146, -0.3487066924571991, -0.2716991901397705, -0.2606981098651886]","[-0.39189451932907104, -0.398908406496048, -0.4004036486148834, -0.4051045775413513]"
24316.0,2009-03-01T00:00:00.000000000,"[-0.3487066924571991, -0.2716991901397705, -0.2606981098651886, -0.39271095395088196]","[-0.3722594976425171, -0.3837284445762634, -0.3895217180252075, -0.39975520968437195]"
24316.0,2009-06-01T00:00:00.000000000,"[-0.2716991901397705, -0.2606981098651886, -0.39271095395088196, -0.2716991901397705]","[-0.39768972992897034, -0.41817718744277954, -0.43469518423080444, -0.444929838180542]"
24316.0,2009-09-01T00:00:00.000000000,"[-0.2606981098651886, -0.39271095395088196, -0.2716991901397705, -0.1726895570755005]","[-0.36661240458488464, -0.3820056617259979, -0.3923143148422241, -0.40065792202949524]"
24316.0,2009-12-01T00:00:00.000000000,"[-0.39271095395088196, -0.2716991901397705, -0.1726895570755005, -0.15068741142749786]","[-0.34016185998916626, -0.35367637872695923, -0.3613705635070801, -0.3702838718891144]"
24316.0,2010-03-01T00:00:00.000000000,"[-0.2716991901397705, -0.1726895570755005, -0.15068741142749786, -0.22769489884376526]","[-0.3922777473926544, -0.41302353143692017, -0.43120259046554565, -0.4390948712825775]"
24316.0,2010-06-01T00:00:00.000000000,"[-0.1726895570755005, -0.15068741142749786, -0.22769489884376526, -0.15068741142749786]","[-0.3425905108451843, -0.3547431230545044, -0.36220064759254456, -0.3688661456108093]"
24316.0,2010-09-01T00:00:00.000000000,"[-0.15068741142749786, -0.22769489884376526, -0.15068741142749786, -0.11768423020839691]","[-0.2828708291053772, -0.287041574716568, -0.2839598059654236, -0.28892114758491516]"
24316.0,2010-12-01T00:00:00.000000000,"[-0.22769489884376526, -0.15068741142749786, -0.11768423020839691, -0.0956820473074913]","[-0.25271299481391907, -0.25922590494155884, -0.25763195753097534, -0.26416635513305664]"
24316.0,2011-03-01T00:00:00.000000000,"[-0.15068741142749786, -0.11768423020839691, -0.0956820473074913, -0.1836906224489212]","[-0.28414422273635864, -0.307184636592865, -0.32483309507369995, -0.33927473425865173]"
24316.0,2011-06-01T00:00:00.000000000,"[-0.11768423020839691, -0.0956820473074913, -0.1836906224489212, -0.08468098938465118]","[-0.25594890117645264, -0.2776135206222534, -0.2931225299835205, -0.30731791257858276]"
24316.0,2011-09-01T00:00:00.000000000,"[-0.0956820473074913, -0.1836906224489212, -0.08468098938465118, -0.05167780816555023]","[-0.23117195069789886, -0.25078102946281433, -0.2635035514831543, -0.275089293718338]"
24316.0,2011-12-01T00:00:00.000000000,"[-0.1836906224489212, -0.08468098938465118, -0.05167780816555023, 0.014328615739941597]","[-0.20033225417137146, -0.21889156103134155, -0.22973421216011047, -0.24157758057117462]"
24316.0,2012-03-01T00:00:00.000000000,"[-0.08468098938465118, -0.05167780816555023, 0.014328615739941597, -0.018674563616514206]","[-0.22870981693267822, -0.2553814649581909, -0.27671706676483154, -0.29063624143600464]"
24316.0,2012-06-01T00:00:00.000000000,"[-0.05167780816555023, 0.014328615739941597, -0.018674563616514206, -0.05167780816555023]","[-0.18433812260627747, -0.2043149620294571, -0.21725866198539734, -0.22881458699703217]"
24316.0,2012-09-01T00:00:00.000000000,"[0.014328615739941597, -0.018674563616514206, -0.05167780816555023, 0.12433934211730957]","[-0.15722769498825073, -0.17494776844978333, -0.18481998145580292, -0.1939668357372284]"
24316.0,2012-12-01T00:00:00.000000000,"[-0.018674563616514206, -0.05167780816555023, 0.12433934211730957, -0.007673503365367651]","[-0.10593391954898834, -0.12038986384868622, -0.12528526782989502, -0.13568291068077087]"
24316.0,2013-03-01T00:00:00.000000000,"[-0.05167780816555023, 0.12433934211730957, -0.007673503365367651, -0.04067668318748474]","[-0.10532727837562561, -0.12884105741977692, -0.14401039481163025, -0.1602192223072052]"
24344.0,2006-06-01T00:00:00.000000000,"[-2.1968863010406494, -2.284895181655884, -2.328899383544922, -2.526918411254883]","[-2.008070707321167, -1.9413588047027588, -1.9151651859283447, -1.8271681070327759]"
24344.0,2006-09-01T00:00:00.000000000,"[-2.284895181655884, -2.328899383544922, -2.526918411254883, -1.8888564109802246]","[-2.160165786743164, -2.0764498710632324, -2.0318732261657715, -1.9415647983551025]"
24344.0,2006-12-01T00:00:00.000000000,"[-2.328899383544922, -2.526918411254883, -1.8888564109802246, -0.9867687225341797]","[-2.064180850982666, -1.973624587059021, -1.8954169750213623, -1.8010400533676147]"
24344.0,2007-03-01T00:00:00.000000000,"[-2.526918411254883, -1.8888564109802246, -0.9867687225341797, -0.3267045319080353]","[-2.0529043674468994, -1.9879814386367798, -1.9692869186401367, -1.8847200870513916]"
24344.0,2007-06-01T00:00:00.000000000,"[-1.8888564109802246, -0.9867687225341797, -0.3267045319080353, -0.5027216672897339]","[-2.212543487548828, -2.1261885166168213, -2.077878952026367, -1.9865906238555908]"
24344.0,2007-09-01T00:00:00.000000000,"[-0.9867687225341797, -0.3267045319080353, -0.5027216672897339, -0.1726895570755005]","[-2.063624620437622, -1.9982094764709473, -1.978415846824646, -1.8940590620040894]"
24344.0,2007-12-01T00:00:00.000000000,"[-0.3267045319080353, -0.5027216672897339, -0.1726895570755005, -0.3487066924571991]","[-1.310850977897644, -1.2986761331558228, -1.2830069065093994, -1.221601963043213]"
24344.0,2008-03-01T00:00:00.000000000,"[-0.5027216672897339, -0.1726895570755005, -0.3487066924571991, 0.06933397799730301]","[-0.9480059146881104, -0.9630771279335022, -0.9541703462600708, -0.9145769476890564]"
24344.0,2008-06-01T00:00:00.000000000,"[-0.1726895570755005, -0.3487066924571991, 0.06933397799730301, 0.20134682953357697]","[-0.6076558828353882, -0.5991606712341309, -0.5561213493347168, -0.5742772817611694]"
24344.0,2008-09-01T00:00:00.000000000,"[-0.3487066924571991, 0.06933397799730301, 0.20134682953357697, 0.15734252333641052]","[-0.04013359546661377, -0.04086410999298096, 0.02187502384185791, -0.03486514091491699]"
24344.0,2008-12-01T00:00:00.000000000,"[0.06933397799730301, 0.20134682953357697, 0.15734252333641052, 0.4653724431991577]","[-0.6598407030105591, -0.6801939010620117, -0.67130446434021, -0.6356669664382935]"
24344.0,2009-03-01T00:00:00.000000000,"[0.20134682953357697, 0.15734252333641052, 0.4653724431991577, 0.6413896679878235]","[-0.4607802629470825, -0.48918771743774414, -0.4799020290374756, -0.4461183547973633]"
24344.0,2009-06-01T00:00:00.000000000,"[0.15734252333641052, 0.4653724431991577, 0.6413896679878235, 0.9714217185974121]","[-0.24390971660614014, -0.2822988033294678, -0.27437472343444824, -0.24650108814239502]"
24344.0,2009-09-01T00:00:00.000000000,"[0.4653724431991577, 0.6413896679878235, 0.9714217185974121, 1.3674603700637817]","[-0.1401432752609253, -0.17911958694458008, -0.1696181297302246, -0.1384744644165039]"
24344.0,2009-12-01T00:00:00.000000000,"[0.6413896679878235, 0.9714217185974121, 1.3674603700637817, 1.6974923610687256]","[0.14148855209350586, 0.12424015998840332, 0.1606144905090332, 0.1457432508468628]"
24344.0,2010-03-01T00:00:00.000000000,"[0.9714217185974121, 1.3674603700637817, 1.6974923610687256, 2.1595370769500732]","[0.1277611255645752, 0.0671929121017456, 0.05879533290863037, 0.07254815101623535]"
24344.0,2010-06-01T00:00:00.000000000,"[1.3674603700637817, 1.6974923610687256, 2.1595370769500732, 1.8075029850006104]","[0.49578857421875, 0.47088515758514404, 0.5089880228042603, 0.49538254737854004]"
24344.0,2010-09-01T00:00:00.000000000,"[1.6974923610687256, 2.1595370769500732, 1.8075029850006104, 2.071528673171997]","[0.7240505218505859, 0.6685370206832886, 0.6854838132858276, 0.6858044862747192]"
24344.0,2010-12-01T00:00:00.000000000,"[2.1595370769500732, 1.8075029850006104, 2.071528673171997, 2.0055222511291504]","[1.0700029134750366, 1.0171738862991333, 1.0401300191879272, 0.9528076648712158]"
24344.0,2011-03-01T00:00:00.000000000,"[1.8075029850006104, 2.071528673171997, 2.0055222511291504, 3.0396230220794678]","[1.3858118057250977, 1.4240620136260986, 1.5374369621276855, 1.413327693939209]"
24344.0,2011-06-01T00:00:00.000000000,"[2.071528673171997, 2.0055222511291504, 3.0396230220794678, 4.931806564331055]","[1.4674618244171143, 1.4749691486358643, 1.5516273975372314, 1.391874074935913]"
24344.0,2011-09-01T00:00:00.000000000,"[2.0055222511291504, 3.0396230220794678, 4.931806564331055, 5.0418171882629395]","[1.6142477989196777, 1.668750286102295, 1.7909464836120605, 1.6482508182525635]"
24344.0,2011-12-01T00:00:00.000000000,"[3.0396230220794678, 4.931806564331055, 5.0418171882629395, 5.107824325561523]","[0.8243939280509949, 0.4443889856338501, 0.10991132259368896, 0.062295615673065186]"
24344.0,2012-03-01T00:00:00.000000000,"[4.931806564331055, 5.0418171882629395, 5.107824325561523, 4.82179594039917]","[1.798387050628662, 1.6467382907867432, 1.5788075923919678, 1.534757375717163]"
24344.0,2012-06-01T00:00:00.000000000,"[5.0418171882629395, 5.107824325561523, 4.82179594039917, 5.855896949768066]","[2.921055316925049, 2.877568244934082, 2.958688259124756, 2.8586273193359375]"
24344.0,2012-09-01T00:00:00.000000000,"[5.107824325561523, 4.82179594039917, 5.855896949768066, 6.1419243812561035]","[3.3039231300354004, 3.1870787143707275, 3.1860318183898926, 2.917448043823242]"
24344.0,2012-12-01T00:00:00.000000000,"[4.82179594039917, 5.855896949768066, 6.1419243812561035, 7.132020950317383]","[3.3919413089752197, 3.227426052093506, 3.1803641319274902, 2.9563658237457275]"
24344.0,2013-03-01T00:00:00.000000000,"[5.855896949768066, 6.1419243812561035, 7.132020950317383, 6.713980197906494]","[3.0844106674194336, 2.7748546600341797, 2.5432727336883545, 2.183438301086426]"
24468.0,2006-06-01T00:00:00.000000000,"[6.647973537445068, 7.660072326660156, 8.298134803771973, 7.704076290130615]","[3.428330898284912, 3.131559371948242, 2.886732578277588, 2.7234179973602295]"
24468.0,2006-09-01T00:00:00.000000000,"[7.660072326660156, 8.298134803771973, 7.704076290130615, 8.584161758422852]","[5.038159370422363, 5.086169242858887, 5.244855880737305, 5.020319938659668]"
24468.0,2006-12-01T00:00:00.000000000,"[8.298134803771973, 7.704076290130615, 8.584161758422852, 9.156217575073242]","[5.268697738647461, 5.0880126953125, 5.0242109298706055, 4.774032115936279]"
24468.0,2007-03-01T00:00:00.000000000,"[7.704076290130615, 8.584161758422852, 9.156217575073242, 9.20022201538086]","[6.2965779304504395, 6.18606424331665, 6.20864200592041, 5.753567218780518]"
24468.0,2007-06-01T00:00:00.000000000,"[8.584161758422852, 9.156217575073242, 9.20022201538086, 9.838284492492676]","[6.181288719177246, 5.894928932189941, 5.717233180999756, 5.181991100311279]"
24468.0,2007-09-01T00:00:00.000000000,"[9.156217575073242, 9.20022201538086, 9.838284492492676, 10.762373924255371]","[5.86881160736084, 5.384143829345703, 5.001172065734863, 4.661449909210205]"
24468.0,2007-12-01T00:00:00.000000000,"[9.20022201538086, 9.838284492492676, 10.762373924255371, 10.718369483947754]","[6.9566850662231445, 6.57672643661499, 6.333398818969727, 5.920098304748535]"
24468.0,2008-03-01T00:00:00.000000000,"[9.838284492492676, 10.762373924255371, 10.718369483947754, 10.388337135314941]","[6.900843620300293, 6.276706218719482, 5.771810531616211, 5.29080057144165]"
24468.0,2008-06-01T00:00:00.000000000,"[10.762373924255371, 10.718369483947754, 10.388337135314941, 10.740371704101562]","[7.381269454956055, 6.748048305511475, 6.241326332092285, 5.740551948547363]"
24468.0,2008-09-01T00:00:00.000000000,"[10.718369483947754, 10.388337135314941, 10.740371704101562, 10.388337135314941]","[8.041901588439941, 7.50991153717041, 7.144082546234131, 6.88012170791626]"
24468.0,2008-12-01T00:00:00.000000000,"[10.388337135314941, 10.740371704101562, 10.388337135314941, 13.182609558105469]","[9.236845016479492, 8.944724082946777, 8.843002319335938, 8.44320297241211]"
24468.0,2009-03-01T00:00:00.000000000,"[10.740371704101562, 10.388337135314941, 13.182609558105469, 10.872385025024414]","[9.033232688903809, 8.933378219604492, 8.994162559509277, 8.74841594696045]"
24468.0,2009-06-01T00:00:00.000000000,"[10.388337135314941, 13.182609558105469, 10.872385025024414, 12.610553741455078]","[9.454253196716309, 9.419370651245117, 9.551200866699219, 9.340448379516602]"
24468.0,2009-09-01T00:00:00.000000000,"[13.182609558105469, 10.872385025024414, 12.610553741455078, 12.060501098632812]","[9.744026184082031, 9.687610626220703, 9.780611038208008, 9.413681030273438]"
24468.0,2009-12-01T00:00:00.000000000,"[10.872385025024414, 12.610553741455078, 12.060501098632812, 15.580842971801758]","[10.586954116821289, 10.800786972045898, 11.170943260192871, 10.773115158081055]"
24468.0,2010-03-01T00:00:00.000000000,"[12.610553741455078, 12.060501098632812, 15.580842971801758, 14.678754806518555]","[10.73054027557373, 10.898419380187988, 11.221006393432617, 10.87299919128418]"
24468.0,2010-06-01T00:00:00.000000000,"[12.060501098632812, 15.580842971801758, 14.678754806518555, 14.656752586364746]","[11.410515785217285, 11.566465377807617, 11.895944595336914, 11.525124549865723]"
24468.0,2010-09-01T00:00:00.000000000,"[15.580842971801758, 14.678754806518555, 14.656752586364746, 19.431217193603516]","[12.097655296325684, 12.012550354003906, 12.135918617248535, 11.721832275390625]"
24468.0,2010-12-01T00:00:00.000000000,"[14.678754806518555, 14.656752586364746, 19.431217193603516, 19.475223541259766]","[11.54664421081543, 11.068310737609863, 10.793601036071777, 10.727493286132812]"
24468.0,2011-03-01T00:00:00.000000000,"[14.656752586364746, 19.431217193603516, 19.475223541259766, 17.649045944213867]","[12.054853439331055, 11.482427597045898, 11.098531723022461, 10.801325798034668]"
24468.0,2011-06-01T00:00:00.000000000,"[19.431217193603516, 19.475223541259766, 17.649045944213867, 19.409217834472656]","[12.07989501953125, 11.38620376586914, 10.86134147644043, 10.547329902648926]"
24468.0,2011-09-01T00:00:00.000000000,"[19.475223541259766, 17.649045944213867, 19.409217834472656, 18.74915313720703]","[13.998058319091797, 13.407039642333984, 13.060474395751953, 12.745987892150879]"
24468.0,2011-12-01T00:00:00.000000000,"[17.649045944213867, 19.409217834472656, 18.74915313720703, 9.376238822937012]","[16.628450393676758, 16.78107452392578, 17.227977752685547, 16.62755012512207]"
24468.0,2012-03-01T00:00:00.000000000,"[19.409217834472656, 18.74915313720703, 9.376238822937012, 11.048401832580566]","[17.167381286621094, 17.09347152709961, 17.299880981445312, 16.423738479614258]"
24468.0,2012-06-01T00:00:00.000000000,"[18.74915313720703, 9.376238822937012, 11.048401832580566, 11.79647445678711]","[18.0186710357666, 17.985858917236328, 18.242572784423828, 17.31316375732422]"
24468.0,2012-09-01T00:00:00.000000000,"[9.376238822937012, 11.048401832580566, 11.79647445678711, 9.794280052185059]","[17.218826293945312, 17.285144805908203, 17.61406707763672, 17.25125503540039]"
24468.0,2012-12-01T00:00:00.000000000,"[11.048401832580566, 11.79647445678711, 9.794280052185059, 6.757984638214111]","[12.41840648651123, 11.217448234558105, 10.054803848266602, 9.836823463439941]"
24617.0,2006-06-01T00:00:00.000000000,"[0.5606417655944824, 0.6193875670433044, 0.4873746931552887, 0.37010324001312256]","[0.07393452525138855, 0.03918042778968811, 0.014078795909881592, -0.03120337426662445]"
24617.0,2006-09-01T00:00:00.000000000,"[0.6193875670433044, 0.4873746931552887, 0.37010324001312256, 0.7661417722702026]","[0.18992651998996735, 0.16269193589687347, 0.15154822170734406, 0.12607984244823456]"
24617.0,2006-12-01T00:00:00.000000000,"[0.4873746931552887, 0.37010324001312256, 0.7661417722702026, 0.7514004111289978]","[0.37289249897003174, 0.34949004650115967, 0.34948575496673584, 0.3098433017730713]"
24617.0,2007-03-01T00:00:00.000000000,"[0.37010324001312256, 0.7661417722702026, 0.7514004111289978, 0.5461203455924988]","[0.3116295337677002, 0.2908843159675598, 0.2861979007720947, 0.24134545028209686]"
24617.0,2007-06-01T00:00:00.000000000,"[0.7661417722702026, 0.7514004111289978, 0.5461203455924988, 0.35536178946495056]","[0.24420051276683807, 0.1971053034067154, 0.16077418625354767, 0.11025817692279816]"
24617.0,2007-09-01T00:00:00.000000000,"[0.7514004111289978, 0.5461203455924988, 0.35536178946495056, 0.7366588711738586]","[0.4232315719127655, 0.40435072779655457, 0.40305647253990173, 0.3519190847873688]"
24617.0,2007-12-01T00:00:00.000000000,"[0.5461203455924988, 0.35536178946495056, 0.7366588711738586, 0.8101460337638855]","[0.5566026568412781, 0.5428966283798218, 0.5628841519355774, 0.5202402472496033]"
24617.0,2008-03-01T00:00:00.000000000,"[0.35536178946495056, 0.7366588711738586, 0.8101460337638855, 0.5166375637054443]","[0.5324773192405701, 0.4909381866455078, 0.4723063111305237, 0.4332953095436096]"
24617.0,2008-06-01T00:00:00.000000000,"[0.7366588711738586, 0.8101460337638855, 0.5166375637054443, 0.4726331830024719]","[0.4310508966445923, 0.37647926807403564, 0.3384603261947632, 0.30885088443756104]"
24617.0,2008-09-01T00:00:00.000000000,"[0.8101460337638855, 0.5166375637054443, 0.4726331830024719, 1.0446888208389282]","[0.48980677127838135, 0.4482557773590088, 0.42507606744766235, 0.40779924392700195]"
24617.0,2008-12-01T00:00:00.000000000,"[0.5166375637054443, 0.4726331830024719, 1.0446888208389282, 1.1181758642196655]","[0.6570962071418762, 0.6440668106079102, 0.6568384766578674, 0.6461180448532104]"
24617.0,2009-03-01T00:00:00.000000000,"[0.4726331830024719, 1.0446888208389282, 1.1181758642196655, 1.0446888208389282]","[0.5598936676979065, 0.5286993384361267, 0.5148960947990417, 0.4933328926563263]"
24617.0,2009-06-01T00:00:00.000000000,"[1.0446888208389282, 1.1181758642196655, 1.0446888208389282, 1.2501888275146484]","[0.5017399787902832, 0.4559756815433502, 0.4232526123523712, 0.4036504924297333]"
24617.0,2009-09-01T00:00:00.000000000,"[1.1181758642196655, 1.0446888208389282, 1.2501888275146484, 2.21828293800354]","[0.7684468626976013, 0.7518746256828308, 0.7622617483139038, 0.7540378570556641]"
24617.0,2009-12-01T00:00:00.000000000,"[1.0446888208389282, 1.2501888275146484, 2.21828293800354, 2.4088215827941895]","[0.9500373601913452, 0.945073664188385, 0.9720979332923889, 0.9393256306648254]"
24617.0,2010-03-01T00:00:00.000000000,"[1.2501888275146484, 2.21828293800354, 2.4088215827941895, 2.1595370769500732]","[1.0228177309036255, 1.0160046815872192, 1.041922688484192, 0.9993253946304321]"
24617.0,2010-06-01T00:00:00.000000000,"[2.21828293800354, 2.4088215827941895, 2.1595370769500732, 1.7047529220581055]","[1.0954216718673706, 1.069495439529419, 1.076493263244629, 1.0164999961853027]"
24617.0,2010-09-01T00:00:00.000000000,"[2.4088215827941895, 2.1595370769500732, 1.7047529220581055, 2.4675674438476562]","[1.4410523176193237, 1.4059687852859497, 1.4165352582931519, 1.3340352773666382]"
24617.0,2010-12-01T00:00:00.000000000,"[2.1595370769500732, 1.7047529220581055, 2.4675674438476562, 2.3062915802001953]","[1.6629964113235474, 1.6516432762145996, 1.6867607831954956, 1.5697888135910034]"
24617.0,2011-03-01T00:00:00.000000000,"[1.7047529220581055, 2.4675674438476562, 2.3062915802001953, 1.9395159482955933]","[1.5796571969985962, 1.5077773332595825, 1.472962498664856, 1.3438869714736938]"
24617.0,2011-06-01T00:00:00.000000000,"[2.4675674438476562, 2.3062915802001953, 1.9395159482955933, 1.8735092878341675]","[1.37633216381073, 1.2456212043762207, 1.1373062133789062, 1.0037506818771362]"
24617.0,2011-09-01T00:00:00.000000000,"[2.3062915802001953, 1.9395159482955933, 1.8735092878341675, 2.0495264530181885]","[1.7236013412475586, 1.6627919673919678, 1.6383001804351807, 1.5262550115585327]"
24617.0,2011-12-01T00:00:00.000000000,"[1.9395159482955933, 1.8735092878341675, 2.0495264530181885, 3.0616250038146973]","[1.843871831893921, 1.7837963104248047, 1.7630715370178223, 1.6599041223526]"
24617.0,2012-03-01T00:00:00.000000000,"[1.8735092878341675, 2.0495264530181885, 3.0616250038146973, 2.8416035175323486]","[1.7702550888061523, 1.6947524547576904, 1.6507017612457275, 1.5513520240783691]"
24617.0,2012-06-01T00:00:00.000000000,"[2.0495264530181885, 3.0616250038146973, 2.8416035175323486, 3.0396230220794678]","[1.7373583316802979, 1.6571859121322632, 1.6037523746490479, 1.5152289867401123]"
24617.0,2012-09-01T00:00:00.000000000,"[3.0616250038146973, 2.8416035175323486, 3.0396230220794678, 4.381753444671631]","[1.8559720516204834, 1.820508360862732, 1.8168725967407227, 1.7660293579101562]"
24617.0,2012-12-01T00:00:00.000000000,"[2.8416035175323486, 3.0396230220794678, 4.381753444671631, 4.733787536621094]","[2.363737106323242, 2.3588356971740723, 2.407865047454834, 2.3422412872314453]"
24617.0,2013-03-01T00:00:00.000000000,"[3.0396230220794678, 4.381753444671631, 4.733787536621094, 4.601775169372559]","[2.5201854705810547, 2.53018856048584, 2.5946362018585205, 2.509871482849121]"
24856.0,2006-06-01T00:00:00.000000000,"[4.491764068603516, 3.8096976280212402, 4.645779132843018, 5.76788854598999]","[1.0957109928131104, 1.0786569118499756, 1.1000866889953613, 1.0609558820724487]"
24856.0,2006-09-01T00:00:00.000000000,"[3.8096976280212402, 4.645779132843018, 5.76788854598999, 6.229933261871338]","[1.9203212261199951, 1.9095529317855835, 1.9671986103057861, 1.8838884830474854]"
24856.0,2006-12-01T00:00:00.000000000,"[4.645779132843018, 5.76788854598999, 6.229933261871338, 6.38394832611084]","[2.2732222080230713, 2.1102805137634277, 2.0031580924987793, 1.759911060333252]"
24856.0,2007-03-01T00:00:00.000000000,"[5.76788854598999, 6.229933261871338, 6.38394832611084, 6.603969573974609]","[2.4644205570220947, 2.3058555126190186, 2.2142012119293213, 1.9923675060272217]"
24856.0,2007-06-01T00:00:00.000000000,"[6.229933261871338, 6.38394832611084, 6.603969573974609, 5.965907573699951]","[3.0825634002685547, 2.923351764678955, 2.8476948738098145, 2.595221757888794]"
24856.0,2007-09-01T00:00:00.000000000,"[6.38394832611084, 6.603969573974609, 5.965907573699951, 6.075918197631836]","[3.479862928390503, 3.0758161544799805, 2.760622978210449, 2.3705978393554688]"
24856.0,2007-12-01T00:00:00.000000000,"[6.603969573974609, 5.965907573699951, 6.075918197631836, 5.349847793579102]","[4.350460052490234, 4.07948637008667, 3.9320054054260254, 3.5845870971679688]"
24856.0,2008-03-01T00:00:00.000000000,"[5.965907573699951, 6.075918197631836, 5.349847793579102, 5.239837169647217]","[4.537714958190918, 4.244267463684082, 4.070989608764648, 3.745368242263794]"
24856.0,2008-06-01T00:00:00.000000000,"[6.075918197631836, 5.349847793579102, 5.239837169647217, 4.20573616027832]","[4.524185657501221, 4.188818454742432, 3.963273525238037, 3.668868064880371]"
24856.0,2008-09-01T00:00:00.000000000,"[5.349847793579102, 5.239837169647217, 4.20573616027832, 4.931806564331055]","[5.272736549377441, 5.301132678985596, 5.435093879699707, 5.023557186126709]"
24856.0,2008-12-01T00:00:00.000000000,"[5.239837169647217, 4.20573616027832, 4.931806564331055, 4.2937445640563965]","[3.9850199222564697, 3.521757125854492, 3.124602794647217, 2.935606002807617]"
24856.0,2009-03-01T00:00:00.000000000,"[4.20573616027832, 4.931806564331055, 4.2937445640563965, 3.21563982963562]","[4.372664451599121, 3.904507875442505, 3.5152511596679688, 3.30942440032959]"
24856.0,2009-06-01T00:00:00.000000000,"[4.931806564331055, 4.2937445640563965, 3.21563982963562, 2.5555758476257324]","[4.016951560974121, 3.5816564559936523, 3.2034859657287598, 3.101670980453491]"
24856.0,2009-09-01T00:00:00.000000000,"[4.2937445640563965, 3.21563982963562, 2.5555758476257324, 3.5016677379608154]","[4.599721908569336, 4.538084030151367, 4.5584564208984375, 4.62984561920166]"
24856.0,2009-12-01T00:00:00.000000000,"[3.21563982963562, 2.5555758476257324, 3.5016677379608154, 3.3476529121398926]","[5.000766754150391, 4.790623664855957, 4.685602188110352, 4.710190296173096]"
24856.0,2010-03-01T00:00:00.000000000,"[2.5555758476257324, 3.5016677379608154, 3.3476529121398926, 2.4675674438476562]","[4.568260192871094, 4.538076400756836, 4.571843147277832, 4.635456085205078]"
24856.0,2010-06-01T00:00:00.000000000,"[3.5016677379608154, 3.3476529121398926, 2.4675674438476562, 3.171635627746582]","[4.027547359466553, 4.026547431945801, 4.0533647537231445, 4.160641670227051]"
24856.0,2010-09-01T00:00:00.000000000,"[3.3476529121398926, 2.4675674438476562, 3.171635627746582, 3.3036487102508545]","[3.7771177291870117, 3.7996435165405273, 3.8263466358184814, 3.937643051147461]"
24856.0,2010-12-01T00:00:00.000000000,"[2.4675674438476562, 3.171635627746582, 3.3036487102508545, 3.1496336460113525]","[3.7653913497924805, 3.7944908142089844, 3.822618007659912, 3.9392387866973877]"
24856.0,2011-03-01T00:00:00.000000000,"[3.171635627746582, 3.3036487102508545, 3.1496336460113525, 2.1595370769500732]","[3.1620516777038574, 3.236748695373535, 3.2652692794799805, 3.395501136779785]"
24856.0,2011-06-01T00:00:00.000000000,"[3.3036487102508545, 3.1496336460113525, 2.1595370769500732, 2.9956183433532715]","[3.31327486038208, 3.380901336669922, 3.4083428382873535, 3.533179759979248]"
24856.0,2011-09-01T00:00:00.000000000,"[3.1496336460113525, 2.1595370769500732, 2.9956183433532715, 1.7414965629577637]","[4.148853302001953, 4.161155700683594, 4.186892032623291, 4.290894508361816]"
24856.0,2011-12-01T00:00:00.000000000,"[2.1595370769500732, 2.9956183433532715, 1.7414965629577637, 3.9417104721069336]","[3.5184640884399414, 3.5795397758483887, 3.6061596870422363, 3.7257771492004395]"
24856.0,2012-03-01T00:00:00.000000000,"[2.9956183433532715, 1.7414965629577637, 3.9417104721069336, 4.117727756500244]","[3.248779535293579, 3.3311891555786133, 3.358158588409424, 3.4875004291534424]"
24856.0,2012-06-01T00:00:00.000000000,"[1.7414965629577637, 3.9417104721069336, 4.117727756500244, 3.875704050064087]","[3.3667638301849365, 3.4440159797668457, 3.470907211303711, 3.594655752182007]"
24856.0,2012-09-01T00:00:00.000000000,"[3.9417104721069336, 4.117727756500244, 3.875704050064087, 3.4136593341827393]","[2.4643185138702393, 2.6513025760650635, 2.7897562980651855, 2.9718828201293945]"
24856.0,2012-12-01T00:00:00.000000000,"[4.117727756500244, 3.875704050064087, 3.4136593341827393, 5.129826545715332]","[3.7901406288146973, 3.845994710922241, 3.8769173622131348, 4.004446983337402]"
24856.0,2013-03-01T00:00:00.000000000,"[3.875704050064087, 3.4136593341827393, 5.129826545715332, 0.8174067735671997]","[4.1336669921875, 4.16794490814209, 4.194009304046631, 4.301427364349365]"
24925.0,2006-06-01T00:00:00.000000000,"[2.7315926551818848, 2.7095906734466553, 3.369654893875122, 2.7095906734466553]","[2.3768978118896484, 2.315211534500122, 2.295788049697876, 2.207563877105713]"
24925.0,2006-09-01T00:00:00.000000000,"[2.7095906734466553, 3.369654893875122, 2.7095906734466553, 3.0396230220794678]","[2.4627790451049805, 2.5034613609313965, 2.5779225826263428, 2.4733364582061768]"
24925.0,2006-12-01T00:00:00.000000000,"[3.369654893875122, 2.7095906734466553, 3.0396230220794678, 2.8416035175323486]","[2.2753992080688477, 2.1222198009490967, 2.003147602081299, 1.9384841918945312]"
24925.0,2007-03-01T00:00:00.000000000,"[2.7095906734466553, 3.0396230220794678, 2.8416035175323486, 3.3036487102508545]","[2.3658432960510254, 2.244274616241455, 2.157240867614746, 2.127376079559326]"
24925.0,2007-06-01T00:00:00.000000000,"[3.0396230220794678, 2.8416035175323486, 3.3036487102508545, 2.5995800495147705]","[2.2115135192871094, 2.028709650039673, 1.8677812814712524, 1.8216675519943237]"
24925.0,2007-09-01T00:00:00.000000000,"[2.8416035175323486, 3.3036487102508545, 2.5995800495147705, 2.7315926551818848]","[2.7474021911621094, 2.707653522491455, 2.7093777656555176, 2.648632526397705]"
24925.0,2007-12-01T00:00:00.000000000,"[3.3036487102508545, 2.5995800495147705, 2.7315926551818848, 2.929612159729004]","[2.745025157928467, 2.7532505989074707, 2.7984137535095215, 2.765200614929199]"
24925.0,2008-03-01T00:00:00.000000000,"[2.5995800495147705, 2.7315926551818848, 2.929612159729004, 3.3916571140289307]","[2.904191017150879, 2.8169236183166504, 2.778458833694458, 2.7522950172424316]"
24925.0,2008-06-01T00:00:00.000000000,"[2.7315926551818848, 2.929612159729004, 3.3916571140289307, 3.9417104721069336]","[2.690509796142578, 2.551985263824463, 2.4471638202667236, 2.4131436347961426]"
24925.0,2008-09-01T00:00:00.000000000,"[2.929612159729004, 3.3916571140289307, 3.9417104721069336, 4.227738380432129]","[2.763322591781616, 2.681762218475342, 2.632272481918335, 2.60491681098938]"
24925.0,2008-12-01T00:00:00.000000000,"[3.3916571140289307, 3.9417104721069336, 4.227738380432129, 4.491764068603516]","[2.8383948802948, 2.8098015785217285, 2.815600633621216, 2.830101251602173]"
24925.0,2009-03-01T00:00:00.000000000,"[3.9417104721069336, 4.227738380432129, 4.491764068603516, 5.239837169647217]","[3.3331191539764404, 3.3159427642822266, 3.3543052673339844, 3.3153719902038574]"
24925.0,2009-06-01T00:00:00.000000000,"[4.227738380432129, 4.491764068603516, 5.239837169647217, 5.0418171882629395]","[3.7511680126190186, 3.7435593605041504, 3.806215286254883, 3.7215349674224854]"
24925.0,2009-09-01T00:00:00.000000000,"[4.491764068603516, 5.239837169647217, 5.0418171882629395, 5.6578779220581055]","[3.847289562225342, 3.8328733444213867, 3.8878467082977295, 3.8068246841430664]"
24925.0,2009-12-01T00:00:00.000000000,"[5.239837169647217, 5.0418171882629395, 5.6578779220581055, 6.097919940948486]","[4.066121578216553, 3.98124361038208, 3.972233533859253, 3.854640483856201]"
24925.0,2010-03-01T00:00:00.000000000,"[5.0418171882629395, 5.6578779220581055, 6.097919940948486, 6.38394832611084]","[4.408237457275391, 4.391117095947266, 4.452104568481445, 4.291313171386719]"
24925.0,2010-06-01T00:00:00.000000000,"[5.6578779220581055, 6.097919940948486, 6.38394832611084, 6.559965133666992]","[4.5148820877075195, 4.444475173950195, 4.448874473571777, 4.253239631652832]"
24925.0,2010-09-01T00:00:00.000000000,"[6.097919940948486, 6.38394832611084, 6.559965133666992, 6.053915977478027]","[4.824276924133301, 4.84303092956543, 4.942486763000488, 4.772633075714111]"
24925.0,2010-12-01T00:00:00.000000000,"[6.38394832611084, 6.559965133666992, 6.053915977478027, 6.537962913513184]","[5.009217739105225, 4.811330795288086, 4.698880195617676, 4.463659286499023]"
24925.0,2011-03-01T00:00:00.000000000,"[6.559965133666992, 6.053915977478027, 6.537962913513184, 6.757984638214111]","[5.427724361419678, 5.2599029541015625, 5.188952445983887, 4.934587478637695]"
24925.0,2011-06-01T00:00:00.000000000,"[6.053915977478027, 6.537962913513184, 6.757984638214111, 6.00991153717041]","[5.691757678985596, 5.495339393615723, 5.397580146789551, 5.107612609863281]"
24925.0,2011-09-01T00:00:00.000000000,"[6.537962913513184, 6.757984638214111, 6.00991153717041, 5.76788854598999]","[5.041877746582031, 4.661808013916016, 4.3429341316223145, 4.087839126586914]"
24925.0,2011-12-01T00:00:00.000000000,"[6.757984638214111, 6.00991153717041, 5.76788854598999, 6.273937702178955]","[5.689837455749512, 5.476620674133301, 5.351565361022949, 5.1536545753479]"
24925.0,2012-03-01T00:00:00.000000000,"[6.00991153717041, 5.76788854598999, 6.273937702178955, 7.132020950317383]","[6.063825607299805, 6.17582893371582, 6.362983226776123, 6.132664680480957]"
24925.0,2012-06-01T00:00:00.000000000,"[5.76788854598999, 6.273937702178955, 7.132020950317383, 7.220029354095459]","[5.981553077697754, 6.092354774475098, 6.2671966552734375, 6.0646209716796875]"
24925.0,2012-09-01T00:00:00.000000000,"[6.273937702178955, 7.132020950317383, 7.220029354095459, 7.57206392288208]","[5.515479564666748, 5.467573642730713, 5.482074737548828, 5.506402492523193]"
24925.0,2012-12-01T00:00:00.000000000,"[7.132020950317383, 7.220029354095459, 7.57206392288208, 7.902095794677734]","[6.454825401306152, 6.4821367263793945, 6.602659225463867, 6.469404220581055]"
24925.0,2013-03-01T00:00:00.000000000,"[7.220029354095459, 7.57206392288208, 7.902095794677734, 7.506057262420654]","[6.529203414916992, 6.478974342346191, 6.531070709228516, 6.487216472625732]"
24975.0,2005-06-01T00:00:00.000000000,"[0.7293981313705444, 0.7293981313705444, 0.7073960304260254, 1.0594303607940674]","[0.48187708854675293, 0.377958208322525, 0.37048840522766113, 0.4466163218021393]"
24975.0,2005-09-01T00:00:00.000000000,"[0.7293981313705444, 0.7073960304260254, 1.0594303607940674, 0.7954046130180359]","[0.7005316019058228, 0.6578185558319092, 0.6578495502471924, 0.5999428033828735]"
24975.0,2005-12-01T00:00:00.000000000,"[0.7073960304260254, 1.0594303607940674, 0.7954046130180359, 0.6853939294815063]","[0.7504231929779053, 0.7427066564559937, 0.7550091743469238, 0.7099565267562866]"
24975.0,2006-03-01T00:00:00.000000000,"[1.0594303607940674, 0.7954046130180359, 0.6853939294815063, 0.7734025120735168]","[0.7285556793212891, 0.7074567675590515, 0.7035749554634094, 0.6562314629554749]"
24975.0,2006-06-01T00:00:00.000000000,"[0.7954046130180359, 0.6853939294815063, 0.7734025120735168, 0.7954046130180359]","[0.8464099764823914, 0.839649498462677, 0.8572788834571838, 0.838843584060669]"
24975.0,2006-09-01T00:00:00.000000000,"[0.6853939294815063, 0.7734025120735168, 0.7954046130180359, 1.0814324617385864]","[0.7486437559127808, 0.735701322555542, 0.7378076314926147, 0.7095497846603394]"
24975.0,2006-12-01T00:00:00.000000000,"[0.7734025120735168, 0.7954046130180359, 1.0814324617385864, 0.9714217185974121]","[0.7094022035598755, 0.7310888767242432, 0.7619422078132629, 0.7375125885009766]"
24975.0,2007-03-01T00:00:00.000000000,"[0.7954046130180359, 1.0814324617385864, 0.9714217185974121, 0.9934238195419312]","[0.726048469543457, 0.744452714920044, 0.7719957828521729, 0.7503010034561157]"
24975.0,2007-06-01T00:00:00.000000000,"[1.0814324617385864, 0.9714217185974121, 0.9934238195419312, 1.3674603700637817]","[0.7638222575187683, 0.7294960021972656, 0.7109768390655518, 0.7100411653518677]"
24975.0,2007-09-01T00:00:00.000000000,"[0.9714217185974121, 0.9934238195419312, 1.3674603700637817, 1.2354472875595093]","[0.8698110580444336, 0.8668279647827148, 0.8803108930587769, 0.8647324442863464]"
24975.0,2007-12-01T00:00:00.000000000,"[0.9934238195419312, 1.3674603700637817, 1.2354472875595093, 1.323456048965454]","[0.9038264751434326, 0.8880100846290588, 0.8888438940048218, 0.8635967373847961]"
24975.0,2008-03-01T00:00:00.000000000,"[1.3674603700637817, 1.2354472875595093, 1.323456048965454, 0.8174067735671997]","[0.8884710073471069, 0.8613694906234741, 0.8482545614242554, 0.8191614151000977]"
24975.0,2008-06-01T00:00:00.000000000,"[1.2354472875595093, 1.323456048965454, 0.8174067735671997, 1.7194944620132446]","[1.073561429977417, 1.0772026777267456, 1.1017301082611084, 1.0721158981323242]"
24975.0,2008-12-01T00:00:00.000000000,"[1.323456048965454, 0.8174067735671997, 1.7194944620132446, 1.6754902601242065]","[1.0356955528259277, 0.9989758729934692, 0.9812521934509277, 0.957313597202301]"
24975.0,2009-03-01T00:00:00.000000000,"[0.8174067735671997, 1.7194944620132446, 1.6754902601242065, 1.3894624710083008]","[1.075383186340332, 1.002012014389038, 0.9471628665924072, 0.8992716073989868]"
24975.0,2009-06-01T00:00:00.000000000,"[1.7194944620132446, 1.6754902601242065, 1.3894624710083008, 1.0154259204864502]","[0.8330652713775635, 0.7242902517318726, 0.6204171776771545, 0.5824458003044128]"
24975.0,2009-12-01T00:00:00.000000000,"[1.6754902601242065, 1.3894624710083008, 1.0154259204864502, 1.6754902601242065]","[1.2594056129455566, 1.2591419219970703, 1.281813621520996, 1.2528541088104248]"
24975.0,2010-03-01T00:00:00.000000000,"[1.3894624710083008, 1.0154259204864502, 1.6754902601242065, 1.8515071868896484]","[1.4868109226226807, 1.5023118257522583, 1.5476233959197998, 1.4876283407211304]"
24975.0,2010-06-01T00:00:00.000000000,"[1.0154259204864502, 1.6754902601242065, 1.8515071868896484, 1.8955113887786865]","[1.2572433948516846, 1.2073127031326294, 1.1771994829177856, 1.14732825756073]"
24975.0,2010-09-01T00:00:00.000000000,"[1.6754902601242065, 1.8515071868896484, 1.8955113887786865, 1.8295050859451294]","[1.0194746255874634, 0.9211317896842957, 0.8288592100143433, 0.799140989780426]"
24975.0,2011-03-01T00:00:00.000000000,"[1.8515071868896484, 1.8955113887786865, 1.8295050859451294, 1.5214751958847046]","[1.3324651718139648, 1.3446345329284668, 1.3731807470321655, 1.3444881439208984]"
24975.0,2011-06-01T00:00:00.000000000,"[1.8955113887786865, 1.8295050859451294, 1.5214751958847046, 1.9835201501846313]","[1.5115762948989868, 1.5039644241333008, 1.5228595733642578, 1.5009355545043945]"
24975.0,2011-12-01T00:00:00.000000000,"[1.8295050859451294, 1.5214751958847046, 1.9835201501846313, 3.127631425857544]","[1.6740150451660156, 1.6648149490356445, 1.6883326768875122, 1.65846586227417]"
24975.0,2012-03-01T00:00:00.000000000,"[1.5214751958847046, 1.9835201501846313, 3.127631425857544, 2.775597333908081]","[1.6453831195831299, 1.5927205085754395, 1.5672285556793213, 1.5113844871520996]"
24975.0,2012-06-01T00:00:00.000000000,"[1.9835201501846313, 3.127631425857544, 2.775597333908081, 2.6435842514038086]","[1.6550216674804688, 1.6877641677856445, 1.7391337156295776, 1.6707102060317993]"
24975.0,2012-09-01T00:00:00.000000000,"[3.127631425857544, 2.775597333908081, 2.6435842514038086, 3.0396230220794678]","[1.72727370262146, 1.7122137546539307, 1.722010850906372, 1.672839641571045]"
24975.0,2012-12-01T00:00:00.000000000,"[2.775597333908081, 2.6435842514038086, 3.0396230220794678, 3.281646251678467]","[2.251218318939209, 2.2519681453704834, 2.300637722015381, 2.2327682971954346]"
24975.0,2013-03-01T00:00:00.000000000,"[2.6435842514038086, 3.0396230220794678, 3.281646251678467, 3.3036487102508545]","[2.3530564308166504, 2.3635096549987793, 2.42195200920105, 2.3501851558685303]"
25124.0,2006-06-01T00:00:00.000000000,"[2.775597333908081, 2.8636057376861572, 2.7535951137542725, 2.4455649852752686]","[2.781080961227417, 2.6522634029388428, 2.6637473106384277, 2.5954508781433105]"
25124.0,2006-09-01T00:00:00.000000000,"[2.8636057376861572, 2.7535951137542725, 2.4455649852752686, 2.4895694255828857]","[2.6655914783477783, 2.6449499130249023, 2.6213536262512207, 2.745944023132324]"
25124.0,2006-12-01T00:00:00.000000000,"[2.7535951137542725, 2.4455649852752686, 2.4895694255828857, 2.5115716457366943]","[2.8720247745513916, 2.7383384704589844, 2.8214640617370605, 2.8711514472961426]"
25124.0,2007-03-01T00:00:00.000000000,"[2.4455649852752686, 2.4895694255828857, 2.5115716457366943, 2.533573627471924]","[2.7461562156677246, 2.781421661376953, 2.750469923019409, 2.7132668495178223]"
25124.0,2007-06-01T00:00:00.000000000,"[2.4895694255828857, 2.5115716457366943, 2.533573627471924, 2.115532875061035]","[2.4077558517456055, 2.288369655609131, 2.251248359680176, 2.2511425018310547]"
25124.0,2007-09-01T00:00:00.000000000,"[2.5115716457366943, 2.533573627471924, 2.115532875061035, 2.3575565814971924]","[2.3562355041503906, 2.2719030380249023, 2.2099974155426025, 2.338195323944092]"
25124.0,2007-12-01T00:00:00.000000000,"[2.533573627471924, 2.115532875061035, 2.3575565814971924, 2.4015607833862305]","[2.494147300720215, 2.3618409633636475, 2.448284387588501, 2.4886233806610107]"
25124.0,2008-03-01T00:00:00.000000000,"[2.115532875061035, 2.3575565814971924, 2.4015607833862305, 2.4015607833862305]","[2.4324097633361816, 2.4372315406799316, 2.4624862670898438, 2.4746079444885254]"
25124.0,2008-06-01T00:00:00.000000000,"[2.3575565814971924, 2.4015607833862305, 2.4015607833862305, 2.313552141189575]","[2.1173818111419678, 2.1174941062927246, 2.172863245010376, 2.14262318611145]"
25124.0,2008-09-01T00:00:00.000000000,"[2.4015607833862305, 2.4015607833862305, 2.313552141189575, 2.5115716457366943]","[2.208252429962158, 2.254636764526367, 2.224001169204712, 2.322903633117676]"
25124.0,2008-12-01T00:00:00.000000000,"[2.4015607833862305, 2.313552141189575, 2.5115716457366943, 2.5995800495147705]","[2.352006435394287, 2.2924082279205322, 2.3911452293395996, 2.3923144340515137]"
25124.0,2009-03-01T00:00:00.000000000,"[2.313552141189575, 2.5115716457366943, 2.5995800495147705, 2.6435842514038086]","[2.4598684310913086, 2.451138496398926, 2.421966552734375, 2.3817496299743652]"
25124.0,2009-06-01T00:00:00.000000000,"[2.5115716457366943, 2.5995800495147705, 2.6435842514038086, 2.929612159729004]","[2.329359531402588, 2.3427810668945312, 2.352354049682617, 2.388235569000244]"
25124.0,2009-09-01T00:00:00.000000000,"[2.5995800495147705, 2.6435842514038086, 2.929612159729004, 3.083627223968506]","[2.379563808441162, 2.3894920349121094, 2.4017300605773926, 2.433868408203125]"
25124.0,2009-12-01T00:00:00.000000000,"[2.6435842514038086, 2.929612159729004, 3.083627223968506, 3.017620801925659]","[2.4980220794677734, 2.4789164066314697, 2.4856863021850586, 2.5047483444213867]"
25434.0,2006-06-01T00:00:00.000000000,"[0.047331858426332474, 0.11333828419446945, 0.17934469878673553, 0.025329740718007088]","[-0.12801843881607056, -0.13703247904777527, -0.14033083617687225, -0.16858236491680145]"
25434.0,2006-09-01T00:00:00.000000000,"[0.11333828419446945, 0.17934469878673553, 0.025329740718007088, 0.2233489453792572]","[-0.024438858032226562, -0.010748565196990967, 0.01242893934249878, -0.017809659242630005]"
25434.0,2006-12-01T00:00:00.000000000,"[0.17934469878673553, 0.025329740718007088, 0.2233489453792572, 0.2453511357307434]","[0.03962525725364685, 0.04312950372695923, 0.059993088245391846, 0.03415989875793457]"
25434.0,2007-03-01T00:00:00.000000000,"[0.025329740718007088, 0.2233489453792572, 0.2453511357307434, 0.3113575577735901]","[0.08576822280883789, 0.08949258923530579, 0.10797733068466187, 0.08273100852966309]"
25434.0,2007-06-01T00:00:00.000000000,"[0.2233489453792572, 0.2453511357307434, 0.3113575577735901, 0.15734252333641052]","[0.03805112838745117, 0.012881100177764893, -0.0005614757537841797, -0.03141212463378906]"
25434.0,2007-09-01T00:00:00.000000000,"[0.2453511357307434, 0.3113575577735901, 0.15734252333641052, 0.37736397981643677]","[0.10499352216720581, 0.09930354356765747, 0.10734978318214417, 0.08160394430160522]"
25434.0,2007-12-01T00:00:00.000000000,"[0.3113575577735901, 0.15734252333641052, 0.37736397981643677, 0.5313789248466492]","[0.18686522543430328, 0.1907724291086197, 0.2111745923757553, 0.1840185970067978]"
25434.0,2008-03-01T00:00:00.000000000,"[0.15734252333641052, 0.37736397981643677, 0.5313789248466492, 0.44337034225463867]","[0.23482869565486908, 0.2374417930841446, 0.257928729057312, 0.2303512543439865]"
25434.0,2008-06-01T00:00:00.000000000,"[0.37736397981643677, 0.5313789248466492, 0.44337034225463867, 0.2893553674221039]","[0.11451715230941772, 0.06681916117668152, 0.03151458501815796, 0.008459001779556274]"
25434.0,2008-09-01T00:00:00.000000000,"[0.5313789248466492, 0.44337034225463867, 0.2893553674221039, 0.5093768239021301]","[0.24120250344276428, 0.23611921072006226, 0.24600347876548767, 0.2158338725566864]"
25434.0,2008-12-01T00:00:00.000000000,"[0.44337034225463867, 0.2893553674221039, 0.5093768239021301, 0.5093768239021301]","[0.3665257394313812, 0.36723414063453674, 0.38824525475502014, 0.358502596616745]"
25434.0,2009-03-01T00:00:00.000000000,"[0.2893553674221039, 0.5093768239021301, 0.5093768239021301, 0.575383186340332]","[0.3551551103591919, 0.33795541524887085, 0.33940958976745605, 0.3074031472206116]"
25434.0,2009-06-01T00:00:00.000000000,"[0.5093768239021301, 0.5093768239021301, 0.575383186340332, 0.4653724431991577]","[0.29929980635643005, 0.27281421422958374, 0.2582540214061737, 0.20783042907714844]"
25434.0,2009-09-01T00:00:00.000000000,"[0.5093768239021301, 0.575383186340332, 0.4653724431991577, 0.6633917689323425]","[0.3235716223716736, 0.2909037470817566, 0.27275896072387695, 0.24723055958747864]"
25434.0,2009-12-01T00:00:00.000000000,"[0.575383186340332, 0.4653724431991577, 0.6633917689323425, 0.6633917689323425]","[0.39208295941352844, 0.38044822216033936, 0.3846806287765503, 0.3609068691730499]"
25434.0,2010-03-01T00:00:00.000000000,"[0.4653724431991577, 0.6633917689323425, 0.6633917689323425, 0.7954046130180359]","[0.4360739588737488, 0.42672955989837646, 0.4339083731174469, 0.41117265820503235]"
25434.0,2010-06-01T00:00:00.000000000,"[0.6633917689323425, 0.6633917689323425, 0.7954046130180359, 0.6193875670433044]","[0.46597301959991455, 0.4432098865509033, 0.436875581741333, 0.4041188955307007]"
25434.0,2010-09-01T00:00:00.000000000,"[0.6633917689323425, 0.7954046130180359, 0.6193875670433044, 1.0154259204864502]","[0.5880960822105408, 0.5787764191627502, 0.5922473073005676, 0.5713597536087036]"
25434.0,2010-12-01T00:00:00.000000000,"[0.7954046130180359, 0.6193875670433044, 1.0154259204864502, 0.8394088745117188]","[0.5238688588142395, 0.48833560943603516, 0.46885761618614197, 0.4321569502353668]"
25434.0,2011-03-01T00:00:00.000000000,"[0.6193875670433044, 1.0154259204864502, 0.8394088745117188, 1.0374282598495483]","[0.6032564043998718, 0.5733004808425903, 0.5614967346191406, 0.5228660106658936]"
25434.0,2011-06-01T00:00:00.000000000,"[1.0154259204864502, 0.8394088745117188, 1.0374282598495483, 0.003327556187286973]","[0.6291623711585999, 0.6125756502151489, 0.6151713132858276, 0.5934643745422363]"
25434.0,2011-09-01T00:00:00.000000000,"[0.8394088745117188, 1.0374282598495483, 0.003327556187286973, -1.7128393650054932]","[0.7937600612640381, 0.7838053703308105, 0.800188422203064, 0.7774425745010376]"
25434.0,2011-12-01T00:00:00.000000000,"[1.0374282598495483, 0.003327556187286973, -1.7128393650054932, 0.42136821150779724]","[0.7599015831947327, 0.7245952486991882, 0.7112694978713989, 0.6765411496162415]"
25434.0,2012-03-01T00:00:00.000000000,"[0.003327556187286973, -1.7128393650054932, 0.42136821150779724, 0.6413896679878235]","[0.8679602146148682, 0.8462822437286377, 0.8499747514724731, 0.8158532381057739]"
25434.0,2012-06-01T00:00:00.000000000,"[-1.7128393650054932, 0.42136821150779724, 0.6413896679878235, 0.6633917689323425]","[0.3191118538379669, 0.2435433268547058, 0.16307534277439117, 0.15497514605522156]"
25434.0,2012-09-01T00:00:00.000000000,"[0.42136821150779724, 0.6413896679878235, 0.6633917689323425, 1.5214751958847046]","[-0.28402507305145264, -0.2238432615995407, -0.16116587817668915, -0.11283637583255768]"
25434.0,2012-12-01T00:00:00.000000000,"[0.6413896679878235, 0.6633917689323425, 1.5214751958847046, 1.499472975730896]","[0.10493556410074234, 0.1455652117729187, 0.1685951203107834, 0.2071456015110016]"
25434.0,2013-03-01T00:00:00.000000000,"[0.6633917689323425, 1.5214751958847046, 1.499472975730896, 0.8834132552146912]","[0.4413318932056427, 0.43635493516921997, 0.46039241552352905, 0.5034183263778687]"
27928.0,2006-06-01T00:00:00.000000000,"[7.066014289855957, -0.722743034362793, -0.920762300491333, -0.8327537775039673]","[0.5159870386123657, -0.15920022130012512, -0.5138260126113892, -0.21927639842033386]"
27928.0,2006-09-01T00:00:00.000000000,"[-0.722743034362793, -0.920762300491333, -0.8327537775039673, 5.569868564605713]","[2.368619441986084, 2.213144063949585, 2.394516944885254, 2.6264448165893555]"
27928.0,2006-12-01T00:00:00.000000000,"[-0.920762300491333, -0.8327537775039673, 5.569868564605713, -0.8107516169548035]","[1.7590560913085938, 1.869398832321167, 1.9732306003570557, 1.9645519256591797]"
27928.0,2007-03-01T00:00:00.000000000,"[-0.8327537775039673, 5.569868564605713, -0.8107516169548035, -0.5027216672897339]","[0.3882756233215332, 0.5215377807617188, 0.6050463914871216, 0.7609350681304932]"
27928.0,2007-06-01T00:00:00.000000000,"[5.569868564605713, -0.8107516169548035, -0.5027216672897339, -0.15068741142749786]","[0.9751524925231934, -0.023565948009490967, -0.4063602685928345, 0.07501000165939331]"
27928.0,2007-09-01T00:00:00.000000000,"[-0.8107516169548035, -0.5027216672897339, -0.15068741142749786, 6.8459930419921875]","[2.059493064880371, 1.9889144897460938, 2.117161750793457, 2.323760986328125]"
27928.0,2007-12-01T00:00:00.000000000,"[-0.5027216672897339, -0.15068741142749786, 6.8459930419921875, -0.5247237682342529]","[1.4588007926940918, 1.5073587894439697, 1.538065791130066, 1.6667120456695557]"
27928.0,2008-03-01T00:00:00.000000000,"[-0.15068741142749786, 6.8459930419921875, -0.5247237682342529, -0.5687280893325806]","[0.312752902507782, 0.4960952699184418, 0.725007176399231, 0.9250412583351135]"
27928.0,2008-06-01T00:00:00.000000000,"[6.8459930419921875, -0.5247237682342529, -0.5687280893325806, -0.12868529558181763]","[0.7549811005592346, 0.29537433385849, 0.20797660946846008, 0.5617145299911499]"
27928.0,2008-09-01T00:00:00.000000000,"[-0.5247237682342529, -0.5687280893325806, -0.12868529558181763, 7.880094051361084]","[2.260990619659424, 2.0756542682647705, 2.37227725982666, 2.7594404220581055]"
27928.0,2008-12-01T00:00:00.000000000,"[-0.5687280893325806, -0.12868529558181763, 7.880094051361084, -0.2606981098651886]","[1.469090461730957, 1.546607255935669, 1.604994297027588, 1.7529065608978271]"
27928.0,2009-03-01T00:00:00.000000000,"[-0.12868529558181763, 7.880094051361084, -0.2606981098651886, -0.45871737599372864]","[0.7776259183883667, 0.9428822994232178, 1.0930808782577515, 1.2721986770629883]"
27928.0,2009-06-01T00:00:00.000000000,"[7.880094051361084, -0.2606981098651886, -0.45871737599372864, 0.06933397799730301]","[1.00447678565979, 0.36772769689559937, 0.11326098442077637, 0.523410439491272]"
27928.0,2009-09-01T00:00:00.000000000,"[-0.2606981098651886, -0.45871737599372864, 0.06933397799730301, 9.904291152954102]","[2.38039493560791, 2.377103328704834, 2.437407970428467, 2.5879034996032715]"
27928.0,2009-12-01T00:00:00.000000000,"[-0.45871737599372864, 0.06933397799730301, 9.904291152954102, 0.003327556187286973]","[1.8127681016921997, 1.9132118225097656, 1.9750841856002808, 2.082958698272705]"
27928.0,2010-03-01T00:00:00.000000000,"[0.06933397799730301, 9.904291152954102, 0.003327556187286973, -0.06267886608839035]","[0.6303579807281494, 0.5928994417190552, 0.5025796890258789, 0.6466865539550781]"
27928.0,2010-06-01T00:00:00.000000000,"[9.904291152954102, 0.003327556187286973, -0.06267886608839035, 1.499472975730896]","[1.1756770610809326, 0.6593696475028992, 0.4600391387939453, 0.8361320495605469]"
27928.0,2010-09-01T00:00:00.000000000,"[0.003327556187286973, -0.06267886608839035, 1.499472975730896, 11.51044750213623]","[3.636857271194458, 3.336987257003784, 3.72702693939209, 4.204096794128418]"
27928.0,2010-12-01T00:00:00.000000000,"[-0.06267886608839035, 1.499472975730896, 11.51044750213623, -0.898760199546814]","[2.559798240661621, 2.609501361846924, 2.652595281600952, 2.8109145164489746]"
27928.0,2011-03-01T00:00:00.000000000,"[1.499472975730896, 11.51044750213623, -0.898760199546814, 0.20134682953357697]","[1.6378037929534912, 1.7668687105178833, 1.8508366346359253, 2.046112537384033]"
27928.0,2011-06-01T00:00:00.000000000,"[11.51044750213623, -0.898760199546814, 0.20134682953357697, 1.8515071868896484]","[3.078293800354004, 1.8142354488372803, 1.3123183250427246, 1.842602014541626]"
27928.0,2011-09-01T00:00:00.000000000,"[-0.898760199546814, 0.20134682953357697, 1.8515071868896484, 9.17821979522705]","[4.616674423217773, 4.197770118713379, 4.803936004638672, 5.447043418884277]"
27928.0,2011-12-01T00:00:00.000000000,"[0.20134682953357697, 1.8515071868896484, 9.17821979522705, 3.281646251678467]","[3.4319663047790527, 3.709810256958008, 3.967008590698242, 3.8990883827209473]"
27928.0,2012-03-01T00:00:00.000000000,"[1.8515071868896484, 9.17821979522705, 3.281646251678467, 1.3674603700637817]","[1.542650580406189, 1.5564467906951904, 1.5206652879714966, 1.7086517810821533]"
27928.0,2012-06-01T00:00:00.000000000,"[9.17821979522705, 3.281646251678467, 1.3674603700637817, 0.7954046130180359]","[3.565157175064087, 2.6278200149536133, 2.252912998199463, 2.698355197906494]"
27928.0,2012-09-01T00:00:00.000000000,"[3.281646251678467, 1.3674603700637817, 0.7954046130180359, 12.654558181762695]","[4.473894119262695, 4.2615251541137695, 4.551292896270752, 4.955489158630371]"
27928.0,2012-12-01T00:00:00.000000000,"[1.3674603700637817, 0.7954046130180359, 12.654558181762695, 3.633680582046509]","[4.893404960632324, 4.832651615142822, 4.864530563354492, 4.997359752655029]"
27928.0,2013-03-01T00:00:00.000000000,"[0.7954046130180359, 12.654558181762695, 3.633680582046509, 2.665586471557617]","[3.0776357650756836, 3.07033109664917, 3.0336217880249023, 3.2121365070343018]"
27965.0,2006-06-01T00:00:00.000000000,"[0.047331858426332474, 0.036330800503492355, 0.003327556187286973, 0.047331858426332474]","[-0.10020963847637177, -0.13830965757369995, -0.17061534523963928, -0.17775550484657288]"
27965.0,2006-09-01T00:00:00.000000000,"[0.036330800503492355, 0.003327556187286973, 0.047331858426332474, 0.05833292007446289]","[-0.08047021925449371, -0.12204722315073013, -0.15747222304344177, -0.16617780923843384]"
27965.0,2006-12-01T00:00:00.000000000,"[0.003327556187286973, 0.047331858426332474, 0.05833292007446289, 0.025329740718007088]","[-0.07567283511161804, -0.10522275418043137, -0.12936854362487793, -0.13252533972263336]"
27965.0,2007-03-01T00:00:00.000000000,"[0.047331858426332474, 0.05833292007446289, 0.025329740718007088, 0.003327556187286973]","[-0.04822137951850891, -0.07727932929992676, -0.10121320933103561, -0.1159515231847763]"
27965.0,2007-06-01T00:00:00.000000000,"[0.05833292007446289, 0.025329740718007088, 0.003327556187286973, 0.06933397799730301]","[-0.05167761445045471, -0.07731921970844269, -0.09773779660463333, -0.10043191909790039]"
27965.0,2007-09-01T00:00:00.000000000,"[0.025329740718007088, 0.003327556187286973, 0.06933397799730301, 0.2233489453792572]","[-0.03596757352352142, -0.05958275496959686, -0.07768755406141281, -0.07850340008735657]"
27965.0,2007-12-01T00:00:00.000000000,"[0.003327556187286973, 0.06933397799730301, 0.2233489453792572, 0.33335965871810913]","[-0.011776193976402283, -0.013115689158439636, -0.00907374918460846, -0.006836056709289551]"
27965.0,2008-03-01T00:00:00.000000000,"[0.06933397799730301, 0.2233489453792572, 0.33335965871810913, 0.4543713927268982]","[0.017671525478363037, 0.021139085292816162, 0.02992391586303711, 0.023684561252593994]"
27965.0,2008-06-01T00:00:00.000000000,"[0.2233489453792572, 0.33335965871810913, 0.4543713927268982, 0.575383186340332]","[-0.0059788525104522705, -0.036766812205314636, -0.061823539435863495, -0.06360777467489243]"
27965.0,2008-09-01T00:00:00.000000000,"[0.33335965871810913, 0.4543713927268982, 0.575383186340332, 0.740399181842804]","[0.07832475006580353, 0.055165037512779236, 0.04157337546348572, 0.04018734395503998]"
27965.0,2008-12-01T00:00:00.000000000,"[0.4543713927268982, 0.575383186340332, 0.740399181842804, 0.8504099249839783]","[0.18708233535289764, 0.1809498518705368, 0.1864827424287796, 0.16599880158901215]"
27965.0,2009-03-01T00:00:00.000000000,"[0.575383186340332, 0.740399181842804, 0.8504099249839783, 0.7954046130180359]","[0.26478084921836853, 0.26153647899627686, 0.2733945846557617, 0.2574707269668579]"
27965.0,2009-06-01T00:00:00.000000000,"[0.740399181842804, 0.8504099249839783, 0.7954046130180359, 0.8394088745117188]","[0.32792991399765015, 0.2890171408653259, 0.2668532729148865, 0.23036061227321625]"
27965.0,2009-09-01T00:00:00.000000000,"[0.8504099249839783, 0.7954046130180359, 0.8394088745117188, 1.0704313516616821]","[0.40937939286231995, 0.3602832853794098, 0.32991307973861694, 0.28454795479774475]"
27965.0,2009-12-01T00:00:00.000000000,"[0.7954046130180359, 0.8394088745117188, 1.0704313516616821, 1.2904525995254517]","[0.3600934147834778, 0.2765134274959564, 0.20958754420280457, 0.18420445919036865]"
27965.0,2010-03-01T00:00:00.000000000,"[0.8394088745117188, 1.0704313516616821, 1.2904525995254517, 1.125436782836914]","[0.43372318148612976, 0.3523789942264557, 0.2874716818332672, 0.24584190547466278]"
27965.0,2010-06-01T00:00:00.000000000,"[1.0704313516616821, 1.2904525995254517, 1.125436782836914, 0.9274174571037292]","[0.37893927097320557, 0.2800281345844269, 0.19144585728645325, 0.14499320089817047]"
27965.0,2010-09-01T00:00:00.000000000,"[1.2904525995254517, 1.125436782836914, 0.9274174571037292, 0.8504099249839783]","[0.4959834814071655, 0.40639567375183105, 0.33062973618507385, 0.2858922779560089]"
27965.0,2010-12-01T00:00:00.000000000,"[1.125436782836914, 0.9274174571037292, 0.8504099249839783, 0.8724120259284973]","[0.8640753626823425, 0.8272829651832581, 0.8182955980300903, 0.7524396181106567]"
27965.0,2011-03-01T00:00:00.000000000,"[0.9274174571037292, 0.8504099249839783, 0.8724120259284973, 0.7514004111289978]","[0.8875131607055664, 0.86957848072052, 0.8735347390174866, 0.7862282395362854]"
27965.0,2011-06-01T00:00:00.000000000,"[0.8504099249839783, 0.8724120259284973, 0.7514004111289978, 0.9054153561592102]","[0.6039567589759827, 0.49965572357177734, 0.40342795848846436, 0.32960939407348633]"
27965.0,2011-09-01T00:00:00.000000000,"[0.8724120259284973, 0.7514004111289978, 0.9054153561592102, 1.0154259204864502]","[0.5948271155357361, 0.5029128789901733, 0.4174814224243164, 0.3599403500556946]"
27965.0,2011-12-01T00:00:00.000000000,"[0.7514004111289978, 0.9054153561592102, 1.0154259204864502, 1.0154259204864502]","[0.8637962937355042, 0.8364706039428711, 0.829210638999939, 0.7889833450317383]"
27965.0,2012-03-01T00:00:00.000000000,"[0.9054153561592102, 1.0154259204864502, 1.0154259204864502, 1.0814324617385864]","[0.6901854276657104, 0.6128711700439453, 0.5499414205551147, 0.5458495616912842]"
27965.0,2012-06-01T00:00:00.000000000,"[1.0154259204864502, 1.0154259204864502, 1.0814324617385864, 1.3344571590423584]","[0.8892697095870972, 0.9028675556182861, 0.9330475330352783, 0.9041211605072021]"
27965.0,2012-09-01T00:00:00.000000000,"[1.0154259204864502, 1.0814324617385864, 1.3344571590423584, 1.477470874786377]","[0.9646159410476685, 0.9762380123138428, 1.007002830505371, 0.9760459661483765]"
27965.0,2012-12-01T00:00:00.000000000,"[1.0814324617385864, 1.3344571590423584, 1.477470874786377, 1.6534881591796875]","[0.9797457456588745, 0.9587647914886475, 0.9620928764343262, 0.9677883386611938]"
27965.0,2013-03-01T00:00:00.000000000,"[1.3344571590423584, 1.477470874786377, 1.6534881591796875, 1.9395159482955933]","[1.019242286682129, 1.0158019065856934, 1.0333462953567505, 1.020042061805725]"
28180.0,2006-06-01T00:00:00.000000000,"[3.5016677379608154, 3.831699848175049, 3.171635627746582, 3.831699848175049]","[2.421156644821167, 2.4297919273376465, 2.4853274822235107, 2.3587074279785156]"
28180.0,2006-09-01T00:00:00.000000000,"[3.831699848175049, 3.171635627746582, 3.831699848175049, 4.57977294921875]","[2.0925047397613525, 1.8698124885559082, 1.688167691230774, 1.648898720741272]"
28180.0,2006-12-01T00:00:00.000000000,"[3.171635627746582, 3.831699848175049, 4.57977294921875, 4.865800380706787]","[3.2559638023376465, 3.2335681915283203, 3.2951154708862305, 3.157771587371826]"
28180.0,2007-03-01T00:00:00.000000000,"[3.831699848175049, 4.57977294921875, 4.865800380706787, 4.117727756500244]","[2.5870869159698486, 2.288712501525879, 2.0379462242126465, 1.8770568370819092]"
28180.0,2007-06-01T00:00:00.000000000,"[4.57977294921875, 4.865800380706787, 4.117727756500244, 4.9978132247924805]","[2.8431200981140137, 2.56732177734375, 2.345877170562744, 2.188340187072754]"
28180.0,2007-09-01T00:00:00.000000000,"[4.865800380706787, 4.117727756500244, 4.9978132247924805, 5.129826545715332]","[3.4410042762756348, 3.387173652648926, 3.4051923751831055, 3.27872896194458]"
28180.0,2007-12-01T00:00:00.000000000,"[4.117727756500244, 4.9978132247924805, 5.129826545715332, 5.679879665374756]","[3.8756532669067383, 3.9018940925598145, 4.006739616394043, 3.8381457328796387]"
28180.0,2008-03-01T00:00:00.000000000,"[4.9978132247924805, 5.129826545715332, 5.679879665374756, 4.9978132247924805]","[3.694932460784912, 3.546680450439453, 3.4713492393493652, 3.334230422973633]"
28180.0,2008-06-01T00:00:00.000000000,"[5.129826545715332, 5.679879665374756, 4.9978132247924805, 5.019815444946289]","[4.085011005401611, 3.9844717979431152, 3.969292163848877, 3.843219518661499]"
28180.0,2008-09-01T00:00:00.000000000,"[5.679879665374756, 4.9978132247924805, 5.019815444946289, 5.987909317016602]","[4.3995361328125, 4.326139450073242, 4.334451198577881, 4.114060401916504]"
28180.0,2008-12-01T00:00:00.000000000,"[4.9978132247924805, 5.019815444946289, 5.987909317016602, 6.38394832611084]","[4.966664791107178, 4.937620162963867, 5.026133060455322, 4.9189677238464355]"
28180.0,2009-03-01T00:00:00.000000000,"[5.019815444946289, 5.987909317016602, 6.38394832611084, 5.679879665374756]","[4.771903038024902, 4.849362373352051, 4.997214317321777, 4.7515997886657715]"
28180.0,2009-06-01T00:00:00.000000000,"[5.987909317016602, 6.38394832611084, 5.679879665374756, 7.242031574249268]","[4.761943340301514, 4.844846725463867, 4.991274356842041, 4.77922248840332]"
28180.0,2009-09-01T00:00:00.000000000,"[6.38394832611084, 5.679879665374756, 7.242031574249268, 8.716175079345703]","[4.639700412750244, 4.450896263122559, 4.338754177093506, 4.264698028564453]"
28180.0,2009-12-01T00:00:00.000000000,"[5.679879665374756, 7.242031574249268, 8.716175079345703, 9.20022201538086]","[5.608184814453125, 5.518807411193848, 5.536104202270508, 5.336217880249023]"
28180.0,2010-03-01T00:00:00.000000000,"[7.242031574249268, 8.716175079345703, 9.20022201538086, 7.484055042266846]","[5.1546125411987305, 4.728926658630371, 4.39682674407959, 4.244543075561523]"
28180.0,2010-06-01T00:00:00.000000000,"[8.716175079345703, 9.20022201538086, 7.484055042266846, 8.210125923156738]","[5.8295207023620605, 5.4719038009643555, 5.230592250823975, 5.062809467315674]"
28180.0,2010-09-01T00:00:00.000000000,"[9.20022201538086, 7.484055042266846, 8.210125923156738, 9.222225189208984]","[6.7181715965271, 6.333625793457031, 6.092056751251221, 5.812734603881836]"
28180.0,2010-12-01T00:00:00.000000000,"[7.484055042266846, 8.210125923156738, 9.222225189208984, 10.476346015930176]","[7.086097717285156, 6.831962585449219, 6.724809646606445, 6.530847549438477]"
28180.0,2011-03-01T00:00:00.000000000,"[8.210125923156738, 9.222225189208984, 10.476346015930176, 8.650168418884277]","[7.018295764923096, 6.583471298217773, 6.275498390197754, 5.963768005371094]"
28180.0,2011-06-01T00:00:00.000000000,"[9.222225189208984, 10.476346015930176, 8.650168418884277, 8.034109115600586]","[7.3005452156066895, 6.920370578765869, 6.67045783996582, 6.394505500793457]"
28180.0,2011-09-01T00:00:00.000000000,"[10.476346015930176, 8.650168418884277, 8.034109115600586, 14.920778274536133]","[7.205730438232422, 6.79287052154541, 6.485952377319336, 6.200802803039551]"
28180.0,2011-12-01T00:00:00.000000000,"[8.650168418884277, 8.034109115600586, 14.920778274536133, 14.854772567749023]","[8.916000366210938, 8.937337875366211, 9.131431579589844, 8.881452560424805]"
28180.0,2012-03-01T00:00:00.000000000,"[8.034109115600586, 14.920778274536133, 14.854772567749023, 11.180415153503418]","[8.494938850402832, 8.177255630493164, 8.010536193847656, 7.756365776062012]"
28180.0,2012-06-01T00:00:00.000000000,"[14.920778274536133, 14.854772567749023, 11.180415153503418, 14.832769393920898]","[8.051844596862793, 7.697797775268555, 7.462528228759766, 7.2709245681762695]"
28180.0,2012-09-01T00:00:00.000000000,"[14.854772567749023, 11.180415153503418, 14.832769393920898, 17.627042770385742]","[10.255472183227539, 10.210312843322754, 10.36541748046875, 10.143122673034668]"
28180.0,2012-12-01T00:00:00.000000000,"[11.180415153503418, 14.832769393920898, 17.627042770385742, 17.05498504638672]","[11.121047019958496, 10.92044734954834, 10.944791793823242, 10.664188385009766]"
28180.0,2013-03-01T00:00:00.000000000,"[14.832769393920898, 17.627042770385742, 17.05498504638672, 16.10889434814453]","[11.137907981872559, 10.901945114135742, 10.75436782836914, 9.967554092407227]"
28320.0,2000-06-01T00:00:00.000000000,"[0.7734025120735168, 0.7073960304260254, 0.5973852872848511, 0.5313789248466492]","[0.6329137086868286, 0.6555996537208557, 0.6651372313499451, 0.6983498930931091]"
28320.0,2000-09-01T00:00:00.000000000,"[0.7073960304260254, 0.5973852872848511, 0.5313789248466492, 1.0814324617385864]","[0.7771711945533752, 0.7893293499946594, 0.7959504127502441, 0.8218239545822144]"
28320.0,2000-12-01T00:00:00.000000000,"[0.5973852872848511, 0.5313789248466492, 1.0814324617385864, 1.147438883781433]","[0.8480699062347412, 0.8554525375366211, 0.8608430624008179, 0.8834945559501648]"
28320.0,2001-03-01T00:00:00.000000000,"[0.5313789248466492, 1.0814324617385864, 1.147438883781433, 0.9054153561592102]","[0.7401419878005981, 0.7567141056060791, 0.7647725343704224, 0.7905014753341675]"
28320.0,2001-06-01T00:00:00.000000000,"[1.0814324617385864, 1.147438883781433, 0.9054153561592102, 0.7734025120735168]","[0.6274027824401855, 0.6583905816078186, 0.6820020079612732, 0.7130929231643677]"
28320.0,2001-09-01T00:00:00.000000000,"[1.147438883781433, 0.9054153561592102, 0.7734025120735168, 1.3454581499099731]","[0.8956853151321411, 0.9016823768615723, 0.9064339399337769, 0.9261749386787415]"
28320.0,2001-12-01T00:00:00.000000000,"[0.9054153561592102, 0.7734025120735168, 1.3454581499099731, 1.4334666728973389]","[1.087663173675537, 1.081020474433899, 1.0845420360565186, 1.0973721742630005]"
28320.0,2002-03-01T00:00:00.000000000,"[0.7734025120735168, 1.3454581499099731, 1.4334666728973389, 1.1914430856704712]","[0.976701021194458, 0.9791828989982605, 0.9834717512130737, 1.0008717775344849]"
28320.0,2002-06-01T00:00:00.000000000,"[1.3454581499099731, 1.4334666728973389, 1.1914430856704712, 0.9494196176528931]","[0.8960390090942383, 0.9024974703788757, 0.9048575162887573, 0.9249308705329895]"
28320.0,2002-09-01T00:00:00.000000000,"[1.4334666728973389, 1.1914430856704712, 0.9494196176528931, 1.5654793977737427]","[1.1382813453674316, 1.1313128471374512, 1.1342071294784546, 1.145043969154358]"
28320.0,2002-12-01T00:00:00.000000000,"[1.1914430856704712, 0.9494196176528931, 1.5654793977737427, 1.6754902601242065]","[1.2485456466674805, 1.2359567880630493, 1.2385413646697998, 1.24701726436615]"
28320.0,2003-03-01T00:00:00.000000000,"[0.9494196176528931, 1.5654793977737427, 1.6754902601242065, 1.477470874786377]","[1.2347204685211182, 1.2246363162994385, 1.2277064323425293, 1.23924720287323]"
28320.0,2003-06-01T00:00:00.000000000,"[1.5654793977737427, 1.6754902601242065, 1.477470874786377, 1.6094835996627808]","[1.0764899253845215, 1.049167513847351, 1.0246814489364624, 1.0348236560821533]"
28320.0,2003-09-01T00:00:00.000000000,"[1.6754902601242065, 1.477470874786377, 1.6094835996627808, 2.335554361343384]","[1.3927299976348877, 1.4108963012695312, 1.4428558349609375, 1.4130821228027344]"
28320.0,2003-12-01T00:00:00.000000000,"[1.477470874786377, 1.6094835996627808, 2.335554361343384, 2.42356276512146]","[1.4554088115692139, 1.4354212284088135, 1.4374516010284424, 1.4424657821655273]"
28320.0,2004-03-01T00:00:00.000000000,"[1.6094835996627808, 2.335554361343384, 2.42356276512146, 2.2035415172576904]","[1.3625396490097046, 1.3553872108459473, 1.3610647916793823, 1.365251898765564]"
28320.0,2004-06-01T00:00:00.000000000,"[2.335554361343384, 2.42356276512146, 2.2035415172576904, 2.027524471282959]","[1.4223895072937012, 1.4203879833221436, 1.4312362670898438, 1.4245249032974243]"
28320.0,2004-09-01T00:00:00.000000000,"[2.42356276512146, 2.2035415172576904, 2.027524471282959, 2.819601535797119]","[1.7635294198989868, 1.7518444061279297, 1.7655131816864014, 1.7118868827819824]"
28320.0,2004-12-01T00:00:00.000000000,"[2.2035415172576904, 2.027524471282959, 2.819601535797119, 3.0396230220794678]","[1.8854972124099731, 1.884493350982666, 1.9135183095932007, 1.878393292427063]"
28320.0,2005-03-01T00:00:00.000000000,"[2.027524471282959, 2.819601535797119, 3.0396230220794678, 2.7535951137542725]","[1.740189552307129, 1.6124815940856934, 1.5039925575256348, 1.421466588973999]"
28320.0,2005-06-01T00:00:00.000000000,"[2.819601535797119, 3.0396230220794678, 2.7535951137542725, 2.335554361343384]","[1.6329771280288696, 1.4698485136032104, 1.3177653551101685, 1.2323122024536133]"
28320.0,2005-09-01T00:00:00.000000000,"[3.0396230220794678, 2.7535951137542725, 2.335554361343384, 2.7315926551818848]","[2.10861873626709, 2.036170721054077, 1.9988093376159668, 1.9492473602294922]"
28320.0,2005-12-01T00:00:00.000000000,"[2.7535951137542725, 2.335554361343384, 2.7315926551818848, 3.325650691986084]","[2.299813985824585, 2.2726035118103027, 2.28059458732605, 2.204301118850708]"
28320.0,2006-03-01T00:00:00.000000000,"[2.335554361343384, 2.7315926551818848, 3.325650691986084, 3.3036487102508545]","[2.1960816383361816, 2.066633939743042, 1.9663169384002686, 1.88097083568573]"
28320.0,2006-06-01T00:00:00.000000000,"[2.7315926551818848, 3.325650691986084, 3.3036487102508545, 3.127631425857544]","[1.9721193313598633, 1.7867473363876343, 1.6159389019012451, 1.5298311710357666]"
28320.0,2006-09-01T00:00:00.000000000,"[3.325650691986084, 3.3036487102508545, 3.127631425857544, 3.7436912059783936]","[2.1093976497650146, 1.9738954305648804, 1.85434889793396, 1.766968011856079]"
28320.0,2006-12-01T00:00:00.000000000,"[3.3036487102508545, 3.127631425857544, 3.7436912059783936, 3.98571515083313]","[2.724104404449463, 2.7412352561950684, 2.801331043243408, 2.731576442718506]"
28320.0,2007-03-01T00:00:00.000000000,"[3.127631425857544, 3.7436912059783936, 3.98571515083313, 3.875704050064087]","[2.823209524154663, 2.757190227508545, 2.738584518432617, 2.654359817504883]"
28877.0,2007-12-01T00:00:00.000000000,"[1.125436782836914, -0.04067668318748474, -0.04067668318748474, -0.15068741142749786]","[1.1940733194351196, 1.1382490396499634, 1.1148616075515747, 1.107797622680664]"
28877.0,2008-03-01T00:00:00.000000000,"[-0.04067668318748474, -0.04067668318748474, -0.15068741142749786, -0.04067668318748474]","[1.2054493427276611, 1.207838535308838, 1.231980562210083, 1.1881887912750244]"
28877.0,2008-06-01T00:00:00.000000000,"[-0.04067668318748474, -0.15068741142749786, -0.04067668318748474, 0.003327556187286973]","[0.5423656702041626, 0.4602486491203308, 0.3678858280181885, 0.38527995347976685]"
28877.0,2008-09-01T00:00:00.000000000,"[-0.15068741142749786, -0.04067668318748474, 0.003327556187286973, 0.06933397799730301]","[0.29996323585510254, 0.3637634217739105, 0.4271738827228546, 0.4890655279159546]"
28877.0,2008-12-01T00:00:00.000000000,"[-0.04067668318748474, 0.003327556187286973, 0.06933397799730301, -0.06267886608839035]","[0.03548693656921387, 0.12852737307548523, 0.21983443200588226, 0.2933387756347656]"
28877.0,2009-03-01T00:00:00.000000000,"[0.003327556187286973, 0.06933397799730301, -0.06267886608839035, 0.025329740718007088]","[0.09912079572677612, 0.17468424141407013, 0.23157893121242523, 0.2980899214744568]"
28877.0,2009-06-01T00:00:00.000000000,"[0.06933397799730301, -0.06267886608839035, 0.025329740718007088, 0.15734252333641052]","[-0.020118534564971924, 0.07592996954917908, 0.16251423954963684, 0.23434767127037048]"
28877.0,2009-09-01T00:00:00.000000000,"[-0.06267886608839035, 0.025329740718007088, 0.15734252333641052, 0.15734252333641052]","[0.19512273371219635, 0.25976186990737915, 0.303261399269104, 0.36479827761650085]"
28877.0,2009-12-01T00:00:00.000000000,"[0.025329740718007088, 0.15734252333641052, 0.15734252333641052, 0.025329740718007088]","[0.15568965673446655, 0.228309765458107, 0.28426408767700195, 0.3471717834472656]"
28877.0,2010-03-01T00:00:00.000000000,"[0.15734252333641052, 0.15734252333641052, 0.025329740718007088, 0.13534040749073029]","[0.19930022954940796, 0.2672452926635742, 0.3179782032966614, 0.3783024847507477]"
28877.0,2010-06-01T00:00:00.000000000,"[0.15734252333641052, 0.025329740718007088, 0.13534040749073029, 0.26735323667526245]","[0.26403817534446716, 0.324016273021698, 0.3646585941314697, 0.42164355516433716]"
28877.0,2010-09-01T00:00:00.000000000,"[0.025329740718007088, 0.13534040749073029, 0.26735323667526245, 0.2893553674221039]","[0.2572135031223297, 0.3202107846736908, 0.36610254645347595, 0.4230669140815735]"
29028.0,2006-06-01T00:00:00.000000000,"[1.6534881591796875, 2.775597333908081, 1.7634987831115723, 2.0495264530181885]","[1.4843310117721558, 1.3950729370117188, 1.3206498622894287, 1.3002960681915283]"
29028.0,2006-09-01T00:00:00.000000000,"[2.775597333908081, 1.7634987831115723, 2.0495264530181885, 1.8735092878341675]","[1.5867207050323486, 1.5961050987243652, 1.619176983833313, 1.6063724756240845]"
29028.0,2006-12-01T00:00:00.000000000,"[1.7634987831115723, 2.0495264530181885, 1.8735092878341675, 3.1056292057037354]","[2.0125572681427, 2.0070552825927734, 2.036147356033325, 2.0040030479431152]"
29028.0,2007-03-01T00:00:00.000000000,"[2.0495264530181885, 1.8735092878341675, 3.1056292057037354, 1.6974923610687256]","[1.9259305000305176, 1.9495457410812378, 1.9959094524383545, 1.9491974115371704]"
29028.0,2007-06-01T00:00:00.000000000,"[1.8735092878341675, 3.1056292057037354, 1.6974923610687256, 2.027524471282959]","[1.9819403886795044, 2.015767812728882, 2.0692803859710693, 1.997908592224121]"
29028.0,2007-09-01T00:00:00.000000000,"[3.1056292057037354, 1.6974923610687256, 2.027524471282959, 2.027524471282959]","[1.6923807859420776, 1.572188138961792, 1.4671963453292847, 1.4558945894241333]"
29028.0,2007-12-01T00:00:00.000000000,"[1.6974923610687256, 2.027524471282959, 2.027524471282959, 3.1936378479003906]","[2.314697027206421, 2.291522979736328, 2.3097915649414062, 2.2821106910705566]"
29028.0,2008-03-01T00:00:00.000000000,"[2.027524471282959, 2.027524471282959, 3.1936378479003906, 1.8735092878341675]","[1.8946655988693237, 1.757753610610962, 1.6360623836517334, 1.5740084648132324]"
29028.0,2008-06-01T00:00:00.000000000,"[2.027524471282959, 3.1936378479003906, 1.8735092878341675, 1.8735092878341675]","[2.0428614616394043, 1.9876846075057983, 1.953953742980957, 1.9263927936553955]"
29028.0,2008-09-01T00:00:00.000000000,"[3.1936378479003906, 1.8735092878341675, 1.8735092878341675, 2.379558563232422]","[1.9422852993011475, 1.9485077857971191, 1.9657080173492432, 1.9723589420318604]"
29028.0,2008-12-01T00:00:00.000000000,"[1.8735092878341675, 1.8735092878341675, 2.379558563232422, 3.875704050064087]","[2.314972400665283, 2.288853645324707, 2.2961738109588623, 2.3035624027252197]"
29028.0,2009-03-01T00:00:00.000000000,"[1.8735092878341675, 2.379558563232422, 3.875704050064087, 2.2915501594543457]","[2.1322813034057617, 2.146768808364868, 2.1761364936828613, 2.168137550354004]"
29028.0,2009-06-01T00:00:00.000000000,"[2.379558563232422, 3.875704050064087, 2.2915501594543457, 2.42356276512146]","[1.9762824773788452, 1.8602097034454346, 1.7566734552383423, 1.756567120552063]"
29028.0,2009-09-01T00:00:00.000000000,"[3.875704050064087, 2.2915501594543457, 2.42356276512146, 3.0396230220794678]","[2.300060510635376, 2.2774932384490967, 2.281874418258667, 2.2995591163635254]"
29028.0,2009-12-01T00:00:00.000000000,"[2.2915501594543457, 2.42356276512146, 3.0396230220794678, 4.491764068603516]","[2.8537938594818115, 2.7920398712158203, 2.8049745559692383, 2.8193259239196777]"
29028.0,2010-03-01T00:00:00.000000000,"[2.42356276512146, 3.0396230220794678, 4.491764068603516, 2.8416035175323486]","[2.7038817405700684, 2.698993444442749, 2.7312378883361816, 2.708378791809082]"
29028.0,2010-06-01T00:00:00.000000000,"[3.0396230220794678, 4.491764068603516, 2.8416035175323486, 3.721689224243164]","[2.433072566986084, 2.367666244506836, 2.3240103721618652, 2.316577434539795]"
29028.0,2010-09-01T00:00:00.000000000,"[4.491764068603516, 2.8416035175323486, 3.721689224243164, 3.4576635360717773]","[2.6575241088867188, 2.6078011989593506, 2.587764263153076, 2.56921124458313]"
29028.0,2010-12-01T00:00:00.000000000,"[2.8416035175323486, 3.721689224243164, 3.4576635360717773, 5.217834949493408]","[3.515841007232666, 3.498138904571533, 3.560551166534424, 3.49344801902771]"
29028.0,2011-03-01T00:00:00.000000000,"[3.721689224243164, 3.4576635360717773, 5.217834949493408, 3.1056292057037354]","[3.371225357055664, 3.4117932319641113, 3.500086545944214, 3.396602153778076]"
29028.0,2011-06-01T00:00:00.000000000,"[3.4576635360717773, 5.217834949493408, 3.1056292057037354, 3.919708251953125]","[3.2462282180786133, 3.200735330581665, 3.195629835128784, 3.109699249267578]"
29028.0,2011-09-01T00:00:00.000000000,"[5.217834949493408, 3.1056292057037354, 3.919708251953125, 3.4576635360717773]","[3.1767585277557373, 3.132014274597168, 3.1211414337158203, 3.0614254474639893]"
29028.0,2011-12-01T00:00:00.000000000,"[3.1056292057037354, 3.919708251953125, 3.4576635360717773, 5.987909317016602]","[3.75770902633667, 3.7138049602508545, 3.734898090362549, 3.711179256439209]"
29028.0,2012-03-01T00:00:00.000000000,"[3.919708251953125, 3.4576635360717773, 5.987909317016602, 4.359751224517822]","[3.334249258041382, 3.2502260208129883, 3.197627067565918, 3.1357309818267822]"
29028.0,2012-06-01T00:00:00.000000000,"[3.4576635360717773, 5.987909317016602, 4.359751224517822, 4.007717132568359]","[3.7928547859191895, 3.769352436065674, 3.7896785736083984, 3.656193256378174]"
29028.0,2012-09-01T00:00:00.000000000,"[5.987909317016602, 4.359751224517822, 4.007717132568359, 5.349847793579102]","[3.6612157821655273, 3.7487707138061523, 3.8606746196746826, 3.747302770614624]"
29028.0,2012-12-01T00:00:00.000000000,"[4.359751224517822, 4.007717132568359, 5.349847793579102, 7.880094051361084]","[4.648379325866699, 4.641763687133789, 4.7172746658325195, 4.608736991882324]"
29028.0,2013-03-01T00:00:00.000000000,"[4.007717132568359, 5.349847793579102, 7.880094051361084, 5.855896949768066]","[4.663535118103027, 4.711332321166992, 4.830627918243408, 4.682342052459717]"
29901.0,2006-03-01T00:00:00.000000000,"[-0.5742285847663879, -0.593590497970581, -0.5907301902770996, -0.5907301902770996]","[-0.5774063467979431, -0.5969754457473755, -0.5910380482673645, -0.5896250605583191]"
29901.0,2006-06-01T00:00:00.000000000,"[-0.593590497970581, -0.5907301902770996, -0.5907301902770996, -0.5797291398048401]","[-0.5918692946434021, -0.5880969762802124, -0.588142454624176, -0.5709461569786072]"
29901.0,2006-09-01T00:00:00.000000000,"[-0.5907301902770996, -0.5907301902770996, -0.5797291398048401, -0.5880899429321289]","[-0.5798338055610657, -0.5843138694763184, -0.5717838406562805, -0.5940747857093811]"
29901.0,2007-03-01T00:00:00.000000000,"[-0.5907301902770996, -0.5797291398048401, -0.5880899429321289, -0.5852296352386475]","[-0.5887787938117981, -0.5732874274253845, -0.5820850729942322, -0.5789640545845032]"
29901.0,2007-06-01T00:00:00.000000000,"[-0.5797291398048401, -0.5880899429321289, -0.5852296352386475, -0.5687280893325806]","[-0.5656977295875549, -0.5861133933067322, -0.5788890719413757, -0.5776501893997192]"
29901.0,2007-09-01T00:00:00.000000000,"[-0.5880899429321289, -0.5852296352386475, -0.5687280893325806, -0.5247237682342529]","[-0.5876051783561707, -0.5852996110916138, -0.5864616632461548, -0.5766726136207581]"
29901.0,2007-12-01T00:00:00.000000000,"[-0.5852296352386475, -0.5687280893325806, -0.5247237682342529, -0.5302243232727051]","[-0.5761865377426147, -0.5821507573127747, -0.5734527111053467, -0.5850907564163208]"
29901.0,2008-03-01T00:00:00.000000000,"[-0.5687280893325806, -0.5247237682342529, -0.5302243232727051, -0.544085681438446]","[-0.5825263261795044, -0.571871817111969, -0.5772830843925476, -0.5734577178955078]"
29901.0,2008-06-01T00:00:00.000000000,"[-0.5247237682342529, -0.5302243232727051, -0.544085681438446, -0.5412254333496094]","[-0.5800024271011353, -0.5809707641601562, -0.5804606676101685, -0.5807517766952515]"
29901.0,2008-09-01T00:00:00.000000000,"[-0.5302243232727051, -0.544085681438446, -0.5412254333496094, -0.49722111225128174]","[-0.5628076791763306, -0.5641023516654968, -0.5632381439208984, -0.5646024942398071]"
29901.0,2008-12-01T00:00:00.000000000,"[-0.544085681438446, -0.5412254333496094, -0.49722111225128174, -0.5082221627235413]","[-0.5563806295394897, -0.5587438941001892, -0.5589343905448914, -0.5618479251861572]"
29901.0,2009-03-01T00:00:00.000000000,"[-0.5412254333496094, -0.49722111225128174, -0.5082221627235413, -0.4642179012298584]","[-0.5617150068283081, -0.5666061043739319, -0.5699094533920288, -0.5742677450180054]"
29901.0,2009-06-01T00:00:00.000000000,"[-0.49722111225128174, -0.5082221627235413, -0.4642179012298584, -0.4422157406806946]","[-0.5667897462844849, -0.5753598213195801, -0.5826910138130188, -0.5871380567550659]"
29901.0,2009-09-01T00:00:00.000000000,"[-0.5082221627235413, -0.4642179012298584, -0.4422157406806946, -0.4147131145000458]","[-0.5363194942474365, -0.5349003672599792, -0.5312772989273071, -0.5358889698982239]"
29901.0,2009-12-01T00:00:00.000000000,"[-0.4642179012298584, -0.4422157406806946, -0.4147131145000458, -0.46971845626831055]","[-0.5294699668884277, -0.5286725163459778, -0.525574266910553, -0.5308488607406616]"
29901.0,2010-03-01T00:00:00.000000000,"[-0.4422157406806946, -0.4147131145000458, -0.46971845626831055, -0.4422157406806946]","[-0.5094617009162903, -0.5147851705551147, -0.5169752240180969, -0.5256596803665161]"
29901.0,2010-06-01T00:00:00.000000000,"[-0.4147131145000458, -0.46971845626831055, -0.4422157406806946, -0.4147131145000458]","[-0.5020720362663269, -0.5105917453765869, -0.5160675644874573, -0.5264707207679749]"
29901.0,2010-09-01T00:00:00.000000000,"[-0.46971845626831055, -0.4422157406806946, -0.4147131145000458, -0.3377055823802948]","[-0.47399282455444336, -0.4775272011756897, -0.47674500942230225, -0.4840858578681946]"
29901.0,2010-12-01T00:00:00.000000000,"[-0.4422157406806946, -0.4147131145000458, -0.3377055823802948, -0.37070879340171814]","[-0.4906890392303467, -0.5002362132072449, -0.5067625045776367, -0.5157597064971924]"
29901.0,2011-03-01T00:00:00.000000000,"[-0.4147131145000458, -0.3377055823802948, -0.37070879340171814, -0.34320613741874695]","[-0.48607921600341797, -0.49813202023506165, -0.5074859261512756, -0.5190393924713135]"
29901.0,2011-06-01T00:00:00.000000000,"[-0.3377055823802948, -0.37070879340171814, -0.34320613741874695, -0.34320613741874695]","[-0.466880202293396, -0.47820794582366943, -0.4868778586387634, -0.5029489994049072]"
29901.0,2011-09-01T00:00:00.000000000,"[-0.37070879340171814, -0.34320613741874695, -0.34320613741874695, -0.38170990347862244]","[-0.42543280124664307, -0.4243565797805786, -0.4183911681175232, -0.42627522349357605]"
29901.0,2011-12-01T00:00:00.000000000,"[-0.34320613741874695, -0.34320613741874695, -0.38170990347862244, -0.3212040066719055]","[-0.4182446002960205, -0.417353093624115, -0.4119827151298523, -0.4218582510948181]"
29901.0,2012-03-01T00:00:00.000000000,"[-0.34320613741874695, -0.38170990347862244, -0.3212040066719055, -0.26619863510131836]","[-0.41998517513275146, -0.43442797660827637, -0.44473499059677124, -0.45869535207748413]"
29901.0,2012-06-01T00:00:00.000000000,"[-0.38170990347862244, -0.3212040066719055, -0.26619863510131836, -0.2606981098651886]","[-0.40692558884620667, -0.4167514443397522, -0.4222337603569031, -0.43338456749916077]"
29901.0,2012-09-01T00:00:00.000000000,"[-0.3212040066719055, -0.26619863510131836, -0.2606981098651886, -0.10118257254362106]","[-0.4121686518192291, -0.4208422303199768, -0.4257712960243225, -0.43426713347435]"
29901.0,2012-12-01T00:00:00.000000000,"[-0.26619863510131836, -0.2606981098651886, -0.10118257254362106, -0.1341858208179474]","[-0.37325459718704224, -0.37470299005508423, -0.3709809184074402, -0.37920519709587097]"
29901.0,2013-03-01T00:00:00.000000000,"[-0.2606981098651886, -0.10118257254362106, -0.1341858208179474, -0.11218363791704178]","[-0.32849055528640747, -0.3278091549873352, -0.3202836513519287, -0.3305823504924774]"
62689.0,2006-06-01T00:00:00.000000000,"[3.5456719398498535, 5.0418171882629395, 6.053915977478027, 4.865800380706787]","[4.413862228393555, 4.354896545410156, 4.3657331466674805, 4.399966239929199]"
62689.0,2006-09-01T00:00:00.000000000,"[5.0418171882629395, 6.053915977478027, 4.865800380706787, 4.623776912689209]","[3.6720163822174072, 3.6518774032592773, 3.6507577896118164, 3.7164077758789062]"
62689.0,2006-12-01T00:00:00.000000000,"[6.053915977478027, 4.865800380706787, 4.623776912689209, 5.745886325836182]","[4.062338829040527, 4.0420756340026855, 4.056967735290527, 4.112729549407959]"
62689.0,2007-03-01T00:00:00.000000000,"[4.865800380706787, 4.623776912689209, 5.745886325836182, 5.679879665374756]","[4.588901996612549, 4.542535305023193, 4.554710865020752, 4.595714569091797]"
62689.0,2007-06-01T00:00:00.000000000,"[4.623776912689209, 5.745886325836182, 5.679879665374756, 4.42575740814209]","[4.370312213897705, 4.347128868103027, 4.362793922424316, 4.420284271240234]"
62689.0,2007-09-01T00:00:00.000000000,"[5.745886325836182, 5.679879665374756, 4.42575740814209, 4.139729976654053]","[4.274815559387207, 4.266408443450928, 4.2851786613464355, 4.349161148071289]"
62689.0,2007-12-01T00:00:00.000000000,"[5.679879665374756, 4.42575740814209, 4.139729976654053, 4.57977294921875]","[4.688182830810547, 4.655725002288818, 4.670261383056641, 4.722971439361572]"
62689.0,2008-03-01T00:00:00.000000000,"[4.42575740814209, 4.139729976654053, 4.57977294921875, 6.339943885803223]","[4.827412128448486, 4.792856693267822, 4.808414459228516, 4.863980293273926]"
62689.0,2008-06-01T00:00:00.000000000,"[4.139729976654053, 4.57977294921875, 6.339943885803223, 5.789890289306641]","[4.3923211097717285, 4.394532203674316, 4.414659023284912, 4.493252754211426]"
62689.0,2008-09-01T00:00:00.000000000,"[4.57977294921875, 6.339943885803223, 5.789890289306641, 3.523669719696045]","[4.234618663787842, 4.251152992248535, 4.273193836212158, 4.3610334396362305]"
62689.0,2008-12-01T00:00:00.000000000,"[6.339943885803223, 5.789890289306641, 3.523669719696045, 1.301453948020935]","[4.365065097808838, 4.375357627868652, 4.397211074829102, 4.483043670654297]"
62689.0,2009-03-01T00:00:00.000000000,"[5.789890289306641, 3.523669719696045, 1.301453948020935, 4.315746784210205]","[5.078363418579102, 5.045448303222656, 5.063056468963623, 5.125889778137207]"
62689.0,2009-06-01T00:00:00.000000000,"[3.523669719696045, 1.301453948020935, 4.315746784210205, 4.711785793304443]","[5.187038898468018, 5.153894424438477, 5.171921253204346, 5.236320495605469]"
62689.0,2009-09-01T00:00:00.000000000,"[1.301453948020935, 4.315746784210205, 4.711785793304443, 3.281646251678467]","[4.393869400024414, 4.421186447143555, 4.444541931152344, 4.544766902923584]"
62689.0,2009-12-01T00:00:00.000000000,"[4.315746784210205, 4.711785793304443, 3.281646251678467, 4.887802600860596]","[2.7497758865356445, 2.947075605392456, 3.1066765785217285, 3.270392417907715]"
62689.0,2010-03-01T00:00:00.000000000,"[4.711785793304443, 3.281646251678467, 4.887802600860596, 3.98571515083313]","[3.6000325679779053, 3.6915884017944336, 3.724684238433838, 3.866730213165283]"
62689.0,2010-06-01T00:00:00.000000000,"[3.281646251678467, 4.887802600860596, 3.98571515083313, 5.525864601135254]","[4.096653461456299, 4.155457973480225, 4.184453010559082, 4.304279804229736]"
62689.0,2010-09-01T00:00:00.000000000,"[4.887802600860596, 3.98571515083313, 5.525864601135254, 3.7436912059783936]","[3.9793002605438232, 4.046995162963867, 4.074156761169434, 4.191555023193359]"
62689.0,2010-12-01T00:00:00.000000000,"[3.98571515083313, 5.525864601135254, 3.7436912059783936, 2.4455649852752686]","[4.964786052703857, 4.971352577209473, 4.998714447021484, 5.073538780212402]"
62689.0,2011-03-01T00:00:00.000000000,"[5.525864601135254, 3.7436912059783936, 2.4455649852752686, 6.603969573974609]","[4.514289855957031, 4.547269344329834, 4.572228908538818, 4.673460960388184]"
62689.0,2011-06-01T00:00:00.000000000,"[3.7436912059783936, 2.4455649852752686, 6.603969573974609, 5.063819408416748]","[5.084100723266602, 5.0812201499938965, 5.101644515991211, 5.180224418640137]"
62689.0,2011-09-01T00:00:00.000000000,"[2.4455649852752686, 6.603969573974609, 5.063819408416748, -1.1407837867736816]","[4.574479579925537, 4.655311584472656, 4.792450428009033, 4.901894569396973]"
62689.0,2011-12-01T00:00:00.000000000,"[6.603969573974609, 5.063819408416748, -1.1407837867736816, 6.163926601409912]","[3.2678864002227783, 3.438977003097534, 3.5712897777557373, 3.7285923957824707]"
62689.0,2012-03-01T00:00:00.000000000,"[5.063819408416748, -1.1407837867736816, 6.163926601409912, 10.102309226989746]","[5.547266960144043, 5.518945693969727, 5.5342912673950195, 5.593462944030762]"
62689.0,2012-06-01T00:00:00.000000000,"[-1.1407837867736816, 6.163926601409912, 10.102309226989746, 5.305843353271484]","[5.526420593261719, 5.501211643218994, 5.517347812652588, 5.586989402770996]"
62689.0,2012-09-01T00:00:00.000000000,"[6.163926601409912, 10.102309226989746, 5.305843353271484, 6.889997482299805]","[2.68387508392334, 2.9628875255584717, 3.2450366020202637, 3.4260168075561523]"
62689.0,2012-12-01T00:00:00.000000000,"[10.102309226989746, 5.305843353271484, 6.889997482299805, 5.019815444946289]","[4.5536041259765625, 4.530435085296631, 4.521520137786865, 4.650443077087402]"
62689.0,2013-03-01T00:00:00.000000000,"[5.305843353271484, 6.889997482299805, 5.019815444946289, 10.740371704101562]","[6.231266021728516, 6.09771203994751, 6.2388105392456055, 6.424188137054443]"
64768.0,2006-06-01T00:00:00.000000000,"[-0.7304438352584839, -0.8052510619163513, -0.6512360572814941, -0.7139422297477722]","[-0.6854450106620789, -0.6882920265197754, -0.6537804007530212, -0.6712165474891663]"
64768.0,2006-09-01T00:00:00.000000000,"[-0.8052510619163513, -0.6512360572814941, -0.7139422297477722, -0.6798388957977295]","[-0.6912062764167786, -0.6866954565048218, -0.6821972131729126, -0.6792140603065491]"
64768.0,2006-12-01T00:00:00.000000000,"[-0.6512360572814941, -0.7139422297477722, -0.6798388957977295, -0.6820390820503235]","[-0.7213236689567566, -0.7123537063598633, -0.7021358013153076, -0.6973556876182556]"
64768.0,2007-03-01T00:00:00.000000000,"[-0.7139422297477722, -0.6798388957977295, -0.6820390820503235, -0.5907301902770996]","[-0.6767540574073792, -0.6746838092803955, -0.6740871071815491, -0.671390950679779]"
64768.0,2007-06-01T00:00:00.000000000,"[-0.6798388957977295, -0.6820390820503235, -0.5907301902770996, -0.5830294489860535]","[-0.6822265386581421, -0.6794023513793945, -0.6777915954589844, -0.6748338937759399]"
64768.0,2007-09-01T00:00:00.000000000,"[-0.6820390820503235, -0.5907301902770996, -0.5830294489860535, -0.5049218535423279]","[-0.6833662390708923, -0.680176854133606, -0.6779016852378845, -0.6747866272926331]"
64768.0,2007-12-01T00:00:00.000000000,"[-0.5907301902770996, -0.5830294489860535, -0.5049218535423279, -0.6435353755950928]","[-0.6847047209739685, -0.6809758543968201, -0.6776136159896851, -0.6742991209030151]"
64768.0,2008-03-01T00:00:00.000000000,"[-0.5830294489860535, -0.5049218535423279, -0.6435353755950928, -0.5313244462013245]","[-0.6480522155761719, -0.6478189826011658, -0.6473875045776367, -0.6456298828125]"
64768.0,2008-06-01T00:00:00.000000000,"[-0.5049218535423279, -0.6435353755950928, -0.5313244462013245, -0.5379250645637512]","[-0.6231342554092407, -0.6244505643844604, -0.6241480112075806, -0.6231487989425659]"
64768.0,2008-09-01T00:00:00.000000000,"[-0.6435353755950928, -0.5313244462013245, -0.5379250645637512, -0.6567366123199463]","[-0.5816755294799805, -0.5837687253952026, -0.5822747945785522, -0.5837165117263794]"
64768.0,2008-12-01T00:00:00.000000000,"[-0.5313244462013245, -0.5379250645637512, -0.6567366123199463, -0.6435353755950928]","[-0.6365450620651245, -0.6453180313110352, -0.6538309454917908, -0.6551239490509033]"
64768.0,2009-03-01T00:00:00.000000000,"[-0.5379250645637512, -0.6567366123199463, -0.6435353755950928, -0.463117778301239]","[-0.6059520840644836, -0.61931973695755, -0.6311390399932861, -0.6381516456604004]"
64768.0,2009-06-01T00:00:00.000000000,"[-0.6567366123199463, -0.6435353755950928, -0.463117778301239, -0.34100592136383057]","[-0.5910746455192566, -0.6065586805343628, -0.6170316338539124, -0.6236873865127563]"
64768.0,2009-09-01T00:00:00.000000000,"[-0.6435353755950928, -0.463117778301239, -0.34100592136383057, -0.14298662543296814]","[-0.6244111657142639, -0.631033182144165, -0.6374630928039551, -0.6386232376098633]"
64768.0,2009-12-01T00:00:00.000000000,"[-0.463117778301239, -0.34100592136383057, -0.14298662543296814, -0.06817939877510071]","[-0.6439428329467773, -0.6480865478515625, -0.6531612873077393, -0.651057779788971]"
64768.0,2010-03-01T00:00:00.000000000,"[-0.34100592136383057, -0.14298662543296814, -0.06817939877510071, -0.03627631068229675]","[-0.5793416500091553, -0.5813089609146118, -0.5808427333831787, -0.5793670415878296]"
64768.0,2010-06-01T00:00:00.000000000,"[-0.14298662543296814, -0.06817939877510071, -0.03627631068229675, 0.07923494279384613]","[-0.5172277688980103, -0.5208829641342163, -0.5196008682250977, -0.5205164551734924]"
64768.0,2010-09-01T00:00:00.000000000,"[-0.06817939877510071, -0.03627631068229675, 0.07923494279384613, -0.12648503482341766]","[-0.39224857091903687, -0.3901681900024414, -0.37936604022979736, -0.3970532715320587]"
64768.0,2010-12-01T00:00:00.000000000,"[-0.03627631068229675, 0.07923494279384613, -0.12648503482341766, -0.2353956401348114]","[-0.3277193009853363, -0.3170333802700043, -0.2968426048755646, -0.32375574111938477]"
64768.0,2011-03-01T00:00:00.000000000,"[0.07923494279384613, -0.12648503482341766, -0.2353956401348114, 0.01102833729237318]","[-0.33648058772087097, -0.37707942724227905, -0.4081747531890869, -0.4404333531856537]"
64768.0,2011-06-01T00:00:00.000000000,"[-0.12648503482341766, -0.2353956401348114, 0.01102833729237318, -0.14958731830120087]","[-0.2663385272026062, -0.3118532598018646, -0.34623679518699646, -0.3859558701515198]"
64768.0,2011-09-01T00:00:00.000000000,"[-0.2353956401348114, 0.01102833729237318, -0.14958731830120087, 0.43236926198005676]","[-0.22921961545944214, -0.2416326403617859, -0.24428609013557434, -0.2863742411136627]"
64768.0,2011-12-01T00:00:00.000000000,"[0.01102833729237318, -0.14958731830120087, 0.43236926198005676, 0.6600914597511292]","[-0.35409224033355713, -0.41341185569763184, -0.4680894613265991, -0.5006306171417236]"
64768.0,2012-03-01T00:00:00.000000000,"[-0.14958731830120087, 0.43236926198005676, 0.6600914597511292, 0.8493099212646484]","[-0.24280548095703125, -0.2738763391971588, -0.2954912781715393, -0.31875360012054443]"
64768.0,2012-06-01T00:00:00.000000000,"[0.43236926198005676, 0.6600914597511292, 0.8493099212646484, 1.0363280773162842]","[-0.24680045247077942, -0.27788957953453064, -0.29995912313461304, -0.3147040009498596]"
64768.0,2012-09-01T00:00:00.000000000,"[0.6600914597511292, 0.8493099212646484, 1.0363280773162842, 0.9626208543777466]","[0.01605573296546936, 0.01916411519050598, 0.04113784432411194, 0.011219292879104614]"
64768.0,2012-12-01T00:00:00.000000000,"[0.8493099212646484, 1.0363280773162842, 0.9626208543777466, -0.02747543714940548]","[0.2373797595500946, 0.23386022448539734, 0.2591601312160492, 0.2217254340648651]"
64768.0,2013-03-01T00:00:00.000000000,"[1.0363280773162842, 0.9626208543777466, -0.02747543714940548, -0.06267886608839035]","[0.39290156960487366, 0.39012405276298523, 0.4192140996456146, 0.3621480166912079]"
111534.0,2006-03-01T00:00:00.000000000,"[-2.7029356956481934, 1.3894624710083008, 3.677685022354126, 3.2376420497894287]","[0.3788166046142578, 0.5420209765434265, 0.6875147819519043, 0.8110477924346924]"
111534.0,2006-06-01T00:00:00.000000000,"[1.3894624710083008, 3.677685022354126, 3.2376420497894287, 3.5896763801574707]","[-0.48157453536987305, -0.19102036952972412, 0.11604076623916626, 0.2827264070510864]"
111534.0,2006-09-01T00:00:00.000000000,"[3.677685022354126, 3.2376420497894287, 3.5896763801574707, 3.831699848175049]","[0.7265425324440002, 0.8356403112411499, 0.8820425271987915, 0.9892368316650391]"
111534.0,2006-12-01T00:00:00.000000000,"[3.2376420497894287, 3.5896763801574707, 3.831699848175049, 6.735982418060303]","[0.9345059394836426, 1.0155329704284668, 1.0387827157974243, 1.145256757736206]"
111534.0,2007-03-01T00:00:00.000000000,"[3.5896763801574707, 3.831699848175049, 6.735982418060303, 2.027524471282959]","[1.7202112674713135, 1.747197151184082, 1.7669312953948975, 1.8481389284133911]"
111534.0,2007-06-01T00:00:00.000000000,"[3.831699848175049, 6.735982418060303, 2.027524471282959, 2.9076099395751953]","[2.307710647583008, 2.3117666244506836, 2.337216854095459, 2.371001958847046]"
111534.0,2007-09-01T00:00:00.000000000,"[6.735982418060303, 2.027524471282959, 2.9076099395751953, 4.381753444671631]","[2.3906161785125732, 2.4106311798095703, 2.449141502380371, 2.4680261611938477]"
111534.0,2007-12-01T00:00:00.000000000,"[2.027524471282959, 2.9076099395751953, 4.381753444671631, 5.217834949493408]","[3.3370189666748047, 3.3540546894073486, 3.428657054901123, 3.3838183879852295]"
111534.0,2008-03-01T00:00:00.000000000,"[2.9076099395751953, 4.381753444671631, 5.217834949493408, 2.115532875061035]","[2.323483467102051, 2.4423024654388428, 2.548571825027466, 2.5191032886505127]"
111534.0,2008-06-01T00:00:00.000000000,"[4.381753444671631, 5.217834949493408, 2.115532875061035, 1.4114645719528198]","[2.1808712482452393, 2.268493175506592, 2.3372273445129395, 2.356694221496582]"
111534.0,2008-09-01T00:00:00.000000000,"[5.217834949493408, 2.115532875061035, 1.4114645719528198, 2.7315926551818848]","[2.621056079864502, 2.664764404296875, 2.711963653564453, 2.749253988265991]"
111534.0,2009-03-01T00:00:00.000000000,"[2.115532875061035, 1.4114645719528198, 2.7315926551818848, 2.7095906734466553]","[3.085193157196045, 3.0609025955200195, 3.0753564834594727, 3.1438565254211426]"
111534.0,2009-06-01T00:00:00.000000000,"[1.4114645719528198, 2.7315926551818848, 2.7095906734466553, -0.37070879340171814]","[2.458930492401123, 2.543832302093506, 2.614487409591675, 2.6449849605560303]"
111534.0,2009-09-01T00:00:00.000000000,"[2.7315926551818848, 2.7095906734466553, -0.37070879340171814, 3.083627223968506]","[1.6034127473831177, 1.6917036771774292, 1.7188156843185425, 1.8460993766784668]"
111534.0,2009-12-01T00:00:00.000000000,"[2.7095906734466553, -0.37070879340171814, 3.083627223968506, 3.3916571140289307]","[1.7731127738952637, 1.8671091794967651, 1.9008111953735352, 2.023885726928711]"
111534.0,2010-03-01T00:00:00.000000000,"[-0.37070879340171814, 3.083627223968506, 3.3916571140289307, 11.004398345947266]","[1.7875851392745972, 1.8719651699066162, 1.902099609375, 2.035477638244629]"
111864.0,2006-06-01T00:00:00.000000000,"[0.6413896679878235, 0.575383186340332, 0.7734025120735168, 0.8614109754562378]","[0.566587507724762, 0.535937488079071, 0.5431011319160461, 0.5453647971153259]"
111864.0,2006-09-01T00:00:00.000000000,"[0.575383186340332, 0.7734025120735168, 0.8614109754562378, 1.0374282598495483]","[0.6594679951667786, 0.5913283228874207, 0.607952356338501, 0.6141129732131958]"
111864.0,2006-12-01T00:00:00.000000000,"[0.7734025120735168, 0.8614109754562378, 1.0374282598495483, 0.9714217185974121]","[0.4601026773452759, 0.45989125967025757, 0.4764597415924072, 0.4451727271080017]"
111864.0,2007-03-01T00:00:00.000000000,"[0.8614109754562378, 1.0374282598495483, 0.9714217185974121, 1.0594303607940674]","[0.5388994812965393, 0.4865976870059967, 0.4558286964893341, 0.4140421152114868]"
111864.0,2007-06-01T00:00:00.000000000,"[1.0374282598495483, 0.9714217185974121, 1.0594303607940674, 1.0594303607940674]","[0.6181053519248962, 0.5628113746643066, 0.5309363007545471, 0.485428124666214]"
111864.0,2007-09-01T00:00:00.000000000,"[0.9714217185974121, 1.0594303607940674, 1.0594303607940674, 1.2134451866149902]","[0.8213251829147339, 0.8367405533790588, 0.8792465329170227, 0.8221262097358704]"
111864.0,2007-12-01T00:00:00.000000000,"[1.0594303607940674, 1.0594303607940674, 1.2134451866149902, 1.1914430856704712]","[0.8554436564445496, 0.8130779266357422, 0.8001528978347778, 0.7377562522888184]"
111864.0,2008-03-01T00:00:00.000000000,"[1.0594303607940674, 1.2134451866149902, 1.1914430856704712, 1.2134451866149902]","[0.8369300365447998, 0.8004921674728394, 0.7889721393585205, 0.731538712978363]"
111864.0,2008-06-01T00:00:00.000000000,"[1.2134451866149902, 1.1914430856704712, 1.2134451866149902, 1.147438883781433]","[0.8753930330276489, 0.8352512121200562, 0.819661557674408, 0.7627092003822327]"
111864.0,2008-09-01T00:00:00.000000000,"[1.1914430856704712, 1.2134451866149902, 1.147438883781433, 1.3454581499099731]","[0.9888300895690918, 1.0062459707260132, 1.0483094453811646, 0.9931994676589966]"
111864.0,2008-12-01T00:00:00.000000000,"[1.2134451866149902, 1.147438883781433, 1.3454581499099731, 1.455468773841858]","[1.1106741428375244, 1.127831220626831, 1.174061894416809, 1.114810585975647]"
111864.0,2009-03-01T00:00:00.000000000,"[1.147438883781433, 1.3454581499099731, 1.455468773841858, 1.5654793977737427]","[1.1145458221435547, 1.1301406621932983, 1.1726990938186646, 1.120206594467163]"
111864.0,2009-06-01T00:00:00.000000000,"[1.3454581499099731, 1.455468773841858, 1.5654793977737427, 1.6314857006072998]","[1.1128157377243042, 1.1244384050369263, 1.1606922149658203, 1.111937165260315]"
111864.0,2009-09-01T00:00:00.000000000,"[1.455468773841858, 1.5654793977737427, 1.6314857006072998, 1.9175138473510742]","[1.1938406229019165, 1.171255350112915, 1.1796305179595947, 1.1490036249160767]"
111864.0,2009-12-01T00:00:00.000000000,"[1.5654793977737427, 1.6314857006072998, 1.9175138473510742, 1.9175138473510742]","[1.3989613056182861, 1.4025356769561768, 1.4428493976593018, 1.3910274505615234]"
111864.0,2010-03-01T00:00:00.000000000,"[1.6314857006072998, 1.9175138473510742, 1.9175138473510742, 1.7855008840560913]","[1.4222161769866943, 1.4352021217346191, 1.481482982635498, 1.4260016679763794]"
111864.0,2010-06-01T00:00:00.000000000,"[1.9175138473510742, 1.9175138473510742, 1.7855008840560913, 1.301453948020935]","[1.498733401298523, 1.5157700777053833, 1.5662755966186523, 1.5054173469543457]"
111864.0,2010-09-01T00:00:00.000000000,"[1.9175138473510742, 1.7855008840560913, 1.301453948020935, 1.3674603700637817]","[1.6180930137634277, 1.6406737565994263, 1.6963939666748047, 1.611567735671997]"
111864.0,2010-12-01T00:00:00.000000000,"[1.7855008840560913, 1.301453948020935, 1.3674603700637817, 1.6754902601242065]","[1.5110154151916504, 1.4141006469726562, 1.3480775356292725, 1.2758407592773438]"
111864.0,2011-03-01T00:00:00.000000000,"[1.301453948020935, 1.3674603700637817, 1.6754902601242065, 1.6534881591796875]","[1.5158756971359253, 1.3955872058868408, 1.3039709329605103, 1.231539011001587]"
111864.0,2011-06-01T00:00:00.000000000,"[1.3674603700637817, 1.6754902601242065, 1.6534881591796875, 1.4114645719528198]","[1.2950167655944824, 1.152975082397461, 1.0263010263442993, 0.9726123213768005]"
111864.0,2011-09-01T00:00:00.000000000,"[1.6754902601242065, 1.6534881591796875, 1.4114645719528198, 1.103434681892395]","[1.3263726234436035, 1.2145904302597046, 1.1207823753356934, 1.1087656021118164]"
111864.0,2011-12-01T00:00:00.000000000,"[1.6534881591796875, 1.4114645719528198, 1.103434681892395, 1.4334666728973389]","[1.6138848066329956, 1.6228910684585571, 1.6558523178100586, 1.6253571510314941]"
111864.0,2012-03-01T00:00:00.000000000,"[1.4114645719528198, 1.103434681892395, 1.4334666728973389, 0.7734025120735168]","[1.7261157035827637, 1.7314414978027344, 1.7650189399719238, 1.7296886444091797]"
111864.0,2012-06-01T00:00:00.000000000,"[1.103434681892395, 1.4334666728973389, 0.7734025120735168, 1.4334666728973389]","[1.6426382064819336, 1.6552238464355469, 1.6886636018753052, 1.6591603755950928]"
111864.0,2012-09-01T00:00:00.000000000,"[1.4334666728973389, 0.7734025120735168, 1.4334666728973389, 1.477470874786377]","[1.4220106601715088, 1.4158353805541992, 1.4216430187225342, 1.4408478736877441]"
111864.0,2012-12-01T00:00:00.000000000,"[0.7734025120735168, 1.4334666728973389, 1.477470874786377, 1.6314857006072998]","[1.4725315570831299, 1.469847559928894, 1.4785828590393066, 1.4843003749847412]"
111864.0,2013-03-01T00:00:00.000000000,"[1.4334666728973389, 1.477470874786377, 1.6314857006072998, 1.7194944620132446]","[1.1020240783691406, 1.127606749534607, 1.149541974067688, 1.184610366821289]"
112111.0,2006-06-01T00:00:00.000000000,"[-0.5247237682342529, -0.5093222856521606, -0.49612101912498474, -0.6259335875511169]","[-0.5773435831069946, -0.5871997475624084, -0.5949312448501587, -0.6040265560150146]"
112111.0,2006-09-01T00:00:00.000000000,"[-0.5093222856521606, -0.49612101912498474, -0.6259335875511169, -0.6831392049789429]","[-0.5603668689727783, -0.5688718557357788, -0.5746015906333923, -0.5834338665008545]"
112111.0,2006-12-01T00:00:00.000000000,"[-0.49612101912498474, -0.6259335875511169, -0.6831392049789429, -0.5841295719146729]","[-0.559603214263916, -0.5630803108215332, -0.5642396211624146, -0.5706326961517334]"
112111.0,2007-03-01T00:00:00.000000000,"[-0.6259335875511169, -0.6831392049789429, -0.5841295719146729, -0.45871737599372864]","[-0.5371705293655396, -0.541867196559906, -0.5433408617973328, -0.5514275431632996]"
112111.0,2007-06-01T00:00:00.000000000,"[-0.6831392049789429, -0.5841295719146729, -0.45871737599372864, -0.491720587015152]","[-0.5904478430747986, -0.6010575294494629, -0.6113941073417664, -0.6171237230300903]"
112111.0,2007-09-01T00:00:00.000000000,"[-0.5841295719146729, -0.45871737599372864, -0.491720587015152, -0.5005214810371399]","[-0.6252865195274353, -0.6247886419296265, -0.6259484887123108, -0.6227956414222717]"
112111.0,2007-12-01T00:00:00.000000000,"[-0.45871737599372864, -0.491720587015152, -0.5005214810371399, -0.45651715993881226]","[-0.5919786691665649, -0.5916022062301636, -0.5908952951431274, -0.588165819644928]"
112111.0,2008-03-01T00:00:00.000000000,"[-0.491720587015152, -0.5005214810371399, -0.45651715993881226, -0.41691333055496216]","[-0.5337985157966614, -0.5396654605865479, -0.5358980894088745, -0.5317511558532715]"
112111.0,2008-06-01T00:00:00.000000000,"[-0.5005214810371399, -0.45651715993881226, -0.41691333055496216, -0.5115225315093994]","[-0.5166382789611816, -0.5208121538162231, -0.5206574201583862, -0.5203970074653625]"
112111.0,2008-09-01T00:00:00.000000000,"[-0.45651715993881226, -0.41691333055496216, -0.5115225315093994, -0.3905107378959656]","[-0.5324310660362244, -0.5443130135536194, -0.5532572865486145, -0.556757390499115]"
112111.0,2008-12-01T00:00:00.000000000,"[-0.41691333055496216, -0.5115225315093994, -0.3905107378959656, -0.4257141649723053]","[-0.5198237895965576, -0.534828245639801, -0.5467946529388428, -0.553963303565979]"
112111.0,2009-03-01T00:00:00.000000000,"[-0.5115225315093994, -0.3905107378959656, -0.4257141649723053, -0.3377055823802948]","[-0.4820736348628998, -0.4919202923774719, -0.4971712827682495, -0.5047701597213745]"
112111.0,2009-06-01T00:00:00.000000000,"[-0.3905107378959656, -0.4257141649723053, -0.3377055823802948, -0.3355053961277008]","[-0.5222253799438477, -0.5387930274009705, -0.5530351400375366, -0.558674693107605]"
112111.0,2009-09-01T00:00:00.000000000,"[-0.4257141649723053, -0.3377055823802948, -0.3355053961277008, -0.22549466788768768]","[-0.4691208004951477, -0.4823271930217743, -0.4909452199935913, -0.49939998984336853]"
112111.0,2009-12-01T00:00:00.000000000,"[-0.3377055823802948, -0.3355053961277008, -0.22549466788768768, -0.08248080313205719]","[-0.46625056862831116, -0.4685964584350586, -0.4671621322631836, -0.4736948609352112]"
112111.0,2010-03-01T00:00:00.000000000,"[-0.3355053961277008, -0.22549466788768768, -0.08248080313205719, -0.1440867930650711]","[-0.42603424191474915, -0.42592549324035645, -0.42038387060165405, -0.4271725118160248]"
112111.0,2010-06-01T00:00:00.000000000,"[-0.22549466788768768, -0.08248080313205719, -0.1440867930650711, -0.2100931704044342]","[-0.42257535457611084, -0.43015867471694946, -0.43350622057914734, -0.4502307176589966]"
112111.0,2010-09-01T00:00:00.000000000,"[-0.08248080313205719, -0.1440867930650711, -0.2100931704044342, -0.12648503482341766]","[-0.37209177017211914, -0.38378214836120605, -0.38834846019744873, -0.4000622034072876]"
112111.0,2010-12-01T00:00:00.000000000,"[-0.1440867930650711, -0.2100931704044342, -0.12648503482341766, -0.08028054982423782]","[-0.30027133226394653, -0.3252224624156952, -0.3400496244430542, -0.35848474502563477]"
112111.0,2011-03-01T00:00:00.000000000,"[-0.2100931704044342, -0.12648503482341766, -0.08028054982423782, -0.16388869285583496]","[-0.3136691451072693, -0.35719919204711914, -0.392295241355896, -0.41583195328712463]"
112111.0,2011-06-01T00:00:00.000000000,"[-0.12648503482341766, -0.08028054982423782, -0.16388869285583496, -0.18589083850383759]","[-0.28802797198295593, -0.298994779586792, -0.30289894342422485, -0.3249298334121704]"
112111.0,2011-09-01T00:00:00.000000000,"[-0.08028054982423782, -0.16388869285583496, -0.18589083850383759, -0.20349255204200745]","[-0.23142117261886597, -0.2276136577129364, -0.21585282683372498, -0.24218952655792236]"
112111.0,2011-12-01T00:00:00.000000000,"[-0.16388869285583496, -0.18589083850383759, -0.20349255204200745, -0.07367992401123047]","[-0.23796279728412628, -0.2760659456253052, -0.30523431301116943, -0.330804705619812]"
112111.0,2012-03-01T00:00:00.000000000,"[-0.18589083850383759, -0.20349255204200745, -0.07367992401123047, -0.0956820473074913]","[-0.25901225209236145, -0.30497223138809204, -0.3437390923500061, -0.367384135723114]"
112111.0,2012-06-01T00:00:00.000000000,"[-0.20349255204200745, -0.07367992401123047, -0.0956820473074913, -0.12868529558181763]","[-0.2485337257385254, -0.283086895942688, -0.3103710412979126, -0.32464349269866943]"
112111.0,2012-09-01T00:00:00.000000000,"[-0.07367992401123047, -0.0956820473074913, -0.12868529558181763, -0.15068741142749786]","[-0.23890453577041626, -0.2556437849998474, -0.2668152153491974, -0.2839358448982239]"
112111.0,2012-12-01T00:00:00.000000000,"[-0.0956820473074913, -0.12868529558181763, -0.15068741142749786, 0.06933397799730301]","[-0.1358344554901123, -0.1442766785621643, -0.14048701524734497, -0.1435827612876892]"
117768.0,2006-03-01T00:00:00.000000000,"[-0.5852296352386475, -0.5797291398048401, -0.5302243232727051, -0.5082221627235413]","[-0.5902534127235413, -0.5869143009185791, -0.5858394503593445, -0.5810256600379944]"
117768.0,2006-06-01T00:00:00.000000000,"[-0.5797291398048401, -0.5302243232727051, -0.5082221627235413, -0.5687280893325806]","[-0.5694363117218018, -0.5670463442802429, -0.5647967457771301, -0.5604763627052307]"
117768.0,2006-09-01T00:00:00.000000000,"[-0.5302243232727051, -0.5082221627235413, -0.5687280893325806, -0.607231855392456]","[-0.5795858502388, -0.5769635438919067, -0.5759421586990356, -0.5714824199676514]"
117768.0,2007-03-01T00:00:00.000000000,"[-0.5082221627235413, -0.5687280893325806, -0.607231855392456, -0.45871737599372864]","[-0.5389653444290161, -0.5390960574150085, -0.5382477641105652, -0.5350386500358582]"
117768.0,2007-06-01T00:00:00.000000000,"[-0.5687280893325806, -0.607231855392456, -0.45871737599372864, -0.5082221627235413]","[-0.5203115344047546, -0.521583080291748, -0.5208713412284851, -0.518265962600708]"
117768.0,2007-09-01T00:00:00.000000000,"[-0.607231855392456, -0.45871737599372864, -0.5082221627235413, -0.5192232131958008]","[-0.559718668460846, -0.5579865574836731, -0.5569974184036255, -0.552863359451294]"
117768.0,2007-12-01T00:00:00.000000000,"[-0.45871737599372864, -0.5082221627235413, -0.5192232131958008, -0.48071953654289246]","[-0.5844695568084717, -0.5808908343315125, -0.5797155499458313, -0.5746560096740723]"
117768.0,2008-03-01T00:00:00.000000000,"[-0.5082221627235413, -0.5192232131958008, -0.48071953654289246, -0.23869597911834717]","[-0.5359082221984863, -0.5356075763702393, -0.5348237752914429, -0.5316177606582642]"
117768.0,2008-06-01T00:00:00.000000000,"[-0.5192232131958008, -0.48071953654289246, -0.23869597911834717, -0.15618793666362762]","[-0.5291146636009216, -0.5293126702308655, -0.5285566449165344, -0.525568962097168]"
117768.0,2008-09-01T00:00:00.000000000,"[-0.48071953654289246, -0.23869597911834717, -0.15618793666362762, -0.26619863510131836]","[-0.5183683037757874, -0.5192376375198364, -0.5184575915336609, -0.5155892968177795]"
117768.0,2008-12-01T00:00:00.000000000,"[-0.23869597911834717, -0.15618793666362762, -0.26619863510131836, -0.19469167292118073]","[-0.5018888711929321, -0.5058805346488953, -0.5072537064552307, -0.5061397552490234]"
117768.0,2009-03-01T00:00:00.000000000,"[-0.15618793666362762, -0.26619863510131836, -0.19469167292118073, 0.030830271542072296]","[-0.4137420058250427, -0.4216553270816803, -0.415431946516037, -0.4138490557670593]"
117768.0,2009-06-01T00:00:00.000000000,"[-0.26619863510131836, -0.19469167292118073, 0.030830271542072296, 0.16284312307834625]","[-0.3358866274356842, -0.34809035062789917, -0.34877464175224304, -0.3655849099159241]"
117768.0,2009-09-01T00:00:00.000000000,"[-0.19469167292118073, 0.030830271542072296, 0.16284312307834625, 0.426868736743927]","[-0.3822624087333679, -0.4130370020866394, -0.43874403834342957, -0.4621744155883789]"
117768.0,2009-12-01T00:00:00.000000000,"[0.030830271542072296, 0.16284312307834625, 0.426868736743927, 0.36636292934417725]","[-0.33598554134368896, -0.3448757231235504, -0.34756380319595337, -0.3756060004234314]"
117768.0,2010-03-01T00:00:00.000000000,"[0.16284312307834625, 0.426868736743927, 0.36636292934417725, 0.3113575577735901]","[-0.2586798369884491, -0.2754889726638794, -0.2821056842803955, -0.30525779724121094]"
117768.0,2010-06-01T00:00:00.000000000,"[0.426868736743927, 0.36636292934417725, 0.3113575577735901, -0.2606981098651886]","[-0.17006328701972961, -0.18977540731430054, -0.19638735055923462, -0.2224150002002716]"
117768.0,2010-09-01T00:00:00.000000000,"[0.36636292934417725, 0.3113575577735901, -0.2606981098651886, -0.21669383347034454]","[0.021838605403900146, 0.015309303998947144, 0.027434736490249634, -0.01926615834236145]"
117768.0,2010-12-01T00:00:00.000000000,"[0.3113575577735901, -0.2606981098651886, -0.21669383347034454, -0.018674563616514206]","[-0.07185956835746765, -0.12870055437088013, -0.17325201630592346, -0.22154338657855988]"
117768.0,2011-03-01T00:00:00.000000000,"[-0.2606981098651886, -0.21669383347034454, -0.018674563616514206, 0.27835431694984436]","[0.027676016092300415, -0.03577885031700134, -0.08321487903594971, -0.139207124710083]"
117768.0,2011-06-01T00:00:00.000000000,"[-0.21669383347034454, -0.018674563616514206, 0.27835431694984436, 0.3388602137565613]","[-0.19831867516040802, -0.28701382875442505, -0.3716776371002197, -0.4108988046646118]"
117768.0,2011-09-01T00:00:00.000000000,"[-0.018674563616514206, 0.27835431694984436, 0.3388602137565613, 0.2893553674221039]","[-0.213004931807518, -0.2309451401233673, -0.24888081848621368, -0.2663063108921051]"
117768.0,2011-12-01T00:00:00.000000000,"[0.27835431694984436, 0.3388602137565613, 0.2893553674221039, 0.4983757734298706]","[-0.039338499307632446, -0.04460299015045166, -0.03817230463027954, -0.03754708170890808]"
117768.0,2012-03-01T00:00:00.000000000,"[0.3388602137565613, 0.2893553674221039, 0.4983757734298706, 0.8999148011207581]","[0.08009541034698486, 0.06272673606872559, 0.06400793790817261, 0.06794703006744385]"
117768.0,2012-06-01T00:00:00.000000000,"[0.2893553674221039, 0.4983757734298706, 0.8999148011207581, 1.0044249296188354]","[0.18088755011558533, 0.16740727424621582, 0.17542800307273865, 0.168442040681839]"
117768.0,2012-09-01T00:00:00.000000000,"[0.4983757734298706, 0.8999148011207581, 1.0044249296188354, 1.3124550580978394]","[0.17702722549438477, 0.16984307765960693, 0.18036875128746033, 0.16475597023963928]"
117768.0,2012-12-01T00:00:00.000000000,"[0.8999148011207581, 1.0044249296188354, 1.3124550580978394, 1.5874814987182617]","[0.3797294795513153, 0.3796088993549347, 0.4052027761936188, 0.37014731764793396]"
117768.0,2013-03-01T00:00:00.000000000,"[1.0044249296188354, 1.3124550580978394, 1.5874814987182617, 1.8735092878341675]","[0.4344824254512787, 0.3880104124546051, 0.3702506721019745, 0.3404705226421356]"
126136.0,2004-03-01T00:00:00.000000000,"[-1.7227402925491333, -1.8930367231369019, -1.8688346147537231, -2.47697377204895]","[-1.4290424585342407, -1.4485878944396973, -1.4351890087127686, -1.3831971883773804]"
126136.0,2004-06-01T00:00:00.000000000,"[-1.8930367231369019, -1.8688346147537231, -2.47697377204895, -1.0901788473129272]","[-1.5847806930541992, -1.6431480646133423, -1.677870273590088, -1.6319000720977783]"
126136.0,2004-12-01T00:00:00.000000000,"[-1.8688346147537231, -2.47697377204895, -1.0901788473129272, 0.9051952958106995]","[-2.1882071495056152, -2.370713472366333, -2.562516450881958, -2.531263828277588]"
126136.0,2005-03-01T00:00:00.000000000,"[-2.47697377204895, -1.0901788473129272, 0.9051952958106995, -3.3530988693237305]","[-2.0068111419677734, -2.163527011871338, -2.3147506713867188, -2.291682004928589]"
126136.0,2005-06-01T00:00:00.000000000,"[-1.0901788473129272, 0.9051952958106995, -3.3530988693237305, -4.78873872756958]","[-2.177079677581787, -2.280444860458374, -2.3877439498901367, -2.3471620082855225]"
126136.0,2005-09-01T00:00:00.000000000,"[0.9051952958106995, -3.3530988693237305, -4.78873872756958, 0.8174067735671997]","[-1.4254424571990967, -1.392587661743164, -1.3342148065567017, -1.353513240814209]"
126136.0,2005-12-01T00:00:00.000000000,"[-3.3530988693237305, -4.78873872756958, 0.8174067735671997, 2.973616361618042]","[-0.4690561294555664, -0.5503612756729126, -0.5454902648925781, -0.5328679084777832]"
126136.0,2006-03-01T00:00:00.000000000,"[-4.78873872756958, 0.8174067735671997, 2.973616361618042, 0.553381085395813]","[-2.241215229034424, -2.460376262664795, -2.6978185176849365, -2.6700692176818848]"
126136.0,2006-06-01T00:00:00.000000000,"[0.8174067735671997, 2.973616361618042, 0.553381085395813, 0.44337034225463867]","[-3.476738929748535, -3.5944089889526367, -3.7646799087524414, -3.691433906555176]"
126136.0,2006-12-01T00:00:00.000000000,"[2.973616361618042, 0.553381085395813, 0.44337034225463867, -0.28270024061203003]","[-1.158780813217163, -1.1680943965911865, -1.1344542503356934, -1.061500906944275]"
126136.0,2007-06-01T00:00:00.000000000,"[0.553381085395813, 0.44337034225463867, -0.28270024061203003, 1.8075029850006104]","[0.14107704162597656, 0.04544520378112793, 0.04501080513000488, 0.051787376403808594]"
126136.0,2007-09-01T00:00:00.000000000,"[0.44337034225463867, -0.28270024061203003, 1.8075029850006104, 0.8394088745117188]","[-0.13361525535583496, -0.2778710126876831, -0.3390156030654907, -0.3235042095184326]"
126136.0,2007-12-01T00:00:00.000000000,"[-0.28270024061203003, 1.8075029850006104, 0.8394088745117188, 1.8295050859451294]","[-0.5351279973983765, -0.7773789167404175, -0.978217363357544, -1.0725715160369873]"
126136.0,2008-03-01T00:00:00.000000000,"[1.8075029850006104, 0.8394088745117188, 1.8295050859451294, 2.2915501594543457]","[-0.2990584373474121, -0.5681309700012207, -0.7803223133087158, -0.8434090614318848]"
126136.0,2008-06-01T00:00:00.000000000,"[0.8394088745117188, 1.8295050859451294, 2.2915501594543457, 2.1375350952148438]","[0.4653130769729614, 0.31930315494537354, 0.26455867290496826, 0.24165332317352295]"
126136.0,2008-09-01T00:00:00.000000000,"[1.8295050859451294, 2.2915501594543457, 2.1375350952148438, 1.7414965629577637]","[0.2949916124343872, 0.07614743709564209, -0.06747746467590332, -0.10059010982513428]"
126136.0,2008-12-01T00:00:00.000000000,"[2.2915501594543457, 2.1375350952148438, 1.7414965629577637, 2.3575565814971924]","[1.1180224418640137, 0.859093427658081, 0.7095389366149902, 0.5716879367828369]"
126136.0,2010-09-01T00:00:00.000000000,"[2.1375350952148438, 1.7414965629577637, 2.3575565814971924, 3.127631425857544]","[1.796157956123352, 1.7634423971176147, 1.8614917993545532, 1.7661510705947876]"
126136.0,2010-12-01T00:00:00.000000000,"[1.7414965629577637, 2.3575565814971924, 3.127631425857544, 6.515960693359375]","[1.3193180561065674, 0.9403300285339355, 0.655811071395874, 0.43160438537597656]"
126136.0,2011-03-01T00:00:00.000000000,"[2.3575565814971924, 3.127631425857544, 6.515960693359375, 3.3916571140289307]","[1.1479167938232422, 0.7248857021331787, 0.37546372413635254, 0.1255556344985962]"
126136.0,2011-06-01T00:00:00.000000000,"[3.127631425857544, 6.515960693359375, 3.3916571140289307, 7.286036014556885]","[1.9928817749023438, 1.8231401443481445, 1.7788355350494385, 1.7288641929626465]"
126136.0,2011-09-01T00:00:00.000000000,"[6.515960693359375, 3.3916571140289307, 7.286036014556885, 7.880094051361084]","[2.14674711227417, 1.8771916627883911, 1.730096697807312, 1.6056989431381226]"
126136.0,2011-12-01T00:00:00.000000000,"[3.3916571140289307, 7.286036014556885, 7.880094051361084, 12.610553741455078]","[3.74495267868042, 3.701507091522217, 3.835690498352051, 3.6424479484558105]"
126136.0,2012-03-01T00:00:00.000000000,"[7.286036014556885, 7.880094051361084, 12.610553741455078, 8.34213924407959]","[2.814500570297241, 2.4337823390960693, 2.1660664081573486, 1.8718324899673462]"
126136.0,2012-06-01T00:00:00.000000000,"[7.880094051361084, 12.610553741455078, 8.34213924407959, 10.938390731811523]","[4.487328052520752, 4.559545040130615, 4.7957282066345215, 4.479360580444336]"
126136.0,2012-09-01T00:00:00.000000000,"[12.610553741455078, 8.34213924407959, 10.938390731811523, 13.6006498336792]","[4.547547817230225, 4.050394058227539, 3.7232627868652344, 3.355895519256592]"
126136.0,2012-12-01T00:00:00.000000000,"[8.34213924407959, 10.938390731811523, 13.6006498336792, 18.947172164916992]","[7.406006336212158, 7.127373695373535, 7.126377582550049, 6.603548526763916]"
134932.0,2006-06-01T00:00:00.000000000,"[-0.2606981098651886, -0.23869597911834717, -0.3267045319080353, -0.2606981098651886]","[-0.3261711597442627, -0.3199552595615387, -0.3174971342086792, -0.3071031868457794]"
134932.0,2006-09-01T00:00:00.000000000,"[-0.23869597911834717, -0.3267045319080353, -0.2606981098651886, -0.21669383347034454]","[-0.3015252947807312, -0.29676640033721924, -0.29454031586647034, -0.2852620482444763]"
134932.0,2006-12-01T00:00:00.000000000,"[-0.3267045319080353, -0.2606981098651886, -0.21669383347034454, -0.19469167292118073]","[-0.28493618965148926, -0.2809881865978241, -0.27889692783355713, -0.2702908515930176]"
134932.0,2007-03-01T00:00:00.000000000,"[-0.2606981098651886, -0.21669383347034454, -0.19469167292118073, -0.28270024061203003]","[-0.3122844398021698, -0.30612713098526, -0.3037571907043457, -0.29377543926239014]"
134932.0,2007-06-01T00:00:00.000000000,"[-0.21669383347034454, -0.19469167292118073, -0.28270024061203003, -0.3267045319080353]","[-0.28525176644325256, -0.28087955713272095, -0.27883267402648926, -0.2702579200267792]"
134932.0,2007-09-01T00:00:00.000000000,"[-0.19469167292118073, -0.28270024061203003, -0.3267045319080353, -0.23869597911834717]","[-0.2627307176589966, -0.25992971658706665, -0.25806474685668945, -0.2504243850708008]"
134932.0,2007-12-01T00:00:00.000000000,"[-0.28270024061203003, -0.3267045319080353, -0.23869597911834717, -0.1726895570755005]","[-0.24578598141670227, -0.24423542618751526, -0.24247655272483826, -0.23548145592212677]"
134932.0,2008-03-01T00:00:00.000000000,"[-0.3267045319080353, -0.23869597911834717, -0.1726895570755005, -0.06267886608839035]","[-0.2697260081768036, -0.26670876145362854, -0.26481199264526367, -0.2570498585700989]"
134932.0,2008-06-01T00:00:00.000000000,"[-0.23869597911834717, -0.1726895570755005, -0.06267886608839035, -0.19469167292118073]","[-0.29814621806144714, -0.2930484414100647, -0.29092806577682495, -0.2819689214229584]"
134932.0,2008-09-01T00:00:00.000000000,"[-0.1726895570755005, -0.06267886608839035, -0.19469167292118073, -0.12868529558181763]","[-0.2763338088989258, -0.27273038029670715, -0.2707479000091553, -0.26285701990127563]"
134932.0,2008-12-01T00:00:00.000000000,"[-0.06267886608839035, -0.19469167292118073, -0.12868529558181763, -0.018674563616514206]","[-0.23947665095329285, -0.23856472969055176, -0.2368936985731125, -0.23032605648040771]"
134932.0,2009-03-01T00:00:00.000000000,"[-0.19469167292118073, -0.12868529558181763, -0.018674563616514206, 0.15734252333641052]","[-0.1668783277273178, -0.17089498043060303, -0.16984029114246368, -0.16590939462184906]"
134932.0,2009-06-01T00:00:00.000000000,"[-0.12868529558181763, -0.018674563616514206, 0.15734252333641052, 0.17934469878673553]","[-0.1813122034072876, -0.1808169186115265, -0.17699362337589264, -0.17530634999275208]"
134932.0,2009-09-01T00:00:00.000000000,"[-0.018674563616514206, 0.15734252333641052, 0.17934469878673553, 0.3113575577735901]","[-0.17697276175022125, -0.18082284927368164, -0.18122324347496033, -0.18077972531318665]"
134932.0,2009-12-01T00:00:00.000000000,"[0.15734252333641052, 0.17934469878673553, 0.3113575577735901, 0.553381085395813]","[-0.1200033575296402, -0.11909601092338562, -0.11242367327213287, -0.11666981875896454]"
134932.0,2010-03-01T00:00:00.000000000,"[0.17934469878673553, 0.3113575577735901, 0.553381085395813, 0.4653724431991577]","[-0.031133443117141724, -0.031225547194480896, -0.02185112237930298, -0.03156226873397827]"
134932.0,2010-06-01T00:00:00.000000000,"[0.3113575577735901, 0.553381085395813, 0.4653724431991577, 0.2453511357307434]","[-0.0013475120067596436, -0.0019840896129608154, 0.006392985582351685, -0.010105878114700317]"
134932.0,2010-09-01T00:00:00.000000000,"[0.553381085395813, 0.4653724431991577, 0.2453511357307434, 0.2233489453792572]","[0.033126190304756165, 0.02139599621295929, 0.018479332327842712, -0.0064622461795806885]"
134932.0,2010-12-01T00:00:00.000000000,"[0.4653724431991577, 0.2453511357307434, 0.2233489453792572, 0.025329740718007088]","[0.1440592110157013, 0.13692790269851685, 0.14157119393348694, 0.10891839861869812]"
134932.0,2011-03-01T00:00:00.000000000,"[0.2453511357307434, 0.2233489453792572, 0.025329740718007088, -0.04067668318748474]","[0.15967948734760284, 0.13253004848957062, 0.11598823964595795, 0.07311852276325226]"
134932.0,2011-06-01T00:00:00.000000000,"[0.2233489453792572, 0.025329740718007088, -0.04067668318748474, -0.48071953654289246]","[0.065257728099823, 0.012103632092475891, -0.036510780453681946, -0.08070032298564911]"
134932.0,2011-09-01T00:00:00.000000000,"[0.025329740718007088, -0.04067668318748474, -0.48071953654289246, -0.4367152154445648]","[0.05806249380111694, 0.012931138277053833, -0.02865968644618988, -0.06388618052005768]"
134932.0,2011-12-01T00:00:00.000000000,"[-0.04067668318748474, -0.48071953654289246, -0.4367152154445648, -0.10668310523033142]","[0.006604433059692383, -0.024901315569877625, -0.055295586585998535, -0.07119009643793106]"
134932.0,2012-03-01T00:00:00.000000000,"[-0.48071953654289246, -0.4367152154445648, -0.10668310523033142, 0.06933397799730301]","[0.005844771862030029, 0.0017596334218978882, -0.0010792016983032227, 0.003000304102897644]"
134932.0,2012-06-01T00:00:00.000000000,"[-0.4367152154445648, -0.10668310523033142, 0.06933397799730301, 0.06933397799730301]","[-0.23976808786392212, -0.21625591814517975, -0.20009669661521912, -0.17704784870147705]"
134932.0,2012-09-01T00:00:00.000000000,"[-0.10668310523033142, 0.06933397799730301, 0.06933397799730301, 0.6853939294815063]","[-0.3088138699531555, -0.2763535976409912, -0.24901467561721802, -0.2235742211341858]"
134932.0,2012-12-01T00:00:00.000000000,"[0.06933397799730301, 0.06933397799730301, 0.6853939294815063, 1.2134451866149902]","[-0.18889173865318298, -0.17379562556743622, -0.16896367073059082, -0.14781172573566437]"
134932.0,2013-03-01T00:00:00.000000000,"[0.06933397799730301, 0.6853939294815063, 1.2134451866149902, 1.6974923610687256]","[-0.0625840350985527, -0.05595836043357849, -0.052040599286556244, -0.035805217921733856]"
136725.0,2006-06-01T00:00:00.000000000,"[0.03259040787816048, 0.25767233967781067, 0.5021160840988159, 0.17208397388458252]","[0.019397109746932983, -0.015155032277107239, -0.04491324722766876, -0.04118603467941284]"
136725.0,2006-09-01T00:00:00.000000000,"[0.25767233967781067, 0.5021160840988159, 0.17208397388458252, 0.41652771830558777]","[0.03442390263080597, -0.01095379889011383, -0.05123687535524368, -0.05104505270719528]"
136725.0,2006-12-01T00:00:00.000000000,"[0.5021160840988159, 0.17208397388458252, 0.41652771830558777, 0.392105370759964]","[0.21919183433055878, 0.21245364844799042, 0.2188808172941208, 0.2177024930715561]"
136725.0,2007-03-01T00:00:00.000000000,"[0.17208397388458252, 0.41652771830558777, 0.392105370759964, 0.7390791177749634]","[0.2692681550979614, 0.2551511526107788, 0.25635701417922974, 0.26008862257003784]"
136725.0,2007-06-01T00:00:00.000000000,"[0.41652771830558777, 0.392105370759964, 0.7390791177749634, 0.3797842264175415]","[0.16857269406318665, 0.13811573386192322, 0.11592411249876022, 0.11775649338960648]"
136725.0,2007-09-01T00:00:00.000000000,"[0.392105370759964, 0.7390791177749634, 0.3797842264175415, 0.6730727553367615]","[0.2957305610179901, 0.29131990671157837, 0.29952526092529297, 0.296633780002594]"
136725.0,2007-12-01T00:00:00.000000000,"[0.7390791177749634, 0.3797842264175415, 0.6730727553367615, 0.8125662803649902]","[0.3683810234069824, 0.3342728316783905, 0.3174380958080292, 0.30941134691238403]"
136725.0,2008-03-01T00:00:00.000000000,"[0.3797842264175415, 0.6730727553367615, 0.8125662803649902, 0.7881438732147217]","[0.5011324286460876, 0.4859227240085602, 0.49267813563346863, 0.48530638217926025]"
136725.0,2008-06-01T00:00:00.000000000,"[0.6730727553367615, 0.8125662803649902, 0.7881438732147217, 0.543700098991394]","[0.43265682458877563, 0.42420580983161926, 0.43081727623939514, 0.4200151562690735]"
136725.0,2008-09-01T00:00:00.000000000,"[0.8125662803649902, 0.7881438732147217, 0.543700098991394, 0.7538204789161682]","[0.5813736915588379, 0.5871251225471497, 0.6122673153877258, 0.5818670392036438]"
136725.0,2008-12-01T00:00:00.000000000,"[0.7881438732147217, 0.543700098991394, 0.7538204789161682, 1.3307167291641235]","[0.5641593337059021, 0.5538387894630432, 0.5607778429985046, 0.5370572209358215]"
136725.0,2009-03-01T00:00:00.000000000,"[0.543700098991394, 0.7538204789161682, 1.3307167291641235, 1.1621804237365723]","[0.6534658074378967, 0.674820601940155, 0.7122910618782043, 0.6675782799720764]"
136725.0,2009-06-01T00:00:00.000000000,"[0.7538204789161682, 1.3307167291641235, 1.1621804237365723, 1.0886931419372559]","[0.5944952964782715, 0.6214028596878052, 0.6586043834686279, 0.6147200465202332]"
136725.0,2009-09-01T00:00:00.000000000,"[1.3307167291641235, 1.1621804237365723, 1.0886931419372559, 1.323456048965454]","[0.5688648223876953, 0.502363920211792, 0.4481818974018097, 0.4025900363922119]"
136725.0,2009-12-01T00:00:00.000000000,"[1.1621804237365723, 1.0886931419372559, 1.323456048965454, 1.3747209310531616]","[0.8394075632095337, 0.8210552334785461, 0.8294431567192078, 0.8180820941925049]"
136725.0,2010-03-01T00:00:00.000000000,"[1.0886931419372559, 1.323456048965454, 1.3747209310531616, 1.5874814987182617]","[0.8585667610168457, 0.8394439220428467, 0.8458976745605469, 0.8421870470046997]"
136725.0,2010-06-01T00:00:00.000000000,"[1.323456048965454, 1.3747209310531616, 1.5874814987182617, 1.2134451866149902]","[0.8285807371139526, 0.7800507545471191, 0.7516164183616638, 0.7272933721542358]"
136725.0,2010-09-01T00:00:00.000000000,"[1.3747209310531616, 1.5874814987182617, 1.2134451866149902, 1.6827508211135864]","[0.9761664867401123, 0.876296877861023, 0.8005390167236328, 0.7296401858329773]"
136725.0,2010-12-01T00:00:00.000000000,"[1.5874814987182617, 1.2134451866149902, 1.6827508211135864, 1.8147637844085693]","[0.9645934104919434, 0.8967572450637817, 0.8493250608444214, 0.8040526509284973]"
136725.0,2011-03-01T00:00:00.000000000,"[1.2134451866149902, 1.6827508211135864, 1.8147637844085693, 1.8515071868896484]","[1.1601557731628418, 1.0855109691619873, 1.0382366180419922, 0.9741469025611877]"
136725.0,2011-06-01T00:00:00.000000000,"[1.6827508211135864, 1.8147637844085693, 1.8515071868896484, 1.2721909284591675]","[1.0520503520965576, 0.9436472058296204, 0.8539440631866455, 0.7815349698066711]"
136725.0,2011-09-01T00:00:00.000000000,"[1.8147637844085693, 1.8515071868896484, 1.2721909284591675, 0.11333828419446945]","[1.24245023727417, 1.1604046821594238, 1.1059224605560303, 1.0528862476348877]"
136725.0,2011-12-01T00:00:00.000000000,"[1.8515071868896484, 1.2721909284591675, 0.11333828419446945, 1.3307167291641235]","[1.3986486196517944, 1.3311773538589478, 1.294562816619873, 1.2302156686782837]"
136725.0,2012-03-01T00:00:00.000000000,"[1.2721909284591675, 0.11333828419446945, 1.3307167291641235, 1.924774408340454]","[1.4186477661132812, 1.3731372356414795, 1.3542604446411133, 1.2924916744232178]"
136725.0,2012-06-01T00:00:00.000000000,"[0.11333828419446945, 1.3307167291641235, 1.924774408340454, 1.880770206451416]","[1.174753189086914, 1.0786542892456055, 0.9932289719581604, 0.9253641366958618]"
136725.0,2012-09-01T00:00:00.000000000,"[1.3307167291641235, 1.924774408340454, 1.880770206451416, 2.174278736114502]","[0.6908912658691406, 0.6034938097000122, 0.5031615495681763, 0.5134031772613525]"
136725.0,2012-12-01T00:00:00.000000000,"[1.924774408340454, 1.880770206451416, 2.174278736114502, 1.9175138473510742]","[1.082693338394165, 1.0605285167694092, 1.0431947708129883, 1.0574501752853394]"
136725.0,2013-03-01T00:00:00.000000000,"[1.880770206451416, 2.174278736114502, 1.9175138473510742, 2.1595370769500732]","[1.4331424236297607, 1.412825345993042, 1.414792776107788, 1.4253838062286377]"
137310.0,2005-09-01T00:00:00.000000000,"[-0.10668310523033142, 0.047331858426332474, -0.06267886608839035, -0.15068741142749786]","[0.02523966133594513, 0.02970561385154724, 0.002437025308609009, -0.052058011293411255]"
137310.0,2005-12-01T00:00:00.000000000,"[0.047331858426332474, -0.06267886608839035, -0.15068741142749786, -0.4147131145000458]","[-0.04908663034439087, -0.03530621528625488, -0.03870441019535065, -0.05689462274312973]"
137310.0,2006-03-01T00:00:00.000000000,"[-0.06267886608839035, -0.15068741142749786, -0.4147131145000458, -0.4367152154445648]","[0.06130112707614899, 0.01203233003616333, 0.01594330370426178, 0.0633978545665741]"
137310.0,2006-06-01T00:00:00.000000000,"[-0.15068741142749786, -0.4147131145000458, -0.4367152154445648, -0.5907301902770996]","[-0.07233601808547974, -0.05546879023313522, -0.010300815105438232, -0.03831636160612106]"
137310.0,2006-09-01T00:00:00.000000000,"[-0.4147131145000458, -0.4367152154445648, -0.5907301902770996, -0.45871737599372864]","[-0.11534067988395691, -0.10046312212944031, -0.0753207802772522, -0.08203306794166565]"
137310.0,2007-09-01T00:00:00.000000000,"[-0.4367152154445648, -0.5907301902770996, -0.45871737599372864, -0.6787387728691101]","[-0.2587627172470093, -0.18078318238258362, -0.1904580295085907, -0.2603538930416107]"
137310.0,2007-12-01T00:00:00.000000000,"[-0.5907301902770996, -0.45871737599372864, -0.6787387728691101, -0.30470237135887146]","[-0.2863054871559143, -0.25637760758399963, -0.2122734934091568, -0.22929546236991882]"
137310.0,2008-03-01T00:00:00.000000000,"[-0.45871737599372864, -0.6787387728691101, -0.30470237135887146, -0.2606981098651886]","[-0.40763065218925476, -0.3405688405036926, -0.20519717037677765, -0.16777504980564117]"
137310.0,2008-06-01T00:00:00.000000000,"[-0.6787387728691101, -0.30470237135887146, -0.2606981098651886, -0.21669383347034454]","[-0.28269141912460327, -0.2585323750972748, -0.20742817223072052, -0.24834059178829193]"
137310.0,2008-09-01T00:00:00.000000000,"[-0.30470237135887146, -0.2606981098651886, -0.21669383347034454, -0.1726895570755005]","[-0.4325937330722809, -0.3597511053085327, -0.26385498046875, -0.1656300276517868]"
137310.0,2008-12-01T00:00:00.000000000,"[-0.2606981098651886, -0.21669383347034454, -0.1726895570755005, -0.04067668318748474]","[-0.2381414771080017, -0.18998035788536072, -0.24301789700984955, -0.17097991704940796]"
137310.0,2009-03-01T00:00:00.000000000,"[-0.21669383347034454, -0.1726895570755005, -0.04067668318748474, 0.047331858426332474]","[-0.2918930649757385, -0.3202568292617798, -0.18377047777175903, -0.2120756357908249]"
137310.0,2009-06-01T00:00:00.000000000,"[-0.1726895570755005, -0.04067668318748474, 0.047331858426332474, 0.003327556187286973]","[-0.13379931449890137, -0.10617803037166595, -0.13056692481040955, -0.23519083857536316]"
137310.0,2009-09-01T00:00:00.000000000,"[-0.04067668318748474, 0.047331858426332474, 0.003327556187286973, 0.003327556187286973]","[-0.18574528396129608, -0.19147786498069763, -0.2322569191455841, -0.2413509488105774]"
137310.0,2009-12-01T00:00:00.000000000,"[0.047331858426332474, 0.003327556187286973, 0.003327556187286973, -0.08468098938465118]","[-0.11004973948001862, -0.10639189183712006, -0.1176028847694397, -0.13007107377052307]"
137310.0,2010-03-01T00:00:00.000000000,"[0.003327556187286973, 0.003327556187286973, -0.08468098938465118, 0.025329740718007088]","[-0.00407564640045166, -0.010765507817268372, -0.03553062677383423, -0.07420023530721664]"
137310.0,2010-06-01T00:00:00.000000000,"[0.003327556187286973, -0.08468098938465118, 0.025329740718007088, -0.15068741142749786]","[0.05353905260562897, 0.03754366934299469, -0.004666179418563843, -0.07893119007349014]"
137310.0,2010-09-01T00:00:00.000000000,"[-0.08468098938465118, 0.025329740718007088, -0.15068741142749786, -0.3487066924571991]","[0.010795369744300842, 0.0028692930936813354, -0.024774134159088135, -0.07047975063323975]"
137310.0,2010-12-01T00:00:00.000000000,"[0.025329740718007088, -0.15068741142749786, -0.3487066924571991, -0.3487066924571991]","[-0.1461525857448578, -0.1467132270336151, -0.15695896744728088, -0.14119690656661987]"
137310.0,2011-03-01T00:00:00.000000000,"[-0.15068741142749786, -0.3487066924571991, -0.3487066924571991, -0.3267045319080353]","[-0.08475819230079651, -0.07762828469276428, -0.07211291790008545, -0.05294434726238251]"
137310.0,2011-06-01T00:00:00.000000000,"[-0.3487066924571991, -0.3487066924571991, -0.3267045319080353, -0.3267045319080353]","[-0.16447611153125763, -0.15249858796596527, -0.07817734777927399, -0.12329242378473282]"
137310.0,2011-09-01T00:00:00.000000000,"[-0.3487066924571991, -0.3267045319080353, -0.3267045319080353, -0.30470237135887146]","[-0.25584471225738525, -0.19159695506095886, -0.20664605498313904, -0.2209462821483612]"
137310.0,2011-12-01T00:00:00.000000000,"[-0.3267045319080353, -0.3267045319080353, -0.30470237135887146, -0.23869597911834717]","[-0.17022530734539032, -0.2617015838623047, -0.31656619906425476, -0.286487340927124]"
137310.0,2012-03-01T00:00:00.000000000,"[-0.3267045319080353, -0.30470237135887146, -0.23869597911834717, -0.15068741142749786]","[-0.314655601978302, -0.31767570972442627, -0.27784958481788635, -0.33140313625335693]"
137310.0,2012-06-01T00:00:00.000000000,"[-0.30470237135887146, -0.23869597911834717, -0.15068741142749786, -0.06267886608839035]","[-0.3069920837879181, -0.3086039125919342, -0.3079557716846466, -0.306464821100235]"
137310.0,2012-09-01T00:00:00.000000000,"[-0.23869597911834717, -0.15068741142749786, -0.06267886608839035, -0.06267886608839035]","[-0.2714804410934448, -0.268652081489563, -0.2925269901752472, -0.29346519708633423]"
137310.0,2012-12-01T00:00:00.000000000,"[-0.15068741142749786, -0.06267886608839035, -0.06267886608839035, 0.047331858426332474]","[-0.26685020327568054, -0.2658460736274719, -0.29550454020500183, -0.2742781639099121]"
137310.0,2013-03-01T00:00:00.000000000,"[-0.06267886608839035, -0.06267886608839035, 0.047331858426332474, 0.2453511357307434]","[-0.22623594105243683, -0.24036169052124023, -0.2635447680950165, -0.26427289843559265]"
142953.0,2006-06-01T00:00:00.000000000,"[0.17934469878673553, 0.3993660807609558, 0.33335965871810913, 0.20134682953357697]","[0.19748704135417938, 0.23288004100322723, 0.2969423234462738, 0.32134100794792175]"
142953.0,2006-09-01T00:00:00.000000000,"[0.3993660807609558, 0.33335965871810913, 0.20134682953357697, 0.33335965871810913]","[0.18989498913288116, 0.2116016298532486, 0.20732621848583221, 0.25753292441368103]"
142953.0,2006-12-01T00:00:00.000000000,"[0.33335965871810913, 0.20134682953357697, 0.33335965871810913, 0.2233489453792572]","[0.3095938265323639, 0.27352315187454224, 0.3177119195461273, 0.32928702235221863]"
142953.0,2007-03-01T00:00:00.000000000,"[0.20134682953357697, 0.33335965871810913, 0.2233489453792572, 0.3113575577735901]","[0.33790120482444763, 0.37642109394073486, 0.35158658027648926, 0.29604893922805786]"
142953.0,2007-06-01T00:00:00.000000000,"[0.33335965871810913, 0.2233489453792572, 0.3113575577735901, 0.35536178946495056]","[0.19511915743350983, 0.24460956454277039, 0.29855212569236755, 0.3860294818878174]"
142953.0,2007-09-01T00:00:00.000000000,"[0.2233489453792572, 0.3113575577735901, 0.35536178946495056, 0.26735323667526245]","[0.34506940841674805, 0.2601454257965088, 0.19627325236797333, 0.291024386882782]"
142953.0,2007-12-01T00:00:00.000000000,"[0.3113575577735901, 0.35536178946495056, 0.26735323667526245, 0.44337034225463867]","[0.18097428977489471, 0.16707365214824677, 0.2824457585811615, 0.1821644902229309]"
142953.0,2008-03-01T00:00:00.000000000,"[0.35536178946495056, 0.26735323667526245, 0.44337034225463867, 0.33335965871810913]","[0.3070799708366394, 0.37052980065345764, 0.28806841373443604, 0.2838917374610901]"
142953.0,2008-06-01T00:00:00.000000000,"[0.26735323667526245, 0.44337034225463867, 0.33335965871810913, 0.4653724431991577]","[0.33377835154533386, 0.27025121450424194, 0.24384891986846924, 0.2855486273765564]"
142953.0,2008-09-01T00:00:00.000000000,"[0.44337034225463867, 0.33335965871810913, 0.4653724431991577, 0.35536178946495056]","[0.2223861664533615, 0.24068500101566315, 0.2846876084804535, 0.31075674295425415]"
142953.0,2008-12-01T00:00:00.000000000,"[0.33335965871810913, 0.4653724431991577, 0.35536178946495056, 0.553381085395813]","[0.3305829167366028, 0.32767370343208313, 0.3210342228412628, 0.3425728976726532]"
142953.0,2009-03-01T00:00:00.000000000,"[0.4653724431991577, 0.35536178946495056, 0.553381085395813, 0.553381085395813]","[0.3342451751232147, 0.3369457423686981, 0.33902508020401, 0.34943491220474243]"
142953.0,2009-06-01T00:00:00.000000000,"[0.35536178946495056, 0.553381085395813, 0.553381085395813, 0.6633917689323425]","[0.4731253683567047, 0.4672839641571045, 0.43031129240989685, 0.3848249316215515]"
142953.0,2009-09-01T00:00:00.000000000,"[0.553381085395813, 0.553381085395813, 0.6633917689323425, 0.5313789248466492]","[0.29339325428009033, 0.30402612686157227, 0.39441734552383423, 0.32962632179260254]"
142953.0,2009-12-01T00:00:00.000000000,"[0.553381085395813, 0.6633917689323425, 0.5313789248466492, 0.6633917689323425]","[0.4568014144897461, 0.4623086750507355, 0.43334075808525085, 0.42943987250328064]"
142953.0,2010-03-01T00:00:00.000000000,"[0.6633917689323425, 0.5313789248466492, 0.6633917689323425, 0.6853939294815063]","[0.5635076761245728, 0.5522605180740356, 0.5208102464675903, 0.46043315529823303]"
142953.0,2010-06-01T00:00:00.000000000,"[0.5313789248466492, 0.6633917689323425, 0.6853939294815063, 0.7293981313705444]","[0.631381630897522, 0.6223669648170471, 0.5334774255752563, 0.4431575834751129]"
142953.0,2010-09-01T00:00:00.000000000,"[0.6633917689323425, 0.6853939294815063, 0.7293981313705444, 0.553381085395813]","[0.5373356342315674, 0.5249349474906921, 0.5179331302642822, 0.5220614671707153]"
142953.0,2010-12-01T00:00:00.000000000,"[0.6853939294815063, 0.7293981313705444, 0.553381085395813, 0.7073960304260254]","[0.6044597029685974, 0.5900472402572632, 0.584557056427002, 0.5840408802032471]"
142953.0,2011-03-01T00:00:00.000000000,"[0.7293981313705444, 0.553381085395813, 0.7073960304260254, 0.6413896679878235]","[0.5740872621536255, 0.5559487342834473, 0.5443010330200195, 0.5455502867698669]"
142953.0,2011-06-01T00:00:00.000000000,"[0.553381085395813, 0.7073960304260254, 0.6413896679878235, 0.8174067735671997]","[0.5976763963699341, 0.5787950158119202, 0.5670747756958008, 0.568229079246521]"
142953.0,2011-09-01T00:00:00.000000000,"[0.7073960304260254, 0.6413896679878235, 0.8174067735671997, 0.6853939294815063]","[0.5215682983398438, 0.48034363985061646, 0.44247883558273315, 0.4400877058506012]"
142953.0,2011-12-01T00:00:00.000000000,"[0.6413896679878235, 0.8174067735671997, 0.6853939294815063, 0.6853939294815063]","[0.6111369132995605, 0.5915457606315613, 0.5790426731109619, 0.5776618719100952]"
142953.0,2012-03-01T00:00:00.000000000,"[0.8174067735671997, 0.6853939294815063, 0.6853939294815063, 0.7734025120735168]","[0.6448649764060974, 0.6475153565406799, 0.656988263130188, 0.6526649594306946]"
142953.0,2012-06-01T00:00:00.000000000,"[0.6853939294815063, 0.6853939294815063, 0.7734025120735168, 0.9934238195419312]","[0.7150225043296814, 0.7143967151641846, 0.724105715751648, 0.7168638110160828]"
142953.0,2012-09-01T00:00:00.000000000,"[0.6853939294815063, 0.7734025120735168, 0.9934238195419312, 0.7514004111289978]","[0.6077432036399841, 0.570807933807373, 0.5399819016456604, 0.5381622910499573]"
142953.0,2012-12-01T00:00:00.000000000,"[0.7734025120735168, 0.9934238195419312, 0.7514004111289978, 0.8614109754562378]","[0.6707850098609924, 0.6525102853775024, 0.6431432962417603, 0.6425650119781494]"
142953.0,2013-03-01T00:00:00.000000000,"[0.9934238195419312, 0.7514004111289978, 0.8614109754562378, 0.8834132552146912]","[0.7750881910324097, 0.7691033482551575, 0.7767994403839111, 0.7696820497512817]"
143912.0,2007-06-01T00:00:00.000000000,"[-0.4147131145000458, -0.1726895570755005, -0.45871737599372864, -0.2606981098651886]","[-0.5942535400390625, -0.5890015959739685, -0.5862419605255127, -0.5795040130615234]"
143912.0,2007-09-01T00:00:00.000000000,"[-0.1726895570755005, -0.45871737599372864, -0.2606981098651886, -0.5247237682342529]","[-0.5326875448226929, -0.5319287776947021, -0.5306897759437561, -0.5256587862968445]"
143912.0,2008-03-01T00:00:00.000000000,"[-0.45871737599372864, -0.2606981098651886, -0.5247237682342529, -0.23869597911834717]","[-0.4263194799423218, -0.431759774684906, -0.43095582723617554, -0.42860478162765503]"
143912.0,2008-06-01T00:00:00.000000000,"[-0.2606981098651886, -0.5247237682342529, -0.23869597911834717, -0.39271095395088196]","[-0.45088523626327515, -0.46892261505126953, -0.4821515381336212, -0.48448824882507324]"
143912.0,2008-09-01T00:00:00.000000000,"[-0.5247237682342529, -0.23869597911834717, -0.39271095395088196, -0.08468098938465118]","[-0.40855690836906433, -0.4293093979358673, -0.44498923420906067, -0.46272754669189453]"
143912.0,2009-03-01T00:00:00.000000000,"[-0.23869597911834717, -0.39271095395088196, -0.08468098938465118, 0.20134682953357697]","[-0.5023428797721863, -0.5289066433906555, -0.5550757646560669, -0.562012791633606]"
143912.0,2009-06-01T00:00:00.000000000,"[-0.39271095395088196, -0.08468098938465118, 0.20134682953357697, 0.17934469878673553]","[-0.3664192259311676, -0.36880940198898315, -0.36392998695373535, -0.3684336543083191]"
143912.0,2009-09-01T00:00:00.000000000,"[-0.08468098938465118, 0.20134682953357697, 0.17934469878673553, -0.722743034362793]","[-0.3709030747413635, -0.37576740980148315, -0.3733697235584259, -0.3725603222846985]"
143912.0,2009-12-01T00:00:00.000000000,"[0.20134682953357697, 0.17934469878673553, -0.722743034362793, 0.17934469878673553]","[-0.2804580330848694, -0.28185975551605225, -0.2733132243156433, -0.2834702134132385]"
143912.0,2010-03-01T00:00:00.000000000,"[0.17934469878673553, -0.722743034362793, 0.17934469878673553, 1.499472975730896]","[-0.08907908201217651, -0.093637615442276, -0.0797719657421112, -0.10220605134963989]"
143912.0,2010-06-01T00:00:00.000000000,"[-0.722743034362793, 0.17934469878673553, 1.499472975730896, -0.018674563616514206]","[-0.02471768856048584, -0.028035879135131836, -0.011601060628890991, -0.03839683532714844]"
143912.0,2010-09-01T00:00:00.000000000,"[0.17934469878673553, 1.499472975730896, -0.018674563616514206, 0.13534040749073029]","[-0.40885040163993835, -0.46081987023353577, -0.5148954391479492, -0.5349619388580322]"
143912.0,2010-12-01T00:00:00.000000000,"[1.499472975730896, -0.018674563616514206, 0.13534040749073029, 1.8735092878341675]","[-0.1557290256023407, -0.14224305748939514, -0.1213536262512207, -0.13842162489891052]"
143912.0,2011-03-01T00:00:00.000000000,"[-0.018674563616514206, 0.13534040749073029, 1.8735092878341675, 0.3113575577735901]","[0.33373379707336426, 0.30747342109680176, 0.35538554191589355, 0.3485870957374573]"
147579.0,2006-06-01T00:00:00.000000000,"[-0.3392457664012909, -0.39909157156944275, -0.4743388891220093, -0.45871737599372864]","[-0.4571923017501831, -0.4602023959159851, -0.45971885323524475, -0.4578756093978882]"
147579.0,2006-09-01T00:00:00.000000000,"[-0.39909157156944275, -0.4743388891220093, -0.45871737599372864, -0.5687280893325806]","[-0.41343384981155396, -0.41867199540138245, -0.4181179404258728, -0.4166501760482788]"
147579.0,2006-12-01T00:00:00.000000000,"[-0.4743388891220093, -0.45871737599372864, -0.5687280893325806, -0.5467259287834167]","[-0.42005544900894165, -0.42748063802719116, -0.43040210008621216, -0.43290433287620544]"
147579.0,2007-03-01T00:00:00.000000000,"[-0.45871737599372864, -0.5687280893325806, -0.5467259287834167, -0.5467259287834167]","[-0.45957493782043457, -0.46952587366104126, -0.4772450625896454, -0.47559499740600586]"
147579.0,2007-06-01T00:00:00.000000000,"[-0.5687280893325806, -0.5467259287834167, -0.5467259287834167, -0.5687280893325806]","[-0.4575772285461426, -0.4634971618652344, -0.46755582094192505, -0.46500131487846375]"
147579.0,2007-09-01T00:00:00.000000000,"[-0.5467259287834167, -0.5467259287834167, -0.5687280893325806, -0.5027216672897339]","[-0.5097110271453857, -0.5069421529769897, -0.5060316324234009, -0.49996596574783325]"
147579.0,2007-12-01T00:00:00.000000000,"[-0.5467259287834167, -0.5687280893325806, -0.5027216672897339, -0.4367152154445648]","[-0.5043758153915405, -0.5012792348861694, -0.4997628927230835, -0.4932866096496582]"
147579.0,2008-03-01T00:00:00.000000000,"[-0.5687280893325806, -0.5027216672897339, -0.4367152154445648, -0.37070879340171814]","[-0.5206059813499451, -0.515326738357544, -0.511511504650116, -0.5038991570472717]"
147579.0,2008-06-01T00:00:00.000000000,"[-0.5027216672897339, -0.4367152154445648, -0.37070879340171814, 0.17934469878673553]","[-0.5559402704238892, -0.5465914607048035, -0.539000391960144, -0.5298979878425598]"
147579.0,2008-09-01T00:00:00.000000000,"[-0.4367152154445648, -0.37070879340171814, 0.17934469878673553, -0.37070879340171814]","[-0.5060837864875793, -0.5020474791526794, -0.4993268847465515, -0.4925951361656189]"
147579.0,2008-12-01T00:00:00.000000000,"[-0.37070879340171814, 0.17934469878673553, -0.37070879340171814, -0.06267886608839035]","[-0.47250285744667053, -0.4711746573448181, -0.4700635075569153, -0.46531277894973755]"
147579.0,2009-03-01T00:00:00.000000000,"[0.17934469878673553, -0.37070879340171814, -0.06267886608839035, 0.20134682953357697]","[-0.4242773652076721, -0.4260503351688385, -0.425320565700531, -0.4222075343132019]"
147579.0,2009-06-01T00:00:00.000000000,"[-0.37070879340171814, -0.06267886608839035, 0.20134682953357697, 0.7073960304260254]","[-0.2366504967212677, -0.23629286885261536, -0.22686034440994263, -0.23999835550785065]"
147579.0,2009-09-01T00:00:00.000000000,"[-0.06267886608839035, 0.20134682953357697, 0.7073960304260254, 1.1694409847259521]","[-0.3349308371543884, -0.33978700637817383, -0.34191471338272095, -0.35787340998649597]"
147579.0,2009-12-01T00:00:00.000000000,"[0.20134682953357697, 0.7073960304260254, 1.1694409847259521, 1.2574495077133179]","[-0.23837853968143463, -0.2282831370830536, -0.2118758261203766, -0.23062753677368164]"
147579.0,2010-03-01T00:00:00.000000000,"[0.7073960304260254, 1.1694409847259521, 1.2574495077133179, -0.04067668318748474]","[-0.17205724120140076, -0.18272030353546143, -0.18407458066940308, -0.20426727831363678]"
147579.0,2010-06-01T00:00:00.000000000,"[1.1694409847259521, 1.2574495077133179, -0.04067668318748474, 0.9714217185974121]","[0.038770705461502075, 0.03379535675048828, 0.04715070128440857, 0.030434012413024902]"
147579.0,2010-09-01T00:00:00.000000000,"[1.2574495077133179, -0.04067668318748474, 0.9714217185974121, 0.6193875670433044]","[0.3830452859401703, 0.3964206278324127, 0.4379565417766571, 0.3798888027667999]"
147579.0,2010-12-01T00:00:00.000000000,"[-0.04067668318748474, 0.9714217185974121, 0.6193875670433044, 2.533573627471924]","[0.2920767366886139, 0.13528957962989807, 0.001818150281906128, -0.08253496885299683]"
147579.0,2011-03-01T00:00:00.000000000,"[0.9714217185974121, 0.6193875670433044, 2.533573627471924, 2.1595370769500732]","[-0.11880308389663696, -0.30528825521469116, -0.49262678623199463, -0.5626868605613708]"
147579.0,2011-06-01T00:00:00.000000000,"[0.6193875670433044, 2.533573627471924, 2.1595370769500732, 2.7535951137542725]","[0.25661104917526245, 0.15843641757965088, 0.07609766721725464, 0.02243560552597046]"
147579.0,2011-09-01T00:00:00.000000000,"[2.533573627471924, 2.1595370769500732, 2.7535951137542725, 2.7975993156433105]","[0.4860464334487915, 0.5027666687965393, 0.5415131449699402, 0.4964563250541687]"
147579.0,2011-12-01T00:00:00.000000000,"[2.1595370769500732, 2.7535951137542725, 2.7975993156433105, 3.127631425857544]","[1.147070288658142, 1.1278408765792847, 1.1639759540557861, 1.108984351158142]"
147579.0,2012-03-01T00:00:00.000000000,"[2.7535951137542725, 2.7975993156433105, 3.127631425857544, 1.9175138473510742]","[1.2899893522262573, 1.239209771156311, 1.2407385110855103, 1.1314375400543213]"
147579.0,2012-06-01T00:00:00.000000000,"[2.7975993156433105, 3.127631425857544, 1.9175138473510742, 7.5500617027282715]","[1.5522195100784302, 1.4695827960968018, 1.4448611736297607, 1.3055485486984253]"
147579.0,2012-09-01T00:00:00.000000000,"[3.127631425857544, 1.9175138473510742, 7.5500617027282715, 5.833894729614258]","[1.5674293041229248, 1.309826135635376, 1.1063579320907593, 0.9077373743057251]"
147579.0,2012-12-01T00:00:00.000000000,"[1.9175138473510742, 7.5500617027282715, 5.833894729614258, 6.317941665649414]","[1.9679250717163086, 1.9511992931365967, 1.9936424493789673, 1.8389923572540283]"
147579.0,2013-03-01T00:00:00.000000000,"[7.5500617027282715, 5.833894729614258, 6.317941665649414, 2.225543737411499]","[1.525209903717041, 1.3906922340393066, 1.2873153686523438, 1.1290754079818726]"
157855.0,2006-06-01T00:00:00.000000000,"[-0.45871737599372864, -0.4147131145000458, -0.39271095395088196, -0.39271095395088196]","[-0.5317586660385132, -0.5546204447746277, -0.5529797077178955, -0.5544014573097229]"
157855.0,2006-09-01T00:00:00.000000000,"[-0.4147131145000458, -0.39271095395088196, -0.39271095395088196, -0.3487066924571991]","[-0.4595401883125305, -0.4621638357639313, -0.4656165838241577, -0.44266948103904724]"
157855.0,2006-12-01T00:00:00.000000000,"[-0.39271095395088196, -0.39271095395088196, -0.3487066924571991, -0.28270024061203003]","[-0.4304243326187134, -0.43084970116615295, -0.4253573417663574, -0.43220099806785583]"
157855.0,2007-03-01T00:00:00.000000000,"[-0.39271095395088196, -0.3487066924571991, -0.28270024061203003, -0.23869597911834717]","[-0.4380137622356415, -0.4435676336288452, -0.44323796033859253, -0.4431769847869873]"
157855.0,2007-06-01T00:00:00.000000000,"[-0.3487066924571991, -0.28270024061203003, -0.23869597911834717, -0.28270024061203003]","[-0.4364141523838043, -0.4463617205619812, -0.4511374533176422, -0.4551584720611572]"
157855.0,2007-09-01T00:00:00.000000000,"[-0.28270024061203003, -0.23869597911834717, -0.28270024061203003, -0.1726895570755005]","[-0.3934464454650879, -0.3944344222545624, -0.3890864849090576, -0.3960278034210205]"
157855.0,2007-12-01T00:00:00.000000000,"[-0.23869597911834717, -0.28270024061203003, -0.1726895570755005, -0.1726895570755005]","[-0.35150957107543945, -0.3632493019104004, -0.367353618144989, -0.38467633724212646]"
157855.0,2008-03-01T00:00:00.000000000,"[-0.28270024061203003, -0.1726895570755005, -0.1726895570755005, -0.1726895570755005]","[-0.3564002513885498, -0.36693283915519714, -0.3717041015625, -0.3919709324836731]"
157855.0,2008-06-01T00:00:00.000000000,"[-0.1726895570755005, -0.1726895570755005, -0.1726895570755005, -0.08468098938465118]","[-0.37115857005119324, -0.39131343364715576, -0.40728387236595154, -0.43034476041793823]"
157855.0,2008-09-01T00:00:00.000000000,"[-0.1726895570755005, -0.1726895570755005, -0.08468098938465118, -0.08468098938465118]","[-0.28600579500198364, -0.2794272303581238, -0.26550573110580444, -0.28364744782447815]"
157855.0,2008-12-01T00:00:00.000000000,"[-0.1726895570755005, -0.08468098938465118, -0.08468098938465118, 0.025329740718007088]","[-0.2854492664337158, -0.3082946538925171, -0.32278549671173096, -0.33908089995384216]"
157855.0,2009-03-01T00:00:00.000000000,"[-0.08468098938465118, -0.08468098938465118, 0.025329740718007088, 0.15734252333641052]","[-0.2736607789993286, -0.2896935045719147, -0.2974082827568054, -0.3067941665649414]"
157855.0,2009-06-01T00:00:00.000000000,"[-0.08468098938465118, 0.025329740718007088, 0.15734252333641052, 0.06933397799730301]","[-0.22947122156620026, -0.24309368431568146, -0.2472478449344635, -0.2580597400665283]"
157855.0,2009-09-01T00:00:00.000000000,"[0.025329740718007088, 0.15734252333641052, 0.06933397799730301, 0.9274174571037292]","[-0.19770875573158264, -0.21337950229644775, -0.21941536664962769, -0.23638278245925903]"
157855.0,2009-12-01T00:00:00.000000000,"[0.15734252333641052, 0.06933397799730301, 0.9274174571037292, 0.4653724431991577]","[-0.12320640683174133, -0.12512466311454773, -0.11511373519897461, -0.13210630416870117]"
157855.0,2010-03-01T00:00:00.000000000,"[0.06933397799730301, 0.9274174571037292, 0.4653724431991577, 0.6413896679878235]","[-0.07496878504753113, -0.09195449948310852, -0.0956788957118988, -0.1176343560218811]"
157855.0,2010-06-01T00:00:00.000000000,"[0.9274174571037292, 0.4653724431991577, 0.6413896679878235, 0.8394088745117188]","[-0.08976584672927856, -0.1230567991733551, -0.145099475979805, -0.17040058970451355]"
157855.0,2010-09-01T00:00:00.000000000,"[0.4653724431991577, 0.6413896679878235, 0.8394088745117188, 1.3454581499099731]","[0.23273995518684387, 0.2457309067249298, 0.2796601951122284, 0.23226496577262878]"
157855.0,2010-12-01T00:00:00.000000000,"[0.6413896679878235, 0.8394088745117188, 1.3454581499099731, 0.7514004111289978]","[0.21410423517227173, 0.2102128267288208, 0.22496962547302246, 0.18400192260742188]"
157855.0,2011-03-01T00:00:00.000000000,"[0.8394088745117188, 1.3454581499099731, 0.7514004111289978, 0.9494196176528931]","[0.35487306118011475, 0.3457690477371216, 0.35729074478149414, 0.2797185182571411]"
157855.0,2011-06-01T00:00:00.000000000,"[1.3454581499099731, 0.7514004111289978, 0.9494196176528931, 0.7514004111289978]","[0.4741230010986328, 0.4686734676361084, 0.48604172468185425, 0.3973310589790344]"
157855.0,2011-09-01T00:00:00.000000000,"[0.7514004111289978, 0.9494196176528931, 0.7514004111289978, 0.8394088745117188]","[0.8022579550743103, 0.8311504125595093, 0.8959457874298096, 0.805216908454895]"
157855.0,2011-12-01T00:00:00.000000000,"[0.9494196176528931, 0.7514004111289978, 0.8394088745117188, 2.4675674438476562]","[0.40941494703292847, 0.29317182302474976, 0.1937081217765808, 0.10828018188476562]"
157855.0,2012-03-01T00:00:00.000000000,"[0.7514004111289978, 0.8394088745117188, 2.4675674438476562, 3.127631425857544]","[0.4810255765914917, 0.3712059557437897, 0.2787996232509613, 0.19418472051620483]"
157855.0,2012-06-01T00:00:00.000000000,"[0.8394088745117188, 2.4675674438476562, 3.127631425857544, 1.5874814987182617]","[0.5855359435081482, 0.4894022047519684, 0.41755518317222595, 0.3629438281059265]"
157855.0,2012-09-01T00:00:00.000000000,"[2.4675674438476562, 3.127631425857544, 1.5874814987182617, 1.9615180492401123]","[0.5301720499992371, 0.4264645576477051, 0.34593600034713745, 0.3359704315662384]"
157855.0,2012-12-01T00:00:00.000000000,"[3.127631425857544, 1.5874814987182617, 1.9615180492401123, 2.5555758476257324]","[1.332128882408142, 1.3606605529785156, 1.4354395866394043, 1.3310649394989014]"
157855.0,2013-03-01T00:00:00.000000000,"[1.5874814987182617, 1.9615180492401123, 2.5555758476257324, 2.0935308933258057]","[1.8163279294967651, 1.8506567478179932, 1.9466780424118042, 1.8103725910186768]"
160329.0,2006-06-01T00:00:00.000000000,"[-0.03187587484717369, -0.002172973472625017, 0.056132733821868896, 0.022029396146535873]","[-0.0002675354480743408, 0.0039017200469970703, -0.005595564842224121, -0.03466928005218506]"
160329.0,2006-09-01T00:00:00.000000000,"[-0.002172973472625017, 0.056132733821868896, 0.022029396146535873, 0.06823388487100601]","[-0.001000732183456421, -0.007806181907653809, -0.01329091191291809, -0.04092675447463989]"
160329.0,2006-12-01T00:00:00.000000000,"[0.056132733821868896, 0.022029396146535873, 0.06823388487100601, 0.1078377515077591]","[0.0033747851848602295, -0.02330973744392395, -0.017949044704437256, 0.0031001269817352295]"
160329.0,2007-03-01T00:00:00.000000000,"[0.022029396146535873, 0.06823388487100601, 0.1078377515077591, 0.25305184721946716]","[0.043192118406295776, 0.006431132555007935, 0.023774385452270508, 0.05024680495262146]"
160329.0,2007-06-01T00:00:00.000000000,"[0.06823388487100601, 0.1078377515077591, 0.25305184721946716, 0.12433934211730957]","[0.02174168825149536, 0.009230583906173706, 0.008413553237915039, -0.007191777229309082]"
160329.0,2007-09-01T00:00:00.000000000,"[0.1078377515077591, 0.25305184721946716, 0.12433934211730957, 0.22554919123649597]","[0.06587043404579163, 0.061169177293777466, 0.05717933177947998, 0.04958179593086243]"
160329.0,2007-12-01T00:00:00.000000000,"[0.25305184721946716, 0.12433934211730957, 0.22554919123649597, 0.2959560453891754]","[0.12016519904136658, 0.07780733704566956, 0.09069070219993591, 0.10205191373825073]"
160329.0,2008-03-01T00:00:00.000000000,"[0.12433934211730957, 0.22554919123649597, 0.2959560453891754, 0.32895922660827637]","[0.13339723646640778, 0.14059187471866608, 0.16015993058681488, 0.13388817012310028]"
160329.0,2008-06-01T00:00:00.000000000,"[0.22554919123649597, 0.2959560453891754, 0.32895922660827637, 0.14964181184768677]","[0.11769871413707733, 0.12825129926204681, 0.14878420531749725, 0.12331803143024445]"
160329.0,2008-09-01T00:00:00.000000000,"[0.2959560453891754, 0.32895922660827637, 0.14964181184768677, -0.14958731830120087]","[0.10468834638595581, 0.08449101448059082, 0.0736735463142395, 0.04654374718666077]"
160329.0,2008-12-01T00:00:00.000000000,"[0.32895922660827637, 0.14964181184768677, -0.14958731830120087, 0.35206151008605957]","[0.16762489080429077, 0.13091343641281128, 0.10732275247573853, 0.08146330714225769]"
160329.0,2009-03-01T00:00:00.000000000,"[0.14964181184768677, -0.14958731830120087, 0.35206151008605957, 0.36636292934417725]","[0.14332664012908936, 0.09112836420536041, 0.050253644585609436, 0.029191404581069946]"
160329.0,2009-06-01T00:00:00.000000000,"[-0.14958731830120087, 0.35206151008605957, 0.36636292934417725, 0.3916653096675873]","[0.06616315990686417, -0.003209628164768219, -0.06641566008329391, -0.08845469355583191]"
160329.0,2009-09-01T00:00:00.000000000,"[0.35206151008605957, 0.36636292934417725, 0.3916653096675873, 0.5918847918510437]","[-0.0351007878780365, -0.07954371720552444, -0.12415065616369247, -0.12634669244289398]"
160329.0,2009-12-01T00:00:00.000000000,"[0.36636292934417725, 0.3916653096675873, 0.5918847918510437, 0.735998809337616]","[0.16906803846359253, 0.17111888527870178, 0.1811474859714508, 0.1730738878250122]"
160329.0,2010-03-01T00:00:00.000000000,"[0.3916653096675873, 0.5918847918510437, 0.735998809337616, 0.7040956616401672]","[0.21597561240196228, 0.20525270700454712, 0.20607510209083557, 0.20845308899879456]"
160329.0,2010-06-01T00:00:00.000000000,"[0.5918847918510437, 0.735998809337616, 0.7040956616401672, 0.6083865165710449]","[0.2476801574230194, 0.2363114058971405, 0.2369653582572937, 0.2391987144947052]"
160329.0,2010-09-01T00:00:00.000000000,"[0.735998809337616, 0.7040956616401672, 0.6083865165710449, 0.862511157989502]","[0.34169551730155945, 0.31448179483413696, 0.3015437722206116, 0.2808813452720642]"
160329.0,2010-12-01T00:00:00.000000000,"[0.7040956616401672, 0.6083865165710449, 0.862511157989502, 0.48407435417175293]","[0.4153963625431061, 0.38445016741752625, 0.3692307770252228, 0.3417375683784485]"
160329.0,2011-03-01T00:00:00.000000000,"[0.6083865165710449, 0.862511157989502, 0.48407435417175293, 0.9879233241081238]","[0.4394398033618927, 0.3987150192260742, 0.37329888343811035, 0.3449358344078064]"
160329.0,2011-06-01T00:00:00.000000000,"[0.862511157989502, 0.48407435417175293, 0.9879233241081238, 0.3850646913051605]","[0.4095473885536194, 0.3527151942253113, 0.3075892925262451, 0.27374503016471863]"
160329.0,2011-09-01T00:00:00.000000000,"[0.48407435417175293, 0.9879233241081238, 0.3850646913051605, 0.4136675000190735]","[0.5693013072013855, 0.5161718130111694, 0.4804101586341858, 0.43197983503341675]"
160329.0,2011-12-01T00:00:00.000000000,"[0.9879233241081238, 0.3850646913051605, 0.4136675000190735, 1.103434681892395]","[0.5539998412132263, 0.5834926962852478, 0.6234064698219299, 0.580651044845581]"
160329.0,2012-03-01T00:00:00.000000000,"[0.3850646913051605, 0.4136675000190735, 1.103434681892395, 1.752497673034668]","[0.6156648993492126, 0.565353274345398, 0.5349379181861877, 0.5210744142532349]"
160329.0,2012-06-01T00:00:00.000000000,"[0.4136675000190735, 1.103434681892395, 1.752497673034668, 2.1914403438568115]","[0.40636223554611206, 0.32367557287216187, 0.24868592619895935, 0.23968136310577393]"
160329.0,2012-09-01T00:00:00.000000000,"[1.103434681892395, 1.752497673034668, 2.1914403438568115, 2.2981507778167725]","[0.47290998697280884, 0.4410819113254547, 0.41600245237350464, 0.3985993266105652]"
160329.0,2012-12-01T00:00:00.000000000,"[1.752497673034668, 2.1914403438568115, 2.2981507778167725, 2.3784584999084473]","[0.7837531566619873, 0.7954757213592529, 0.8258483409881592, 0.7868101596832275]"
160329.0,2013-03-01T00:00:00.000000000,"[2.1914403438568115, 2.2981507778167725, 2.3784584999084473, 2.675487518310547]","[1.0243011713027954, 1.00558340549469, 1.019052505493164, 0.9987719058990479]"
162887.0,2007-03-01T00:00:00.000000000,"[-0.7942500114440918, -0.7282435894012451, -0.7392446994781494, -0.6897398233413696]","[-0.7205566167831421, -0.718427300453186, -0.711975634098053, -0.720086932182312]"
162887.0,2007-06-01T00:00:00.000000000,"[-0.7282435894012451, -0.7392446994781494, -0.6897398233413696, -0.8272532224655151]","[-0.7530019879341125, -0.748638927936554, -0.7422477006912231, -0.7483197450637817]"
162887.0,2007-09-01T00:00:00.000000000,"[-0.7392446994781494, -0.6897398233413696, -0.8272532224655151, -0.8327537775039673]","[-0.739499568939209, -0.7439647912979126, -0.7445580363273621, -0.7443398237228394]"
162887.0,2007-12-01T00:00:00.000000000,"[-0.6897398233413696, -0.8272532224655151, -0.8327537775039673, -0.8217527270317078]","[-0.7230162620544434, -0.7242195010185242, -0.7213163375854492, -0.7236102819442749]"
162887.0,2008-03-01T00:00:00.000000000,"[-0.8272532224655151, -0.8327537775039673, -0.8217527270317078, -0.7502457499504089]","[-0.6981618404388428, -0.6981078386306763, -0.6932582855224609, -0.6989025473594666]"
162887.0,2008-06-01T00:00:00.000000000,"[-0.8327537775039673, -0.8217527270317078, -0.7502457499504089, -0.970267117023468]","[-0.7495093941688538, -0.7465582489967346, -0.742125391960144, -0.7443106770515442]"
162887.0,2008-09-01T00:00:00.000000000,"[-0.8217527270317078, -0.7502457499504089, -0.970267117023468, -0.7887494564056396]","[-0.797783374786377, -0.800693154335022, -0.8044653534889221, -0.8015469908714294]"
162887.0,2008-12-01T00:00:00.000000000,"[-0.7502457499504089, -0.970267117023468, -0.7887494564056396, -0.722743034362793]","[-0.7950570583343506, -0.7930228114128113, -0.7919217944145203, -0.787443995475769]"
162887.0,2009-03-01T00:00:00.000000000,"[-0.970267117023468, -0.7887494564056396, -0.722743034362793, -0.6457355618476868]","[-0.775291919708252, -0.7745612263679504, -0.7737471461296082, -0.770372748374939]"
162887.0,2009-06-01T00:00:00.000000000,"[-0.7887494564056396, -0.722743034362793, -0.6457355618476868, -0.8767580389976501]","[-0.8547515869140625, -0.8453794121742249, -0.8369295597076416, -0.8299211859703064]"
162887.0,2009-09-01T00:00:00.000000000,"[-0.722743034362793, -0.6457355618476868, -0.8767580389976501, -0.7557463049888611]","[-0.8155921697616577, -0.8116931319236755, -0.8105692267417908, -0.8054914474487305]"
162887.0,2009-12-01T00:00:00.000000000,"[-0.6457355618476868, -0.8767580389976501, -0.7557463049888611, -0.607231855392456]","[-0.7531244158744812, -0.7549368143081665, -0.7524287104606628, -0.7480663061141968]"
162887.0,2010-03-01T00:00:00.000000000,"[-0.8767580389976501, -0.7557463049888611, -0.607231855392456, -0.4037120044231415]","[-0.7266567349433899, -0.728528618812561, -0.7281186580657959, -0.7267025709152222]"
162887.0,2010-06-01T00:00:00.000000000,"[-0.7557463049888611, -0.607231855392456, -0.4037120044231415, -0.7282435894012451]","[-0.7892683744430542, -0.7930026650428772, -0.7978323101997375, -0.7954946160316467]"
162887.0,2010-09-01T00:00:00.000000000,"[-0.607231855392456, -0.4037120044231415, -0.7282435894012451, -0.6567366123199463]","[-0.7751747965812683, -0.7731987833976746, -0.7723276615142822, -0.7685941457748413]"
162887.0,2010-12-01T00:00:00.000000000,"[-0.4037120044231415, -0.7282435894012451, -0.6567366123199463, -0.34320613741874695]","[-0.7040079236030579, -0.7064163684844971, -0.6990500688552856, -0.6964329481124878]"
162887.0,2011-03-01T00:00:00.000000000,"[-0.7282435894012451, -0.6567366123199463, -0.34320613741874695, -0.06817939877510071]","[-0.6043039560317993, -0.6149818301200867, -0.6127268671989441, -0.6154199838638306]"
162887.0,2011-06-01T00:00:00.000000000,"[-0.6567366123199463, -0.34320613741874695, -0.06817939877510071, -0.45871737599372864]","[-0.6739996075630188, -0.6920445561408997, -0.7074532508850098, -0.7191848158836365]"
162887.0,2011-09-01T00:00:00.000000000,"[-0.34320613741874695, -0.06817939877510071, -0.45871737599372864, -0.26619863510131836]","[-0.7249082326889038, -0.7547427415847778, -0.7845223546028137, -0.7925165891647339]"
162887.0,2011-12-01T00:00:00.000000000,"[-0.06817939877510071, -0.45871737599372864, -0.26619863510131836, -0.1836906224489212]","[-0.5770567655563354, -0.5892853736877441, -0.5835047364234924, -0.5860561728477478]"
162887.0,2012-03-01T00:00:00.000000000,"[-0.45871737599372864, -0.26619863510131836, -0.1836906224489212, -0.20019221305847168]","[-0.4169910252094269, -0.4150235652923584, -0.40134191513061523, -0.42097601294517517]"
162887.0,2012-06-01T00:00:00.000000000,"[-0.26619863510131836, -0.1836906224489212, -0.20019221305847168, -0.5192232131958008]","[-0.4643210470676422, -0.4640207588672638, -0.4563474655151367, -0.4869462847709656]"
162887.0,2012-09-01T00:00:00.000000000,"[-0.1836906224489212, -0.20019221305847168, -0.5192232131958008, -0.28270024061203003]","[-0.4484878480434418, -0.45927894115448, -0.46240925788879395, -0.49139243364334106]"
162887.0,2012-12-01T00:00:00.000000000,"[-0.20019221305847168, -0.5192232131958008, -0.28270024061203003, -0.21119330823421478]","[-0.40832412242889404, -0.44076770544052124, -0.46266818046569824, -0.4864279627799988]"
162887.0,2013-03-01T00:00:00.000000000,"[-0.5192232131958008, -0.28270024061203003, -0.21119330823421478, -0.3267045319080353]","[-0.3564123213291168, -0.39368799328804016, -0.4184247851371765, -0.44358110427856445]"
164296.0,2006-09-01T00:00:00.000000000,"[0.13534040749073029, 0.11333828419446945, 0.26735323667526245, 0.2453511357307434]","[0.18559300899505615, 0.1727786660194397, 0.1748061180114746, 0.1563519835472107]"
164296.0,2007-03-01T00:00:00.000000000,"[0.11333828419446945, 0.26735323667526245, 0.2453511357307434, 0.047331858426332474]","[0.2342730015516281, 0.23311586678028107, 0.2488194853067398, 0.2383532077074051]"
164296.0,2007-06-01T00:00:00.000000000,"[0.26735323667526245, 0.2453511357307434, 0.047331858426332474, 0.2233489453792572]","[0.19703228771686554, 0.19250304996967316, 0.20233236253261566, 0.2013440579175949]"
164296.0,2007-09-01T00:00:00.000000000,"[0.2453511357307434, 0.047331858426332474, 0.2233489453792572, 0.7514004111289978]","[0.14197058975696564, 0.08555473387241364, 0.04103724658489227, 0.0371711403131485]"
164296.0,2007-12-01T00:00:00.000000000,"[0.047331858426332474, 0.2233489453792572, 0.7514004111289978, 0.09133616089820862]","[0.2330641746520996, 0.24024152755737305, 0.25896140933036804, 0.24853619933128357]"
164296.0,2008-03-01T00:00:00.000000000,"[0.2233489453792572, 0.7514004111289978, 0.09133616089820862, 0.44337034225463867]","[0.13260164856910706, 0.12870991230010986, 0.1321330964565277, 0.14505904912948608]"
164296.0,2008-06-01T00:00:00.000000000,"[0.7514004111289978, 0.09133616089820862, 0.44337034225463867, 0.2453511357307434]","[0.17510700225830078, 0.1695035994052887, 0.17256808280944824, 0.18396538496017456]"
164296.0,2008-09-01T00:00:00.000000000,"[0.09133616089820862, 0.44337034225463867, 0.2453511357307434, 0.7954046130180359]","[0.27327048778533936, 0.25270599126815796, 0.24448062479496002, 0.249974325299263]"
164296.0,2008-12-01T00:00:00.000000000,"[0.44337034225463867, 0.2453511357307434, 0.7954046130180359, 0.2453511357307434]","[0.31870633363723755, 0.30857983231544495, 0.31278708577156067, 0.3217984437942505]"
164296.0,2009-03-01T00:00:00.000000000,"[0.2453511357307434, 0.7954046130180359, 0.2453511357307434, 0.11333828419446945]","[0.36458465456962585, 0.35861048102378845, 0.36696112155914307, 0.3611847758293152]"
164296.0,2009-06-01T00:00:00.000000000,"[0.7954046130180359, 0.2453511357307434, 0.11333828419446945, 0.4653724431991577]","[0.3194711208343506, 0.3141650855541229, 0.31985145807266235, 0.3204612731933594]"
164296.0,2009-09-01T00:00:00.000000000,"[0.2453511357307434, 0.11333828419446945, 0.4653724431991577, 0.7514004111289978]","[0.4856458902359009, 0.4699585437774658, 0.4739811420440674, 0.4731025695800781]"
164296.0,2009-12-01T00:00:00.000000000,"[0.11333828419446945, 0.4653724431991577, 0.7514004111289978, 0.44337034225463867]","[0.3574838936328888, 0.3662104904651642, 0.3823339343070984, 0.3715105652809143]"
164296.0,2010-03-01T00:00:00.000000000,"[0.4653724431991577, 0.7514004111289978, 0.44337034225463867, 0.9274174571037292]","[0.2737292945384979, 0.2773161232471466, 0.2834045886993408, 0.2798670530319214]"
164296.0,2010-06-01T00:00:00.000000000,"[0.7514004111289978, 0.44337034225463867, 0.9274174571037292, 1.2134451866149902]","[0.38764825463294983, 0.3918849229812622, 0.40454229712486267, 0.3990873098373413]"
164296.0,2010-09-01T00:00:00.000000000,"[0.44337034225463867, 0.9274174571037292, 1.2134451866149902, 1.4334666728973389]","[0.5183194875717163, 0.5154386162757874, 0.5273621678352356, 0.5181728601455688]"
164296.0,2010-12-01T00:00:00.000000000,"[0.9274174571037292, 1.2134451866149902, 1.4334666728973389, 1.2134451866149902]","[0.4272977113723755, 0.41956835985183716, 0.42135095596313477, 0.4270588159561157]"
164296.0,2011-03-01T00:00:00.000000000,"[1.2134451866149902, 1.4334666728973389, 1.2134451866149902, 1.455468773841858]","[0.6103402376174927, 0.5831412076950073, 0.5745144486427307, 0.5669788122177124]"
164296.0,2011-06-01T00:00:00.000000000,"[1.4334666728973389, 1.2134451866149902, 1.455468773841858, 1.2134451866149902]","[0.7606840133666992, 0.7179888486862183, 0.6994636058807373, 0.6800634264945984]"
164296.0,2011-09-01T00:00:00.000000000,"[1.2134451866149902, 1.455468773841858, 1.2134451866149902, 0.9934238195419312]","[0.7970238924026489, 0.7351406812667847, 0.6942333579063416, 0.658388614654541]"
164296.0,2011-12-01T00:00:00.000000000,"[1.455468773841858, 1.2134451866149902, 0.9934238195419312, 1.0814324617385864]","[0.891474187374115, 0.8509953022003174, 0.829204797744751, 0.7612324953079224]"
164296.0,2012-03-01T00:00:00.000000000,"[1.2134451866149902, 0.9934238195419312, 1.0814324617385864, 0.9714217185974121]","[0.9227873086929321, 0.8694368600845337, 0.8341081142425537, 0.7716151475906372]"
164296.0,2012-06-01T00:00:00.000000000,"[0.9934238195419312, 1.0814324617385864, 0.9714217185974121, 0.4653724431991577]","[0.8735382556915283, 0.7960977554321289, 0.7326523065567017, 0.6760983467102051]"
164296.0,2012-09-01T00:00:00.000000000,"[1.0814324617385864, 0.9714217185974121, 0.4653724431991577, 1.2574495077133179]","[0.877059817314148, 0.8092040419578552, 0.754239559173584, 0.708482027053833]"
164296.0,2012-12-01T00:00:00.000000000,"[0.9714217185974121, 0.4653724431991577, 1.2574495077133179, -0.1726895570755005]","[0.9221432209014893, 0.8820176720619202, 0.8542677164077759, 0.8145612478256226]"
164296.0,2013-03-01T00:00:00.000000000,"[0.4653724431991577, 1.2574495077133179, -0.1726895570755005, -0.5247237682342529]","[0.8830890655517578, 0.7747352123260498, 0.6824296116828918, 0.6703104376792908]"
178015.0,2008-09-01T00:00:00.000000000,"[0.13534040749073029, 0.33335965871810913, 1.499472975730896, 0.003327556187286973]","[0.33204448223114014, 0.3268803060054779, 0.33183565735816956, 0.34946492314338684]"
178015.0,2008-12-01T00:00:00.000000000,"[0.33335965871810913, 1.499472975730896, 0.003327556187286973, 0.15734252333641052]","[0.22956983745098114, 0.23263226449489594, 0.23775427043437958, 0.25914663076400757]"
178015.0,2009-03-01T00:00:00.000000000,"[1.499472975730896, 0.003327556187286973, 0.15734252333641052, 0.5313789248466492]","[0.298895925283432, 0.3023146092891693, 0.3087654411792755, 0.326689213514328]"
178015.0,2009-06-01T00:00:00.000000000,"[0.003327556187286973, 0.15734252333641052, 0.5313789248466492, 2.225543737411499]","[0.6849721670150757, 0.6621540784835815, 0.664608359336853, 0.6717135906219482]"
178015.0,2009-09-01T00:00:00.000000000,"[0.15734252333641052, 0.5313789248466492, 2.225543737411499, 0.5093768239021301]","[0.47075849771499634, 0.4899805188179016, 0.514894962310791, 0.5065858960151672]"
178015.0,2009-12-01T00:00:00.000000000,"[0.5313789248466492, 2.225543737411499, 0.5093768239021301, 0.8614109754562378]","[0.34428465366363525, 0.3331214189529419, 0.3232733905315399, 0.3404451310634613]"
178015.0,2010-03-01T00:00:00.000000000,"[2.225543737411499, 0.5093768239021301, 0.8614109754562378, 0.9494196176528931]","[0.5054030418395996, 0.4695869982242584, 0.46045276522636414, 0.4846726357936859]"
178015.0,2010-06-01T00:00:00.000000000,"[0.5093768239021301, 0.8614109754562378, 0.9494196176528931, 3.369654893875122]","[1.0757503509521484, 1.0722243785858154, 1.101128101348877, 1.0689287185668945]"
178015.0,2010-09-01T00:00:00.000000000,"[0.8614109754562378, 0.9494196176528931, 3.369654893875122, 0.9274174571037292]","[0.8751717805862427, 0.8857035040855408, 0.9150750637054443, 0.8936513066291809]"
178015.0,2010-12-01T00:00:00.000000000,"[0.9494196176528931, 3.369654893875122, 0.9274174571037292, 1.4114645719528198]","[0.8335534334182739, 0.853756308555603, 0.8840850591659546, 0.8386479616165161]"
178015.0,2011-03-01T00:00:00.000000000,"[3.369654893875122, 0.9274174571037292, 1.4114645719528198, 1.4114645719528198]","[0.8583499789237976, 0.8425523042678833, 0.8518419861793518, 0.8325495719909668]"
178015.0,2011-06-01T00:00:00.000000000,"[0.9274174571037292, 1.4114645719528198, 1.4114645719528198, 4.315746784210205]","[1.5033564567565918, 1.4578135013580322, 1.4572911262512207, 1.4564170837402344]"
178015.0,2011-09-01T00:00:00.000000000,"[1.4114645719528198, 1.4114645719528198, 4.315746784210205, -0.21669383347034454]","[1.153482437133789, 1.109214425086975, 1.0855422019958496, 1.0664513111114502]"
178015.0,2011-12-01T00:00:00.000000000,"[1.4114645719528198, 4.315746784210205, -0.21669383347034454, 0.8174067735671997]","[0.9906587600708008, 0.8866182565689087, 0.792000412940979, 0.7656564712524414]"
178015.0,2012-03-01T00:00:00.000000000,"[4.315746784210205, -0.21669383347034454, 0.8174067735671997, 1.8515071868896484]","[0.9316295385360718, 0.7243257164955139, 0.5254849791526794, 0.5024843811988831]"
178015.0,2012-06-01T00:00:00.000000000,"[-0.21669383347034454, 0.8174067735671997, 1.8515071868896484, 4.975811004638672]","[2.162444591522217, 2.0692734718322754, 2.1365082263946533, 2.18247127532959]"
178015.0,2012-09-01T00:00:00.000000000,"[0.8174067735671997, 1.8515071868896484, 4.975811004638672, 1.8515071868896484]","[1.0125960111618042, 0.8853488564491272, 0.7511094212532043, 0.7214750051498413]"
178015.0,2012-12-01T00:00:00.000000000,"[1.8515071868896484, 4.975811004638672, 1.8515071868896484, 2.929612159729004]","[1.1497186422348022, 1.1902930736541748, 1.2258234024047852, 1.2439074516296387]"
178015.0,2013-03-01T00:00:00.000000000,"[4.975811004638672, 1.8515071868896484, 2.929612159729004, 2.8636057376861572]","[1.6193437576293945, 1.4544793367385864, 1.3988163471221924, 1.4739418029785156]"
179534.0,2009-03-01T00:00:00.000000000,"[1.1914430856704712, 1.1914430856704712, 1.279451608657837, 1.6754902601242065]","[0.9788506031036377, 0.9878369569778442, 1.0241785049438477, 0.9747489094734192]"
179534.0,2009-06-01T00:00:00.000000000,"[1.1914430856704712, 1.279451608657837, 1.6754902601242065, 1.7414965629577637]","[0.9110569357872009, 0.898730456829071, 0.9078609347343445, 0.8644673824310303]"
179534.0,2009-09-01T00:00:00.000000000,"[1.279451608657837, 1.6754902601242065, 1.7414965629577637, 1.9395159482955933]","[1.0489143133163452, 1.0170725584030151, 1.0101596117019653, 0.9329469203948975]"
179534.0,2009-12-01T00:00:00.000000000,"[1.6754902601242065, 1.7414965629577637, 1.9395159482955933, 1.9615180492401123]","[0.9497693181037903, 0.9271831512451172, 0.9245089292526245, 0.8979656100273132]"
179534.0,2010-03-01T00:00:00.000000000,"[1.7414965629577637, 1.9395159482955933, 1.9615180492401123, 2.1595370769500732]","[1.142583966255188, 1.1393163204193115, 1.1628316640853882, 1.1377640962600708]"
179534.0,2010-06-01T00:00:00.000000000,"[1.9395159482955933, 1.9615180492401123, 2.1595370769500732, 2.181539297103882]","[1.4000309705734253, 1.4043127298355103, 1.4444735050201416, 1.3948233127593994]"
179534.0,2010-09-01T00:00:00.000000000,"[1.9615180492401123, 2.1595370769500732, 2.181539297103882, 2.313552141189575]","[1.384026288986206, 1.352717638015747, 1.3548474311828613, 1.3204100131988525]"
179534.0,2010-12-01T00:00:00.000000000,"[2.1595370769500732, 2.181539297103882, 2.313552141189575, 2.533573627471924]","[1.469851016998291, 1.383437156677246, 1.32789945602417, 1.2369701862335205]"
179534.0,2011-03-01T00:00:00.000000000,"[2.181539297103882, 2.313552141189575, 2.533573627471924, 2.5115716457366943]","[1.587835431098938, 1.5004552602767944, 1.4461671113967896, 1.3551675081253052]"
179534.0,2011-06-01T00:00:00.000000000,"[2.313552141189575, 2.533573627471924, 2.5115716457366943, 2.335554361343384]","[1.819246530532837, 1.8181853294372559, 1.8533433675765991, 1.7537658214569092]"
179534.0,2011-09-01T00:00:00.000000000,"[2.533573627471924, 2.5115716457366943, 2.335554361343384, 1.6534881591796875]","[1.6719367504119873, 1.5538067817687988, 1.4702154397964478, 1.4232397079467773]"
179534.0,2011-12-01T00:00:00.000000000,"[2.5115716457366943, 2.335554361343384, 1.6534881591796875, 1.7634987831115723]","[2.0944292545318604, 2.05281925201416, 2.0605344772338867, 1.9949781894683838]"
179534.0,2012-03-01T00:00:00.000000000,"[2.335554361343384, 1.6534881591796875, 1.7634987831115723, 2.42356276512146]","[2.1439216136932373, 2.087583065032959, 2.0794365406036377, 2.0176422595977783]"
179534.0,2012-06-01T00:00:00.000000000,"[1.6534881591796875, 1.7634987831115723, 2.42356276512146, 2.335554361343384]","[2.1220812797546387, 2.149660110473633, 2.21213698387146, 2.1401607990264893]"
179534.0,2012-09-01T00:00:00.000000000,"[1.7634987831115723, 2.42356276512146, 2.335554361343384, 2.577577829360962]","[1.7970480918884277, 1.7330262660980225, 1.6843547821044922, 1.601294994354248]"
179534.0,2012-12-01T00:00:00.000000000,"[2.42356276512146, 2.335554361343384, 2.577577829360962, 2.8636057376861572]","[1.5944287776947021, 1.4370660781860352, 1.293572187423706, 1.2833583354949951]"
179534.0,2013-03-01T00:00:00.000000000,"[2.335554361343384, 2.577577829360962, 2.8636057376861572, 3.281646251678467]","[2.0198593139648438, 1.9636518955230713, 1.9404551982879639, 1.9488744735717773]"
180652.0,2010-12-01T00:00:00.000000000,"[1.5874814987182617, 1.5654793977737427, 1.7194944620132446, 1.7634987831115723]","[1.4058152437210083, 1.3947489261627197, 1.4104585647583008, 1.3660645484924316]"
180652.0,2011-03-01T00:00:00.000000000,"[1.5654793977737427, 1.7194944620132446, 1.7634987831115723, 1.7855008840560913]","[1.4654778242111206, 1.491990089416504, 1.5412380695343018, 1.4779226779937744]"
180652.0,2011-06-01T00:00:00.000000000,"[1.7194944620132446, 1.7634987831115723, 1.7855008840560913, 1.8735092878341675]","[1.4916801452636719, 1.521289587020874, 1.5720436573028564, 1.5076909065246582]"
180652.0,2011-09-01T00:00:00.000000000,"[1.7634987831115723, 1.7855008840560913, 1.8735092878341675, 2.1375350952148438]","[1.495762825012207, 1.476995587348938, 1.4835559129714966, 1.453525185585022]"
180652.0,2011-12-01T00:00:00.000000000,"[1.7855008840560913, 1.8735092878341675, 2.1375350952148438, 2.2035415172576904]","[1.573261022567749, 1.5838682651519775, 1.6185638904571533, 1.5789343118667603]"
180652.0,2012-03-01T00:00:00.000000000,"[1.8735092878341675, 2.1375350952148438, 2.2035415172576904, 2.0935308933258057]","[1.529439926147461, 1.4625229835510254, 1.4172132015228271, 1.3666596412658691]"
180652.0,2012-06-01T00:00:00.000000000,"[2.1375350952148438, 2.2035415172576904, 2.0935308933258057, 2.0055222511291504]","[1.6061038970947266, 1.5424373149871826, 1.5013048648834229, 1.446420669555664]"
180652.0,2012-09-01T00:00:00.000000000,"[2.2035415172576904, 2.0935308933258057, 2.0055222511291504, 1.8735092878341675]","[1.7272601127624512, 1.6331939697265625, 1.568805456161499, 1.524291753768921]"
180652.0,2012-12-01T00:00:00.000000000,"[2.0935308933258057, 2.0055222511291504, 1.8735092878341675, 2.4675674438476562]","[1.7808647155761719, 1.6682913303375244, 1.585368037223816, 1.5364667177200317]"
180652.0,2013-03-01T00:00:00.000000000,"[2.0055222511291504, 1.8735092878341675, 2.4675674438476562, 2.533573627471924]","[1.7677794694900513, 1.634788990020752, 1.527479648590088, 1.4716166257858276]"
180711.0,2010-12-01T00:00:00.000000000,"[12.170511245727539, 11.51044750213623, 10.762373924255371, 10.652362823486328]","[8.055898666381836, 7.575801849365234, 7.253870964050293, 6.720853805541992]"
180711.0,2011-03-01T00:00:00.000000000,"[11.51044750213623, 10.762373924255371, 10.652362823486328, 11.158411979675293]","[8.039376258850098, 7.124759197235107, 6.373603820800781, 5.924327850341797]"
180711.0,2011-06-01T00:00:00.000000000,"[10.762373924255371, 10.652362823486328, 11.158411979675293, 10.850382804870605]","[8.245979309082031, 7.220354080200195, 6.352652549743652, 5.909491062164307]"
180711.0,2011-09-01T00:00:00.000000000,"[10.652362823486328, 11.158411979675293, 10.850382804870605, 10.608358383178711]","[8.907415390014648, 8.255585670471191, 7.764373779296875, 7.379199981689453]"
180711.0,2011-12-01T00:00:00.000000000,"[11.158411979675293, 10.850382804870605, 10.608358383178711, 11.180415153503418]","[9.948107719421387, 10.053102493286133, 10.326133728027344, 10.023082733154297]"
180711.0,2012-03-01T00:00:00.000000000,"[10.850382804870605, 10.608358383178711, 11.180415153503418, 13.270617485046387]","[10.150104522705078, 9.989490509033203, 9.999897956848145, 9.652280807495117]"
180711.0,2012-06-01T00:00:00.000000000,"[10.608358383178711, 11.180415153503418, 13.270617485046387, 13.842674255371094]","[10.46921157836914, 10.382810592651367, 10.47107219696045, 10.19192886352539]"
180711.0,2012-09-01T00:00:00.000000000,"[11.180415153503418, 13.270617485046387, 13.842674255371094, 13.864675521850586]","[10.721641540527344, 10.758821487426758, 10.969758987426758, 10.77219295501709]"
180711.0,2012-12-01T00:00:00.000000000,"[13.270617485046387, 13.842674255371094, 13.864675521850586, 14.612749099731445]","[9.853718757629395, 8.787581443786621, 7.890288352966309, 7.692668914794922]"
180711.0,2013-03-01T00:00:00.000000000,"[13.842674255371094, 13.864675521850586, 14.612749099731445, 16.48293113708496]","[10.917058944702148, 10.117439270019531, 9.525603294372559, 9.430365562438965]"
183377.0,2010-12-01T00:00:00.000000000,"[-0.4411156475543976, -0.49832120537757874, -0.44551607966423035, -0.40591222047805786]","[-0.5454109311103821, -0.5433714389801025, -0.5383179187774658, -0.5455135107040405]"
183377.0,2011-03-01T00:00:00.000000000,"[-0.49832120537757874, -0.44551607966423035, -0.40591222047805786, -0.36630839109420776]","[-0.534225583076477, -0.5455764532089233, -0.5535167455673218, -0.5646204948425293]"
183377.0,2011-06-01T00:00:00.000000000,"[-0.44551607966423035, -0.40591222047805786, -0.36630839109420776, -0.4367152154445648]","[-0.5478467345237732, -0.5665493011474609, -0.5830289125442505, -0.5968404412269592]"
183377.0,2011-09-01T00:00:00.000000000,"[-0.40591222047805786, -0.36630839109420776, -0.4367152154445648, -0.3399057984352112]","[-0.518450915813446, -0.5332289338111877, -0.5444661974906921, -0.555926501750946]"
183377.0,2011-12-01T00:00:00.000000000,"[-0.36630839109420776, -0.4367152154445648, -0.3399057984352112, -0.313503235578537]","[-0.4799399971961975, -0.4785621762275696, -0.47265297174453735, -0.4819982051849365]"
183377.0,2012-03-01T00:00:00.000000000,"[-0.4367152154445648, -0.3399057984352112, -0.313503235578537, -0.2342955470085144]","[-0.4560598134994507, -0.46102482080459595, -0.4605688452720642, -0.47200968861579895]"
183377.0,2012-06-01T00:00:00.000000000,"[-0.3399057984352112, -0.313503235578537, -0.2342955470085144, -0.34430623054504395]","[-0.47551995515823364, -0.4885111153125763, -0.49770915508270264, -0.5117806196212769]"
183377.0,2012-09-01T00:00:00.000000000,"[-0.313503235578537, -0.2342955470085144, -0.34430623054504395, -0.28270024061203003]","[-0.4467078149318695, -0.4670760929584503, -0.48231619596481323, -0.4976040720939636]"
183377.0,2012-12-01T00:00:00.000000000,"[-0.2342955470085144, -0.34430623054504395, -0.28270024061203003, -0.26509854197502136]","[-0.40575748682022095, -0.4133782386779785, -0.41480502486228943, -0.42891013622283936]"
183377.0,2013-03-01T00:00:00.000000000,"[-0.34430623054504395, -0.28270024061203003, -0.26509854197502136, -0.159488245844841]","[-0.34649574756622314, -0.34446239471435547, -0.33410942554473877, -0.3478134274482727]"
