GVKEY,TGT_START,GROUND_TRUTH,PREDICTIONS
1161.0,2006-06-01T00:00:00.000000000,"[-0.6567366123199463, -0.6347345113754272, -0.7007409334182739, -0.898760199546814]","[-0.7305485606193542, -0.7152522206306458, -0.7548407316207886, -0.7073751091957092]"
1161.0,2006-09-01T00:00:00.000000000,"[-0.6347345113754272, -0.7007409334182739, -0.898760199546814, -1.0747772455215454]","[-0.7153905630111694, -0.6971538066864014, -0.7496316432952881, -0.7112709283828735]"
1161.0,2006-12-01T00:00:00.000000000,"[-0.7007409334182739, -0.898760199546814, -1.0747772455215454, -1.0747772455215454]","[-0.8192301392555237, -0.8144533634185791, -0.8010473251342773, -0.7160378694534302]"
1161.0,2007-03-01T00:00:00.000000000,"[-0.898760199546814, -1.0747772455215454, -1.0747772455215454, -0.920762300491333]","[-0.8285548686981201, -0.8249685168266296, -0.814559280872345, -0.733657956123352]"
1161.0,2007-06-01T00:00:00.000000000,"[-1.0747772455215454, -1.0747772455215454, -0.920762300491333, -0.9647666215896606]","[-0.8634033799171448, -0.860621988773346, -0.8465362787246704, -0.7641766667366028]"
1161.0,2007-09-01T00:00:00.000000000,"[-1.0747772455215454, -0.920762300491333, -0.9647666215896606, -0.8107516169548035]","[-0.9396469593048096, -0.9306580424308777, -0.9163116812705994, -0.8322274684906006]"
1161.0,2007-12-01T00:00:00.000000000,"[-0.920762300491333, -0.9647666215896606, -0.8107516169548035, -0.6347345113754272]","[-1.1706079244613647, -1.151232361793518, -1.1012818813323975, -0.9872953295707703]"
1161.0,2008-03-01T00:00:00.000000000,"[-0.9647666215896606, -0.8107516169548035, -0.6347345113754272, -0.722743034362793]","[-0.9833670854568481, -0.9754865169525146, -0.9543213844299316, -0.8660597205162048]"
1161.0,2008-06-01T00:00:00.000000000,"[-0.8107516169548035, -0.6347345113754272, -0.722743034362793, -0.7887494564056396]","[-0.936166524887085, -0.8974345922470093, -0.8478212356567383, -0.8377553224563599]"
1161.0,2008-09-01T00:00:00.000000000,"[-0.6347345113754272, -0.722743034362793, -0.7887494564056396, -0.6567366123199463]","[-0.8804988265037537, -0.8331233859062195, -0.837790846824646, -0.7549593448638916]"
1161.0,2008-12-01T00:00:00.000000000,"[-0.722743034362793, -0.7887494564056396, -0.6567366123199463, -0.48071953654289246]","[-0.5583881139755249, -0.5758501291275024, -0.5783315300941467, -0.5009610652923584]"
1161.0,2009-03-01T00:00:00.000000000,"[-0.7887494564056396, -0.6567366123199463, -0.48071953654289246, -0.5247237682342529]","[-0.7038470506668091, -0.7014635801315308, -0.6884700059890747, -0.6259560585021973]"
1161.0,2009-06-01T00:00:00.000000000,"[-0.6567366123199463, -0.48071953654289246, -0.5247237682342529, -0.45871737599372864]","[-0.6842429637908936, -0.5813168883323669, -0.6444094181060791, -0.6167411804199219]"
1161.0,2009-09-01T00:00:00.000000000,"[-0.48071953654289246, -0.5247237682342529, -0.45871737599372864, -0.39271095395088196]","[-0.7345553040504456, -0.7133102416992188, -0.7195503115653992, -0.652485191822052]"
1161.0,2009-12-01T00:00:00.000000000,"[-0.5247237682342529, -0.45871737599372864, -0.39271095395088196, -0.4147131145000458]","[-0.4105324447154999, -0.43454471230506897, -0.4441036581993103, -0.37296828627586365]"
1161.0,2010-03-01T00:00:00.000000000,"[-0.45871737599372864, -0.39271095395088196, -0.4147131145000458, -0.5247237682342529]","[-0.5940130949020386, -0.5574175715446472, -0.5922990441322327, -0.5325020551681519]"
1161.0,2010-06-01T00:00:00.000000000,"[-0.39271095395088196, -0.4147131145000458, -0.5247237682342529, -0.5687280893325806]","[-0.47992420196533203, -0.43334656953811646, -0.37149500846862793, -0.4486396908760071]"
1161.0,2010-09-01T00:00:00.000000000,"[-0.4147131145000458, -0.5247237682342529, -0.5687280893325806, -0.5247237682342529]","[-0.47422629594802856, -0.3843979239463806, -0.4862394332885742, -0.42363184690475464]"
1161.0,2010-12-01T00:00:00.000000000,"[-0.5247237682342529, -0.5687280893325806, -0.5247237682342529, -0.30470237135887146]","[-0.3850651979446411, -0.40152451395988464, -0.4039115309715271, -0.34092360734939575]"
1161.0,2011-03-01T00:00:00.000000000,"[-0.5687280893325806, -0.5247237682342529, -0.30470237135887146, 0.003327556187286973]","[-0.5318824648857117, -0.5331237316131592, -0.4918152093887329, -0.5290682315826416]"
1161.0,2011-06-01T00:00:00.000000000,"[-0.5247237682342529, -0.30470237135887146, 0.003327556187286973, -0.30470237135887146]","[-0.5472140908241272, -0.547674298286438, -0.5160261392593384, -0.5416721701622009]"
1161.0,2011-09-01T00:00:00.000000000,"[-0.30470237135887146, 0.003327556187286973, -0.30470237135887146, -0.30470237135887146]","[-0.557219386100769, -0.565123438835144, -0.5683724880218506, -0.5455071330070496]"
1161.0,2011-12-01T00:00:00.000000000,"[0.003327556187286973, -0.30470237135887146, -0.30470237135887146, 0.20134682953357697]","[-0.4614335000514984, -0.4684656858444214, -0.48836034536361694, -0.46115976572036743]"
1161.0,2012-03-01T00:00:00.000000000,"[-0.30470237135887146, -0.30470237135887146, 0.20134682953357697, 0.44337034225463867]","[-0.35418614745140076, -0.37791773676872253, -0.3944322466850281, -0.36272311210632324]"
1161.0,2012-06-01T00:00:00.000000000,"[-0.30470237135887146, 0.20134682953357697, 0.44337034225463867, 0.44337034225463867]","[-0.43772512674331665, -0.4290323257446289, -0.3845781981945038, -0.4454272985458374]"
1161.0,2012-09-01T00:00:00.000000000,"[0.20134682953357697, 0.44337034225463867, 0.44337034225463867, 0.6853939294815063]","[-0.4391429126262665, -0.3650238513946533, -0.4750838279724121, -0.4403304159641266]"
1161.0,2012-12-01T00:00:00.000000000,"[0.44337034225463867, 0.44337034225463867, 0.6853939294815063, 0.9054153561592102]","[-0.25382518768310547, -0.24410542845726013, -0.30921900272369385, -0.2690449059009552]"
1161.0,2013-03-01T00:00:00.000000000,"[0.44337034225463867, 0.6853939294815063, 0.9054153561592102, 1.323456048965454]","[-0.14864349365234375, -0.1669456958770752, -0.18698984384536743, -0.17107993364334106]"
1300.0,2006-06-01T00:00:00.000000000,"[2.335554361343384, 2.533573627471924, 2.4455649852752686, 2.4015607833862305]","[1.8388534784317017, 1.836287498474121, 1.7747523784637451, 1.8156065940856934]"
1300.0,2006-09-01T00:00:00.000000000,"[2.533573627471924, 2.4455649852752686, 2.4015607833862305, 2.621582269668579]","[1.9433176517486572, 1.9613161087036133, 1.8436756134033203, 1.9167296886444092]"
1300.0,2006-12-01T00:00:00.000000000,"[2.4455649852752686, 2.4015607833862305, 2.621582269668579, 2.819601535797119]","[2.0698258876800537, 2.0081748962402344, 1.965773582458496, 2.041809558868408]"
1300.0,2007-03-01T00:00:00.000000000,"[2.4015607833862305, 2.621582269668579, 2.819601535797119, 2.775597333908081]","[2.0541882514953613, 2.0654494762420654, 1.9856655597686768, 2.02803373336792]"
1300.0,2007-06-01T00:00:00.000000000,"[2.621582269668579, 2.819601535797119, 2.775597333908081, 2.665586471557617]","[2.08703875541687, 2.121654510498047, 2.023501396179199, 2.062251091003418]"
1300.0,2007-09-01T00:00:00.000000000,"[2.819601535797119, 2.775597333908081, 2.665586471557617, 2.9516141414642334]","[2.190048933029175, 2.2133491039276123, 2.085596799850464, 2.165109872817993]"
1300.0,2007-12-01T00:00:00.000000000,"[2.775597333908081, 2.665586471557617, 2.9516141414642334, 2.819601535797119]","[2.3354969024658203, 2.268944263458252, 2.2251534461975098, 2.307781219482422]"
1300.0,2008-03-01T00:00:00.000000000,"[2.665586471557617, 2.9516141414642334, 2.819601535797119, 3.127631425857544]","[2.3446884155273438, 2.3538851737976074, 2.2636961936950684, 2.316758871078491]"
1300.0,2008-06-01T00:00:00.000000000,"[2.9516141414642334, 2.819601535797119, 3.127631425857544, 2.9516141414642334]","[2.362414598464966, 2.3975770473480225, 2.300633430480957, 2.336491107940674]"
1300.0,2008-09-01T00:00:00.000000000,"[2.819601535797119, 3.127631425857544, 2.9516141414642334, 3.259644031524658]","[2.490212917327881, 2.516326904296875, 2.373537540435791, 2.4628827571868896]"
1300.0,2008-12-01T00:00:00.000000000,"[3.127631425857544, 2.9516141414642334, 3.259644031524658, 3.1496336460113525]","[2.525556802749634, 2.457071542739868, 2.4229536056518555, 2.506951332092285]"
1300.0,2009-03-01T00:00:00.000000000,"[2.9516141414642334, 3.259644031524658, 3.1496336460113525, 3.369654893875122]","[2.651216506958008, 2.6703765392303467, 2.5226027965545654, 2.621793746948242]"
1300.0,2009-06-01T00:00:00.000000000,"[3.259644031524658, 3.1496336460113525, 3.369654893875122, 3.5896763801574707]","[2.6966328620910645, 2.680392026901245, 2.6571168899536133, 2.6623151302337646]"
1300.0,2009-09-01T00:00:00.000000000,"[3.1496336460113525, 3.369654893875122, 3.5896763801574707, 3.8096976280212402]","[2.829763889312744, 2.8722803592681885, 2.690481185913086, 2.79398250579834]"
1300.0,2009-12-01T00:00:00.000000000,"[3.369654893875122, 3.5896763801574707, 3.8096976280212402, 3.765693426132202]","[2.868682384490967, 2.7860937118530273, 2.742664337158203, 2.8438069820404053]"
1300.0,2010-03-01T00:00:00.000000000,"[3.5896763801574707, 3.8096976280212402, 3.765693426132202, 3.5016677379608154]","[2.9690659046173096, 2.9770166873931885, 2.824267864227295, 2.9360849857330322]"
1300.0,2010-06-01T00:00:00.000000000,"[3.8096976280212402, 3.765693426132202, 3.5016677379608154, 3.523669719696045]","[3.1382339000701904, 3.1041221618652344, 3.0020530223846436, 3.09547758102417]"
1300.0,2010-09-01T00:00:00.000000000,"[3.765693426132202, 3.5016677379608154, 3.523669719696045, 3.919708251953125]","[3.2577993869781494, 3.2565388679504395, 3.0969462394714355, 3.2122347354888916]"
1300.0,2010-12-01T00:00:00.000000000,"[3.5016677379608154, 3.523669719696045, 3.919708251953125, 3.875704050064087]","[3.3020811080932617, 3.2595009803771973, 3.167041301727295, 3.2626285552978516]"
1300.0,2011-03-01T00:00:00.000000000,"[3.523669719696045, 3.919708251953125, 3.875704050064087, 3.831699848175049]","[3.2343058586120605, 3.2637555599212646, 3.107670783996582, 3.207941770553589]"
1300.0,2011-06-01T00:00:00.000000000,"[3.919708251953125, 3.875704050064087, 3.831699848175049, 4.161732196807861]","[3.270348072052002, 3.2762439250946045, 3.1444125175476074, 3.2484829425811768]"
1300.0,2011-09-01T00:00:00.000000000,"[3.875704050064087, 3.831699848175049, 4.161732196807861, 2.071528673171997]","[3.4655489921569824, 3.4166460037231445, 3.330575942993164, 3.431757926940918]"
1300.0,2011-12-01T00:00:00.000000000,"[3.831699848175049, 4.161732196807861, 2.071528673171997, 2.7315926551818848]","[3.3919098377227783, 3.3452022075653076, 3.3138656616210938, 3.371854305267334]"
1300.0,2012-03-01T00:00:00.000000000,"[4.161732196807861, 2.071528673171997, 2.7315926551818848, 3.8537018299102783]","[3.524555206298828, 3.6707615852355957, 3.5462565422058105, 3.470278024673462]"
1300.0,2012-06-01T00:00:00.000000000,"[2.071528673171997, 2.7315926551818848, 3.8537018299102783, 3.523669719696045]","[3.692260503768921, 3.7916622161865234, 3.615952491760254, 3.639793872833252]"
1300.0,2012-09-01T00:00:00.000000000,"[2.7315926551818848, 3.8537018299102783, 3.523669719696045, 3.7436912059783936]","[2.9049971103668213, 2.903836250305176, 3.080120801925659, 2.9436419010162354]"
1300.0,2012-12-01T00:00:00.000000000,"[3.8537018299102783, 3.523669719696045, 3.7436912059783936, 3.7436912059783936]","[3.0364322662353516, 3.2309250831604004, 2.9874963760375977, 3.0810680389404297]"
1300.0,2013-03-01T00:00:00.000000000,"[3.523669719696045, 3.7436912059783936, 3.7436912059783936, 3.8977060317993164]","[3.5138089656829834, 3.4602439403533936, 3.4663093090057373, 3.504765033721924]"
1440.0,2006-06-01T00:00:00.000000000,"[1.0594303607940674, 1.5214751958847046, 0.35536178946495056, 2.115532875061035]","[1.2761428356170654, 1.5575472116470337, 1.206112027168274, 1.2777701616287231]"
1440.0,2006-09-01T00:00:00.000000000,"[1.5214751958847046, 0.35536178946495056, 2.115532875061035, 1.2354472875595093]","[1.1868188381195068, 1.1895463466644287, 1.4113473892211914, 1.191196084022522]"
1440.0,2006-12-01T00:00:00.000000000,"[0.35536178946495056, 2.115532875061035, 1.2354472875595093, 1.6314857006072998]","[1.2096139192581177, 1.4812421798706055, 1.1521698236465454, 1.22297203540802]"
1440.0,2007-03-01T00:00:00.000000000,"[2.115532875061035, 1.2354472875595093, 1.6314857006072998, 0.35536178946495056]","[0.6794270277023315, 0.7616237998008728, 1.0960227251052856, 0.8104658722877502]"
1440.0,2007-06-01T00:00:00.000000000,"[1.2354472875595093, 1.6314857006072998, 0.35536178946495056, 1.5434772968292236]","[1.351422667503357, 1.6259061098098755, 1.2758276462554932, 1.351894497871399]"
1440.0,2007-09-01T00:00:00.000000000,"[1.6314857006072998, 0.35536178946495056, 1.5434772968292236, 1.3894624710083008]","[1.372771143913269, 1.3668625354766846, 1.6146363019943237, 1.3580873012542725]"
1440.0,2007-12-01T00:00:00.000000000,"[0.35536178946495056, 1.5434772968292236, 1.3894624710083008, 2.1595370769500732]","[1.2454262971878052, 1.5078502893447876, 1.193114161491394, 1.2626399993896484]"
1440.0,2008-03-01T00:00:00.000000000,"[1.5434772968292236, 1.3894624710083008, 2.1595370769500732, 0.7734025120735168]","[0.8038252592086792, 0.8715799450874329, 1.1744409799575806, 0.9122874140739441]"
1440.0,2008-06-01T00:00:00.000000000,"[1.3894624710083008, 2.1595370769500732, 0.7734025120735168, 1.4114645719528198]","[1.142939567565918, 1.381992220878601, 1.1146448850631714, 1.1764473915100098]"
1440.0,2008-09-01T00:00:00.000000000,"[2.1595370769500732, 0.7734025120735168, 1.4114645719528198, 0.9494196176528931]","[1.3379206657409668, 1.3345537185668945, 1.5209412574768066, 1.3412175178527832]"
1440.0,2008-12-01T00:00:00.000000000,"[0.7734025120735168, 1.4114645719528198, 0.9494196176528931, 1.7194944620132446]","[1.5334571599960327, 1.6398181915283203, 1.462934970855713, 1.5316466093063354]"
1440.0,2009-03-01T00:00:00.000000000,"[1.4114645719528198, 0.9494196176528931, 1.7194944620132446, 1.1694409847259521]","[1.0940781831741333, 1.1389555931091309, 1.5461513996124268, 1.1260913610458374]"
1440.0,2009-06-01T00:00:00.000000000,"[0.9494196176528931, 1.7194944620132446, 1.1694409847259521, 1.4114645719528198]","[1.2024295330047607, 1.4835762977600098, 1.1642305850982666, 1.2309465408325195]"
1440.0,2009-09-01T00:00:00.000000000,"[1.7194944620132446, 1.1694409847259521, 1.4114645719528198, 1.5214751958847046]","[1.2022247314453125, 1.210964322090149, 1.352447509765625, 1.2364789247512817]"
1440.0,2009-12-01T00:00:00.000000000,"[1.1694409847259521, 1.4114645719528198, 1.5214751958847046, 2.071528673171997]","[1.292673110961914, 1.3933054208755493, 1.264391303062439, 1.3229286670684814]"
1440.0,2010-03-01T00:00:00.000000000,"[1.4114645719528198, 1.5214751958847046, 2.071528673171997, 0.8834132552146912]","[1.2389966249465942, 1.2656219005584717, 1.5569889545440674, 1.2762879133224487]"
1440.0,2010-06-01T00:00:00.000000000,"[1.5214751958847046, 2.071528673171997, 0.8834132552146912, 1.9175138473510742]","[1.2993474006652832, 1.5144717693328857, 1.2590863704681396, 1.3238929510116577]"
1440.0,2010-09-01T00:00:00.000000000,"[2.071528673171997, 0.8834132552146912, 1.9175138473510742, 1.499472975730896]","[1.4882030487060547, 1.4693989753723145, 1.5461291074752808, 1.4953579902648926]"
1440.0,2010-12-01T00:00:00.000000000,"[0.8834132552146912, 1.9175138473510742, 1.499472975730896, 2.5115716457366943]","[1.6921197175979614, 1.7632397413253784, 1.6371666193008423, 1.6806293725967407]"
1440.0,2011-03-01T00:00:00.000000000,"[1.9175138473510742, 1.499472975730896, 2.5115716457366943, 0.6193875670433044]","[1.2330431938171387, 1.2769324779510498, 1.7097759246826172, 1.2692139148712158]"
1440.0,2011-06-01T00:00:00.000000000,"[1.499472975730896, 2.5115716457366943, 0.6193875670433044, 1.5434772968292236]","[1.559098243713379, 1.8528783321380615, 1.4807097911834717, 1.5584282875061035]"
1440.0,2011-09-01T00:00:00.000000000,"[2.5115716457366943, 0.6193875670433044, 1.5434772968292236, 1.6754902601242065]","[1.5601930618286133, 1.5491586923599243, 1.7216126918792725, 1.5573577880859375]"
1440.0,2011-12-01T00:00:00.000000000,"[0.6193875670433044, 1.5434772968292236, 1.6754902601242065, 2.533573627471924]","[1.7569379806518555, 1.9637205600738525, 1.6636183261871338, 1.7441288232803345]"
1440.0,2012-03-01T00:00:00.000000000,"[1.5434772968292236, 1.6754902601242065, 2.533573627471924, 1.2134451866149902]","[1.1142058372497559, 1.1870020627975464, 1.6559581756591797, 1.1853421926498413]"
1440.0,2012-06-01T00:00:00.000000000,"[1.6754902601242065, 2.533573627471924, 1.2134451866149902, 1.8295050859451294]","[1.3222675323486328, 1.6784636974334717, 1.2841594219207764, 1.3560168743133545]"
1440.0,2012-09-01T00:00:00.000000000,"[2.533573627471924, 1.2134451866149902, 1.8295050859451294, 1.8955113887786865]","[1.599938154220581, 1.5859739780426025, 1.694955587387085, 1.6117762327194214]"
1440.0,2012-12-01T00:00:00.000000000,"[1.2134451866149902, 1.8295050859451294, 1.8955113887786865, 2.4455649852752686]","[1.7333123683929443, 1.900693655014038, 1.6573196649551392, 1.7349859476089478]"
1440.0,2013-03-01T00:00:00.000000000,"[1.8295050859451294, 1.8955113887786865, 2.4455649852752686, 1.455468773841858]","[1.5410513877868652, 1.5579376220703125, 1.9584474563598633, 1.5276119709014893]"
1447.0,2006-06-01T00:00:00.000000000,"[2.335554361343384, 2.379558563232422, 1.9835201501846313, 2.5555758476257324]","[1.7803404331207275, 1.8711297512054443, 1.681093692779541, 1.7638940811157227]"
1447.0,2006-09-01T00:00:00.000000000,"[2.379558563232422, 1.9835201501846313, 2.5555758476257324, 2.42356276512146]","[1.8729333877563477, 1.9014928340911865, 1.8500837087631226, 1.8474997282028198]"
1447.0,2006-12-01T00:00:00.000000000,"[1.9835201501846313, 2.5555758476257324, 2.42356276512146, 2.027524471282959]","[1.9065814018249512, 2.010152816772461, 1.8798949718475342, 1.8801915645599365]"
1447.0,2007-03-01T00:00:00.000000000,"[2.5555758476257324, 2.42356276512146, 2.027524471282959, 2.0055222511291504]","[1.806761384010315, 1.9063999652862549, 1.8751165866851807, 1.7901313304901123]"
1447.0,2007-06-01T00:00:00.000000000,"[2.42356276512146, 2.027524471282959, 2.0055222511291504, 2.4455649852752686]","[2.0179078578948975, 2.145176887512207, 1.9048924446105957, 1.9986870288848877]"
1447.0,2007-09-01T00:00:00.000000000,"[2.027524471282959, 2.0055222511291504, 2.4455649852752686, 3.919708251953125]","[2.083446502685547, 2.0663580894470215, 2.132138252258301, 2.055405855178833]"
1447.0,2007-12-01T00:00:00.000000000,"[2.0055222511291504, 2.4455649852752686, 3.919708251953125, 1.9395159482955933]","[1.9046138525009155, 2.071718692779541, 1.9267717599868774, 1.8962335586547852]"
1447.0,2008-03-01T00:00:00.000000000,"[2.4455649852752686, 3.919708251953125, 1.9395159482955933, 1.2354472875595093]","[1.943755865097046, 2.032780408859253, 1.91143000125885, 1.9457788467407227]"
1447.0,2008-06-01T00:00:00.000000000,"[3.919708251953125, 1.9395159482955933, 1.2354472875595093, 2.2475459575653076]","[2.150850772857666, 2.210505485534668, 2.0434367656707764, 2.140416383743286]"
1447.0,2008-09-01T00:00:00.000000000,"[1.9395159482955933, 1.2354472875595093, 2.2475459575653076, 2.533573627471924]","[2.7360055446624756, 2.697361946105957, 2.5793490409851074, 2.6761159896850586]"
1447.0,2008-12-01T00:00:00.000000000,"[1.2354472875595093, 2.2475459575653076, 2.533573627471924, 2.5995800495147705]","[2.1178603172302246, 2.2201590538024902, 2.5114541053771973, 2.078589677810669]"
1447.0,2009-03-01T00:00:00.000000000,"[2.2475459575653076, 2.533573627471924, 2.5995800495147705, 2.775597333908081]","[1.7589881420135498, 2.1271166801452637, 1.69668710231781, 1.8021372556686401]"
1447.0,2009-06-01T00:00:00.000000000,"[2.533573627471924, 2.5995800495147705, 2.775597333908081, 3.3916571140289307]","[2.1733522415161133, 2.141387462615967, 2.1002771854400635, 2.1929144859313965]"
1447.0,2009-09-01T00:00:00.000000000,"[2.5995800495147705, 2.775597333908081, 3.3916571140289307, 3.3476529121398926]","[2.4556941986083984, 2.3914384841918945, 2.3990445137023926, 2.442293643951416]"
1447.0,2009-12-01T00:00:00.000000000,"[2.775597333908081, 3.3916571140289307, 3.3476529121398926, 3.4356613159179688]","[2.632873058319092, 2.639539957046509, 2.6879348754882812, 2.5841774940490723]"
1447.0,2010-03-01T00:00:00.000000000,"[3.3916571140289307, 3.3476529121398926, 3.4356613159179688, 3.127631425857544]","[2.6588425636291504, 2.663666248321533, 2.527200698852539, 2.6337900161743164]"
1447.0,2010-06-01T00:00:00.000000000,"[3.3476529121398926, 3.4356613159179688, 3.127631425857544, 3.721689224243164]","[2.914693832397461, 2.8685667514801025, 2.76798939704895, 2.8703300952911377]"
1447.0,2010-09-01T00:00:00.000000000,"[3.4356613159179688, 3.127631425857544, 3.721689224243164, 3.8537018299102783]","[2.8338396549224854, 2.8200483322143555, 2.8987083435058594, 2.783189535140991]"
1447.0,2010-12-01T00:00:00.000000000,"[3.127631425857544, 3.721689224243164, 3.8537018299102783, 3.875704050064087]","[2.937704563140869, 3.0281643867492676, 2.9817490577697754, 2.877983331680298]"
1447.0,2011-03-01T00:00:00.000000000,"[3.721689224243164, 3.8537018299102783, 3.875704050064087, 3.765693426132202]","[2.9420268535614014, 3.0839004516601562, 2.930367946624756, 2.8915579319000244]"
1447.0,2011-06-01T00:00:00.000000000,"[3.8537018299102783, 3.875704050064087, 3.765693426132202, 0.20134682953357697]","[3.1993532180786133, 3.2816500663757324, 3.043562412261963, 3.1451191902160645]"
1447.0,2011-09-01T00:00:00.000000000,"[3.875704050064087, 3.765693426132202, 0.20134682953357697, -0.06267886608839035]","[3.152134656906128, 3.0777881145477295, 3.0319650173187256, 3.125553607940674]"
1447.0,2011-12-01T00:00:00.000000000,"[3.765693426132202, 0.20134682953357697, -0.06267886608839035, 2.1595370769500732]","[3.2639777660369873, 3.3855984210968018, 3.2889182567596436, 3.2044968605041504]"
1447.0,2012-03-01T00:00:00.000000000,"[0.20134682953357697, -0.06267886608839035, 2.1595370769500732, 3.171635627746582]","[3.3635313510894775, 3.5632622241973877, 3.3286421298980713, 3.301913261413574]"
1447.0,2012-06-01T00:00:00.000000000,"[-0.06267886608839035, 2.1595370769500732, 3.171635627746582, 5.327845573425293]","[1.9995388984680176, 2.228801727294922, 2.341888427734375, 2.186157703399658]"
1447.0,2012-09-01T00:00:00.000000000,"[2.1595370769500732, 3.171635627746582, 5.327845573425293, 5.459857940673828]","[1.5545934438705444, 1.7949306964874268, 1.8303580284118652, 1.9446525573730469]"
1447.0,2012-12-01T00:00:00.000000000,"[3.171635627746582, 5.327845573425293, 5.459857940673828, 4.2937445640563965]","[2.081681489944458, 2.123502731323242, 2.1757540702819824, 2.2814855575561523]"
1447.0,2013-03-01T00:00:00.000000000,"[5.327845573425293, 5.459857940673828, 4.2937445640563965, 4.0957255363464355]","[2.376307725906372, 2.382136106491089, 2.409064292907715, 2.4891436100006104]"
1602.0,2006-06-01T00:00:00.000000000,"[4.513765811920166, 4.359751224517822, 4.051721572875977, 4.755789756774902]","[2.7943992614746094, 2.844705104827881, 2.698666572570801, 2.7878124713897705]"
1602.0,2006-09-01T00:00:00.000000000,"[4.359751224517822, 4.051721572875977, 4.755789756774902, 4.953808784484863]","[3.40034818649292, 3.346334218978882, 3.2316675186157227, 3.3445491790771484]"
1602.0,2006-12-01T00:00:00.000000000,"[4.051721572875977, 4.755789756774902, 4.953808784484863, 5.283841133117676]","[3.5335025787353516, 3.643803596496582, 3.6725430488586426, 3.4314498901367188]"
1602.0,2007-03-01T00:00:00.000000000,"[4.755789756774902, 4.953808784484863, 5.283841133117676, 5.0418171882629395]","[3.474121570587158, 3.7091188430786133, 3.5616064071655273, 3.390786647796631]"
1602.0,2007-06-01T00:00:00.000000000,"[4.953808784484863, 5.283841133117676, 5.0418171882629395, 5.679879665374756]","[3.7581825256347656, 3.909865140914917, 3.5547571182250977, 3.69219970703125]"
1602.0,2007-09-01T00:00:00.000000000,"[5.283841133117676, 5.0418171882629395, 5.679879665374756, 5.5478668212890625]","[4.1667094230651855, 4.163586139678955, 4.084230422973633, 4.061206817626953]"
1602.0,2007-12-01T00:00:00.000000000,"[5.0418171882629395, 5.679879665374756, 5.5478668212890625, 5.943905353546143]","[4.221629619598389, 4.457388877868652, 4.207974910736084, 4.106461524963379]"
1602.0,2008-03-01T00:00:00.000000000,"[5.679879665374756, 5.5478668212890625, 5.943905353546143, 5.6578779220581055]","[4.140213966369629, 4.388920307159424, 4.217514514923096, 4.044744491577148]"
1602.0,2008-06-01T00:00:00.000000000,"[5.5478668212890625, 5.943905353546143, 5.6578779220581055, 6.229933261871338]","[4.443607330322266, 4.718723297119141, 4.182749271392822, 4.364086151123047]"
1602.0,2008-09-01T00:00:00.000000000,"[5.943905353546143, 5.6578779220581055, 6.229933261871338, 6.493958950042725]","[4.601856708526611, 4.642574310302734, 4.498311996459961, 4.520752429962158]"
1602.0,2008-12-01T00:00:00.000000000,"[5.6578779220581055, 6.229933261871338, 6.493958950042725, 6.493958950042725]","[4.934303283691406, 5.153029918670654, 4.834231376647949, 4.816699028015137]"
1602.0,2009-03-01T00:00:00.000000000,"[6.229933261871338, 6.493958950042725, 6.493958950042725, 5.6578779220581055]","[4.943254470825195, 5.124406814575195, 5.012953758239746, 4.828481197357178]"
1602.0,2009-06-01T00:00:00.000000000,"[6.493958950042725, 6.493958950042725, 5.6578779220581055, 6.934001922607422]","[5.249200344085693, 5.48921012878418, 4.955873966217041, 5.150330543518066]"
1602.0,2009-09-01T00:00:00.000000000,"[6.493958950042725, 5.6578779220581055, 6.934001922607422, 7.726078510284424]","[5.149229049682617, 5.075666427612305, 4.916914463043213, 5.105777740478516]"
1602.0,2009-12-01T00:00:00.000000000,"[5.6578779220581055, 6.934001922607422, 7.726078510284424, 7.418048858642578]","[5.5040602684021, 5.844069480895996, 5.549208641052246, 5.373816013336182]"
1602.0,2010-03-01T00:00:00.000000000,"[6.934001922607422, 7.726078510284424, 7.418048858642578, 6.823991298675537]","[5.27018404006958, 5.453083038330078, 5.165895462036133, 5.2163166999816895]"
1602.0,2010-06-01T00:00:00.000000000,"[7.726078510284424, 7.418048858642578, 6.823991298675537, 7.132020950317383]","[5.7515459060668945, 5.927002429962158, 5.462662220001221, 5.675450325012207]"
1602.0,2010-09-01T00:00:00.000000000,"[7.418048858642578, 6.823991298675537, 7.132020950317383, 8.034109115600586]","[6.396427154541016, 6.408234596252441, 6.385554313659668, 6.241949081420898]"
1602.0,2010-12-01T00:00:00.000000000,"[6.823991298675537, 7.132020950317383, 8.034109115600586, 7.3520426750183105]","[6.260042190551758, 6.366728782653809, 6.223715782165527, 6.1474761962890625]"
1602.0,2011-03-01T00:00:00.000000000,"[7.132020950317383, 8.034109115600586, 7.3520426750183105, 7.308038234710693]","[6.243578910827637, 6.61525821685791, 6.341595649719238, 6.119858741760254]"
1602.0,2011-06-01T00:00:00.000000000,"[8.034109115600586, 7.3520426750183105, 7.308038234710693, 8.474151611328125]","[6.446264743804932, 6.7025909423828125, 6.141940116882324, 6.3675713539123535]"
1602.0,2011-09-01T00:00:00.000000000,"[7.3520426750183105, 7.308038234710693, 8.474151611328125, 8.650168418884277]","[6.962121963500977, 6.812150478363037, 6.638655662536621, 6.8699235916137695]"
1602.0,2011-12-01T00:00:00.000000000,"[7.308038234710693, 8.474151611328125, 8.650168418884277, 8.914194107055664]","[6.863102912902832, 7.1500067710876465, 7.008513450622559, 6.723471641540527]"
1602.0,2012-03-01T00:00:00.000000000,"[8.474151611328125, 8.650168418884277, 8.914194107055664, 7.682074069976807]","[6.798952102661133, 7.142257213592529, 6.597433090209961, 6.721390247344971]"
1602.0,2012-06-01T00:00:00.000000000,"[8.650168418884277, 8.914194107055664, 7.682074069976807, 7.440051078796387]","[7.308652877807617, 7.4343671798706055, 6.9725661277771, 7.217108726501465]"
1602.0,2012-09-01T00:00:00.000000000,"[8.914194107055664, 7.682074069976807, 7.440051078796387, 8.936196327209473]","[7.940752983093262, 7.803096771240234, 7.871648788452148, 7.777236461639404]"
1602.0,2012-12-01T00:00:00.000000000,"[7.682074069976807, 7.440051078796387, 8.936196327209473, 9.574258804321289]","[7.779705047607422, 8.056455612182617, 7.69827127456665, 7.63942289352417]"
1602.0,2013-03-01T00:00:00.000000000,"[7.440051078796387, 8.936196327209473, 9.574258804321289, 8.892192840576172]","[7.610630989074707, 7.784499168395996, 7.482626914978027, 7.522983551025391]"
1632.0,2006-06-01T00:00:00.000000000,"[0.5973852872848511, 0.6853939294815063, 0.8174067735671997, 0.6853939294815063]","[0.4862576127052307, 0.511853814125061, 0.5424338579177856, 0.4876781702041626]"
1632.0,2006-09-01T00:00:00.000000000,"[0.6853939294815063, 0.8174067735671997, 0.6853939294815063, 0.9054153561592102]","[0.5468755960464478, 0.5859470367431641, 0.513984203338623, 0.5506354570388794]"
1632.0,2006-12-01T00:00:00.000000000,"[0.8174067735671997, 0.6853939294815063, 0.9054153561592102, 0.9934238195419312]","[0.6270245313644409, 0.6059141159057617, 0.6313960552215576, 0.6222701072692871]"
1632.0,2007-03-01T00:00:00.000000000,"[0.6853939294815063, 0.9054153561592102, 0.9934238195419312, 1.5654793977737427]","[0.6832165718078613, 0.7141802310943604, 0.689123272895813, 0.6700944900512695]"
1632.0,2007-06-01T00:00:00.000000000,"[0.9054153561592102, 0.9934238195419312, 1.5654793977737427, 0.5313789248466492]","[0.6391463279724121, 0.681521475315094, 0.6744699478149414, 0.6306473612785339]"
1632.0,2007-09-01T00:00:00.000000000,"[0.9934238195419312, 1.5654793977737427, 0.5313789248466492, 0.7073960304260254]","[0.7491990327835083, 0.770991325378418, 0.696392297744751, 0.7399115562438965]"
1632.0,2007-12-01T00:00:00.000000000,"[1.5654793977737427, 0.5313789248466492, 0.7073960304260254, 1.103434681892395]","[0.8050835132598877, 0.7743527889251709, 0.770234227180481, 0.7939634323120117]"
1632.0,2008-03-01T00:00:00.000000000,"[0.5313789248466492, 0.7073960304260254, 1.103434681892395, 1.6094835996627808]","[1.0141546726226807, 0.9946434497833252, 0.9341554641723633, 0.987753689289093]"
1632.0,2008-06-01T00:00:00.000000000,"[0.7073960304260254, 1.103434681892395, 1.6094835996627808, 1.3674603700637817]","[0.694805383682251, 0.706089198589325, 0.9116289615631104, 0.6801760196685791]"
1632.0,2008-09-01T00:00:00.000000000,"[1.103434681892395, 1.6094835996627808, 1.3674603700637817, 1.5654793977737427]","[0.6655521392822266, 0.8365957736968994, 0.6241562366485596, 0.6737251281738281]"
1632.0,2008-12-01T00:00:00.000000000,"[1.6094835996627808, 1.3674603700637817, 1.5654793977737427, 2.071528673171997]","[0.8972690105438232, 0.8656248450279236, 0.8471015095710754, 0.8927084803581238]"
1632.0,2009-03-01T00:00:00.000000000,"[1.3674603700637817, 1.5654793977737427, 2.071528673171997, 2.4895694255828857]","[1.10215163230896, 1.0910871028900146, 1.0739860534667969, 1.0740516185760498]"
1632.0,2009-06-01T00:00:00.000000000,"[1.5654793977737427, 2.071528673171997, 2.4895694255828857, 2.42356276512146]","[1.156658411026001, 1.2099450826644897, 1.279625415802002, 1.1060004234313965]"
1632.0,2009-09-01T00:00:00.000000000,"[2.071528673171997, 2.4895694255828857, 2.42356276512146, 2.4895694255828857]","[1.0815691947937012, 1.1464147567749023, 1.010661244392395, 1.0698126554489136]"
1632.0,2009-12-01T00:00:00.000000000,"[2.4895694255828857, 2.42356276512146, 2.4895694255828857, 2.665586471557617]","[1.3589069843292236, 1.332172155380249, 1.2775585651397705, 1.3280826807022095]"
1632.0,2010-03-01T00:00:00.000000000,"[2.42356276512146, 2.4895694255828857, 2.665586471557617, 2.7095906734466553]","[1.535313606262207, 1.576077938079834, 1.5160011053085327, 1.4844133853912354]"
1632.0,2010-06-01T00:00:00.000000000,"[2.4895694255828857, 2.665586471557617, 2.7095906734466553, 2.225543737411499]","[1.5866265296936035, 1.625227928161621, 1.6103086471557617, 1.5385892391204834]"
1632.0,2010-09-01T00:00:00.000000000,"[2.665586471557617, 2.7095906734466553, 2.225543737411499, 2.2915501594543457]","[1.7154409885406494, 1.8968892097473145, 1.638183355331421, 1.6638426780700684]"
1632.0,2010-12-01T00:00:00.000000000,"[2.7095906734466553, 2.225543737411499, 2.2915501594543457, 2.071528673171997]","[1.8405089378356934, 1.8963719606399536, 1.7449498176574707, 1.7972499132156372]"
1632.0,2011-03-01T00:00:00.000000000,"[2.225543737411499, 2.2915501594543457, 2.071528673171997, 1.9175138473510742]","[1.9275598526000977, 2.027162790298462, 1.8862135410308838, 1.877500295639038]"
1632.0,2011-06-01T00:00:00.000000000,"[2.2915501594543457, 2.071528673171997, 1.9175138473510742, 1.5654793977737427]","[1.783745527267456, 1.901644229888916, 1.8781719207763672, 1.7471511363983154]"
1632.0,2011-09-01T00:00:00.000000000,"[2.071528673171997, 1.9175138473510742, 1.5654793977737427, 1.6754902601242065]","[1.9127784967422485, 2.0236682891845703, 1.7884045839309692, 1.8911508321762085]"
1632.0,2011-12-01T00:00:00.000000000,"[1.9175138473510742, 1.5654793977737427, 1.6754902601242065, 2.2915501594543457]","[1.8704744577407837, 1.8906047344207764, 1.8623806238174438, 1.8552148342132568]"
1632.0,2012-03-01T00:00:00.000000000,"[1.5654793977737427, 1.6754902601242065, 2.2915501594543457, 2.4675674438476562]","[1.8319494724273682, 1.9456841945648193, 1.840502142906189, 1.8184120655059814]"
1632.0,2012-06-01T00:00:00.000000000,"[1.6754902601242065, 2.2915501594543457, 2.4675674438476562, 2.4675674438476562]","[1.7672114372253418, 1.8078291416168213, 1.8280553817749023, 1.7654836177825928]"
1632.0,2012-09-01T00:00:00.000000000,"[2.2915501594543457, 2.4675674438476562, 2.4675674438476562, 2.6875884532928467]","[1.721977710723877, 1.8262391090393066, 1.6498593091964722, 1.7396330833435059]"
1632.0,2012-12-01T00:00:00.000000000,"[2.4675674438476562, 2.4675674438476562, 2.6875884532928467, 3.083627223968506]","[2.08844256401062, 2.030224323272705, 1.9826396703720093, 2.076517105102539]"
1632.0,2013-03-01T00:00:00.000000000,"[2.4675674438476562, 2.6875884532928467, 3.083627223968506, 3.1056292057037354]","[2.216421127319336, 2.222261905670166, 2.1962387561798096, 2.181213617324829]"
1690.0,2006-06-01T00:00:00.000000000,"[0.003327556187286973, 0.08033503592014313, 0.9824227690696716, 0.5808836817741394]","[0.026870548725128174, 0.03740513324737549, 0.12517136335372925, 0.002905339002609253]"
1690.0,2006-09-01T00:00:00.000000000,"[0.08033503592014313, 0.9824227690696716, 0.5808836817741394, 0.31685808300971985]","[-0.07047133147716522, 0.05644288659095764, -0.04955223202705383, -0.07795660197734833]"
1690.0,2006-12-01T00:00:00.000000000,"[0.9824227690696716, 0.5808836817741394, 0.31685808300971985, 0.37736397981643677]","[-0.021059662103652954, 0.01635521650314331, -0.06225563585758209, -0.019382447004318237]"
1690.0,2007-03-01T00:00:00.000000000,"[0.5808836817741394, 0.31685808300971985, 0.37736397981643677, 1.103434681892395]","[0.30428969860076904, 0.3008487820625305, 0.22473427653312683, 0.2787795066833496]"
1690.0,2007-06-01T00:00:00.000000000,"[0.31685808300971985, 0.37736397981643677, 1.103434681892395, 0.34436073899269104]","[0.2585662603378296, 0.2542601227760315, 0.4178941249847412, 0.2201605886220932]"
1690.0,2007-09-01T00:00:00.000000000,"[0.37736397981643677, 1.103434681892395, 0.34436073899269104, 0.08033503592014313]","[0.13380996882915497, 0.3218446373939514, 0.1583147495985031, 0.11801855266094208]"
1690.0,2007-12-01T00:00:00.000000000,"[1.103434681892395, 0.34436073899269104, 0.08033503592014313, 0.21784842014312744]","[0.1877964437007904, 0.23565271496772766, 0.13520240783691406, 0.18708890676498413]"
1690.0,2008-03-01T00:00:00.000000000,"[0.34436073899269104, 0.08033503592014313, 0.21784842014312744, 1.147438883781433]","[0.4872676432132721, 0.48864611983299255, 0.4009413421154022, 0.46205416321754456]"
1690.0,2008-06-01T00:00:00.000000000,"[0.08033503592014313, 0.21784842014312744, 1.147438883781433, 0.4543713927268982]","[0.28386542201042175, 0.29861465096473694, 0.4958763122558594, 0.2576448321342468]"
1690.0,2008-09-01T00:00:00.000000000,"[0.21784842014312744, 1.147438883781433, 0.4543713927268982, 0.21784842014312744]","[0.13157735764980316, 0.35140979290008545, 0.11578318476676941, 0.13893231749534607]"
1690.0,2008-12-01T00:00:00.000000000,"[1.147438883781433, 0.4543713927268982, 0.21784842014312744, 0.4378698170185089]","[0.22442735731601715, 0.21875698864459991, 0.1920180469751358, 0.23878102004528046]"
1690.0,2009-03-01T00:00:00.000000000,"[0.4543713927268982, 0.21784842014312744, 0.4378698170185089, 1.4389673471450806]","[0.5621320605278015, 0.5288108587265015, 0.4872078597545624, 0.5454450845718384]"
1690.0,2009-06-01T00:00:00.000000000,"[0.21784842014312744, 0.4378698170185089, 1.4389673471450806, 0.800905168056488]","[0.40679609775543213, 0.39610952138900757, 0.6570152044296265, 0.37864360213279724]"
1690.0,2009-09-01T00:00:00.000000000,"[0.4378698170185089, 1.4389673471450806, 0.800905168056488, 0.5863842368125916]","[0.261764258146286, 0.49990662932395935, 0.2664964497089386, 0.2650240957736969]"
1690.0,2009-12-01T00:00:00.000000000,"[1.4389673471450806, 0.800905168056488, 0.5863842368125916, 0.8999148011207581]","[0.4768160283565521, 0.44959700107574463, 0.4273277521133423, 0.4774702191352844]"
1690.0,2010-03-01T00:00:00.000000000,"[0.800905168056488, 0.5863842368125916, 0.8999148011207581, 1.598482608795166]","[0.8372754454612732, 0.7809951901435852, 0.7431467175483704, 0.8055621385574341]"
1690.0,2010-06-01T00:00:00.000000000,"[0.5863842368125916, 0.8999148011207581, 1.598482608795166, 0.652390718460083]","[0.7110941410064697, 0.6987231969833374, 0.9337984323501587, 0.6645851731300354]"
1690.0,2010-09-01T00:00:00.000000000,"[0.8999148011207581, 1.598482608795166, 0.652390718460083, 0.4983757734298706]","[0.5409887433052063, 0.8039569854736328, 0.5506482124328613, 0.5249487161636353]"
1690.0,2010-12-01T00:00:00.000000000,"[1.598482608795166, 0.652390718460083, 0.4983757734298706, 0.96592116355896]","[0.7474428415298462, 0.7631423473358154, 0.6763912439346313, 0.733934760093689]"
1690.0,2011-03-01T00:00:00.000000000,"[0.652390718460083, 0.4983757734298706, 0.96592116355896, 2.0440258979797363]","[1.0258915424346924, 0.9998428821563721, 0.9227540493011475, 0.991031289100647]"
1690.0,2011-06-01T00:00:00.000000000,"[0.4983757734298706, 0.96592116355896, 2.0440258979797363, 0.7018954753875732]","[0.7386642098426819, 0.8016117811203003, 1.0332814455032349, 0.6977171897888184]"
1690.0,2011-09-01T00:00:00.000000000,"[0.96592116355896, 2.0440258979797363, 0.7018954753875732, 0.7183970808982849]","[0.6267893314361572, 0.8868458271026611, 0.5943952202796936, 0.6249532103538513]"
1690.0,2011-12-01T00:00:00.000000000,"[2.0440258979797363, 0.7018954753875732, 0.7183970808982849, 0.9054153561592102]","[0.879464864730835, 0.8380265235900879, 0.8179291486740112, 0.8710343837738037]"
1690.0,2012-03-01T00:00:00.000000000,"[0.7018954753875732, 0.7183970808982849, 0.9054153561592102, 2.9956183433532715]","[1.2308273315429688, 1.1662156581878662, 1.1268951892852783, 1.1941792964935303]"
1690.0,2012-06-01T00:00:00.000000000,"[0.7183970808982849, 0.9054153561592102, 2.9956183433532715, 2.379558563232422]","[0.7429428100585938, 0.7559291124343872, 1.1809552907943726, 0.7134069204330444]"
1690.0,2012-09-01T00:00:00.000000000,"[0.9054153561592102, 2.9956183433532715, 2.379558563232422, 2.1595370769500732]","[0.7140008807182312, 1.0324211120605469, 0.6519162654876709, 0.7233532667160034]"
1690.0,2012-12-01T00:00:00.000000000,"[2.9956183433532715, 2.379558563232422, 2.1595370769500732, 2.027524471282959]","[0.9142033457756042, 0.8834929466247559, 0.868672251701355, 0.9215553998947144]"
1690.0,2013-03-01T00:00:00.000000000,"[2.379558563232422, 2.1595370769500732, 2.027524471282959, 3.919708251953125]","[1.4857369661331177, 1.4617555141448975, 1.362026572227478, 1.4454941749572754]"
1704.0,2006-06-01T00:00:00.000000000,"[-0.08468098938465118, -0.08468098938465118, -0.10668310523033142, -0.10668310523033142]","[-0.21655946969985962, -0.19189633429050446, -0.22050783038139343, -0.19113574922084808]"
1704.0,2006-09-01T00:00:00.000000000,"[-0.08468098938465118, -0.10668310523033142, -0.10668310523033142, -0.06267886608839035]","[-0.15347903966903687, -0.16103610396385193, -0.1618897020816803, -0.13728095591068268]"
1704.0,2006-12-01T00:00:00.000000000,"[-0.10668310523033142, -0.10668310523033142, -0.06267886608839035, 0.025329740718007088]","[-0.12251870334148407, -0.11896762251853943, -0.11254597455263138, -0.11176024377346039]"
1704.0,2007-03-01T00:00:00.000000000,"[-0.10668310523033142, -0.06267886608839035, 0.025329740718007088, -0.06267886608839035]","[-0.12472616881132126, -0.08573693037033081, -0.11287907510995865, -0.11570847034454346]"
1704.0,2007-06-01T00:00:00.000000000,"[-0.06267886608839035, 0.025329740718007088, -0.06267886608839035, -0.12868529558181763]","[-0.14661571383476257, -0.11193402111530304, -0.1508428156375885, -0.1295911967754364]"
1704.0,2007-09-01T00:00:00.000000000,"[0.025329740718007088, -0.06267886608839035, -0.12868529558181763, 0.047331858426332474]","[-0.11353117227554321, -0.10386263579130173, -0.12697665393352509, -0.10050583630800247]"
1704.0,2007-12-01T00:00:00.000000000,"[-0.06267886608839035, -0.12868529558181763, 0.047331858426332474, 0.3993660807609558]","[-0.0868440568447113, -0.09231385588645935, -0.10404811054468155, -0.07597048580646515]"
1704.0,2008-03-01T00:00:00.000000000,"[-0.12868529558181763, 0.047331858426332474, 0.3993660807609558, 0.7514004111289978]","[-0.11722052097320557, -0.09111268818378448, -0.10274931788444519, -0.10769195109605789]"
1704.0,2008-06-01T00:00:00.000000000,"[0.047331858426332474, 0.3993660807609558, 0.7514004111289978, 0.7734025120735168]","[-0.10752217471599579, -0.06816518306732178, -0.09731213003396988, -0.10011982917785645]"
1704.0,2008-09-01T00:00:00.000000000,"[0.3993660807609558, 0.7514004111289978, 0.7734025120735168, 1.0374282598495483]","[-0.043331488966941833, -0.05898427963256836, -0.06498941779136658, -0.03763110935688019]"
1704.0,2008-12-01T00:00:00.000000000,"[0.7514004111289978, 0.7734025120735168, 1.0374282598495483, 1.1914430856704712]","[0.10052716732025146, 0.07656270265579224, 0.061398595571517944, 0.09124130010604858]"
1704.0,2009-03-01T00:00:00.000000000,"[0.7734025120735168, 1.0374282598495483, 1.1914430856704712, 1.3454581499099731]","[0.23400788009166718, 0.24945800006389618, 0.2155524045228958, 0.20825065672397614]"
1704.0,2009-06-01T00:00:00.000000000,"[1.0374282598495483, 1.1914430856704712, 1.3454581499099731, 1.6314857006072998]","[0.3293946385383606, 0.37783268094062805, 0.3590982258319855, 0.2903095483779907]"
1704.0,2009-09-01T00:00:00.000000000,"[1.1914430856704712, 1.3454581499099731, 1.6314857006072998, 1.9835201501846313]","[0.46143847703933716, 0.5158881545066833, 0.4081028699874878, 0.4227787256240845]"
1704.0,2009-12-01T00:00:00.000000000,"[1.3454581499099731, 1.6314857006072998, 1.9835201501846313, 1.9395159482955933]","[0.47796550393104553, 0.4957217276096344, 0.42544952034950256, 0.4510429799556732]"
1704.0,2010-03-01T00:00:00.000000000,"[1.6314857006072998, 1.9835201501846313, 1.9395159482955933, 1.4334666728973389]","[0.5731168985366821, 0.6356992125511169, 0.5354467034339905, 0.5402644872665405]"
1704.0,2010-06-01T00:00:00.000000000,"[1.9835201501846313, 1.9395159482955933, 1.4334666728973389, 1.0814324617385864]","[0.7878642678260803, 0.8925169706344604, 0.7585558295249939, 0.7358202934265137]"
1704.0,2010-09-01T00:00:00.000000000,"[1.9395159482955933, 1.4334666728973389, 1.0814324617385864, 0.8394088745117188]","[0.9073804616928101, 1.0137380361557007, 0.8286052942276001, 0.8617562055587769]"
1704.0,2010-12-01T00:00:00.000000000,"[1.4334666728973389, 1.0814324617385864, 0.8394088745117188, 0.9274174571037292]","[1.0477454662322998, 1.1385085582733154, 1.0377520322799683, 0.991912841796875]"
1704.0,2011-03-01T00:00:00.000000000,"[1.0814324617385864, 0.8394088745117188, 0.9274174571037292, 1.0594303607940674]","[0.9214271306991577, 1.0865012407302856, 0.9471050500869751, 0.884082555770874]"
1704.0,2011-06-01T00:00:00.000000000,"[0.8394088745117188, 0.9274174571037292, 1.0594303607940674, 1.455468773841858]","[0.8289462327957153, 0.987842321395874, 0.7631961703300476, 0.8215650320053101]"
1704.0,2011-09-01T00:00:00.000000000,"[0.9274174571037292, 1.0594303607940674, 1.455468773841858, 1.2574495077133179]","[0.892245888710022, 0.8797236680984497, 0.824718713760376, 0.8926444053649902]"
1704.0,2011-12-01T00:00:00.000000000,"[1.0594303607940674, 1.455468773841858, 1.2574495077133179, 1.6314857006072998]","[0.9197100400924683, 0.8679330348968506, 0.8419939279556274, 0.9245131015777588]"
1704.0,2012-03-01T00:00:00.000000000,"[1.455468773841858, 1.2574495077133179, 1.6314857006072998, 2.0495264530181885]","[1.0357654094696045, 0.9804115295410156, 1.0149701833724976, 1.022853970527649]"
1704.0,2012-06-01T00:00:00.000000000,"[1.2574495077133179, 1.6314857006072998, 2.0495264530181885, 2.3575565814971924]","[1.1927179098129272, 1.2550472021102905, 1.134940266609192, 1.1606191396713257]"
1704.0,2012-09-01T00:00:00.000000000,"[1.6314857006072998, 2.0495264530181885, 2.3575565814971924, 2.885607957839966]","[1.2766227722167969, 1.2501484155654907, 1.2859469652175903, 1.2373634576797485]"
1704.0,2012-12-01T00:00:00.000000000,"[2.0495264530181885, 2.3575565814971924, 2.885607957839966, 3.479665517807007]","[1.2786238193511963, 1.3402106761932373, 1.1744592189788818, 1.2537180185317993]"
1704.0,2013-03-01T00:00:00.000000000,"[2.3575565814971924, 2.885607957839966, 3.479665517807007, 3.567674398422241]","[1.5187492370605469, 1.5304100513458252, 1.4690444469451904, 1.469832181930542]"
1878.0,2005-09-01T00:00:00.000000000,"[0.003327556187286973, 0.06933397799730301, -0.15068741142749786, -0.15068741142749786]","[0.2251780778169632, 0.24385681748390198, 0.22048905491828918, 0.24119868874549866]"
1878.0,2005-12-01T00:00:00.000000000,"[0.06933397799730301, -0.15068741142749786, -0.15068741142749786, -0.04067668318748474]","[0.05783006548881531, 0.0782371461391449, 0.0946449264883995, 0.11872854828834534]"
1878.0,2006-03-01T00:00:00.000000000,"[-0.15068741142749786, -0.15068741142749786, -0.04067668318748474, -0.28270024061203003]","[0.07674924284219742, 0.09113729000091553, 0.10594433546066284, 0.128540500998497]"
1878.0,2006-06-01T00:00:00.000000000,"[-0.15068741142749786, -0.04067668318748474, -0.28270024061203003, -0.39271095395088196]","[-0.052457571029663086, -0.01522129774093628, 0.0196363627910614, 0.045621007680892944]"
1878.0,2006-09-01T00:00:00.000000000,"[-0.04067668318748474, -0.28270024061203003, -0.39271095395088196, -0.23869597911834717]","[-0.050304606556892395, 0.010937169194221497, 0.009291991591453552, 0.04300844669342041]"
1878.0,2007-09-01T00:00:00.000000000,"[-0.28270024061203003, -0.39271095395088196, -0.23869597911834717, -0.920762300491333]","[-0.02188916504383087, 0.0063462406396865845, 0.03379563242197037, 0.06444399803876877]"
1878.0,2007-12-01T00:00:00.000000000,"[-0.39271095395088196, -0.23869597911834717, -0.920762300491333, -0.5907301902770996]","[-0.129031240940094, -0.08043530583381653, -0.039997026324272156, -0.004130139946937561]"
1878.0,2008-03-01T00:00:00.000000000,"[-0.23869597911834717, -0.920762300491333, -0.5907301902770996, -1.096779465675354]","[-0.21011149883270264, -0.14970088005065918, -0.09881603717803955, -0.05820901691913605]"
1878.0,2008-06-01T00:00:00.000000000,"[-0.920762300491333, -0.5907301902770996, -1.096779465675354, -1.316800832748413]","[-0.1730652153491974, -0.12301389127969742, -0.07862230390310287, -0.03754767030477524]"
1878.0,2008-09-01T00:00:00.000000000,"[-0.5907301902770996, -1.096779465675354, -1.316800832748413, -1.0527751445770264]","[-0.41025814414024353, -0.3217642903327942, -0.24905472993850708, -0.19156622886657715]"
1878.0,2008-12-01T00:00:00.000000000,"[-1.096779465675354, -1.316800832748413, -1.0527751445770264, -0.942764401435852]","[-0.31709957122802734, -0.23115454614162445, -0.1938546746969223, -0.14175982773303986]"
1878.0,2009-03-01T00:00:00.000000000,"[-1.316800832748413, -1.0527751445770264, -0.942764401435852, -0.9647666215896606]","[-0.4986388087272644, -0.4028605818748474, -0.32578739523887634, -0.2633272111415863]"
1878.0,2009-06-01T00:00:00.000000000,"[-1.0527751445770264, -0.942764401435852, -0.9647666215896606, -0.898760199546814]","[-0.645153820514679, -0.500985860824585, -0.4441334307193756, -0.370820015668869]"
1878.0,2009-09-01T00:00:00.000000000,"[-0.942764401435852, -0.9647666215896606, -0.898760199546814, -0.5687280893325806]","[-0.5967538952827454, -0.4935387372970581, -0.42543479800224304, -0.35156917572021484]"
1878.0,2009-12-01T00:00:00.000000000,"[-0.9647666215896606, -0.898760199546814, -0.5687280893325806, -0.28270024061203003]","[-0.5839627385139465, -0.5006839036941528, -0.4276011288166046, -0.3562752604484558]"
1878.0,2010-03-01T00:00:00.000000000,"[-0.898760199546814, -0.5687280893325806, -0.28270024061203003, -0.06267886608839035]","[-0.6402609944343567, -0.555484414100647, -0.478934109210968, -0.4060570001602173]"
1878.0,2010-06-01T00:00:00.000000000,"[-0.5687280893325806, -0.28270024061203003, -0.06267886608839035, 0.3113575577735901]","[-0.624797523021698, -0.5414698719978333, -0.4771965444087982, -0.4045575261116028]"
1878.0,2010-09-01T00:00:00.000000000,"[-0.28270024061203003, -0.06267886608839035, 0.3113575577735901, 0.2893553674221039]","[-0.5027410984039307, -0.44900640845298767, -0.39514613151550293, -0.3294757008552551]"
1878.0,2010-12-01T00:00:00.000000000,"[-0.06267886608839035, 0.3113575577735901, 0.2893553674221039, 0.7293981313705444]","[-0.42257165908813477, -0.3866502046585083, -0.34328487515449524, -0.28028300404548645]"
1878.0,2011-03-01T00:00:00.000000000,"[0.3113575577735901, 0.2893553674221039, 0.7293981313705444, 1.0154259204864502]","[-0.28467801213264465, -0.26862725615501404, -0.22535841166973114, -0.1959208995103836]"
1878.0,2011-06-01T00:00:00.000000000,"[0.2893553674221039, 0.7293981313705444, 1.0154259204864502, 1.323456048965454]","[-0.011647999286651611, -0.025634288787841797, -0.02579425275325775, 0.021441981196403503]"
1878.0,2011-09-01T00:00:00.000000000,"[0.7293981313705444, 1.0154259204864502, 1.323456048965454, 1.1694409847259521]","[0.08684173226356506, 0.06835195422172546, 0.07761956751346588, 0.10768105089664459]"
1878.0,2011-12-01T00:00:00.000000000,"[1.0154259204864502, 1.323456048965454, 1.1694409847259521, 1.455468773841858]","[0.2570955753326416, 0.2526203393936157, 0.20284461975097656, 0.2622154951095581]"
1878.0,2012-03-01T00:00:00.000000000,"[1.323456048965454, 1.1694409847259521, 1.455468773841858, 1.5874814987182617]","[0.41141214966773987, 0.3961109220981598, 0.3558730483055115, 0.4030825197696686]"
1878.0,2012-06-01T00:00:00.000000000,"[1.1694409847259521, 1.455468773841858, 1.5874814987182617, 1.8955113887786865]","[0.5794514417648315, 0.6607176065444946, 0.47654008865356445, 0.5555152297019958]"
1878.0,2012-09-01T00:00:00.000000000,"[1.455468773841858, 1.5874814987182617, 1.8955113887786865, 1.5654793977737427]","[0.5509706139564514, 0.6334704160690308, 0.5147786736488342, 0.5311746597290039]"
1878.0,2012-12-01T00:00:00.000000000,"[1.5874814987182617, 1.8955113887786865, 1.5654793977737427, 1.9615180492401123]","[0.6035827994346619, 0.6059918999671936, 0.5168416500091553, 0.5979812741279602]"
1878.0,2013-03-01T00:00:00.000000000,"[1.8955113887786865, 1.5654793977737427, 1.9615180492401123, 2.2277438640594482]","[0.7249839305877686, 0.6874500513076782, 0.6263594031333923, 0.715840756893158]"
1891.0,2006-06-01T00:00:00.000000000,"[0.6853939294815063, 0.6633917689323425, 0.8394088745117188, 1.5874814987182617]","[1.0721044540405273, 1.0616004467010498, 1.0081760883331299, 1.058294653892517]"
1891.0,2006-09-01T00:00:00.000000000,"[0.6633917689323425, 0.8394088745117188, 1.5874814987182617, 0.5093768239021301]","[0.7977253794670105, 0.8554545640945435, 1.135779619216919, 0.7754248380661011]"
1891.0,2006-12-01T00:00:00.000000000,"[0.8394088745117188, 1.5874814987182617, 0.5093768239021301, 0.7954046130180359]","[0.6972302794456482, 0.980354905128479, 0.6569863557815552, 0.7130652070045471]"
1891.0,2007-03-01T00:00:00.000000000,"[1.5874814987182617, 0.5093768239021301, 0.7954046130180359, 0.8834132552146912]","[0.9057301878929138, 0.8869521617889404, 0.8786311149597168, 0.9179750680923462]"
1891.0,2007-06-01T00:00:00.000000000,"[0.5093768239021301, 0.7954046130180359, 0.8834132552146912, 1.8735092878341675]","[1.0686402320861816, 1.0359594821929932, 1.021454930305481, 1.0658384561538696]"
1891.0,2007-09-01T00:00:00.000000000,"[0.7954046130180359, 0.8834132552146912, 1.8735092878341675, 0.8174067735671997]","[0.8374814987182617, 0.8573533296585083, 1.2196753025054932, 0.8195682168006897]"
1891.0,2007-12-01T00:00:00.000000000,"[0.8834132552146912, 1.8735092878341675, 0.8174067735671997, 1.1914430856704712]","[0.8241650462150574, 1.0945321321487427, 0.7838418483734131, 0.8345410823822021]"
1891.0,2008-03-01T00:00:00.000000000,"[1.8735092878341675, 0.8174067735671997, 1.1914430856704712, 1.2134451866149902]","[0.9152021408081055, 0.9015235900878906, 0.8955443501472473, 0.9328321814537048]"
1891.0,2008-06-01T00:00:00.000000000,"[0.8174067735671997, 1.1914430856704712, 1.2134451866149902, 2.181539297103882]","[1.187243103981018, 1.1686491966247559, 1.130509853363037, 1.1800522804260254]"
1891.0,2008-09-01T00:00:00.000000000,"[1.1914430856704712, 1.2134451866149902, 2.181539297103882, 0.7514004111289978]","[1.071223497390747, 1.0796198844909668, 1.4801084995269775, 1.0289713144302368]"
1891.0,2008-12-01T00:00:00.000000000,"[1.2134451866149902, 2.181539297103882, 0.7514004111289978, 1.301453948020935]","[1.11601984500885, 1.3923258781433105, 1.042171597480774, 1.104034185409546]"
1891.0,2009-03-01T00:00:00.000000000,"[2.181539297103882, 0.7514004111289978, 1.301453948020935, 1.477470874786377]","[1.063137173652649, 1.0449899435043335, 1.0363962650299072, 1.077528476715088]"
1891.0,2009-06-01T00:00:00.000000000,"[0.7514004111289978, 1.301453948020935, 1.477470874786377, 2.6435842514038086]","[1.3999574184417725, 1.353137493133545, 1.3290657997131348, 1.384103775024414]"
1891.0,2009-09-01T00:00:00.000000000,"[1.301453948020935, 1.477470874786377, 2.6435842514038086, 1.323456048965454]","[1.0720473527908325, 1.087406039237976, 1.4756782054901123, 1.0466947555541992]"
1891.0,2009-12-01T00:00:00.000000000,"[1.477470874786377, 2.6435842514038086, 1.323456048965454, 1.9395159482955933]","[1.1380897760391235, 1.4160202741622925, 1.0751967430114746, 1.139193058013916]"
1891.0,2010-03-01T00:00:00.000000000,"[2.6435842514038086, 1.323456048965454, 1.9395159482955933, 2.2475459575653076]","[1.4192315340042114, 1.362992286682129, 1.3438422679901123, 1.4120583534240723]"
1891.0,2010-06-01T00:00:00.000000000,"[1.323456048965454, 1.9395159482955933, 2.2475459575653076, 3.1936378479003906]","[1.6737103462219238, 1.6553409099578857, 1.5737969875335693, 1.6430816650390625]"
1891.0,2010-09-01T00:00:00.000000000,"[1.9395159482955933, 2.2475459575653076, 3.1936378479003906, 1.8075029850006104]","[1.3865907192230225, 1.4186692237854004, 1.8628172874450684, 1.3334195613861084]"
1891.0,2010-12-01T00:00:00.000000000,"[2.2475459575653076, 3.1936378479003906, 1.8075029850006104, 2.2475459575653076]","[1.5063517093658447, 1.8907251358032227, 1.3949778079986572, 1.4820774793624878]"
1891.0,2011-03-01T00:00:00.000000000,"[3.1936378479003906, 1.8075029850006104, 2.2475459575653076, 2.6435842514038086]","[1.781952142715454, 1.7227989435195923, 1.687706470489502, 1.7581969499588013]"
1891.0,2011-06-01T00:00:00.000000000,"[1.8075029850006104, 2.2475459575653076, 2.6435842514038086, 3.523669719696045]","[2.007189989089966, 2.0140836238861084, 1.8808947801589966, 1.9690836668014526]"
1891.0,2011-09-01T00:00:00.000000000,"[2.2475459575653076, 2.6435842514038086, 3.523669719696045, 1.8075029850006104]","[1.6634089946746826, 1.6740950345993042, 2.020430088043213, 1.6264398097991943]"
1891.0,2011-12-01T00:00:00.000000000,"[2.6435842514038086, 3.523669719696045, 1.8075029850006104, 2.4015607833862305]","[1.7151942253112793, 2.0465149879455566, 1.612273097038269, 1.7096272706985474]"
1891.0,2012-03-01T00:00:00.000000000,"[3.523669719696045, 1.8075029850006104, 2.4015607833862305, 2.6435842514038086]","[2.1864075660705566, 2.11013126373291, 2.065046787261963, 2.1527209281921387]"
1891.0,2012-06-01T00:00:00.000000000,"[1.8075029850006104, 2.4015607833862305, 2.6435842514038086, 3.4576635360717773]","[2.502192974090576, 2.4749388694763184, 2.3343005180358887, 2.444064140319824]"
1891.0,2012-09-01T00:00:00.000000000,"[2.4015607833862305, 2.6435842514038086, 3.4576635360717773, 1.9395159482955933]","[2.001321792602539, 2.0559592247009277, 2.542698621749878, 1.9353642463684082]"
1891.0,2012-12-01T00:00:00.000000000,"[2.6435842514038086, 3.4576635360717773, 1.9395159482955933, 2.929612159729004]","[2.0997750759124756, 2.4793615341186523, 1.9635648727416992, 2.0778744220733643]"
1891.0,2013-03-01T00:00:00.000000000,"[3.4576635360717773, 1.9395159482955933, 2.929612159729004, 2.929612159729004]","[2.4387993812561035, 2.3588337898254395, 2.309619426727295, 2.4099888801574707]"
2136.0,2006-06-01T00:00:00.000000000,"[1.301453948020935, 1.2574495077133179, 0.8614109754562378, 1.5434772968292236]","[1.0445235967636108, 1.0390151739120483, 0.8883016705513, 0.9339907169342041]"
2136.0,2006-09-01T00:00:00.000000000,"[1.2574495077133179, 0.8614109754562378, 1.5434772968292236, 1.5874814987182617]","[1.1128231287002563, 0.9187928438186646, 0.9114466905593872, 0.9593310952186584]"
2136.0,2006-12-01T00:00:00.000000000,"[0.8614109754562378, 1.5434772968292236, 1.5874814987182617, 1.5874814987182617]","[0.9607181549072266, 0.9608731269836426, 0.8984693884849548, 0.8696903586387634]"
2136.0,2007-03-01T00:00:00.000000000,"[1.5434772968292236, 1.5874814987182617, 1.5874814987182617, 1.2574495077133179]","[0.8071784973144531, 0.8078635931015015, 0.82817542552948, 0.6267563104629517]"
2136.0,2007-06-01T00:00:00.000000000,"[1.5874814987182617, 1.5874814987182617, 1.2574495077133179, 1.6314857006072998]","[1.3324116468429565, 1.3003292083740234, 1.132360816001892, 1.348832607269287]"
2136.0,2007-09-01T00:00:00.000000000,"[1.5874814987182617, 1.2574495077133179, 1.6314857006072998, 1.3674603700637817]","[1.5045644044876099, 1.2200846672058105, 1.2775930166244507, 1.39445161819458]"
2136.0,2007-12-01T00:00:00.000000000,"[1.2574495077133179, 1.6314857006072998, 1.3674603700637817, 1.5214751958847046]","[1.4105422496795654, 1.4416446685791016, 1.3968709707260132, 1.3680777549743652]"
2136.0,2008-03-01T00:00:00.000000000,"[1.6314857006072998, 1.3674603700637817, 1.5214751958847046, 1.1914430856704712]","[1.3568241596221924, 1.3122389316558838, 1.3761131763458252, 1.1407805681228638]"
2136.0,2008-06-01T00:00:00.000000000,"[1.3674603700637817, 1.5214751958847046, 1.1914430856704712, 1.3894624710083008]","[1.5687503814697266, 1.473975419998169, 1.4019776582717896, 1.6594406366348267]"
2136.0,2008-09-01T00:00:00.000000000,"[1.5214751958847046, 1.1914430856704712, 1.3894624710083008, 1.4114645719528198]","[1.4705754518508911, 1.2144529819488525, 1.3391709327697754, 1.3769984245300293]"
2136.0,2008-12-01T00:00:00.000000000,"[1.1914430856704712, 1.3894624710083008, 1.4114645719528198, 1.455468773841858]","[1.5085796117782593, 1.4938409328460693, 1.4831690788269043, 1.5315988063812256]"
2136.0,2009-03-01T00:00:00.000000000,"[1.3894624710083008, 1.4114645719528198, 1.455468773841858, 1.1914430856704712]","[1.4578853845596313, 1.3221055269241333, 1.4566128253936768, 1.2477606534957886]"
2136.0,2009-06-01T00:00:00.000000000,"[1.4114645719528198, 1.455468773841858, 1.1914430856704712, 1.8735092878341675]","[1.4723951816558838, 1.4299674034118652, 1.3514769077301025, 1.528010368347168]"
2136.0,2009-09-01T00:00:00.000000000,"[1.455468773841858, 1.1914430856704712, 1.8735092878341675, 1.9395159482955933]","[1.6331501007080078, 1.3470227718353271, 1.5331947803497314, 1.5544108152389526]"
2136.0,2009-12-01T00:00:00.000000000,"[1.1914430856704712, 1.8735092878341675, 1.9395159482955933, 1.9835201501846313]","[1.6384121179580688, 1.5922759771347046, 1.6272664070129395, 1.5766268968582153]"
2136.0,2010-03-01T00:00:00.000000000,"[1.8735092878341675, 1.9395159482955933, 1.9835201501846313, 1.7634987831115723]","[1.2366983890533447, 1.2904345989227295, 1.2849245071411133, 1.2308471202850342]"
2136.0,2010-06-01T00:00:00.000000000,"[1.9395159482955933, 1.9835201501846313, 1.7634987831115723, 1.9395159482955933]","[1.4883227348327637, 1.5428290367126465, 1.4086709022521973, 1.4678561687469482]"
2136.0,2010-09-01T00:00:00.000000000,"[1.9835201501846313, 1.7634987831115723, 1.9395159482955933, 2.0055222511291504]","[1.58440363407135, 1.537442684173584, 1.5271928310394287, 1.5626815557479858]"
2136.0,2010-12-01T00:00:00.000000000,"[1.7634987831115723, 1.9395159482955933, 2.0055222511291504, 2.0495264530181885]","[1.6883728504180908, 1.8022925853729248, 1.6734275817871094, 1.6433498859405518]"
2136.0,2011-03-01T00:00:00.000000000,"[1.9395159482955933, 2.0055222511291504, 2.0495264530181885, 1.7855008840560913]","[1.6843347549438477, 1.7264801263809204, 1.6684670448303223, 1.65061354637146]"
2136.0,2011-06-01T00:00:00.000000000,"[2.0055222511291504, 2.0495264530181885, 1.7855008840560913, 2.071528673171997]","[1.7540661096572876, 1.8028638362884521, 1.6572375297546387, 1.725405216217041]"
2136.0,2011-09-01T00:00:00.000000000,"[2.0495264530181885, 1.7855008840560913, 2.071528673171997, 1.8955113887786865]","[1.7697604894638062, 1.7374398708343506, 1.7983955144882202, 1.7378844022750854]"
2136.0,2011-12-01T00:00:00.000000000,"[1.7855008840560913, 2.071528673171997, 1.8955113887786865, 2.0495264530181885]","[1.8427598476409912, 1.8890599012374878, 1.8000457286834717, 1.809501051902771]"
2136.0,2012-03-01T00:00:00.000000000,"[2.071528673171997, 1.8955113887786865, 2.0495264530181885, 1.9615180492401123]","[1.838996410369873, 1.8878134489059448, 1.886654019355774, 1.8006775379180908]"
2136.0,2012-06-01T00:00:00.000000000,"[1.8955113887786865, 2.0495264530181885, 1.9615180492401123, 2.181539297103882]","[1.9327880144119263, 1.9850738048553467, 1.8333289623260498, 1.9032000303268433]"
2136.0,2012-09-01T00:00:00.000000000,"[2.0495264530181885, 1.9615180492401123, 2.181539297103882, 2.313552141189575]","[1.9068830013275146, 1.8641749620437622, 1.9172308444976807, 1.880467176437378]"
2136.0,2012-12-01T00:00:00.000000000,"[1.9615180492401123, 2.181539297103882, 2.313552141189575, 2.4015607833862305]","[1.8962690830230713, 1.9416141510009766, 1.835566520690918, 1.878218412399292]"
2136.0,2013-03-01T00:00:00.000000000,"[2.181539297103882, 2.313552141189575, 2.4015607833862305, 2.181539297103882]","[1.9301444292068481, 1.9220941066741943, 1.9310312271118164, 1.9086359739303589]"
2285.0,2006-06-01T00:00:00.000000000,"[4.227738380432129, 4.007717132568359, 4.381753444671631, 3.633680582046509]","[2.801701784133911, 2.9804258346557617, 2.7138142585754395, 2.807715892791748]"
2285.0,2006-09-01T00:00:00.000000000,"[4.007717132568359, 4.381753444671631, 3.633680582046509, 2.8636057376861572]","[3.2042553424835205, 3.2519078254699707, 2.9909276962280273, 3.194580078125]"
2285.0,2006-12-01T00:00:00.000000000,"[4.381753444671631, 3.633680582046509, 2.8636057376861572, 4.8437981605529785]","[3.3036184310913086, 3.332409381866455, 3.2867116928100586, 3.271751880645752]"
2285.0,2007-03-01T00:00:00.000000000,"[3.633680582046509, 2.8636057376861572, 4.8437981605529785, 2.819601535797119]","[3.6565799713134766, 3.646562337875366, 3.419447422027588, 3.6203715801239014]"
2285.0,2007-06-01T00:00:00.000000000,"[2.8636057376861572, 4.8437981605529785, 2.819601535797119, 3.127631425857544]","[3.4169087409973145, 3.3041183948516846, 3.441426992416382, 3.4051356315612793]"
2285.0,2007-09-01T00:00:00.000000000,"[4.8437981605529785, 2.819601535797119, 3.127631425857544, -1.6688350439071655]","[2.7196688652038574, 2.8528270721435547, 2.7021846771240234, 2.801391124725342]"
2285.0,2007-12-01T00:00:00.000000000,"[2.819601535797119, 3.127631425857544, -1.6688350439071655, 7.022010326385498]","[3.7011873722076416, 3.7138662338256836, 3.4874107837677, 3.693181037902832]"
2285.0,2008-03-01T00:00:00.000000000,"[3.127631425857544, -1.6688350439071655, 7.022010326385498, 4.733787536621094]","[3.1722021102905273, 3.3665213584899902, 3.6239519119262695, 3.1568031311035156]"
2285.0,2008-06-01T00:00:00.000000000,"[-1.6688350439071655, 7.022010326385498, 4.733787536621094, 3.721689224243164]","[3.0850274562835693, 3.512157917022705, 2.924415111541748, 3.137622833251953]"
2285.0,2008-09-01T00:00:00.000000000,"[7.022010326385498, 4.733787536621094, 3.721689224243164, 4.909804821014404]","[1.0588091611862183, 1.2742633819580078, 1.5333800315856934, 1.6515605449676514]"
2285.0,2008-12-01T00:00:00.000000000,"[4.733787536621094, 3.721689224243164, 4.909804821014404, 5.283841133117676]","[3.5158724784851074, 3.825385093688965, 3.317495346069336, 3.553168773651123]"
2285.0,2009-03-01T00:00:00.000000000,"[3.721689224243164, 4.909804821014404, 5.283841133117676, 6.031913757324219]","[4.276092529296875, 4.203060150146484, 5.271450996398926, 4.116306304931641]"
2285.0,2009-06-01T00:00:00.000000000,"[4.909804821014404, 5.283841133117676, 6.031913757324219, 7.308038234710693]","[3.8912572860717773, 4.3740339279174805, 4.085079669952393, 3.838657855987549]"
2285.0,2009-09-01T00:00:00.000000000,"[5.283841133117676, 6.031913757324219, 7.308038234710693, 6.62597131729126]","[4.220271110534668, 4.232760429382324, 3.9634597301483154, 4.220148086547852]"
2285.0,2009-12-01T00:00:00.000000000,"[6.031913757324219, 7.308038234710693, 6.62597131729126, 7.176024913787842]","[4.936199188232422, 4.73881721496582, 4.799500465393066, 4.856197357177734]"
2285.0,2010-03-01T00:00:00.000000000,"[7.308038234710693, 6.62597131729126, 7.176024913787842, 11.35643196105957]","[5.101670265197754, 5.2966413497924805, 5.0389909744262695, 4.988304138183594]"
2285.0,2010-06-01T00:00:00.000000000,"[6.62597131729126, 7.176024913787842, 11.35643196105957, 6.2519354820251465]","[5.7580060958862305, 5.803240776062012, 5.848774433135986, 5.581209659576416]"
2285.0,2010-09-01T00:00:00.000000000,"[7.176024913787842, 11.35643196105957, 6.2519354820251465, -13.505987167358398]","[5.425192356109619, 5.619699001312256, 5.493647575378418, 5.312598705291748]"
2285.0,2010-12-01T00:00:00.000000000,"[11.35643196105957, 6.2519354820251465, -13.505987167358398, 2.4895694255828857]","[5.802689075469971, 6.075280666351318, 5.490344047546387, 5.67891788482666]"
2285.0,2011-03-01T00:00:00.000000000,"[6.2519354820251465, -13.505987167358398, 2.4895694255828857, -5.827239513397217]","[7.664862632751465, 7.4804606437683105, 7.149555206298828, 7.406824111938477]"
2285.0,2011-06-01T00:00:00.000000000,"[-13.505987167358398, 2.4895694255828857, -5.827239513397217, -4.441104888916016]","[6.325876712799072, 6.45579719543457, 7.207746505737305, 6.103798866271973]"
2285.0,2011-09-01T00:00:00.000000000,"[2.4895694255828857, -5.827239513397217, -4.441104888916016, -11.239766120910645]","[-0.2542238235473633, 1.3011054992675781, 1.3779633045196533, 1.328019618988037]"
2285.0,2011-12-01T00:00:00.000000000,"[-5.827239513397217, -4.441104888916016, -11.239766120910645, -3.7590384483337402]","[2.9993534088134766, 3.589653253555298, 2.967700481414795, 3.3811137676239014]"
2285.0,2012-03-01T00:00:00.000000000,"[-4.441104888916016, -11.239766120910645, -3.7590384483337402, -9.919637680053711]","[-0.44756388664245605, 0.21343469619750977, 1.545040249824524, 1.178002119064331]"
2285.0,2012-06-01T00:00:00.000000000,"[-11.239766120910645, -3.7590384483337402, -9.919637680053711, -4.067068576812744]","[-0.701744794845581, 0.990880012512207, 0.3497765064239502, 0.9968173503875732]"
2285.0,2012-09-01T00:00:00.000000000,"[-3.7590384483337402, -9.919637680053711, -4.067068576812744, 0.17934469878673553]","[-3.9532785415649414, -2.745995044708252, -1.7773151397705078, -0.984626054763794]"
2285.0,2012-12-01T00:00:00.000000000,"[-9.919637680053711, -4.067068576812744, 0.17934469878673553, -2.020869493484497]","[-1.630232810974121, -0.21684050559997559, -0.4036846160888672, 0.3274660110473633]"
2285.0,2013-03-01T00:00:00.000000000,"[-4.067068576812744, 0.17934469878673553, -2.020869493484497, -17.620386123657227]","[-3.8517754077911377, -2.8240606784820557, -1.951434850692749, -1.0636756420135498]"
2574.0,2006-06-01T00:00:00.000000000,"[-0.31196311116218567, -0.3267045319080353, -0.3414459824562073, -0.37070879340171814]","[-0.3982044756412506, -0.39578843116760254, -0.4091053009033203, -0.39885926246643066]"
2574.0,2006-09-01T00:00:00.000000000,"[-0.3267045319080353, -0.3414459824562073, -0.37070879340171814, -0.28996095061302185]","[-0.37705323100090027, -0.37374240159988403, -0.3897773027420044, -0.37931811809539795]"
2574.0,2006-12-01T00:00:00.000000000,"[-0.3414459824562073, -0.37070879340171814, -0.28996095061302185, -0.31944382190704346]","[-0.3628000020980835, -0.3626652956008911, -0.3515726625919342, -0.3684479594230652]"
2574.0,2007-03-01T00:00:00.000000000,"[-0.37070879340171814, -0.28996095061302185, -0.31944382190704346, -0.3487066924571991]","[-0.36809855699539185, -0.34951648116111755, -0.37402570247650146, -0.3715757727622986]"
2574.0,2007-06-01T00:00:00.000000000,"[-0.28996095061302185, -0.31944382190704346, -0.3487066924571991, -0.4294545352458954]","[-0.37438052892684937, -0.36839431524276733, -0.38456520438194275, -0.37498173117637634]"
2574.0,2007-09-01T00:00:00.000000000,"[-0.31944382190704346, -0.3487066924571991, -0.4294545352458954, -0.35596737265586853]","[-0.3420533835887909, -0.3345407247543335, -0.3565313220024109, -0.3456801176071167]"
2574.0,2007-12-01T00:00:00.000000000,"[-0.3487066924571991, -0.4294545352458954, -0.35596737265586853, -0.3487066924571991]","[-0.34314900636672974, -0.3481541872024536, -0.32664716243743896, -0.3482136130332947]"
2574.0,2008-03-01T00:00:00.000000000,"[-0.4294545352458954, -0.35596737265586853, -0.3487066924571991, -0.3414459824562073]","[-0.35879096388816833, -0.3384553790092468, -0.35807886719703674, -0.3611214756965637]"
2574.0,2008-06-01T00:00:00.000000000,"[-0.35596737265586853, -0.3487066924571991, -0.3414459824562073, -0.3267045319080353]","[-0.38792678713798523, -0.3822404146194458, -0.38843581080436707, -0.38481831550598145]"
2574.0,2008-09-01T00:00:00.000000000,"[-0.3487066924571991, -0.3414459824562073, -0.3267045319080353, -0.23143525421619415]","[-0.37276002764701843, -0.3734462559223175, -0.37799662351608276, -0.370330274105072]"
2574.0,2008-12-01T00:00:00.000000000,"[-0.3414459824562073, -0.3267045319080353, -0.23143525421619415, -0.3267045319080353]","[-0.35475626587867737, -0.35825949907302856, -0.3471418023109436, -0.3553195297718048]"
2574.0,2009-03-01T00:00:00.000000000,"[-0.3267045319080353, -0.23143525421619415, -0.3267045319080353, -0.23143525421619415]","[-0.3582055866718292, -0.3501092493534088, -0.3628951907157898, -0.3575049340724945]"
2574.0,2009-06-01T00:00:00.000000000,"[-0.23143525421619415, -0.3267045319080353, -0.23143525421619415, -0.12868529558181763]","[-0.3439279794692993, -0.3452952206134796, -0.3516950309276581, -0.3436404764652252]"
2574.0,2009-09-01T00:00:00.000000000,"[-0.3267045319080353, -0.23143525421619415, -0.12868529558181763, 0.04007112979888916]","[-0.30714336037635803, -0.31459635496139526, -0.3186459541320801, -0.3098319470882416]"
2574.0,2009-12-01T00:00:00.000000000,"[-0.23143525421619415, -0.12868529558181763, 0.04007112979888916, 0.06933397799730301]","[-0.3273276388645172, -0.3301403522491455, -0.29970216751098633, -0.3312179148197174]"
2574.0,2010-03-01T00:00:00.000000000,"[-0.12868529558181763, 0.04007112979888916, 0.06933397799730301, 0.04007112979888916]","[-0.3025536835193634, -0.2806929647922516, -0.31658434867858887, -0.3059213161468506]"
2574.0,2010-06-01T00:00:00.000000000,"[0.04007112979888916, 0.06933397799730301, 0.04007112979888916, 0.047331858426332474]","[-0.2536158859729767, -0.26096227765083313, -0.270114004611969, -0.2593105733394623]"
2574.0,2010-09-01T00:00:00.000000000,"[0.06933397799730301, 0.04007112979888916, 0.047331858426332474, 0.09133616089820862]","[-0.19228887557983398, -0.18943388760089874, -0.2166803628206253, -0.20212215185165405]"
2574.0,2010-12-01T00:00:00.000000000,"[0.04007112979888916, 0.047331858426332474, 0.09133616089820862, 0.09133616089820862]","[-0.1568516343832016, -0.15186308324337006, -0.1428368240594864, -0.17180517315864563]"
2574.0,2011-03-01T00:00:00.000000000,"[0.047331858426332474, 0.09133616089820862, 0.09133616089820862, 0.025329740718007088]","[-0.159613698720932, -0.13302195072174072, -0.1645178496837616, -0.1698550581932068]"
2574.0,2011-06-01T00:00:00.000000000,"[0.09133616089820862, 0.09133616089820862, 0.025329740718007088, 0.03259040787816048]","[-0.1411055028438568, -0.12868677079677582, -0.16689975559711456, -0.14783501625061035]"
2574.0,2011-09-01T00:00:00.000000000,"[0.09133616089820862, 0.025329740718007088, 0.03259040787816048, -0.22395452857017517]","[-0.07990822196006775, -0.08131739497184753, -0.10585777461528778, -0.09087847173213959]"
2574.0,2011-12-01T00:00:00.000000000,"[0.025329740718007088, 0.03259040787816048, -0.22395452857017517, 0.003327556187286973]","[-0.07614420354366302, -0.048356324434280396, -0.07105325162410736, -0.08992743492126465]"
2574.0,2012-03-01T00:00:00.000000000,"[0.03259040787816048, -0.22395452857017517, 0.003327556187286973, 0.06207331269979477]","[-0.09741458296775818, -0.05718551576137543, -0.09859275817871094, -0.1060255765914917]"
2574.0,2012-06-01T00:00:00.000000000,"[-0.22395452857017517, 0.003327556187286973, 0.06207331269979477, -0.018674563616514206]","[-0.0786576122045517, -0.05136610567569733, -0.1054903119802475, -0.08388574421405792]"
2574.0,2012-09-01T00:00:00.000000000,"[0.003327556187286973, 0.06207331269979477, -0.018674563616514206, 0.15734252333641052]","[-0.16868042945861816, -0.15565736591815948, -0.16926714777946472, -0.1624840646982193]"
2574.0,2012-12-01T00:00:00.000000000,"[0.06207331269979477, -0.018674563616514206, 0.15734252333641052, 0.2453511357307434]","[-0.07790538668632507, -0.05572885274887085, -0.10297305881977081, -0.08073265850543976]"
2574.0,2013-03-01T00:00:00.000000000,"[-0.018674563616514206, 0.15734252333641052, 0.2453511357307434, 0.2233489453792572]","[-0.01743181049823761, -0.020634427666664124, 0.004978165030479431, -0.029918357729911804]"
2817.0,2006-06-01T00:00:00.000000000,"[3.017620801925659, 3.083627223968506, 2.269547939300537, 3.083627223968506]","[2.2616279125213623, 2.2596514225006104, 2.29477858543396, 2.3998515605926514]"
2817.0,2006-09-01T00:00:00.000000000,"[3.083627223968506, 2.269547939300537, 3.083627223968506, 2.0935308933258057]","[2.9948508739471436, 2.937218189239502, 2.9132204055786133, 3.03641414642334]"
2817.0,2006-12-01T00:00:00.000000000,"[2.269547939300537, 3.083627223968506, 2.0935308933258057, 0.9494196176528931]","[3.1332831382751465, 3.081477165222168, 3.1676177978515625, 3.148184299468994]"
2817.0,2007-03-01T00:00:00.000000000,"[3.083627223968506, 2.0935308933258057, 0.9494196176528931, 0.9274174571037292]","[2.5571773052215576, 2.7473466396331787, 2.7016894817352295, 2.6403861045837402]"
2817.0,2007-06-01T00:00:00.000000000,"[2.0935308933258057, 0.9494196176528931, 0.9274174571037292, 0.7734025120735168]","[2.8981900215148926, 3.000899314880371, 2.8335113525390625, 2.953305721282959]"
2817.0,2007-09-01T00:00:00.000000000,"[0.9494196176528931, 0.9274174571037292, 0.7734025120735168, 1.6974923610687256]","[2.5100457668304443, 2.500317096710205, 2.5219686031341553, 2.6307485103607178]"
2817.0,2007-12-01T00:00:00.000000000,"[0.9274174571037292, 0.7734025120735168, 1.6974923610687256, 1.1694409847259521]","[1.385322093963623, 1.669145941734314, 1.7150490283966064, 1.8782390356063843]"
2817.0,2008-03-01T00:00:00.000000000,"[0.7734025120735168, 1.6974923610687256, 1.1694409847259521, 1.125436782836914]","[1.3680205345153809, 1.567266583442688, 1.7099170684814453, 1.8661737442016602]"
2817.0,2008-06-01T00:00:00.000000000,"[1.6974923610687256, 1.1694409847259521, 1.125436782836914, 2.115532875061035]","[1.2002270221710205, 1.407949447631836, 1.5808370113372803, 1.7507929801940918]"
2817.0,2008-09-01T00:00:00.000000000,"[1.1694409847259521, 1.125436782836914, 2.115532875061035, 2.577577829360962]","[1.741227149963379, 1.8842848539352417, 1.921248435974121, 2.07680344581604]"
2817.0,2008-12-01T00:00:00.000000000,"[1.125436782836914, 2.115532875061035, 2.577577829360962, 3.5896763801574707]","[1.58066725730896, 1.682234525680542, 1.8171688318252563, 1.9687588214874268]"
2817.0,2009-03-01T00:00:00.000000000,"[2.115532875061035, 2.577577829360962, 3.5896763801574707, 4.051721572875977]","[1.3379207849502563, 1.6604384183883667, 1.6201030015945435, 1.7901774644851685]"
2817.0,2009-06-01T00:00:00.000000000,"[2.577577829360962, 3.5896763801574707, 4.051721572875977, 5.503862380981445]","[1.914111852645874, 1.9674098491668701, 2.0373401641845703, 2.167595386505127]"
2817.0,2009-09-01T00:00:00.000000000,"[3.5896763801574707, 4.051721572875977, 5.503862380981445, 5.833894729614258]","[2.380873441696167, 2.3727729320526123, 2.3817031383514404, 2.521677255630493]"
2817.0,2009-12-01T00:00:00.000000000,"[4.051721572875977, 5.503862380981445, 5.833894729614258, 5.5918707847595215]","[3.0804896354675293, 3.0744597911834717, 3.0458152294158936, 3.099440097808838]"
2817.0,2010-03-01T00:00:00.000000000,"[5.503862380981445, 5.833894729614258, 5.5918707847595215, 4.909804821014404]","[3.6329736709594727, 3.726888656616211, 3.567929744720459, 3.5823216438293457]"
2817.0,2010-06-01T00:00:00.000000000,"[5.833894729614258, 5.5918707847595215, 4.909804821014404, 5.76788854598999]","[4.2474684715271, 4.350352764129639, 3.971463680267334, 4.158201217651367]"
2817.0,2010-09-01T00:00:00.000000000,"[5.5918707847595215, 4.909804821014404, 5.76788854598999, 5.525864601135254]","[4.557469367980957, 4.4102559089660645, 4.589937210083008, 4.436944007873535]"
2817.0,2010-12-01T00:00:00.000000000,"[4.909804821014404, 5.76788854598999, 5.525864601135254, 5.151828289031982]","[4.425445079803467, 4.660276412963867, 4.450562953948975, 4.321155548095703]"
2817.0,2011-03-01T00:00:00.000000000,"[5.76788854598999, 5.525864601135254, 5.151828289031982, 5.085822105407715]","[4.3254313468933105, 4.606543064117432, 4.240048408508301, 4.260196685791016]"
2817.0,2011-06-01T00:00:00.000000000,"[5.525864601135254, 5.151828289031982, 5.085822105407715, 2.819601535797119]","[4.671703815460205, 4.8327107429504395, 4.415194511413574, 4.606626987457275]"
2817.0,2011-09-01T00:00:00.000000000,"[5.151828289031982, 5.085822105407715, 2.819601535797119, 1.5654793977737427]","[4.4099507331848145, 4.336787700653076, 4.382606506347656, 4.3933024406433105]"
2817.0,2011-12-01T00:00:00.000000000,"[5.085822105407715, 2.819601535797119, 1.5654793977737427, 2.2475459575653076]","[4.766119956970215, 5.072231769561768, 4.596616268157959, 4.70197868347168]"
2817.0,2012-03-01T00:00:00.000000000,"[2.819601535797119, 1.5654793977737427, 2.2475459575653076, 3.963712453842163]","[4.53330659866333, 4.594609260559082, 4.352851867675781, 4.533978462219238]"
2817.0,2012-06-01T00:00:00.000000000,"[1.5654793977737427, 2.2475459575653076, 3.963712453842163, 5.61387300491333]","[3.6382927894592285, 3.6378207206726074, 3.6107850074768066, 3.7545132637023926]"
2817.0,2012-09-01T00:00:00.000000000,"[2.2475459575653076, 3.963712453842163, 5.61387300491333, 5.019815444946289]","[2.3343544006347656, 2.5792500972747803, 2.6572773456573486, 2.8360161781311035]"
2817.0,2012-12-01T00:00:00.000000000,"[3.963712453842163, 5.61387300491333, 5.019815444946289, 5.151828289031982]","[2.424974203109741, 2.5650973320007324, 2.6968605518341064, 2.8860182762145996]"
2817.0,2013-03-01T00:00:00.000000000,"[5.61387300491333, 5.019815444946289, 5.151828289031982, 5.217834949493408]","[3.607844829559326, 3.57670259475708, 3.5801169872283936, 3.7398905754089355]"
2968.0,2006-06-01T00:00:00.000000000,"[2.5115716457366943, 2.2915501594543457, 1.9175138473510742, 2.4895694255828857]","[2.0220768451690674, 1.9762837886810303, 1.944814920425415, 2.0408220291137695]"
2968.0,2006-09-01T00:00:00.000000000,"[2.2915501594543457, 1.9175138473510742, 2.4895694255828857, 2.6875884532928467]","[2.257899284362793, 2.325800657272339, 2.137071371078491, 2.247654914855957]"
2968.0,2006-12-01T00:00:00.000000000,"[1.9175138473510742, 2.4895694255828857, 2.6875884532928467, 2.9956183433532715]","[2.2145369052886963, 2.156765937805176, 2.1744189262390137, 2.216554641723633]"
2968.0,2007-03-01T00:00:00.000000000,"[2.4895694255828857, 2.6875884532928467, 2.9956183433532715, 2.2035415172576904]","[2.1112282276153564, 2.250746488571167, 2.071847915649414, 2.1165082454681396]"
2968.0,2007-06-01T00:00:00.000000000,"[2.6875884532928467, 2.9956183433532715, 2.2035415172576904, 2.269547939300537]","[2.3140387535095215, 2.362185478210449, 2.208083152770996, 2.3100738525390625]"
2968.0,2007-09-01T00:00:00.000000000,"[2.9956183433532715, 2.2035415172576904, 2.269547939300537, 2.7095906734466553]","[2.360590696334839, 2.3056135177612305, 2.3812084197998047, 2.3516592979431152]"
2968.0,2007-12-01T00:00:00.000000000,"[2.2035415172576904, 2.269547939300537, 2.7095906734466553, 2.775597333908081]","[2.5404117107391357, 2.6024439334869385, 2.441075563430786, 2.520012855529785]"
2968.0,2008-03-01T00:00:00.000000000,"[2.269547939300537, 2.7095906734466553, 2.775597333908081, 2.775597333908081]","[2.3804984092712402, 2.502079963684082, 2.451894998550415, 2.3624186515808105]"
2968.0,2008-06-01T00:00:00.000000000,"[2.7095906734466553, 2.775597333908081, 2.775597333908081, 2.929612159729004]","[2.3698456287384033, 2.5389583110809326, 2.256242275238037, 2.3701488971710205]"
2968.0,2008-09-01T00:00:00.000000000,"[2.775597333908081, 2.775597333908081, 2.929612159729004, 3.0616250038146973]","[2.5793914794921875, 2.5632271766662598, 2.4966611862182617, 2.564462184906006]"
2968.0,2008-12-01T00:00:00.000000000,"[2.775597333908081, 2.929612159729004, 3.0616250038146973, 3.171635627746582]","[2.567538261413574, 2.5528383255004883, 2.6748833656311035, 2.5404114723205566]"
2968.0,2009-03-01T00:00:00.000000000,"[2.929612159729004, 3.0616250038146973, 3.171635627746582, 3.171635627746582]","[3.0117270946502686, 3.0165224075317383, 3.050654888153076, 2.934800148010254]"
2968.0,2009-06-01T00:00:00.000000000,"[3.0616250038146973, 3.171635627746582, 3.171635627746582, 4.271742820739746]","[3.0996742248535156, 3.066836357116699, 3.0031652450561523, 3.036447048187256]"
2968.0,2009-09-01T00:00:00.000000000,"[3.171635627746582, 3.171635627746582, 4.271742820739746, 4.337749004364014]","[2.8612987995147705, 2.8736062049865723, 2.7844696044921875, 2.835914134979248]"
2968.0,2009-12-01T00:00:00.000000000,"[3.171635627746582, 4.271742820739746, 4.337749004364014, 4.447759628295898]","[3.0541462898254395, 3.141639471054077, 2.983205795288086, 3.002391815185547]"
2968.0,2010-03-01T00:00:00.000000000,"[4.271742820739746, 4.337749004364014, 4.447759628295898, 3.6556828022003174]","[2.9597740173339844, 3.0666162967681885, 2.9439537525177, 2.9185779094696045]"
2968.0,2010-06-01T00:00:00.000000000,"[4.337749004364014, 4.447759628295898, 3.6556828022003174, 5.129826545715332]","[3.369433641433716, 3.4831790924072266, 3.187786817550659, 3.30442476272583]"
2968.0,2010-09-01T00:00:00.000000000,"[4.447759628295898, 3.6556828022003174, 5.129826545715332, 4.82179594039917]","[3.381859302520752, 3.325624465942383, 3.3850936889648438, 3.321901321411133]"
2968.0,2010-12-01T00:00:00.000000000,"[3.6556828022003174, 5.129826545715332, 4.82179594039917, 5.1958327293396]","[3.504549026489258, 3.7241976261138916, 3.5434722900390625, 3.4213011264801025]"
2968.0,2011-03-01T00:00:00.000000000,"[5.129826545715332, 4.82179594039917, 5.1958327293396, 4.953808784484863]","[3.4495058059692383, 3.5865936279296875, 3.4747424125671387, 3.3903114795684814]"
2968.0,2011-06-01T00:00:00.000000000,"[4.82179594039917, 5.1958327293396, 4.953808784484863, 1.0154259204864502]","[3.9591383934020996, 4.07576847076416, 3.749887704849243, 3.8778109550476074]"
2968.0,2011-09-01T00:00:00.000000000,"[5.1958327293396, 4.953808784484863, 1.0154259204864502, 2.335554361343384]","[3.9609036445617676, 3.865663528442383, 3.989637851715088, 3.8870301246643066]"
2968.0,2011-12-01T00:00:00.000000000,"[4.953808784484863, 1.0154259204864502, 2.335554361343384, 5.723884105682373]","[3.941901922225952, 4.1218156814575195, 3.7971699237823486, 3.8910648822784424]"
2968.0,2012-03-01T00:00:00.000000000,"[1.0154259204864502, 2.335554361343384, 5.723884105682373, 7.638070106506348]","[4.061763763427734, 4.1354546546936035, 4.021239280700684, 4.007376194000244]"
2968.0,2012-06-01T00:00:00.000000000,"[2.335554361343384, 5.723884105682373, 7.638070106506348, 9.398241996765137]","[2.7071638107299805, 2.9469985961914062, 2.9698727130889893, 2.835461139678955]"
2968.0,2012-09-01T00:00:00.000000000,"[5.723884105682373, 7.638070106506348, 9.398241996765137, 7.616067886352539]","[2.714271306991577, 2.9854578971862793, 2.760340690612793, 2.870506763458252]"
2968.0,2012-12-01T00:00:00.000000000,"[7.638070106506348, 9.398241996765137, 7.616067886352539, 7.528059482574463]","[4.237983703613281, 4.140414237976074, 4.158625602722168, 4.199732303619385]"
2968.0,2013-03-01T00:00:00.000000000,"[9.398241996765137, 7.616067886352539, 7.528059482574463, 6.62597131729126]","[4.756183624267578, 4.677840232849121, 4.831642150878906, 4.672116756439209]"
2991.0,2006-06-01T00:00:00.000000000,"[5.855896949768066, 5.789890289306641, 3.369654893875122, 0.9714217185974121]","[5.034389019012451, 5.097811222076416, 5.088067531585693, 5.153271198272705]"
2991.0,2006-09-01T00:00:00.000000000,"[5.789890289306641, 3.369654893875122, 0.9714217185974121, 1.4334666728973389]","[5.5030131340026855, 5.4386067390441895, 5.403434753417969, 5.580420017242432]"
2991.0,2006-12-01T00:00:00.000000000,"[3.369654893875122, 0.9714217185974121, 1.4334666728973389, 1.6974923610687256]","[5.690635681152344, 5.644134521484375, 5.996879577636719, 5.700677871704102]"
2991.0,2007-03-01T00:00:00.000000000,"[0.9714217185974121, 1.4334666728973389, 1.6974923610687256, -0.12868529558181763]","[4.34311580657959, 4.832543849945068, 4.75651216506958, 4.647396087646484]"
2991.0,2007-06-01T00:00:00.000000000,"[1.4334666728973389, 1.6974923610687256, -0.12868529558181763, -0.942764401435852]","[2.8543033599853516, 3.5382206439971924, 3.412750482559204, 3.682185411453247]"
2991.0,2007-09-01T00:00:00.000000000,"[1.6974923610687256, -0.12868529558181763, -0.942764401435852, 0.06933397799730301]","[3.012904644012451, 3.3206570148468018, 3.5633811950683594, 3.8067891597747803]"
2991.0,2007-12-01T00:00:00.000000000,"[-0.12868529558181763, -0.942764401435852, 0.06933397799730301, 0.37736397981643677]","[2.7014293670654297, 3.0190067291259766, 3.2990686893463135, 3.5833001136779785]"
2991.0,2008-03-01T00:00:00.000000000,"[-0.942764401435852, 0.06933397799730301, 0.37736397981643677, -0.23869597911834717]","[1.7693467140197754, 2.409691095352173, 2.6144113540649414, 2.961190938949585]"
2991.0,2008-06-01T00:00:00.000000000,"[0.06933397799730301, 0.37736397981643677, -0.23869597911834717, 2.0055222511291504]","[1.238274335861206, 2.03999924659729, 2.2144110202789307, 2.596137523651123]"
2991.0,2008-09-01T00:00:00.000000000,"[0.37736397981643677, -0.23869597911834717, 2.0055222511291504, 1.301453948020935]","[1.7036967277526855, 2.121623992919922, 2.5104103088378906, 2.8792855739593506]"
2991.0,2008-12-01T00:00:00.000000000,"[-0.23869597911834717, 2.0055222511291504, 1.301453948020935, 1.1694409847259521]","[2.1450910568237305, 2.465745449066162, 2.774857521057129, 3.128864049911499]"
2991.0,2009-03-01T00:00:00.000000000,"[2.0055222511291504, 1.301453948020935, 1.1694409847259521, 0.8834132552146912]","[1.2039258480072021, 1.9347505569458008, 2.0531692504882812, 2.4731059074401855]"
2991.0,2009-06-01T00:00:00.000000000,"[1.301453948020935, 1.1694409847259521, 0.8834132552146912, 3.479665517807007]","[1.9591959714889526, 2.641136646270752, 2.5380029678344727, 2.9111948013305664]"
2991.0,2009-09-01T00:00:00.000000000,"[1.1694409847259521, 0.8834132552146912, 3.479665517807007, 3.21563982963562]","[2.2854928970336914, 2.536078929901123, 2.782515048980713, 3.1151885986328125]"
2991.0,2009-12-01T00:00:00.000000000,"[0.8834132552146912, 3.479665517807007, 3.21563982963562, 3.9417104721069336]","[1.8030775785446167, 2.153855800628662, 2.4053895473480225, 2.7385711669921875]"
2991.0,2010-03-01T00:00:00.000000000,"[3.479665517807007, 3.21563982963562, 3.9417104721069336, 3.5896763801574707]","[1.3840408325195312, 1.7718020677566528, 2.0748343467712402, 2.4463675022125244]"
2991.0,2010-06-01T00:00:00.000000000,"[3.21563982963562, 3.9417104721069336, 3.5896763801574707, 2.3575565814971924]","[2.795498847961426, 2.9512522220611572, 3.0645058155059814, 3.352848768234253]"
2991.0,2010-09-01T00:00:00.000000000,"[3.9417104721069336, 3.5896763801574707, 2.3575565814971924, 3.1936378479003906]","[3.287729263305664, 3.3331971168518066, 3.4085774421691895, 3.6851816177368164]"
2991.0,2010-12-01T00:00:00.000000000,"[3.5896763801574707, 2.3575565814971924, 3.1936378479003906, 2.7095906734466553]","[3.7538387775421143, 4.131441593170166, 3.7446649074554443, 4.028468608856201]"
2991.0,2011-03-01T00:00:00.000000000,"[2.3575565814971924, 3.1936378479003906, 2.7095906734466553, 2.577577829360962]","[2.88753342628479, 3.0702478885650635, 3.219736337661743, 3.4772183895111084]"
2991.0,2011-06-01T00:00:00.000000000,"[3.1936378479003906, 2.7095906734466553, 2.577577829360962, 2.1375350952148438]","[2.281834602355957, 2.5600273609161377, 2.778489828109741, 3.058703899383545]"
2991.0,2011-09-01T00:00:00.000000000,"[2.7095906734466553, 2.577577829360962, 2.1375350952148438, -4.1990814208984375]","[2.9912569522857666, 3.076145648956299, 3.2086877822875977, 3.4735283851623535]"
2991.0,2011-12-01T00:00:00.000000000,"[2.577577829360962, 2.1375350952148438, -4.1990814208984375, -0.45871737599372864]","[2.9896841049194336, 3.0501506328582764, 3.1584954261779785, 3.4598002433776855]"
2991.0,2012-03-01T00:00:00.000000000,"[2.1375350952148438, -4.1990814208984375, -0.45871737599372864, -0.722743034362793]","[2.295619010925293, 2.6609156131744385, 2.6906700134277344, 2.991063117980957]"
2991.0,2012-06-01T00:00:00.000000000,"[-4.1990814208984375, -0.45871737599372864, -0.722743034362793, 1.279451608657837]","[2.1204349994659424, 2.3464784622192383, 2.559492349624634, 2.854370594024658]"
2991.0,2012-09-01T00:00:00.000000000,"[-0.45871737599372864, -0.722743034362793, 1.279451608657837, 3.0616250038146973]","[-0.5151355266571045, 0.1229712963104248, 0.6641533374786377, 1.0996233224868774]"
2991.0,2012-12-01T00:00:00.000000000,"[-0.722743034362793, 1.279451608657837, 3.0616250038146973, 5.811892509460449]","[0.7731578350067139, 1.1387065649032593, 1.4656320810317993, 1.812442421913147]"
2991.0,2013-03-01T00:00:00.000000000,"[1.279451608657837, 3.0616250038146973, 5.811892509460449, 4.931806564331055]","[-0.04705095291137695, 0.419940710067749, 0.832526445388794, 1.2362964153289795]"
3062.0,2006-06-01T00:00:00.000000000,"[0.9714217185974121, 1.0154259204864502, 1.1914430856704712, 1.1694409847259521]","[0.6401129961013794, 0.6358615159988403, 0.6376705169677734, 0.6328835487365723]"
3062.0,2006-09-01T00:00:00.000000000,"[1.0154259204864502, 1.1914430856704712, 1.1694409847259521, 1.1914430856704712]","[0.7588865756988525, 0.7905334830284119, 0.7081709504127502, 0.7417783737182617]"
3062.0,2006-12-01T00:00:00.000000000,"[1.1914430856704712, 1.1694409847259521, 1.1914430856704712, 1.3454581499099731]","[0.8015314340591431, 0.8113025426864624, 0.8031474947929382, 0.7788175344467163]"
3062.0,2007-03-01T00:00:00.000000000,"[1.1694409847259521, 1.1914430856704712, 1.3454581499099731, 1.5654793977737427]","[0.8239271640777588, 0.8583124876022339, 0.8017425537109375, 0.8051272630691528]"
3062.0,2007-06-01T00:00:00.000000000,"[1.1914430856704712, 1.3454581499099731, 1.5654793977737427, 1.6094835996627808]","[0.8705669641494751, 0.8820509910583496, 0.8597023487091064, 0.8511204719543457]"
3062.0,2007-09-01T00:00:00.000000000,"[1.3454581499099731, 1.5654793977737427, 1.6094835996627808, 1.6754902601242065]","[0.836753785610199, 0.891727089881897, 0.7867316603660583, 0.8281669616699219]"
3062.0,2007-12-01T00:00:00.000000000,"[1.5654793977737427, 1.6094835996627808, 1.6754902601242065, 2.071528673171997]","[0.9254056811332703, 0.9541928768157959, 0.8675991296768188, 0.9133316278457642]"
3062.0,2008-03-01T00:00:00.000000000,"[1.6094835996627808, 1.6754902601242065, 2.071528673171997, 1.7855008840560913]","[1.1053481101989746, 1.1492834091186523, 1.0683099031448364, 1.0728561878204346]"
3062.0,2008-06-01T00:00:00.000000000,"[1.6754902601242065, 2.071528673171997, 1.7855008840560913, 1.7414965629577637]","[1.1535468101501465, 1.2025465965270996, 1.1329842805862427, 1.120579719543457]"
3062.0,2008-09-01T00:00:00.000000000,"[2.071528673171997, 1.7855008840560913, 1.7414965629577637, 0.9494196176528931]","[1.1553136110305786, 1.2137691974639893, 1.1308735609054565, 1.1299989223480225]"
3062.0,2008-12-01T00:00:00.000000000,"[1.7855008840560913, 1.7414965629577637, 0.9494196176528931, 2.4895694255828857]","[1.3387608528137207, 1.3711180686950684, 1.2825660705566406, 1.3051338195800781]"
3062.0,2009-03-01T00:00:00.000000000,"[1.7414965629577637, 0.9494196176528931, 2.4895694255828857, 2.181539297103882]","[1.395426630973816, 1.4371380805969238, 1.3977348804473877, 1.3550206422805786]"
3062.0,2009-06-01T00:00:00.000000000,"[0.9494196176528931, 2.4895694255828857, 2.181539297103882, 2.313552141189575]","[1.4355721473693848, 1.5504391193389893, 1.4027714729309082, 1.3955166339874268]"
3062.0,2009-09-01T00:00:00.000000000,"[2.4895694255828857, 2.181539297103882, 2.313552141189575, 3.1936378479003906]","[1.156179428100586, 1.2474524974822998, 1.198001503944397, 1.1508958339691162]"
3062.0,2009-12-01T00:00:00.000000000,"[2.181539297103882, 2.313552141189575, 3.1936378479003906, 3.5456719398498535]","[1.7032370567321777, 1.7817591428756714, 1.566686987876892, 1.6554456949234009]"
3062.0,2010-03-01T00:00:00.000000000,"[2.313552141189575, 3.1936378479003906, 3.5456719398498535, 3.171635627746582]","[1.7203340530395508, 1.6659843921661377, 1.8492156267166138, 1.661474585533142]"
3062.0,2010-06-01T00:00:00.000000000,"[3.1936378479003906, 3.5456719398498535, 3.171635627746582, 3.3476529121398926]","[1.8020373582839966, 2.0007312297821045, 1.8256473541259766, 1.7362375259399414]"
3062.0,2010-09-01T00:00:00.000000000,"[3.5456719398498535, 3.171635627746582, 3.3476529121398926, 3.8537018299102783]","[2.288269519805908, 2.336592197418213, 2.102924346923828, 2.207507610321045]"
3062.0,2010-12-01T00:00:00.000000000,"[3.171635627746582, 3.3476529121398926, 3.8537018299102783, 4.403755187988281]","[2.5465312004089355, 2.5820183753967285, 2.4655680656433105, 2.4415860176086426]"
3062.0,2011-03-01T00:00:00.000000000,"[3.3476529121398926, 3.8537018299102783, 4.403755187988281, 4.2937445640563965]","[2.351321220397949, 2.5703182220458984, 2.4373056888580322, 2.2597851753234863]"
3062.0,2011-06-01T00:00:00.000000000,"[3.8537018299102783, 4.403755187988281, 4.2937445640563965, 4.051721572875977]","[2.350412368774414, 2.4380202293395996, 2.187279462814331, 2.3150594234466553]"
3062.0,2011-09-01T00:00:00.000000000,"[4.403755187988281, 4.2937445640563965, 4.051721572875977, 2.269547939300537]","[2.7070930004119873, 2.7564117908477783, 2.505101203918457, 2.648303270339966]"
3062.0,2011-12-01T00:00:00.000000000,"[4.2937445640563965, 4.051721572875977, 2.269547939300537, 5.415853977203369]","[3.0431346893310547, 3.0891101360321045, 2.8385791778564453, 2.9636192321777344]"
3062.0,2012-03-01T00:00:00.000000000,"[4.051721572875977, 2.269547939300537, 5.415853977203369, 5.063819408416748]","[3.114555835723877, 3.2607884407043457, 3.1539993286132812, 3.0144453048706055]"
3062.0,2012-06-01T00:00:00.000000000,"[2.269547939300537, 5.415853977203369, 5.063819408416748, 4.513765811920166]","[2.9853625297546387, 3.068873643875122, 2.7987356185913086, 2.952219009399414]"
3062.0,2012-09-01T00:00:00.000000000,"[5.415853977203369, 5.063819408416748, 4.513765811920166, 4.733787536621094]","[2.527592420578003, 2.7062509059906006, 2.4952993392944336, 2.5412964820861816]"
3062.0,2012-12-01T00:00:00.000000000,"[5.063819408416748, 4.513765811920166, 4.733787536621094, 6.1419243812561035]","[3.5765223503112793, 3.71160888671875, 3.3212709426879883, 3.5007057189941406]"
3062.0,2013-03-01T00:00:00.000000000,"[4.513765811920166, 4.733787536621094, 6.1419243812561035, 5.371849536895752]","[3.7085518836975098, 3.593785285949707, 3.8448081016540527, 3.6152124404907227]"
3144.0,2006-06-01T00:00:00.000000000,"[0.7073960304260254, 0.4653724431991577, 0.26735323667526245, 0.35536178946495056]","[0.36019524931907654, 0.3770316541194916, 0.33629220724105835, 0.3623965084552765]"
3144.0,2006-09-01T00:00:00.000000000,"[0.4653724431991577, 0.26735323667526245, 0.35536178946495056, 0.6853939294815063]","[0.4903765320777893, 0.4657976031303406, 0.4538581669330597, 0.4824736416339874]"
3144.0,2006-12-01T00:00:00.000000000,"[0.26735323667526245, 0.35536178946495056, 0.6853939294815063, 0.42136821150779724]","[0.45040345191955566, 0.44075924158096313, 0.5450917482376099, 0.43475857377052307]"
3144.0,2007-03-01T00:00:00.000000000,"[0.35536178946495056, 0.6853939294815063, 0.42136821150779724, 0.13534040749073029]","[0.3682112395763397, 0.4513891637325287, 0.3988381326198578, 0.3651830554008484]"
3144.0,2007-06-01T00:00:00.000000000,"[0.6853939294815063, 0.42136821150779724, 0.13534040749073029, 0.2893553674221039]","[0.39180582761764526, 0.38065236806869507, 0.3757851719856262, 0.39825326204299927]"
3144.0,2007-09-01T00:00:00.000000000,"[0.42136821150779724, 0.13534040749073029, 0.2893553674221039, 0.6193875670433044]","[0.511265754699707, 0.4912269115447998, 0.47990065813064575, 0.506324827671051]"
3144.0,2007-12-01T00:00:00.000000000,"[0.13534040749073029, 0.2893553674221039, 0.6193875670433044, 0.37736397981643677]","[0.43747103214263916, 0.43456271290779114, 0.5579177141189575, 0.4265262484550476]"
3144.0,2008-03-01T00:00:00.000000000,"[0.2893553674221039, 0.6193875670433044, 0.37736397981643677, 0.11333828419446945]","[0.279805988073349, 0.41348159313201904, 0.337924599647522, 0.3035129904747009]"
3144.0,2008-06-01T00:00:00.000000000,"[0.6193875670433044, 0.37736397981643677, 0.11333828419446945, 0.2453511357307434]","[0.35652369260787964, 0.3700144290924072, 0.3527337908744812, 0.37337034940719604]"
3144.0,2008-09-01T00:00:00.000000000,"[0.37736397981643677, 0.11333828419446945, 0.2453511357307434, 0.5973852872848511]","[0.4473642110824585, 0.4366307258605957, 0.4312918782234192, 0.45303985476493835]"
3144.0,2008-12-01T00:00:00.000000000,"[0.11333828419446945, 0.2453511357307434, 0.5973852872848511, 0.3993660807609558]","[0.4292225241661072, 0.4301460385322571, 0.5510503649711609, 0.4223582446575165]"
3144.0,2009-03-01T00:00:00.000000000,"[0.2453511357307434, 0.5973852872848511, 0.3993660807609558, 0.15734252333641052]","[0.22194209694862366, 0.350732684135437, 0.2910250425338745, 0.2706141471862793]"
3144.0,2009-06-01T00:00:00.000000000,"[0.5973852872848511, 0.3993660807609558, 0.15734252333641052, 0.33335965871810913]","[0.28992781043052673, 0.3020887076854706, 0.31049585342407227, 0.33028143644332886]"
3144.0,2009-09-01T00:00:00.000000000,"[0.3993660807609558, 0.15734252333641052, 0.33335965871810913, 0.6413896679878235]","[0.4105043113231659, 0.40503257513046265, 0.4035504162311554, 0.4223722815513611]"
3144.0,2009-12-01T00:00:00.000000000,"[0.15734252333641052, 0.33335965871810913, 0.6413896679878235, 0.575383186340332]","[0.4398432672023773, 0.4398581087589264, 0.536097526550293, 0.4367997646331787]"
3144.0,2010-03-01T00:00:00.000000000,"[0.33335965871810913, 0.6413896679878235, 0.575383186340332, 0.2453511357307434]","[0.24160882830619812, 0.3665040135383606, 0.3145962357521057, 0.2960861027240753]"
3144.0,2010-06-01T00:00:00.000000000,"[0.6413896679878235, 0.575383186340332, 0.2453511357307434, 0.35536178946495056]","[0.35115841031074524, 0.3632076680660248, 0.36582228541374207, 0.3851114809513092]"
3144.0,2010-09-01T00:00:00.000000000,"[0.575383186340332, 0.2453511357307434, 0.35536178946495056, 0.6853939294815063]","[0.4620174765586853, 0.45447802543640137, 0.451069176197052, 0.4697972536087036]"
3144.0,2010-12-01T00:00:00.000000000,"[0.2453511357307434, 0.35536178946495056, 0.6853939294815063, 0.5313789248466492]","[0.5062524080276489, 0.5030158162117004, 0.5957001447677612, 0.49807068705558777]"
3144.0,2011-03-01T00:00:00.000000000,"[0.35536178946495056, 0.6853939294815063, 0.5313789248466492, 0.26735323667526245]","[0.3470609784126282, 0.46546027064323425, 0.43435654044151306, 0.37029924988746643]"
3144.0,2011-06-01T00:00:00.000000000,"[0.6853939294815063, 0.5313789248466492, 0.26735323667526245, 0.42136821150779724]","[0.3926796019077301, 0.4273239076137543, 0.3967742919921875, 0.41575101017951965]"
3144.0,2011-09-01T00:00:00.000000000,"[0.5313789248466492, 0.26735323667526245, 0.42136821150779724, 0.2233489453792572]","[0.49639344215393066, 0.48819613456726074, 0.48436346650123596, 0.5028793811798096]"
3144.0,2011-12-01T00:00:00.000000000,"[0.26735323667526245, 0.42136821150779724, 0.2233489453792572, 0.5093768239021301]","[0.4935765266418457, 0.49276846647262573, 0.5755501389503479, 0.49067625403404236]"
3144.0,2012-03-01T00:00:00.000000000,"[0.42136821150779724, 0.2233489453792572, 0.5093768239021301, 0.33335965871810913]","[0.32544130086898804, 0.4483513832092285, 0.3941574692726135, 0.35697731375694275]"
3144.0,2012-06-01T00:00:00.000000000,"[0.2233489453792572, 0.5093768239021301, 0.33335965871810913, 0.5093768239021301]","[0.4291422665119171, 0.44593799114227295, 0.42709752917289734, 0.44362062215805054]"
3144.0,2012-09-01T00:00:00.000000000,"[0.5093768239021301, 0.33335965871810913, 0.5093768239021301, 0.7954046130180359]","[0.32207390666007996, 0.335444837808609, 0.34829163551330566, 0.36941802501678467]"
3144.0,2012-12-01T00:00:00.000000000,"[0.33335965871810913, 0.5093768239021301, 0.7954046130180359, 0.7293981313705444]","[0.43881380558013916, 0.44037410616874695, 0.45287007093429565, 0.45444023609161377]"
3144.0,2013-03-01T00:00:00.000000000,"[0.5093768239021301, 0.7954046130180359, 0.7293981313705444, 0.2893553674221039]","[0.3433406949043274, 0.3962615132331848, 0.4468989968299866, 0.3715461194515228]"
3226.0,2006-06-01T00:00:00.000000000,"[0.13534040749073029, 0.10233722627162933, 0.11333828419446945, 0.19034576416015625]","[0.04968935251235962, -0.025228440761566162, -0.0023182332515716553, -0.04016423225402832]"
3226.0,2006-09-01T00:00:00.000000000,"[0.10233722627162933, 0.11333828419446945, 0.19034576416015625, 0.2343500703573227]","[0.07446613907814026, 0.03118276596069336, 0.04362872242927551, 0.06959474086761475]"
3226.0,2006-12-01T00:00:00.000000000,"[0.11333828419446945, 0.19034576416015625, 0.2343500703573227, 0.17934469878673553]","[0.14731153845787048, 0.07422634959220886, 0.11315733194351196, 0.061183810234069824]"
3226.0,2007-03-01T00:00:00.000000000,"[0.19034576416015625, 0.2343500703573227, 0.17934469878673553, 0.168343648314476]","[0.11721843481063843, 0.0695597231388092, 0.07875785231590271, 0.08877044916152954]"
3226.0,2007-06-01T00:00:00.000000000,"[0.2343500703573227, 0.17934469878673553, 0.168343648314476, 0.25635218620300293]","[0.22831949591636658, 0.14680996537208557, 0.184709370136261, 0.16254165768623352]"
3226.0,2007-09-01T00:00:00.000000000,"[0.17934469878673553, 0.168343648314476, 0.25635218620300293, 0.2123478800058365]","[0.22367851436138153, 0.17336584627628326, 0.19600479304790497, 0.21887724101543427]"
3226.0,2007-12-01T00:00:00.000000000,"[0.168343648314476, 0.25635218620300293, 0.2123478800058365, 0.3113575577735901]","[0.26215916872024536, 0.1730581670999527, 0.21356837451457977, 0.1453023999929428]"
3226.0,2008-03-01T00:00:00.000000000,"[0.25635218620300293, 0.2123478800058365, 0.3113575577735901, 0.27835431694984436]","[0.1903109848499298, 0.12184393405914307, 0.14097300171852112, 0.14556264877319336]"
3226.0,2008-06-01T00:00:00.000000000,"[0.2123478800058365, 0.3113575577735901, 0.27835431694984436, 0.4653724431991577]","[0.33381587266921997, 0.23569874465465546, 0.2853890061378479, 0.26178354024887085]"
3226.0,2008-09-01T00:00:00.000000000,"[0.3113575577735901, 0.27835431694984436, 0.4653724431991577, 0.44337034225463867]","[0.26670366525650024, 0.18711207807064056, 0.2304893285036087, 0.22421570122241974]"
3226.0,2008-12-01T00:00:00.000000000,"[0.27835431694984436, 0.4653724431991577, 0.44337034225463867, 0.44337034225463867]","[0.38631725311279297, 0.2991873621940613, 0.3409273624420166, 0.28912806510925293]"
3226.0,2009-03-01T00:00:00.000000000,"[0.4653724431991577, 0.44337034225463867, 0.44337034225463867, 0.37736397981643677]","[0.35921430587768555, 0.26183444261550903, 0.30750590562820435, 0.2628539800643921]"
3226.0,2009-06-01T00:00:00.000000000,"[0.44337034225463867, 0.44337034225463867, 0.37736397981643677, 0.6633917689323425]","[0.5065975189208984, 0.41698676347732544, 0.44214797019958496, 0.40075135231018066]"
3226.0,2009-09-01T00:00:00.000000000,"[0.44337034225463867, 0.37736397981643677, 0.6633917689323425, 0.7293981313705444]","[0.2538275718688965, 0.2707662284374237, 0.2566344738006592, 0.23528674244880676]"
3226.0,2009-12-01T00:00:00.000000000,"[0.37736397981643677, 0.6633917689323425, 0.7293981313705444, 0.7293981313705444]","[0.3193480670452118, 0.33477160334587097, 0.31830117106437683, 0.29604509472846985]"
3226.0,2010-03-01T00:00:00.000000000,"[0.6633917689323425, 0.7293981313705444, 0.7293981313705444, 0.7073960304260254]","[0.30717065930366516, 0.3461863100528717, 0.3003949820995331, 0.2877572774887085]"
3226.0,2010-06-01T00:00:00.000000000,"[0.7293981313705444, 0.7293981313705444, 0.7073960304260254, 0.9714217185974121]","[0.4377972185611725, 0.4592212736606598, 0.38140439987182617, 0.4122159779071808]"
3226.0,2010-09-01T00:00:00.000000000,"[0.7293981313705444, 0.7073960304260254, 0.9714217185974121, 1.0154259204864502]","[0.4511411190032959, 0.4694017171859741, 0.4511057436466217, 0.42380520701408386]"
3226.0,2010-12-01T00:00:00.000000000,"[0.7073960304260254, 0.9714217185974121, 1.0154259204864502, 1.0374282598495483]","[0.46051934361457825, 0.5045465230941772, 0.44601479172706604, 0.43723371624946594]"
3226.0,2011-03-01T00:00:00.000000000,"[0.9714217185974121, 1.0154259204864502, 1.0374282598495483, 1.0374282598495483]","[0.5052677989006042, 0.5719637274742126, 0.47598913311958313, 0.48069772124290466]"
3226.0,2011-06-01T00:00:00.000000000,"[1.0154259204864502, 1.0374282598495483, 1.0374282598495483, 0.8614109754562378]","[0.6319596767425537, 0.6736164689064026, 0.5572113990783691, 0.6036043167114258]"
3226.0,2011-09-01T00:00:00.000000000,"[1.0374282598495483, 1.0374282598495483, 0.8614109754562378, 0.8174067735671997]","[0.6582766175270081, 0.7008985877037048, 0.6601336002349854, 0.6251923441886902]"
3226.0,2011-12-01T00:00:00.000000000,"[1.0374282598495483, 0.8614109754562378, 0.8174067735671997, 0.7293981313705444]","[0.7099488973617554, 0.7445229291915894, 0.6950469613075256, 0.6790716052055359]"
3226.0,2012-03-01T00:00:00.000000000,"[0.8614109754562378, 0.8174067735671997, 0.7293981313705444, 0.5313789248466492]","[0.7345976233482361, 0.8032175302505493, 0.7016121745109558, 0.7064295411109924]"
3226.0,2012-06-01T00:00:00.000000000,"[0.8174067735671997, 0.7293981313705444, 0.5313789248466492, 0.9714217185974121]","[0.7022886872291565, 0.7589172124862671, 0.6808919906616211, 0.6830227375030518]"
3226.0,2012-09-01T00:00:00.000000000,"[0.7293981313705444, 0.5313789248466492, 0.9714217185974121, 1.147438883781433]","[0.695315420627594, 0.7256628274917603, 0.636149525642395, 0.6871573328971863]"
3226.0,2012-12-01T00:00:00.000000000,"[0.5313789248466492, 0.9714217185974121, 1.147438883781433, 1.2134451866149902]","[0.6566112041473389, 0.7000370621681213, 0.6317324638366699, 0.6524255871772766]"
3226.0,2013-03-01T00:00:00.000000000,"[0.9714217185974121, 1.147438883781433, 1.2134451866149902, 0.9934238195419312]","[0.6164270639419556, 0.6822609901428223, 0.6095269322395325, 0.6162106990814209]"
3980.0,2006-06-01T00:00:00.000000000,"[2.115532875061035, 1.2574495077133179, 2.0935308933258057, 2.0055222511291504]","[2.109326124191284, 1.4997916221618652, 1.709059715270996, 1.6785211563110352]"
3980.0,2006-09-01T00:00:00.000000000,"[1.2574495077133179, 2.0935308933258057, 2.0055222511291504, 2.4895694255828857]","[1.5672614574432373, 1.7644002437591553, 1.6106020212173462, 2.036125898361206]"
3980.0,2006-12-01T00:00:00.000000000,"[2.0935308933258057, 2.0055222511291504, 2.4895694255828857, 1.9395159482955933]","[1.6528345346450806, 1.464558720588684, 1.964806079864502, 1.2839934825897217]"
3980.0,2007-03-01T00:00:00.000000000,"[2.0055222511291504, 2.4895694255828857, 1.9395159482955933, 2.885607957839966]","[1.6706781387329102, 2.126377820968628, 1.5335345268249512, 2.0309858322143555]"
3980.0,2007-06-01T00:00:00.000000000,"[2.4895694255828857, 1.9395159482955933, 2.885607957839966, 2.2915501594543457]","[2.5762648582458496, 1.8412353992462158, 2.1645703315734863, 2.059877872467041]"
3980.0,2007-09-01T00:00:00.000000000,"[1.9395159482955933, 2.885607957839966, 2.2915501594543457, 2.8636057376861572]","[1.9761435985565186, 2.196593761444092, 2.008204221725464, 2.4713594913482666]"
3980.0,2007-12-01T00:00:00.000000000,"[2.885607957839966, 2.2915501594543457, 2.8636057376861572, 1.7194944620132446]","[2.3757758140563965, 2.1200168132781982, 2.628763198852539, 1.9459458589553833]"
3980.0,2008-03-01T00:00:00.000000000,"[2.2915501594543457, 2.8636057376861572, 1.7194944620132446, 2.7095906734466553]","[2.425457239151001, 2.8152074813842773, 2.2831459045410156, 2.780032157897949]"
3980.0,2008-06-01T00:00:00.000000000,"[2.8636057376861572, 1.7194944620132446, 2.7095906734466553, 2.5995800495147705]","[2.8904154300689697, 2.3019602298736572, 2.6227080821990967, 2.391296863555908]"
3980.0,2008-09-01T00:00:00.000000000,"[1.7194944620132446, 2.7095906734466553, 2.5995800495147705, 2.775597333908081]","[2.3803772926330566, 2.5430703163146973, 2.389529228210449, 2.8915131092071533]"
3980.0,2008-12-01T00:00:00.000000000,"[2.7095906734466553, 2.5995800495147705, 2.775597333908081, 1.6534881591796875]","[2.2821669578552246, 1.9353375434875488, 2.543916940689087, 1.7837389707565308]"
3980.0,2009-03-01T00:00:00.000000000,"[2.5995800495147705, 2.775597333908081, 1.6534881591796875, 3.4576635360717773]","[2.529698371887207, 2.9118614196777344, 2.335200548171997, 2.9218406677246094]"
3980.0,2009-06-01T00:00:00.000000000,"[2.775597333908081, 1.6534881591796875, 3.4576635360717773, 3.3476529121398926]","[3.4056177139282227, 2.560899257659912, 2.948305130004883, 2.8872504234313965]"
3980.0,2009-09-01T00:00:00.000000000,"[1.6534881591796875, 3.4576635360717773, 3.3476529121398926, 3.4136593341827393]","[2.6581132411956787, 2.717466354370117, 2.6453099250793457, 2.8775386810302734]"
3980.0,2009-12-01T00:00:00.000000000,"[3.4576635360717773, 3.3476529121398926, 3.4136593341827393, 2.5555758476257324]","[2.069340944290161, 1.7446074485778809, 2.207801580429077, 1.6198761463165283]"
3980.0,2010-03-01T00:00:00.000000000,"[3.3476529121398926, 3.4136593341827393, 2.5555758476257324, 3.3476529121398926]","[2.920236587524414, 2.995995044708252, 2.784987449645996, 3.5069358348846436]"
3980.0,2010-06-01T00:00:00.000000000,"[3.4136593341827393, 2.5555758476257324, 3.3476529121398926, 2.8416035175323486]","[3.954799175262451, 3.174984931945801, 3.515972137451172, 3.3943307399749756]"
3980.0,2010-09-01T00:00:00.000000000,"[2.5555758476257324, 3.3476529121398926, 2.8416035175323486, 2.269547939300537]","[3.1147427558898926, 3.2535042762756348, 3.0785679817199707, 3.212914228439331]"
3980.0,2010-12-01T00:00:00.000000000,"[3.3476529121398926, 2.8416035175323486, 2.269547939300537, 1.6534881591796875]","[3.1014814376831055, 2.6262078285217285, 2.971888780593872, 2.3553998470306396]"
3980.0,2011-03-01T00:00:00.000000000,"[2.8416035175323486, 2.269547939300537, 1.6534881591796875, 2.665586471557617]","[3.1715097427368164, 3.086538791656494, 2.968737840652466, 3.57023024559021]"
3980.0,2011-06-01T00:00:00.000000000,"[2.269547939300537, 1.6534881591796875, 2.665586471557617, 0.6193875670433044]","[3.577174186706543, 2.833993434906006, 3.244464635848999, 3.0830349922180176]"
3980.0,2011-09-01T00:00:00.000000000,"[1.6534881591796875, 2.665586471557617, 0.6193875670433044, -0.5247237682342529]","[2.660061836242676, 2.791358470916748, 2.64001202583313, 2.6397831439971924]"
3980.0,2011-12-01T00:00:00.000000000,"[2.665586471557617, 0.6193875670433044, -0.5247237682342529, -1.1407837867736816]","[2.199700355529785, 2.1894190311431885, 2.226011037826538, 2.2503879070281982]"
3980.0,2012-03-01T00:00:00.000000000,"[0.6193875670433044, -0.5247237682342529, -1.1407837867736816, 0.003327556187286973]","[2.459874391555786, 2.5145506858825684, 2.3906514644622803, 2.48604679107666]"
3980.0,2012-06-01T00:00:00.000000000,"[-0.5247237682342529, -1.1407837867736816, 0.003327556187286973, 1.0374282598495483]","[1.3541581630706787, 1.477797031402588, 1.7069286108016968, 1.6550654172897339]"
3980.0,2012-09-01T00:00:00.000000000,"[-1.1407837867736816, 0.003327556187286973, 1.0374282598495483, 1.0594303607940674]","[0.8159475326538086, 1.2688199281692505, 1.1584336757659912, 1.307434320449829]"
3980.0,2012-12-01T00:00:00.000000000,"[0.003327556187286973, 1.0374282598495483, 1.0594303607940674, 0.11333828419446945]","[0.2820979356765747, 0.5836271047592163, 0.816049337387085, 0.9930375814437866]"
3980.0,2013-03-01T00:00:00.000000000,"[1.0374282598495483, 1.0594303607940674, 0.11333828419446945, 1.6314857006072998]","[0.5838725566864014, 0.8135848045349121, 1.0002772808074951, 1.1721394062042236]"
5568.0,2004-09-01T00:00:00.000000000,"[1.2134451866149902, 1.279451608657837, 1.477470874786377, 0.26735323667526245]","[1.2682982683181763, 1.2133548259735107, 1.3929109573364258, 1.105758547782898]"
5568.0,2004-12-01T00:00:00.000000000,"[1.279451608657837, 1.477470874786377, 0.26735323667526245, 0.6633917689323425]","[1.301794409751892, 1.3472094535827637, 1.1629152297973633, 1.2331831455230713]"
5568.0,2005-03-01T00:00:00.000000000,"[1.477470874786377, 0.26735323667526245, 0.6633917689323425, 0.9054153561592102]","[1.3625742197036743, 1.0697791576385498, 1.2081782817840576, 1.3649648427963257]"
5568.0,2005-06-01T00:00:00.000000000,"[0.26735323667526245, 0.6633917689323425, 0.9054153561592102, 1.1694409847259521]","[1.3752951622009277, 1.391801357269287, 1.3923380374908447, 1.464727520942688]"
5568.0,2005-09-01T00:00:00.000000000,"[0.6633917689323425, 0.9054153561592102, 1.1694409847259521, 1.125436782836914]","[0.690610408782959, 0.7583891153335571, 0.8918204307556152, 0.7433676719665527]"
5568.0,2005-12-01T00:00:00.000000000,"[0.9054153561592102, 1.1694409847259521, 1.125436782836914, 1.301453948020935]","[0.7391546964645386, 0.8797473311424255, 0.7527568936347961, 0.7891318798065186]"
5568.0,2006-03-01T00:00:00.000000000,"[1.1694409847259521, 1.125436782836914, 1.301453948020935, 1.147438883781433]","[0.8642808794975281, 0.8625045418739319, 0.8674178719520569, 0.8985939025878906]"
5568.0,2006-06-01T00:00:00.000000000,"[1.125436782836914, 1.301453948020935, 1.147438883781433, 1.455468773841858]","[1.0005693435668945, 1.0242531299591064, 1.0188802480697632, 1.0069810152053833]"
5568.0,2006-09-01T00:00:00.000000000,"[1.301453948020935, 1.147438883781433, 1.455468773841858, 1.125436782836914]","[1.0696041584014893, 1.1063652038574219, 1.1567938327789307, 1.059683084487915]"
5568.0,2006-12-01T00:00:00.000000000,"[1.147438883781433, 1.455468773841858, 1.125436782836914, 1.279451608657837]","[1.1848676204681396, 1.256819486618042, 1.1337953805923462, 1.1744486093521118]"
5568.0,2007-03-01T00:00:00.000000000,"[1.455468773841858, 1.125436782836914, 1.279451608657837, 1.2574495077133179]","[1.153058648109436, 1.1333680152893066, 1.1593338251113892, 1.1494765281677246]"
5568.0,2007-06-01T00:00:00.000000000,"[1.125436782836914, 1.279451608657837, 1.2574495077133179, 1.499472975730896]","[1.2455558776855469, 1.2561686038970947, 1.2038071155548096, 1.2361562252044678]"
5568.0,2007-09-01T00:00:00.000000000,"[1.279451608657837, 1.2574495077133179, 1.499472975730896, 1.0154259204864502]","[1.136989951133728, 1.1363123655319214, 1.2264361381530762, 1.131203532218933]"
5568.0,2007-12-01T00:00:00.000000000,"[1.2574495077133179, 1.499472975730896, 1.0154259204864502, 1.147438883781433]","[1.208457112312317, 1.3221632242202759, 1.1614011526107788, 1.2016979455947876]"
5568.0,2008-03-01T00:00:00.000000000,"[1.499472975730896, 1.0154259204864502, 1.147438883781433, 0.7514004111289978]","[1.2271114587783813, 1.2087215185165405, 1.2186774015426636, 1.2252566814422607]"
5568.0,2008-06-01T00:00:00.000000000,"[1.0154259204864502, 1.147438883781433, 0.7514004111289978, 0.8174067735671997]","[1.3021280765533447, 1.333749771118164, 1.2548298835754395, 1.2941917181015015]"
5568.0,2008-09-01T00:00:00.000000000,"[1.147438883781433, 0.7514004111289978, 0.8174067735671997, 0.8834132552146912]","[1.092287540435791, 1.1340899467468262, 1.243677020072937, 1.0924899578094482]"
5568.0,2008-12-01T00:00:00.000000000,"[0.7514004111289978, 0.8174067735671997, 0.8834132552146912, 0.575383186340332]","[1.1532467603683472, 1.2431384325027466, 1.1281968355178833, 1.1616172790527344]"
5568.0,2009-03-01T00:00:00.000000000,"[0.8174067735671997, 0.8834132552146912, 0.575383186340332, 1.0594303607940674]","[0.9210203289985657, 0.9444656372070312, 0.963165283203125, 0.9925488233566284]"
5568.0,2009-06-01T00:00:00.000000000,"[0.8834132552146912, 0.575383186340332, 1.0594303607940674, 0.8394088745117188]","[0.9065142273902893, 0.9421939849853516, 0.9481644630432129, 0.9812626242637634]"
5568.0,2009-09-01T00:00:00.000000000,"[0.575383186340332, 1.0594303607940674, 0.8394088745117188, 1.0594303607940674]","[0.8678076267242432, 0.9007478952407837, 1.011982798576355, 0.9448451995849609]"
5568.0,2009-12-01T00:00:00.000000000,"[1.0594303607940674, 0.8394088745117188, 1.0594303607940674, 0.8834132552146912]","[0.7589871883392334, 0.8485645651817322, 0.8395613431930542, 0.8841701745986938]"
5568.0,2010-03-01T00:00:00.000000000,"[0.8394088745117188, 1.0594303607940674, 0.8834132552146912, 1.0154259204864502]","[0.9868389368057251, 0.9904642701148987, 1.0003037452697754, 1.0303798913955688]"
5568.0,2010-06-01T00:00:00.000000000,"[1.0594303607940674, 0.8834132552146912, 1.0154259204864502, 0.7293981313705444]","[0.9277331233024597, 0.9392456412315369, 0.9854267239570618, 0.9863097071647644]"
5568.0,2010-09-01T00:00:00.000000000,"[0.8834132552146912, 1.0154259204864502, 0.7293981313705444, 1.0374282598495483]","[0.9582924246788025, 1.0101656913757324, 0.9911623597145081, 1.0137594938278198]"
5680.0,2006-06-01T00:00:00.000000000,"[1.4114645719528198, 2.6435842514038086, 1.7414965629577637, 1.499472975730896]","[0.9602111577987671, 1.2450151443481445, 1.017012357711792, 0.9441983699798584]"
5680.0,2006-09-01T00:00:00.000000000,"[2.6435842514038086, 1.7414965629577637, 1.499472975730896, 1.8515071868896484]","[1.0541021823883057, 1.0496500730514526, 1.0069056749343872, 1.061826229095459]"
5680.0,2006-12-01T00:00:00.000000000,"[1.7414965629577637, 1.499472975730896, 1.8515071868896484, 3.0616250038146973]","[1.5982041358947754, 1.5219602584838867, 1.4810982942581177, 1.5571839809417725]"
5680.0,2007-03-01T00:00:00.000000000,"[1.499472975730896, 1.8515071868896484, 3.0616250038146973, 2.2915501594543457]","[1.4244968891143799, 1.396683931350708, 1.7607862949371338, 1.3610897064208984]"
5680.0,2007-06-01T00:00:00.000000000,"[1.8515071868896484, 3.0616250038146973, 2.2915501594543457, 1.8735092878341675]","[1.321528434753418, 1.5925216674804688, 1.3272509574890137, 1.2939585447311401]"
5680.0,2007-09-01T00:00:00.000000000,"[3.0616250038146973, 2.2915501594543457, 1.8735092878341675, 2.4675674438476562]","[1.4560734033584595, 1.5014026165008545, 1.3602408170700073, 1.441272258758545]"
5680.0,2007-12-01T00:00:00.000000000,"[2.2915501594543457, 1.8735092878341675, 2.4675674438476562, 3.633680582046509]","[1.940110445022583, 1.9063379764556885, 1.7860443592071533, 1.8857200145721436]"
5680.0,2008-03-01T00:00:00.000000000,"[1.8735092878341675, 2.4675674438476562, 3.633680582046509, 2.819601535797119]","[1.8959685564041138, 1.9529547691345215, 2.2368109226226807, 1.796761393547058]"
5680.0,2008-06-01T00:00:00.000000000,"[2.4675674438476562, 3.633680582046509, 2.819601535797119, 2.4675674438476562]","[1.7373263835906982, 2.1726856231689453, 1.7678542137145996, 1.6742885112762451]"
5680.0,2008-09-01T00:00:00.000000000,"[3.633680582046509, 2.819601535797119, 2.4675674438476562, 2.973616361618042]","[2.0267715454101562, 2.096353054046631, 1.8698177337646484, 1.981069564819336]"
5680.0,2008-12-01T00:00:00.000000000,"[2.819601535797119, 2.4675674438476562, 2.973616361618042, 4.2497406005859375]","[2.464035987854004, 2.340830087661743, 2.274331569671631, 2.3954691886901855]"
5680.0,2009-03-01T00:00:00.000000000,"[2.4675674438476562, 2.973616361618042, 4.2497406005859375, 3.4136593341827393]","[2.2312734127044678, 2.2252469062805176, 2.4983572959899902, 2.150599479675293]"
5680.0,2009-06-01T00:00:00.000000000,"[2.973616361618042, 4.2497406005859375, 3.4136593341827393, 3.017620801925659]","[2.0820820331573486, 2.421125650405884, 1.9930496215820312, 2.0474987030029297]"
5680.0,2009-09-01T00:00:00.000000000,"[4.2497406005859375, 3.4136593341827393, 3.017620801925659, 3.875704050064087]","[2.461299419403076, 2.4035165309906006, 2.2979190349578857, 2.4224817752838135]"
5680.0,2009-12-01T00:00:00.000000000,"[3.4136593341827393, 3.017620801925659, 3.875704050064087, 6.00991153717041]","[2.9028990268707275, 2.857205629348755, 2.6796789169311523, 2.8320207595825195]"
5680.0,2010-03-01T00:00:00.000000000,"[3.017620801925659, 3.875704050064087, 6.00991153717041, 4.82179594039917]","[2.953437328338623, 3.0251882076263428, 3.2855825424194336, 2.8223228454589844]"
5680.0,2010-06-01T00:00:00.000000000,"[3.875704050064087, 6.00991153717041, 4.82179594039917, 4.2497406005859375]","[2.794840097427368, 3.2379961013793945, 2.7337024211883545, 2.714256763458252]"
5680.0,2010-09-01T00:00:00.000000000,"[6.00991153717041, 4.82179594039917, 4.2497406005859375, 4.2937445640563965]","[3.172513484954834, 3.1735105514526367, 2.95166015625, 3.1060733795166016]"
5680.0,2010-12-01T00:00:00.000000000,"[4.82179594039917, 4.2497406005859375, 4.2937445640563965, 6.273937702178955]","[4.000060081481934, 3.8028717041015625, 3.690056800842285, 3.881155490875244]"
5680.0,2011-03-01T00:00:00.000000000,"[4.2497406005859375, 4.2937445640563965, 6.273937702178955, 4.865800380706787]","[3.5451443195343018, 3.6403846740722656, 3.9962353706359863, 3.4116153717041016]"
5680.0,2011-06-01T00:00:00.000000000,"[4.2937445640563965, 6.273937702178955, 4.865800380706787, 4.315746784210205]","[3.307093858718872, 3.9091410636901855, 3.233938694000244, 3.2459664344787598]"
5680.0,2011-09-01T00:00:00.000000000,"[6.273937702178955, 4.865800380706787, 4.315746784210205, 3.875704050064087]","[3.6218442916870117, 3.7679946422576904, 3.3979625701904297, 3.582484722137451]"
5680.0,2011-12-01T00:00:00.000000000,"[4.865800380706787, 4.315746784210205, 3.875704050064087, 8.144119262695312]","[4.321078300476074, 4.347774028778076, 4.02610445022583, 4.234158515930176]"
5680.0,2012-03-01T00:00:00.000000000,"[4.315746784210205, 3.875704050064087, 8.144119262695312, 6.295939922332764]","[4.3491668701171875, 4.314826011657715, 4.753637313842773, 4.206201076507568]"
5680.0,2012-06-01T00:00:00.000000000,"[3.875704050064087, 8.144119262695312, 6.295939922332764, 5.129826545715332]","[4.100881576538086, 4.659716606140137, 3.939516544342041, 4.026542663574219]"
5680.0,2012-09-01T00:00:00.000000000,"[8.144119262695312, 6.295939922332764, 5.129826545715332, 7.792084693908691]","[3.829221248626709, 3.9667696952819824, 3.653211832046509, 3.836056709289551]"
5680.0,2012-12-01T00:00:00.000000000,"[6.295939922332764, 5.129826545715332, 7.792084693908691, 9.266228675842285]","[5.191682815551758, 5.013381004333496, 4.871003150939941, 5.094682693481445]"
5680.0,2013-03-01T00:00:00.000000000,"[5.129826545715332, 7.792084693908691, 9.266228675842285, 7.924098014831543]","[5.215903282165527, 5.108765602111816, 6.104059219360352, 5.006064414978027]"
6008.0,2006-06-01T00:00:00.000000000,"[0.5093768239021301, 0.7514004111289978, 0.9274174571037292, 0.20134682953357697]","[0.2257336676120758, 0.3204954266548157, 0.2592279613018036, 0.24203020334243774]"
6008.0,2006-09-01T00:00:00.000000000,"[0.7514004111289978, 0.9274174571037292, 0.20134682953357697, 0.5093768239021301]","[0.4560529589653015, 0.45981359481811523, 0.41384679079055786, 0.45874929428100586]"
6008.0,2006-12-01T00:00:00.000000000,"[0.9274174571037292, 0.20134682953357697, 0.5093768239021301, 0.7073960304260254]","[0.5549060106277466, 0.5206373929977417, 0.5101955533027649, 0.5488121509552002]"
6008.0,2007-03-01T00:00:00.000000000,"[0.20134682953357697, 0.5093768239021301, 0.7073960304260254, 0.9274174571037292]","[0.7556347250938416, 0.7390433549880981, 0.7677872776985168, 0.7185620069503784]"
6008.0,2007-06-01T00:00:00.000000000,"[0.5093768239021301, 0.7073960304260254, 0.9274174571037292, 0.4873746931552887]","[0.4794216454029083, 0.5535769462585449, 0.6081801652908325, 0.46342945098876953]"
6008.0,2007-09-01T00:00:00.000000000,"[0.7073960304260254, 0.9274174571037292, 0.4873746931552887, 0.5973852872848511]","[0.44101011753082275, 0.5316547155380249, 0.4024815261363983, 0.4500753581523895]"
6008.0,2007-12-01T00:00:00.000000000,"[0.9274174571037292, 0.4873746931552887, 0.5973852872848511, 1.0594303607940674]","[0.5673076510429382, 0.5409982204437256, 0.5269641876220703, 0.5707330703735352]"
6008.0,2008-03-01T00:00:00.000000000,"[0.4873746931552887, 0.5973852872848511, 1.0594303607940674, 1.0374282598495483]","[0.7578201293945312, 0.7243249416351318, 0.8187869787216187, 0.7288519144058228]"
6008.0,2008-06-01T00:00:00.000000000,"[0.5973852872848511, 1.0594303607940674, 1.0374282598495483, 0.7514004111289978]","[0.6258013248443604, 0.6653929948806763, 0.7837291359901428, 0.6017194390296936]"
6008.0,2008-09-01T00:00:00.000000000,"[1.0594303607940674, 1.0374282598495483, 0.7514004111289978, 0.8834132552146912]","[0.5808504223823547, 0.6768700480461121, 0.5343283414840698, 0.583896815776825]"
6008.0,2008-12-01T00:00:00.000000000,"[1.0374282598495483, 0.7514004111289978, 0.8834132552146912, 1.5214751958847046]","[0.73919677734375, 0.7062016725540161, 0.6881369352340698, 0.7352510690689087]"
6008.0,2009-03-01T00:00:00.000000000,"[0.7514004111289978, 0.8834132552146912, 1.5214751958847046, 1.6754902601242065]","[0.8838732242584229, 0.8462414145469666, 0.9128991365432739, 0.8559740781784058]"
6008.0,2009-06-01T00:00:00.000000000,"[0.8834132552146912, 1.5214751958847046, 1.6754902601242065, 1.2134451866149902]","[0.7786970138549805, 0.8432949185371399, 0.8012371063232422, 0.762139081954956]"
6008.0,2009-09-01T00:00:00.000000000,"[1.5214751958847046, 1.6754902601242065, 1.2134451866149902, 1.5874814987182617]","[0.809780478477478, 0.7890185713768005, 0.7584021687507629, 0.8067435622215271]"
6008.0,2009-12-01T00:00:00.000000000,"[1.6754902601242065, 1.2134451866149902, 1.5874814987182617, 2.379558563232422]","[1.0429081916809082, 0.9924302697181702, 0.9648493528366089, 1.0209819078445435]"
6008.0,2010-03-01T00:00:00.000000000,"[1.2134451866149902, 1.5874814987182617, 2.379558563232422, 2.115532875061035]","[1.1660922765731812, 1.1413748264312744, 1.1670444011688232, 1.1257425546646118]"
6008.0,2010-06-01T00:00:00.000000000,"[1.5874814987182617, 2.379558563232422, 2.115532875061035, 1.2574495077133179]","[1.0084216594696045, 1.1402711868286133, 1.0961514711380005, 0.9744476079940796]"
6008.0,2010-09-01T00:00:00.000000000,"[2.379558563232422, 2.115532875061035, 1.2574495077133179, 1.6314857006072998]","[1.0969749689102173, 1.1965420246124268, 1.0194091796875, 1.076163411140442]"
6008.0,2010-12-01T00:00:00.000000000,"[2.115532875061035, 1.2574495077133179, 1.6314857006072998, 2.42356276512146]","[1.4646210670471191, 1.4433002471923828, 1.3829011917114258, 1.4184138774871826]"
6008.0,2011-03-01T00:00:00.000000000,"[1.2574495077133179, 1.6314857006072998, 2.42356276512146, 2.6435842514038086]","[1.4243814945220947, 1.473832368850708, 1.513126015663147, 1.3726521730422974]"
6008.0,2011-06-01T00:00:00.000000000,"[1.6314857006072998, 2.42356276512146, 2.6435842514038086, 2.4895694255828857]","[1.1347346305847168, 1.3494930267333984, 1.249268889427185, 1.1133166551589966]"
6008.0,2011-09-01T00:00:00.000000000,"[2.42356276512146, 2.6435842514038086, 2.4895694255828857, 2.0055222511291504]","[1.315653681755066, 1.4238324165344238, 1.233556866645813, 1.3039345741271973]"
6008.0,2011-12-01T00:00:00.000000000,"[2.6435842514038086, 2.4895694255828857, 2.0055222511291504, 1.7414965629577637]","[1.5935802459716797, 1.532745122909546, 1.4974944591522217, 1.569939136505127]"
6008.0,2012-03-01T00:00:00.000000000,"[2.4895694255828857, 2.0055222511291504, 1.7414965629577637, 2.6435842514038086]","[1.8011243343353271, 1.7377830743789673, 1.8346900939941406, 1.7490694522857666]"
6008.0,2012-06-01T00:00:00.000000000,"[2.0055222511291504, 1.7414965629577637, 2.6435842514038086, 2.3575565814971924]","[1.7938027381896973, 1.887434720993042, 1.8624017238616943, 1.7411949634552002]"
6008.0,2012-09-01T00:00:00.000000000,"[1.7414965629577637, 2.6435842514038086, 2.3575565814971924, 2.115532875061035]","[1.7918331623077393, 1.8601441383361816, 1.6980887651443481, 1.7672022581100464]"
6008.0,2012-12-01T00:00:00.000000000,"[2.6435842514038086, 2.3575565814971924, 2.115532875061035, 3.0616250038146973]","[1.5122908353805542, 1.4748961925506592, 1.457507610321045, 1.5337260961532593]"
6008.0,2013-03-01T00:00:00.000000000,"[2.3575565814971924, 2.115532875061035, 3.0616250038146973, 1.6974923610687256]","[1.9540526866912842, 1.9689821004867554, 1.8474855422973633, 1.9267334938049316]"
6066.0,2006-06-01T00:00:00.000000000,"[8.804183959960938, 7.3960466384887695, 12.082502365112305, 5.7018818855285645]","[6.938073635101318, 7.138967037200928, 9.035416603088379, 6.730213165283203]"
6066.0,2006-09-01T00:00:00.000000000,"[7.3960466384887695, 12.082502365112305, 5.7018818855285645, 7.748080730438232]","[7.437644958496094, 9.001964569091797, 6.969643592834473, 7.367980480194092]"
6066.0,2006-12-01T00:00:00.000000000,"[12.082502365112305, 5.7018818855285645, 7.748080730438232, 6.647973537445068]","[7.923133850097656, 7.742178916931152, 7.863216400146484, 7.881912708282471]"
6066.0,2007-03-01T00:00:00.000000000,"[5.7018818855285645, 7.748080730438232, 6.647973537445068, 9.948295593261719]","[8.384244918823242, 8.937459945678711, 7.947942733764648, 8.312955856323242]"
6066.0,2007-06-01T00:00:00.000000000,"[7.748080730438232, 6.647973537445068, 9.948295593261719, 4.469761848449707]","[6.907166957855225, 6.973591327667236, 8.95065689086914, 6.821639060974121]"
6066.0,2007-09-01T00:00:00.000000000,"[6.647973537445068, 9.948295593261719, 4.469761848449707, 5.789890289306641]","[7.425717353820801, 9.06381607055664, 7.052833080291748, 7.434222221374512]"
6066.0,2007-12-01T00:00:00.000000000,"[9.948295593261719, 4.469761848449707, 5.789890289306641, 6.537962913513184]","[7.913069248199463, 7.770092010498047, 7.695555686950684, 7.9710493087768555]"
6066.0,2008-03-01T00:00:00.000000000,"[4.469761848449707, 5.789890289306641, 6.537962913513184, 10.322331428527832]","[8.26719856262207, 8.562503814697266, 7.967280864715576, 8.281966209411621]"
6066.0,2008-06-01T00:00:00.000000000,"[5.789890289306641, 6.537962913513184, 10.322331428527832, 4.535768508911133]","[6.043393135070801, 6.2884297370910645, 8.028067588806152, 6.341704845428467]"
6066.0,2008-09-01T00:00:00.000000000,"[6.537962913513184, 10.322331428527832, 4.535768508911133, 5.437856197357178]","[6.060352325439453, 7.545756816864014, 6.099944114685059, 6.441267013549805]"
6066.0,2008-12-01T00:00:00.000000000,"[10.322331428527832, 4.535768508911133, 5.437856197357178, 6.559965133666992]","[7.281247615814209, 7.223867416381836, 7.221680641174316, 7.486411094665527]"
6066.0,2009-03-01T00:00:00.000000000,"[4.535768508911133, 5.437856197357178, 6.559965133666992, 10.696367263793945]","[8.19520092010498, 8.314631462097168, 7.987997531890869, 8.26085090637207]"
6066.0,2009-06-01T00:00:00.000000000,"[5.437856197357178, 6.559965133666992, 10.696367263793945, 4.689783573150635]","[6.311882972717285, 6.559296607971191, 8.549890518188477, 6.579411029815674]"
6066.0,2009-09-01T00:00:00.000000000,"[6.559965133666992, 10.696367263793945, 4.689783573150635, 6.075918197631836]","[5.525961875915527, 7.189328670501709, 5.756092548370361, 6.097162246704102]"
6066.0,2009-12-01T00:00:00.000000000,"[10.696367263793945, 4.689783573150635, 6.075918197631836, 6.823991298675537]","[7.048211097717285, 7.059465408325195, 7.108397006988525, 7.357043266296387]"
6066.0,2010-03-01T00:00:00.000000000,"[4.689783573150635, 6.075918197631836, 6.823991298675537, 10.014301300048828]","[8.18615436553955, 8.263279914855957, 8.030281066894531, 8.28355884552002]"
6066.0,2010-06-01T00:00:00.000000000,"[6.075918197631836, 6.823991298675537, 10.014301300048828, 4.2497406005859375]","[6.345098495483398, 6.6291913986206055, 8.681822776794434, 6.650633811950684]"
6066.0,2010-09-01T00:00:00.000000000,"[6.823991298675537, 10.014301300048828, 4.2497406005859375, 6.273937702178955]","[5.89668607711792, 7.598974704742432, 6.089674472808838, 6.418178081512451]"
6066.0,2010-12-01T00:00:00.000000000,"[10.014301300048828, 4.2497406005859375, 6.273937702178955, 5.1958327293396]","[7.287909984588623, 7.30157995223999, 7.348142147064209, 7.585638523101807]"
6066.0,2011-03-01T00:00:00.000000000,"[4.2497406005859375, 6.273937702178955, 5.1958327293396, 9.662266731262207]","[7.954079627990723, 8.071830749511719, 7.866171360015869, 8.097902297973633]"
6066.0,2011-06-01T00:00:00.000000000,"[6.273937702178955, 5.1958327293396, 9.662266731262207, 3.3476529121398926]","[5.52139949798584, 5.94004487991333, 7.942004203796387, 6.107349395751953]"
6066.0,2011-09-01T00:00:00.000000000,"[5.1958327293396, 9.662266731262207, 3.3476529121398926, 4.0957255363464355]","[5.83147668838501, 7.450673580169678, 6.123531818389893, 6.457287788391113]"
6066.0,2011-12-01T00:00:00.000000000,"[9.662266731262207, 3.3476529121398926, 4.0957255363464355, 4.975811004638672]","[6.028232097625732, 6.253138065338135, 6.454601287841797, 6.733500003814697]"
6066.0,2012-03-01T00:00:00.000000000,"[3.3476529121398926, 4.0957255363464355, 4.975811004638672, 3.8537018299102783]","[7.282899856567383, 7.546361446380615, 7.296245574951172, 7.5082526206970215]"
6066.0,2012-06-01T00:00:00.000000000,"[4.0957255363464355, 4.975811004638672, 3.8537018299102783, 3.1936378479003906]","[4.908141613006592, 5.4350385665893555, 7.507578372955322, 5.738558769226074]"
6066.0,2012-09-01T00:00:00.000000000,"[4.975811004638672, 3.8537018299102783, 3.1936378479003906, 4.42575740814209]","[4.570712089538574, 6.455312252044678, 5.2346110343933105, 5.649659633636475]"
6066.0,2012-12-01T00:00:00.000000000,"[3.8537018299102783, 3.1936378479003906, 4.42575740814209, 4.8437981605529785]","[5.564755916595459, 5.854579448699951, 6.108908653259277, 6.420942306518555]"
6066.0,2013-03-01T00:00:00.000000000,"[3.1936378479003906, 4.42575740814209, 4.8437981605529785, 6.669975757598877]","[5.372091293334961, 5.653882026672363, 5.893139839172363, 6.2323760986328125]"
6266.0,2006-06-01T00:00:00.000000000,"[2.9516141414642334, 2.5995800495147705, 2.0935308933258057, 2.7315926551818848]","[2.3324551582336426, 2.393622875213623, 2.2535805702209473, 2.310673952102661]"
6266.0,2006-09-01T00:00:00.000000000,"[2.5995800495147705, 2.0935308933258057, 2.7315926551818848, 3.0616250038146973]","[2.4863009452819824, 2.443584442138672, 2.5295050144195557, 2.4463696479797363]"
6266.0,2006-12-01T00:00:00.000000000,"[2.0935308933258057, 2.7315926551818848, 3.0616250038146973, 2.577577829360962]","[2.4177770614624023, 2.584200859069824, 2.498523235321045, 2.373969554901123]"
6266.0,2007-03-01T00:00:00.000000000,"[2.7315926551818848, 3.0616250038146973, 2.577577829360962, 2.4675674438476562]","[2.2584314346313477, 2.382772445678711, 2.27927565574646, 2.2479138374328613]"
6266.0,2007-06-01T00:00:00.000000000,"[3.0616250038146973, 2.577577829360962, 2.4675674438476562, 2.9956183433532715]","[2.4253807067871094, 2.4767415523529053, 2.3571577072143555, 2.4122109413146973]"
6266.0,2007-09-01T00:00:00.000000000,"[2.577577829360962, 2.4675674438476562, 2.9956183433532715, 3.127631425857544]","[2.606832504272461, 2.5668396949768066, 2.654305934906006, 2.570878744125366]"
6266.0,2007-12-01T00:00:00.000000000,"[2.4675674438476562, 2.9956183433532715, 3.127631425857544, 2.9956183433532715]","[2.4795267581939697, 2.575967311859131, 2.618948221206665, 2.4460344314575195]"
6266.0,2008-03-01T00:00:00.000000000,"[2.9956183433532715, 3.127631425857544, 2.9956183433532715, 2.775597333908081]","[2.5107314586639404, 2.6573221683502197, 2.485747814178467, 2.4896080493927]"
6266.0,2008-06-01T00:00:00.000000000,"[3.127631425857544, 2.9956183433532715, 2.775597333908081, 3.325650691986084]","[2.683108329772949, 2.7298061847686768, 2.5978798866271973, 2.6581528186798096]"
6266.0,2008-09-01T00:00:00.000000000,"[2.9956183433532715, 2.775597333908081, 3.325650691986084, 3.325650691986084]","[2.8027491569519043, 2.760218858718872, 2.8721885681152344, 2.7584705352783203]"
6266.0,2008-12-01T00:00:00.000000000,"[2.775597333908081, 3.325650691986084, 3.325650691986084, 3.479665517807007]","[2.7064621448516846, 2.8941287994384766, 2.7866976261138916, 2.664555788040161]"
6266.0,2009-03-01T00:00:00.000000000,"[3.325650691986084, 3.325650691986084, 3.479665517807007, 3.127631425857544]","[2.704899787902832, 2.790644407272339, 2.668534994125366, 2.687023162841797]"
6266.0,2009-06-01T00:00:00.000000000,"[3.325650691986084, 3.479665517807007, 3.127631425857544, 3.831699848175049]","[2.866895914077759, 2.9115891456604004, 2.778475761413574, 2.842963695526123]"
6266.0,2009-09-01T00:00:00.000000000,"[3.479665517807007, 3.127631425857544, 3.831699848175049, 3.919708251953125]","[2.9779858589172363, 2.934162139892578, 3.0509161949157715, 2.935267925262451]"
6266.0,2009-12-01T00:00:00.000000000,"[3.127631425857544, 3.831699848175049, 3.919708251953125, 3.8096976280212402]","[3.0541863441467285, 3.2138333320617676, 3.021620750427246, 3.0068001747131348]"
6266.0,2010-03-01T00:00:00.000000000,"[3.831699848175049, 3.919708251953125, 3.8096976280212402, 3.633680582046509]","[2.947737693786621, 2.942084789276123, 3.024003505706787, 2.9209437370300293]"
6266.0,2010-06-01T00:00:00.000000000,"[3.919708251953125, 3.8096976280212402, 3.633680582046509, 3.919708251953125]","[3.173283100128174, 3.167201519012451, 3.072713851928711, 3.1455237865448]"
6266.0,2010-09-01T00:00:00.000000000,"[3.8096976280212402, 3.633680582046509, 3.919708251953125, 4.975811004638672]","[3.430877447128296, 3.361689329147339, 3.458064317703247, 3.369316577911377]"
6266.0,2010-12-01T00:00:00.000000000,"[3.633680582046509, 3.919708251953125, 4.975811004638672, 3.963712453842163]","[3.2950046062469482, 3.486724615097046, 3.299654960632324, 3.2467164993286133]"
6266.0,2011-03-01T00:00:00.000000000,"[3.919708251953125, 4.975811004638672, 3.963712453842163, 3.4356613159179688]","[3.2980215549468994, 3.399197578430176, 3.2778396606445312, 3.2665295600891113]"
6266.0,2011-06-01T00:00:00.000000000,"[4.975811004638672, 3.963712453842163, 3.4356613159179688, 4.359751224517822]","[3.4043052196502686, 3.4540293216705322, 3.2964396476745605, 3.3809940814971924]"
6266.0,2011-09-01T00:00:00.000000000,"[3.963712453842163, 3.4356613159179688, 4.359751224517822, 2.973616361618042]","[3.9349942207336426, 3.8995132446289062, 3.7633755207061768, 3.8706369400024414]"
6266.0,2011-12-01T00:00:00.000000000,"[3.4356613159179688, 4.359751224517822, 2.973616361618042, 4.139729976654053]","[3.642652988433838, 3.763845443725586, 3.9066708087921143, 3.570298671722412]"
6266.0,2012-03-01T00:00:00.000000000,"[4.359751224517822, 2.973616361618042, 4.139729976654053, 3.3916571140289307]","[3.4774250984191895, 3.783926010131836, 3.426931858062744, 3.454226493835449]"
6266.0,2012-06-01T00:00:00.000000000,"[2.973616361618042, 4.139729976654053, 3.3916571140289307, 4.9978132247924805]","[3.8198609352111816, 3.86620831489563, 3.6875956058502197, 3.7872016429901123]"
6266.0,2012-09-01T00:00:00.000000000,"[4.139729976654053, 3.3916571140289307, 4.9978132247924805, 4.755789756774902]","[3.1359963417053223, 3.138817310333252, 3.320466995239258, 3.171269655227661]"
6266.0,2012-12-01T00:00:00.000000000,"[3.3916571140289307, 4.9978132247924805, 4.755789756774902, 5.019815444946289]","[3.9600343704223633, 4.116098880767822, 3.804236888885498, 3.913198947906494]"
6266.0,2013-03-01T00:00:00.000000000,"[4.9978132247924805, 4.755789756774902, 5.019815444946289, 3.98571515083313]","[3.651141405105591, 3.6102287769317627, 3.705557107925415, 3.6429176330566406]"
6304.0,2005-12-01T00:00:00.000000000,"[1.0594303607940674, 0.33335965871810913, 0.7954046130180359, 1.147438883781433]","[1.6662781238555908, 1.5982766151428223, 1.557844877243042, 1.6651288270950317]"
6304.0,2006-03-01T00:00:00.000000000,"[0.33335965871810913, 0.7954046130180359, 1.147438883781433, 1.477470874786377]","[1.2203481197357178, 1.26139235496521, 1.4197545051574707, 1.2426327466964722]"
6304.0,2006-06-01T00:00:00.000000000,"[0.7954046130180359, 1.147438883781433, 1.477470874786377, 0.8614109754562378]","[0.6806333661079407, 0.9646158218383789, 0.7532578110694885, 0.8113939166069031]"
6304.0,2007-03-01T00:00:00.000000000,"[1.147438883781433, 1.477470874786377, 0.8614109754562378, 1.5874814987182617]","[0.9047773480415344, 0.9252596497535706, 0.9581800699234009, 1.0572789907455444]"
6304.0,2007-06-01T00:00:00.000000000,"[1.477470874786377, 0.8614109754562378, 1.5874814987182617, 1.8295050859451294]","[1.0380549430847168, 1.0288901329040527, 1.034230351448059, 1.1224251985549927]"
6304.0,2007-09-01T00:00:00.000000000,"[0.8614109754562378, 1.5874814987182617, 1.8295050859451294, 3.1936378479003906]","[1.1541411876678467, 1.1677286624908447, 1.1878941059112549, 1.2175050973892212]"
6304.0,2007-12-01T00:00:00.000000000,"[1.5874814987182617, 1.8295050859451294, 3.1936378479003906, 1.8515071868896484]","[0.9631721377372742, 1.0879524946212769, 1.1803486347198486, 1.0356525182724]"
6304.0,2008-03-01T00:00:00.000000000,"[1.8295050859451294, 3.1936378479003906, 1.8515071868896484, 2.6435842514038086]","[1.5128058195114136, 1.5904110670089722, 1.4294557571411133, 1.5343466997146606]"
6304.0,2008-06-01T00:00:00.000000000,"[3.1936378479003906, 1.8515071868896484, 2.6435842514038086, 2.8636057376861572]","[1.5531067848205566, 1.5018233060836792, 1.478435754776001, 1.5804460048675537]"
6304.0,2008-09-01T00:00:00.000000000,"[1.8515071868896484, 2.6435842514038086, 2.8636057376861572, 2.9076099395751953]","[2.166322708129883, 2.083010673522949, 2.011406660079956, 2.132617712020874]"
6304.0,2008-12-01T00:00:00.000000000,"[2.6435842514038086, 2.8636057376861572, 2.9076099395751953, 3.259644031524658]","[1.8540503978729248, 1.8296315670013428, 2.0819642543792725, 1.8232979774475098]"
6304.0,2009-03-01T00:00:00.000000000,"[2.8636057376861572, 2.9076099395751953, 3.259644031524658, 3.633680582046509]","[1.9696091413497925, 2.289374351501465, 1.8089892864227295, 1.9502787590026855]"
6304.0,2009-06-01T00:00:00.000000000,"[2.9076099395751953, 3.259644031524658, 3.633680582046509, 3.7436912059783936]","[2.2861475944519043, 2.1940908432006836, 2.229602336883545, 2.252445936203003]"
6304.0,2009-09-01T00:00:00.000000000,"[3.259644031524658, 3.633680582046509, 3.7436912059783936, 4.18373441696167]","[2.4043614864349365, 2.4288878440856934, 2.4782824516296387, 2.3439056873321533]"
6304.0,2009-12-01T00:00:00.000000000,"[3.633680582046509, 3.7436912059783936, 4.18373441696167, 4.711785793304443]","[2.5862298011779785, 2.671341896057129, 2.6858043670654297, 2.508828639984131]"
6304.0,2010-03-01T00:00:00.000000000,"[3.7436912059783936, 4.18373441696167, 4.711785793304443, 4.667781352996826]","[2.791234016418457, 2.9269566535949707, 2.7132349014282227, 2.7181520462036133]"
6304.0,2010-06-01T00:00:00.000000000,"[4.18373441696167, 4.711785793304443, 4.667781352996826, 3.259644031524658]","[2.8688220977783203, 2.936347246170044, 2.6747941970825195, 2.8178365230560303]"
6304.0,2010-09-01T00:00:00.000000000,"[4.711785793304443, 4.667781352996826, 3.259644031524658, 3.21563982963562]","[2.9186043739318848, 2.940487861633301, 2.7404799461364746, 2.882129669189453]"
6304.0,2010-12-01T00:00:00.000000000,"[4.667781352996826, 3.259644031524658, 3.21563982963562, 4.755789756774902]","[3.213934898376465, 3.2984542846679688, 3.0765342712402344, 3.1517884731292725]"
6304.0,2011-03-01T00:00:00.000000000,"[3.259644031524658, 3.21563982963562, 4.755789756774902, 5.151828289031982]","[3.4236485958099365, 3.6169300079345703, 3.4213221073150635, 3.3323888778686523]"
6304.0,2011-06-01T00:00:00.000000000,"[3.21563982963562, 4.755789756774902, 5.151828289031982, 4.733787536621094]","[2.8785672187805176, 3.0116991996765137, 2.8277904987335205, 2.884219169616699]"
6304.0,2011-09-01T00:00:00.000000000,"[4.755789756774902, 5.151828289031982, 4.733787536621094, 5.305843353271484]","[2.859583616256714, 3.0238397121429443, 2.744147300720215, 2.8816452026367188]"
6304.0,2011-12-01T00:00:00.000000000,"[5.151828289031982, 4.733787536621094, 5.305843353271484, 5.965907573699951]","[3.660783290863037, 3.6720972061157227, 3.5148568153381348, 3.6037611961364746]"
6304.0,2012-03-01T00:00:00.000000000,"[4.733787536621094, 5.305843353271484, 5.965907573699951, 6.427952289581299]","[4.278648853302002, 4.2830491065979, 4.305275917053223, 4.138282299041748]"
6304.0,2012-06-01T00:00:00.000000000,"[5.305843353271484, 5.965907573699951, 6.427952289581299, 7.770082950592041]","[3.897141456604004, 4.135036945343018, 3.8972959518432617, 3.813436269760132]"
6304.0,2012-09-01T00:00:00.000000000,"[5.965907573699951, 6.427952289581299, 7.770082950592041, 9.0462064743042]","[3.9666972160339355, 4.012854099273682, 3.750703811645508, 3.929811954498291]"
6304.0,2012-12-01T00:00:00.000000000,"[6.427952289581299, 7.770082950592041, 9.0462064743042, 9.508252143859863]","[4.432712554931641, 4.43502950668335, 4.3469743728637695, 4.345915794372559]"
6304.0,2013-03-01T00:00:00.000000000,"[7.770082950592041, 9.0462064743042, 9.508252143859863, 11.598455429077148]","[4.823690414428711, 4.984047889709473, 4.697360038757324, 4.706434726715088]"
6565.0,2005-09-01T00:00:00.000000000,"[2.0495264530181885, 1.4114645719528198, 1.9175138473510742, 2.379558563232422]","[1.573544979095459, 1.6144026517868042, 1.503273844718933, 1.5923962593078613]"
6565.0,2005-12-01T00:00:00.000000000,"[1.4114645719528198, 1.9175138473510742, 2.379558563232422, 2.5995800495147705]","[1.6261122226715088, 1.7389628887176514, 1.6160991191864014, 1.632908821105957]"
6565.0,2006-03-01T00:00:00.000000000,"[1.9175138473510742, 2.379558563232422, 2.5995800495147705, 3.3036487102508545]","[1.3649587631225586, 1.5324681997299194, 1.3451176881790161, 1.4094572067260742]"
6565.0,2006-06-01T00:00:00.000000000,"[2.379558563232422, 2.5995800495147705, 3.3036487102508545, 2.7535951137542725]","[1.5423682928085327, 1.6683332920074463, 1.450040340423584, 1.579689383506775]"
6565.0,2006-09-01T00:00:00.000000000,"[2.5995800495147705, 3.3036487102508545, 2.7535951137542725, 1.8955113887786865]","[1.8228330612182617, 1.8142037391662598, 1.7048673629760742, 1.8431541919708252]"
6565.0,2006-12-01T00:00:00.000000000,"[3.3036487102508545, 2.7535951137542725, 1.8955113887786865, 3.259644031524658]","[1.9363539218902588, 2.029672384262085, 1.8893992900848389, 1.937413215637207]"
6565.0,2007-03-01T00:00:00.000000000,"[2.7535951137542725, 1.8955113887786865, 3.259644031524658, 3.281646251678467]","[2.2573275566101074, 2.399017095565796, 2.0990545749664307, 2.2378716468811035]"
6565.0,2007-06-01T00:00:00.000000000,"[1.8955113887786865, 3.259644031524658, 3.281646251678467, 4.227738380432129]","[2.136373996734619, 2.2676193714141846, 2.126382350921631, 2.1296498775482178]"
6565.0,2008-06-01T00:00:00.000000000,"[3.259644031524658, 3.281646251678467, 4.227738380432129, 5.459857940673828]","[1.774139404296875, 2.0111215114593506, 1.681760311126709, 1.8227224349975586]"
6565.0,2008-09-01T00:00:00.000000000,"[3.281646251678467, 4.227738380432129, 5.459857940673828, 6.1419243812561035]","[2.4350438117980957, 2.3941006660461426, 2.2734436988830566, 2.427443742752075]"
6565.0,2008-12-01T00:00:00.000000000,"[4.227738380432129, 5.459857940673828, 6.1419243812561035, 6.911999702453613]","[2.638911724090576, 2.53969669342041, 2.7073397636413574, 2.5913376808166504]"
6565.0,2009-03-01T00:00:00.000000000,"[5.459857940673828, 6.1419243812561035, 6.911999702453613, 8.848188400268555]","[3.0851268768310547, 3.0570240020751953, 2.891341209411621, 3.0169284343719482]"
6565.0,2009-06-01T00:00:00.000000000,"[6.1419243812561035, 6.911999702453613, 8.848188400268555, 9.838284492492676]","[3.377265691757202, 3.3600101470947266, 3.091376304626465, 3.3044776916503906]"
6565.0,2009-09-01T00:00:00.000000000,"[6.911999702453613, 8.848188400268555, 9.838284492492676, 10.98239517211914]","[3.6043996810913086, 3.791830539703369, 3.3258233070373535, 3.5238773822784424]"
6565.0,2009-12-01T00:00:00.000000000,"[8.848188400268555, 9.838284492492676, 10.98239517211914, 6.6919779777526855]","[3.9421145915985107, 4.190865516662598, 3.6371383666992188, 3.8590824604034424]"
6565.0,2010-03-01T00:00:00.000000000,"[9.838284492492676, 10.98239517211914, 6.6919779777526855, 7.8140869140625]","[5.227228164672852, 5.475711822509766, 4.896879196166992, 5.031313419342041]"
6565.0,2010-06-01T00:00:00.000000000,"[10.98239517211914, 6.6919779777526855, 7.8140869140625, 7.440051078796387]","[5.417787075042725, 5.627326011657715, 5.3520965576171875, 5.240749359130859]"
6565.0,2010-09-01T00:00:00.000000000,"[6.6919779777526855, 7.8140869140625, 7.440051078796387, 7.264033317565918]","[5.820704460144043, 6.320309638977051, 5.727535247802734, 5.648911952972412]"
6565.0,2010-12-01T00:00:00.000000000,"[7.8140869140625, 7.440051078796387, 7.264033317565918, 6.295939922332764]","[4.606900215148926, 5.2291975021362305, 5.164826393127441, 4.558427810668945]"
6565.0,2011-03-01T00:00:00.000000000,"[7.440051078796387, 7.264033317565918, 6.295939922332764, 8.12211799621582]","[5.621294975280762, 6.262914657592773, 5.201106071472168, 5.571425914764404]"
6565.0,2011-06-01T00:00:00.000000000,"[7.264033317565918, 6.295939922332764, 8.12211799621582, 8.056110382080078]","[6.07686710357666, 5.923242568969727, 5.899869918823242, 6.024281978607178]"
6565.0,2011-09-01T00:00:00.000000000,"[6.295939922332764, 8.12211799621582, 8.056110382080078, 9.816282272338867]","[5.777115821838379, 6.1748046875, 5.630398750305176, 5.751946449279785]"
6565.0,2011-12-01T00:00:00.000000000,"[8.12211799621582, 8.056110382080078, 9.816282272338867, 11.7744722366333]","[5.553028106689453, 5.822237968444824, 5.578213691711426, 5.568159103393555]"
6565.0,2012-03-01T00:00:00.000000000,"[8.056110382080078, 9.816282272338867, 11.7744722366333, 12.566550254821777]","[7.07710599899292, 7.229944229125977, 6.559596061706543, 6.972369194030762]"
6565.0,2012-06-01T00:00:00.000000000,"[9.816282272338867, 11.7744722366333, 12.566550254821777, 15.778861045837402]","[7.007724761962891, 7.048754692077637, 7.071464538574219, 6.887474060058594]"
6565.0,2012-09-01T00:00:00.000000000,"[11.7744722366333, 12.566550254821777, 15.778861045837402, 17.09899139404297]","[8.463930130004883, 8.576421737670898, 8.107614517211914, 8.222383499145508]"
6565.0,2012-12-01T00:00:00.000000000,"[12.566550254821777, 15.778861045837402, 17.09899139404297, 17.69304847717285]","[9.4802885055542, 9.382505416870117, 9.30473804473877, 9.152891159057617]"
6565.0,2013-03-01T00:00:00.000000000,"[15.778861045837402, 17.09899139404297, 17.69304847717285, 18.06708526611328]","[9.414142608642578, 9.620704650878906, 9.195995330810547, 9.146648406982422]"
7154.0,2006-06-01T00:00:00.000000000,"[2.379558563232422, 2.2915501594543457, 1.7855008840560913, 1.5214751958847046]","[2.133786678314209, 2.232020854949951, 2.0410306453704834, 2.1253583431243896]"
7154.0,2006-09-01T00:00:00.000000000,"[2.2915501594543457, 1.7855008840560913, 1.5214751958847046, 2.1375350952148438]","[2.1469149589538574, 2.1252732276916504, 2.0728566646575928, 2.1493120193481445]"
7154.0,2006-12-01T00:00:00.000000000,"[1.7855008840560913, 1.5214751958847046, 2.1375350952148438, 2.379558563232422]","[2.3022704124450684, 2.2485289573669434, 2.2921154499053955, 2.2833142280578613]"
7154.0,2007-03-01T00:00:00.000000000,"[1.5214751958847046, 2.1375350952148438, 2.379558563232422, 2.181539297103882]","[2.0678699016571045, 2.152161121368408, 2.201840877532959, 2.058391809463501]"
7154.0,2007-06-01T00:00:00.000000000,"[2.1375350952148438, 2.379558563232422, 2.181539297103882, 2.0055222511291504]","[1.9214727878570557, 2.009182929992676, 1.8844172954559326, 1.952405571937561]"
7154.0,2007-09-01T00:00:00.000000000,"[2.379558563232422, 2.181539297103882, 2.0055222511291504, 2.4895694255828857]","[2.1633479595184326, 2.1384081840515137, 2.110215663909912, 2.1722216606140137]"
7154.0,2007-12-01T00:00:00.000000000,"[2.181539297103882, 2.0055222511291504, 2.4895694255828857, 2.8636057376861572]","[2.1766717433929443, 2.1489651203155518, 2.182832956314087, 2.1822457313537598]"
7154.0,2008-03-01T00:00:00.000000000,"[2.0055222511291504, 2.4895694255828857, 2.8636057376861572, 2.4455649852752686]","[2.2305877208709717, 2.292964458465576, 2.3570749759674072, 2.2115612030029297]"
7154.0,2008-06-01T00:00:00.000000000,"[2.4895694255828857, 2.8636057376861572, 2.4455649852752686, 2.533573627471924]","[2.1744461059570312, 2.2910232543945312, 2.157763957977295, 2.1761484146118164]"
7154.0,2008-09-01T00:00:00.000000000,"[2.8636057376861572, 2.4455649852752686, 2.533573627471924, 3.1056292057037354]","[2.4233129024505615, 2.377836227416992, 2.3561813831329346, 2.411109209060669]"
7154.0,2008-12-01T00:00:00.000000000,"[2.4455649852752686, 2.533573627471924, 3.1056292057037354, 3.171635627746582]","[2.5445144176483154, 2.496511936187744, 2.5060558319091797, 2.519597053527832]"
7154.0,2009-03-01T00:00:00.000000000,"[2.533573627471924, 3.1056292057037354, 3.171635627746582, 3.0616250038146973]","[2.504087448120117, 2.5514869689941406, 2.6646199226379395, 2.459324598312378]"
7154.0,2009-06-01T00:00:00.000000000,"[3.1056292057037354, 3.171635627746582, 3.0616250038146973, 3.2376420497894287]","[2.526480197906494, 2.6578845977783203, 2.4551796913146973, 2.5012693405151367]"
7154.0,2009-09-01T00:00:00.000000000,"[3.171635627746582, 3.0616250038146973, 3.2376420497894287, 3.677685022354126]","[2.688371419906616, 2.6452226638793945, 2.6067731380462646, 2.662684917449951]"
7154.0,2009-12-01T00:00:00.000000000,"[3.0616250038146973, 3.2376420497894287, 3.677685022354126, 3.919708251953125]","[2.748180389404297, 2.7061357498168945, 2.793367862701416, 2.709095001220703]"
7154.0,2010-03-01T00:00:00.000000000,"[3.2376420497894287, 3.677685022354126, 3.919708251953125, 3.633680582046509]","[2.713702917098999, 2.839841842651367, 2.8503623008728027, 2.664435625076294]"
7154.0,2010-06-01T00:00:00.000000000,"[3.677685022354126, 3.919708251953125, 3.633680582046509, 3.21563982963562]","[2.811706304550171, 2.963033676147461, 2.807811737060547, 2.7698240280151367]"
7154.0,2010-09-01T00:00:00.000000000,"[3.919708251953125, 3.633680582046509, 3.21563982963562, 3.8096976280212402]","[3.012540340423584, 3.0189831256866455, 2.9085140228271484, 2.976186752319336]"
7154.0,2010-12-01T00:00:00.000000000,"[3.633680582046509, 3.21563982963562, 3.8096976280212402, 3.9417104721069336]","[3.116769790649414, 3.1170201301574707, 3.0750534534454346, 3.07388973236084]"
7154.0,2011-03-01T00:00:00.000000000,"[3.21563982963562, 3.8096976280212402, 3.9417104721069336, 3.633680582046509]","[3.1538994312286377, 3.305504322052002, 3.2936649322509766, 3.085456609725952]"
7154.0,2011-06-01T00:00:00.000000000,"[3.8096976280212402, 3.9417104721069336, 3.633680582046509, 2.533573627471924]","[3.044816017150879, 3.264739513397217, 3.0671491622924805, 3.0057883262634277]"
7154.0,2011-09-01T00:00:00.000000000,"[3.9417104721069336, 3.633680582046509, 2.533573627471924, 0.7514004111289978]","[3.150460958480835, 3.130133867263794, 3.0644690990448, 3.1365787982940674]"
7154.0,2011-12-01T00:00:00.000000000,"[3.633680582046509, 2.533573627471924, 0.7514004111289978, 4.18373441696167]","[3.411944627761841, 3.345672130584717, 3.415501594543457, 3.3657779693603516]"
7154.0,2012-03-01T00:00:00.000000000,"[2.533573627471924, 0.7514004111289978, 4.18373441696167, 3.0396230220794678]","[3.2075579166412354, 3.2386667728424072, 3.227879047393799, 3.1898372173309326]"
7154.0,2012-06-01T00:00:00.000000000,"[0.7514004111289978, 4.18373441696167, 3.0396230220794678, 3.523669719696045]","[2.8007819652557373, 2.8792724609375, 2.7941908836364746, 2.841623067855835]"
7154.0,2012-09-01T00:00:00.000000000,"[4.18373441696167, 3.0396230220794678, 3.523669719696045, 4.513765811920166]","[2.0570011138916016, 2.271859884262085, 2.2359423637390137, 2.327587604522705]"
7154.0,2012-12-01T00:00:00.000000000,"[3.0396230220794678, 3.523669719696045, 4.513765811920166, 5.371849536895752]","[3.0467705726623535, 3.0117106437683105, 3.0020203590393066, 3.0782482624053955]"
7154.0,2013-03-01T00:00:00.000000000,"[3.523669719696045, 4.513765811920166, 5.371849536895752, 4.20573616027832]","[3.0567994117736816, 3.060436725616455, 3.4925668239593506, 3.037079095840454]"
7257.0,2006-06-01T00:00:00.000000000,"[1.1694409847259521, 1.279451608657837, 1.2134451866149902, 1.1694409847259521]","[1.2517621517181396, 1.2555506229400635, 1.234394907951355, 1.2623934745788574]"
7257.0,2006-09-01T00:00:00.000000000,"[1.279451608657837, 1.2134451866149902, 1.1694409847259521, 1.1914430856704712]","[1.2845152616500854, 1.2735053300857544, 1.2897530794143677, 1.2904982566833496]"
7257.0,2006-12-01T00:00:00.000000000,"[1.2134451866149902, 1.1694409847259521, 1.1914430856704712, 1.4114645719528198]","[1.2649377584457397, 1.278616189956665, 1.2472931146621704, 1.2749927043914795]"
7257.0,2007-03-01T00:00:00.000000000,"[1.1694409847259521, 1.1914430856704712, 1.4114645719528198, 1.3454581499099731]","[1.2973487377166748, 1.3327980041503906, 1.3190181255340576, 1.3003264665603638]"
7257.0,2007-06-01T00:00:00.000000000,"[1.1914430856704712, 1.4114645719528198, 1.3454581499099731, 1.2574495077133179]","[1.2535814046859741, 1.2906413078308105, 1.2399293184280396, 1.268521785736084]"
7257.0,2007-09-01T00:00:00.000000000,"[1.4114645719528198, 1.3454581499099731, 1.2574495077133179, 1.3454581499099731]","[1.2446222305297852, 1.2403875589370728, 1.2424414157867432, 1.267932653427124]"
7257.0,2007-12-01T00:00:00.000000000,"[1.3454581499099731, 1.2574495077133179, 1.3454581499099731, 1.6534881591796875]","[1.352014422416687, 1.366536021232605, 1.3342936038970947, 1.3519374132156372]"
7257.0,2008-03-01T00:00:00.000000000,"[1.2574495077133179, 1.3454581499099731, 1.6534881591796875, 1.2574495077133179]","[1.3243719339370728, 1.3362748622894287, 1.3490633964538574, 1.3218939304351807]"
7257.0,2008-06-01T00:00:00.000000000,"[1.3454581499099731, 1.6534881591796875, 1.2574495077133179, 1.2354472875595093]","[1.2876383066177368, 1.3322975635528564, 1.2807047367095947, 1.2918568849563599]"
7257.0,2008-09-01T00:00:00.000000000,"[1.6534881591796875, 1.2574495077133179, 1.2354472875595093, 1.5214751958847046]","[1.3181610107421875, 1.3107656240463257, 1.3082672357559204, 1.322946310043335]"
7257.0,2008-12-01T00:00:00.000000000,"[1.2574495077133179, 1.2354472875595093, 1.5214751958847046, 1.7414965629577637]","[1.457167148590088, 1.444555401802063, 1.4281238317489624, 1.4483269453048706]"
7257.0,2009-03-01T00:00:00.000000000,"[1.2354472875595093, 1.5214751958847046, 1.7414965629577637, 1.455468773841858]","[1.3444427251815796, 1.3543027639389038, 1.4291222095489502, 1.3380241394042969]"
7257.0,2009-06-01T00:00:00.000000000,"[1.5214751958847046, 1.7414965629577637, 1.455468773841858, 1.6094835996627808]","[1.3086892366409302, 1.3846378326416016, 1.2941304445266724, 1.3133341073989868]"
7257.0,2009-09-01T00:00:00.000000000,"[1.7414965629577637, 1.455468773841858, 1.6094835996627808, 1.6314857006072998]","[1.4345149993896484, 1.4204264879226685, 1.4123777151107788, 1.4304804801940918]"
7257.0,2009-12-01T00:00:00.000000000,"[1.455468773841858, 1.6094835996627808, 1.6314857006072998, 1.9175138473510742]","[1.500395655632019, 1.4827028512954712, 1.4908887147903442, 1.4901385307312012]"
7257.0,2010-03-01T00:00:00.000000000,"[1.6094835996627808, 1.6314857006072998, 1.9175138473510742, 1.5874814987182617]","[1.4370124340057373, 1.4584530591964722, 1.5271555185317993, 1.4232463836669922]"
7257.0,2010-06-01T00:00:00.000000000,"[1.6314857006072998, 1.9175138473510742, 1.5874814987182617, 1.9835201501846313]","[1.4727953672409058, 1.5364139080047607, 1.4423929452896118, 1.466312289237976]"
7257.0,2010-09-01T00:00:00.000000000,"[1.9175138473510742, 1.5874814987182617, 1.9835201501846313, 2.1595370769500732]","[1.4774079322814941, 1.464829683303833, 1.4579439163208008, 1.4770939350128174]"
7257.0,2010-12-01T00:00:00.000000000,"[1.5874814987182617, 1.9835201501846313, 2.1595370769500732, 2.621582269668579]","[1.597372055053711, 1.6162117719650269, 1.5570192337036133, 1.585260272026062]"
7257.0,2011-03-01T00:00:00.000000000,"[1.9835201501846313, 2.1595370769500732, 2.621582269668579, 1.8515071868896484]","[1.522102952003479, 1.524293065071106, 1.5846705436706543, 1.5125651359558105]"
7257.0,2011-06-01T00:00:00.000000000,"[2.1595370769500732, 2.621582269668579, 1.8515071868896484, 2.5995800495147705]","[1.6468688249588013, 1.7038600444793701, 1.5965040922164917, 1.620723009109497]"
7257.0,2011-09-01T00:00:00.000000000,"[2.621582269668579, 1.8515071868896484, 2.5995800495147705, 2.313552141189575]","[1.800586223602295, 1.7693169116973877, 1.7925407886505127, 1.7745187282562256]"
7257.0,2011-12-01T00:00:00.000000000,"[1.8515071868896484, 2.5995800495147705, 2.313552141189575, 3.127631425857544]","[1.9214699268341064, 1.9777816534042358, 1.9180176258087158, 1.9354021549224854]"
7257.0,2012-03-01T00:00:00.000000000,"[2.5995800495147705, 2.313552141189575, 3.127631425857544, 2.2035415172576904]","[1.7130331993103027, 1.7714557647705078, 1.8720296621322632, 1.6906253099441528]"
7257.0,2012-06-01T00:00:00.000000000,"[2.313552141189575, 3.127631425857544, 2.2035415172576904, 2.379558563232422]","[1.9305202960968018, 2.073885679244995, 1.8513516187667847, 1.9073327779769897]"
7257.0,2012-09-01T00:00:00.000000000,"[3.127631425857544, 2.2035415172576904, 2.379558563232422, 2.181539297103882]","[1.9786489009857178, 1.9447343349456787, 1.9909437894821167, 1.9574971199035645]"
7257.0,2012-12-01T00:00:00.000000000,"[2.2035415172576904, 2.379558563232422, 2.181539297103882, 3.1496336460113525]","[2.2227320671081543, 2.351588010787964, 2.110973358154297, 2.1840834617614746]"
7257.0,2013-03-01T00:00:00.000000000,"[2.379558563232422, 2.181539297103882, 3.1496336460113525, 3.259644031524658]","[2.0015087127685547, 2.001408815383911, 2.231196880340576, 1.970569372177124]"
7343.0,2006-06-01T00:00:00.000000000,"[1.0374282598495483, 1.103434681892395, 1.4334666728973389, 1.0814324617385864]","[0.20699071884155273, 0.24538302421569824, 0.1614828109741211, 0.1550389528274536]"
7343.0,2006-09-01T00:00:00.000000000,"[1.103434681892395, 1.4334666728973389, 1.0814324617385864, 0.4873746931552887]","[0.22795557975769043, 0.3703216314315796, 0.17487841844558716, 0.18021249771118164]"
7343.0,2006-12-01T00:00:00.000000000,"[1.4334666728973389, 1.0814324617385864, 0.4873746931552887, 0.11333828419446945]","[0.23146730661392212, 0.38979607820510864, 0.2678326368331909, 0.18425536155700684]"
7343.0,2007-03-01T00:00:00.000000000,"[1.0814324617385864, 0.4873746931552887, 0.11333828419446945, -0.1726895570755005]","[0.42144453525543213, 0.6064311265945435, 0.44235706329345703, 0.36140739917755127]"
7343.0,2007-06-01T00:00:00.000000000,"[0.4873746931552887, 0.11333828419446945, -0.1726895570755005, -0.8107516169548035]","[0.4430501461029053, 0.5525486469268799, 0.45736730098724365, 0.39765501022338867]"
7343.0,2007-09-01T00:00:00.000000000,"[0.11333828419446945, -0.1726895570755005, -0.8107516169548035, -0.8767580389976501]","[0.2478671669960022, 0.4313122034072876, 0.22980022430419922, 0.23369020223617554]"
7343.0,2007-12-01T00:00:00.000000000,"[-0.1726895570755005, -0.8107516169548035, -0.8767580389976501, -0.8107516169548035]","[0.1876927614212036, 0.25272440910339355, 0.09803366661071777, 0.2015482783317566]"
7343.0,2008-03-01T00:00:00.000000000,"[-0.8107516169548035, -0.8767580389976501, -0.8107516169548035, 0.003327556187286973]","[0.11253070831298828, 0.14685171842575073, 0.046324074268341064, 0.13749045133590698]"
7343.0,2008-06-01T00:00:00.000000000,"[-0.8767580389976501, -0.8107516169548035, 0.003327556187286973, 1.279451608657837]","[-0.18429818749427795, -0.18819713592529297, -0.20926082134246826, -0.09677678346633911]"
7343.0,2008-09-01T00:00:00.000000000,"[-0.8107516169548035, 0.003327556187286973, 1.279451608657837, 2.8636057376861572]","[-0.4880341589450836, -0.3924896717071533, -0.46566396951675415, -0.34389594197273254]"
7343.0,2008-12-01T00:00:00.000000000,"[0.003327556187286973, 1.279451608657837, 2.8636057376861572, 3.7436912059783936]","[-0.7046305537223816, -0.6692320704460144, -0.6323207020759583, -0.5185110569000244]"
7343.0,2009-03-01T00:00:00.000000000,"[1.279451608657837, 2.8636057376861572, 3.7436912059783936, 4.689783573150635]","[-0.330626904964447, -0.3383159637451172, -0.33264726400375366, -0.22457493841648102]"
7343.0,2009-06-01T00:00:00.000000000,"[2.8636057376861572, 3.7436912059783936, 4.689783573150635, 5.503862380981445]","[0.4846356511116028, 0.41481107473373413, 0.3678237199783325, 0.490337610244751]"
7343.0,2009-09-01T00:00:00.000000000,"[3.7436912059783936, 4.689783573150635, 5.503862380981445, 6.229933261871338]","[1.2677198648452759, 1.1538140773773193, 1.2143479585647583, 1.1872519254684448]"
7343.0,2009-12-01T00:00:00.000000000,"[4.689783573150635, 5.503862380981445, 6.229933261871338, 7.066014289855957]","[2.0848991870880127, 2.1872150897979736, 2.121493101119995, 1.9058955907821655]"
7343.0,2010-03-01T00:00:00.000000000,"[5.503862380981445, 6.229933261871338, 7.066014289855957, 5.833894729614258]","[2.509592056274414, 2.8047935962677, 2.4516842365264893, 2.314687728881836]"
7343.0,2010-06-01T00:00:00.000000000,"[6.229933261871338, 7.066014289855957, 5.833894729614258, 3.0616250038146973]","[2.555553674697876, 2.7313966751098633, 2.5107297897338867, 2.4045536518096924]"
7343.0,2010-09-01T00:00:00.000000000,"[7.066014289855957, 5.833894729614258, 3.0616250038146973, 1.6094835996627808]","[3.0310840606689453, 2.976940631866455, 2.7409658432006836, 2.9118223190307617]"
7343.0,2010-12-01T00:00:00.000000000,"[5.833894729614258, 3.0616250038146973, 1.6094835996627808, 0.5313789248466492]","[3.5769879817962646, 3.7516582012176514, 3.375094413757324, 3.414339303970337]"
7343.0,2011-03-01T00:00:00.000000000,"[3.0616250038146973, 1.6094835996627808, 0.5313789248466492, 0.35536178946495056]","[3.4272022247314453, 3.7263667583465576, 3.3623485565185547, 3.301513671875]"
7343.0,2011-06-01T00:00:00.000000000,"[1.6094835996627808, 0.5313789248466492, 0.35536178946495056, 0.2893553674221039]","[2.438112258911133, 2.6052048206329346, 2.2530324459075928, 2.5012948513031006]"
7343.0,2011-09-01T00:00:00.000000000,"[0.5313789248466492, 0.35536178946495056, 0.2893553674221039, 1.103434681892395]","[2.063570976257324, 2.278639554977417, 1.906938910484314, 2.1632442474365234]"
7343.0,2011-12-01T00:00:00.000000000,"[0.35536178946495056, 0.2893553674221039, 1.103434681892395, 1.6754902601242065]","[1.7697763442993164, 1.9409842491149902, 1.6696456670761108, 1.918925404548645]"
7343.0,2012-03-01T00:00:00.000000000,"[0.2893553674221039, 1.103434681892395, 1.6754902601242065, 1.0154259204864502]","[1.2097917795181274, 1.3814282417297363, 1.2134252786636353, 1.4822871685028076]"
7343.0,2012-06-01T00:00:00.000000000,"[1.103434681892395, 1.6754902601242065, 1.0154259204864502, 1.455468773841858]","[0.7563226819038391, 1.011946678161621, 0.908237099647522, 1.1686195135116577]"
7343.0,2012-09-01T00:00:00.000000000,"[1.6754902601242065, 1.0154259204864502, 1.455468773841858, 3.4356613159179688]","[1.018523931503296, 1.3378428220748901, 1.0771598815917969, 1.3246034383773804]"
7343.0,2012-12-01T00:00:00.000000000,"[1.0154259204864502, 1.455468773841858, 3.4356613159179688, 4.623776912689209]","[1.9744744300842285, 1.9264143705368042, 2.1502685546875, 2.1210873126983643]"
7343.0,2013-03-01T00:00:00.000000000,"[1.455468773841858, 3.4356613159179688, 4.623776912689209, 4.051721572875977]","[1.837421178817749, 1.803377389907837, 2.1506175994873047, 1.9991321563720703]"
7435.0,2006-06-01T00:00:00.000000000,"[3.5016677379608154, 3.6556828022003174, 3.281646251678467, 3.5896763801574707]","[2.968641757965088, 3.094033718109131, 2.856192111968994, 2.933272123336792]"
7435.0,2006-09-01T00:00:00.000000000,"[3.6556828022003174, 3.281646251678467, 3.5896763801574707, 3.7436912059783936]","[3.164241313934326, 3.112807512283325, 3.1035313606262207, 3.1179819107055664]"
7435.0,2006-12-01T00:00:00.000000000,"[3.281646251678467, 3.5896763801574707, 3.7436912059783936, 3.8096976280212402]","[3.232942581176758, 3.3125271797180176, 3.214085817337036, 3.1737186908721924]"
7435.0,2007-03-01T00:00:00.000000000,"[3.5896763801574707, 3.7436912059783936, 3.8096976280212402, 2.9516141414642334]","[3.1488640308380127, 3.259911060333252, 3.231858253479004, 3.0949878692626953]"
7435.0,2007-06-01T00:00:00.000000000,"[3.7436912059783936, 3.8096976280212402, 2.9516141414642334, 3.8096976280212402]","[3.265500783920288, 3.4161674976348877, 3.135587692260742, 3.2243666648864746]"
7435.0,2007-09-01T00:00:00.000000000,"[3.8096976280212402, 2.9516141414642334, 3.8096976280212402, 3.875704050064087]","[3.413332939147949, 3.375541925430298, 3.337794780731201, 3.3687703609466553]"
7435.0,2007-12-01T00:00:00.000000000,"[2.9516141414642334, 3.8096976280212402, 3.875704050064087, 4.029719352722168]","[3.456677198410034, 3.5482358932495117, 3.444565773010254, 3.3997268676757812]"
7435.0,2008-03-01T00:00:00.000000000,"[3.8096976280212402, 3.875704050064087, 4.029719352722168, 3.4356613159179688]","[3.174738883972168, 3.312568187713623, 3.3183789253234863, 3.1407601833343506]"
7435.0,2008-06-01T00:00:00.000000000,"[3.875704050064087, 4.029719352722168, 3.4356613159179688, 4.051721572875977]","[3.4697670936584473, 3.632632255554199, 3.3376121520996094, 3.4310805797576904]"
7435.0,2008-09-01T00:00:00.000000000,"[4.029719352722168, 3.4356613159179688, 4.051721572875977, 4.2497406005859375]","[3.6384100914001465, 3.5682826042175293, 3.612927198410034, 3.5901427268981934]"
7435.0,2008-12-01T00:00:00.000000000,"[3.4356613159179688, 4.051721572875977, 4.2497406005859375, 4.42575740814209]","[3.689319610595703, 3.80224871635437, 3.680661678314209, 3.6288812160491943]"
7435.0,2009-03-01T00:00:00.000000000,"[4.051721572875977, 4.2497406005859375, 4.42575740814209, 3.919708251953125]","[3.5381484031677246, 3.6660468578338623, 3.663905620574951, 3.4885458946228027]"
7435.0,2009-06-01T00:00:00.000000000,"[4.2497406005859375, 4.42575740814209, 3.919708251953125, 4.7997941970825195]","[3.777339220046997, 3.940598964691162, 3.6280274391174316, 3.7303552627563477]"
7435.0,2009-09-01T00:00:00.000000000,"[4.42575740814209, 3.919708251953125, 4.7997941970825195, 4.9978132247924805]","[3.9708032608032227, 3.882695198059082, 3.884443759918213, 3.918067693710327]"
7435.0,2009-12-01T00:00:00.000000000,"[3.919708251953125, 4.7997941970825195, 4.9978132247924805, 4.975811004638672]","[4.042456150054932, 4.131898403167725, 4.021241664886475, 3.971205711364746]"
7435.0,2010-03-01T00:00:00.000000000,"[4.7997941970825195, 4.9978132247924805, 4.975811004638672, 4.381753444671631]","[3.9002537727355957, 4.040818214416504, 3.999525785446167, 3.838735580444336]"
7435.0,2010-06-01T00:00:00.000000000,"[4.9978132247924805, 4.975811004638672, 4.381753444671631, 4.20573616027832]","[4.189373016357422, 4.342089653015137, 4.0203351974487305, 4.127041816711426]"
7435.0,2010-09-01T00:00:00.000000000,"[4.975811004638672, 4.381753444671631, 4.20573616027832, 4.139729976654053]","[4.395902633666992, 4.311263561248779, 4.36068868637085, 4.322025299072266]"
7435.0,2010-12-01T00:00:00.000000000,"[4.381753444671631, 4.20573616027832, 4.139729976654053, 4.975811004638672]","[4.405417442321777, 4.563811302185059, 4.422316551208496, 4.321267604827881]"
7435.0,2011-03-01T00:00:00.000000000,"[4.20573616027832, 4.139729976654053, 4.975811004638672, 4.029719352722168]","[4.26142692565918, 4.440710067749023, 4.342607021331787, 4.1972784996032715]"
7435.0,2011-06-01T00:00:00.000000000,"[4.139729976654053, 4.975811004638672, 4.029719352722168, 4.051721572875977]","[4.195035934448242, 4.381516456604004, 4.065425395965576, 4.169126510620117]"
7435.0,2011-09-01T00:00:00.000000000,"[4.975811004638672, 4.029719352722168, 4.051721572875977, 3.21563982963562]","[4.257229804992676, 4.205166816711426, 4.150670528411865, 4.242595672607422]"
7435.0,2011-12-01T00:00:00.000000000,"[4.029719352722168, 4.051721572875977, 3.21563982963562, 4.645779132843018]","[4.607649326324463, 4.667685508728027, 4.477484703063965, 4.549558162689209]"
7435.0,2012-03-01T00:00:00.000000000,"[4.051721572875977, 3.21563982963562, 4.645779132843018, 4.535768508911133]","[4.335111618041992, 4.396581649780273, 4.579892158508301, 4.278661251068115]"
7435.0,2012-06-01T00:00:00.000000000,"[3.21563982963562, 4.645779132843018, 4.535768508911133, 5.3938517570495605]","[4.240044116973877, 4.483010292053223, 4.127630710601807, 4.226987838745117]"
7435.0,2012-09-01T00:00:00.000000000,"[4.645779132843018, 4.535768508911133, 5.3938517570495605, 4.9978132247924805]","[3.8698182106018066, 3.855374336242676, 3.8724992275238037, 3.9356086254119873]"
7435.0,2012-12-01T00:00:00.000000000,"[4.535768508911133, 5.3938517570495605, 4.9978132247924805, 4.689783573150635]","[4.360030651092529, 4.440748691558838, 4.258610725402832, 4.348239421844482]"
7435.0,2013-03-01T00:00:00.000000000,"[5.3938517570495605, 4.9978132247924805, 4.689783573150635, 4.381753444671631]","[4.551632404327393, 4.506886005401611, 4.7662553787231445, 4.492916107177734]"
7906.0,2006-06-01T00:00:00.000000000,"[0.15734252333641052, 0.4983757734298706, 0.11333828419446945, 0.27835431694984436]","[0.02039206027984619, 0.06379793584346771, -0.007872089743614197, 0.014104515314102173]"
7906.0,2006-09-01T00:00:00.000000000,"[0.4983757734298706, 0.11333828419446945, 0.27835431694984436, 0.37736397981643677]","[0.06988896429538727, 0.0535794198513031, 0.05113227665424347, 0.061677321791648865]"
7906.0,2006-12-01T00:00:00.000000000,"[0.11333828419446945, 0.27835431694984436, 0.37736397981643677, 0.7734025120735168]","[0.19667918980121613, 0.20834238827228546, 0.14597173035144806, 0.1694832593202591]"
7906.0,2007-03-01T00:00:00.000000000,"[0.27835431694984436, 0.37736397981643677, 0.7734025120735168, 0.2893553674221039]","[0.10744500160217285, 0.12377046048641205, 0.19396649301052094, 0.08787143230438232]"
7906.0,2007-06-01T00:00:00.000000000,"[0.37736397981643677, 0.7734025120735168, 0.2893553674221039, 0.5093768239021301]","[0.13488690555095673, 0.2159174531698227, 0.0948406457901001, 0.1237066239118576]"
7906.0,2007-09-01T00:00:00.000000000,"[0.7734025120735168, 0.2893553674221039, 0.5093768239021301, 0.37736397981643677]","[0.20214080810546875, 0.18078792095184326, 0.17714636027812958, 0.19070594012737274]"
7906.0,2007-12-01T00:00:00.000000000,"[0.2893553674221039, 0.5093768239021301, 0.37736397981643677, 0.9054153561592102]","[0.34945908188819885, 0.36153534054756165, 0.3043743073940277, 0.32520273327827454]"
7906.0,2008-03-01T00:00:00.000000000,"[0.5093768239021301, 0.37736397981643677, 0.9054153561592102, 0.3993660807609558]","[0.22577229142189026, 0.25501278042793274, 0.3459271490573883, 0.20229795575141907]"
7906.0,2008-06-01T00:00:00.000000000,"[0.37736397981643677, 0.9054153561592102, 0.3993660807609558, 0.7954046130180359]","[0.22727783024311066, 0.33746537566185, 0.18424631655216217, 0.21977433562278748]"
7906.0,2008-09-01T00:00:00.000000000,"[0.9054153561592102, 0.3993660807609558, 0.7954046130180359, 0.6193875670433044]","[0.2936996519565582, 0.27224066853523254, 0.2687665820121765, 0.28702107071876526]"
7906.0,2008-12-01T00:00:00.000000000,"[0.3993660807609558, 0.7954046130180359, 0.6193875670433044, 0.553381085395813]","[0.48961740732192993, 0.5256465673446655, 0.42146778106689453, 0.46360427141189575]"
7906.0,2009-03-01T00:00:00.000000000,"[0.7954046130180359, 0.6193875670433044, 0.553381085395813, 0.3113575577735901]","[0.3168211579322815, 0.3361727297306061, 0.4470975995063782, 0.2975989878177643]"
7906.0,2009-06-01T00:00:00.000000000,"[0.6193875670433044, 0.553381085395813, 0.3113575577735901, 0.7954046130180359]","[0.45188242197036743, 0.5724402666091919, 0.38735485076904297, 0.43339723348617554]"
7906.0,2009-09-01T00:00:00.000000000,"[0.553381085395813, 0.3113575577735901, 0.7954046130180359, 0.8174067735671997]","[0.4586924612522125, 0.43504706025123596, 0.49827712774276733, 0.44220924377441406]"
7906.0,2009-12-01T00:00:00.000000000,"[0.3113575577735901, 0.7954046130180359, 0.8174067735671997, 0.7734025120735168]","[0.4316016137599945, 0.5270358920097351, 0.42744362354278564, 0.41836148500442505]"
7906.0,2010-03-01T00:00:00.000000000,"[0.7954046130180359, 0.8174067735671997, 0.7734025120735168, 0.44337034225463867]","[0.38471367955207825, 0.3914310932159424, 0.4397102892398834, 0.3796374797821045]"
7906.0,2010-06-01T00:00:00.000000000,"[0.8174067735671997, 0.7734025120735168, 0.44337034225463867, 0.7954046130180359]","[0.5774141550064087, 0.6285485029220581, 0.5149208307266235, 0.5595816373825073]"
7906.0,2010-09-01T00:00:00.000000000,"[0.7734025120735168, 0.44337034225463867, 0.7954046130180359, 0.6633917689323425]","[0.6517734527587891, 0.6180548667907715, 0.641961932182312, 0.6287142634391785]"
7906.0,2010-12-01T00:00:00.000000000,"[0.44337034225463867, 0.7954046130180359, 0.6633917689323425, 1.1914430856704712]","[0.6389565467834473, 0.6754857301712036, 0.6020751595497131, 0.6199500560760498]"
7906.0,2011-03-01T00:00:00.000000000,"[0.7954046130180359, 0.6633917689323425, 1.1914430856704712, 0.8394088745117188]","[0.4993324875831604, 0.5451957583427429, 0.5526717901229858, 0.49143263697624207]"
7906.0,2011-06-01T00:00:00.000000000,"[0.6633917689323425, 1.1914430856704712, 0.8394088745117188, 1.0154259204864502]","[0.6431769728660583, 0.6824768781661987, 0.587633490562439, 0.6314215660095215]"
7906.0,2011-09-01T00:00:00.000000000,"[1.1914430856704712, 0.8394088745117188, 1.0154259204864502, -1.8228501081466675]","[0.7089875936508179, 0.6811791658401489, 0.7426198720932007, 0.6857607364654541]"
7906.0,2011-12-01T00:00:00.000000000,"[0.8394088745117188, 1.0154259204864502, -1.8228501081466675, 1.3894624710083008]","[0.892821192741394, 0.9232337474822998, 0.8113940954208374, 0.8593428134918213]"
7906.0,2012-03-01T00:00:00.000000000,"[1.0154259204864502, -1.8228501081466675, 1.3894624710083008, 1.0154259204864502]","[0.7508487701416016, 0.739867627620697, 0.8678470849990845, 0.7227073907852173]"
7906.0,2012-06-01T00:00:00.000000000,"[-1.8228501081466675, 1.3894624710083008, 1.0154259204864502, 1.279451608657837]","[0.8113303184509277, 0.9201950430870056, 0.7391421794891357, 0.7916315197944641]"
7906.0,2012-09-01T00:00:00.000000000,"[1.3894624710083008, 1.0154259204864502, 1.279451608657837, 1.3454581499099731]","[-0.2101038098335266, -0.08950170874595642, 0.13610908389091492, 0.032683998346328735]"
7906.0,2012-12-01T00:00:00.000000000,"[1.0154259204864502, 1.279451608657837, 1.3454581499099731, 1.8515071868896484]","[0.5001363158226013, 0.6511838436126709, 0.47429847717285156, 0.5336002707481384]"
7906.0,2013-03-01T00:00:00.000000000,"[1.279451608657837, 1.3454581499099731, 1.8515071868896484, 1.125436782836914]","[0.8705815076828003, 0.8603805899620056, 1.1902248859405518, 0.830047607421875]"
7977.0,2006-03-01T00:00:00.000000000,"[0.15734252333641052, 0.9054153561592102, 0.15734252333641052, 0.3113575577735901]","[0.33287400007247925, 0.5009723901748657, 0.29316702485084534, 0.33721041679382324]"
7977.0,2006-06-01T00:00:00.000000000,"[0.9054153561592102, 0.15734252333641052, 0.3113575577735901, 0.15734252333641052]","[0.26731595396995544, 0.2625754475593567, 0.27660372853279114, 0.28855425119400024]"
7977.0,2006-09-01T00:00:00.000000000,"[0.15734252333641052, 0.3113575577735901, 0.15734252333641052, 1.147438883781433]","[0.4725092947483063, 0.49514636397361755, 0.43456771969795227, 0.4737461805343628]"
7977.0,2006-12-01T00:00:00.000000000,"[0.3113575577735901, 0.15734252333641052, 1.147438883781433, 0.20134682953357697]","[0.2287418693304062, 0.2428569793701172, 0.43003547191619873, 0.23888443410396576]"
7977.0,2007-03-01T00:00:00.000000000,"[0.15734252333641052, 1.147438883781433, 0.20134682953357697, 0.33335965871810913]","[0.24370628595352173, 0.42882516980171204, 0.2238284796476364, 0.26435527205467224]"
7977.0,2007-06-01T00:00:00.000000000,"[1.147438883781433, 0.20134682953357697, 0.33335965871810913, 0.15734252333641052]","[0.2079661339521408, 0.21652671694755554, 0.22481459379196167, 0.2552781403064728]"
7977.0,2007-09-01T00:00:00.000000000,"[0.20134682953357697, 0.33335965871810913, 0.15734252333641052, 1.279451608657837]","[0.5367184281349182, 0.519022524356842, 0.5013684034347534, 0.5402083396911621]"
7977.0,2007-12-01T00:00:00.000000000,"[0.33335965871810913, 0.15734252333641052, 1.279451608657837, 0.2893553674221039]","[0.37352314591407776, 0.3859381675720215, 0.6606492400169373, 0.3617124557495117]"
7977.0,2008-03-01T00:00:00.000000000,"[0.15734252333641052, 1.279451608657837, 0.2893553674221039, 0.33335965871810913]","[0.34769749641418457, 0.5697510242462158, 0.31415998935699463, 0.360487699508667]"
7977.0,2008-09-01T00:00:00.000000000,"[1.279451608657837, 0.2893553674221039, 0.33335965871810913, 0.2893553674221039]","[0.3304547369480133, 0.3311131000518799, 0.3337689936161041, 0.3674260377883911]"
7977.0,2008-12-01T00:00:00.000000000,"[0.2893553674221039, 0.33335965871810913, 0.2893553674221039, 1.4334666728973389]","[0.6021057367324829, 0.6149922609329224, 0.5610784292221069, 0.6040440201759338]"
7977.0,2009-03-01T00:00:00.000000000,"[0.33335965871810913, 0.2893553674221039, 1.4334666728973389, 0.2233489453792572]","[0.5166927576065063, 0.5271837115287781, 0.8783526420593262, 0.4857528507709503]"
7977.0,2009-06-01T00:00:00.000000000,"[0.2893553674221039, 1.4334666728973389, 0.2233489453792572, 0.553381085395813]","[0.4080909490585327, 0.6701269149780273, 0.37727272510528564, 0.4317305386066437]"
7977.0,2009-09-01T00:00:00.000000000,"[1.4334666728973389, 0.2233489453792572, 0.553381085395813, 0.44337034225463867]","[0.41349372267723083, 0.40777260065078735, 0.40700191259384155, 0.44099873304367065]"
7977.0,2009-12-01T00:00:00.000000000,"[0.2233489453792572, 0.553381085395813, 0.44337034225463867, 1.4114645719528198]","[0.6507477760314941, 0.646591305732727, 0.6106371879577637, 0.6558675169944763]"
7977.0,2010-03-01T00:00:00.000000000,"[0.553381085395813, 0.44337034225463867, 1.4114645719528198, 0.2233489453792572]","[0.5509717464447021, 0.566336452960968, 0.962386965751648, 0.5198782682418823]"
7977.0,2010-06-01T00:00:00.000000000,"[0.44337034225463867, 1.4114645719528198, 0.2233489453792572, 0.6413896679878235]","[0.5552206039428711, 0.8950268626213074, 0.4908801317214966, 0.5538177490234375]"
7977.0,2010-09-01T00:00:00.000000000,"[1.4114645719528198, 0.2233489453792572, 0.6413896679878235, 0.3113575577735901]","[0.5523802042007446, 0.5392944812774658, 0.533427357673645, 0.5731470584869385]"
7977.0,2010-12-01T00:00:00.000000000,"[0.2233489453792572, 0.6413896679878235, 0.3113575577735901, 1.5214751958847046]","[0.7283229827880859, 0.7729074954986572, 0.6801299452781677, 0.7310023903846741]"
7977.0,2011-03-01T00:00:00.000000000,"[0.6413896679878235, 0.3113575577735901, 1.5214751958847046, 0.5313789248466492]","[0.5169835686683655, 0.540188193321228, 0.9319201707839966, 0.5008116960525513]"
7977.0,2011-06-01T00:00:00.000000000,"[0.3113575577735901, 1.5214751958847046, 0.5313789248466492, 0.5313789248466492]","[0.5279864072799683, 0.8762653470039368, 0.4778333008289337, 0.5392058491706848]"
7977.0,2011-09-01T00:00:00.000000000,"[1.5214751958847046, 0.5313789248466492, 0.5313789248466492, 0.4873746931552887]","[0.4474674463272095, 0.4482964873313904, 0.45464926958084106, 0.4942803978919983]"
7977.0,2011-12-01T00:00:00.000000000,"[0.5313789248466492, 0.5313789248466492, 0.4873746931552887, 1.8075029850006104]","[0.813342809677124, 0.8403705358505249, 0.7620011568069458, 0.8153024315834045]"
7977.0,2012-03-01T00:00:00.000000000,"[0.5313789248466492, 0.4873746931552887, 1.8075029850006104, 0.4873746931552887]","[0.7300419807434082, 0.7393335103988647, 1.1162835359573364, 0.6988705396652222]"
7977.0,2012-06-01T00:00:00.000000000,"[0.4873746931552887, 1.8075029850006104, 0.4873746931552887, 0.7734025120735168]","[0.5935453772544861, 0.9152411222457886, 0.5523592233657837, 0.6169856190681458]"
7977.0,2012-09-01T00:00:00.000000000,"[1.8075029850006104, 0.4873746931552887, 0.7734025120735168, 0.575383186340332]","[0.6202319860458374, 0.6117303967475891, 0.6098887920379639, 0.6511564254760742]"
7977.0,2012-12-01T00:00:00.000000000,"[0.4873746931552887, 0.7734025120735168, 0.575383186340332, 1.7855008840560913]","[0.9381260275840759, 0.9604238271713257, 0.8784118890762329, 0.9361461400985718]"
7977.0,2013-03-01T00:00:00.000000000,"[0.7734025120735168, 0.575383186340332, 1.7855008840560913, 0.575383186340332]","[0.6807357668876648, 0.7053853273391724, 1.155075192451477, 0.6580408811569214]"
8402.0,2006-06-01T00:00:00.000000000,"[0.17934469878673553, 0.33335965871810913, 0.33335965871810913, 0.3113575577735901]","[0.21018561720848083, 0.23687368631362915, 0.20806363224983215, 0.20306599140167236]"
8402.0,2006-09-01T00:00:00.000000000,"[0.33335965871810913, 0.33335965871810913, 0.3113575577735901, 0.26735323667526245]","[0.19463874399662018, 0.20875027775764465, 0.2008778154850006, 0.19017735123634338]"
8402.0,2006-12-01T00:00:00.000000000,"[0.33335965871810913, 0.3113575577735901, 0.26735323667526245, 0.44337034225463867]","[0.24053922295570374, 0.25430232286453247, 0.22140760719776154, 0.2342008650302887]"
8402.0,2007-03-01T00:00:00.000000000,"[0.3113575577735901, 0.26735323667526245, 0.44337034225463867, 0.44337034225463867]","[0.23979268968105316, 0.2328401505947113, 0.25678569078445435, 0.2328386902809143]"
8402.0,2007-06-01T00:00:00.000000000,"[0.26735323667526245, 0.44337034225463867, 0.44337034225463867, 0.2233489453792572]","[0.24318605661392212, 0.2736668288707733, 0.25630417466163635, 0.2348547726869583]"
8402.0,2007-09-01T00:00:00.000000000,"[0.44337034225463867, 0.44337034225463867, 0.2233489453792572, 0.37736397981643677]","[0.22520917654037476, 0.24947264790534973, 0.21208198368549347, 0.2237022966146469]"
8402.0,2007-12-01T00:00:00.000000000,"[0.44337034225463867, 0.2233489453792572, 0.37736397981643677, 0.6193875670433044]","[0.28154417872428894, 0.29849791526794434, 0.2617585361003876, 0.2759394347667694]"
8402.0,2008-03-01T00:00:00.000000000,"[0.2233489453792572, 0.37736397981643677, 0.6193875670433044, 0.5313789248466492]","[0.30847156047821045, 0.29874271154403687, 0.3276093900203705, 0.29915887117385864]"
8402.0,2008-06-01T00:00:00.000000000,"[0.37736397981643677, 0.6193875670433044, 0.5313789248466492, 0.5093768239021301]","[0.2139185518026352, 0.25210386514663696, 0.2520263195037842, 0.2130478322505951]"
8402.0,2008-09-01T00:00:00.000000000,"[0.6193875670433044, 0.5313789248466492, 0.5093768239021301, 0.4873746931552887]","[0.2697487473487854, 0.2940361499786377, 0.25481387972831726, 0.2692762315273285]"
8402.0,2008-12-01T00:00:00.000000000,"[0.5313789248466492, 0.5093768239021301, 0.4873746931552887, 0.6633917689323425]","[0.3682152032852173, 0.35265031456947327, 0.3447141647338867, 0.3615070581436157]"
8402.0,2009-03-01T00:00:00.000000000,"[0.5093768239021301, 0.4873746931552887, 0.6633917689323425, 0.5973852872848511]","[0.37938159704208374, 0.3716006278991699, 0.40428316593170166, 0.3678135871887207]"
8402.0,2009-06-01T00:00:00.000000000,"[0.4873746931552887, 0.6633917689323425, 0.5973852872848511, 0.6853939294815063]","[0.38631635904312134, 0.4312969148159027, 0.3936753571033478, 0.3741419315338135]"
8402.0,2009-09-01T00:00:00.000000000,"[0.6633917689323425, 0.5973852872848511, 0.6853939294815063, 0.6413896679878235]","[0.3729875087738037, 0.3865623474121094, 0.3494066596031189, 0.3703555464744568]"
8402.0,2009-12-01T00:00:00.000000000,"[0.5973852872848511, 0.6853939294815063, 0.6413896679878235, 0.7734025120735168]","[0.4419609606266022, 0.44421178102493286, 0.411984384059906, 0.4345204532146454]"
8402.0,2010-03-01T00:00:00.000000000,"[0.6853939294815063, 0.6413896679878235, 0.7734025120735168, 0.7293981313705444]","[0.4657413363456726, 0.4499393105506897, 0.4753763675689697, 0.45462489128112793]"
8402.0,2010-06-01T00:00:00.000000000,"[0.6413896679878235, 0.7734025120735168, 0.7293981313705444, 1.2574495077133179]","[0.5369991064071655, 0.5751146078109741, 0.5294950008392334, 0.5173056125640869]"
8402.0,2010-09-01T00:00:00.000000000,"[0.7734025120735168, 0.7293981313705444, 1.2574495077133179, 0.6853939294815063]","[0.5041042566299438, 0.5204581022262573, 0.5019270181655884, 0.49306607246398926]"
8402.0,2010-12-01T00:00:00.000000000,"[0.7293981313705444, 1.2574495077133179, 0.6853939294815063, 0.8614109754562378]","[0.5549579858779907, 0.5766905546188354, 0.515494704246521, 0.5444660782814026]"
8402.0,2011-03-01T00:00:00.000000000,"[1.2574495077133179, 0.6853939294815063, 0.8614109754562378, 0.8394088745117188]","[0.5466760396957397, 0.5512144565582275, 0.5696556568145752, 0.5352028012275696]"
8402.0,2011-06-01T00:00:00.000000000,"[0.6853939294815063, 0.8614109754562378, 0.8394088745117188, 1.4334666728973389]","[0.7730271816253662, 0.8068706393241882, 0.7216277122497559, 0.7448282241821289]"
8402.0,2011-09-01T00:00:00.000000000,"[0.8614109754562378, 0.8394088745117188, 1.4334666728973389, 0.6413896679878235]","[0.611234724521637, 0.5989083647727966, 0.6883761286735535, 0.597923994064331]"
8402.0,2011-12-01T00:00:00.000000000,"[0.8394088745117188, 1.4334666728973389, 0.6413896679878235, 0.6853939294815063]","[0.6272501945495605, 0.679169774055481, 0.5887640118598938, 0.6235343813896179]"
8402.0,2012-03-01T00:00:00.000000000,"[1.4334666728973389, 0.6413896679878235, 0.6853939294815063, 0.9054153561592102]","[0.7228777408599854, 0.6993978023529053, 0.7269915342330933, 0.7097094058990479]"
8402.0,2012-06-01T00:00:00.000000000,"[0.6413896679878235, 0.6853939294815063, 0.9054153561592102, 1.4114645719528198]","[0.9867547750473022, 1.0300441980361938, 0.9020767211914062, 0.9506633281707764]"
8402.0,2012-09-01T00:00:00.000000000,"[0.6853939294815063, 0.9054153561592102, 1.4114645719528198, 0.8834132552146912]","[0.7136906981468201, 0.7268970012664795, 0.8653542995452881, 0.6945518851280212]"
8402.0,2012-12-01T00:00:00.000000000,"[0.9054153561592102, 1.4114645719528198, 0.8834132552146912, 1.2574495077133179]","[0.6651366949081421, 0.8067305088043213, 0.6244124174118042, 0.6663904190063477]"
8402.0,2013-03-01T00:00:00.000000000,"[1.4114645719528198, 0.8834132552146912, 1.2574495077133179, 1.301453948020935]","[0.7742997407913208, 0.7517799735069275, 0.7394397854804993, 0.7744227051734924]"
8479.0,2006-06-01T00:00:00.000000000,"[2.2035415172576904, 2.2915501594543457, 1.7634987831115723, 1.125436782836914]","[1.4000356197357178, 1.5261077880859375, 1.3986719846725464, 1.4526987075805664]"
8479.0,2006-09-01T00:00:00.000000000,"[2.2915501594543457, 1.7634987831115723, 1.125436782836914, 2.2035415172576904]","[1.7876756191253662, 1.7754207849502563, 1.7355806827545166, 1.788764476776123]"
8479.0,2006-12-01T00:00:00.000000000,"[1.7634987831115723, 1.125436782836914, 2.2035415172576904, 2.269547939300537]","[1.9503109455108643, 1.9172708988189697, 2.0306649208068848, 1.9222629070281982]"
8479.0,2007-03-01T00:00:00.000000000,"[1.125436782836914, 2.2035415172576904, 2.269547939300537, 1.6314857006072998]","[1.7668453454971313, 1.9549171924591064, 1.9661009311676025, 1.7388174533843994]"
8479.0,2007-06-01T00:00:00.000000000,"[2.2035415172576904, 2.269547939300537, 1.6314857006072998, 1.2574495077133179]","[1.4167791604995728, 1.6215436458587646, 1.4575698375701904, 1.482647180557251]"
8479.0,2007-09-01T00:00:00.000000000,"[2.269547939300537, 1.6314857006072998, 1.2574495077133179, 2.269547939300537]","[1.8027575016021729, 1.8079992532730103, 1.7636950016021729, 1.8143541812896729]"
8479.0,2007-12-01T00:00:00.000000000,"[1.6314857006072998, 1.2574495077133179, 2.269547939300537, 2.379558563232422]","[1.9620563983917236, 1.9391143321990967, 2.083082437515259, 1.9411613941192627]"
8479.0,2008-03-01T00:00:00.000000000,"[1.2574495077133179, 2.269547939300537, 2.379558563232422, 1.9395159482955933]","[1.8870412111282349, 2.032397747039795, 2.0581610202789307, 1.8608314990997314]"
8479.0,2008-06-01T00:00:00.000000000,"[2.269547939300537, 2.379558563232422, 1.9395159482955933, 1.3674603700637817]","[1.4977178573608398, 1.666285753250122, 1.538305401802063, 1.5980762243270874]"
8479.0,2008-09-01T00:00:00.000000000,"[2.379558563232422, 1.9395159482955933, 1.3674603700637817, 2.4675674438476562]","[1.872879981994629, 1.848299503326416, 1.8405060768127441, 1.8881254196166992]"
8479.0,2008-12-01T00:00:00.000000000,"[1.9395159482955933, 1.3674603700637817, 2.4675674438476562, 2.5555758476257324]","[2.021829843521118, 1.9972128868103027, 2.090489387512207, 2.0102944374084473]"
8479.0,2009-03-01T00:00:00.000000000,"[1.3674603700637817, 2.4675674438476562, 2.5555758476257324, 2.181539297103882]","[1.9561183452606201, 2.130605459213257, 2.1673340797424316, 1.9267946481704712]"
8479.0,2009-06-01T00:00:00.000000000,"[2.4675674438476562, 2.5555758476257324, 2.181539297103882, 1.4114645719528198]","[1.58555269241333, 1.7864848375320435, 1.659608244895935, 1.6677277088165283]"
8479.0,2009-09-01T00:00:00.000000000,"[2.5555758476257324, 2.181539297103882, 1.4114645719528198, 2.8416035175323486]","[2.1020402908325195, 2.09458589553833, 2.0452821254730225, 2.100008249282837]"
8479.0,2009-12-01T00:00:00.000000000,"[2.181539297103882, 1.4114645719528198, 2.8416035175323486, 2.7975993156433105]","[2.1944639682769775, 2.1637163162231445, 2.2681474685668945, 2.172654390335083]"
8479.0,2010-03-01T00:00:00.000000000,"[1.4114645719528198, 2.8416035175323486, 2.7975993156433105, 2.577577829360962]","[2.138997793197632, 2.304128646850586, 2.349062442779541, 2.0997612476348877]"
8479.0,2010-06-01T00:00:00.000000000,"[2.8416035175323486, 2.7975993156433105, 2.577577829360962, 1.4334666728973389]","[1.7012083530426025, 1.8924682140350342, 1.8438777923583984, 1.7798923254013062]"
8479.0,2010-09-01T00:00:00.000000000,"[2.7975993156433105, 2.577577829360962, 1.4334666728973389, 2.6875884532928467]","[2.217289924621582, 2.249703884124756, 2.154327869415283, 2.214782238006592]"
8479.0,2010-12-01T00:00:00.000000000,"[2.577577829360962, 1.4334666728973389, 2.6875884532928467, 2.7315926551818848]","[2.3495779037475586, 2.3259048461914062, 2.5725624561309814, 2.308354377746582]"
8479.0,2011-03-01T00:00:00.000000000,"[1.4334666728973389, 2.6875884532928467, 2.7315926551818848, 2.4895694255828857]","[2.223361015319824, 2.3865342140197754, 2.367762565612793, 2.2009928226470947]"
8479.0,2011-06-01T00:00:00.000000000,"[2.6875884532928467, 2.7315926551818848, 2.4895694255828857, 1.6534881591796875]","[1.7065482139587402, 1.8638877868652344, 1.8530504703521729, 1.8000974655151367]"
8479.0,2011-09-01T00:00:00.000000000,"[2.7315926551818848, 2.4895694255828857, 1.6534881591796875, 2.2035415172576904]","[2.219409465789795, 2.302870988845825, 2.1687536239624023, 2.229764461517334]"
8479.0,2011-12-01T00:00:00.000000000,"[2.4895694255828857, 1.6534881591796875, 2.2035415172576904, 2.9516141414642334]","[2.4124207496643066, 2.38338565826416, 2.5081207752227783, 2.3926353454589844]"
8479.0,2012-03-01T00:00:00.000000000,"[1.6534881591796875, 2.2035415172576904, 2.9516141414642334, 2.533573627471924]","[2.266965389251709, 2.4963083267211914, 2.429792881011963, 2.246143102645874]"
8479.0,2012-06-01T00:00:00.000000000,"[2.2035415172576904, 2.9516141414642334, 2.533573627471924, 1.9615180492401123]","[1.9168219566345215, 2.110560178756714, 2.0112836360931396, 1.9776480197906494]"
8479.0,2012-09-01T00:00:00.000000000,"[2.9516141414642334, 2.533573627471924, 1.9615180492401123, 3.083627223968506]","[2.076382875442505, 2.0775821208953857, 2.069018840789795, 2.1187710762023926]"
8479.0,2012-12-01T00:00:00.000000000,"[2.533573627471924, 1.9615180492401123, 3.083627223968506, 3.2376420497894287]","[2.447133779525757, 2.41103458404541, 2.4128260612487793, 2.448125123977661]"
8479.0,2013-03-01T00:00:00.000000000,"[1.9615180492401123, 3.083627223968506, 3.2376420497894287, 2.665586471557617]","[2.484919309616089, 2.5862889289855957, 2.7381222248077393, 2.4427707195281982]"
8539.0,2006-06-01T00:00:00.000000000,"[0.42136821150779724, 1.0154259204864502, 0.35536178946495056, 0.8614109754562378]","[1.0520726442337036, 1.2671514749526978, 1.129636287689209, 1.1887402534484863]"
8539.0,2006-09-01T00:00:00.000000000,"[1.0154259204864502, 0.35536178946495056, 0.8614109754562378, 0.5973852872848511]","[0.7589730620384216, 0.8183954954147339, 1.1441099643707275, 1.2455379962921143]"
8539.0,2006-12-01T00:00:00.000000000,"[0.35536178946495056, 0.8614109754562378, 0.5973852872848511, 1.125436782836914]","[1.0540440082550049, 1.114508032798767, 1.092872142791748, 1.2677454948425293]"
8539.0,2007-03-01T00:00:00.000000000,"[0.8614109754562378, 0.5973852872848511, 1.125436782836914, 0.13534040749073029]","[0.6059657335281372, 0.7342709302902222, 0.9883795976638794, 1.058793544769287]"
8539.0,2007-06-01T00:00:00.000000000,"[0.5973852872848511, 1.125436782836914, 0.13534040749073029, 0.7954046130180359]","[1.095025658607483, 1.2068244218826294, 1.0902584791183472, 1.1831589937210083]"
8539.0,2007-09-01T00:00:00.000000000,"[1.125436782836914, 0.13534040749073029, 0.7954046130180359, 0.7293981313705444]","[0.7075653076171875, 0.810283899307251, 1.0511670112609863, 1.1183788776397705]"
8539.0,2007-12-01T00:00:00.000000000,"[0.13534040749073029, 0.7954046130180359, 0.7293981313705444, 1.301453948020935]","[1.1243627071380615, 1.161332130432129, 1.1233853101730347, 1.1770153045654297]"
8539.0,2008-03-01T00:00:00.000000000,"[0.7954046130180359, 0.7293981313705444, 1.301453948020935, 0.26735323667526245]","[0.29947686195373535, 0.49396950006484985, 0.8708873987197876, 0.9455565810203552]"
8539.0,2008-06-01T00:00:00.000000000,"[0.7293981313705444, 1.301453948020935, 0.26735323667526245, 0.7293981313705444]","[0.9880084991455078, 1.0866643190383911, 1.0028536319732666, 1.0567240715026855]"
8539.0,2008-09-01T00:00:00.000000000,"[1.301453948020935, 0.26735323667526245, 0.7293981313705444, 0.4873746931552887]","[0.8419049978256226, 0.8640291690826416, 0.9630495309829712, 1.0314213037490845]"
8539.0,2008-12-01T00:00:00.000000000,"[0.26735323667526245, 0.7293981313705444, 0.4873746931552887, 1.1694409847259521]","[1.24650239944458, 1.280424952507019, 1.1677037477493286, 1.1274594068527222]"
8539.0,2009-03-01T00:00:00.000000000,"[0.7293981313705444, 0.4873746931552887, 1.1694409847259521, 0.5093768239021301]","[0.33227837085723877, 0.5033469200134277, 0.8415971398353577, 0.9108314514160156]"
8539.0,2009-06-01T00:00:00.000000000,"[0.4873746931552887, 1.1694409847259521, 0.5093768239021301, 1.4114645719528198]","[0.7793760895729065, 1.0038503408432007, 0.8178415894508362, 0.9591504335403442]"
8539.0,2009-09-01T00:00:00.000000000,"[1.1694409847259521, 0.5093768239021301, 1.4114645719528198, 0.8614109754562378]","[0.7929054498672485, 0.6995023488998413, 0.8256475329399109, 0.8568308353424072]"
8539.0,2009-12-01T00:00:00.000000000,"[0.5093768239021301, 1.4114645719528198, 0.8614109754562378, 1.2354472875595093]","[0.9814718961715698, 1.0638856887817383, 0.9485262036323547, 1.082433819770813]"
8539.0,2010-03-01T00:00:00.000000000,"[1.4114645719528198, 0.8614109754562378, 1.2354472875595093, 0.575383186340332]","[0.5159424543380737, 0.5966652631759644, 0.8857081532478333, 0.8248311281204224]"
8539.0,2010-06-01T00:00:00.000000000,"[0.8614109754562378, 1.2354472875595093, 0.575383186340332, 1.2134451866149902]","[1.0538262128829956, 1.3780560493469238, 0.9159383177757263, 1.0776708126068115]"
8539.0,2010-09-01T00:00:00.000000000,"[1.2354472875595093, 0.575383186340332, 1.2134451866149902, 0.6193875670433044]","[0.9980851411819458, 0.7895501852035522, 0.9276736974716187, 0.8136171102523804]"
8539.0,2010-12-01T00:00:00.000000000,"[0.575383186340332, 1.2134451866149902, 0.6193875670433044, 1.323456048965454]","[0.9929030537605286, 1.2295407056808472, 0.9049980640411377, 1.0521196126937866]"
8539.0,2011-03-01T00:00:00.000000000,"[1.2134451866149902, 0.6193875670433044, 1.323456048965454, 1.125436782836914]","[0.9315750002861023, 0.8246626853942871, 1.0157023668289185, 0.8474077582359314]"
8539.0,2011-06-01T00:00:00.000000000,"[0.6193875670433044, 1.323456048965454, 1.125436782836914, 1.2134451866149902]","[0.8830246329307556, 1.2056710720062256, 0.8057360053062439, 1.067441463470459]"
8539.0,2011-09-01T00:00:00.000000000,"[1.323456048965454, 1.125436782836914, 1.2134451866149902, 0.5093768239021301]","[1.0204657316207886, 0.6935907602310181, 0.8331434726715088, 0.7103036642074585]"
8539.0,2011-12-01T00:00:00.000000000,"[1.125436782836914, 1.2134451866149902, 0.5093768239021301, 1.5874814987182617]","[0.8342058062553406, 1.1153748035430908, 0.7626037001609802, 1.0815776586532593]"
8539.0,2012-03-01T00:00:00.000000000,"[1.2134451866149902, 0.5093768239021301, 1.5874814987182617, 0.9714217185974121]","[1.043854832649231, 1.045012354850769, 1.2041891813278198, 1.0488150119781494]"
8539.0,2012-06-01T00:00:00.000000000,"[0.5093768239021301, 1.5874814987182617, 0.9714217185974121, -0.8327537775039673]","[1.0180407762527466, 1.1722038984298706, 0.9832257628440857, 1.0310871601104736]"
8539.0,2012-09-01T00:00:00.000000000,"[1.5874814987182617, 0.9714217185974121, -0.8327537775039673, 1.2574495077133179]","[0.72690749168396, 0.7604647874832153, 0.8537086248397827, 0.8049392104148865]"
8539.0,2012-12-01T00:00:00.000000000,"[0.9714217185974121, -0.8327537775039673, 1.2574495077133179, 1.6974923610687256]","[1.144666314125061, 1.2118823528289795, 1.0939700603485107, 1.1396580934524536]"
8539.0,2013-03-01T00:00:00.000000000,"[-0.8327537775039673, 1.2574495077133179, 1.6974923610687256, 1.279451608657837]","[1.0237261056900024, 1.0303508043289185, 1.3080453872680664, 1.0027762651443481]"
8762.0,2006-06-01T00:00:00.000000000,"[1.3894624710083008, 1.6534881591796875, 1.6314857006072998, 1.323456048965454]","[1.7165169715881348, 1.740086555480957, 1.9201583862304688, 1.6918606758117676]"
8762.0,2006-09-01T00:00:00.000000000,"[1.6534881591796875, 1.6314857006072998, 1.323456048965454, 1.499472975730896]","[1.597748041152954, 1.794888973236084, 1.5539101362228394, 1.6045167446136475]"
8762.0,2006-12-01T00:00:00.000000000,"[1.6314857006072998, 1.323456048965454, 1.499472975730896, 1.455468773841858]","[1.661014437675476, 1.6429059505462646, 1.628448247909546, 1.6786855459213257]"
8762.0,2007-03-01T00:00:00.000000000,"[1.323456048965454, 1.499472975730896, 1.455468773841858, 1.5874814987182617]","[1.6431163549423218, 1.6284570693969727, 1.6732265949249268, 1.6571224927902222]"
8762.0,2007-06-01T00:00:00.000000000,"[1.499472975730896, 1.455468773841858, 1.5874814987182617, 1.1914430856704712]","[1.5254400968551636, 1.6296862363815308, 1.72904634475708, 1.5456410646438599]"
8762.0,2007-09-01T00:00:00.000000000,"[1.455468773841858, 1.5874814987182617, 1.1914430856704712, 1.0374282598495483]","[1.4612058401107788, 1.6223541498184204, 1.478588342666626, 1.5345419645309448]"
8762.0,2007-12-01T00:00:00.000000000,"[1.5874814987182617, 1.1914430856704712, 1.0374282598495483, 1.5654793977737427]","[1.5009214878082275, 1.5080071687698364, 1.517807126045227, 1.5620588064193726]"
8762.0,2008-03-01T00:00:00.000000000,"[1.1914430856704712, 1.0374282598495483, 1.5654793977737427, 1.6754902601242065]","[1.5511136054992676, 1.5456615686416626, 1.5459784269332886, 1.5882141590118408]"
8762.0,2008-06-01T00:00:00.000000000,"[1.0374282598495483, 1.5654793977737427, 1.6754902601242065, 1.4114645719528198]","[1.3165977001190186, 1.3743375539779663, 1.5609732866287231, 1.4001739025115967]"
8762.0,2008-09-01T00:00:00.000000000,"[1.5654793977737427, 1.6754902601242065, 1.4114645719528198, 1.1694409847259521]","[1.101475477218628, 1.3114932775497437, 1.2098668813705444, 1.2721781730651855]"
8762.0,2008-12-01T00:00:00.000000000,"[1.6754902601242065, 1.4114645719528198, 1.1694409847259521, 1.6974923610687256]","[1.4654490947723389, 1.4690674543380737, 1.4794834852218628, 1.5186145305633545]"
8762.0,2009-03-01T00:00:00.000000000,"[1.4114645719528198, 1.1694409847259521, 1.6974923610687256, 1.9175138473510742]","[1.4847240447998047, 1.4878394603729248, 1.496116042137146, 1.5333598852157593]"
8762.0,2009-06-01T00:00:00.000000000,"[1.1694409847259521, 1.6974923610687256, 1.9175138473510742, 1.499472975730896]","[1.491437554359436, 1.5590952634811401, 1.6865535974502563, 1.5230488777160645]"
8762.0,2009-09-01T00:00:00.000000000,"[1.6974923610687256, 1.9175138473510742, 1.499472975730896, 1.3674603700637817]","[1.181710958480835, 1.4164834022521973, 1.2674132585525513, 1.3238327503204346]"
8762.0,2009-12-01T00:00:00.000000000,"[1.9175138473510742, 1.499472975730896, 1.3674603700637817, 1.7634987831115723]","[1.5081837177276611, 1.5097769498825073, 1.5173985958099365, 1.5552548170089722]"
8762.0,2010-03-01T00:00:00.000000000,"[1.499472975730896, 1.3674603700637817, 1.7634987831115723, 2.0495264530181885]","[1.6248035430908203, 1.616594672203064, 1.642045259475708, 1.6394329071044922]"
8762.0,2010-06-01T00:00:00.000000000,"[1.3674603700637817, 1.7634987831115723, 2.0495264530181885, 1.6314857006072998]","[1.5470649003982544, 1.6252377033233643, 1.7440032958984375, 1.5478105545043945]"
8762.0,2010-09-01T00:00:00.000000000,"[1.7634987831115723, 2.0495264530181885, 1.6314857006072998, 1.7194944620132446]","[1.418535590171814, 1.6061266660690308, 1.4351316690444946, 1.4797580242156982]"
8762.0,2010-12-01T00:00:00.000000000,"[2.0495264530181885, 1.6314857006072998, 1.7194944620132446, 2.313552141189575]","[1.6512746810913086, 1.640354037284851, 1.635901927947998, 1.667891025543213]"
8762.0,2011-03-01T00:00:00.000000000,"[1.6314857006072998, 1.7194944620132446, 2.313552141189575, 2.42356276512146]","[1.7434954643249512, 1.7258520126342773, 1.755081057548523, 1.7382127046585083]"
8762.0,2011-06-01T00:00:00.000000000,"[1.7194944620132446, 2.313552141189575, 2.42356276512146, 1.8735092878341675]","[1.6405019760131836, 1.7072981595993042, 1.8130531311035156, 1.6275900602340698]"
8762.0,2011-09-01T00:00:00.000000000,"[2.313552141189575, 2.42356276512146, 1.8735092878341675, 1.8515071868896484]","[1.700476050376892, 1.8349316120147705, 1.6618084907531738, 1.6983476877212524]"
8762.0,2011-12-01T00:00:00.000000000,"[2.42356276512146, 1.8735092878341675, 1.8515071868896484, 2.885607957839966]","[1.9161109924316406, 1.8838361501693726, 1.8673442602157593, 1.9027197360992432]"
8762.0,2012-03-01T00:00:00.000000000,"[1.8735092878341675, 1.8515071868896484, 2.885607957839966, 2.9076099395751953]","[1.9445375204086304, 1.9172825813293457, 1.961168646812439, 1.9255573749542236]"
8762.0,2012-06-01T00:00:00.000000000,"[1.8515071868896484, 2.885607957839966, 2.9076099395751953, 2.071528673171997]","[1.7737442255020142, 1.898655891418457, 1.9295275211334229, 1.7550572156906128]"
8762.0,2012-09-01T00:00:00.000000000,"[2.885607957839966, 2.9076099395751953, 2.071528673171997, 1.7855008840560913]","[1.8275649547576904, 1.9842746257781982, 1.776525616645813, 1.823625087738037]"
8762.0,2012-12-01T00:00:00.000000000,"[2.9076099395751953, 2.071528673171997, 1.7855008840560913, 2.8416035175323486]","[2.1844208240509033, 2.161726236343384, 2.1071150302886963, 2.1575536727905273]"
8762.0,2013-03-01T00:00:00.000000000,"[2.071528673171997, 1.7855008840560913, 2.8416035175323486, 2.9516141414642334]","[2.335108757019043, 2.2887167930603027, 2.3924999237060547, 2.2842650413513184]"
9248.0,2006-06-01T00:00:00.000000000,"[0.5643821358680725, 0.553381085395813, 0.3223586082458496, 0.6193875670433044]","[0.21100467443466187, 0.2379511594772339, 0.155830979347229, 0.1984139382839203]"
9248.0,2006-09-01T00:00:00.000000000,"[0.553381085395813, 0.3223586082458496, 0.6193875670433044, 0.7624014616012573]","[0.325045108795166, 0.3009325861930847, 0.32169193029403687, 0.30007243156433105]"
9248.0,2006-12-01T00:00:00.000000000,"[0.3223586082458496, 0.6193875670433044, 0.7624014616012573, 0.6853939294815063]","[0.33602607250213623, 0.4069117307662964, 0.3642391562461853, 0.30459702014923096]"
9248.0,2007-03-01T00:00:00.000000000,"[0.6193875670433044, 0.7624014616012573, 0.6853939294815063, 0.4653724431991577]","[0.29260557889938354, 0.33089321851730347, 0.2781057357788086, 0.2775346040725708]"
9248.0,2007-06-01T00:00:00.000000000,"[0.7624014616012573, 0.6853939294815063, 0.4653724431991577, 0.7514004111289978]","[0.426220178604126, 0.46640175580978394, 0.35384076833724976, 0.4037495255470276]"
9248.0,2007-09-01T00:00:00.000000000,"[0.6853939294815063, 0.4653724431991577, 0.7514004111289978, 0.9054153561592102]","[0.5458272695541382, 0.520694375038147, 0.5371882319450378, 0.5106245279312134]"
9248.0,2007-12-01T00:00:00.000000000,"[0.4653724431991577, 0.7514004111289978, 0.9054153561592102, 0.8614109754562378]","[0.4649946689605713, 0.4838502109050751, 0.46301865577697754, 0.44281402230262756]"
9248.0,2008-03-01T00:00:00.000000000,"[0.7514004111289978, 0.9054153561592102, 0.8614109754562378, 0.6633917689323425]","[0.4087841212749481, 0.4929448366165161, 0.3952920734882355, 0.3944805860519409]"
9248.0,2008-06-01T00:00:00.000000000,"[0.9054153561592102, 0.8614109754562378, 0.6633917689323425, 0.9934238195419312]","[0.5544067621231079, 0.5582464933395386, 0.48552989959716797, 0.5366371870040894]"
9248.0,2008-09-01T00:00:00.000000000,"[0.8614109754562378, 0.6633917689323425, 0.9934238195419312, 1.103434681892395]","[0.664229691028595, 0.6234816908836365, 0.6873401999473572, 0.6306161284446716]"
9248.0,2008-12-01T00:00:00.000000000,"[0.6633917689323425, 0.9934238195419312, 1.103434681892395, 1.103434681892395]","[0.7065345644950867, 0.744915246963501, 0.7143073678016663, 0.6686196327209473]"
9248.0,2009-03-01T00:00:00.000000000,"[0.9934238195419312, 1.103434681892395, 1.103434681892395, 0.8834132552146912]","[0.5868696570396423, 0.6443445086479187, 0.5695522427558899, 0.5710724592208862]"
9248.0,2009-06-01T00:00:00.000000000,"[1.103434681892395, 1.103434681892395, 0.8834132552146912, 1.455468773841858]","[0.6701793670654297, 0.6775625944137573, 0.606791615486145, 0.6575430035591125]"
9248.0,2009-09-01T00:00:00.000000000,"[1.103434681892395, 0.8834132552146912, 1.455468773841858, 1.323456048965454]","[0.7709543704986572, 0.7320953607559204, 0.7600442171096802, 0.7486253976821899]"
9248.0,2009-12-01T00:00:00.000000000,"[0.8834132552146912, 1.455468773841858, 1.323456048965454, 1.5874814987182617]","[0.8474241495132446, 0.9067623615264893, 0.8764179348945618, 0.8093454837799072]"
9248.0,2010-03-01T00:00:00.000000000,"[1.455468773841858, 1.323456048965454, 1.5874814987182617, 1.301453948020935]","[0.8160732388496399, 0.9023537635803223, 0.818226158618927, 0.7875677347183228]"
9248.0,2010-06-01T00:00:00.000000000,"[1.323456048965454, 1.5874814987182617, 1.301453948020935, 1.7855008840560913]","[1.0269304513931274, 1.0871953964233398, 0.9273355007171631, 0.9908214807510376]"
9248.0,2010-09-01T00:00:00.000000000,"[1.5874814987182617, 1.301453948020935, 1.7855008840560913, 1.8295050859451294]","[1.054503083229065, 1.0336331129074097, 1.1174864768981934, 1.0099741220474243]"
9248.0,2010-12-01T00:00:00.000000000,"[1.301453948020935, 1.7855008840560913, 1.8295050859451294, 1.8075029850006104]","[1.1330983638763428, 1.2463656663894653, 1.13645339012146, 1.0838671922683716]"
9248.0,2011-03-01T00:00:00.000000000,"[1.7855008840560913, 1.8295050859451294, 1.8075029850006104, 1.5654793977737427]","[1.1192991733551025, 1.1738187074661255, 1.1453008651733398, 1.080000400543213]"
9248.0,2011-06-01T00:00:00.000000000,"[1.8295050859451294, 1.8075029850006104, 1.5654793977737427, 2.115532875061035]","[1.2972784042358398, 1.4052441120147705, 1.1802585124969482, 1.2550766468048096]"
9248.0,2011-09-01T00:00:00.000000000,"[1.8075029850006104, 1.5654793977737427, 2.115532875061035, -2.614927291870117]","[1.3934922218322754, 1.394045352935791, 1.3914127349853516, 1.3432128429412842]"
9248.0,2011-12-01T00:00:00.000000000,"[1.5654793977737427, 2.115532875061035, -2.614927291870117, -0.5687280893325806]","[1.3783371448516846, 1.4942173957824707, 1.4006857872009277, 1.3287345170974731]"
9248.0,2012-03-01T00:00:00.000000000,"[2.115532875061035, -2.614927291870117, -0.5687280893325806, 1.5434772968292236]","[1.3291915655136108, 1.436980962753296, 1.3294408321380615, 1.2962322235107422]"
9248.0,2012-06-01T00:00:00.000000000,"[-2.614927291870117, -0.5687280893325806, 1.5434772968292236, 0.7734025120735168]","[1.639243483543396, 1.6674442291259766, 1.5124061107635498, 1.5935479402542114]"
9248.0,2012-09-01T00:00:00.000000000,"[-0.5687280893325806, 1.5434772968292236, 0.7734025120735168, 2.2475459575653076]","[-0.10950207710266113, 0.08005666732788086, 0.5146325826644897, 0.23806247115135193]"
9248.0,2012-12-01T00:00:00.000000000,"[1.5434772968292236, 0.7734025120735168, 2.2475459575653076, 2.3575565814971924]","[0.09424388408660889, 0.4951717257499695, 0.2667352557182312, 0.38129374384880066]"
9248.0,2013-03-01T00:00:00.000000000,"[0.7734025120735168, 2.2475459575653076, 2.3575565814971924, 1.6974923610687256]","[0.8907199501991272, 0.8848758935928345, 0.8952218294143677, 0.9583327770233154]"
9667.0,2006-06-01T00:00:00.000000000,"[1.455468773841858, 1.7562381029129028, 0.3040968179702759, 0.3113575577735901]","[0.32654476165771484, 0.49792543053627014, 0.2992134988307953, 0.3521823287010193]"
9667.0,2006-09-01T00:00:00.000000000,"[1.7562381029129028, 0.3040968179702759, 0.3113575577735901, 2.0127828121185303]","[0.7681109309196472, 0.7244869470596313, 0.6985597014427185, 0.753579318523407]"
9667.0,2006-12-01T00:00:00.000000000,"[0.3040968179702759, 0.3113575577735901, 2.0127828121185303, 2.2108023166656494]","[0.9749560356140137, 0.9281467199325562, 1.0573301315307617, 0.9280143976211548]"
9667.0,2007-03-01T00:00:00.000000000,"[0.3113575577735901, 2.0127828121185303, 2.2108023166656494, 0.8541504144668579]","[0.5496921539306641, 0.781338095664978, 0.9596704244613647, 0.508901059627533]"
9667.0,2007-06-01T00:00:00.000000000,"[2.0127828121185303, 2.2108023166656494, 0.8541504144668579, 0.6266481280326843]","[0.48074841499328613, 0.744248628616333, 0.43177083134651184, 0.4986236095428467]"
9667.0,2007-09-01T00:00:00.000000000,"[2.2108023166656494, 0.8541504144668579, 0.6266481280326843, 2.276808500289917]","[1.1010380983352661, 1.0382839441299438, 1.0016090869903564, 1.0740798711776733]"
9667.0,2007-12-01T00:00:00.000000000,"[0.8541504144668579, 0.6266481280326843, 2.276808500289917, 2.4015607833862305]","[1.289400339126587, 1.2328578233718872, 1.4444903135299683, 1.2230961322784424]"
9667.0,2008-03-01T00:00:00.000000000,"[0.6266481280326843, 2.276808500289917, 2.4015607833862305, 1.0741716623306274]","[0.842348575592041, 1.1770174503326416, 1.2667396068572998, 0.7857763767242432]"
9667.0,2008-06-01T00:00:00.000000000,"[2.276808500289917, 2.4015607833862305, 1.0741716623306274, 0.9641609787940979]","[0.718591570854187, 1.0458797216415405, 0.6504204273223877, 0.7360526323318481]"
9667.0,2008-09-01T00:00:00.000000000,"[2.4015607833862305, 1.0741716623306274, 0.9641609787940979, 2.61432147026062]","[1.1799460649490356, 1.1246652603149414, 1.0941320657730103, 1.1755290031433105]"
9667.0,2008-12-01T00:00:00.000000000,"[1.0741716623306274, 0.9641609787940979, 2.61432147026062, 2.782857894897461]","[1.5745491981506348, 1.5055195093154907, 1.671241283416748, 1.5097112655639648]"
9667.0,2009-03-01T00:00:00.000000000,"[0.9641609787940979, 2.61432147026062, 2.782857894897461, 1.6167445182800293]","[1.231382131576538, 1.5172061920166016, 1.6123846769332886, 1.1630496978759766]"
9667.0,2009-06-01T00:00:00.000000000,"[2.61432147026062, 2.782857894897461, 1.6167445182800293, 1.9175138473510742]","[1.1432826519012451, 1.4039759635925293, 1.0449568033218384, 1.1450623273849487]"
9667.0,2009-09-01T00:00:00.000000000,"[2.782857894897461, 1.6167445182800293, 1.9175138473510742, 3.5016677379608154]","[1.674262523651123, 1.5895371437072754, 1.5439256429672241, 1.644391655921936]"
9667.0,2009-12-01T00:00:00.000000000,"[1.6167445182800293, 1.9175138473510742, 3.5016677379608154, 3.4649243354797363]","[1.9776620864868164, 1.8991611003875732, 2.17080020904541, 1.8854310512542725]"
9667.0,2010-03-01T00:00:00.000000000,"[1.9175138473510742, 3.5016677379608154, 3.4649243354797363, 1.8955113887786865]","[1.5486888885498047, 1.8008618354797363, 1.8739306926727295, 1.4860795736312866]"
9667.0,2010-06-01T00:00:00.000000000,"[3.5016677379608154, 3.4649243354797363, 1.8955113887786865, 1.9395159482955933]","[1.6257436275482178, 1.8433856964111328, 1.496776819229126, 1.6126179695129395]"
9667.0,2010-09-01T00:00:00.000000000,"[3.4649243354797363, 1.8955113887786865, 1.9395159482955933, 4.117727756500244]","[2.1888744831085205, 2.085280656814575, 2.024932861328125, 2.1451361179351807]"
9667.0,2010-12-01T00:00:00.000000000,"[1.8955113887786865, 1.9395159482955933, 4.117727756500244, 4.176473617553711]","[2.422852039337158, 2.3241448402404785, 2.5607688426971436, 2.3329672813415527]"
9667.0,2011-03-01T00:00:00.000000000,"[1.9395159482955933, 4.117727756500244, 4.176473617553711, 2.430823802947998]","[1.9526400566101074, 2.3745241165161133, 2.3064088821411133, 1.8755173683166504]"
9667.0,2011-06-01T00:00:00.000000000,"[4.117727756500244, 4.176473617553711, 2.430823802947998, 2.2915501594543457]","[1.9311106204986572, 2.2683982849121094, 1.7886416912078857, 1.9238771200180054]"
9667.0,2011-09-01T00:00:00.000000000,"[4.176473617553711, 2.430823802947998, 2.2915501594543457, 4.506505489349365]","[2.63680362701416, 2.517719268798828, 2.454805374145508, 2.5914225578308105]"
9667.0,2011-12-01T00:00:00.000000000,"[2.430823802947998, 2.2915501594543457, 4.506505489349365, 5.379110336303711]","[2.9673962593078613, 2.85599422454834, 3.1670732498168945, 2.8569297790527344]"
9667.0,2012-03-01T00:00:00.000000000,"[2.2915501594543457, 4.506505489349365, 5.379110336303711, 3.0323619842529297]","[2.3360018730163574, 2.733698844909668, 2.810035228729248, 2.2572479248046875]"
9667.0,2012-06-01T00:00:00.000000000,"[4.506505489349365, 5.379110336303711, 3.0323619842529297, 3.831699848175049]","[2.2246787548065186, 2.563143730163574, 2.092996835708618, 2.239046573638916]"
9667.0,2012-09-01T00:00:00.000000000,"[5.379110336303711, 3.0323619842529297, 3.831699848175049, 5.129826545715332]","[3.128941535949707, 3.0020856857299805, 2.928572654724121, 3.080599784851074]"
9667.0,2012-12-01T00:00:00.000000000,"[3.0323619842529297, 3.831699848175049, 5.129826545715332, 3.8977060317993164]","[3.6858949661254883, 3.5415358543395996, 3.752049446105957, 3.563474178314209]"
9667.0,2013-03-01T00:00:00.000000000,"[3.831699848175049, 5.129826545715332, 3.8977060317993164, 2.2475459575653076]","[3.1694860458374023, 3.6045618057250977, 3.7823455333709717, 3.0292725563049316]"
10499.0,2006-06-01T00:00:00.000000000,"[0.6633917689323425, 0.9714217185974121, 0.8174067735671997, 0.6413896679878235]","[0.28521648049354553, 0.3404191732406616, 0.2940782904624939, 0.3284924328327179]"
10499.0,2006-09-01T00:00:00.000000000,"[0.9714217185974121, 0.8174067735671997, 0.6413896679878235, 0.7293981313705444]","[0.5175881385803223, 0.49894455075263977, 0.4897773861885071, 0.5217007398605347]"
10499.0,2006-12-01T00:00:00.000000000,"[0.8174067735671997, 0.6413896679878235, 0.7293981313705444, 0.9714217185974121]","[0.5961123704910278, 0.5726981163024902, 0.5582122802734375, 0.5956617593765259]"
10499.0,2007-03-01T00:00:00.000000000,"[0.6413896679878235, 0.7293981313705444, 0.9714217185974121, 0.8614109754562378]","[0.6664412617683411, 0.7217484712600708, 0.7846430540084839, 0.6366758346557617]"
10499.0,2007-06-01T00:00:00.000000000,"[0.7293981313705444, 0.9714217185974121, 0.8614109754562378, 0.7293981313705444]","[0.617721676826477, 0.7196937799453735, 0.6677509546279907, 0.6013489961624146]"
10499.0,2007-09-01T00:00:00.000000000,"[0.9714217185974121, 0.8614109754562378, 0.7293981313705444, 0.9714217185974121]","[0.653221845626831, 0.6931284666061401, 0.6069227457046509, 0.6489650011062622]"
10499.0,2007-12-01T00:00:00.000000000,"[0.8614109754562378, 0.7293981313705444, 0.9714217185974121, 1.3674603700637817]","[0.7679822444915771, 0.7407364845275879, 0.7522732019424438, 0.7531644105911255]"
10499.0,2008-03-01T00:00:00.000000000,"[0.7293981313705444, 0.9714217185974121, 1.3674603700637817, 1.2134451866149902]","[0.7539025545120239, 0.7897281646728516, 0.8592157363891602, 0.7265422344207764]"
10499.0,2008-06-01T00:00:00.000000000,"[0.9714217185974121, 1.3674603700637817, 1.2134451866149902, 1.1694409847259521]","[0.7143508791923523, 0.8109745979309082, 0.7633368968963623, 0.6969592571258545]"
10499.0,2008-09-01T00:00:00.000000000,"[1.3674603700637817, 1.2134451866149902, 1.1694409847259521, 1.5654793977737427]","[0.8166823983192444, 0.8497686386108398, 0.7565332651138306, 0.8052327632904053]"
10499.0,2008-12-01T00:00:00.000000000,"[1.2134451866149902, 1.1694409847259521, 1.5654793977737427, 2.071528673171997]","[0.9955447316169739, 0.966962993144989, 0.9804520606994629, 0.9651656746864319]"
10499.0,2009-03-01T00:00:00.000000000,"[1.1694409847259521, 1.5654793977737427, 2.071528673171997, 1.6974923610687256]","[0.9932470321655273, 1.0431150197982788, 1.12562894821167, 0.9463904500007629]"
10499.0,2009-06-01T00:00:00.000000000,"[1.5654793977737427, 2.071528673171997, 1.6974923610687256, 2.269547939300537]","[1.000718116760254, 1.1270661354064941, 1.0319634675979614, 0.9630316495895386]"
10499.0,2009-09-01T00:00:00.000000000,"[2.071528673171997, 1.6974923610687256, 2.269547939300537, 2.379558563232422]","[1.1672455072402954, 1.2041575908660889, 1.0679876804351807, 1.1351077556610107]"
10499.0,2009-12-01T00:00:00.000000000,"[1.6974923610687256, 2.269547939300537, 2.379558563232422, 2.775597333908081]","[1.3884379863739014, 1.3700405359268188, 1.3670623302459717, 1.3341389894485474]"
10499.0,2010-03-01T00:00:00.000000000,"[2.269547939300537, 2.379558563232422, 2.775597333908081, 2.0935308933258057]","[1.3045322895050049, 1.3906514644622803, 1.4741640090942383, 1.2427282333374023]"
10499.0,2010-06-01T00:00:00.000000000,"[2.379558563232422, 2.775597333908081, 2.0935308933258057, 1.9835201501846313]","[1.509572982788086, 1.6691009998321533, 1.466163992881775, 1.4499855041503906]"
10499.0,2010-09-01T00:00:00.000000000,"[2.775597333908081, 2.0935308933258057, 1.9835201501846313, 2.2915501594543457]","[1.6278793811798096, 1.6696293354034424, 1.6245508193969727, 1.5701217651367188]"
10499.0,2010-12-01T00:00:00.000000000,"[2.0935308933258057, 1.9835201501846313, 2.2915501594543457, 2.577577829360962]","[1.8156415224075317, 1.9054034948349, 1.814727544784546, 1.7456282377243042]"
10499.0,2011-03-01T00:00:00.000000000,"[1.9835201501846313, 2.2915501594543457, 2.577577829360962, 1.7634987831115723]","[1.6657600402832031, 1.7995202541351318, 1.8702274560928345, 1.6007853746414185]"
10499.0,2011-06-01T00:00:00.000000000,"[2.2915501594543457, 2.577577829360962, 1.7634987831115723, 2.027524471282959]","[1.6757780313491821, 1.9033960103988647, 1.668546199798584, 1.6336016654968262]"
10499.0,2011-09-01T00:00:00.000000000,"[2.577577829360962, 1.7634987831115723, 2.027524471282959, 2.5555758476257324]","[1.876514196395874, 1.9245789051055908, 1.7817941904067993, 1.8380069732666016]"
10499.0,2011-12-01T00:00:00.000000000,"[1.7634987831115723, 2.027524471282959, 2.5555758476257324, 2.4895694255828857]","[2.079745292663574, 2.109738349914551, 2.105912685394287, 2.0118961334228516]"
10499.0,2012-03-01T00:00:00.000000000,"[2.027524471282959, 2.5555758476257324, 2.4895694255828857, 2.9076099395751953]","[1.7398769855499268, 1.813904881477356, 1.8267247676849365, 1.7154645919799805]"
10499.0,2012-06-01T00:00:00.000000000,"[2.5555758476257324, 2.4895694255828857, 2.9076099395751953, 3.369654893875122]","[1.83576500415802, 1.9828698635101318, 1.7181869745254517, 1.8216047286987305]"
10499.0,2012-09-01T00:00:00.000000000,"[2.4895694255828857, 2.9076099395751953, 3.369654893875122, 3.8096976280212402]","[2.0972795486450195, 2.077770709991455, 1.9663465023040771, 2.0702877044677734]"
10499.0,2012-12-01T00:00:00.000000000,"[2.9076099395751953, 3.369654893875122, 3.8096976280212402, 3.8537018299102783]","[2.201873779296875, 2.1983489990234375, 2.235163688659668, 2.150972366333008]"
10499.0,2013-03-01T00:00:00.000000000,"[3.369654893875122, 3.8096976280212402, 3.8537018299102783, 4.2937445640563965]","[2.399700164794922, 2.514498233795166, 2.4023237228393555, 2.328770399093628]"
10903.0,2006-06-01T00:00:00.000000000,"[2.42356276512146, 2.885607957839966, 2.7095906734466553, 2.5115716457366943]","[1.9132075309753418, 2.0736937522888184, 1.9360305070877075, 1.8985190391540527]"
10903.0,2006-09-01T00:00:00.000000000,"[2.885607957839966, 2.7095906734466553, 2.5115716457366943, 2.9076099395751953]","[2.1544206142425537, 2.204040050506592, 2.057352066040039, 2.1338534355163574]"
10903.0,2006-12-01T00:00:00.000000000,"[2.7095906734466553, 2.5115716457366943, 2.9076099395751953, 2.929612159729004]","[2.3588478565216064, 2.3553414344787598, 2.2963199615478516, 2.320500373840332]"
10903.0,2007-03-01T00:00:00.000000000,"[2.5115716457366943, 2.9076099395751953, 2.929612159729004, 2.379558563232422]","[2.354745626449585, 2.3318963050842285, 2.366556167602539, 2.3192267417907715]"
10903.0,2007-06-01T00:00:00.000000000,"[2.9076099395751953, 2.929612159729004, 2.379558563232422, 3.1496336460113525]","[2.2728190422058105, 2.3406152725219727, 2.182441473007202, 2.260260581970215]"
10903.0,2007-09-01T00:00:00.000000000,"[2.929612159729004, 2.379558563232422, 3.1496336460113525, 3.6116786003112793]","[2.4732844829559326, 2.544564962387085, 2.356926441192627, 2.44453763961792]"
10903.0,2007-12-01T00:00:00.000000000,"[2.379558563232422, 3.1496336460113525, 3.6116786003112793, 4.073723793029785]","[2.533560037612915, 2.558422327041626, 2.479572057723999, 2.502152919769287]"
10903.0,2008-03-01T00:00:00.000000000,"[3.1496336460113525, 3.6116786003112793, 4.073723793029785, 3.9417104721069336]","[2.4051644802093506, 2.506035566329956, 2.453265905380249, 2.3799920082092285]"
10903.0,2008-06-01T00:00:00.000000000,"[3.6116786003112793, 4.073723793029785, 3.9417104721069336, 4.513765811920166]","[2.6792964935302734, 2.8048956394195557, 2.5497186183929443, 2.6432981491088867]"
10903.0,2008-09-01T00:00:00.000000000,"[4.073723793029785, 3.9417104721069336, 4.513765811920166, 4.711785793304443]","[3.033864974975586, 2.9379701614379883, 2.887335777282715, 2.9797542095184326]"
10903.0,2008-12-01T00:00:00.000000000,"[3.9417104721069336, 4.513765811920166, 4.711785793304443, 5.151828289031982]","[3.199410915374756, 3.3110299110412598, 3.112682819366455, 3.118769645690918]"
10903.0,2009-03-01T00:00:00.000000000,"[4.513765811920166, 4.711785793304443, 5.151828289031982, 4.9978132247924805]","[3.282108783721924, 3.314685344696045, 3.3128695487976074, 3.198366165161133]"
10903.0,2009-06-01T00:00:00.000000000,"[4.711785793304443, 5.151828289031982, 4.9978132247924805, 5.987909317016602]","[3.5152316093444824, 3.6326375007629395, 3.3123559951782227, 3.4388227462768555]"
10903.0,2009-09-01T00:00:00.000000000,"[5.151828289031982, 4.9978132247924805, 5.987909317016602, 6.207931041717529]","[3.7336089611053467, 3.788393020629883, 3.6811180114746094, 3.635932683944702]"
10903.0,2009-12-01T00:00:00.000000000,"[4.9978132247924805, 5.987909317016602, 6.207931041717529, 6.8019890785217285]","[3.9171621799468994, 4.036552429199219, 3.788391590118408, 3.822143316268921]"
10903.0,2010-03-01T00:00:00.000000000,"[5.987909317016602, 6.207931041717529, 6.8019890785217285, 6.515960693359375]","[4.098754405975342, 4.112888813018799, 4.0122480392456055, 4.003493309020996]"
10903.0,2010-06-01T00:00:00.000000000,"[6.207931041717529, 6.8019890785217285, 6.515960693359375, 7.506057262420654]","[4.508031368255615, 4.6084394454956055, 4.22553825378418, 4.405506610870361]"
10903.0,2010-09-01T00:00:00.000000000,"[6.8019890785217285, 6.515960693359375, 7.506057262420654, 7.220029354095459]","[4.699065685272217, 4.674173831939697, 4.461212158203125, 4.599151611328125]"
10903.0,2010-12-01T00:00:00.000000000,"[6.515960693359375, 7.506057262420654, 7.220029354095459, 7.836089611053467]","[5.101484298706055, 5.286258220672607, 4.981921672821045, 4.951723575592041]"
10903.0,2011-03-01T00:00:00.000000000,"[7.506057262420654, 7.220029354095459, 7.836089611053467, 7.880094051361084]","[4.992016315460205, 5.291135787963867, 5.08221960067749, 4.856472969055176]"
10903.0,2011-06-01T00:00:00.000000000,"[7.220029354095459, 7.836089611053467, 7.880094051361084, 7.484055042266846]","[5.462226390838623, 5.882538795471191, 5.2047438621521, 5.3273210525512695]"
10903.0,2011-09-01T00:00:00.000000000,"[7.836089611053467, 7.880094051361084, 7.484055042266846, 14.96478271484375]","[5.745571136474609, 5.765875816345215, 5.562465667724609, 5.623615264892578]"
10903.0,2011-12-01T00:00:00.000000000,"[7.880094051361084, 7.484055042266846, 14.96478271484375, 7.022010326385498]","[5.899538993835449, 6.276395797729492, 5.608146667480469, 5.778498649597168]"
10903.0,2012-03-01T00:00:00.000000000,"[7.484055042266846, 14.96478271484375, 7.022010326385498, 4.8437981605529785]","[6.572680473327637, 6.57568359375, 6.629530906677246, 6.379786968231201]"
10903.0,2012-06-01T00:00:00.000000000,"[14.96478271484375, 7.022010326385498, 4.8437981605529785, 10.98239517211914]","[6.624911308288574, 6.774229049682617, 6.590276718139648, 6.452567100524902]"
10903.0,2012-09-01T00:00:00.000000000,"[7.022010326385498, 4.8437981605529785, 10.98239517211914, 9.640264511108398]","[8.826091766357422, 8.96135139465332, 8.135292053222656, 8.537439346313477]"
10903.0,2012-12-01T00:00:00.000000000,"[4.8437981605529785, 10.98239517211914, 9.640264511108398, 9.244226455688477]","[7.135462760925293, 7.016341209411621, 8.427947998046875, 6.908810615539551]"
10903.0,2013-03-01T00:00:00.000000000,"[10.98239517211914, 9.640264511108398, 9.244226455688477, 9.156217575073242]","[5.568276882171631, 7.031182765960693, 5.261996269226074, 5.633002281188965]"
11259.0,2006-06-01T00:00:00.000000000,"[1.7194944620132446, 1.9615180492401123, 1.8295050859451294, 2.8416035175323486]","[2.292544364929199, 2.3364503383636475, 2.1562676429748535, 2.2421963214874268]"
11259.0,2006-09-01T00:00:00.000000000,"[1.9615180492401123, 1.8295050859451294, 2.8416035175323486, 1.5654793977737427]","[2.0068438053131104, 1.991235613822937, 2.3847382068634033, 1.9483025074005127]"
11259.0,2006-12-01T00:00:00.000000000,"[1.8295050859451294, 2.8416035175323486, 1.5654793977737427, 1.6754902601242065]","[1.8771848678588867, 2.2077863216400146, 1.7826862335205078, 1.86780846118927]"
11259.0,2007-03-01T00:00:00.000000000,"[2.8416035175323486, 1.5654793977737427, 1.6754902601242065, 1.477470874786377]","[1.9098116159439087, 1.8768198490142822, 1.8584272861480713, 1.9203016757965088]"
11259.0,2007-06-01T00:00:00.000000000,"[1.5654793977737427, 1.6754902601242065, 1.477470874786377, 2.577577829360962]","[2.1900503635406494, 2.2339515686035156, 2.0940756797790527, 2.170738935470581]"
11259.0,2007-09-01T00:00:00.000000000,"[1.6754902601242065, 1.477470874786377, 2.577577829360962, 1.455468773841858]","[1.8538113832473755, 1.8615782260894775, 2.2340869903564453, 1.834550142288208]"
11259.0,2007-12-01T00:00:00.000000000,"[1.477470874786377, 2.577577829360962, 1.455468773841858, 1.6534881591796875]","[1.8597586154937744, 2.2457661628723145, 1.7818307876586914, 1.8639342784881592]"
11259.0,2008-03-01T00:00:00.000000000,"[2.577577829360962, 1.455468773841858, 1.6534881591796875, 1.455468773841858]","[1.8710565567016602, 1.8511018753051758, 1.8458569049835205, 1.9050462245941162]"
11259.0,2008-06-01T00:00:00.000000000,"[1.455468773841858, 1.6534881591796875, 1.455468773841858, 2.1595370769500732]","[2.165424346923828, 2.1920113563537598, 2.091561794281006, 2.159689426422119]"
11259.0,2008-09-01T00:00:00.000000000,"[1.6534881591796875, 1.455468773841858, 2.1595370769500732, 1.499472975730896]","[1.8821697235107422, 1.8957126140594482, 2.2908835411071777, 1.8751760721206665]"
11259.0,2008-12-01T00:00:00.000000000,"[1.455468773841858, 2.1595370769500732, 1.499472975730896, 1.6754902601242065]","[1.7490832805633545, 2.0667920112609863, 1.7279101610183716, 1.7998440265655518]"
11259.0,2009-03-01T00:00:00.000000000,"[2.1595370769500732, 1.499472975730896, 1.6754902601242065, 1.499472975730896]","[1.7004642486572266, 1.7271215915679932, 1.7534440755844116, 1.8184688091278076]"
11259.0,2009-06-01T00:00:00.000000000,"[1.499472975730896, 1.6754902601242065, 1.499472975730896, 2.225543737411499]","[1.990958571434021, 2.006230354309082, 1.9582574367523193, 2.015333652496338]"
11259.0,2009-09-01T00:00:00.000000000,"[1.6754902601242065, 1.499472975730896, 2.225543737411499, 1.8075029850006104]","[1.7071988582611084, 1.7532528638839722, 2.0608510971069336, 1.7907376289367676]"
11259.0,2009-12-01T00:00:00.000000000,"[1.499472975730896, 2.225543737411499, 1.8075029850006104, 2.1375350952148438]","[1.680396556854248, 1.9641392230987549, 1.692671298980713, 1.760995864868164]"
11259.0,2010-03-01T00:00:00.000000000,"[2.225543737411499, 1.8075029850006104, 2.1375350952148438, 1.6754902601242065]","[1.5392637252807617, 1.5859339237213135, 1.624502420425415, 1.678591251373291]"
11259.0,2010-06-01T00:00:00.000000000,"[1.8075029850006104, 2.1375350952148438, 1.6754902601242065, 2.4015607833862305]","[1.889612078666687, 1.894995093345642, 1.8824350833892822, 1.9272605180740356]"
11259.0,2010-09-01T00:00:00.000000000,"[2.1375350952148438, 1.6754902601242065, 2.4015607833862305, 1.7855008840560913]","[1.8678288459777832, 1.888211965560913, 2.130866527557373, 1.8955949544906616]"
11259.0,2010-12-01T00:00:00.000000000,"[1.6754902601242065, 2.4015607833862305, 1.7855008840560913, 2.0935308933258057]","[2.013242721557617, 2.2858288288116455, 1.9606839418411255, 2.023024320602417]"
11259.0,2011-03-01T00:00:00.000000000,"[2.4015607833862305, 1.7855008840560913, 2.0935308933258057, 1.8515071868896484]","[1.848284125328064, 1.8597677946090698, 1.8799442052841187, 1.9207607507705688]"
11259.0,2011-06-01T00:00:00.000000000,"[1.7855008840560913, 2.0935308933258057, 1.8515071868896484, 2.335554361343384]","[2.045956611633301, 2.1181106567382812, 2.0173146724700928, 2.0664453506469727]"
11259.0,2011-09-01T00:00:00.000000000,"[2.0935308933258057, 1.8515071868896484, 2.335554361343384, 1.8955113887786865]","[1.9283583164215088, 1.9462659358978271, 2.2140326499938965, 1.9475290775299072]"
11259.0,2011-12-01T00:00:00.000000000,"[1.8515071868896484, 2.335554361343384, 1.8955113887786865, 2.7315926551818848]","[1.9638283252716064, 2.2360849380493164, 1.9290896654129028, 1.9853638410568237]"
11259.0,2012-03-01T00:00:00.000000000,"[2.335554361343384, 1.8955113887786865, 2.7315926551818848, 2.2475459575653076]","[2.0140044689178467, 2.0143086910247803, 2.016115427017212, 2.0605101585388184]"
11259.0,2012-06-01T00:00:00.000000000,"[1.8955113887786865, 2.7315926551818848, 2.2475459575653076, 2.5115716457366943]","[2.0266823768615723, 2.0858778953552246, 2.01077938079834, 2.053352117538452]"
11259.0,2012-09-01T00:00:00.000000000,"[2.7315926551818848, 2.2475459575653076, 2.5115716457366943, 3.017620801925659]","[1.973698377609253, 1.9876476526260376, 2.208160161972046, 1.9927234649658203]"
11259.0,2012-12-01T00:00:00.000000000,"[2.2475459575653076, 2.5115716457366943, 3.017620801925659, 3.21563982963562]","[2.2610034942626953, 2.422395944595337, 2.2012836933135986, 2.259033441543579]"
11259.0,2013-03-01T00:00:00.000000000,"[2.5115716457366943, 3.017620801925659, 3.21563982963562, 2.4895694255828857]","[2.277529716491699, 2.2592222690582275, 2.320826292037964, 2.277374744415283]"
12540.0,2006-06-01T00:00:00.000000000,"[0.11333828419446945, -0.08468098938465118, 0.09133616089820862, 0.26735323667526245]","[0.025300070643424988, 0.0639532059431076, 0.10032327473163605, 0.1383630335330963]"
12540.0,2006-09-01T00:00:00.000000000,"[-0.08468098938465118, 0.09133616089820862, 0.26735323667526245, 0.35536178946495056]","[0.0750516951084137, 0.11723832786083221, 0.13386453688144684, 0.16960009932518005]"
12540.0,2006-12-01T00:00:00.000000000,"[0.09133616089820862, 0.26735323667526245, 0.35536178946495056, 0.4873746931552887]","[0.01636059582233429, 0.06055617332458496, 0.0975477546453476, 0.134499654173851]"
12540.0,2007-03-01T00:00:00.000000000,"[0.26735323667526245, 0.35536178946495056, 0.4873746931552887, 0.6633917689323425]","[0.06193232536315918, 0.1172139048576355, 0.12544362246990204, 0.16141660511493683]"
12540.0,2007-06-01T00:00:00.000000000,"[0.35536178946495056, 0.4873746931552887, 0.6633917689323425, 0.7514004111289978]","[0.15805619955062866, 0.1778334677219391, 0.212161585688591, 0.22370217740535736]"
12540.0,2007-09-01T00:00:00.000000000,"[0.4873746931552887, 0.6633917689323425, 0.7514004111289978, 0.8614109754562378]","[0.2704140245914459, 0.2719550132751465, 0.2785298824310303, 0.30097270011901855]"
12540.0,2007-12-01T00:00:00.000000000,"[0.6633917689323425, 0.7514004111289978, 0.8614109754562378, 0.9494196176528931]","[0.3667197525501251, 0.37614351511001587, 0.35867175459861755, 0.3844316601753235]"
12540.0,2008-03-01T00:00:00.000000000,"[0.7514004111289978, 0.8614109754562378, 0.9494196176528931, 1.279451608657837]","[0.4936971068382263, 0.48603180050849915, 0.4701157808303833, 0.49688950181007385]"
12540.0,2008-06-01T00:00:00.000000000,"[0.8614109754562378, 0.9494196176528931, 1.279451608657837, 1.3674603700637817]","[0.5582367777824402, 0.5617083311080933, 0.5695559978485107, 0.5510606169700623]"
12540.0,2008-09-01T00:00:00.000000000,"[0.9494196176528931, 1.279451608657837, 1.3674603700637817, 1.5434772968292236]","[0.6390571594238281, 0.6471598744392395, 0.6008340120315552, 0.6296671032905579]"
12540.0,2008-12-01T00:00:00.000000000,"[1.279451608657837, 1.3674603700637817, 1.5434772968292236, 1.7194944620132446]","[0.6859865188598633, 0.71602463722229, 0.6775364875793457, 0.669602632522583]"
12540.0,2009-03-01T00:00:00.000000000,"[1.3674603700637817, 1.5434772968292236, 1.7194944620132446, 2.071528673171997]","[0.76412034034729, 0.801215410232544, 0.7292528748512268, 0.746637761592865]"
12540.0,2009-06-01T00:00:00.000000000,"[1.5434772968292236, 1.7194944620132446, 2.071528673171997, 2.7095906734466553]","[0.8386753797531128, 0.8776316046714783, 0.9053430557250977, 0.8074915409088135]"
12540.0,2009-09-01T00:00:00.000000000,"[1.7194944620132446, 2.071528673171997, 2.7095906734466553, 2.9516141414642334]","[0.9017192125320435, 0.982611894607544, 0.8296495676040649, 0.8830407857894897]"
12540.0,2009-12-01T00:00:00.000000000,"[2.071528673171997, 2.7095906734466553, 2.9516141414642334, 3.1056292057037354]","[1.0834190845489502, 1.1327850818634033, 1.0733407735824585, 1.0450783967971802]"
12540.0,2010-03-01T00:00:00.000000000,"[2.7095906734466553, 2.9516141414642334, 3.1056292057037354, 3.479665517807007]","[1.2490832805633545, 1.2568726539611816, 1.1765450239181519, 1.2101954221725464]"
12540.0,2010-06-01T00:00:00.000000000,"[2.9516141414642334, 3.1056292057037354, 3.479665517807007, 2.929612159729004]","[1.5371614694595337, 1.5338447093963623, 1.482109785079956, 1.477550983428955]"
12540.0,2010-09-01T00:00:00.000000000,"[3.1056292057037354, 3.479665517807007, 2.929612159729004, 3.325650691986084]","[1.7299153804779053, 1.7384746074676514, 1.6612087488174438, 1.639542579650879]"
12540.0,2010-12-01T00:00:00.000000000,"[3.479665517807007, 2.929612159729004, 3.325650691986084, 3.8096976280212402]","[1.7321767807006836, 1.86055588722229, 1.6748480796813965, 1.6800211668014526]"
12540.0,2011-03-01T00:00:00.000000000,"[2.929612159729004, 3.325650691986084, 3.8096976280212402, 4.337749004364014]","[2.0575897693634033, 2.162217140197754, 1.8835909366607666, 1.9980573654174805]"
12540.0,2011-06-01T00:00:00.000000000,"[3.325650691986084, 3.8096976280212402, 4.337749004364014, 4.139729976654053]","[1.993449330329895, 2.098994731903076, 1.9678226709365845, 1.9433025121688843]"
12540.0,2011-09-01T00:00:00.000000000,"[3.8096976280212402, 4.337749004364014, 4.139729976654053, 4.689783573150635]","[2.347830295562744, 2.5876221656799316, 2.1904828548431396, 2.2713732719421387]"
12540.0,2011-12-01T00:00:00.000000000,"[4.337749004364014, 4.139729976654053, 4.689783573150635, 4.953808784484863]","[2.5921707153320312, 2.577878713607788, 2.4024438858032227, 2.5256645679473877]"
12540.0,2012-03-01T00:00:00.000000000,"[4.139729976654053, 4.689783573150635, 4.953808784484863, 5.481860160827637]","[2.6237127780914307, 2.6884663105010986, 2.42132306098938, 2.575472354888916]"
12540.0,2012-06-01T00:00:00.000000000,"[4.689783573150635, 4.953808784484863, 5.481860160827637, 6.207931041717529]","[2.6645941734313965, 2.7505736351013184, 2.590144634246826, 2.6180834770202637]"
12540.0,2012-09-01T00:00:00.000000000,"[4.953808784484863, 5.481860160827637, 6.207931041717529, 5.965907573699951]","[3.4394779205322266, 3.595053195953369, 3.150282859802246, 3.3321585655212402]"
12540.0,2012-12-01T00:00:00.000000000,"[5.481860160827637, 6.207931041717529, 5.965907573699951, 6.1419243812561035]","[3.241926670074463, 3.2209548950195312, 3.13344669342041, 3.180713176727295]"
12540.0,2013-03-01T00:00:00.000000000,"[6.207931041717529, 5.965907573699951, 6.1419243812561035, 6.339943885803223]","[3.8844387531280518, 3.9302732944488525, 3.623476028442383, 3.7846195697784424]"
13421.0,2006-03-01T00:00:00.000000000,"[-0.23869597911834717, -0.12868529558181763, -0.10668310523033142, -0.19469167292118073]","[-0.3032919764518738, -0.29519158601760864, -0.3068418800830841, -0.28110557794570923]"
13421.0,2006-06-01T00:00:00.000000000,"[-0.12868529558181763, -0.10668310523033142, -0.19469167292118073, -0.10668310523033142]","[-0.2590100169181824, -0.2471674382686615, -0.257407546043396, -0.2418498396873474]"
13421.0,2006-09-01T00:00:00.000000000,"[-0.10668310523033142, -0.19469167292118073, -0.10668310523033142, -0.08468098938465118]","[-0.2131880670785904, -0.20936591923236847, -0.22948165237903595, -0.20004983246326447]"
13421.0,2006-12-01T00:00:00.000000000,"[-0.19469167292118073, -0.10668310523033142, -0.08468098938465118, -0.018674563616514206]","[-0.18369494378566742, -0.19546164572238922, -0.19563765823841095, -0.17378167808055878]"
13421.0,2007-03-01T00:00:00.000000000,"[-0.10668310523033142, -0.08468098938465118, -0.018674563616514206, -0.08468098938465118]","[-0.23306715488433838, -0.2004081904888153, -0.24971741437911987, -0.2188223898410797]"
13421.0,2007-06-01T00:00:00.000000000,"[-0.08468098938465118, -0.018674563616514206, -0.08468098938465118, -0.06267886608839035]","[-0.14548486471176147, -0.15926691889762878, -0.16985152661800385, -0.1394343227148056]"
13421.0,2007-09-01T00:00:00.000000000,"[-0.018674563616514206, -0.08468098938465118, -0.06267886608839035, -0.04067668318748474]","[-0.14930947124958038, -0.12718433141708374, -0.17826581001281738, -0.14418074488639832]"
13421.0,2007-12-01T00:00:00.000000000,"[-0.08468098938465118, -0.06267886608839035, -0.04067668318748474, 0.047331858426332474]","[-0.12570756673812866, -0.14108483493328094, -0.1276492178440094, -0.12339770793914795]"
13421.0,2008-03-01T00:00:00.000000000,"[-0.06267886608839035, -0.04067668318748474, 0.047331858426332474, 0.003327556187286973]","[-0.1530085802078247, -0.1394120305776596, -0.1448657363653183, -0.15171261131763458]"
13421.0,2008-06-01T00:00:00.000000000,"[-0.04067668318748474, 0.047331858426332474, 0.003327556187286973, 0.047331858426332474]","[-0.14792482554912567, -0.14221134781837463, -0.1650746911764145, -0.14359597861766815]"
13421.0,2008-09-01T00:00:00.000000000,"[0.047331858426332474, 0.003327556187286973, 0.047331858426332474, 0.06933397799730301]","[-0.10818557441234589, -0.08323243260383606, -0.14027073979377747, -0.10926859080791473]"
13421.0,2008-12-01T00:00:00.000000000,"[0.003327556187286973, 0.047331858426332474, 0.06933397799730301, 0.15734252333641052]","[-0.06320488452911377, -0.07531598210334778, -0.08073684573173523, -0.06943193078041077]"
13421.0,2009-03-01T00:00:00.000000000,"[0.047331858426332474, 0.06933397799730301, 0.15734252333641052, 0.17934469878673553]","[-0.08017534017562866, -0.0521465539932251, -0.07691949605941772, -0.09204789996147156]"
13421.0,2009-06-01T00:00:00.000000000,"[0.06933397799730301, 0.15734252333641052, 0.17934469878673553, 0.2893553674221039]","[-0.027358293533325195, -0.00934639573097229, -0.05310404300689697, -0.0398651659488678]"
13421.0,2009-09-01T00:00:00.000000000,"[0.15734252333641052, 0.17934469878673553, 0.2893553674221039, 0.37736397981643677]","[-0.02374681830406189, -0.0035845935344696045, -0.06678611040115356, -0.03240916132926941]"
13421.0,2009-12-01T00:00:00.000000000,"[0.17934469878673553, 0.2893553674221039, 0.37736397981643677, 0.44337034225463867]","[0.030555278062820435, 0.04339495301246643, -0.0065746307373046875, 0.0173855721950531]"
13421.0,2010-03-01T00:00:00.000000000,"[0.2893553674221039, 0.37736397981643677, 0.44337034225463867, 0.4873746931552887]","[0.05079913139343262, 0.0720510482788086, 0.038197994232177734, 0.03492319583892822]"
13421.0,2010-06-01T00:00:00.000000000,"[0.37736397981643677, 0.44337034225463867, 0.4873746931552887, 0.553381085395813]","[0.10385893285274506, 0.09510643780231476, 0.05585817992687225, 0.09017781913280487]"
13421.0,2010-09-01T00:00:00.000000000,"[0.44337034225463867, 0.4873746931552887, 0.553381085395813, 0.4873746931552887]","[0.1686713695526123, 0.18581947684288025, 0.1413273811340332, 0.1462092101573944]"
13421.0,2011-03-01T00:00:00.000000000,"[0.4873746931552887, 0.553381085395813, 0.4873746931552887, 0.4873746931552887]","[0.17031331360340118, 0.19026918709278107, 0.13998647034168243, 0.15300323069095612]"
13421.0,2011-06-01T00:00:00.000000000,"[0.553381085395813, 0.4873746931552887, 0.4873746931552887, 0.6193875670433044]","[0.20390042662620544, 0.23528102040290833, 0.17564237117767334, 0.18617984652519226]"
13421.0,2011-09-01T00:00:00.000000000,"[0.4873746931552887, 0.4873746931552887, 0.6193875670433044, 0.7514004111289978]","[0.31195059418678284, 0.35534223914146423, 0.28246238827705383, 0.28372615575790405]"
13421.0,2011-12-01T00:00:00.000000000,"[0.4873746931552887, 0.6193875670433044, 0.7514004111289978, 0.8394088745117188]","[0.22489920258522034, 0.20075169205665588, 0.21471935510635376, 0.2164892852306366]"
13421.0,2012-03-01T00:00:00.000000000,"[0.6193875670433044, 0.7514004111289978, 0.8394088745117188, 1.125436782836914]","[0.25939223170280457, 0.2524239718914032, 0.22611087560653687, 0.25160351395606995]"
13421.0,2012-06-01T00:00:00.000000000,"[0.7514004111289978, 0.8394088745117188, 1.125436782836914, 1.125436782836914]","[0.3395906686782837, 0.31469643115997314, 0.30297577381134033, 0.3274255394935608]"
13421.0,2012-09-01T00:00:00.000000000,"[0.8394088745117188, 1.125436782836914, 1.125436782836914, 1.1914430856704712]","[0.4461309015750885, 0.46313318610191345, 0.42842766642570496, 0.42015010118484497]"
13421.0,2012-12-01T00:00:00.000000000,"[1.125436782836914, 1.125436782836914, 1.1914430856704712, 1.0594303607940674]","[0.48179948329925537, 0.5335213541984558, 0.46029746532440186, 0.45554858446121216]"
13421.0,2013-03-01T00:00:00.000000000,"[1.125436782836914, 1.1914430856704712, 1.0594303607940674, 1.103434681892395]","[0.6134865880012512, 0.6460723280906677, 0.579910159111023, 0.5809608697891235]"
14225.0,2006-06-01T00:00:00.000000000,"[-0.21669383347034454, -0.20569276809692383, -0.2606981098651886, -0.22769489884376526]","[-0.32490670680999756, -0.30783650279045105, -0.3420196771621704, -0.32905277609825134]"
14225.0,2006-09-01T00:00:00.000000000,"[-0.20569276809692383, -0.2606981098651886, -0.22769489884376526, -0.1726895570755005]","[-0.287095844745636, -0.29185086488723755, -0.30035269260406494, -0.2937281131744385]"
14225.0,2006-12-01T00:00:00.000000000,"[-0.2606981098651886, -0.22769489884376526, -0.1726895570755005, -0.1836906224489212]","[-0.26630526781082153, -0.26392483711242676, -0.2558988928794861, -0.2772425413131714]"
14225.0,2007-03-01T00:00:00.000000000,"[-0.22769489884376526, -0.1726895570755005, -0.1836906224489212, -0.2716991901397705]","[-0.28206300735473633, -0.26523488759994507, -0.2716207504272461, -0.290642112493515]"
14225.0,2007-06-01T00:00:00.000000000,"[-0.1726895570755005, -0.1836906224489212, -0.2716991901397705, -0.21669383347034454]","[-0.26774197816848755, -0.25268906354904175, -0.2885877788066864, -0.2734512686729431]"
14225.0,2007-09-01T00:00:00.000000000,"[-0.1836906224489212, -0.2716991901397705, -0.21669383347034454, -0.20569276809692383]","[-0.25651681423187256, -0.26341018080711365, -0.2637626528739929, -0.2619297206401825]"
14225.0,2007-12-01T00:00:00.000000000,"[-0.2716991901397705, -0.21669383347034454, -0.20569276809692383, -0.21669383347034454]","[-0.2514461874961853, -0.23974335193634033, -0.24343642592430115, -0.25899356603622437]"
14225.0,2008-03-01T00:00:00.000000000,"[-0.21669383347034454, -0.20569276809692383, -0.21669383347034454, -0.2606981098651886]","[-0.2770174741744995, -0.24988074600696564, -0.26223641633987427, -0.28194743394851685]"
14225.0,2008-06-01T00:00:00.000000000,"[-0.20569276809692383, -0.21669383347034454, -0.2606981098651886, -0.19469167292118073]","[-0.25543493032455444, -0.23395608365535736, -0.2730157673358917, -0.25832685828208923]"
14225.0,2008-09-01T00:00:00.000000000,"[-0.21669383347034454, -0.2606981098651886, -0.19469167292118073, -0.12868529558181763]","[-0.23609676957130432, -0.24311131238937378, -0.2417757362127304, -0.23979254066944122]"
14225.0,2008-12-01T00:00:00.000000000,"[-0.2606981098651886, -0.19469167292118073, -0.12868529558181763, -0.15068741142749786]","[-0.2390153855085373, -0.24628818035125732, -0.24386247992515564, -0.2413160502910614]"
14225.0,2009-03-01T00:00:00.000000000,"[-0.19469167292118073, -0.12868529558181763, -0.15068741142749786, -0.20569276809692383]","[-0.23258763551712036, -0.21798619627952576, -0.22673824429512024, -0.23783263564109802]"
14225.0,2009-06-01T00:00:00.000000000,"[-0.12868529558181763, -0.15068741142749786, -0.20569276809692383, -0.029675621539354324]","[-0.20257607102394104, -0.19268110394477844, -0.2227466106414795, -0.20781093835830688]"
14225.0,2009-09-01T00:00:00.000000000,"[-0.15068741142749786, -0.20569276809692383, -0.029675621539354324, -0.05167780816555023]","[-0.17543484270572662, -0.18799768388271332, -0.19042645394802094, -0.18190617859363556]"
14225.0,2009-12-01T00:00:00.000000000,"[-0.20569276809692383, -0.029675621539354324, -0.05167780816555023, 0.05833292007446289]","[-0.1600542515516281, -0.15405745804309845, -0.16237099468708038, -0.1701245754957199]"
14225.0,2010-03-01T00:00:00.000000000,"[-0.029675621539354324, -0.05167780816555023, 0.05833292007446289, -0.05167780816555023]","[-0.17679265141487122, -0.1525684893131256, -0.16658034920692444, -0.186273455619812]"
14225.0,2010-06-01T00:00:00.000000000,"[-0.05167780816555023, 0.05833292007446289, -0.05167780816555023, 0.047331858426332474]","[-0.10999597609043121, -0.09622363746166229, -0.1394321173429489, -0.12161080539226532]"
14225.0,2010-09-01T00:00:00.000000000,"[0.05833292007446289, -0.05167780816555023, 0.047331858426332474, 0.09133616089820862]","[-0.12743912637233734, -0.1391955316066742, -0.11756925284862518, -0.13716059923171997]"
14225.0,2010-12-01T00:00:00.000000000,"[-0.05167780816555023, 0.047331858426332474, 0.09133616089820862, 0.11333828419446945]","[-0.08651156723499298, -0.08291266858577728, -0.10702507197856903, -0.09660777449607849]"
14225.0,2011-03-01T00:00:00.000000000,"[0.047331858426332474, 0.09133616089820862, 0.11333828419446945, -0.018674563616514206]","[-0.12394502758979797, -0.11561062932014465, -0.10855606198310852, -0.1317843198776245]"
14225.0,2011-06-01T00:00:00.000000000,"[0.09133616089820862, 0.11333828419446945, -0.018674563616514206, 0.06933397799730301]","[-0.09144772589206696, -0.06776107847690582, -0.11563344299793243, -0.09825184941291809]"
14225.0,2011-09-01T00:00:00.000000000,"[0.11333828419446945, -0.018674563616514206, 0.06933397799730301, 0.2233489453792572]","[-0.06026209890842438, -0.07381926476955414, -0.07678781449794769, -0.06685355305671692]"
14225.0,2011-12-01T00:00:00.000000000,"[-0.018674563616514206, 0.06933397799730301, 0.2233489453792572, 0.13534040749073029]","[-0.00686393678188324, 0.007201686501502991, 0.002771124243736267, -0.02276286482810974]"
14225.0,2012-03-01T00:00:00.000000000,"[0.06933397799730301, 0.2233489453792572, 0.13534040749073029, 0.047331858426332474]","[-0.07700755447149277, -0.060102492570877075, -0.07669790834188461, -0.08097784966230392]"
14225.0,2012-06-01T00:00:00.000000000,"[0.2233489453792572, 0.13534040749073029, 0.047331858426332474, 0.11333828419446945]","[-0.04732483625411987, -0.027121424674987793, -0.06910118460655212, -0.05124868452548981]"
14225.0,2012-09-01T00:00:00.000000000,"[0.13534040749073029, 0.047331858426332474, 0.11333828419446945, 0.2233489453792572]","[0.04536616802215576, 0.036726683378219604, 0.01725056767463684, 0.03463204205036163]"
14225.0,2012-12-01T00:00:00.000000000,"[0.047331858426332474, 0.11333828419446945, 0.2233489453792572, 0.2233489453792572]","[0.05087774991989136, 0.060590535402297974, 0.07205136120319366, 0.03509671986103058]"
14225.0,2013-03-01T00:00:00.000000000,"[0.11333828419446945, 0.2233489453792572, 0.2233489453792572, 0.17934469878673553]","[0.010210573673248291, 0.056495651602745056, 0.018391817808151245, 0.0005481839179992676]"
16721.0,2006-06-01T00:00:00.000000000,"[-0.28270024061203003, 0.9054153561592102, 1.9835201501846313, 0.15734252333641052]","[0.2970837950706482, 0.35299068689346313, 1.0252264738082886, 0.22995907068252563]"
16721.0,2006-09-01T00:00:00.000000000,"[0.9054153561592102, 1.9835201501846313, 0.15734252333641052, -0.37070879340171814]","[-0.07936710119247437, 0.5986394882202148, 0.03695829212665558, -0.049395009875297546]"
16721.0,2006-12-01T00:00:00.000000000,"[1.9835201501846313, 0.15734252333641052, -0.37070879340171814, 0.7293981313705444]","[0.3629806637763977, 0.31577950716018677, 0.29351598024368286, 0.3900187611579895]"
16721.0,2007-03-01T00:00:00.000000000,"[0.15734252333641052, -0.37070879340171814, 0.7293981313705444, 3.325650691986084]","[0.6489054560661316, 0.579023540019989, 0.5427533984184265, 0.6485220193862915]"
16721.0,2007-06-01T00:00:00.000000000,"[-0.37070879340171814, 0.7293981313705444, 3.325650691986084, 0.3993660807609558]","[0.1992255449295044, 0.34150660037994385, 0.8649436235427856, 0.16573676466941833]"
16721.0,2007-09-01T00:00:00.000000000,"[0.7293981313705444, 3.325650691986084, 0.3993660807609558, -0.5467259287834167]","[-0.10212071239948273, 0.49690544605255127, -0.1621982753276825, -0.03891134262084961]"
16721.0,2007-12-01T00:00:00.000000000,"[3.325650691986084, 0.3993660807609558, -0.5467259287834167, 0.5313789248466492]","[0.5319541692733765, 0.4773062765598297, 0.450096994638443, 0.5531889200210571]"
16721.0,2008-03-01T00:00:00.000000000,"[0.3993660807609558, -0.5467259287834167, 0.5313789248466492, 4.755789756774902]","[1.3072303533554077, 1.1907920837402344, 1.1224764585494995, 1.2601864337921143]"
16721.0,2008-06-01T00:00:00.000000000,"[-0.5467259287834167, 0.5313789248466492, 4.755789756774902, 1.1694409847259521]","[0.8032151460647583, 0.811677098274231, 1.833422303199768, 0.6902331709861755]"
16721.0,2008-09-01T00:00:00.000000000,"[0.5313789248466492, 4.755789756774902, 1.1694409847259521, 0.09133616089820862]","[0.010573566891252995, 0.8290371894836426, 0.15824830532073975, 0.1385994851589203]"
16721.0,2008-12-01T00:00:00.000000000,"[4.755789756774902, 1.1694409847259521, 0.09133616089820862, 0.7293981313705444]","[0.4194643795490265, 0.392228364944458, 0.3844280540943146, 0.49054285883903503]"
16721.0,2009-03-01T00:00:00.000000000,"[1.1694409847259521, 0.09133616089820862, 0.7293981313705444, 4.0957255363464355]","[1.6171066761016846, 1.4872097969055176, 1.414723515510559, 1.575514793395996]"
16721.0,2009-06-01T00:00:00.000000000,"[0.09133616089820862, 0.7293981313705444, 4.0957255363464355, 2.181539297103882]","[0.9470027089118958, 0.965778648853302, 2.0251517295837402, 0.857922375202179]"
16721.0,2009-09-01T00:00:00.000000000,"[0.7293981313705444, 4.0957255363464355, 2.181539297103882, -0.4147131145000458]","[0.3672136068344116, 1.267745852470398, 0.2681945562362671, 0.4285788834095001]"
16721.0,2009-12-01T00:00:00.000000000,"[4.0957255363464355, 2.181539297103882, -0.4147131145000458, 1.1914430856704712]","[0.8859302401542664, 0.8355225920677185, 0.8136000037193298, 0.9452710151672363]"
16721.0,2010-03-01T00:00:00.000000000,"[2.181539297103882, -0.4147131145000458, 1.1914430856704712, 3.5896763801574707]","[2.1684679985046387, 2.012061595916748, 1.9192540645599365, 2.10099196434021]"
16721.0,2010-06-01T00:00:00.000000000,"[-0.4147131145000458, 1.1914430856704712, 3.5896763801574707, 2.181539297103882]","[1.6618833541870117, 1.625261664390564, 2.5353660583496094, 1.5497344732284546]"
16721.0,2010-09-01T00:00:00.000000000,"[1.1914430856704712, 3.5896763801574707, 2.181539297103882, -0.15068741142749786]","[0.6025910973548889, 1.4802765846252441, 0.8667089343070984, 0.6493950486183167]"
16721.0,2010-12-01T00:00:00.000000000,"[3.5896763801574707, 2.181539297103882, -0.15068741142749786, 1.4334666728973389]","[1.0715937614440918, 1.1795339584350586, 0.9932440519332886, 1.1438442468643188]"
16721.0,2011-03-01T00:00:00.000000000,"[2.181539297103882, -0.15068741142749786, 1.4334666728973389, 4.8437981605529785]","[1.8829755783081055, 1.7760143280029297, 1.7181366682052612, 1.8877344131469727]"
16721.0,2011-06-01T00:00:00.000000000,"[-0.15068741142749786, 1.4334666728973389, 4.8437981605529785, 1.6754902601242065]","[1.8601957559585571, 1.8791989088058472, 2.723910093307495, 1.758817195892334]"
16721.0,2011-09-01T00:00:00.000000000,"[1.4334666728973389, 4.8437981605529785, 1.6754902601242065, 2.42356276512146]","[0.7423191666603088, 1.6188915967941284, 1.1787528991699219, 0.8430683016777039]"
16721.0,2011-12-01T00:00:00.000000000,"[4.8437981605529785, 1.6754902601242065, 2.42356276512146, -0.5907301902770996]","[1.3607178926467896, 1.414657473564148, 1.2849457263946533, 1.4382116794586182]"
16721.0,2012-03-01T00:00:00.000000000,"[1.6754902601242065, 2.42356276512146, -0.5907301902770996, 6.031913757324219]","[2.2202651500701904, 2.108548164367676, 2.048534393310547, 2.23007869720459]"
16721.0,2012-06-01T00:00:00.000000000,"[2.42356276512146, -0.5907301902770996, 6.031913757324219, 2.0055222511291504]","[2.2840769290924072, 2.262002944946289, 3.500582456588745, 2.1338493824005127]"
16721.0,2012-09-01T00:00:00.000000000,"[-0.5907301902770996, 6.031913757324219, 2.0055222511291504, 1.0374282598495483]","[2.436738967895508, 3.362945318222046, 2.359208583831787, 2.3493244647979736]"
16721.0,2012-12-01T00:00:00.000000000,"[6.031913757324219, 2.0055222511291504, 1.0374282598495483, 2.775597333908081]","[0.8007959127426147, 0.893142819404602, 0.9659004807472229, 1.1322609186172485]"
16721.0,2013-03-01T00:00:00.000000000,"[2.0055222511291504, 1.0374282598495483, 2.775597333908081, 6.339943885803223]","[2.7825233936309814, 2.638045310974121, 2.5736002922058105, 2.776578426361084]"
20779.0,2006-06-01T00:00:00.000000000,"[0.42136821150779724, 0.5093768239021301, 0.4873746931552887, 0.4653724431991577]","[0.3254408538341522, 0.33638888597488403, 0.31863147020339966, 0.3197490870952606]"
20779.0,2006-09-01T00:00:00.000000000,"[0.5093768239021301, 0.4873746931552887, 0.4653724431991577, 0.4873746931552887]","[0.3470275402069092, 0.3795628547668457, 0.31751054525375366, 0.3411533236503601]"
20779.0,2006-12-01T00:00:00.000000000,"[0.4873746931552887, 0.4653724431991577, 0.4873746931552887, 0.5973852872848511]","[0.4054906964302063, 0.4009312391281128, 0.37452811002731323, 0.3967685401439667]"
20779.0,2007-03-01T00:00:00.000000000,"[0.4653724431991577, 0.4873746931552887, 0.5973852872848511, 0.5973852872848511]","[0.38829392194747925, 0.40410172939300537, 0.38055169582366943, 0.3802628517150879]"
20779.0,2007-06-01T00:00:00.000000000,"[0.4873746931552887, 0.5973852872848511, 0.5973852872848511, 0.553381085395813]","[0.3953161835670471, 0.4260031580924988, 0.3983246088027954, 0.3859475255012512]"
20779.0,2007-09-01T00:00:00.000000000,"[0.5973852872848511, 0.5973852872848511, 0.553381085395813, 0.553381085395813]","[0.43468788266181946, 0.4375593662261963, 0.43811744451522827, 0.4237058758735657]"
20779.0,2007-12-01T00:00:00.000000000,"[0.5973852872848511, 0.553381085395813, 0.553381085395813, 0.6853939294815063]","[0.48939085006713867, 0.4752851724624634, 0.4878630042076111, 0.4752920866012573]"
20779.0,2008-03-01T00:00:00.000000000,"[0.553381085395813, 0.553381085395813, 0.6853939294815063, 0.6413896679878235]","[0.48422616720199585, 0.495582640171051, 0.4734228253364563, 0.47277212142944336]"
20779.0,2008-06-01T00:00:00.000000000,"[0.553381085395813, 0.6853939294815063, 0.6413896679878235, 0.553381085395813]","[0.47421491146087646, 0.5045452117919922, 0.4857679605484009, 0.4625806212425232]"
20779.0,2008-09-01T00:00:00.000000000,"[0.6853939294815063, 0.6413896679878235, 0.553381085395813, 0.6193875670433044]","[0.45919564366340637, 0.4656614363193512, 0.43645718693733215, 0.45722898840904236]"
20779.0,2008-12-01T00:00:00.000000000,"[0.6413896679878235, 0.553381085395813, 0.6193875670433044, 0.6413896679878235]","[0.5226035118103027, 0.5046349167823792, 0.49391406774520874, 0.5171710252761841]"
20779.0,2009-03-01T00:00:00.000000000,"[0.553381085395813, 0.6193875670433044, 0.6413896679878235, 0.6413896679878235]","[0.5524768233299255, 0.5707980394363403, 0.5617076754570007, 0.5385305881500244]"
20779.0,2009-06-01T00:00:00.000000000,"[0.6193875670433044, 0.6413896679878235, 0.6413896679878235, 0.6853939294815063]","[0.5213257074356079, 0.5644950866699219, 0.5189626812934875, 0.5130096077919006]"
20779.0,2009-09-01T00:00:00.000000000,"[0.6413896679878235, 0.6413896679878235, 0.6853939294815063, 0.7514004111289978]","[0.5634729862213135, 0.5937228202819824, 0.5294336080551147, 0.5556888580322266]"
20779.0,2009-12-01T00:00:00.000000000,"[0.6413896679878235, 0.6853939294815063, 0.7514004111289978, 0.8394088745117188]","[0.5974481105804443, 0.5980166792869568, 0.5703206658363342, 0.5883998870849609]"
20779.0,2010-03-01T00:00:00.000000000,"[0.6853939294815063, 0.7514004111289978, 0.8394088745117188, 0.9494196176528931]","[0.6030483245849609, 0.5922762155532837, 0.6030565500259399, 0.5930972695350647]"
20779.0,2010-06-01T00:00:00.000000000,"[0.7514004111289978, 0.8394088745117188, 0.9494196176528931, 0.9054153561592102]","[0.6053377389907837, 0.6237651705741882, 0.586244523525238, 0.5973004102706909]"
20779.0,2010-09-01T00:00:00.000000000,"[0.8394088745117188, 0.9494196176528931, 0.9054153561592102, 1.0154259204864502]","[0.6715244054794312, 0.6671514511108398, 0.6476595401763916, 0.6587246656417847]"
20779.0,2010-12-01T00:00:00.000000000,"[0.9494196176528931, 0.9054153561592102, 1.0154259204864502, 1.125436782836914]","[0.7137147784233093, 0.704980731010437, 0.6947939991950989, 0.6978089809417725]"
20779.0,2011-03-01T00:00:00.000000000,"[0.9054153561592102, 1.0154259204864502, 1.125436782836914, 1.147438883781433]","[0.7308387756347656, 0.7518415451049805, 0.716595470905304, 0.7141238451004028]"
20779.0,2011-06-01T00:00:00.000000000,"[1.0154259204864502, 1.125436782836914, 1.147438883781433, 0.9934238195419312]","[0.737717866897583, 0.7610360383987427, 0.7437654733657837, 0.7212374806404114]"
20779.0,2011-09-01T00:00:00.000000000,"[1.125436782836914, 1.147438883781433, 0.9934238195419312, 1.0374282598495483]","[0.8142094612121582, 0.8486298322677612, 0.7689478397369385, 0.7961502075195312]"
20779.0,2011-12-01T00:00:00.000000000,"[1.147438883781433, 0.9934238195419312, 1.0374282598495483, 1.0594303607940674]","[0.8804355263710022, 0.888862133026123, 0.8518624901771545, 0.85841304063797]"
20779.0,2012-03-01T00:00:00.000000000,"[0.9934238195419312, 1.0374282598495483, 1.0594303607940674, 0.9714217185974121]","[0.8958135843276978, 0.930995523929596, 0.8791139125823975, 0.8736370205879211]"
20779.0,2012-06-01T00:00:00.000000000,"[1.0374282598495483, 1.0594303607940674, 0.9714217185974121, 1.0374282598495483]","[0.8308722972869873, 0.8671070337295532, 0.8541077971458435, 0.8168063759803772]"
20779.0,2012-09-01T00:00:00.000000000,"[1.0594303607940674, 0.9714217185974121, 1.0374282598495483, 1.125436782836914]","[0.8841013312339783, 0.9410635232925415, 0.8425540924072266, 0.8716020584106445]"
20779.0,2012-12-01T00:00:00.000000000,"[0.9714217185974121, 1.0374282598495483, 1.125436782836914, 1.147438883781433]","[0.9220160841941833, 0.9429594874382019, 0.9015859365463257, 0.9079107046127319]"
20779.0,2013-03-01T00:00:00.000000000,"[1.0374282598495483, 1.125436782836914, 1.147438883781433, 1.103434681892395]","[0.8952201008796692, 0.9228918552398682, 0.8956142067909241, 0.8847528696060181]"
24197.0,2006-03-01T00:00:00.000000000,"[0.5093768239021301, 0.4543713927268982, 0.34436073899269104, 0.37736397981643677]","[0.14855727553367615, 0.148043692111969, 0.11573611944913864, 0.14335688948631287]"
24197.0,2006-06-01T00:00:00.000000000,"[0.4543713927268982, 0.34436073899269104, 0.37736397981643677, 0.6193875670433044]","[0.26581162214279175, 0.27783429622650146, 0.21755440533161163, 0.24974186718463898]"
24197.0,2006-09-01T00:00:00.000000000,"[0.34436073899269104, 0.37736397981643677, 0.6193875670433044, 0.4873746931552887]","[0.2684544026851654, 0.29190346598625183, 0.30037084221839905, 0.24657291173934937]"
24197.0,2006-12-01T00:00:00.000000000,"[0.37736397981643677, 0.6193875670433044, 0.4873746931552887, 0.35536178946495056]","[0.2452230155467987, 0.2868008613586426, 0.23957207798957825, 0.23234282433986664]"
24197.0,2007-03-01T00:00:00.000000000,"[0.6193875670433044, 0.4873746931552887, 0.35536178946495056, 0.42136821150779724]","[0.2725461423397064, 0.2784160077571869, 0.23321838676929474, 0.2650364935398102]"
24197.0,2007-06-01T00:00:00.000000000,"[0.4873746931552887, 0.35536178946495056, 0.42136821150779724, 0.9274174571037292]","[0.4141196608543396, 0.4137255549430847, 0.3570365309715271, 0.3939460217952728]"
24197.0,2007-12-01T00:00:00.000000000,"[0.35536178946495056, 0.42136821150779724, 0.9274174571037292, 0.6633917689323425]","[0.3740547001361847, 0.38454699516296387, 0.42742735147476196, 0.35029998421669006]"
24197.0,2008-03-01T00:00:00.000000000,"[0.42136821150779724, 0.9274174571037292, 0.6633917689323425, 0.575383186340332]","[0.3140813708305359, 0.37532973289489746, 0.3114197850227356, 0.30389338731765747]"
24197.0,2008-06-01T00:00:00.000000000,"[0.9274174571037292, 0.6633917689323425, 0.575383186340332, 0.9934238195419312]","[0.3537912964820862, 0.3552829921245575, 0.31678450107574463, 0.3483806848526001]"
24197.0,2008-09-01T00:00:00.000000000,"[0.6633917689323425, 0.575383186340332, 0.9934238195419312, 1.3894624710083008]","[0.5091246366500854, 0.5183157324790955, 0.4524427652359009, 0.49075332283973694]"
24197.0,2008-12-01T00:00:00.000000000,"[0.575383186340332, 0.9934238195419312, 1.3894624710083008, 1.0374282598495483]","[0.5480159521102905, 0.549392819404602, 0.6275755167007446, 0.5143334269523621]"
24197.0,2009-03-01T00:00:00.000000000,"[0.9934238195419312, 1.3894624710083008, 1.0374282598495483, 0.9934238195419312]","[0.4216800332069397, 0.5389217734336853, 0.3829154074192047, 0.41348254680633545]"
24197.0,2009-06-01T00:00:00.000000000,"[1.3894624710083008, 1.0374282598495483, 0.9934238195419312, 1.5214751958847046]","[0.5911421775817871, 0.59477698802948, 0.535705029964447, 0.5759414434432983]"
24197.0,2009-09-01T00:00:00.000000000,"[1.0374282598495483, 0.9934238195419312, 1.5214751958847046, 2.0055222511291504]","[0.7982667684555054, 0.815984845161438, 0.7773885130882263, 0.7600516676902771]"
24197.0,2009-12-01T00:00:00.000000000,"[0.9934238195419312, 1.5214751958847046, 2.0055222511291504, 1.6094835996627808]","[0.7469782829284668, 0.7979831695556641, 0.8422458171844482, 0.7074058055877686]"
24197.0,2010-03-01T00:00:00.000000000,"[1.5214751958847046, 2.0055222511291504, 1.6094835996627808, 1.455468773841858]","[0.6936360597610474, 0.848497211933136, 0.6559709310531616, 0.674262285232544]"
24197.0,2010-06-01T00:00:00.000000000,"[2.0055222511291504, 1.6094835996627808, 1.455468773841858, 1.8735092878341675]","[0.9236254096031189, 0.9617305397987366, 0.837653398513794, 0.8960498571395874]"
24197.0,2010-09-01T00:00:00.000000000,"[1.6094835996627808, 1.455468773841858, 1.8735092878341675, 2.4455649852752686]","[1.1807996034622192, 1.2220834493637085, 1.1407365798950195, 1.127382755279541]"
24197.0,2010-12-01T00:00:00.000000000,"[1.455468773841858, 1.8735092878341675, 2.4455649852752686, 2.027524471282959]","[1.0799052715301514, 1.17050039768219, 1.220198631286621, 1.0274863243103027]"
24197.0,2011-03-01T00:00:00.000000000,"[1.8735092878341675, 2.4455649852752686, 2.027524471282959, 1.5874814987182617]","[1.1806745529174805, 1.3187886476516724, 1.1853094100952148, 1.1336019039154053]"
24197.0,2011-06-01T00:00:00.000000000,"[2.4455649852752686, 2.027524471282959, 1.5874814987182617, 2.1375350952148438]","[1.4038591384887695, 1.3971493244171143, 1.2926316261291504, 1.3589568138122559]"
24197.0,2011-09-01T00:00:00.000000000,"[2.027524471282959, 1.5874814987182617, 2.1375350952148438, 3.083627223968506]","[1.4208567142486572, 1.442299485206604, 1.3037965297698975, 1.3892865180969238]"
24197.0,2011-12-01T00:00:00.000000000,"[1.5874814987182617, 2.1375350952148438, 3.083627223968506, 3.017620801925659]","[1.5264825820922852, 1.6327414512634277, 1.6865074634552002, 1.4548230171203613]"
24197.0,2012-03-01T00:00:00.000000000,"[2.1375350952148438, 3.083627223968506, 3.017620801925659, 3.721689224243164]","[1.3266146183013916, 1.5472346544265747, 1.327608585357666, 1.2992873191833496]"
24197.0,2012-06-01T00:00:00.000000000,"[3.083627223968506, 3.017620801925659, 3.721689224243164, 4.469761848449707]","[1.5757689476013184, 1.634894847869873, 1.4579460620880127, 1.5487701892852783]"
24197.0,2012-09-01T00:00:00.000000000,"[3.017620801925659, 3.721689224243164, 4.469761848449707, 4.447759628295898]","[2.0956406593322754, 2.012148380279541, 1.9931004047393799, 2.023952007293701]"
24197.0,2012-12-01T00:00:00.000000000,"[3.721689224243164, 4.469761848449707, 4.447759628295898, 3.765693426132202]","[2.168771982192993, 2.151153087615967, 2.2895538806915283, 2.075978994369507]"
24197.0,2013-03-01T00:00:00.000000000,"[4.469761848449707, 4.447759628295898, 3.765693426132202, 3.4576635360717773]","[2.452004909515381, 2.625673294067383, 2.330016613006592, 2.356804847717285]"
24316.0,2007-09-01T00:00:00.000000000,"[-0.38170990347862244, -0.4514566659927368, -0.40745237469673157, -0.3377055823802948]","[-0.4759916067123413, -0.4752064347267151, -0.48872658610343933, -0.4790063798427582]"
24316.0,2007-12-01T00:00:00.000000000,"[-0.4514566659927368, -0.40745237469673157, -0.3377055823802948, -0.3229641616344452]","[-0.4538218677043915, -0.46078401803970337, -0.451737642288208, -0.45953670144081116]"
24316.0,2008-03-01T00:00:00.000000000,"[-0.40745237469673157, -0.3377055823802948, -0.3229641616344452, -0.30470237135887146]","[-0.4752626419067383, -0.4601346552371979, -0.4590170085430145, -0.4802536964416504]"
24316.0,2008-06-01T00:00:00.000000000,"[-0.3377055823802948, -0.3229641616344452, -0.30470237135887146, -0.3487066924571991]","[-0.45795220136642456, -0.4443648159503937, -0.47183623909950256, -0.46088922023773193]"
24316.0,2008-09-01T00:00:00.000000000,"[-0.3229641616344452, -0.30470237135887146, -0.3487066924571991, -0.2716991901397705]","[-0.42287477850914, -0.4328497052192688, -0.4383425712585449, -0.42720335721969604]"
24316.0,2008-12-01T00:00:00.000000000,"[-0.30470237135887146, -0.3487066924571991, -0.2716991901397705, -0.2606981098651886]","[-0.4081243872642517, -0.40967318415641785, -0.4019896388053894, -0.4157501459121704]"
24316.0,2009-03-01T00:00:00.000000000,"[-0.3487066924571991, -0.2716991901397705, -0.2606981098651886, -0.39271095395088196]","[-0.3940635919570923, -0.3777409493923187, -0.3910457491874695, -0.4025726914405823]"
24316.0,2009-06-01T00:00:00.000000000,"[-0.2716991901397705, -0.2606981098651886, -0.39271095395088196, -0.2716991901397705]","[-0.4036312401294708, -0.39244702458381653, -0.4132021367549896, -0.40792834758758545]"
24316.0,2009-09-01T00:00:00.000000000,"[-0.2606981098651886, -0.39271095395088196, -0.2716991901397705, -0.1726895570755005]","[-0.37336790561676025, -0.37237098813056946, -0.39199578762054443, -0.3782799243927002]"
24316.0,2009-12-01T00:00:00.000000000,"[-0.39271095395088196, -0.2716991901397705, -0.1726895570755005, -0.15068741142749786]","[-0.353578120470047, -0.3584047555923462, -0.34986478090286255, -0.3613632321357727]"
24316.0,2010-03-01T00:00:00.000000000,"[-0.2716991901397705, -0.1726895570755005, -0.15068741142749786, -0.22769489884376526]","[-0.4007144868373871, -0.3784130811691284, -0.38118720054626465, -0.40488237142562866]"
24316.0,2010-06-01T00:00:00.000000000,"[-0.1726895570755005, -0.15068741142749786, -0.22769489884376526, -0.15068741142749786]","[-0.3542708158493042, -0.33861395716667175, -0.3730776309967041, -0.35870811343193054]"
24316.0,2010-09-01T00:00:00.000000000,"[-0.15068741142749786, -0.22769489884376526, -0.15068741142749786, -0.11768423020839691]","[-0.2988412380218506, -0.31330230832099915, -0.3205071687698364, -0.30608516931533813]"
24316.0,2010-12-01T00:00:00.000000000,"[-0.22769489884376526, -0.15068741142749786, -0.11768423020839691, -0.0956820473074913]","[-0.28020453453063965, -0.2794787883758545, -0.27254047989845276, -0.2917202413082123]"
24316.0,2011-03-01T00:00:00.000000000,"[-0.15068741142749786, -0.11768423020839691, -0.0956820473074913, -0.1836906224489212]","[-0.3037470877170563, -0.27884989976882935, -0.29041534662246704, -0.3125401735305786]"
24316.0,2011-06-01T00:00:00.000000000,"[-0.11768423020839691, -0.0956820473074913, -0.1836906224489212, -0.08468098938465118]","[-0.26951444149017334, -0.2519485354423523, -0.29433584213256836, -0.2761549651622772]"
24316.0,2011-09-01T00:00:00.000000000,"[-0.0956820473074913, -0.1836906224489212, -0.08468098938465118, -0.05167780816555023]","[-0.2394982874393463, -0.24877184629440308, -0.26055872440338135, -0.24635674059391022]"
24316.0,2011-12-01T00:00:00.000000000,"[-0.1836906224489212, -0.08468098938465118, -0.05167780816555023, 0.014328615739941597]","[-0.2200205773115158, -0.21374373137950897, -0.22021768987178802, -0.23044176399707794]"
24316.0,2012-03-01T00:00:00.000000000,"[-0.08468098938465118, -0.05167780816555023, 0.014328615739941597, -0.018674563616514206]","[-0.2442680299282074, -0.22236549854278564, -0.23249326646327972, -0.25201475620269775]"
24316.0,2012-06-01T00:00:00.000000000,"[-0.05167780816555023, 0.014328615739941597, -0.018674563616514206, -0.05167780816555023]","[-0.19981111586093903, -0.18272943794727325, -0.22699302434921265, -0.20685549080371857]"
24316.0,2012-09-01T00:00:00.000000000,"[0.014328615739941597, -0.018674563616514206, -0.05167780816555023, 0.12433934211730957]","[-0.16803061962127686, -0.18183091282844543, -0.18738983571529388, -0.17562301456928253]"
24316.0,2012-12-01T00:00:00.000000000,"[-0.018674563616514206, -0.05167780816555023, 0.12433934211730957, -0.007673503365367651]","[-0.13331280648708344, -0.12694138288497925, -0.1392640918493271, -0.14564263820648193]"
24316.0,2013-03-01T00:00:00.000000000,"[-0.05167780816555023, 0.12433934211730957, -0.007673503365367651, -0.04067668318748474]","[-0.13283956050872803, -0.11468242108821869, -0.12500612437725067, -0.1449887752532959]"
24344.0,2006-06-01T00:00:00.000000000,"[-2.1968863010406494, -2.284895181655884, -2.328899383544922, -2.526918411254883]","[-2.279252767562866, -2.1822004318237305, -1.6243133544921875, -2.0914344787597656]"
24344.0,2006-09-01T00:00:00.000000000,"[-2.284895181655884, -2.328899383544922, -2.526918411254883, -1.8888564109802246]","[-2.236602783203125, -1.7988195419311523, -2.1525003910064697, -2.0235342979431152]"
24344.0,2006-12-01T00:00:00.000000000,"[-2.328899383544922, -2.526918411254883, -1.8888564109802246, -0.9867687225341797]","[-1.9664669036865234, -1.9226562976837158, -1.8848198652267456, -1.774113655090332]"
24344.0,2007-03-01T00:00:00.000000000,"[-2.526918411254883, -1.8888564109802246, -0.9867687225341797, -0.3267045319080353]","[-2.184041976928711, -2.037205219268799, -2.0972580909729004, -1.9702163934707642]"
24344.0,2007-06-01T00:00:00.000000000,"[-1.8888564109802246, -0.9867687225341797, -0.3267045319080353, -0.5027216672897339]","[-2.4155421257019043, -2.2285609245300293, -2.2667829990386963, -2.1223044395446777]"
24344.0,2007-09-01T00:00:00.000000000,"[-0.9867687225341797, -0.3267045319080353, -0.5027216672897339, -0.1726895570755005]","[-2.2388434410095215, -2.1362881660461426, -2.1301074028015137, -2.002274751663208]"
24344.0,2007-12-01T00:00:00.000000000,"[-0.3267045319080353, -0.5027216672897339, -0.1726895570755005, -0.3487066924571991]","[-1.391109585762024, -1.430802822113037, -1.4430549144744873, -1.325518012046814]"
24344.0,2008-03-01T00:00:00.000000000,"[-0.5027216672897339, -0.1726895570755005, -0.3487066924571991, 0.06933397799730301]","[-0.9662454724311829, -0.8984059691429138, -0.9125856161117554, -0.9815593957901001]"
24344.0,2008-06-01T00:00:00.000000000,"[-0.1726895570755005, -0.3487066924571991, 0.06933397799730301, 0.20134682953357697]","[-0.8163739442825317, -0.6248737573623657, -0.5764930248260498, -0.8736424446105957]"
24344.0,2008-09-01T00:00:00.000000000,"[-0.3487066924571991, 0.06933397799730301, 0.20134682953357697, 0.15734252333641052]","[-0.37322497367858887, -0.15126264095306396, -0.5748121738433838, -0.43541789054870605]"
24344.0,2008-12-01T00:00:00.000000000,"[0.06933397799730301, 0.20134682953357697, 0.15734252333641052, 0.4653724431991577]","[-0.8068650960922241, -0.7558619379997253, -0.8796553611755371, -0.7989893555641174]"
24344.0,2009-03-01T00:00:00.000000000,"[0.20134682953357697, 0.15734252333641052, 0.4653724431991577, 0.6413896679878235]","[-0.5411951541900635, -0.4559437036514282, -0.7035385966300964, -0.5517022609710693]"
24344.0,2009-06-01T00:00:00.000000000,"[0.15734252333641052, 0.4653724431991577, 0.6413896679878235, 0.9714217185974121]","[-0.3509080410003662, -0.3058263063430786, -0.4493696689605713, -0.3794729709625244]"
24344.0,2009-09-01T00:00:00.000000000,"[0.4653724431991577, 0.6413896679878235, 0.9714217185974121, 1.3674603700637817]","[-0.3083113431930542, -0.1037071943283081, -0.39968550205230713, -0.3432164192199707]"
24344.0,2009-12-01T00:00:00.000000000,"[0.6413896679878235, 0.9714217185974121, 1.3674603700637817, 1.6974923610687256]","[-0.04907822608947754, 0.0910869836807251, -0.2310720682144165, -0.09138882160186768]"
24344.0,2010-03-01T00:00:00.000000000,"[0.9714217185974121, 1.3674603700637817, 1.6974923610687256, 2.1595370769500732]","[-0.007814407348632812, -0.049921512603759766, 0.05587291717529297, -0.05388224124908447]"
24344.0,2010-06-01T00:00:00.000000000,"[1.3674603700637817, 1.6974923610687256, 2.1595370769500732, 1.8075029850006104]","[0.222068190574646, 0.27644920349121094, 0.3721776008605957, 0.14474272727966309]"
24344.0,2010-09-01T00:00:00.000000000,"[1.6974923610687256, 2.1595370769500732, 1.8075029850006104, 2.071528673171997]","[0.45542120933532715, 0.5124372243881226, 0.21948933601379395, 0.4071049690246582]"
24344.0,2010-12-01T00:00:00.000000000,"[2.1595370769500732, 1.8075029850006104, 2.071528673171997, 2.0055222511291504]","[0.7305744886398315, 0.8301388025283813, 0.7810443639755249, 0.6309601068496704]"
24344.0,2011-03-01T00:00:00.000000000,"[1.8075029850006104, 2.071528673171997, 2.0055222511291504, 3.0396230220794678]","[0.9562987089157104, 1.1676888465881348, 0.8010902404785156, 0.8642654418945312]"
24344.0,2011-06-01T00:00:00.000000000,"[2.071528673171997, 2.0055222511291504, 3.0396230220794678, 4.931806564331055]","[0.9762347340583801, 1.2829489707946777, 1.0677366256713867, 0.868265688419342]"
24344.0,2011-09-01T00:00:00.000000000,"[2.0055222511291504, 3.0396230220794678, 4.931806564331055, 5.0418171882629395]","[1.0974431037902832, 1.393968939781189, 0.9844611883163452, 1.017093300819397]"
24344.0,2011-12-01T00:00:00.000000000,"[3.0396230220794678, 4.931806564331055, 5.0418171882629395, 5.107824325561523]","[0.9268242716789246, 0.8954206109046936, 0.7414942383766174, 0.9221107363700867]"
24344.0,2012-03-01T00:00:00.000000000,"[4.931806564331055, 5.0418171882629395, 5.107824325561523, 4.82179594039917]","[1.574150562286377, 1.7428741455078125, 1.2778639793395996, 1.503389596939087]"
24344.0,2012-06-01T00:00:00.000000000,"[5.0418171882629395, 5.107824325561523, 4.82179594039917, 5.855896949768066]","[2.4164068698883057, 2.6128132343292236, 2.196608066558838, 2.2625091075897217]"
24344.0,2012-09-01T00:00:00.000000000,"[5.107824325561523, 4.82179594039917, 5.855896949768066, 6.1419243812561035]","[2.6536123752593994, 2.8438796997070312, 2.536658525466919, 2.5000088214874268]"
24344.0,2012-12-01T00:00:00.000000000,"[4.82179594039917, 5.855896949768066, 6.1419243812561035, 7.132020950317383]","[2.8690810203552246, 3.2618017196655273, 2.812432289123535, 2.6945881843566895]"
24344.0,2013-03-01T00:00:00.000000000,"[5.855896949768066, 6.1419243812561035, 7.132020950317383, 6.713980197906494]","[2.635712146759033, 3.0243072509765625, 2.3901853561401367, 2.544743776321411]"
24468.0,2006-06-01T00:00:00.000000000,"[6.647973537445068, 7.660072326660156, 8.298134803771973, 7.704076290130615]","[3.275805711746216, 3.3260860443115234, 3.081385612487793, 3.2482423782348633]"
24468.0,2006-09-01T00:00:00.000000000,"[7.660072326660156, 8.298134803771973, 7.704076290130615, 8.584161758422852]","[4.433195114135742, 4.60047721862793, 4.173849105834961, 4.277673721313477]"
24468.0,2006-12-01T00:00:00.000000000,"[8.298134803771973, 7.704076290130615, 8.584161758422852, 9.156217575073242]","[5.017210006713867, 4.970046043395996, 4.708755970001221, 4.6916303634643555]"
24468.0,2007-03-01T00:00:00.000000000,"[7.704076290130615, 8.584161758422852, 9.156217575073242, 9.20022201538086]","[5.350838661193848, 5.590074062347412, 5.415775299072266, 5.144153594970703]"
24468.0,2007-06-01T00:00:00.000000000,"[8.584161758422852, 9.156217575073242, 9.20022201538086, 9.838284492492676]","[5.367894172668457, 5.664710998535156, 5.465211391448975, 5.185578346252441]"
24468.0,2007-09-01T00:00:00.000000000,"[9.156217575073242, 9.20022201538086, 9.838284492492676, 10.762373924255371]","[5.56142520904541, 6.1233744621276855, 5.104802131652832, 5.442723751068115]"
24468.0,2007-12-01T00:00:00.000000000,"[9.20022201538086, 9.838284492492676, 10.762373924255371, 10.718369483947754]","[6.611757278442383, 7.010194778442383, 6.466076850891113, 6.37477970123291]"
24468.0,2008-03-01T00:00:00.000000000,"[9.838284492492676, 10.762373924255371, 10.718369483947754, 10.388337135314941]","[6.451007843017578, 6.944394111633301, 6.309167385101318, 6.2798237800598145]"
24468.0,2008-06-01T00:00:00.000000000,"[10.762373924255371, 10.718369483947754, 10.388337135314941, 10.740371704101562]","[6.900773048400879, 7.428860664367676, 6.584348678588867, 6.735645294189453]"
24468.0,2008-09-01T00:00:00.000000000,"[10.718369483947754, 10.388337135314941, 10.740371704101562, 10.388337135314941]","[7.721549987792969, 7.953061103820801, 7.2180891036987305, 7.541011810302734]"
24468.0,2008-12-01T00:00:00.000000000,"[10.388337135314941, 10.740371704101562, 10.388337135314941, 13.182609558105469]","[8.2246732711792, 8.24787712097168, 7.8583831787109375, 8.028489112854004]"
24468.0,2009-03-01T00:00:00.000000000,"[10.740371704101562, 10.388337135314941, 13.182609558105469, 10.872385025024414]","[8.297210693359375, 8.745928764343262, 7.946412563323975, 8.106522560119629]"
24468.0,2009-06-01T00:00:00.000000000,"[10.388337135314941, 13.182609558105469, 10.872385025024414, 12.610553741455078]","[8.702726364135742, 9.112199783325195, 8.109216690063477, 8.532970428466797]"
24468.0,2009-09-01T00:00:00.000000000,"[13.182609558105469, 10.872385025024414, 12.610553741455078, 12.060501098632812]","[8.816194534301758, 9.066514015197754, 8.769912719726562, 8.62566089630127]"
24468.0,2009-12-01T00:00:00.000000000,"[10.872385025024414, 12.610553741455078, 12.060501098632812, 15.580842971801758]","[9.866902351379395, 9.820023536682129, 9.545862197875977, 9.645925521850586]"
24468.0,2010-03-01T00:00:00.000000000,"[12.610553741455078, 12.060501098632812, 15.580842971801758, 14.678754806518555]","[9.55128288269043, 9.827133178710938, 10.204022407531738, 9.288426399230957]"
24468.0,2010-06-01T00:00:00.000000000,"[12.060501098632812, 15.580842971801758, 14.678754806518555, 14.656752586364746]","[10.254045486450195, 11.02419376373291, 9.866843223571777, 10.024341583251953]"
24468.0,2010-09-01T00:00:00.000000000,"[15.580842971801758, 14.678754806518555, 14.656752586364746, 19.431217193603516]","[11.036325454711914, 10.886500358581543, 10.582606315612793, 10.816428184509277]"
24468.0,2010-12-01T00:00:00.000000000,"[14.678754806518555, 14.656752586364746, 19.431217193603516, 19.475223541259766]","[11.02981948852539, 11.359550476074219, 10.356843948364258, 10.878684043884277]"
24468.0,2011-03-01T00:00:00.000000000,"[14.656752586364746, 19.431217193603516, 19.475223541259766, 17.649045944213867]","[11.51528549194336, 11.771652221679688, 11.716390609741211, 11.269620895385742]"
24468.0,2011-06-01T00:00:00.000000000,"[19.431217193603516, 19.475223541259766, 17.649045944213867, 19.409217834472656]","[11.621304512023926, 12.502456665039062, 11.214316368103027, 11.442571640014648]"
24468.0,2011-09-01T00:00:00.000000000,"[19.475223541259766, 17.649045944213867, 19.409217834472656, 18.74915313720703]","[13.345643997192383, 12.891889572143555, 12.601072311401367, 13.163440704345703]"
24468.0,2011-12-01T00:00:00.000000000,"[17.649045944213867, 19.409217834472656, 18.74915313720703, 9.376238822937012]","[14.851513862609863, 15.224593162536621, 14.666358947753906, 14.43034553527832]"
24468.0,2012-03-01T00:00:00.000000000,"[19.409217834472656, 18.74915313720703, 9.376238822937012, 11.048401832580566]","[14.91912841796875, 16.123682022094727, 15.304821014404297, 14.440631866455078]"
24468.0,2012-06-01T00:00:00.000000000,"[18.74915313720703, 9.376238822937012, 11.048401832580566, 11.79647445678711]","[15.833709716796875, 16.889484405517578, 15.213664054870605, 15.432134628295898]"
24468.0,2012-09-01T00:00:00.000000000,"[9.376238822937012, 11.048401832580566, 11.79647445678711, 9.794280052185059]","[15.914420127868652, 16.112655639648438, 15.214290618896484, 15.647266387939453]"
24468.0,2012-12-01T00:00:00.000000000,"[11.048401832580566, 11.79647445678711, 9.794280052185059, 6.757984638214111]","[12.52065658569336, 13.354475021362305, 13.166253089904785, 12.556290626525879]"
24617.0,2006-06-01T00:00:00.000000000,"[0.5606417655944824, 0.6193875670433044, 0.4873746931552887, 0.37010324001312256]","[0.015623539686203003, 0.05494973063468933, -0.02713918685913086, 0.007065117359161377]"
24617.0,2006-09-01T00:00:00.000000000,"[0.6193875670433044, 0.4873746931552887, 0.37010324001312256, 0.7661417722702026]","[0.1279076188802719, 0.1444089561700821, 0.07417644560337067, 0.11245717108249664]"
24617.0,2006-12-01T00:00:00.000000000,"[0.4873746931552887, 0.37010324001312256, 0.7661417722702026, 0.7514004111289978]","[0.28276145458221436, 0.28239622712135315, 0.30959010124206543, 0.24505525827407837]"
24617.0,2007-03-01T00:00:00.000000000,"[0.37010324001312256, 0.7661417722702026, 0.7514004111289978, 0.5461203455924988]","[0.19666363298892975, 0.2843553423881531, 0.2674632668495178, 0.16554681956768036]"
24617.0,2007-06-01T00:00:00.000000000,"[0.7661417722702026, 0.7514004111289978, 0.5461203455924988, 0.35536178946495056]","[0.17646704614162445, 0.24504928290843964, 0.1776522547006607, 0.16134051978588104]"
24617.0,2007-09-01T00:00:00.000000000,"[0.7514004111289978, 0.5461203455924988, 0.35536178946495056, 0.7366588711738586]","[0.3467637896537781, 0.3451521694660187, 0.2791565954685211, 0.32751429080963135]"
24617.0,2007-12-01T00:00:00.000000000,"[0.5461203455924988, 0.35536178946495056, 0.7366588711738586, 0.8101460337638855]","[0.4518291652202606, 0.41043412685394287, 0.44996586441993713, 0.42072561383247375]"
24617.0,2008-03-01T00:00:00.000000000,"[0.35536178946495056, 0.7366588711738586, 0.8101460337638855, 0.5166375637054443]","[0.39447328448295593, 0.4741184711456299, 0.43257856369018555, 0.36280757188796997]"
24617.0,2008-06-01T00:00:00.000000000,"[0.7366588711738586, 0.8101460337638855, 0.5166375637054443, 0.4726331830024719]","[0.34710538387298584, 0.4013345241546631, 0.30717289447784424, 0.3357371687889099]"
24617.0,2008-09-01T00:00:00.000000000,"[0.8101460337638855, 0.5166375637054443, 0.4726331830024719, 1.0446888208389282]","[0.4576626718044281, 0.4860931932926178, 0.38694244623184204, 0.441715806722641]"
24617.0,2008-12-01T00:00:00.000000000,"[0.5166375637054443, 0.4726331830024719, 1.0446888208389282, 1.1181758642196655]","[0.5893056392669678, 0.5439580082893372, 0.5906664729118347, 0.5584758520126343]"
24617.0,2009-03-01T00:00:00.000000000,"[0.4726331830024719, 1.0446888208389282, 1.1181758642196655, 1.0446888208389282]","[0.4503445625305176, 0.5585513710975647, 0.5293384790420532, 0.4235755503177643]"
24617.0,2009-06-01T00:00:00.000000000,"[1.0446888208389282, 1.1181758642196655, 1.0446888208389282, 1.2501888275146484]","[0.4470849335193634, 0.5375632047653198, 0.3880719840526581, 0.4404439628124237]"
24617.0,2009-09-01T00:00:00.000000000,"[1.1181758642196655, 1.0446888208389282, 1.2501888275146484, 2.21828293800354]","[0.7096403241157532, 0.7066925168037415, 0.6227250099182129, 0.683205783367157]"
24617.0,2009-12-01T00:00:00.000000000,"[1.0446888208389282, 1.2501888275146484, 2.21828293800354, 2.4088215827941895]","[0.7953555583953857, 0.7740064859390259, 0.8486194014549255, 0.7508679032325745]"
24617.0,2010-03-01T00:00:00.000000000,"[1.2501888275146484, 2.21828293800354, 2.4088215827941895, 2.1595370769500732]","[0.8386451005935669, 0.9055658578872681, 0.8556432723999023, 0.7926498651504517]"
24617.0,2010-06-01T00:00:00.000000000,"[2.21828293800354, 2.4088215827941895, 2.1595370769500732, 1.7047529220581055]","[0.9431502223014832, 0.9799105525016785, 0.8406609892845154, 0.9059299826622009]"
24617.0,2010-09-01T00:00:00.000000000,"[2.4088215827941895, 2.1595370769500732, 1.7047529220581055, 2.4675674438476562]","[1.2331078052520752, 1.2579432725906372, 1.09483802318573, 1.1787607669830322]"
24617.0,2010-12-01T00:00:00.000000000,"[2.1595370769500732, 1.7047529220581055, 2.4675674438476562, 2.3062915802001953]","[1.4132124185562134, 1.4306732416152954, 1.4774212837219238, 1.3314982652664185]"
24617.0,2011-03-01T00:00:00.000000000,"[1.7047529220581055, 2.4675674438476562, 2.3062915802001953, 1.9395159482955933]","[1.3655318021774292, 1.5708062648773193, 1.446048378944397, 1.2903683185577393]"
24617.0,2011-06-01T00:00:00.000000000,"[2.4675674438476562, 2.3062915802001953, 1.9395159482955933, 1.8735092878341675]","[1.2639214992523193, 1.4604963064193726, 1.2427767515182495, 1.2244768142700195]"
24617.0,2011-09-01T00:00:00.000000000,"[2.3062915802001953, 1.9395159482955933, 1.8735092878341675, 2.0495264530181885]","[1.5801045894622803, 1.6894888877868652, 1.4267042875289917, 1.5330007076263428]"
24617.0,2011-12-01T00:00:00.000000000,"[1.9395159482955933, 1.8735092878341675, 2.0495264530181885, 3.0616250038146973]","[1.6879394054412842, 1.6944549083709717, 1.7528831958770752, 1.6229004859924316]"
24617.0,2012-03-01T00:00:00.000000000,"[1.8735092878341675, 2.0495264530181885, 3.0616250038146973, 2.8416035175323486]","[1.585113763809204, 1.8242733478546143, 1.6543842554092407, 1.5271732807159424]"
24617.0,2012-06-01T00:00:00.000000000,"[2.0495264530181885, 3.0616250038146973, 2.8416035175323486, 3.0396230220794678]","[1.6209701299667358, 1.7870025634765625, 1.5287266969680786, 1.589404821395874]"
24617.0,2012-09-01T00:00:00.000000000,"[3.0616250038146973, 2.8416035175323486, 3.0396230220794678, 4.381753444671631]","[1.7556045055389404, 1.8199150562286377, 1.6171472072601318, 1.72674560546875]"
24617.0,2012-12-01T00:00:00.000000000,"[2.8416035175323486, 3.0396230220794678, 4.381753444671631, 4.733787536621094]","[2.1873302459716797, 2.196992874145508, 2.0683932304382324, 2.117677927017212]"
24617.0,2013-03-01T00:00:00.000000000,"[3.0396230220794678, 4.381753444671631, 4.733787536621094, 4.601775169372559]","[2.2157115936279297, 2.329254627227783, 2.3664422035217285, 2.12044095993042]"
24856.0,2006-06-01T00:00:00.000000000,"[4.491764068603516, 3.8096976280212402, 4.645779132843018, 5.76788854598999]","[0.9693982005119324, 0.9935257434844971, 0.8420090675354004, 0.9181436896324158]"
24856.0,2006-09-01T00:00:00.000000000,"[3.8096976280212402, 4.645779132843018, 5.76788854598999, 6.229933261871338]","[1.7032475471496582, 1.6874579191207886, 1.673315405845642, 1.597713828086853]"
24856.0,2006-12-01T00:00:00.000000000,"[4.645779132843018, 5.76788854598999, 6.229933261871338, 6.38394832611084]","[1.9241524934768677, 2.1334168910980225, 2.0564403533935547, 1.7718087434768677]"
24856.0,2007-03-01T00:00:00.000000000,"[5.76788854598999, 6.229933261871338, 6.38394832611084, 6.603969573974609]","[2.1317811012268066, 2.452643394470215, 1.9741652011871338, 2.0314648151397705]"
24856.0,2007-06-01T00:00:00.000000000,"[6.229933261871338, 6.38394832611084, 6.603969573974609, 5.965907573699951]","[2.734029769897461, 2.8639774322509766, 2.564011573791504, 2.615103006362915]"
24856.0,2007-09-01T00:00:00.000000000,"[6.38394832611084, 6.603969573974609, 5.965907573699951, 6.075918197631836]","[3.1272237300872803, 3.470198392868042, 3.092825412750244, 2.974210023880005]"
24856.0,2007-12-01T00:00:00.000000000,"[6.603969573974609, 5.965907573699951, 6.075918197631836, 5.349847793579102]","[3.854287624359131, 4.278156280517578, 3.739530563354492, 3.649477958679199]"
24856.0,2008-03-01T00:00:00.000000000,"[5.965907573699951, 6.075918197631836, 5.349847793579102, 5.239837169647217]","[4.043072700500488, 4.396568298339844, 3.9318361282348633, 3.8632631301879883]"
24856.0,2008-06-01T00:00:00.000000000,"[6.075918197631836, 5.349847793579102, 5.239837169647217, 4.20573616027832]","[4.099839687347412, 4.420005798339844, 4.052636623382568, 3.9446163177490234]"
24856.0,2008-09-01T00:00:00.000000000,"[5.349847793579102, 5.239837169647217, 4.20573616027832, 4.931806564331055]","[4.277901649475098, 4.631112575531006, 4.145701885223389, 4.140540599822998]"
24856.0,2008-12-01T00:00:00.000000000,"[5.239837169647217, 4.20573616027832, 4.931806564331055, 4.2937445640563965]","[3.841641902923584, 4.171612739562988, 3.668315887451172, 3.8006319999694824]"
24856.0,2009-03-01T00:00:00.000000000,"[4.20573616027832, 4.931806564331055, 4.2937445640563965, 3.21563982963562]","[4.1718010902404785, 4.628021240234375, 3.79433012008667, 4.123044013977051]"
24856.0,2009-06-01T00:00:00.000000000,"[4.931806564331055, 4.2937445640563965, 3.21563982963562, 2.5555758476257324]","[3.9444737434387207, 4.246159553527832, 3.692337989807129, 3.9429879188537598]"
24856.0,2009-09-01T00:00:00.000000000,"[4.2937445640563965, 3.21563982963562, 2.5555758476257324, 3.5016677379608154]","[4.50108528137207, 4.737006187438965, 4.145404815673828, 4.458269119262695]"
24856.0,2009-12-01T00:00:00.000000000,"[3.21563982963562, 2.5555758476257324, 3.5016677379608154, 3.3476529121398926]","[4.676822662353516, 4.608819007873535, 4.663613319396973, 4.610177040100098]"
24856.0,2010-03-01T00:00:00.000000000,"[2.5555758476257324, 3.5016677379608154, 3.3476529121398926, 2.4675674438476562]","[4.206448078155518, 4.302157402038574, 4.170562744140625, 4.206233024597168]"
24856.0,2010-06-01T00:00:00.000000000,"[3.5016677379608154, 3.3476529121398926, 2.4675674438476562, 3.171635627746582]","[3.6409058570861816, 3.5749669075012207, 3.528169631958008, 3.8125009536743164]"
24856.0,2010-09-01T00:00:00.000000000,"[3.3476529121398926, 2.4675674438476562, 3.171635627746582, 3.3036487102508545]","[3.639371871948242, 3.69122314453125, 3.5037131309509277, 3.7878220081329346]"
24856.0,2010-12-01T00:00:00.000000000,"[2.4675674438476562, 3.171635627746582, 3.3036487102508545, 3.1496336460113525]","[3.605009078979492, 3.6108620166778564, 3.663954973220825, 3.753692626953125]"
24856.0,2011-03-01T00:00:00.000000000,"[3.171635627746582, 3.3036487102508545, 3.1496336460113525, 2.1595370769500732]","[3.152519702911377, 3.519575357437134, 3.2018954753875732, 3.358208656311035]"
24856.0,2011-06-01T00:00:00.000000000,"[3.3036487102508545, 3.1496336460113525, 2.1595370769500732, 2.9956183433532715]","[3.3594131469726562, 3.5821752548217773, 3.295313835144043, 3.564446449279785]"
24856.0,2011-09-01T00:00:00.000000000,"[3.1496336460113525, 2.1595370769500732, 2.9956183433532715, 1.7414965629577637]","[3.882722854614258, 3.798104763031006, 3.7659175395965576, 4.0215864181518555]"
24856.0,2011-12-01T00:00:00.000000000,"[2.1595370769500732, 2.9956183433532715, 1.7414965629577637, 3.9417104721069336]","[3.2917826175689697, 3.271294593811035, 3.2791314125061035, 3.4810373783111572]"
24856.0,2012-03-01T00:00:00.000000000,"[2.9956183433532715, 1.7414965629577637, 3.9417104721069336, 4.117727756500244]","[2.932805299758911, 3.103492259979248, 2.9969282150268555, 3.240993022918701]"
24856.0,2012-06-01T00:00:00.000000000,"[1.7414965629577637, 3.9417104721069336, 4.117727756500244, 3.875704050064087]","[3.268296480178833, 3.318317413330078, 3.277578353881836, 3.492175579071045]"
24856.0,2012-09-01T00:00:00.000000000,"[3.9417104721069336, 4.117727756500244, 3.875704050064087, 3.4136593341827393]","[1.9961116313934326, 2.186864137649536, 2.372551679611206, 2.6338584423065186]"
24856.0,2012-12-01T00:00:00.000000000,"[4.117727756500244, 3.875704050064087, 3.4136593341827393, 5.129826545715332]","[3.662764549255371, 3.631974220275879, 3.6396872997283936, 3.852346897125244]"
24856.0,2013-03-01T00:00:00.000000000,"[3.875704050064087, 3.4136593341827393, 5.129826545715332, 0.8174067735671997]","[4.107210636138916, 4.0645246505737305, 4.292579650878906, 4.20416784286499]"
24925.0,2006-06-01T00:00:00.000000000,"[2.7315926551818848, 2.7095906734466553, 3.369654893875122, 2.7095906734466553]","[2.108384132385254, 2.2348239421844482, 2.2760424613952637, 2.036041021347046]"
24925.0,2006-09-01T00:00:00.000000000,"[2.7095906734466553, 3.369654893875122, 2.7095906734466553, 3.0396230220794678]","[2.1813204288482666, 2.409820079803467, 2.0398006439208984, 2.136810779571533]"
24925.0,2006-12-01T00:00:00.000000000,"[3.369654893875122, 2.7095906734466553, 3.0396230220794678, 2.8416035175323486]","[2.281838893890381, 2.2007389068603516, 2.1566314697265625, 2.2546377182006836]"
24925.0,2007-03-01T00:00:00.000000000,"[2.7095906734466553, 3.0396230220794678, 2.8416035175323486, 3.3036487102508545]","[2.301515817642212, 2.318621873855591, 2.179656505584717, 2.2810287475585938]"
24925.0,2007-06-01T00:00:00.000000000,"[3.0396230220794678, 2.8416035175323486, 3.3036487102508545, 2.5995800495147705]","[2.1856002807617188, 2.167513847351074, 2.2923696041107178, 2.1688008308410645]"
24925.0,2007-09-01T00:00:00.000000000,"[2.8416035175323486, 3.3036487102508545, 2.5995800495147705, 2.7315926551818848]","[2.5435776710510254, 2.610159158706665, 2.3994240760803223, 2.5090389251708984]"
24925.0,2007-12-01T00:00:00.000000000,"[3.3036487102508545, 2.5995800495147705, 2.7315926551818848, 2.929612159729004]","[2.5864086151123047, 2.5122196674346924, 2.517354965209961, 2.5573060512542725]"
24925.0,2008-03-01T00:00:00.000000000,"[2.5995800495147705, 2.7315926551818848, 2.929612159729004, 3.3916571140289307]","[2.777040958404541, 2.887697696685791, 2.6135973930358887, 2.7308223247528076]"
24925.0,2008-06-01T00:00:00.000000000,"[2.7315926551818848, 2.929612159729004, 3.3916571140289307, 3.9417104721069336]","[2.6027581691741943, 2.6592886447906494, 2.743061065673828, 2.5588653087615967]"
24925.0,2008-09-01T00:00:00.000000000,"[2.929612159729004, 3.3916571140289307, 3.9417104721069336, 4.227738380432129]","[2.6634621620178223, 2.7803518772125244, 2.534379720687866, 2.643209457397461]"
24925.0,2008-12-01T00:00:00.000000000,"[3.3916571140289307, 3.9417104721069336, 4.227738380432129, 4.491764068603516]","[2.791717529296875, 2.7415714263916016, 2.681013822555542, 2.77154278755188]"
24925.0,2009-03-01T00:00:00.000000000,"[3.9417104721069336, 4.227738380432129, 4.491764068603516, 5.239837169647217]","[3.142477035522461, 3.177460193634033, 3.0237107276916504, 3.0787391662597656]"
24925.0,2009-06-01T00:00:00.000000000,"[4.227738380432129, 4.491764068603516, 5.239837169647217, 5.0418171882629395]","[3.4473249912261963, 3.4720211029052734, 3.4493603706359863, 3.3439688682556152]"
24925.0,2009-09-01T00:00:00.000000000,"[4.491764068603516, 5.239837169647217, 5.0418171882629395, 5.6578779220581055]","[3.5212788581848145, 3.7105093002319336, 3.4636900424957275, 3.4200944900512695]"
24925.0,2009-12-01T00:00:00.000000000,"[5.239837169647217, 5.0418171882629395, 5.6578779220581055, 6.097919940948486]","[3.7280499935150146, 3.848236560821533, 3.6048684120178223, 3.629171371459961]"
24925.0,2010-03-01T00:00:00.000000000,"[5.0418171882629395, 5.6578779220581055, 6.097919940948486, 6.38394832611084]","[4.064907073974609, 4.161981105804443, 3.871847152709961, 3.9539542198181152]"
24925.0,2010-06-01T00:00:00.000000000,"[5.6578779220581055, 6.097919940948486, 6.38394832611084, 6.559965133666992]","[4.15414571762085, 4.2434492111206055, 4.246484756469727, 4.022219181060791]"
24925.0,2010-09-01T00:00:00.000000000,"[6.097919940948486, 6.38394832611084, 6.559965133666992, 6.053915977478027]","[4.354647159576416, 4.663303375244141, 4.178727149963379, 4.2351298332214355]"
24925.0,2010-12-01T00:00:00.000000000,"[6.38394832611084, 6.559965133666992, 6.053915977478027, 6.537962913513184]","[4.666823387145996, 4.577953338623047, 4.4663496017456055, 4.569972038269043]"
24925.0,2011-03-01T00:00:00.000000000,"[6.559965133666992, 6.053915977478027, 6.537962913513184, 6.757984638214111]","[4.975857734680176, 5.281034469604492, 4.924388885498047, 4.816309452056885]"
24925.0,2011-06-01T00:00:00.000000000,"[6.053915977478027, 6.537962913513184, 6.757984638214111, 6.00991153717041]","[5.201887130737305, 5.524837970733643, 5.279810428619385, 5.0256667137146]"
24925.0,2011-09-01T00:00:00.000000000,"[6.537962913513184, 6.757984638214111, 6.00991153717041, 5.76788854598999]","[4.905464172363281, 5.107492923736572, 4.635463714599609, 4.843522548675537]"
24925.0,2011-12-01T00:00:00.000000000,"[6.757984638214111, 6.00991153717041, 5.76788854598999, 6.273937702178955]","[5.439310073852539, 5.4575090408325195, 5.151128768920898, 5.341939926147461]"
24925.0,2012-03-01T00:00:00.000000000,"[6.00991153717041, 5.76788854598999, 6.273937702178955, 7.132020950317383]","[5.551018714904785, 5.639407157897949, 5.475725173950195, 5.436936378479004]"
24925.0,2012-06-01T00:00:00.000000000,"[5.76788854598999, 6.273937702178955, 7.132020950317383, 7.220029354095459]","[5.436596870422363, 5.61617374420166, 5.622445106506348, 5.323080062866211]"
24925.0,2012-09-01T00:00:00.000000000,"[6.273937702178955, 7.132020950317383, 7.220029354095459, 7.57206392288208]","[5.334942817687988, 5.375382900238037, 5.104645729064941, 5.307610511779785]"
24925.0,2012-12-01T00:00:00.000000000,"[7.132020950317383, 7.220029354095459, 7.57206392288208, 7.902095794677734]","[5.990032196044922, 5.851037979125977, 5.6903076171875, 5.909440040588379]"
24925.0,2013-03-01T00:00:00.000000000,"[7.220029354095459, 7.57206392288208, 7.902095794677734, 7.506057262420654]","[6.231747627258301, 6.066098213195801, 5.921709060668945, 6.145684719085693]"
24975.0,2005-06-01T00:00:00.000000000,"[0.7293981313705444, 0.7293981313705444, 0.7073960304260254, 1.0594303607940674]","[0.5402547717094421, 0.358285129070282, 0.3978981077671051, 0.3434044122695923]"
24975.0,2005-09-01T00:00:00.000000000,"[0.7293981313705444, 0.7073960304260254, 1.0594303607940674, 0.7954046130180359]","[0.7919973731040955, 0.6698276996612549, 0.6804825663566589, 0.5909509062767029]"
24975.0,2005-12-01T00:00:00.000000000,"[0.7073960304260254, 1.0594303607940674, 0.7954046130180359, 0.6853939294815063]","[0.619306206703186, 0.6389461159706116, 0.588881254196167, 0.5981290340423584]"
24975.0,2006-03-01T00:00:00.000000000,"[1.0594303607940674, 0.7954046130180359, 0.6853939294815063, 0.7734025120735168]","[0.6207200288772583, 0.6392562389373779, 0.5724920630455017, 0.6050717830657959]"
24975.0,2006-06-01T00:00:00.000000000,"[0.7954046130180359, 0.6853939294815063, 0.7734025120735168, 0.7954046130180359]","[0.7814553380012512, 0.792495846748352, 0.6987565755844116, 0.7541486620903015]"
24975.0,2006-09-01T00:00:00.000000000,"[0.6853939294815063, 0.7734025120735168, 0.7954046130180359, 1.0814324617385864]","[0.6704998016357422, 0.6501185894012451, 0.7407095432281494, 0.6485583782196045]"
24975.0,2006-12-01T00:00:00.000000000,"[0.7734025120735168, 0.7954046130180359, 1.0814324617385864, 0.9714217185974121]","[0.6688288450241089, 0.795706033706665, 0.669508159160614, 0.6468959450721741]"
24975.0,2007-03-01T00:00:00.000000000,"[0.7954046130180359, 1.0814324617385864, 0.9714217185974121, 0.9934238195419312]","[0.7177494168281555, 0.7626965045928955, 0.681177020072937, 0.7018271684646606]"
24975.0,2007-06-01T00:00:00.000000000,"[1.0814324617385864, 0.9714217185974121, 0.9934238195419312, 1.3674603700637817]","[0.7436046004295349, 0.7210179567337036, 0.6928149461746216, 0.733635425567627]"
24975.0,2007-09-01T00:00:00.000000000,"[0.9714217185974121, 0.9934238195419312, 1.3674603700637817, 1.2354472875595093]","[0.822378933429718, 0.8491768836975098, 0.800466775894165, 0.7998377084732056]"
24975.0,2007-12-01T00:00:00.000000000,"[0.9934238195419312, 1.3674603700637817, 1.2354472875595093, 1.323456048965454]","[0.8301242589950562, 0.8169517517089844, 0.8291469216346741, 0.811151385307312]"
24975.0,2008-03-01T00:00:00.000000000,"[1.3674603700637817, 1.2354472875595093, 1.323456048965454, 0.8174067735671997]","[0.8310553431510925, 0.8492875099182129, 0.7771028280258179, 0.8194143772125244]"
24975.0,2008-06-01T00:00:00.000000000,"[1.2354472875595093, 1.323456048965454, 0.8174067735671997, 1.7194944620132446]","[1.0074208974838257, 1.007267951965332, 0.937060534954071, 0.9813508987426758]"
24975.0,2008-12-01T00:00:00.000000000,"[1.323456048965454, 0.8174067735671997, 1.7194944620132446, 1.6754902601242065]","[0.9722168445587158, 0.992271900177002, 1.0111374855041504, 0.9435873031616211]"
24975.0,2009-03-01T00:00:00.000000000,"[0.8174067735671997, 1.7194944620132446, 1.6754902601242065, 1.3894624710083008]","[1.0217714309692383, 1.0833064317703247, 0.9772883057594299, 0.9984464645385742]"
24975.0,2009-06-01T00:00:00.000000000,"[1.7194944620132446, 1.6754902601242065, 1.3894624710083008, 1.0154259204864502]","[0.8553103804588318, 0.8680300712585449, 0.8695495128631592, 0.8547561764717102]"
24975.0,2009-12-01T00:00:00.000000000,"[1.6754902601242065, 1.3894624710083008, 1.0154259204864502, 1.6754902601242065]","[1.146765947341919, 1.2196152210235596, 1.0652554035186768, 1.1208871603012085]"
24975.0,2010-03-01T00:00:00.000000000,"[1.3894624710083008, 1.0154259204864502, 1.6754902601242065, 1.8515071868896484]","[1.2814950942993164, 1.2440006732940674, 1.3877520561218262, 1.232715368270874]"
24975.0,2010-06-01T00:00:00.000000000,"[1.0154259204864502, 1.6754902601242065, 1.8515071868896484, 1.8955113887786865]","[1.1661851406097412, 1.3014415502548218, 1.2090983390808105, 1.13371741771698]"
24975.0,2010-09-01T00:00:00.000000000,"[1.6754902601242065, 1.8515071868896484, 1.8955113887786865, 1.8295050859451294]","[1.0375375747680664, 1.117987871170044, 1.0076358318328857, 1.0375916957855225]"
24975.0,2011-03-01T00:00:00.000000000,"[1.8515071868896484, 1.8955113887786865, 1.8295050859451294, 1.5214751958847046]","[1.2683660984039307, 1.2788516283035278, 1.1966204643249512, 1.2527976036071777]"
24975.0,2011-06-01T00:00:00.000000000,"[1.8955113887786865, 1.8295050859451294, 1.5214751958847046, 1.9835201501846313]","[1.421159267425537, 1.3784624338150024, 1.4876210689544678, 1.3814809322357178]"
24975.0,2011-12-01T00:00:00.000000000,"[1.8295050859451294, 1.5214751958847046, 1.9835201501846313, 3.127631425857544]","[1.4978516101837158, 1.6151552200317383, 1.5526835918426514, 1.4458394050598145]"
24975.0,2012-03-01T00:00:00.000000000,"[1.5214751958847046, 1.9835201501846313, 3.127631425857544, 2.775597333908081]","[1.5066466331481934, 1.6071133613586426, 1.5143864154815674, 1.4673480987548828]"
24975.0,2012-06-01T00:00:00.000000000,"[1.9835201501846313, 3.127631425857544, 2.775597333908081, 2.6435842514038086]","[1.488948106765747, 1.4442988634109497, 1.4583513736724854, 1.4713618755340576]"
24975.0,2012-09-01T00:00:00.000000000,"[3.127631425857544, 2.775597333908081, 2.6435842514038086, 3.0396230220794678]","[1.605440616607666, 1.6001640558242798, 1.5184619426727295, 1.582862377166748]"
24975.0,2012-12-01T00:00:00.000000000,"[2.775597333908081, 2.6435842514038086, 3.0396230220794678, 3.281646251678467]","[2.0763421058654785, 2.1007261276245117, 2.0064287185668945, 2.004321336746216]"
24975.0,2013-03-01T00:00:00.000000000,"[2.6435842514038086, 3.0396230220794678, 3.281646251678467, 3.3036487102508545]","[2.0896167755126953, 2.1411259174346924, 2.224205493927002, 2.006284475326538]"
25124.0,2006-06-01T00:00:00.000000000,"[2.775597333908081, 2.8636057376861572, 2.7535951137542725, 2.4455649852752686]","[2.8550331592559814, 2.596735715866089, 2.666879653930664, 2.4948785305023193]"
25124.0,2006-09-01T00:00:00.000000000,"[2.8636057376861572, 2.7535951137542725, 2.4455649852752686, 2.4895694255828857]","[2.7977161407470703, 2.578681468963623, 2.633390426635742, 2.6020445823669434]"
25124.0,2006-12-01T00:00:00.000000000,"[2.7535951137542725, 2.4455649852752686, 2.4895694255828857, 2.5115716457366943]","[2.933638572692871, 2.6480910778045654, 2.794623851776123, 2.65771222114563]"
25124.0,2007-03-01T00:00:00.000000000,"[2.4455649852752686, 2.4895694255828857, 2.5115716457366943, 2.533573627471924]","[2.899886131286621, 2.6827235221862793, 2.7632558345794678, 2.6126585006713867]"
25124.0,2007-06-01T00:00:00.000000000,"[2.4895694255828857, 2.5115716457366943, 2.533573627471924, 2.115532875061035]","[2.5491580963134766, 2.285067558288574, 2.327646017074585, 2.1835970878601074]"
25124.0,2007-09-01T00:00:00.000000000,"[2.5115716457366943, 2.533573627471924, 2.115532875061035, 2.3575565814971924]","[2.4044580459594727, 2.1387646198272705, 2.2150139808654785, 2.187194585800171]"
25124.0,2007-12-01T00:00:00.000000000,"[2.533573627471924, 2.115532875061035, 2.3575565814971924, 2.4015607833862305]","[2.539057731628418, 2.290419578552246, 2.406878709793091, 2.3596229553222656]"
25124.0,2008-03-01T00:00:00.000000000,"[2.115532875061035, 2.3575565814971924, 2.4015607833862305, 2.4015607833862305]","[2.5828676223754883, 2.4798731803894043, 2.5234928131103516, 2.5084705352783203]"
25124.0,2008-06-01T00:00:00.000000000,"[2.3575565814971924, 2.4015607833862305, 2.4015607833862305, 2.313552141189575]","[2.0907089710235596, 2.068735361099243, 2.0805160999298096, 2.0898807048797607]"
25124.0,2008-09-01T00:00:00.000000000,"[2.4015607833862305, 2.4015607833862305, 2.313552141189575, 2.5115716457366943]","[2.2122974395751953, 2.1560416221618652, 2.172168493270874, 2.223773241043091]"
25124.0,2008-12-01T00:00:00.000000000,"[2.4015607833862305, 2.313552141189575, 2.5115716457366943, 2.5995800495147705]","[2.249816417694092, 2.20416522026062, 2.2192676067352295, 2.2694969177246094]"
25124.0,2009-03-01T00:00:00.000000000,"[2.313552141189575, 2.5115716457366943, 2.5995800495147705, 2.6435842514038086]","[2.322650671005249, 2.3302862644195557, 2.2841813564300537, 2.2892818450927734]"
25124.0,2009-06-01T00:00:00.000000000,"[2.5115716457366943, 2.5995800495147705, 2.6435842514038086, 2.929612159729004]","[2.2305827140808105, 2.2318801879882812, 2.2378804683685303, 2.274322032928467]"
25124.0,2009-09-01T00:00:00.000000000,"[2.5995800495147705, 2.6435842514038086, 2.929612159729004, 3.083627223968506]","[2.2696619033813477, 2.255047559738159, 2.2576653957366943, 2.3011486530303955]"
25124.0,2009-12-01T00:00:00.000000000,"[2.6435842514038086, 2.929612159729004, 3.083627223968506, 3.017620801925659]","[2.4366257190704346, 2.4139404296875, 2.421478033065796, 2.4470181465148926]"
25434.0,2006-06-01T00:00:00.000000000,"[0.047331858426332474, 0.11333828419446945, 0.17934469878673553, 0.025329740718007088]","[-0.174520805478096, -0.158304825425148, -0.14081814885139465, -0.18609337508678436]"
25434.0,2006-09-01T00:00:00.000000000,"[0.11333828419446945, 0.17934469878673553, 0.025329740718007088, 0.2233489453792572]","[-0.10235960781574249, -0.044655054807662964, -0.13016065955162048, -0.11725516617298126]"
25434.0,2006-12-01T00:00:00.000000000,"[0.17934469878673553, 0.025329740718007088, 0.2233489453792572, 0.2453511357307434]","[-0.033811330795288086, -0.032558709383010864, -0.046827107667922974, -0.05222058296203613]"
25434.0,2007-03-01T00:00:00.000000000,"[0.025329740718007088, 0.2233489453792572, 0.2453511357307434, 0.3113575577735901]","[0.0012334585189819336, 0.03297460079193115, -0.01559823751449585, -0.01981288194656372]"
25434.0,2007-06-01T00:00:00.000000000,"[0.2233489453792572, 0.2453511357307434, 0.3113575577735901, 0.15734252333641052]","[-0.030049890279769897, -0.016264796257019043, 0.004218369722366333, -0.04842296242713928]"
25434.0,2007-09-01T00:00:00.000000000,"[0.2453511357307434, 0.3113575577735901, 0.15734252333641052, 0.37736397981643677]","[0.025988996028900146, 0.044879794120788574, -0.01815202832221985, 0.013120472431182861]"
25434.0,2007-12-01T00:00:00.000000000,"[0.3113575577735901, 0.15734252333641052, 0.37736397981643677, 0.5313789248466492]","[0.11262400448322296, 0.0827832967042923, 0.08997847139835358, 0.09168015420436859]"
25434.0,2008-03-01T00:00:00.000000000,"[0.15734252333641052, 0.37736397981643677, 0.5313789248466492, 0.44337034225463867]","[0.1492527276277542, 0.15933872759342194, 0.11344243586063385, 0.1262805014848709]"
25434.0,2008-06-01T00:00:00.000000000,"[0.37736397981643677, 0.5313789248466492, 0.44337034225463867, 0.2893553674221039]","[0.07954731583595276, 0.1149059534072876, 0.10008767247200012, 0.06132206320762634]"
25434.0,2008-09-01T00:00:00.000000000,"[0.5313789248466492, 0.44337034225463867, 0.2893553674221039, 0.5093768239021301]","[0.15453016757965088, 0.21863743662834167, 0.09777793288230896, 0.136764794588089]"
25434.0,2008-12-01T00:00:00.000000000,"[0.44337034225463867, 0.2893553674221039, 0.5093768239021301, 0.5093768239021301]","[0.2945869266986847, 0.2567178010940552, 0.24251431226730347, 0.2698216736316681]"
25434.0,2009-03-01T00:00:00.000000000,"[0.2893553674221039, 0.5093768239021301, 0.5093768239021301, 0.575383186340332]","[0.28422844409942627, 0.29623669385910034, 0.2639933228492737, 0.25860464572906494]"
25434.0,2009-06-01T00:00:00.000000000,"[0.5093768239021301, 0.5093768239021301, 0.575383186340332, 0.4653724431991577]","[0.20500636100769043, 0.21740469336509705, 0.20542985200881958, 0.19160103797912598]"
25434.0,2009-09-01T00:00:00.000000000,"[0.5093768239021301, 0.575383186340332, 0.4653724431991577, 0.6633917689323425]","[0.28619542717933655, 0.348339319229126, 0.2253381609916687, 0.2692837715148926]"
25434.0,2009-12-01T00:00:00.000000000,"[0.575383186340332, 0.4653724431991577, 0.6633917689323425, 0.6633917689323425]","[0.33712148666381836, 0.3354194462299347, 0.3453161418437958, 0.3146199882030487]"
25434.0,2010-03-01T00:00:00.000000000,"[0.4653724431991577, 0.6633917689323425, 0.6633917689323425, 0.7954046130180359]","[0.3641452193260193, 0.4190801680088043, 0.36022523045539856, 0.3399885296821594]"
25434.0,2010-06-01T00:00:00.000000000,"[0.6633917689323425, 0.6633917689323425, 0.7954046130180359, 0.6193875670433044]","[0.38414156436920166, 0.4263441562652588, 0.40068697929382324, 0.35948824882507324]"
25434.0,2010-09-01T00:00:00.000000000,"[0.6633917689323425, 0.7954046130180359, 0.6193875670433044, 1.0154259204864502]","[0.49343425035476685, 0.5632590055465698, 0.41692042350769043, 0.46663790941238403]"
25434.0,2010-12-01T00:00:00.000000000,"[0.7954046130180359, 0.6193875670433044, 1.0154259204864502, 0.8394088745117188]","[0.45904597640037537, 0.43357187509536743, 0.44007718563079834, 0.44265684485435486]"
25434.0,2011-03-01T00:00:00.000000000,"[0.6193875670433044, 1.0154259204864502, 0.8394088745117188, 1.0374282598495483]","[0.5137424468994141, 0.5421289205551147, 0.47489821910858154, 0.49377602338790894]"
25434.0,2011-06-01T00:00:00.000000000,"[1.0154259204864502, 0.8394088745117188, 1.0374282598495483, 0.003327556187286973]","[0.5300073623657227, 0.5512032508850098, 0.5453739166259766, 0.506308376789093]"
25434.0,2011-09-01T00:00:00.000000000,"[0.8394088745117188, 1.0374282598495483, 0.003327556187286973, -1.7128393650054932]","[0.7046438455581665, 0.7716104984283447, 0.6168637275695801, 0.6715530157089233]"
25434.0,2011-12-01T00:00:00.000000000,"[1.0374282598495483, 0.003327556187286973, -1.7128393650054932, 0.42136821150779724]","[0.6623948216438293, 0.650446891784668, 0.6886692643165588, 0.6338608264923096]"
25434.0,2012-03-01T00:00:00.000000000,"[0.003327556187286973, -1.7128393650054932, 0.42136821150779724, 0.6413896679878235]","[0.7360057830810547, 0.8199012875556946, 0.68574458360672, 0.7053061723709106]"
25434.0,2012-06-01T00:00:00.000000000,"[-1.7128393650054932, 0.42136821150779724, 0.6413896679878235, 0.6633917689323425]","[0.35239937901496887, 0.40143752098083496, 0.4745812714099884, 0.3602619171142578]"
25434.0,2012-09-01T00:00:00.000000000,"[0.42136821150779724, 0.6413896679878235, 0.6633917689323425, 1.5214751958847046]","[-0.36521315574645996, -0.15104742348194122, -0.18299202620983124, -0.10958538949489594]"
25434.0,2012-12-01T00:00:00.000000000,"[0.6413896679878235, 0.6633917689323425, 1.5214751958847046, 1.499472975730896]","[0.19263392686843872, 0.20975659787654877, 0.2118866890668869, 0.2564495801925659]"
25434.0,2013-03-01T00:00:00.000000000,"[0.6633917689323425, 1.5214751958847046, 1.499472975730896, 0.8834132552146912]","[0.38329586386680603, 0.3836665749549866, 0.513997495174408, 0.40300947427749634]"
27928.0,2006-06-01T00:00:00.000000000,"[7.066014289855957, -0.722743034362793, -0.920762300491333, -0.8327537775039673]","[0.42040014266967773, 0.4279351532459259, 0.44838646054267883, 0.6048088073730469]"
27928.0,2006-09-01T00:00:00.000000000,"[-0.722743034362793, -0.920762300491333, -0.8327537775039673, 5.569868564605713]","[2.2541182041168213, 2.101491689682007, 2.03922700881958, 2.2724037170410156]"
27928.0,2006-12-01T00:00:00.000000000,"[-0.920762300491333, -0.8327537775039673, 5.569868564605713, -0.8107516169548035]","[1.0824564695358276, 1.2149908542633057, 3.390733003616333, 0.9771214723587036]"
27928.0,2007-03-01T00:00:00.000000000,"[-0.8327537775039673, 5.569868564605713, -0.8107516169548035, -0.5027216672897339]","[-0.4978445768356323, 1.6482000350952148, -0.42094188928604126, -0.10287296772003174]"
27928.0,2007-06-01T00:00:00.000000000,"[5.569868564605713, -0.8107516169548035, -0.5027216672897339, -0.15068741142749786]","[0.4054167866706848, 0.44448772072792053, 0.49556902050971985, 0.6973623037338257]"
27928.0,2007-09-01T00:00:00.000000000,"[-0.8107516169548035, -0.5027216672897339, -0.15068741142749786, 6.8459930419921875]","[1.8895258903503418, 1.7804069519042969, 1.745316505432129, 1.9791977405548096]"
27928.0,2007-12-01T00:00:00.000000000,"[-0.5027216672897339, -0.15068741142749786, 6.8459930419921875, -0.5247237682342529]","[0.9530346393585205, 1.0797878503799438, 2.9305648803710938, 0.9411174058914185]"
27928.0,2008-03-01T00:00:00.000000000,"[-0.15068741142749786, 6.8459930419921875, -0.5247237682342529, -0.5687280893325806]","[-0.6725756525993347, 1.0427589416503906, -0.3757041096687317, -0.04595261812210083]"
27928.0,2008-06-01T00:00:00.000000000,"[6.8459930419921875, -0.5247237682342529, -0.5687280893325806, -0.12868529558181763]","[0.3429471254348755, 0.4560416340827942, 0.551235020160675, 0.7862088680267334]"
27928.0,2008-09-01T00:00:00.000000000,"[-0.5247237682342529, -0.5687280893325806, -0.12868529558181763, 7.880094051361084]","[2.019400119781494, 1.9221837520599365, 1.8793132305145264, 2.131605625152588]"
27928.0,2008-12-01T00:00:00.000000000,"[-0.5687280893325806, -0.12868529558181763, 7.880094051361084, -0.2606981098651886]","[0.6683745980262756, 0.8922432661056519, 3.0494391918182373, 0.7727302312850952]"
27928.0,2009-03-01T00:00:00.000000000,"[-0.12868529558181763, 7.880094051361084, -0.2606981098651886, -0.45871737599372864]","[-0.33244484663009644, 1.8594651222229004, -0.16172075271606445, 0.21603864431381226]"
27928.0,2009-06-01T00:00:00.000000000,"[7.880094051361084, -0.2606981098651886, -0.45871737599372864, 0.06933397799730301]","[0.5573846101760864, 0.6151983737945557, 0.6820000410079956, 0.9154931306838989]"
27928.0,2009-09-01T00:00:00.000000000,"[-0.2606981098651886, -0.45871737599372864, 0.06933397799730301, 9.904291152954102]","[2.623429298400879, 2.5958051681518555, 2.4084668159484863, 2.7016968727111816]"
27928.0,2009-12-01T00:00:00.000000000,"[-0.45871737599372864, 0.06933397799730301, 9.904291152954102, 0.003327556187286973]","[1.5594325065612793, 1.7215445041656494, 4.382015228271484, 1.4577302932739258]"
27928.0,2010-03-01T00:00:00.000000000,"[0.06933397799730301, 9.904291152954102, 0.003327556187286973, -0.06267886608839035]","[-0.24082976579666138, 2.160551071166992, -0.11414211988449097, 0.2814064025878906]"
27928.0,2010-06-01T00:00:00.000000000,"[9.904291152954102, 0.003327556187286973, -0.06267886608839035, 1.499472975730896]","[1.0134896039962769, 1.0563838481903076, 1.107085943222046, 1.360167145729065]"
27928.0,2010-09-01T00:00:00.000000000,"[0.003327556187286973, -0.06267886608839035, 1.499472975730896, 11.51044750213623]","[3.3465659618377686, 3.151289939880371, 3.078005075454712, 3.407982587814331]"
27928.0,2010-12-01T00:00:00.000000000,"[-0.06267886608839035, 1.499472975730896, 11.51044750213623, -0.898760199546814]","[1.7213866710662842, 1.911865234375, 4.817263603210449, 1.6218411922454834]"
27928.0,2011-03-01T00:00:00.000000000,"[1.499472975730896, 11.51044750213623, -0.898760199546814, 0.20134682953357697]","[0.3672494888305664, 3.4990134239196777, 0.31488943099975586, 0.7872026562690735]"
27928.0,2011-06-01T00:00:00.000000000,"[11.51044750213623, -0.898760199546814, 0.20134682953357697, 1.8515071868896484]","[2.661752700805664, 2.552788734436035, 2.5069615840911865, 2.8098764419555664]"
27928.0,2011-09-01T00:00:00.000000000,"[-0.898760199546814, 0.20134682953357697, 1.8515071868896484, 9.17821979522705]","[4.887263298034668, 4.394253730773926, 4.31671142578125, 4.899491310119629]"
27928.0,2011-12-01T00:00:00.000000000,"[0.20134682953357697, 1.8515071868896484, 9.17821979522705, 3.281646251678467]","[2.482473850250244, 2.6835107803344727, 6.305192470550537, 2.278599739074707]"
27928.0,2012-03-01T00:00:00.000000000,"[1.8515071868896484, 9.17821979522705, 3.281646251678467, 1.3674603700637817]","[0.013741850852966309, 3.1146798133850098, 0.17034626007080078, 0.6802666187286377]"
27928.0,2012-06-01T00:00:00.000000000,"[9.17821979522705, 3.281646251678467, 1.3674603700637817, 0.7954046130180359]","[2.8080153465270996, 2.7149033546447754, 2.6832685470581055, 3.01829195022583]"
27928.0,2012-09-01T00:00:00.000000000,"[3.281646251678467, 1.3674603700637817, 0.7954046130180359, 12.654558181762695]","[4.212583065032959, 3.9993224143981934, 3.9019923210144043, 4.2910895347595215]"
27928.0,2012-12-01T00:00:00.000000000,"[1.3674603700637817, 0.7954046130180359, 12.654558181762695, 3.633680582046509]","[4.051970958709717, 4.082608699798584, 6.781412601470947, 3.818681001663208]"
27928.0,2013-03-01T00:00:00.000000000,"[0.7954046130180359, 12.654558181762695, 3.633680582046509, 2.665586471557617]","[1.8673522472381592, 4.636697769165039, 1.7065818309783936, 2.2561838626861572]"
27965.0,2006-06-01T00:00:00.000000000,"[0.047331858426332474, 0.036330800503492355, 0.003327556187286973, 0.047331858426332474]","[-0.09309588372707367, -0.06616486608982086, -0.11204925179481506, -0.09869368374347687]"
27965.0,2006-09-01T00:00:00.000000000,"[0.036330800503492355, 0.003327556187286973, 0.047331858426332474, 0.05833292007446289]","[-0.06715218722820282, -0.05830250680446625, -0.08459268510341644, -0.07300560176372528]"
27965.0,2006-12-01T00:00:00.000000000,"[0.003327556187286973, 0.047331858426332474, 0.05833292007446289, 0.025329740718007088]","[-0.074288010597229, -0.055085599422454834, -0.08246512711048126, -0.07882165908813477]"
27965.0,2007-03-01T00:00:00.000000000,"[0.047331858426332474, 0.05833292007446289, 0.025329740718007088, 0.003327556187286973]","[-0.06279271841049194, -0.024236366152763367, -0.05619782209396362, -0.0703040212392807]"
27965.0,2007-06-01T00:00:00.000000000,"[0.05833292007446289, 0.025329740718007088, 0.003327556187286973, 0.06933397799730301]","[-0.0519622266292572, -0.0311853289604187, -0.07537907361984253, -0.05454696714878082]"
27965.0,2007-09-01T00:00:00.000000000,"[0.025329740718007088, 0.003327556187286973, 0.06933397799730301, 0.2233489453792572]","[-0.03322979807853699, -0.03142721951007843, -0.056259170174598694, -0.03522694110870361]"
27965.0,2007-12-01T00:00:00.000000000,"[0.003327556187286973, 0.06933397799730301, 0.2233489453792572, 0.33335965871810913]","[-0.029793769121170044, -0.023382827639579773, -0.026317745447158813, -0.03392508625984192]"
27965.0,2008-03-01T00:00:00.000000000,"[0.06933397799730301, 0.2233489453792572, 0.33335965871810913, 0.4543713927268982]","[-0.020197391510009766, 0.009267225861549377, -0.01763378083705902, -0.025847211480140686]"
27965.0,2008-06-01T00:00:00.000000000,"[0.2233489453792572, 0.33335965871810913, 0.4543713927268982, 0.575383186340332]","[0.0003300011157989502, 0.014591947197914124, -0.025123268365859985, -0.00226786732673645]"
27965.0,2008-09-01T00:00:00.000000000,"[0.33335965871810913, 0.4543713927268982, 0.575383186340332, 0.740399181842804]","[0.0723322331905365, 0.06927348673343658, 0.042705848813056946, 0.06427368521690369]"
27965.0,2008-12-01T00:00:00.000000000,"[0.4543713927268982, 0.575383186340332, 0.740399181842804, 0.8504099249839783]","[0.11940145492553711, 0.10493525862693787, 0.10865837335586548, 0.10746052861213684]"
27965.0,2009-03-01T00:00:00.000000000,"[0.575383186340332, 0.740399181842804, 0.8504099249839783, 0.7954046130180359]","[0.1961817741394043, 0.22698625922203064, 0.18984878063201904, 0.17469435930252075]"
27965.0,2009-06-01T00:00:00.000000000,"[0.740399181842804, 0.8504099249839783, 0.7954046130180359, 0.8394088745117188]","[0.2589877247810364, 0.2976536154747009, 0.22503842413425446, 0.23712439835071564]"
27965.0,2009-09-01T00:00:00.000000000,"[0.8504099249839783, 0.7954046130180359, 0.8394088745117188, 1.0704313516616821]","[0.33929285407066345, 0.370636910200119, 0.2954500913619995, 0.3151099383831024]"
27965.0,2009-12-01T00:00:00.000000000,"[0.7954046130180359, 0.8394088745117188, 1.0704313516616821, 1.2904525995254517]","[0.3815138638019562, 0.3859770596027374, 0.32746702432632446, 0.362850159406662]"
27965.0,2010-03-01T00:00:00.000000000,"[0.8394088745117188, 1.0704313516616821, 1.2904525995254517, 1.125436782836914]","[0.40833961963653564, 0.4457864761352539, 0.3705579340457916, 0.3883731961250305]"
27965.0,2010-06-01T00:00:00.000000000,"[1.0704313516616821, 1.2904525995254517, 1.125436782836914, 0.9274174571037292]","[0.3930521309375763, 0.4547117054462433, 0.3385656177997589, 0.3822038471698761]"
27965.0,2010-09-01T00:00:00.000000000,"[1.2904525995254517, 1.125436782836914, 0.9274174571037292, 0.8504099249839783]","[0.5035428404808044, 0.5388028621673584, 0.43856826424598694, 0.4890076220035553]"
27965.0,2010-12-01T00:00:00.000000000,"[1.125436782836914, 0.9274174571037292, 0.8504099249839783, 0.8724120259284973]","[0.7326397895812988, 0.7545679807662964, 0.6921334862709045, 0.6947497129440308]"
27965.0,2011-03-01T00:00:00.000000000,"[0.9274174571037292, 0.8504099249839783, 0.8724120259284973, 0.7514004111289978]","[0.6995455622673035, 0.8058409690856934, 0.7289667129516602, 0.6608597636222839]"
27965.0,2011-06-01T00:00:00.000000000,"[0.8504099249839783, 0.8724120259284973, 0.7514004111289978, 0.9054153561592102]","[0.615563154220581, 0.6811133027076721, 0.5545894503593445, 0.6092718839645386]"
27965.0,2011-09-01T00:00:00.000000000,"[0.8724120259284973, 0.7514004111289978, 0.9054153561592102, 1.0154259204864502]","[0.627099871635437, 0.6441318392753601, 0.5711192488670349, 0.6249687671661377]"
27965.0,2011-12-01T00:00:00.000000000,"[0.7514004111289978, 0.9054153561592102, 1.0154259204864502, 1.0154259204864502]","[0.7641315460205078, 0.7829828858375549, 0.7880368232727051, 0.738153338432312]"
27965.0,2012-03-01T00:00:00.000000000,"[0.9054153561592102, 1.0154259204864502, 1.0154259204864502, 1.0814324617385864]","[0.6927934885025024, 0.6952853798866272, 0.6682339906692505, 0.6869986057281494]"
27965.0,2012-06-01T00:00:00.000000000,"[1.0154259204864502, 1.0154259204864502, 1.0814324617385864, 1.3344571590423584]","[0.7988496422767639, 0.8641611337661743, 0.7334040403366089, 0.7824493646621704]"
27965.0,2012-09-01T00:00:00.000000000,"[1.0154259204864502, 1.0814324617385864, 1.3344571590423584, 1.477470874786377]","[0.8774415254592896, 0.9003585577011108, 0.8441333174705505, 0.8547084331512451]"
27965.0,2012-12-01T00:00:00.000000000,"[1.0814324617385864, 1.3344571590423584, 1.477470874786377, 1.6534881591796875]","[0.9167624711990356, 0.9699585437774658, 0.9049232006072998, 0.8890590667724609]"
27965.0,2013-03-01T00:00:00.000000000,"[1.3344571590423584, 1.477470874786377, 1.6534881591796875, 1.9395159482955933]","[0.8984445333480835, 0.9478273391723633, 0.8960163593292236, 0.8780074119567871]"
28180.0,2006-06-01T00:00:00.000000000,"[3.5016677379608154, 3.831699848175049, 3.171635627746582, 3.831699848175049]","[2.1269900798797607, 2.3447866439819336, 1.9281091690063477, 2.067275047302246]"
28180.0,2006-09-01T00:00:00.000000000,"[3.831699848175049, 3.171635627746582, 3.831699848175049, 4.57977294921875]","[2.193537950515747, 2.0982837677001953, 2.044246196746826, 2.163147449493408]"
28180.0,2006-12-01T00:00:00.000000000,"[3.171635627746582, 3.831699848175049, 4.57977294921875, 4.865800380706787]","[2.8104822635650635, 2.9275612831115723, 2.850177764892578, 2.680227518081665]"
28180.0,2007-03-01T00:00:00.000000000,"[3.831699848175049, 4.57977294921875, 4.865800380706787, 4.117727756500244]","[2.4682207107543945, 2.643543243408203, 2.4685940742492676, 2.402401924133301]"
28180.0,2007-06-01T00:00:00.000000000,"[4.57977294921875, 4.865800380706787, 4.117727756500244, 4.9978132247924805]","[2.717136859893799, 2.9141478538513184, 2.498514175415039, 2.6593494415283203]"
28180.0,2007-09-01T00:00:00.000000000,"[4.865800380706787, 4.117727756500244, 4.9978132247924805, 5.129826545715332]","[3.148519515991211, 3.0665974617004395, 2.912076473236084, 3.0789828300476074]"
28180.0,2007-12-01T00:00:00.000000000,"[4.117727756500244, 4.9978132247924805, 5.129826545715332, 5.679879665374756]","[3.418912172317505, 3.5638208389282227, 3.3937809467315674, 3.300365924835205]"
28180.0,2008-03-01T00:00:00.000000000,"[4.9978132247924805, 5.129826545715332, 5.679879665374756, 4.9978132247924805]","[3.289748191833496, 3.5128772258758545, 3.3949198722839355, 3.1894383430480957]"
28180.0,2008-06-01T00:00:00.000000000,"[5.129826545715332, 5.679879665374756, 4.9978132247924805, 5.019815444946289]","[3.679471015930176, 3.9101104736328125, 3.3812263011932373, 3.5940933227539062]"
28180.0,2008-09-01T00:00:00.000000000,"[5.679879665374756, 4.9978132247924805, 5.019815444946289, 5.987909317016602]","[3.9195821285247803, 3.950178623199463, 3.90238094329834, 3.810421943664551]"
28180.0,2008-12-01T00:00:00.000000000,"[4.9978132247924805, 5.019815444946289, 5.987909317016602, 6.38394832611084]","[4.427578926086426, 4.688109397888184, 4.298305511474609, 4.272357940673828]"
28180.0,2009-03-01T00:00:00.000000000,"[5.019815444946289, 5.987909317016602, 6.38394832611084, 5.679879665374756]","[4.205569267272949, 4.3967742919921875, 4.412192344665527, 4.072668552398682]"
28180.0,2009-06-01T00:00:00.000000000,"[5.987909317016602, 6.38394832611084, 5.679879665374756, 7.242031574249268]","[4.272316932678223, 4.5532450675964355, 4.100451946258545, 4.186003684997559]"
28180.0,2009-09-01T00:00:00.000000000,"[6.38394832611084, 5.679879665374756, 7.242031574249268, 8.716175079345703]","[4.45576286315918, 4.292220115661621, 4.206487655639648, 4.412693023681641]"
28180.0,2009-12-01T00:00:00.000000000,"[5.679879665374756, 7.242031574249268, 8.716175079345703, 9.20022201538086]","[5.065814971923828, 5.212763786315918, 5.052435874938965, 4.918920993804932]"
28180.0,2010-03-01T00:00:00.000000000,"[7.242031574249268, 8.716175079345703, 9.20022201538086, 7.484055042266846]","[4.915376663208008, 5.173287391662598, 4.9067888259887695, 4.804062366485596]"
28180.0,2010-06-01T00:00:00.000000000,"[8.716175079345703, 9.20022201538086, 7.484055042266846, 8.210125923156738]","[5.510656356811523, 5.793936729431152, 5.123621463775635, 5.390190124511719]"
28180.0,2010-09-01T00:00:00.000000000,"[9.20022201538086, 7.484055042266846, 8.210125923156738, 9.222225189208984]","[6.300950050354004, 6.178464889526367, 6.038170337677002, 6.133610725402832]"
28180.0,2010-12-01T00:00:00.000000000,"[7.484055042266846, 8.210125923156738, 9.222225189208984, 10.476346015930176]","[6.546601295471191, 6.637360572814941, 6.460676670074463, 6.361242294311523]"
28180.0,2011-03-01T00:00:00.000000000,"[8.210125923156738, 9.222225189208984, 10.476346015930176, 8.650168418884277]","[6.496253967285156, 6.8364152908325195, 6.681168556213379, 6.301372051239014]"
28180.0,2011-06-01T00:00:00.000000000,"[9.222225189208984, 10.476346015930176, 8.650168418884277, 8.034109115600586]","[6.849184036254883, 7.233198165893555, 6.376025199890137, 6.708271026611328]"
28180.0,2011-09-01T00:00:00.000000000,"[10.476346015930176, 8.650168418884277, 8.034109115600586, 14.920778274536133]","[7.026583671569824, 6.840659141540527, 6.782523155212402, 6.919811248779297]"
28180.0,2011-12-01T00:00:00.000000000,"[8.650168418884277, 8.034109115600586, 14.920778274536133, 14.854772567749023]","[8.072505950927734, 8.334836959838867, 7.974876880645752, 7.822318077087402]"
28180.0,2012-03-01T00:00:00.000000000,"[8.034109115600586, 14.920778274536133, 14.854772567749023, 11.180415153503418]","[7.774049758911133, 8.163963317871094, 8.011582374572754, 7.553293228149414]"
28180.0,2012-06-01T00:00:00.000000000,"[14.920778274536133, 14.854772567749023, 11.180415153503418, 14.832769393920898]","[7.559399604797363, 8.18067455291748, 7.0812883377075195, 7.456474781036377]"
28180.0,2012-09-01T00:00:00.000000000,"[14.854772567749023, 11.180415153503418, 14.832769393920898, 17.627042770385742]","[9.484716415405273, 9.377267837524414, 8.87057876586914, 9.273724555969238]"
28180.0,2012-12-01T00:00:00.000000000,"[11.180415153503418, 14.832769393920898, 17.627042770385742, 17.05498504638672]","[10.196136474609375, 9.96776008605957, 10.590702056884766, 9.870265007019043]"
28180.0,2013-03-01T00:00:00.000000000,"[14.832769393920898, 17.627042770385742, 17.05498504638672, 16.10889434814453]","[10.019241333007812, 10.67078685760498, 10.409976959228516, 9.274574279785156]"
28320.0,2000-06-01T00:00:00.000000000,"[0.7734025120735168, 0.7073960304260254, 0.5973852872848511, 0.5313789248466492]","[0.6106935739517212, 0.619279682636261, 0.6341995596885681, 0.6825450658798218]"
28320.0,2000-09-01T00:00:00.000000000,"[0.7073960304260254, 0.5973852872848511, 0.5313789248466492, 1.0814324617385864]","[0.7131792306900024, 0.7112215161323547, 0.723536491394043, 0.7734036445617676]"
28320.0,2000-12-01T00:00:00.000000000,"[0.5973852872848511, 0.5313789248466492, 1.0814324617385864, 1.147438883781433]","[0.7818009257316589, 0.7819705009460449, 0.8729354739189148, 0.817947268486023]"
28320.0,2001-03-01T00:00:00.000000000,"[0.5313789248466492, 1.0814324617385864, 1.147438883781433, 0.9054153561592102]","[0.6390601396560669, 0.6722670197486877, 0.667161226272583, 0.7120380401611328]"
28320.0,2001-06-01T00:00:00.000000000,"[1.0814324617385864, 1.147438883781433, 0.9054153561592102, 0.7734025120735168]","[0.5433459877967834, 0.5726207494735718, 0.6035004258155823, 0.6474378108978271]"
28320.0,2001-09-01T00:00:00.000000000,"[1.147438883781433, 0.9054153561592102, 0.7734025120735168, 1.3454581499099731]","[0.9025970697402954, 0.918135404586792, 0.8804053068161011, 0.9227691888809204]"
28320.0,2001-12-01T00:00:00.000000000,"[0.9054153561592102, 0.7734025120735168, 1.3454581499099731, 1.4334666728973389]","[1.0721323490142822, 1.0525212287902832, 1.1420619487762451, 1.0610277652740479]"
28320.0,2002-03-01T00:00:00.000000000,"[0.7734025120735168, 1.3454581499099731, 1.4334666728973389, 1.1914430856704712]","[0.9417641162872314, 0.9787260293960571, 1.0027892589569092, 0.9479633569717407]"
28320.0,2002-06-01T00:00:00.000000000,"[1.3454581499099731, 1.4334666728973389, 1.1914430856704712, 0.9494196176528931]","[0.8869971036911011, 0.9065103530883789, 0.873974084854126, 0.9108524322509766]"
28320.0,2002-09-01T00:00:00.000000000,"[1.4334666728973389, 1.1914430856704712, 0.9494196176528931, 1.5654793977737427]","[1.1255251169204712, 1.1099810600280762, 1.0841374397277832, 1.1257888078689575]"
28320.0,2002-12-01T00:00:00.000000000,"[1.1914430856704712, 0.9494196176528931, 1.5654793977737427, 1.6754902601242065]","[1.1865168809890747, 1.1615837812423706, 1.1965563297271729, 1.1780147552490234]"
28320.0,2003-03-01T00:00:00.000000000,"[0.9494196176528931, 1.5654793977737427, 1.6754902601242065, 1.477470874786377]","[1.1670162677764893, 1.1947582960128784, 1.2075583934783936, 1.1569329500198364]"
28320.0,2003-06-01T00:00:00.000000000,"[1.5654793977737427, 1.6754902601242065, 1.477470874786377, 1.6094835996627808]","[1.060546875, 1.078037142753601, 1.0362975597381592, 1.07448148727417]"
28320.0,2003-09-01T00:00:00.000000000,"[1.6754902601242065, 1.477470874786377, 1.6094835996627808, 2.335554361343384]","[1.330818772315979, 1.2954752445220947, 1.2754921913146973, 1.3190524578094482]"
28320.0,2003-12-01T00:00:00.000000000,"[1.477470874786377, 1.6094835996627808, 2.335554361343384, 2.42356276512146]","[1.4102481603622437, 1.3753893375396729, 1.415656328201294, 1.3864339590072632]"
28320.0,2004-03-01T00:00:00.000000000,"[1.6094835996627808, 2.335554361343384, 2.42356276512146, 2.2035415172576904]","[1.2838466167449951, 1.3647119998931885, 1.3627357482910156, 1.2657876014709473]"
28320.0,2004-06-01T00:00:00.000000000,"[2.335554361343384, 2.42356276512146, 2.2035415172576904, 2.027524471282959]","[1.350036382675171, 1.4021775722503662, 1.2946715354919434, 1.3441615104675293]"
28320.0,2004-09-01T00:00:00.000000000,"[2.42356276512146, 2.2035415172576904, 2.027524471282959, 2.819601535797119]","[1.619938850402832, 1.6134870052337646, 1.5389580726623535, 1.5951178073883057]"
28320.0,2004-12-01T00:00:00.000000000,"[2.2035415172576904, 2.027524471282959, 2.819601535797119, 3.0396230220794678]","[1.7384076118469238, 1.7387442588806152, 1.8202543258666992, 1.690873384475708]"
28320.0,2005-03-01T00:00:00.000000000,"[2.027524471282959, 2.819601535797119, 3.0396230220794678, 2.7535951137542725]","[1.6778173446655273, 1.7797362804412842, 1.715756893157959, 1.6453251838684082]"
28320.0,2005-06-01T00:00:00.000000000,"[2.819601535797119, 3.0396230220794678, 2.7535951137542725, 2.335554361343384]","[1.643885850906372, 1.711571455001831, 1.5725177526474, 1.6373497247695923]"
28320.0,2005-09-01T00:00:00.000000000,"[3.0396230220794678, 2.7535951137542725, 2.335554361343384, 2.7315926551818848]","[2.0131969451904297, 2.0354666709899902, 1.8986878395080566, 1.9766393899917603]"
28320.0,2005-12-01T00:00:00.000000000,"[2.7535951137542725, 2.335554361343384, 2.7315926551818848, 3.325650691986084]","[2.1353986263275146, 2.086804151535034, 2.237903118133545, 2.0784642696380615]"
28320.0,2006-03-01T00:00:00.000000000,"[2.335554361343384, 2.7315926551818848, 3.325650691986084, 3.3036487102508545]","[2.054441452026367, 2.220940589904785, 2.1367127895355225, 2.007200241088867]"
28320.0,2006-06-01T00:00:00.000000000,"[2.7315926551818848, 3.325650691986084, 3.3036487102508545, 3.127631425857544]","[1.9334861040115356, 2.0741653442382812, 1.8977468013763428, 1.9253721237182617]"
28320.0,2006-09-01T00:00:00.000000000,"[3.325650691986084, 3.3036487102508545, 3.127631425857544, 3.7436912059783936]","[2.1026902198791504, 2.1684908866882324, 2.002758502960205, 2.0928220748901367]"
28320.0,2006-12-01T00:00:00.000000000,"[3.3036487102508545, 3.127631425857544, 3.7436912059783936, 3.98571515083313]","[2.456526756286621, 2.426417350769043, 2.5085244178771973, 2.4015634059906006]"
28320.0,2007-03-01T00:00:00.000000000,"[3.127631425857544, 3.7436912059783936, 3.98571515083313, 3.875704050064087]","[2.5861592292785645, 2.7287397384643555, 2.6782355308532715, 2.509841203689575]"
28877.0,2007-12-01T00:00:00.000000000,"[1.125436782836914, -0.04067668318748474, -0.04067668318748474, -0.15068741142749786]","[1.026636004447937, 1.1188526153564453, 0.9974294900894165, 1.0067440271377563]"
28877.0,2008-03-01T00:00:00.000000000,"[-0.04067668318748474, -0.04067668318748474, -0.15068741142749786, -0.04067668318748474]","[1.0251353979110718, 0.9670363664627075, 0.9751218557357788, 1.0250202417373657]"
28877.0,2008-06-01T00:00:00.000000000,"[-0.04067668318748474, -0.15068741142749786, -0.04067668318748474, 0.003327556187286973]","[0.5532821416854858, 0.5959030389785767, 0.621973991394043, 0.6009483337402344]"
28877.0,2008-09-01T00:00:00.000000000,"[-0.15068741142749786, -0.04067668318748474, 0.003327556187286973, 0.06933397799730301]","[0.2501704692840576, 0.29895102977752686, 0.324198454618454, 0.4090914726257324]"
28877.0,2008-12-01T00:00:00.000000000,"[-0.04067668318748474, 0.003327556187286973, 0.06933397799730301, -0.06267886608839035]","[0.023078739643096924, 0.09161022305488586, 0.1548842042684555, 0.24892112612724304]"
28877.0,2009-03-01T00:00:00.000000000,"[0.003327556187286973, 0.06933397799730301, -0.06267886608839035, 0.025329740718007088]","[0.09162312746047974, 0.14758184552192688, 0.19982117414474487, 0.2899243235588074]"
28877.0,2009-06-01T00:00:00.000000000,"[0.06933397799730301, -0.06267886608839035, 0.025329740718007088, 0.15734252333641052]","[-0.01906222105026245, 0.05920439958572388, 0.13115209341049194, 0.22549539804458618]"
28877.0,2009-09-01T00:00:00.000000000,"[-0.06267886608839035, 0.025329740718007088, 0.15734252333641052, 0.15734252333641052]","[0.16241806745529175, 0.20834609866142273, 0.2588193416595459, 0.34399837255477905]"
28877.0,2009-12-01T00:00:00.000000000,"[0.025329740718007088, 0.15734252333641052, 0.15734252333641052, 0.025329740718007088]","[0.09772691130638123, 0.15602809190750122, 0.21970734000205994, 0.30728840827941895]"
28877.0,2010-03-01T00:00:00.000000000,"[0.15734252333641052, 0.15734252333641052, 0.025329740718007088, 0.13534040749073029]","[0.10707762837409973, 0.2295123189687729, 0.21116694808006287, 0.3081662058830261]"
28877.0,2010-06-01T00:00:00.000000000,"[0.15734252333641052, 0.025329740718007088, 0.13534040749073029, 0.26735323667526245]","[0.1928456723690033, 0.2746201753616333, 0.2821924686431885, 0.36971667408943176]"
28877.0,2010-09-01T00:00:00.000000000,"[0.025329740718007088, 0.13534040749073029, 0.26735323667526245, 0.2893553674221039]","[0.1786787211894989, 0.2882004976272583, 0.28007224202156067, 0.36493077874183655]"
29028.0,2006-06-01T00:00:00.000000000,"[1.6534881591796875, 2.775597333908081, 1.7634987831115723, 2.0495264530181885]","[1.4107253551483154, 1.6900007724761963, 1.323973536491394, 1.400686264038086]"
29028.0,2006-09-01T00:00:00.000000000,"[2.775597333908081, 1.7634987831115723, 2.0495264530181885, 1.8735092878341675]","[1.499450922012329, 1.4636480808258057, 1.4486665725708008, 1.5003316402435303]"
29028.0,2006-12-01T00:00:00.000000000,"[1.7634987831115723, 2.0495264530181885, 1.8735092878341675, 3.1056292057037354]","[1.9125111103057861, 1.9595088958740234, 1.790667176246643, 1.8718197345733643]"
29028.0,2007-03-01T00:00:00.000000000,"[2.0495264530181885, 1.8735092878341675, 3.1056292057037354, 1.6974923610687256]","[1.703254222869873, 1.6879990100860596, 2.101616621017456, 1.6450849771499634]"
29028.0,2007-06-01T00:00:00.000000000,"[1.8735092878341675, 3.1056292057037354, 1.6974923610687256, 2.027524471282959]","[1.7417372465133667, 2.0365617275238037, 1.629740834236145, 1.7181379795074463]"
29028.0,2007-09-01T00:00:00.000000000,"[3.1056292057037354, 1.6974923610687256, 2.027524471282959, 2.027524471282959]","[1.7589929103851318, 1.7156318426132202, 1.6893647909164429, 1.7578288316726685]"
29028.0,2007-12-01T00:00:00.000000000,"[1.6974923610687256, 2.027524471282959, 2.027524471282959, 3.1936378479003906]","[2.124077558517456, 2.186809539794922, 1.9967377185821533, 2.0860519409179688]"
29028.0,2008-03-01T00:00:00.000000000,"[2.027524471282959, 2.027524471282959, 3.1936378479003906, 1.8735092878341675]","[1.7605692148208618, 1.761305332183838, 2.2102510929107666, 1.7193620204925537]"
29028.0,2008-06-01T00:00:00.000000000,"[2.027524471282959, 3.1936378479003906, 1.8735092878341675, 1.8735092878341675]","[1.8399759531021118, 2.2522706985473633, 1.7265349626541138, 1.8244658708572388]"
29028.0,2008-09-01T00:00:00.000000000,"[3.1936378479003906, 1.8735092878341675, 1.8735092878341675, 2.379558563232422]","[1.9370086193084717, 1.893294095993042, 1.867154836654663, 1.9408758878707886]"
29028.0,2008-12-01T00:00:00.000000000,"[1.8735092878341675, 1.8735092878341675, 2.379558563232422, 3.875704050064087]","[2.294144630432129, 2.385220766067505, 2.1633620262145996, 2.2584757804870605]"
29028.0,2009-03-01T00:00:00.000000000,"[1.8735092878341675, 2.379558563232422, 3.875704050064087, 2.2915501594543457]","[1.981097936630249, 1.9921627044677734, 2.4313344955444336, 1.9360888004302979]"
29028.0,2009-06-01T00:00:00.000000000,"[2.379558563232422, 3.875704050064087, 2.2915501594543457, 2.42356276512146]","[1.941673755645752, 2.260590076446533, 1.8490819931030273, 1.9425488710403442]"
29028.0,2009-09-01T00:00:00.000000000,"[3.875704050064087, 2.2915501594543457, 2.42356276512146, 3.0396230220794678]","[2.239725112915039, 2.183741331100464, 2.1524460315704346, 2.231110095977783]"
29028.0,2009-12-01T00:00:00.000000000,"[2.2915501594543457, 2.42356276512146, 3.0396230220794678, 4.491764068603516]","[2.76289963722229, 2.672208786010742, 2.6091413497924805, 2.710026264190674]"
29028.0,2010-03-01T00:00:00.000000000,"[2.42356276512146, 3.0396230220794678, 4.491764068603516, 2.8416035175323486]","[2.396468162536621, 2.3762094974517822, 2.8653409481048584, 2.3280584812164307]"
29028.0,2010-06-01T00:00:00.000000000,"[3.0396230220794678, 4.491764068603516, 2.8416035175323486, 3.721689224243164]","[2.2643537521362305, 2.6927082538604736, 2.1420230865478516, 2.252589464187622]"
29028.0,2010-09-01T00:00:00.000000000,"[4.491764068603516, 2.8416035175323486, 3.721689224243164, 3.4576635360717773]","[2.6107864379882812, 2.543384075164795, 2.5050837993621826, 2.5934958457946777]"
29028.0,2010-12-01T00:00:00.000000000,"[2.8416035175323486, 3.721689224243164, 3.4576635360717773, 5.217834949493408]","[3.3116090297698975, 3.2727622985839844, 3.106877326965332, 3.2284486293792725]"
29028.0,2011-03-01T00:00:00.000000000,"[3.721689224243164, 3.4576635360717773, 5.217834949493408, 3.1056292057037354]","[2.9344594478607178, 2.9310457706451416, 3.450533390045166, 2.83105731010437]"
29028.0,2011-06-01T00:00:00.000000000,"[3.4576635360717773, 5.217834949493408, 3.1056292057037354, 3.919708251953125]","[2.958949089050293, 3.489839553833008, 2.764007091522217, 2.905229091644287]"
29028.0,2011-09-01T00:00:00.000000000,"[5.217834949493408, 3.1056292057037354, 3.919708251953125, 3.4576635360717773]","[3.076796531677246, 3.0023679733276367, 3.0396182537078857, 3.043567180633545]"
29028.0,2011-12-01T00:00:00.000000000,"[3.1056292057037354, 3.919708251953125, 3.4576635360717773, 5.987909317016602]","[3.547893524169922, 3.674818515777588, 3.339343547821045, 3.480639934539795]"
29028.0,2012-03-01T00:00:00.000000000,"[3.919708251953125, 3.4576635360717773, 5.987909317016602, 4.359751224517822]","[3.046128273010254, 3.0434584617614746, 3.607328414916992, 2.982741117477417]"
29028.0,2012-06-01T00:00:00.000000000,"[3.4576635360717773, 5.987909317016602, 4.359751224517822, 4.007717132568359]","[3.428971290588379, 3.994861602783203, 3.2085249423980713, 3.368166923522949]"
29028.0,2012-09-01T00:00:00.000000000,"[5.987909317016602, 4.359751224517822, 4.007717132568359, 5.349847793579102]","[3.43522047996521, 3.3596136569976807, 3.4192826747894287, 3.405668258666992]"
29028.0,2012-12-01T00:00:00.000000000,"[4.359751224517822, 4.007717132568359, 5.349847793579102, 7.880094051361084]","[4.311410903930664, 4.326706409454346, 4.0499396324157715, 4.210653305053711]"
29028.0,2013-03-01T00:00:00.000000000,"[4.007717132568359, 5.349847793579102, 7.880094051361084, 5.855896949768066]","[4.080733776092529, 4.020014762878418, 4.752721786499023, 3.930495023727417]"
29901.0,2006-03-01T00:00:00.000000000,"[-0.5742285847663879, -0.593590497970581, -0.5907301902770996, -0.5907301902770996]","[-0.5825409889221191, -0.5972256660461426, -0.5908713340759277, -0.5905712842941284]"
29901.0,2006-06-01T00:00:00.000000000,"[-0.593590497970581, -0.5907301902770996, -0.5907301902770996, -0.5797291398048401]","[-0.5846737623214722, -0.586000919342041, -0.5882035493850708, -0.56919264793396]"
29901.0,2006-09-01T00:00:00.000000000,"[-0.5907301902770996, -0.5907301902770996, -0.5797291398048401, -0.5880899429321289]","[-0.5806897282600403, -0.5875352025032043, -0.5720430612564087, -0.5918686389923096]"
29901.0,2007-03-01T00:00:00.000000000,"[-0.5907301902770996, -0.5797291398048401, -0.5880899429321289, -0.5852296352386475]","[-0.581688404083252, -0.5742806196212769, -0.5874341726303101, -0.5848414897918701]"
29901.0,2007-06-01T00:00:00.000000000,"[-0.5797291398048401, -0.5880899429321289, -0.5852296352386475, -0.5687280893325806]","[-0.5724781155586243, -0.5895580649375916, -0.5831742882728577, -0.5868426561355591]"
29901.0,2007-09-01T00:00:00.000000000,"[-0.5880899429321289, -0.5852296352386475, -0.5687280893325806, -0.5247237682342529]","[-0.5849428176879883, -0.590255081653595, -0.5872277021408081, -0.5790162086486816]"
29901.0,2007-12-01T00:00:00.000000000,"[-0.5852296352386475, -0.5687280893325806, -0.5247237682342529, -0.5302243232727051]","[-0.5754908323287964, -0.5858237743377686, -0.5765787959098816, -0.586946427822113]"
29901.0,2008-03-01T00:00:00.000000000,"[-0.5687280893325806, -0.5247237682342529, -0.5302243232727051, -0.544085681438446]","[-0.5727996826171875, -0.5768290758132935, -0.5786359310150146, -0.5800065994262695]"
29901.0,2008-06-01T00:00:00.000000000,"[-0.5247237682342529, -0.5302243232727051, -0.544085681438446, -0.5412254333496094]","[-0.5835564136505127, -0.5853182077407837, -0.5880990028381348, -0.5848115682601929]"
29901.0,2008-09-01T00:00:00.000000000,"[-0.5302243232727051, -0.544085681438446, -0.5412254333496094, -0.49722111225128174]","[-0.5696840286254883, -0.5689712166786194, -0.5761799812316895, -0.5720168948173523]"
29901.0,2008-12-01T00:00:00.000000000,"[-0.544085681438446, -0.5412254333496094, -0.49722111225128174, -0.5082221627235413]","[-0.5667621493339539, -0.5658824443817139, -0.5602903366088867, -0.5702182650566101]"
29901.0,2009-03-01T00:00:00.000000000,"[-0.5412254333496094, -0.49722111225128174, -0.5082221627235413, -0.4642179012298584]","[-0.5697389841079712, -0.5596990585327148, -0.5707505941390991, -0.572091281414032]"
29901.0,2009-06-01T00:00:00.000000000,"[-0.49722111225128174, -0.5082221627235413, -0.4642179012298584, -0.4422157406806946]","[-0.5685647130012512, -0.5647370219230652, -0.5739994049072266, -0.569633960723877]"
29901.0,2009-09-01T00:00:00.000000000,"[-0.5082221627235413, -0.4642179012298584, -0.4422157406806946, -0.4147131145000458]","[-0.5490708351135254, -0.5470799803733826, -0.5556737780570984, -0.551706075668335]"
29901.0,2009-12-01T00:00:00.000000000,"[-0.4642179012298584, -0.4422157406806946, -0.4147131145000458, -0.46971845626831055]","[-0.5456808805465698, -0.544139564037323, -0.5346746444702148, -0.5499246120452881]"
29901.0,2010-03-01T00:00:00.000000000,"[-0.4422157406806946, -0.4147131145000458, -0.46971845626831055, -0.4422157406806946]","[-0.5242903828620911, -0.513795793056488, -0.5314857363700867, -0.5290243625640869]"
29901.0,2010-06-01T00:00:00.000000000,"[-0.4147131145000458, -0.46971845626831055, -0.4422157406806946, -0.4147131145000458]","[-0.5144155025482178, -0.5171857476234436, -0.5222681760787964, -0.5181536674499512]"
29901.0,2010-09-01T00:00:00.000000000,"[-0.46971845626831055, -0.4422157406806946, -0.4147131145000458, -0.3377055823802948]","[-0.49544405937194824, -0.48927465081214905, -0.5020397901535034, -0.5010768175125122]"
29901.0,2010-12-01T00:00:00.000000000,"[-0.4422157406806946, -0.4147131145000458, -0.3377055823802948, -0.37070879340171814]","[-0.5081017017364502, -0.501147985458374, -0.4983699321746826, -0.5128998160362244]"
29901.0,2011-03-01T00:00:00.000000000,"[-0.4147131145000458, -0.3377055823802948, -0.37070879340171814, -0.34320613741874695]","[-0.49647217988967896, -0.47633346915245056, -0.5072916150093079, -0.5005477666854858]"
29901.0,2011-06-01T00:00:00.000000000,"[-0.3377055823802948, -0.37070879340171814, -0.34320613741874695, -0.34320613741874695]","[-0.47582128643989563, -0.48272252082824707, -0.4825793504714966, -0.47660136222839355]"
29901.0,2011-09-01T00:00:00.000000000,"[-0.37070879340171814, -0.34320613741874695, -0.34320613741874695, -0.38170990347862244]","[-0.44769349694252014, -0.44032421708106995, -0.4583347737789154, -0.4544089734554291]"
29901.0,2011-12-01T00:00:00.000000000,"[-0.34320613741874695, -0.34320613741874695, -0.38170990347862244, -0.3212040066719055]","[-0.4482361078262329, -0.4398748576641083, -0.43281880021095276, -0.45623865723609924]"
29901.0,2012-03-01T00:00:00.000000000,"[-0.34320613741874695, -0.38170990347862244, -0.3212040066719055, -0.26619863510131836]","[-0.4388638734817505, -0.42077380418777466, -0.4520339369773865, -0.4440488815307617]"
29901.0,2012-06-01T00:00:00.000000000,"[-0.38170990347862244, -0.3212040066719055, -0.26619863510131836, -0.2606981098651886]","[-0.4236161410808563, -0.4206787049770355, -0.43039312958717346, -0.42895787954330444]"
29901.0,2012-09-01T00:00:00.000000000,"[-0.3212040066719055, -0.26619863510131836, -0.2606981098651886, -0.10118257254362106]","[-0.429325133562088, -0.415560245513916, -0.4275225102901459, -0.43443238735198975]"
29901.0,2012-12-01T00:00:00.000000000,"[-0.26619863510131836, -0.2606981098651886, -0.10118257254362106, -0.1341858208179474]","[-0.3992416262626648, -0.38780367374420166, -0.405112087726593, -0.40596485137939453]"
29901.0,2013-03-01T00:00:00.000000000,"[-0.2606981098651886, -0.10118257254362106, -0.1341858208179474, -0.11218363791704178]","[-0.3568655550479889, -0.35322967171669006, -0.369929701089859, -0.3661429286003113]"
62689.0,2006-06-01T00:00:00.000000000,"[3.5456719398498535, 5.0418171882629395, 6.053915977478027, 4.865800380706787]","[4.3262200355529785, 4.242756366729736, 4.087765693664551, 4.28352165222168]"
62689.0,2006-09-01T00:00:00.000000000,"[5.0418171882629395, 6.053915977478027, 4.865800380706787, 4.623776912689209]","[3.513956308364868, 3.6343255043029785, 3.732558488845825, 3.5278730392456055]"
62689.0,2006-12-01T00:00:00.000000000,"[6.053915977478027, 4.865800380706787, 4.623776912689209, 5.745886325836182]","[3.9179627895355225, 4.231249809265137, 3.7282114028930664, 3.9221811294555664]"
62689.0,2007-03-01T00:00:00.000000000,"[4.865800380706787, 4.623776912689209, 5.745886325836182, 5.679879665374756]","[4.540423393249512, 4.407909870147705, 4.33327579498291, 4.515321254730225]"
62689.0,2007-06-01T00:00:00.000000000,"[4.623776912689209, 5.745886325836182, 5.679879665374756, 4.42575740814209]","[4.231256484985352, 4.3212738037109375, 4.321181774139404, 4.214460372924805]"
62689.0,2007-09-01T00:00:00.000000000,"[5.745886325836182, 5.679879665374756, 4.42575740814209, 4.139729976654053]","[4.13187313079834, 4.388593673706055, 3.9559364318847656, 4.157223701477051]"
62689.0,2007-12-01T00:00:00.000000000,"[5.679879665374756, 4.42575740814209, 4.139729976654053, 4.57977294921875]","[4.6184563636779785, 4.6160736083984375, 4.420832633972168, 4.61418342590332]"
62689.0,2008-03-01T00:00:00.000000000,"[4.42575740814209, 4.139729976654053, 4.57977294921875, 6.339943885803223]","[4.7848005294799805, 4.654783248901367, 4.578854560852051, 4.7827677726745605]"
62689.0,2008-06-01T00:00:00.000000000,"[4.139729976654053, 4.57977294921875, 6.339943885803223, 5.789890289306641]","[4.287609577178955, 4.426684379577637, 4.241711616516113, 4.327139854431152]"
62689.0,2008-09-01T00:00:00.000000000,"[4.57977294921875, 6.339943885803223, 5.789890289306641, 3.523669719696045]","[4.208358287811279, 4.348199367523193, 4.082563877105713, 4.271810531616211]"
62689.0,2008-12-01T00:00:00.000000000,"[6.339943885803223, 5.789890289306641, 3.523669719696045, 1.301453948020935]","[4.4311370849609375, 4.371799468994141, 4.30185079574585, 4.484647750854492]"
62689.0,2009-03-01T00:00:00.000000000,"[5.789890289306641, 3.523669719696045, 1.301453948020935, 4.315746784210205]","[5.120624542236328, 4.9825825691223145, 4.906979560852051, 5.111473560333252]"
62689.0,2009-06-01T00:00:00.000000000,"[3.523669719696045, 1.301453948020935, 4.315746784210205, 4.711785793304443]","[5.150206565856934, 5.0354485511779785, 5.2127180099487305, 5.120619297027588]"
62689.0,2009-09-01T00:00:00.000000000,"[1.301453948020935, 4.315746784210205, 4.711785793304443, 3.281646251678467]","[4.198572635650635, 4.546408176422119, 4.392338275909424, 4.287553787231445]"
62689.0,2009-12-01T00:00:00.000000000,"[4.315746784210205, 4.711785793304443, 3.281646251678467, 4.887802600860596]","[2.655266046524048, 2.989603281021118, 2.9948389530181885, 3.1940319538116455]"
62689.0,2010-03-01T00:00:00.000000000,"[4.711785793304443, 3.281646251678467, 4.887802600860596, 3.98571515083313]","[3.7778046131134033, 3.7846317291259766, 3.8045542240142822, 3.968320608139038]"
62689.0,2010-06-01T00:00:00.000000000,"[3.281646251678467, 4.887802600860596, 3.98571515083313, 5.525864601135254]","[4.274562358856201, 4.242997169494629, 4.346385955810547, 4.3798980712890625]"
62689.0,2010-09-01T00:00:00.000000000,"[4.887802600860596, 3.98571515083313, 5.525864601135254, 3.7436912059783936]","[3.665226697921753, 3.97127628326416, 4.072212219238281, 3.8492953777313232]"
62689.0,2010-12-01T00:00:00.000000000,"[3.98571515083313, 5.525864601135254, 3.7436912059783936, 2.4455649852752686]","[4.895981311798096, 5.075466632843018, 4.734230995178223, 4.9429779052734375]"
62689.0,2011-03-01T00:00:00.000000000,"[5.525864601135254, 3.7436912059783936, 2.4455649852752686, 6.603969573974609]","[4.473328113555908, 4.421534538269043, 4.392798900604248, 4.575867176055908]"
62689.0,2011-06-01T00:00:00.000000000,"[3.7436912059783936, 2.4455649852752686, 6.603969573974609, 5.063819408416748]","[4.907418727874756, 5.020862102508545, 4.765628337860107, 4.960122108459473]"
62689.0,2011-09-01T00:00:00.000000000,"[2.4455649852752686, 6.603969573974609, 5.063819408416748, -1.1407837867736816]","[4.3539228439331055, 4.4128899574279785, 4.890285015106201, 4.56217622756958]"
62689.0,2011-12-01T00:00:00.000000000,"[6.603969573974609, 5.063819408416748, -1.1407837867736816, 6.163926601409912]","[2.9562387466430664, 3.6924283504486084, 3.220581531524658, 3.4448258876800537]"
62689.0,2012-03-01T00:00:00.000000000,"[5.063819408416748, -1.1407837867736816, 6.163926601409912, 10.102309226989746]","[5.447653293609619, 5.328493595123291, 5.265045642852783, 5.4643731117248535]"
62689.0,2012-06-01T00:00:00.000000000,"[-1.1407837867736816, 6.163926601409912, 10.102309226989746, 5.305843353271484]","[5.258355140686035, 5.206775665283203, 5.767240047454834, 5.228301048278809]"
62689.0,2012-09-01T00:00:00.000000000,"[6.163926601409912, 10.102309226989746, 5.305843353271484, 6.889997482299805]","[2.086749792098999, 3.005044937133789, 3.2406885623931885, 2.86149525642395]"
62689.0,2012-12-01T00:00:00.000000000,"[10.102309226989746, 5.305843353271484, 6.889997482299805, 5.019815444946289]","[4.488527774810791, 4.8910393714904785, 4.429227828979492, 4.602844715118408]"
62689.0,2013-03-01T00:00:00.000000000,"[5.305843353271484, 6.889997482299805, 5.019815444946289, 10.740371704101562]","[6.050044059753418, 5.9171366691589355, 5.851811408996582, 6.051443576812744]"
64768.0,2006-06-01T00:00:00.000000000,"[-0.7304438352584839, -0.8052510619163513, -0.6512360572814941, -0.7139422297477722]","[-0.6804196834564209, -0.6779811978340149, -0.6529240608215332, -0.6659400463104248]"
64768.0,2006-09-01T00:00:00.000000000,"[-0.8052510619163513, -0.6512360572814941, -0.7139422297477722, -0.6798388957977295]","[-0.7005407810211182, -0.6842814087867737, -0.6889719367027283, -0.6871630549430847]"
64768.0,2006-12-01T00:00:00.000000000,"[-0.6512360572814941, -0.7139422297477722, -0.6798388957977295, -0.6820390820503235]","[-0.7302185297012329, -0.7190626859664917, -0.7106497287750244, -0.7045097351074219]"
64768.0,2007-03-01T00:00:00.000000000,"[-0.7139422297477722, -0.6798388957977295, -0.6820390820503235, -0.5907301902770996]","[-0.6743944883346558, -0.6742292642593384, -0.6731404066085815, -0.6696091890335083]"
64768.0,2007-06-01T00:00:00.000000000,"[-0.6798388957977295, -0.6820390820503235, -0.5907301902770996, -0.5830294489860535]","[-0.6886708736419678, -0.6854755878448486, -0.6669971942901611, -0.681638777256012]"
64768.0,2007-09-01T00:00:00.000000000,"[-0.6820390820503235, -0.5907301902770996, -0.5830294489860535, -0.5049218535423279]","[-0.6863588094711304, -0.6693780422210693, -0.6834482550621033, -0.6788201332092285]"
64768.0,2007-12-01T00:00:00.000000000,"[-0.5907301902770996, -0.5830294489860535, -0.5049218535423279, -0.6435353755950928]","[-0.6863619089126587, -0.6833531856536865, -0.6809406876564026, -0.6766020655632019]"
64768.0,2008-03-01T00:00:00.000000000,"[-0.5830294489860535, -0.5049218535423279, -0.6435353755950928, -0.5313244462013245]","[-0.6508491635322571, -0.6472629308700562, -0.6535162329673767, -0.6494603753089905]"
64768.0,2008-06-01T00:00:00.000000000,"[-0.5049218535423279, -0.6435353755950928, -0.5313244462013245, -0.5379250645637512]","[-0.6285818219184875, -0.6306636333465576, -0.6167556047439575, -0.6308187246322632]"
64768.0,2008-09-01T00:00:00.000000000,"[-0.6435353755950928, -0.5313244462013245, -0.5379250645637512, -0.6567366123199463]","[-0.5928988456726074, -0.5781670808792114, -0.6045585870742798, -0.5972713232040405]"
64768.0,2008-12-01T00:00:00.000000000,"[-0.5313244462013245, -0.5379250645637512, -0.6567366123199463, -0.6435353755950928]","[-0.6367834210395813, -0.6305214762687683, -0.6195998191833496, -0.6373579502105713]"
64768.0,2009-03-01T00:00:00.000000000,"[-0.5379250645637512, -0.6567366123199463, -0.6435353755950928, -0.463117778301239]","[-0.610916793346405, -0.591270923614502, -0.6198530793190002, -0.6124658584594727]"
64768.0,2009-06-01T00:00:00.000000000,"[-0.6567366123199463, -0.6435353755950928, -0.463117778301239, -0.34100592136383057]","[-0.594285249710083, -0.5980416536331177, -0.5836921334266663, -0.5976576805114746]"
64768.0,2009-09-01T00:00:00.000000000,"[-0.6435353755950928, -0.463117778301239, -0.34100592136383057, -0.14298662543296814]","[-0.6339665055274963, -0.6096162796020508, -0.6117405891418457, -0.6349692344665527]"
64768.0,2009-12-01T00:00:00.000000000,"[-0.463117778301239, -0.34100592136383057, -0.14298662543296814, -0.06817939877510071]","[-0.640972375869751, -0.6320239305496216, -0.6430640816688538, -0.6371960043907166]"
64768.0,2010-03-01T00:00:00.000000000,"[-0.34100592136383057, -0.14298662543296814, -0.06817939877510071, -0.03627631068229675]","[-0.5764375925064087, -0.5815955400466919, -0.586141049861908, -0.5783408880233765]"
64768.0,2010-06-01T00:00:00.000000000,"[-0.14298662543296814, -0.06817939877510071, -0.03627631068229675, 0.07923494279384613]","[-0.5223410725593567, -0.5312907695770264, -0.5173841118812561, -0.5301591753959656]"
64768.0,2010-09-01T00:00:00.000000000,"[-0.06817939877510071, -0.03627631068229675, 0.07923494279384613, -0.12648503482341766]","[-0.43966150283813477, -0.41555464267730713, -0.4379276633262634, -0.45540469884872437]"
64768.0,2010-12-01T00:00:00.000000000,"[-0.03627631068229675, 0.07923494279384613, -0.12648503482341766, -0.2353956401348114]","[-0.3898223042488098, -0.373225599527359, -0.38891613483428955, -0.4065292179584503]"
64768.0,2011-03-01T00:00:00.000000000,"[0.07923494279384613, -0.12648503482341766, -0.2353956401348114, 0.01102833729237318]","[-0.3633180260658264, -0.3197648525238037, -0.3780120015144348, -0.37883055210113525]"
64768.0,2011-06-01T00:00:00.000000000,"[-0.12648503482341766, -0.2353956401348114, 0.01102833729237318, -0.14958731830120087]","[-0.2993711233139038, -0.26262396574020386, -0.3081376850605011, -0.31793275475502014]"
64768.0,2011-09-01T00:00:00.000000000,"[-0.2353956401348114, 0.01102833729237318, -0.14958731830120087, 0.43236926198005676]","[-0.31539255380630493, -0.261628657579422, -0.28376302123069763, -0.3339242935180664]"
64768.0,2011-12-01T00:00:00.000000000,"[0.01102833729237318, -0.14958731830120087, 0.43236926198005676, 0.6600914597511292]","[-0.35411709547042847, -0.2860395312309265, -0.3726605176925659, -0.3604613244533539]"
64768.0,2012-03-01T00:00:00.000000000,"[-0.14958731830120087, 0.43236926198005676, 0.6600914597511292, 0.8493099212646484]","[-0.26200562715530396, -0.22679251432418823, -0.3048197627067566, -0.2721253037452698]"
64768.0,2012-06-01T00:00:00.000000000,"[0.43236926198005676, 0.6600914597511292, 0.8493099212646484, 1.0363280773162842]","[-0.26611414551734924, -0.2528506815433502, -0.23358741402626038, -0.279544472694397]"
64768.0,2012-09-01T00:00:00.000000000,"[0.6600914597511292, 0.8493099212646484, 1.0363280773162842, 0.9626208543777466]","[-0.07205799221992493, -0.021065592765808105, -0.12415251135826111, -0.09763675928115845]"
64768.0,2012-12-01T00:00:00.000000000,"[0.8493099212646484, 1.0363280773162842, 0.9626208543777466, -0.02747543714940548]","[0.09876605868339539, 0.08009675145149231, 0.0822625458240509, 0.06131705641746521]"
64768.0,2013-03-01T00:00:00.000000000,"[1.0363280773162842, 0.9626208543777466, -0.02747543714940548, -0.06267886608839035]","[0.20886555314064026, 0.2885202467441559, 0.17992636561393738, 0.16197261214256287]"
111534.0,2006-03-01T00:00:00.000000000,"[-2.7029356956481934, 1.3894624710083008, 3.677685022354126, 3.2376420497894287]","[-0.0415111780166626, 0.20969867706298828, 0.7688287496566772, 0.47303104400634766]"
111534.0,2006-06-01T00:00:00.000000000,"[1.3894624710083008, 3.677685022354126, 3.2376420497894287, 3.5896763801574707]","[-0.9112805128097534, -0.5304679870605469, -0.24429821968078613, -0.030370473861694336]"
111534.0,2006-09-01T00:00:00.000000000,"[3.677685022354126, 3.2376420497894287, 3.5896763801574707, 3.831699848175049]","[0.7221636772155762, 0.7814657688140869, 0.8411065340042114, 0.9841737747192383]"
111534.0,2006-12-01T00:00:00.000000000,"[3.2376420497894287, 3.5896763801574707, 3.831699848175049, 6.735982418060303]","[1.1069135665893555, 1.1120048761367798, 1.1205942630767822, 1.2597296237945557]"
111534.0,2007-03-01T00:00:00.000000000,"[3.5896763801574707, 3.831699848175049, 6.735982418060303, 2.027524471282959]","[1.6367011070251465, 1.6337344646453857, 2.0930910110473633, 1.6741678714752197]"
111534.0,2007-06-01T00:00:00.000000000,"[3.831699848175049, 6.735982418060303, 2.027524471282959, 2.9076099395751953]","[2.169616222381592, 2.246840000152588, 2.0255298614501953, 2.2043442726135254]"
111534.0,2007-09-01T00:00:00.000000000,"[6.735982418060303, 2.027524471282959, 2.9076099395751953, 4.381753444671631]","[2.2371826171875, 2.154554843902588, 2.1138076782226562, 2.2848973274230957]"
111534.0,2007-12-01T00:00:00.000000000,"[2.027524471282959, 2.9076099395751953, 4.381753444671631, 5.217834949493408]","[3.1534547805786133, 3.0012168884277344, 2.916187286376953, 3.1308934688568115]"
111534.0,2008-03-01T00:00:00.000000000,"[2.9076099395751953, 4.381753444671631, 5.217834949493408, 2.115532875061035]","[1.8122986555099487, 1.8618288040161133, 2.955608606338501, 1.8099360466003418]"
111534.0,2008-06-01T00:00:00.000000000,"[4.381753444671631, 5.217834949493408, 2.115532875061035, 1.4114645719528198]","[1.833862066268921, 2.3608694076538086, 1.7295503616333008, 1.9396215677261353]"
111534.0,2008-09-01T00:00:00.000000000,"[5.217834949493408, 2.115532875061035, 1.4114645719528198, 2.7315926551818848]","[2.574817180633545, 2.4850759506225586, 2.4422030448913574, 2.6418261528015137]"
111534.0,2009-03-01T00:00:00.000000000,"[2.115532875061035, 1.4114645719528198, 2.7315926551818848, 2.7095906734466553]","[3.0677990913391113, 2.9499785900115967, 3.0034775733947754, 3.07906174659729]"
111534.0,2009-06-01T00:00:00.000000000,"[1.4114645719528198, 2.7315926551818848, 2.7095906734466553, -0.37070879340171814]","[2.130242347717285, 2.15557861328125, 3.0712780952453613, 2.153613567352295]"
111534.0,2009-09-01T00:00:00.000000000,"[2.7315926551818848, 2.7095906734466553, -0.37070879340171814, 3.083627223968506]","[1.3874263763427734, 1.679979920387268, 1.4453643560409546, 1.641208291053772]"
111534.0,2009-12-01T00:00:00.000000000,"[2.7095906734466553, -0.37070879340171814, 3.083627223968506, 3.3916571140289307]","[1.9355182647705078, 1.9156609773635864, 1.9200596809387207, 2.104221820831299]"
111534.0,2010-03-01T00:00:00.000000000,"[-0.37070879340171814, 3.083627223968506, 3.3916571140289307, 11.004398345947266]","[1.9416831731796265, 1.9314615726470947, 2.0239877700805664, 2.1045103073120117]"
111864.0,2006-06-01T00:00:00.000000000,"[0.6413896679878235, 0.575383186340332, 0.7734025120735168, 0.8614109754562378]","[0.5972675681114197, 0.48426949977874756, 0.5234296917915344, 0.46863675117492676]"
111864.0,2006-09-01T00:00:00.000000000,"[0.575383186340332, 0.7734025120735168, 0.8614109754562378, 1.0374282598495483]","[0.6802653074264526, 0.5530264377593994, 0.6006896495819092, 0.5464655160903931]"
111864.0,2006-12-01T00:00:00.000000000,"[0.7734025120735168, 0.8614109754562378, 1.0374282598495483, 0.9714217185974121]","[0.36373019218444824, 0.42257457971572876, 0.33285534381866455, 0.3424166440963745]"
111864.0,2007-03-01T00:00:00.000000000,"[0.8614109754562378, 1.0374282598495483, 0.9714217185974121, 1.0594303607940674]","[0.4729364216327667, 0.504199206829071, 0.3971749544143677, 0.4501723349094391]"
111864.0,2007-06-01T00:00:00.000000000,"[1.0374282598495483, 0.9714217185974121, 1.0594303607940674, 1.0594303607940674]","[0.5498751997947693, 0.561113715171814, 0.4899383783340454, 0.5232122540473938]"
111864.0,2007-09-01T00:00:00.000000000,"[0.9714217185974121, 1.0594303607940674, 1.0594303607940674, 1.2134451866149902]","[0.6802811622619629, 0.7469921708106995, 0.6250432133674622, 0.6385539174079895]"
111864.0,2007-12-01T00:00:00.000000000,"[1.0594303607940674, 1.0594303607940674, 1.2134451866149902, 1.1914430856704712]","[0.7258979678153992, 0.766459584236145, 0.7108736634254456, 0.6825374960899353]"
111864.0,2008-03-01T00:00:00.000000000,"[1.0594303607940674, 1.2134451866149902, 1.1914430856704712, 1.2134451866149902]","[0.721381425857544, 0.7576305270195007, 0.6324281692504883, 0.6948501467704773]"
111864.0,2008-06-01T00:00:00.000000000,"[1.2134451866149902, 1.1914430856704712, 1.2134451866149902, 1.147438883781433]","[0.7677671313285828, 0.7802770137786865, 0.6847888827323914, 0.7428489327430725]"
111864.0,2008-09-01T00:00:00.000000000,"[1.1914430856704712, 1.2134451866149902, 1.147438883781433, 1.3454581499099731]","[0.815300464630127, 0.861017107963562, 0.7608180046081543, 0.786453127861023]"
111864.0,2008-12-01T00:00:00.000000000,"[1.2134451866149902, 1.147438883781433, 1.3454581499099731, 1.455468773841858]","[0.904559850692749, 0.9660278558731079, 0.8948066234588623, 0.8646107912063599]"
111864.0,2009-03-01T00:00:00.000000000,"[1.147438883781433, 1.3454581499099731, 1.455468773841858, 1.5654793977737427]","[0.9499419927597046, 1.0430941581726074, 0.9249026775360107, 0.9102892875671387]"
111864.0,2009-06-01T00:00:00.000000000,"[1.3454581499099731, 1.455468773841858, 1.5654793977737427, 1.6314857006072998]","[0.9624561071395874, 1.039676308631897, 0.9464634656906128, 0.9275481700897217]"
111864.0,2009-09-01T00:00:00.000000000,"[1.455468773841858, 1.5654793977737427, 1.6314857006072998, 1.9175138473510742]","[1.1017332077026367, 1.1133872270584106, 0.9977983832359314, 1.0690717697143555]"
111864.0,2009-12-01T00:00:00.000000000,"[1.5654793977737427, 1.6314857006072998, 1.9175138473510742, 1.9175138473510742]","[1.2106096744537354, 1.1882367134094238, 1.1628628969192505, 1.167119026184082]"
111864.0,2010-03-01T00:00:00.000000000,"[1.6314857006072998, 1.9175138473510742, 1.9175138473510742, 1.7855008840560913]","[1.2704367637634277, 1.2117986679077148, 1.1979962587356567, 1.2326114177703857]"
111864.0,2010-06-01T00:00:00.000000000,"[1.9175138473510742, 1.9175138473510742, 1.7855008840560913, 1.301453948020935]","[1.3336458206176758, 1.270208716392517, 1.260777235031128, 1.2961688041687012]"
111864.0,2010-09-01T00:00:00.000000000,"[1.9175138473510742, 1.7855008840560913, 1.301453948020935, 1.3674603700637817]","[1.4051176309585571, 1.435537338256836, 1.3574557304382324, 1.3592581748962402]"
111864.0,2010-12-01T00:00:00.000000000,"[1.7855008840560913, 1.301453948020935, 1.3674603700637817, 1.6754902601242065]","[1.421629786491394, 1.4112898111343384, 1.3168103694915771, 1.3932549953460693]"
111864.0,2011-03-01T00:00:00.000000000,"[1.301453948020935, 1.3674603700637817, 1.6754902601242065, 1.6534881591796875]","[1.4695868492126465, 1.5520089864730835, 1.4066708087921143, 1.431640386581421]"
111864.0,2011-06-01T00:00:00.000000000,"[1.3674603700637817, 1.6754902601242065, 1.6534881591796875, 1.4114645719528198]","[1.3130625486373901, 1.3896148204803467, 1.2719451189041138, 1.2998223304748535]"
111864.0,2011-09-01T00:00:00.000000000,"[1.6754902601242065, 1.6534881591796875, 1.4114645719528198, 1.103434681892395]","[1.3190051317214966, 1.396425724029541, 1.2407208681106567, 1.3134607076644897]"
111864.0,2011-12-01T00:00:00.000000000,"[1.6534881591796875, 1.4114645719528198, 1.103434681892395, 1.4334666728973389]","[1.5151848793029785, 1.4639946222305298, 1.4647893905639648, 1.4945082664489746]"
111864.0,2012-03-01T00:00:00.000000000,"[1.4114645719528198, 1.103434681892395, 1.4334666728973389, 0.7734025120735168]","[1.557487964630127, 1.580348253250122, 1.5945080518722534, 1.5219422578811646]"
111864.0,2012-06-01T00:00:00.000000000,"[1.103434681892395, 1.4334666728973389, 0.7734025120735168, 1.4334666728973389]","[1.4665720462799072, 1.5372254848480225, 1.5080283880233765, 1.443976879119873]"
111864.0,2012-09-01T00:00:00.000000000,"[1.4334666728973389, 0.7734025120735168, 1.4334666728973389, 1.477470874786377]","[1.3616169691085815, 1.3626676797866821, 1.3081037998199463, 1.3712512254714966]"
111864.0,2012-12-01T00:00:00.000000000,"[0.7734025120735168, 1.4334666728973389, 1.477470874786377, 1.6314857006072998]","[1.4356632232666016, 1.4333940744400024, 1.3789079189300537, 1.4388751983642578]"
111864.0,2013-03-01T00:00:00.000000000,"[1.4334666728973389, 1.477470874786377, 1.6314857006072998, 1.7194944620132446]","[1.0282528400421143, 1.046068549156189, 1.0622992515563965, 1.1141690015792847]"
112111.0,2006-06-01T00:00:00.000000000,"[-0.5247237682342529, -0.5093222856521606, -0.49612101912498474, -0.6259335875511169]","[-0.5872602462768555, -0.5817550420761108, -0.5820835828781128, -0.5910334587097168]"
112111.0,2006-09-01T00:00:00.000000000,"[-0.5093222856521606, -0.49612101912498474, -0.6259335875511169, -0.6831392049789429]","[-0.5732433199882507, -0.5602123737335205, -0.5790914297103882, -0.5773719549179077]"
112111.0,2006-12-01T00:00:00.000000000,"[-0.49612101912498474, -0.6259335875511169, -0.6831392049789429, -0.5841295719146729]","[-0.5688372254371643, -0.568427562713623, -0.5778253078460693, -0.5712618231773376]"
112111.0,2007-03-01T00:00:00.000000000,"[-0.6259335875511169, -0.6831392049789429, -0.5841295719146729, -0.45871737599372864]","[-0.5543481111526489, -0.5487276911735535, -0.5554195046424866, -0.5589496493339539]"
112111.0,2007-06-01T00:00:00.000000000,"[-0.6831392049789429, -0.5841295719146729, -0.45871737599372864, -0.491720587015152]","[-0.5984510779380798, -0.5870128870010376, -0.5779663920402527, -0.5994206666946411]"
112111.0,2007-09-01T00:00:00.000000000,"[-0.5841295719146729, -0.45871737599372864, -0.491720587015152, -0.5005214810371399]","[-0.6250572204589844, -0.6027917861938477, -0.6258703470230103, -0.619714081287384]"
112111.0,2007-12-01T00:00:00.000000000,"[-0.45871737599372864, -0.491720587015152, -0.5005214810371399, -0.45651715993881226]","[-0.5871549844741821, -0.5899568796157837, -0.5913564562797546, -0.5857551693916321]"
112111.0,2008-03-01T00:00:00.000000000,"[-0.491720587015152, -0.5005214810371399, -0.45651715993881226, -0.41691333055496216]","[-0.5414668321609497, -0.5480836629867554, -0.5505329966545105, -0.5443253517150879]"
112111.0,2008-06-01T00:00:00.000000000,"[-0.5005214810371399, -0.45651715993881226, -0.41691333055496216, -0.5115225315093994]","[-0.5348106622695923, -0.5296780467033386, -0.5174635052680969, -0.5413370728492737]"
112111.0,2008-09-01T00:00:00.000000000,"[-0.45651715993881226, -0.41691333055496216, -0.5115225315093994, -0.3905107378959656]","[-0.5434501767158508, -0.5226211547851562, -0.5479061603546143, -0.546585202217102]"
112111.0,2008-12-01T00:00:00.000000000,"[-0.41691333055496216, -0.5115225315093994, -0.3905107378959656, -0.4257141649723053]","[-0.5238674879074097, -0.5300242900848389, -0.5340617299079895, -0.5260422825813293]"
112111.0,2009-03-01T00:00:00.000000000,"[-0.5115225315093994, -0.3905107378959656, -0.4257141649723053, -0.3377055823802948]","[-0.49276676774024963, -0.48804086446762085, -0.49867331981658936, -0.4992324709892273]"
112111.0,2009-06-01T00:00:00.000000000,"[-0.3905107378959656, -0.4257141649723053, -0.3377055823802948, -0.3355053961277008]","[-0.5314112901687622, -0.5235706567764282, -0.5158791542053223, -0.5343321561813354]"
112111.0,2009-09-01T00:00:00.000000000,"[-0.4257141649723053, -0.3377055823802948, -0.3355053961277008, -0.22549466788768768]","[-0.4887596070766449, -0.4761267900466919, -0.5041492581367493, -0.4930371642112732]"
112111.0,2009-12-01T00:00:00.000000000,"[-0.3377055823802948, -0.3355053961277008, -0.22549466788768768, -0.08248080313205719]","[-0.48430171608924866, -0.4882449507713318, -0.4724844992160797, -0.4897874891757965]"
112111.0,2010-03-01T00:00:00.000000000,"[-0.3355053961277008, -0.22549466788768768, -0.08248080313205719, -0.1440867930650711]","[-0.4520719349384308, -0.43541765213012695, -0.46138644218444824, -0.45929768681526184]"
112111.0,2010-06-01T00:00:00.000000000,"[-0.22549466788768768, -0.08248080313205719, -0.1440867930650711, -0.2100931704044342]","[-0.45185768604278564, -0.4593697190284729, -0.4475482702255249, -0.4588873088359833]"
112111.0,2010-09-01T00:00:00.000000000,"[-0.08248080313205719, -0.1440867930650711, -0.2100931704044342, -0.12648503482341766]","[-0.3991599678993225, -0.37670278549194336, -0.42202556133270264, -0.40782278776168823]"
112111.0,2010-12-01T00:00:00.000000000,"[-0.1440867930650711, -0.2100931704044342, -0.12648503482341766, -0.08028054982423782]","[-0.3252016603946686, -0.31745249032974243, -0.349820613861084, -0.3384799659252167]"
112111.0,2011-03-01T00:00:00.000000000,"[-0.2100931704044342, -0.12648503482341766, -0.08028054982423782, -0.16388869285583496]","[-0.33079856634140015, -0.30898553133010864, -0.32604557275772095, -0.34408748149871826]"
112111.0,2011-06-01T00:00:00.000000000,"[-0.12648503482341766, -0.08028054982423782, -0.16388869285583496, -0.18589083850383759]","[-0.3380671739578247, -0.29929661750793457, -0.3279259204864502, -0.34963685274124146]"
112111.0,2011-09-01T00:00:00.000000000,"[-0.08028054982423782, -0.16388869285583496, -0.18589083850383759, -0.20349255204200745]","[-0.3012222647666931, -0.25528502464294434, -0.3347374498844147, -0.310671865940094]"
112111.0,2011-12-01T00:00:00.000000000,"[-0.16388869285583496, -0.18589083850383759, -0.20349255204200745, -0.07367992401123047]","[-0.2538973093032837, -0.23510311543941498, -0.2701352536678314, -0.2664797902107239]"
112111.0,2012-03-01T00:00:00.000000000,"[-0.18589083850383759, -0.20349255204200745, -0.07367992401123047, -0.0956820473074913]","[-0.27173367142677307, -0.23435808718204498, -0.26611602306365967, -0.28305068612098694]"
112111.0,2012-06-01T00:00:00.000000000,"[-0.20349255204200745, -0.07367992401123047, -0.0956820473074913, -0.12868529558181763]","[-0.26788341999053955, -0.2427474707365036, -0.2840021550655365, -0.2743663489818573]"
112111.0,2012-09-01T00:00:00.000000000,"[-0.07367992401123047, -0.0956820473074913, -0.12868529558181763, -0.15068741142749786]","[-0.2656787931919098, -0.2617109417915344, -0.287384033203125, -0.26844555139541626]"
112111.0,2012-12-01T00:00:00.000000000,"[-0.0956820473074913, -0.12868529558181763, -0.15068741142749786, 0.06933397799730301]","[-0.1679953932762146, -0.1698366105556488, -0.20545479655265808, -0.17962415516376495]"
117768.0,2006-03-01T00:00:00.000000000,"[-0.5852296352386475, -0.5797291398048401, -0.5302243232727051, -0.5082221627235413]","[-0.5892528295516968, -0.5891327261924744, -0.5862951278686523, -0.5813235640525818]"
117768.0,2006-06-01T00:00:00.000000000,"[-0.5797291398048401, -0.5302243232727051, -0.5082221627235413, -0.5687280893325806]","[-0.57766193151474, -0.5758577585220337, -0.564426064491272, -0.5692744255065918]"
117768.0,2006-09-01T00:00:00.000000000,"[-0.5302243232727051, -0.5082221627235413, -0.5687280893325806, -0.607231855392456]","[-0.5859054327011108, -0.5796835422515869, -0.585679829120636, -0.5783994793891907]"
117768.0,2007-03-01T00:00:00.000000000,"[-0.5082221627235413, -0.5687280893325806, -0.607231855392456, -0.45871737599372864]","[-0.5471016764640808, -0.5503116846084595, -0.5516466498374939, -0.5445044040679932]"
117768.0,2007-06-01T00:00:00.000000000,"[-0.5687280893325806, -0.607231855392456, -0.45871737599372864, -0.5082221627235413]","[-0.5316323637962341, -0.5354129076004028, -0.531376302242279, -0.531169593334198]"
117768.0,2007-09-01T00:00:00.000000000,"[-0.607231855392456, -0.45871737599372864, -0.5082221627235413, -0.5192232131958008]","[-0.5679200887680054, -0.555307149887085, -0.5500162839889526, -0.5652821660041809]"
117768.0,2007-12-01T00:00:00.000000000,"[-0.45871737599372864, -0.5082221627235413, -0.5192232131958008, -0.48071953654289246]","[-0.5900416970252991, -0.5762101411819458, -0.5887571573257446, -0.5811557173728943]"
117768.0,2008-03-01T00:00:00.000000000,"[-0.5082221627235413, -0.5192232131958008, -0.48071953654289246, -0.23869597911834717]","[-0.5388515591621399, -0.5419913530349731, -0.5434399247169495, -0.535947859287262]"
117768.0,2008-06-01T00:00:00.000000000,"[-0.5192232131958008, -0.48071953654289246, -0.23869597911834717, -0.15618793666362762]","[-0.5379831790924072, -0.5396227240562439, -0.520379364490509, -0.5377413034439087]"
117768.0,2008-09-01T00:00:00.000000000,"[-0.48071953654289246, -0.23869597911834717, -0.15618793666362762, -0.26619863510131836]","[-0.5300288796424866, -0.5115217566490173, -0.5218192934989929, -0.5311859250068665]"
117768.0,2008-12-01T00:00:00.000000000,"[-0.23869597911834717, -0.15618793666362762, -0.26619863510131836, -0.19469167292118073]","[-0.5125138163566589, -0.5123396515846252, -0.5214446783065796, -0.5127388834953308]"
117768.0,2009-03-01T00:00:00.000000000,"[-0.15618793666362762, -0.26619863510131836, -0.19469167292118073, 0.030830271542072296]","[-0.4353111982345581, -0.44358915090560913, -0.45408785343170166, -0.4416840076446533]"
117768.0,2009-06-01T00:00:00.000000000,"[-0.26619863510131836, -0.19469167292118073, 0.030830271542072296, 0.16284312307834625]","[-0.3719511032104492, -0.38298332691192627, -0.3723753094673157, -0.3968154191970825]"
117768.0,2009-09-01T00:00:00.000000000,"[-0.19469167292118073, 0.030830271542072296, 0.16284312307834625, 0.426868736743927]","[-0.4032406806945801, -0.3690146803855896, -0.3989255428314209, -0.4280976355075836]"
117768.0,2009-12-01T00:00:00.000000000,"[0.030830271542072296, 0.16284312307834625, 0.426868736743927, 0.36636292934417725]","[-0.37770217657089233, -0.34474438428878784, -0.40364545583724976, -0.38655638694763184]"
117768.0,2010-03-01T00:00:00.000000000,"[0.16284312307834625, 0.426868736743927, 0.36636292934417725, 0.3113575577735901]","[-0.28950774669647217, -0.2806616425514221, -0.32659757137298584, -0.30233484506607056]"
117768.0,2010-06-01T00:00:00.000000000,"[0.426868736743927, 0.36636292934417725, 0.3113575577735901, -0.2606981098651886]","[-0.21569883823394775, -0.2005937397480011, -0.21713519096374512, -0.23642778396606445]"
117768.0,2010-09-01T00:00:00.000000000,"[0.36636292934417725, 0.3113575577735901, -0.2606981098651886, -0.21669383347034454]","[-0.08073306083679199, -0.07418391108512878, -0.0957283079624176, -0.1074022650718689]"
117768.0,2010-12-01T00:00:00.000000000,"[0.3113575577735901, -0.2606981098651886, -0.21669383347034454, -0.018674563616514206]","[-0.12412160634994507, -0.07551932334899902, -0.12393912672996521, -0.14294224977493286]"
117768.0,2011-03-01T00:00:00.000000000,"[-0.2606981098651886, -0.21669383347034454, -0.018674563616514206, 0.27835431694984436]","[-0.007770359516143799, 0.042668551206588745, -0.049668729305267334, -0.0324324369430542]"
117768.0,2011-06-01T00:00:00.000000000,"[-0.21669383347034454, -0.018674563616514206, 0.27835431694984436, 0.3388602137565613]","[-0.17704133689403534, -0.14073166251182556, -0.15230083465576172, -0.18265558779239655]"
117768.0,2011-09-01T00:00:00.000000000,"[-0.018674563616514206, 0.27835431694984436, 0.3388602137565613, 0.2893553674221039]","[-0.22774310410022736, -0.13698378205299377, -0.2601613998413086, -0.22240442037582397]"
117768.0,2011-12-01T00:00:00.000000000,"[0.27835431694984436, 0.3388602137565613, 0.2893553674221039, 0.4983757734298706]","[-0.05211156606674194, -0.08062812685966492, -0.09465658664703369, -0.05921655893325806]"
117768.0,2012-03-01T00:00:00.000000000,"[0.3388602137565613, 0.2893553674221039, 0.4983757734298706, 0.8999148011207581]","[0.05494043231010437, 0.0401303768157959, 0.017400145530700684, 0.036286890506744385]"
117768.0,2012-06-01T00:00:00.000000000,"[0.2893553674221039, 0.4983757734298706, 0.8999148011207581, 1.0044249296188354]","[0.11293613910675049, 0.11824458837509155, 0.13425585627555847, 0.08362039923667908]"
117768.0,2012-09-01T00:00:00.000000000,"[0.4983757734298706, 0.8999148011207581, 1.0044249296188354, 1.3124550580978394]","[0.09677290916442871, 0.15215647220611572, 0.11196523904800415, 0.07153946161270142]"
117768.0,2012-12-01T00:00:00.000000000,"[0.8999148011207581, 1.0044249296188354, 1.3124550580978394, 1.5874814987182617]","[0.24997499585151672, 0.27465716004371643, 0.18215981125831604, 0.22064712643623352]"
117768.0,2013-03-01T00:00:00.000000000,"[1.0044249296188354, 1.3124550580978394, 1.5874814987182617, 1.8735092878341675]","[0.357708603143692, 0.3477676808834076, 0.2705255448818207, 0.328098326921463]"
126136.0,2004-03-01T00:00:00.000000000,"[-1.7227402925491333, -1.8930367231369019, -1.8688346147537231, -2.47697377204895]","[-1.710496187210083, -1.475528597831726, -1.108770728111267, -1.7663276195526123]"
126136.0,2004-06-01T00:00:00.000000000,"[-1.8930367231369019, -1.8688346147537231, -2.47697377204895, -1.0901788473129272]","[-1.832646369934082, -1.377157211303711, -1.9343383312225342, -1.8084585666656494]"
126136.0,2004-12-01T00:00:00.000000000,"[-1.8688346147537231, -2.47697377204895, -1.0901788473129272, 0.9051952958106995]","[-1.972214937210083, -2.026721954345703, -2.0455446243286133, -1.900333046913147]"
126136.0,2005-03-01T00:00:00.000000000,"[-2.47697377204895, -1.0901788473129272, 0.9051952958106995, -3.3530988693237305]","[-1.8658523559570312, -1.9321542978286743, -1.9692695140838623, -1.8142000436782837]"
126136.0,2005-06-01T00:00:00.000000000,"[-1.0901788473129272, 0.9051952958106995, -3.3530988693237305, -4.78873872756958]","[-2.105868101119995, -2.011580467224121, -2.0099339485168457, -2.061845302581787]"
126136.0,2005-09-01T00:00:00.000000000,"[0.9051952958106995, -3.3530988693237305, -4.78873872756958, 0.8174067735671997]","[-1.6249200105667114, -1.347246766090393, -1.663524866104126, -1.637377142906189]"
126136.0,2005-12-01T00:00:00.000000000,"[-3.3530988693237305, -4.78873872756958, 0.8174067735671997, 2.973616361618042]","[-0.7336852550506592, -0.781556248664856, -0.9882572889328003, -0.7964038848876953]"
126136.0,2006-03-01T00:00:00.000000000,"[-4.78873872756958, 0.8174067735671997, 2.973616361618042, 0.553381085395813]","[-2.213764190673828, -2.181201696395874, -1.3972201347351074, -2.1891517639160156]"
126136.0,2006-06-01T00:00:00.000000000,"[0.8174067735671997, 2.973616361618042, 0.553381085395813, 0.44337034225463867]","[-3.583763599395752, -2.684422731399536, -3.3251073360443115, -3.1168761253356934]"
126136.0,2006-12-01T00:00:00.000000000,"[2.973616361618042, 0.553381085395813, 0.44337034225463867, -0.28270024061203003]","[-1.1785308122634888, -1.2842998504638672, -1.3409240245819092, -1.1600664854049683]"
126136.0,2007-06-01T00:00:00.000000000,"[0.553381085395813, 0.44337034225463867, -0.28270024061203003, 1.8075029850006104]","[-0.1355762481689453, -0.31184935569763184, -0.23649311065673828, -0.23171043395996094]"
126136.0,2007-09-01T00:00:00.000000000,"[0.44337034225463867, -0.28270024061203003, 1.8075029850006104, 0.8394088745117188]","[-0.5642514228820801, -0.4079782962799072, -0.049249887466430664, -0.67011559009552]"
126136.0,2007-12-01T00:00:00.000000000,"[-0.28270024061203003, 1.8075029850006104, 0.8394088745117188, 1.8295050859451294]","[-0.5885088443756104, 0.0941627025604248, -0.7847344875335693, -0.6317945718765259]"
126136.0,2008-03-01T00:00:00.000000000,"[1.8075029850006104, 0.8394088745117188, 1.8295050859451294, 2.2915501594543457]","[-0.35557258129119873, -0.3065084218978882, -0.30717992782592773, -0.39938366413116455]"
126136.0,2008-06-01T00:00:00.000000000,"[0.8394088745117188, 1.8295050859451294, 2.2915501594543457, 2.1375350952148438]","[0.3027085065841675, 0.4799541234970093, -0.04148387908935547, 0.22756659984588623]"
126136.0,2008-09-01T00:00:00.000000000,"[1.8295050859451294, 2.2915501594543457, 2.1375350952148438, 1.7414965629577637]","[0.19438183307647705, 0.047803282737731934, 0.44130218029022217, 0.11286187171936035]"
126136.0,2008-12-01T00:00:00.000000000,"[2.2915501594543457, 2.1375350952148438, 1.7414965629577637, 2.3575565814971924]","[0.596794605255127, 1.1845641136169434, 0.5667624473571777, 0.46271324157714844]"
126136.0,2010-09-01T00:00:00.000000000,"[2.1375350952148438, 1.7414965629577637, 2.3575565814971924, 3.127631425857544]","[1.2142523527145386, 1.205382227897644, 1.0334104299545288, 1.0825556516647339]"
126136.0,2010-12-01T00:00:00.000000000,"[1.7414965629577637, 2.3575565814971924, 3.127631425857544, 6.515960693359375]","[1.0376009941101074, 1.2761313915252686, 0.7492284774780273, 0.9519381523132324]"
126136.0,2011-03-01T00:00:00.000000000,"[2.3575565814971924, 3.127631425857544, 6.515960693359375, 3.3916571140289307]","[0.9205214977264404, 0.9546267986297607, 1.0029716491699219, 0.8473935127258301]"
126136.0,2011-06-01T00:00:00.000000000,"[3.127631425857544, 6.515960693359375, 3.3916571140289307, 7.286036014556885]","[1.5916478633880615, 1.9460973739624023, 1.4001774787902832, 1.4562034606933594]"
126136.0,2011-09-01T00:00:00.000000000,"[6.515960693359375, 3.3916571140289307, 7.286036014556885, 7.880094051361084]","[1.8015819787979126, 1.9232717752456665, 1.5711621046066284, 1.6715434789657593]"
126136.0,2011-12-01T00:00:00.000000000,"[3.3916571140289307, 7.286036014556885, 7.880094051361084, 12.610553741455078]","[3.1403965950012207, 3.287642002105713, 2.5935521125793457, 2.9205422401428223]"
126136.0,2012-03-01T00:00:00.000000000,"[7.286036014556885, 7.880094051361084, 12.610553741455078, 8.34213924407959]","[2.3643500804901123, 2.5829901695251465, 3.082172393798828, 2.141936779022217]"
126136.0,2012-06-01T00:00:00.000000000,"[7.880094051361084, 12.610553741455078, 8.34213924407959, 10.938390731811523]","[3.5504372119903564, 4.4069929122924805, 2.900398015975952, 3.329129457473755]"
126136.0,2012-09-01T00:00:00.000000000,"[12.610553741455078, 8.34213924407959, 10.938390731811523, 13.6006498336792]","[4.121094226837158, 3.962916374206543, 3.6579830646514893, 3.9416534900665283]"
126136.0,2012-12-01T00:00:00.000000000,"[8.34213924407959, 10.938390731811523, 13.6006498336792, 18.947172164916992]","[6.318241119384766, 6.542688846588135, 5.39301061630249, 5.907154083251953]"
134932.0,2006-06-01T00:00:00.000000000,"[-0.2606981098651886, -0.23869597911834717, -0.3267045319080353, -0.2606981098651886]","[-0.32492795586586, -0.3015354871749878, -0.31103789806365967, -0.3108404278755188]"
134932.0,2006-09-01T00:00:00.000000000,"[-0.23869597911834717, -0.3267045319080353, -0.2606981098651886, -0.21669383347034454]","[-0.29297637939453125, -0.2831525504589081, -0.2966369092464447, -0.2812967598438263]"
134932.0,2006-12-01T00:00:00.000000000,"[-0.3267045319080353, -0.2606981098651886, -0.21669383347034454, -0.19469167292118073]","[-0.27472397685050964, -0.277885377407074, -0.2689472734928131, -0.2657988667488098]"
134932.0,2007-03-01T00:00:00.000000000,"[-0.2606981098651886, -0.21669383347034454, -0.19469167292118073, -0.28270024061203003]","[-0.31317877769470215, -0.2923898994922638, -0.2820243835449219, -0.30192509293556213]"
134932.0,2007-06-01T00:00:00.000000000,"[-0.21669383347034454, -0.19469167292118073, -0.28270024061203003, -0.3267045319080353]","[-0.28046998381614685, -0.25566381216049194, -0.2863188683986664, -0.27086377143859863]"
134932.0,2007-09-01T00:00:00.000000000,"[-0.19469167292118073, -0.28270024061203003, -0.3267045319080353, -0.23869597911834717]","[-0.2500602900981903, -0.2549271583557129, -0.2569839060306549, -0.2430310994386673]"
134932.0,2007-12-01T00:00:00.000000000,"[-0.28270024061203003, -0.3267045319080353, -0.23869597911834717, -0.1726895570755005]","[-0.2355746626853943, -0.23801371455192566, -0.2343163788318634, -0.23227956891059875]"
134932.0,2008-03-01T00:00:00.000000000,"[-0.3267045319080353, -0.23869597911834717, -0.1726895570755005, -0.06267886608839035]","[-0.2702770233154297, -0.24933867156505585, -0.24073296785354614, -0.2670062780380249]"
134932.0,2008-06-01T00:00:00.000000000,"[-0.23869597911834717, -0.1726895570755005, -0.06267886608839035, -0.19469167292118073]","[-0.2957431972026825, -0.2650678753852844, -0.29955264925956726, -0.2848252058029175]"
134932.0,2008-09-01T00:00:00.000000000,"[-0.1726895570755005, -0.06267886608839035, -0.19469167292118073, -0.12868529558181763]","[-0.2635310888290405, -0.26492297649383545, -0.2687618136405945, -0.25540849566459656]"
134932.0,2008-12-01T00:00:00.000000000,"[-0.06267886608839035, -0.19469167292118073, -0.12868529558181763, -0.018674563616514206]","[-0.22653986513614655, -0.23325583338737488, -0.2274494618177414, -0.22430571913719177]"
134932.0,2009-03-01T00:00:00.000000000,"[-0.19469167292118073, -0.12868529558181763, -0.018674563616514206, 0.15734252333641052]","[-0.16963155567646027, -0.1553865224123001, -0.15689237415790558, -0.17708203196525574]"
134932.0,2009-06-01T00:00:00.000000000,"[-0.12868529558181763, -0.018674563616514206, 0.15734252333641052, 0.17934469878673553]","[-0.19742219150066376, -0.16808998584747314, -0.1675538867712021, -0.20338281989097595]"
134932.0,2009-09-01T00:00:00.000000000,"[-0.018674563616514206, 0.15734252333641052, 0.17934469878673553, 0.3113575577735901]","[-0.18132585287094116, -0.15325090289115906, -0.20142686367034912, -0.18334460258483887]"
134932.0,2009-12-01T00:00:00.000000000,"[0.15734252333641052, 0.17934469878673553, 0.3113575577735901, 0.553381085395813]","[-0.125930055975914, -0.1383688747882843, -0.14374536275863647, -0.13161437213420868]"
134932.0,2010-03-01T00:00:00.000000000,"[0.17934469878673553, 0.3113575577735901, 0.553381085395813, 0.4653724431991577]","[-0.05542270839214325, -0.04177503287792206, -0.05721759796142578, -0.07074351608753204]"
134932.0,2010-06-01T00:00:00.000000000,"[0.3113575577735901, 0.553381085395813, 0.4653724431991577, 0.2453511357307434]","[-0.0380244106054306, -0.010785087943077087, -0.0300910621881485, -0.054262131452560425]"
134932.0,2010-09-01T00:00:00.000000000,"[0.553381085395813, 0.4653724431991577, 0.2453511357307434, 0.2233489453792572]","[0.00605359673500061, 0.03715510666370392, -0.015837445855140686, -0.008298709988594055]"
134932.0,2010-12-01T00:00:00.000000000,"[0.4653724431991577, 0.2453511357307434, 0.2233489453792572, 0.025329740718007088]","[0.10302543640136719, 0.12478485703468323, 0.08831620216369629, 0.08274844288825989]"
134932.0,2011-03-01T00:00:00.000000000,"[0.2453511357307434, 0.2233489453792572, 0.025329740718007088, -0.04067668318748474]","[0.11829094588756561, 0.16485343873500824, 0.162810280919075, 0.09330983459949493]"
134932.0,2011-06-01T00:00:00.000000000,"[0.2233489453792572, 0.025329740718007088, -0.04067668318748474, -0.48071953654289246]","[0.05404725670814514, 0.14084744453430176, 0.06910941004753113, 0.04160141944885254]"
134932.0,2011-09-01T00:00:00.000000000,"[0.025329740718007088, -0.04067668318748474, -0.48071953654289246, -0.4367152154445648]","[0.06458906829357147, 0.11682060360908508, 0.029151156544685364, 0.06105071306228638]"
134932.0,2011-12-01T00:00:00.000000000,"[-0.04067668318748474, -0.48071953654289246, -0.4367152154445648, -0.10668310523033142]","[0.022548720240592957, 0.055233582854270935, 0.035529643297195435, 0.022007867693901062]"
134932.0,2012-03-01T00:00:00.000000000,"[-0.48071953654289246, -0.4367152154445648, -0.10668310523033142, 0.06933397799730301]","[0.008954077959060669, 0.06441761553287506, 0.014404147863388062, 0.010216236114501953]"
134932.0,2012-06-01T00:00:00.000000000,"[-0.4367152154445648, -0.10668310523033142, 0.06933397799730301, 0.06933397799730301]","[-0.28388261795043945, -0.22221489250659943, -0.2044544368982315, -0.2193029373884201]"
134932.0,2012-09-01T00:00:00.000000000,"[-0.10668310523033142, 0.06933397799730301, 0.06933397799730301, 0.6853939294815063]","[-0.35569074749946594, -0.285380482673645, -0.2986304759979248, -0.2603759169578552]"
134932.0,2012-12-01T00:00:00.000000000,"[0.06933397799730301, 0.06933397799730301, 0.6853939294815063, 1.2134451866149902]","[-0.17387062311172485, -0.17320933938026428, -0.16565166413784027, -0.13263393938541412]"
134932.0,2013-03-01T00:00:00.000000000,"[0.06933397799730301, 0.6853939294815063, 1.2134451866149902, 1.6974923610687256]","[-0.051867127418518066, -0.04180908203125, -0.004881709814071655, -0.038859717547893524]"
136725.0,2006-06-01T00:00:00.000000000,"[0.03259040787816048, 0.25767233967781067, 0.5021160840988159, 0.17208397388458252]","[0.019123896956443787, 0.03790996968746185, 0.05588476359844208, 0.01831004023551941]"
136725.0,2006-09-01T00:00:00.000000000,"[0.25767233967781067, 0.5021160840988159, 0.17208397388458252, 0.41652771830558777]","[0.024305075407028198, 0.09191887080669403, -0.009676605463027954, 0.028847545385360718]"
136725.0,2006-12-01T00:00:00.000000000,"[0.5021160840988159, 0.17208397388458252, 0.41652771830558777, 0.392105370759964]","[0.1707354336977005, 0.14209960401058197, 0.1270088106393814, 0.16574479639530182]"
136725.0,2007-03-01T00:00:00.000000000,"[0.17208397388458252, 0.41652771830558777, 0.392105370759964, 0.7390791177749634]","[0.22186081111431122, 0.2195870727300644, 0.17102108895778656, 0.21357612311840057]"
136725.0,2007-06-01T00:00:00.000000000,"[0.41652771830558777, 0.392105370759964, 0.7390791177749634, 0.3797842264175415]","[0.12206267565488815, 0.14925679564476013, 0.16493424773216248, 0.11799939721822739]"
136725.0,2007-09-01T00:00:00.000000000,"[0.392105370759964, 0.7390791177749634, 0.3797842264175415, 0.6730727553367615]","[0.23981469869613647, 0.3220246136188507, 0.18491452932357788, 0.2296977937221527]"
136725.0,2007-12-01T00:00:00.000000000,"[0.7390791177749634, 0.3797842264175415, 0.6730727553367615, 0.8125662803649902]","[0.32680171728134155, 0.29407039284706116, 0.2747560143470764, 0.3158184289932251]"
136725.0,2008-03-01T00:00:00.000000000,"[0.3797842264175415, 0.6730727553367615, 0.8125662803649902, 0.7881438732147217]","[0.4405185878276825, 0.46205130219459534, 0.3702522814273834, 0.4179961383342743]"
136725.0,2008-06-01T00:00:00.000000000,"[0.6730727553367615, 0.8125662803649902, 0.7881438732147217, 0.543700098991394]","[0.3426554799079895, 0.34654930233955383, 0.40938305854797363, 0.3233658969402313]"
136725.0,2008-09-01T00:00:00.000000000,"[0.8125662803649902, 0.7881438732147217, 0.543700098991394, 0.7538204789161682]","[0.47910475730895996, 0.5421196222305298, 0.40815770626068115, 0.45638135075569153]"
136725.0,2008-12-01T00:00:00.000000000,"[0.7881438732147217, 0.543700098991394, 0.7538204789161682, 1.3307167291641235]","[0.5230586528778076, 0.4924055337905884, 0.4791570007801056, 0.5041736960411072]"
136725.0,2009-03-01T00:00:00.000000000,"[0.543700098991394, 0.7538204789161682, 1.3307167291641235, 1.1621804237365723]","[0.5379146933555603, 0.5111188292503357, 0.5354949235916138, 0.5177928805351257]"
136725.0,2009-06-01T00:00:00.000000000,"[0.7538204789161682, 1.3307167291641235, 1.1621804237365723, 1.0886931419372559]","[0.4649558365345001, 0.44709885120391846, 0.5109443664550781, 0.4525713622570038]"
136725.0,2009-09-01T00:00:00.000000000,"[1.3307167291641235, 1.1621804237365723, 1.0886931419372559, 1.323456048965454]","[0.5379639267921448, 0.6081583499908447, 0.47723400592803955, 0.5252485871315002]"
136725.0,2009-12-01T00:00:00.000000000,"[1.1621804237365723, 1.0886931419372559, 1.323456048965454, 1.3747209310531616]","[0.7754994630813599, 0.754754364490509, 0.6943527460098267, 0.7483771443367004]"
136725.0,2010-03-01T00:00:00.000000000,"[1.0886931419372559, 1.323456048965454, 1.3747209310531616, 1.5874814987182617]","[0.7655668258666992, 0.7294150590896606, 0.8245350122451782, 0.7335270047187805]"
136725.0,2010-06-01T00:00:00.000000000,"[1.323456048965454, 1.3747209310531616, 1.5874814987182617, 1.2134451866149902]","[0.7427689433097839, 0.772047758102417, 0.7773717641830444, 0.7183327674865723]"
136725.0,2010-09-01T00:00:00.000000000,"[1.3747209310531616, 1.5874814987182617, 1.2134451866149902, 1.6827508211135864]","[0.89436936378479, 0.9452389478683472, 0.8089313507080078, 0.8683621883392334]"
136725.0,2010-12-01T00:00:00.000000000,"[1.5874814987182617, 1.2134451866149902, 1.6827508211135864, 1.8147637844085693]","[0.9371938705444336, 0.9432260990142822, 0.8932403326034546, 0.9122803211212158]"
136725.0,2011-03-01T00:00:00.000000000,"[1.2134451866149902, 1.6827508211135864, 1.8147637844085693, 1.8515071868896484]","[1.0917596817016602, 1.1694639921188354, 1.0124976634979248, 1.0537503957748413]"
136725.0,2011-06-01T00:00:00.000000000,"[1.6827508211135864, 1.8147637844085693, 1.8515071868896484, 1.2721909284591675]","[1.0027285814285278, 1.0829719305038452, 1.0494457483291626, 0.9694100022315979]"
136725.0,2011-09-01T00:00:00.000000000,"[1.8147637844085693, 1.8515071868896484, 1.2721909284591675, 0.11333828419446945]","[1.1467671394348145, 1.2284612655639648, 1.0488948822021484, 1.1190776824951172]"
136725.0,2011-12-01T00:00:00.000000000,"[1.8515071868896484, 1.2721909284591675, 0.11333828419446945, 1.3307167291641235]","[1.3037300109863281, 1.2846144437789917, 1.2704334259033203, 1.2643073797225952]"
136725.0,2012-03-01T00:00:00.000000000,"[1.2721909284591675, 0.11333828419446945, 1.3307167291641235, 1.924774408340454]","[1.316441535949707, 1.41672945022583, 1.3150527477264404, 1.2735438346862793]"
136725.0,2012-06-01T00:00:00.000000000,"[0.11333828419446945, 1.3307167291641235, 1.924774408340454, 1.880770206451416]","[1.1304447650909424, 1.246621012687683, 1.2258810997009277, 1.107176661491394]"
136725.0,2012-09-01T00:00:00.000000000,"[1.3307167291641235, 1.924774408340454, 1.880770206451416, 2.174278736114502]","[0.732955813407898, 0.8786512613296509, 0.720857560634613, 0.7771205902099609]"
136725.0,2012-12-01T00:00:00.000000000,"[1.924774408340454, 1.880770206451416, 2.174278736114502, 1.9175138473510742]","[1.033891201019287, 1.0461174249649048, 0.9925238490104675, 1.0517921447753906]"
136725.0,2013-03-01T00:00:00.000000000,"[1.880770206451416, 2.174278736114502, 1.9175138473510742, 2.1595370769500732]","[1.364274501800537, 1.3174291849136353, 1.3334280252456665, 1.3479684591293335]"
137310.0,2005-09-01T00:00:00.000000000,"[-0.10668310523033142, 0.047331858426332474, -0.06267886608839035, -0.15068741142749786]","[-0.018456727266311646, 0.007957473397254944, 0.0011841803789138794, -0.059070706367492676]"
137310.0,2005-12-01T00:00:00.000000000,"[0.047331858426332474, -0.06267886608839035, -0.15068741142749786, -0.4147131145000458]","[-0.09330476820468903, -0.08622225373983383, -0.12511581182479858, -0.13095499575138092]"
137310.0,2006-03-01T00:00:00.000000000,"[-0.06267886608839035, -0.15068741142749786, -0.4147131145000458, -0.4367152154445648]","[0.06959588825702667, 0.025849461555480957, 0.03469949960708618, 0.09229831397533417]"
137310.0,2006-06-01T00:00:00.000000000,"[-0.15068741142749786, -0.4147131145000458, -0.4367152154445648, -0.5907301902770996]","[-0.10435036569833755, -0.10987746715545654, -0.10216820985078812, -0.08211296796798706]"
137310.0,2006-09-01T00:00:00.000000000,"[-0.4147131145000458, -0.4367152154445648, -0.5907301902770996, -0.45871737599372864]","[-0.14388442039489746, -0.14322379231452942, -0.1408432424068451, -0.12205097079277039]"
137310.0,2007-09-01T00:00:00.000000000,"[-0.4367152154445648, -0.5907301902770996, -0.45871737599372864, -0.6787387728691101]","[-0.2609773874282837, -0.2464183270931244, -0.2215069830417633, -0.2260870337486267]"
137310.0,2007-12-01T00:00:00.000000000,"[-0.5907301902770996, -0.45871737599372864, -0.6787387728691101, -0.30470237135887146]","[-0.326194703578949, -0.2935522794723511, -0.2299216389656067, -0.20295533537864685]"
137310.0,2008-03-01T00:00:00.000000000,"[-0.45871737599372864, -0.6787387728691101, -0.30470237135887146, -0.2606981098651886]","[-0.4389464557170868, -0.37750300765037537, -0.23318050801753998, -0.20426073670387268]"
137310.0,2008-06-01T00:00:00.000000000,"[-0.6787387728691101, -0.30470237135887146, -0.2606981098651886, -0.21669383347034454]","[-0.3059580326080322, -0.2767210602760315, -0.23377448320388794, -0.21223199367523193]"
137310.0,2008-09-01T00:00:00.000000000,"[-0.30470237135887146, -0.2606981098651886, -0.21669383347034454, -0.1726895570755005]","[-0.47330188751220703, -0.4019543528556824, -0.2806859612464905, -0.25916439294815063]"
137310.0,2008-12-01T00:00:00.000000000,"[-0.2606981098651886, -0.21669383347034454, -0.1726895570755005, -0.04067668318748474]","[-0.22845248878002167, -0.21062161028385162, -0.2392529547214508, -0.17246803641319275]"
137310.0,2009-03-01T00:00:00.000000000,"[-0.21669383347034454, -0.1726895570755005, -0.04067668318748474, 0.047331858426332474]","[-0.24444729089736938, -0.23806776106357574, -0.22390230000019073, -0.19422677159309387]"
137310.0,2009-06-01T00:00:00.000000000,"[-0.1726895570755005, -0.04067668318748474, 0.047331858426332474, 0.003327556187286973]","[-0.11120102554559708, -0.08527636528015137, -0.15020108222961426, -0.16750113666057587]"
137310.0,2009-09-01T00:00:00.000000000,"[-0.04067668318748474, 0.047331858426332474, 0.003327556187286973, 0.003327556187286973]","[-0.1442430317401886, -0.13144338130950928, -0.1666974127292633, -0.17125366628170013]"
137310.0,2009-12-01T00:00:00.000000000,"[0.047331858426332474, 0.003327556187286973, 0.003327556187286973, -0.08468098938465118]","[-0.1122913658618927, -0.10240456461906433, -0.13861168920993805, -0.1447165608406067]"
137310.0,2010-03-01T00:00:00.000000000,"[0.003327556187286973, 0.003327556187286973, -0.08468098938465118, 0.025329740718007088]","[-0.11197122931480408, -0.10614519566297531, -0.12920425832271576, -0.12511536478996277]"
137310.0,2010-06-01T00:00:00.000000000,"[0.003327556187286973, -0.08468098938465118, 0.025329740718007088, -0.15068741142749786]","[-0.08200440555810928, -0.07069288194179535, -0.11316896975040436, -0.12430047243833542]"
137310.0,2010-09-01T00:00:00.000000000,"[-0.08468098938465118, 0.025329740718007088, -0.15068741142749786, -0.3487066924571991]","[-0.07739874720573425, -0.06735335290431976, -0.1255580186843872, -0.15120306611061096]"
137310.0,2010-12-01T00:00:00.000000000,"[0.025329740718007088, -0.15068741142749786, -0.3487066924571991, -0.3487066924571991]","[-0.17947222292423248, -0.18675532937049866, -0.20840543508529663, -0.2140432745218277]"
137310.0,2011-03-01T00:00:00.000000000,"[-0.15068741142749786, -0.3487066924571991, -0.3487066924571991, -0.3267045319080353]","[-0.1159781813621521, -0.11437682062387466, -0.11152113229036331, -0.09218958765268326]"
137310.0,2011-06-01T00:00:00.000000000,"[-0.3487066924571991, -0.3487066924571991, -0.3267045319080353, -0.3267045319080353]","[-0.13241590559482574, -0.13263779878616333, -0.13314178586006165, -0.11721392720937729]"
137310.0,2011-09-01T00:00:00.000000000,"[-0.3487066924571991, -0.3267045319080353, -0.3267045319080353, -0.30470237135887146]","[-0.25859445333480835, -0.24129718542099, -0.2426241636276245, -0.24876508116722107]"
137310.0,2011-12-01T00:00:00.000000000,"[-0.3267045319080353, -0.3267045319080353, -0.30470237135887146, -0.23869597911834717]","[-0.17865774035453796, -0.3066260516643524, -0.4103296995162964, -0.35477861762046814]"
137310.0,2012-03-01T00:00:00.000000000,"[-0.3267045319080353, -0.30470237135887146, -0.23869597911834717, -0.15068741142749786]","[-0.3043670058250427, -0.29139089584350586, -0.26105940341949463, -0.2288329005241394]"
137310.0,2012-06-01T00:00:00.000000000,"[-0.30470237135887146, -0.23869597911834717, -0.15068741142749786, -0.06267886608839035]","[-0.312045693397522, -0.2984977960586548, -0.278752863407135, -0.2485378235578537]"
137310.0,2012-09-01T00:00:00.000000000,"[-0.23869597911834717, -0.15068741142749786, -0.06267886608839035, -0.06267886608839035]","[-0.2477848380804062, -0.23387467861175537, -0.2445724904537201, -0.2355804741382599]"
137310.0,2012-12-01T00:00:00.000000000,"[-0.15068741142749786, -0.06267886608839035, -0.06267886608839035, 0.047331858426332474]","[-0.262602299451828, -0.25644350051879883, -0.25003522634506226, -0.22915096580982208]"
137310.0,2013-03-01T00:00:00.000000000,"[-0.06267886608839035, -0.06267886608839035, 0.047331858426332474, 0.2453511357307434]","[-0.187847301363945, -0.18071924149990082, -0.20355097949504852, -0.20586532354354858]"
142953.0,2006-06-01T00:00:00.000000000,"[0.17934469878673553, 0.3993660807609558, 0.33335965871810913, 0.20134682953357697]","[0.23395682871341705, 0.26688721776008606, 0.3141162395477295, 0.32430413365364075]"
142953.0,2006-09-01T00:00:00.000000000,"[0.3993660807609558, 0.33335965871810913, 0.20134682953357697, 0.33335965871810913]","[0.16958019137382507, 0.22115588188171387, 0.26763784885406494, 0.3536689281463623]"
142953.0,2006-12-01T00:00:00.000000000,"[0.33335965871810913, 0.20134682953357697, 0.33335965871810913, 0.2233489453792572]","[0.36816680431365967, 0.3467071056365967, 0.34057220816612244, 0.3694145679473877]"
142953.0,2007-03-01T00:00:00.000000000,"[0.20134682953357697, 0.33335965871810913, 0.2233489453792572, 0.3113575577735901]","[0.3826249837875366, 0.4413646161556244, 0.3722369074821472, 0.3429548442363739]"
142953.0,2007-06-01T00:00:00.000000000,"[0.33335965871810913, 0.2233489453792572, 0.3113575577735901, 0.35536178946495056]","[0.2555224299430847, 0.2878485321998596, 0.3469521105289459, 0.35372939705848694]"
142953.0,2007-09-01T00:00:00.000000000,"[0.2233489453792572, 0.3113575577735901, 0.35536178946495056, 0.26735323667526245]","[0.3254491090774536, 0.2562384009361267, 0.20422804355621338, 0.3213369846343994]"
142953.0,2007-12-01T00:00:00.000000000,"[0.3113575577735901, 0.35536178946495056, 0.26735323667526245, 0.44337034225463867]","[0.2590835690498352, 0.256608247756958, 0.2763553261756897, 0.30210238695144653]"
142953.0,2008-03-01T00:00:00.000000000,"[0.35536178946495056, 0.26735323667526245, 0.44337034225463867, 0.33335965871810913]","[0.34359660744667053, 0.43236783146858215, 0.3190828859806061, 0.31863993406295776]"
142953.0,2008-06-01T00:00:00.000000000,"[0.26735323667526245, 0.44337034225463867, 0.33335965871810913, 0.4653724431991577]","[0.3414495289325714, 0.3029845952987671, 0.3089092969894409, 0.33382701873779297]"
142953.0,2008-09-01T00:00:00.000000000,"[0.44337034225463867, 0.33335965871810913, 0.4653724431991577, 0.35536178946495056]","[0.2546054422855377, 0.2734382152557373, 0.32539865374565125, 0.34437233209609985]"
142953.0,2008-12-01T00:00:00.000000000,"[0.33335965871810913, 0.4653724431991577, 0.35536178946495056, 0.553381085395813]","[0.3527210056781769, 0.3537347912788391, 0.3544282913208008, 0.3686935603618622]"
142953.0,2009-03-01T00:00:00.000000000,"[0.4653724431991577, 0.35536178946495056, 0.553381085395813, 0.553381085395813]","[0.3459281921386719, 0.34950128197669983, 0.3537580668926239, 0.356275737285614]"
142953.0,2009-06-01T00:00:00.000000000,"[0.35536178946495056, 0.553381085395813, 0.553381085395813, 0.6633917689323425]","[0.43676215410232544, 0.4520385265350342, 0.3902132511138916, 0.3604293465614319]"
142953.0,2009-09-01T00:00:00.000000000,"[0.553381085395813, 0.553381085395813, 0.6633917689323425, 0.5313789248466492]","[0.3434743583202362, 0.3446902334690094, 0.34799623489379883, 0.36402785778045654]"
142953.0,2009-12-01T00:00:00.000000000,"[0.553381085395813, 0.6633917689323425, 0.5313789248466492, 0.6633917689323425]","[0.41421592235565186, 0.42883002758026123, 0.3970712721347809, 0.3937583267688751]"
142953.0,2010-03-01T00:00:00.000000000,"[0.6633917689323425, 0.5313789248466492, 0.6633917689323425, 0.6853939294815063]","[0.553793728351593, 0.5484079718589783, 0.4980646073818207, 0.46888357400894165]"
142953.0,2010-06-01T00:00:00.000000000,"[0.5313789248466492, 0.6633917689323425, 0.6853939294815063, 0.7293981313705444]","[0.6124246716499329, 0.6199126839637756, 0.5107082724571228, 0.472609281539917]"
142953.0,2010-09-01T00:00:00.000000000,"[0.6633917689323425, 0.6853939294815063, 0.7293981313705444, 0.553381085395813]","[0.512864351272583, 0.5015738606452942, 0.49512648582458496, 0.5155197381973267]"
142953.0,2010-12-01T00:00:00.000000000,"[0.6853939294815063, 0.7293981313705444, 0.553381085395813, 0.7073960304260254]","[0.5670363306999207, 0.5950694680213928, 0.5482819676399231, 0.5603935122489929]"
142953.0,2011-03-01T00:00:00.000000000,"[0.7293981313705444, 0.553381085395813, 0.7073960304260254, 0.6413896679878235]","[0.5584694743156433, 0.5866428017616272, 0.5512934923171997, 0.5537824630737305]"
142953.0,2011-06-01T00:00:00.000000000,"[0.553381085395813, 0.7073960304260254, 0.6413896679878235, 0.8174067735671997]","[0.5875418186187744, 0.6142421364784241, 0.5578199028968811, 0.5835214257240295]"
142953.0,2011-09-01T00:00:00.000000000,"[0.7073960304260254, 0.6413896679878235, 0.8174067735671997, 0.6853939294815063]","[0.5332412719726562, 0.5541558861732483, 0.5219842791557312, 0.5349056124687195]"
142953.0,2011-12-01T00:00:00.000000000,"[0.6413896679878235, 0.8174067735671997, 0.6853939294815063, 0.6853939294815063]","[0.5977524518966675, 0.626359224319458, 0.5676378011703491, 0.593864917755127]"
142953.0,2012-03-01T00:00:00.000000000,"[0.8174067735671997, 0.6853939294815063, 0.6853939294815063, 0.7734025120735168]","[0.6009378433227539, 0.587069034576416, 0.6139826774597168, 0.5965626239776611]"
142953.0,2012-06-01T00:00:00.000000000,"[0.6853939294815063, 0.6853939294815063, 0.7734025120735168, 0.9934238195419312]","[0.6701955795288086, 0.6686708927154541, 0.6346185207366943, 0.6633607149124146]"
142953.0,2012-09-01T00:00:00.000000000,"[0.6853939294815063, 0.7734025120735168, 0.9934238195419312, 0.7514004111289978]","[0.6010450720787048, 0.607374370098114, 0.5807164907455444, 0.601568341255188]"
142953.0,2012-12-01T00:00:00.000000000,"[0.7734025120735168, 0.9934238195419312, 0.7514004111289978, 0.8614109754562378]","[0.6365553140640259, 0.6700779795646667, 0.6023904085159302, 0.6323106288909912]"
142953.0,2013-03-01T00:00:00.000000000,"[0.9934238195419312, 0.7514004111289978, 0.8614109754562378, 0.8834132552146912]","[0.7205380201339722, 0.729982852935791, 0.7013805508613586, 0.7059800624847412]"
143912.0,2007-06-01T00:00:00.000000000,"[-0.4147131145000458, -0.1726895570755005, -0.45871737599372864, -0.2606981098651886]","[-0.6096073985099792, -0.6052985787391663, -0.6012628674507141, -0.5898404717445374]"
143912.0,2007-09-01T00:00:00.000000000,"[-0.1726895570755005, -0.45871737599372864, -0.2606981098651886, -0.5247237682342529]","[-0.5304454565048218, -0.5354652404785156, -0.5375332832336426, -0.5265178680419922]"
143912.0,2008-03-01T00:00:00.000000000,"[-0.45871737599372864, -0.2606981098651886, -0.5247237682342529, -0.23869597911834717]","[-0.4302283525466919, -0.4423184394836426, -0.4406975507736206, -0.43604639172554016]"
143912.0,2008-06-01T00:00:00.000000000,"[-0.2606981098651886, -0.5247237682342529, -0.23869597911834717, -0.39271095395088196]","[-0.4711494445800781, -0.46291792392730713, -0.4068489074707031, -0.4805428981781006]"
143912.0,2008-09-01T00:00:00.000000000,"[-0.5247237682342529, -0.23869597911834717, -0.39271095395088196, -0.08468098938465118]","[-0.43884944915771484, -0.394289493560791, -0.4631240665912628, -0.44367071986198425]"
143912.0,2009-03-01T00:00:00.000000000,"[-0.23869597911834717, -0.39271095395088196, -0.08468098938465118, 0.20134682953357697]","[-0.5004374980926514, -0.5051453113555908, -0.4928596019744873, -0.4962226152420044]"
143912.0,2009-06-01T00:00:00.000000000,"[-0.39271095395088196, -0.08468098938465118, 0.20134682953357697, 0.17934469878673553]","[-0.40165120363235474, -0.3821735978126526, -0.4272541403770447, -0.4074918031692505]"
143912.0,2009-09-01T00:00:00.000000000,"[-0.08468098938465118, 0.20134682953357697, 0.17934469878673553, -0.722743034362793]","[-0.3928070068359375, -0.40388065576553345, -0.36388546228408813, -0.4024181365966797]"
143912.0,2009-12-01T00:00:00.000000000,"[0.20134682953357697, 0.17934469878673553, -0.722743034362793, 0.17934469878673553]","[-0.3200247883796692, -0.27770236134529114, -0.357803612947464, -0.33230236172676086]"
143912.0,2010-03-01T00:00:00.000000000,"[0.17934469878673553, -0.722743034362793, 0.17934469878673553, 1.499472975730896]","[-0.1657252311706543, -0.18639788031578064, -0.2093518078327179, -0.1872229278087616]"
143912.0,2010-06-01T00:00:00.000000000,"[-0.722743034362793, 0.17934469878673553, 1.499472975730896, -0.018674563616514206]","[-0.13681074976921082, -0.12917190790176392, -0.1203840970993042, -0.16374489665031433]"
143912.0,2010-09-01T00:00:00.000000000,"[0.17934469878673553, 1.499472975730896, -0.018674563616514206, 0.13534040749073029]","[-0.4497028887271881, -0.37417474389076233, -0.3524664342403412, -0.4466542899608612]"
143912.0,2010-12-01T00:00:00.000000000,"[1.499472975730896, -0.018674563616514206, 0.13534040749073029, 1.8735092878341675]","[-0.22137047350406647, -0.19043955206871033, -0.2587672472000122, -0.22673839330673218]"
143912.0,2011-03-01T00:00:00.000000000,"[-0.018674563616514206, 0.13534040749073029, 1.8735092878341675, 0.3113575577735901]","[0.26289910078048706, 0.2029355764389038, 0.16857469081878662, 0.22606605291366577]"
147579.0,2006-06-01T00:00:00.000000000,"[-0.3392457664012909, -0.39909157156944275, -0.4743388891220093, -0.45871737599372864]","[-0.4692522883415222, -0.46854689717292786, -0.4688017964363098, -0.47142577171325684]"
147579.0,2006-09-01T00:00:00.000000000,"[-0.39909157156944275, -0.4743388891220093, -0.45871737599372864, -0.5687280893325806]","[-0.42646563053131104, -0.4236034154891968, -0.4449530243873596, -0.4310363531112671]"
147579.0,2006-12-01T00:00:00.000000000,"[-0.4743388891220093, -0.45871737599372864, -0.5687280893325806, -0.5467259287834167]","[-0.4427105784416199, -0.43814367055892944, -0.42310550808906555, -0.448100209236145]"
147579.0,2007-03-01T00:00:00.000000000,"[-0.45871737599372864, -0.5687280893325806, -0.5467259287834167, -0.5467259287834167]","[-0.4727134108543396, -0.43364936113357544, -0.47250133752822876, -0.4736030697822571]"
147579.0,2007-06-01T00:00:00.000000000,"[-0.5687280893325806, -0.5467259287834167, -0.5467259287834167, -0.5687280893325806]","[-0.4631134867668152, -0.44811898469924927, -0.47444742918014526, -0.4616977572441101]"
147579.0,2007-09-01T00:00:00.000000000,"[-0.5467259287834167, -0.5467259287834167, -0.5687280893325806, -0.5027216672897339]","[-0.511570394039154, -0.511461615562439, -0.5079670548439026, -0.5026256442070007]"
147579.0,2007-12-01T00:00:00.000000000,"[-0.5467259287834167, -0.5687280893325806, -0.5027216672897339, -0.4367152154445648]","[-0.5090568661689758, -0.5020394325256348, -0.5102647542953491, -0.4997144639492035]"
147579.0,2008-03-01T00:00:00.000000000,"[-0.5687280893325806, -0.5027216672897339, -0.4367152154445648, -0.37070879340171814]","[-0.5237873196601868, -0.5221315026283264, -0.5069664120674133, -0.5100358128547668]"
147579.0,2008-06-01T00:00:00.000000000,"[-0.5027216672897339, -0.4367152154445648, -0.37070879340171814, 0.17934469878673553]","[-0.5579937100410461, -0.549217164516449, -0.5357382893562317, -0.535335898399353]"
147579.0,2008-09-01T00:00:00.000000000,"[-0.4367152154445648, -0.37070879340171814, 0.17934469878673553, -0.37070879340171814]","[-0.51833575963974, -0.5141778588294983, -0.5153768658638, -0.5048527121543884]"
147579.0,2008-12-01T00:00:00.000000000,"[-0.37070879340171814, 0.17934469878673553, -0.37070879340171814, -0.06267886608839035]","[-0.4717801809310913, -0.47552430629730225, -0.4736606478691101, -0.4672521948814392]"
147579.0,2009-03-01T00:00:00.000000000,"[0.17934469878673553, -0.37070879340171814, -0.06267886608839035, 0.20134682953357697]","[-0.4355127513408661, -0.430793821811676, -0.4376852810382843, -0.4355369806289673]"
147579.0,2009-06-01T00:00:00.000000000,"[-0.37070879340171814, -0.06267886608839035, 0.20134682953357697, 0.7073960304260254]","[-0.27577582001686096, -0.2729279398918152, -0.30716732144355774, -0.2862240672111511]"
147579.0,2009-09-01T00:00:00.000000000,"[-0.06267886608839035, 0.20134682953357697, 0.7073960304260254, 1.1694409847259521]","[-0.38814759254455566, -0.38767898082733154, -0.2860024869441986, -0.3966533839702606]"
147579.0,2009-12-01T00:00:00.000000000,"[0.20134682953357697, 0.7073960304260254, 1.1694409847259521, 1.2574495077133179]","[-0.304034560918808, -0.23423075675964355, -0.33577972650527954, -0.31132572889328003]"
147579.0,2010-03-01T00:00:00.000000000,"[0.7073960304260254, 1.1694409847259521, 1.2574495077133179, -0.04067668318748474]","[-0.20524951815605164, -0.2250058948993683, -0.2270103096961975, -0.21469464898109436]"
147579.0,2010-06-01T00:00:00.000000000,"[1.1694409847259521, 1.2574495077133179, -0.04067668318748474, 0.9714217185974121]","[-0.020279020071029663, -0.029677629470825195, -0.07158148288726807, -0.04041305184364319]"
147579.0,2010-09-01T00:00:00.000000000,"[1.2574495077133179, -0.04067668318748474, 0.9714217185974121, 0.6193875670433044]","[0.23835453391075134, 0.28241822123527527, 0.22493180632591248, 0.1912214457988739]"
147579.0,2010-12-01T00:00:00.000000000,"[-0.04067668318748474, 0.9714217185974121, 0.6193875670433044, 2.533573627471924]","[0.31777718663215637, 0.36006978154182434, 0.29225876927375793, 0.23566851019859314]"
147579.0,2011-03-01T00:00:00.000000000,"[0.9714217185974121, 0.6193875670433044, 2.533573627471924, 2.1595370769500732]","[-0.08409847319126129, 0.02803078293800354, 0.02121216058731079, -0.08514724671840668]"
147579.0,2011-06-01T00:00:00.000000000,"[0.6193875670433044, 2.533573627471924, 2.1595370769500732, 2.7535951137542725]","[0.21005719900131226, 0.3266199827194214, 0.13014665246009827, 0.19756096601486206]"
147579.0,2011-09-01T00:00:00.000000000,"[2.533573627471924, 2.1595370769500732, 2.7535951137542725, 2.7975993156433105]","[0.3377123475074768, 0.3008955121040344, 0.41866666078567505, 0.30682605504989624]"
147579.0,2011-12-01T00:00:00.000000000,"[2.1595370769500732, 2.7535951137542725, 2.7975993156433105, 3.127631425857544]","[0.9510648846626282, 1.0950069427490234, 0.7680608630180359, 0.8786188960075378]"
147579.0,2012-03-01T00:00:00.000000000,"[2.7535951137542725, 2.7975993156433105, 3.127631425857544, 1.9175138473510742]","[1.0175912380218506, 1.0473897457122803, 1.1800884008407593, 0.9265900254249573]"
147579.0,2012-06-01T00:00:00.000000000,"[2.7975993156433105, 3.127631425857544, 1.9175138473510742, 7.5500617027282715]","[1.250529170036316, 1.5462273359298706, 1.1229777336120605, 1.1645593643188477]"
147579.0,2012-09-01T00:00:00.000000000,"[3.127631425857544, 1.9175138473510742, 7.5500617027282715, 5.833894729614258]","[1.4329078197479248, 1.525442123413086, 1.4074746370315552, 1.3481718301773071]"
147579.0,2012-12-01T00:00:00.000000000,"[1.9175138473510742, 7.5500617027282715, 5.833894729614258, 6.317941665649414]","[1.6267868280410767, 1.8715810775756836, 1.5436774492263794, 1.5354658365249634]"
147579.0,2013-03-01T00:00:00.000000000,"[7.5500617027282715, 5.833894729614258, 6.317941665649414, 2.225543737411499]","[1.2928779125213623, 1.5124025344848633, 1.425133466720581, 1.2399394512176514]"
157855.0,2006-06-01T00:00:00.000000000,"[-0.45871737599372864, -0.4147131145000458, -0.39271095395088196, -0.39271095395088196]","[-0.5301690697669983, -0.5650557279586792, -0.5497646927833557, -0.5565341114997864]"
157855.0,2006-09-01T00:00:00.000000000,"[-0.4147131145000458, -0.39271095395088196, -0.39271095395088196, -0.3487066924571991]","[-0.452170193195343, -0.4702250361442566, -0.4615795314311981, -0.4445086717605591]"
157855.0,2006-12-01T00:00:00.000000000,"[-0.39271095395088196, -0.39271095395088196, -0.3487066924571991, -0.28270024061203003]","[-0.4575742483139038, -0.4604174494743347, -0.45878568291664124, -0.4652783274650574]"
157855.0,2007-03-01T00:00:00.000000000,"[-0.39271095395088196, -0.3487066924571991, -0.28270024061203003, -0.23869597911834717]","[-0.45307183265686035, -0.4426373243331909, -0.4598766267299652, -0.46026143431663513]"
157855.0,2007-06-01T00:00:00.000000000,"[-0.3487066924571991, -0.28270024061203003, -0.23869597911834717, -0.28270024061203003]","[-0.4488198161125183, -0.4377214014530182, -0.4600026607513428, -0.45477160811424255]"
157855.0,2007-09-01T00:00:00.000000000,"[-0.28270024061203003, -0.23869597911834717, -0.28270024061203003, -0.1726895570755005]","[-0.4195168614387512, -0.405606210231781, -0.4330294728279114, -0.42782312631607056]"
157855.0,2007-12-01T00:00:00.000000000,"[-0.23869597911834717, -0.28270024061203003, -0.1726895570755005, -0.1726895570755005]","[-0.37905681133270264, -0.37745553255081177, -0.3972737193107605, -0.38936370611190796]"
157855.0,2008-03-01T00:00:00.000000000,"[-0.28270024061203003, -0.1726895570755005, -0.1726895570755005, -0.1726895570755005]","[-0.3777126669883728, -0.3750016689300537, -0.3948572874069214, -0.39458543062210083]"
157855.0,2008-06-01T00:00:00.000000000,"[-0.1726895570755005, -0.1726895570755005, -0.1726895570755005, -0.08468098938465118]","[-0.38767412304878235, -0.38041040301322937, -0.3965117335319519, -0.3991246819496155]"
157855.0,2008-09-01T00:00:00.000000000,"[-0.1726895570755005, -0.1726895570755005, -0.08468098938465118, -0.08468098938465118]","[-0.33584922552108765, -0.3182276487350464, -0.3606465458869934, -0.3449725806713104]"
157855.0,2008-12-01T00:00:00.000000000,"[-0.1726895570755005, -0.08468098938465118, -0.08468098938465118, 0.025329740718007088]","[-0.3017442226409912, -0.3134862184524536, -0.31765779852867126, -0.3117322325706482]"
157855.0,2009-03-01T00:00:00.000000000,"[-0.08468098938465118, -0.08468098938465118, 0.025329740718007088, 0.15734252333641052]","[-0.2971416711807251, -0.27249157428741455, -0.3264022469520569, -0.3063102662563324]"
157855.0,2009-06-01T00:00:00.000000000,"[-0.08468098938465118, 0.025329740718007088, 0.15734252333641052, 0.06933397799730301]","[-0.2577122151851654, -0.23935113847255707, -0.2898057699203491, -0.2683170437812805]"
157855.0,2009-09-01T00:00:00.000000000,"[0.025329740718007088, 0.15734252333641052, 0.06933397799730301, 0.9274174571037292]","[-0.23427733778953552, -0.21795722842216492, -0.24451220035552979, -0.24728460609912872]"
157855.0,2009-12-01T00:00:00.000000000,"[0.15734252333641052, 0.06933397799730301, 0.9274174571037292, 0.4653724431991577]","[-0.1705452799797058, -0.1496904194355011, -0.19955071806907654, -0.18673914670944214]"
157855.0,2010-03-01T00:00:00.000000000,"[0.06933397799730301, 0.9274174571037292, 0.4653724431991577, 0.6413896679878235]","[-0.11990827322006226, -0.1214095950126648, -0.15847046673297882, -0.13525360822677612]"
157855.0,2010-06-01T00:00:00.000000000,"[0.9274174571037292, 0.4653724431991577, 0.6413896679878235, 0.8394088745117188]","[-0.12660181522369385, -0.11617675423622131, -0.1386774331331253, -0.14078252017498016]"
157855.0,2010-09-01T00:00:00.000000000,"[0.4653724431991577, 0.6413896679878235, 0.8394088745117188, 1.3454581499099731]","[0.12514689564704895, 0.15671810507774353, 0.05200883746147156, 0.09594297409057617]"
157855.0,2010-12-01T00:00:00.000000000,"[0.6413896679878235, 0.8394088745117188, 1.3454581499099731, 0.7514004111289978]","[0.09723621606826782, 0.11068838834762573, 0.19570845365524292, 0.06151136755943298]"
157855.0,2011-03-01T00:00:00.000000000,"[0.8394088745117188, 1.3454581499099731, 0.7514004111289978, 0.9494196176528931]","[0.20219853520393372, 0.2805611491203308, 0.14982929825782776, 0.14841881394386292]"
157855.0,2011-06-01T00:00:00.000000000,"[1.3454581499099731, 0.7514004111289978, 0.9494196176528931, 0.7514004111289978]","[0.301513135433197, 0.26564979553222656, 0.2722025513648987, 0.27292925119400024]"
157855.0,2011-09-01T00:00:00.000000000,"[0.7514004111289978, 0.9494196176528931, 0.7514004111289978, 0.8394088745117188]","[0.5554636716842651, 0.5388346314430237, 0.49096089601516724, 0.501798152923584]"
157855.0,2011-12-01T00:00:00.000000000,"[0.9494196176528931, 0.7514004111289978, 0.8394088745117188, 2.4675674438476562]","[0.33382365107536316, 0.40250611305236816, 0.4152432084083557, 0.30354243516921997]"
157855.0,2012-03-01T00:00:00.000000000,"[0.7514004111289978, 0.8394088745117188, 2.4675674438476562, 3.127631425857544]","[0.4006854295730591, 0.5580055713653564, 0.3081158399581909, 0.3822796940803528]"
157855.0,2012-06-01T00:00:00.000000000,"[0.8394088745117188, 2.4675674438476562, 3.127631425857544, 1.5874814987182617]","[0.5374518632888794, 0.5635191202163696, 0.5212029814720154, 0.5072442889213562]"
157855.0,2012-09-01T00:00:00.000000000,"[2.4675674438476562, 3.127631425857544, 1.5874814987182617, 1.9615180492401123]","[0.5073320865631104, 0.5302581191062927, 0.4281007945537567, 0.49551069736480713]"
157855.0,2012-12-01T00:00:00.000000000,"[3.127631425857544, 1.5874814987182617, 1.9615180492401123, 2.5555758476257324]","[1.1596962213516235, 1.1671339273452759, 1.0060014724731445, 1.090226173400879]"
157855.0,2013-03-01T00:00:00.000000000,"[1.5874814987182617, 1.9615180492401123, 2.5555758476257324, 2.0935308933258057]","[1.5401302576065063, 1.5488693714141846, 1.571577548980713, 1.4279788732528687]"
160329.0,2006-06-01T00:00:00.000000000,"[-0.03187587484717369, -0.002172973472625017, 0.056132733821868896, 0.022029396146535873]","[0.029805034399032593, -0.022203385829925537, 8.702278137207031e-06, -0.0473192036151886]"
160329.0,2006-09-01T00:00:00.000000000,"[-0.002172973472625017, 0.056132733821868896, 0.022029396146535873, 0.06823388487100601]","[0.029805362224578857, -0.035031676292419434, -0.015964269638061523, -0.06807401776313782]"
160329.0,2006-12-01T00:00:00.000000000,"[0.056132733821868896, 0.022029396146535873, 0.06823388487100601, 0.1078377515077591]","[0.030941694974899292, -0.045161545276641846, -0.023418426513671875, -0.05419379472732544]"
160329.0,2007-03-01T00:00:00.000000000,"[0.022029396146535873, 0.06823388487100601, 0.1078377515077591, 0.25305184721946716]","[0.06318888068199158, -0.011642217636108398, 0.023241370916366577, 0.006752640008926392]"
160329.0,2007-06-01T00:00:00.000000000,"[0.06823388487100601, 0.1078377515077591, 0.25305184721946716, 0.12433934211730957]","[0.0586850643157959, -0.015167653560638428, 0.019667744636535645, -0.03252577781677246]"
160329.0,2007-09-01T00:00:00.000000000,"[0.1078377515077591, 0.25305184721946716, 0.12433934211730957, 0.22554919123649597]","[0.103049635887146, 0.032420575618743896, 0.05113157629966736, -0.0004923343658447266]"
160329.0,2007-12-01T00:00:00.000000000,"[0.25305184721946716, 0.12433934211730957, 0.22554919123649597, 0.2959560453891754]","[0.14485695958137512, 0.060030966997146606, 0.08619177341461182, 0.04264131188392639]"
160329.0,2008-03-01T00:00:00.000000000,"[0.12433934211730957, 0.22554919123649597, 0.2959560453891754, 0.32895922660827637]","[0.0683077722787857, 0.10228325426578522, 0.05820856988430023, 0.04764999449253082]"
160329.0,2008-06-01T00:00:00.000000000,"[0.22554919123649597, 0.2959560453891754, 0.32895922660827637, 0.14964181184768677]","[0.03900401294231415, 0.07946540415287018, 0.08174212276935577, 0.01893436908721924]"
160329.0,2008-09-01T00:00:00.000000000,"[0.2959560453891754, 0.32895922660827637, 0.14964181184768677, -0.14958731830120087]","[0.060995787382125854, 0.11727467179298401, 0.027001187205314636, 0.04842671751976013]"
160329.0,2008-12-01T00:00:00.000000000,"[0.32895922660827637, 0.14964181184768677, -0.14958731830120087, 0.35206151008605957]","[0.13194862008094788, 0.14737674593925476, 0.10413679480552673, 0.11544764041900635]"
160329.0,2009-03-01T00:00:00.000000000,"[0.14964181184768677, -0.14958731830120087, 0.35206151008605957, 0.36636292934417725]","[0.12212976813316345, 0.14849704504013062, 0.1019672155380249, 0.10939347743988037]"
160329.0,2009-06-01T00:00:00.000000000,"[-0.14958731830120087, 0.35206151008605957, 0.36636292934417725, 0.3916653096675873]","[0.06279536336660385, 0.10054589062929153, 0.07664082199335098, 0.05615200847387314]"
160329.0,2009-09-01T00:00:00.000000000,"[0.35206151008605957, 0.36636292934417725, 0.3916653096675873, 0.5918847918510437]","[-0.010921753942966461, 0.013381130993366241, -0.009011983871459961, -0.0043589770793914795]"
160329.0,2009-12-01T00:00:00.000000000,"[0.36636292934417725, 0.3916653096675873, 0.5918847918510437, 0.735998809337616]","[0.136334627866745, 0.15505555272102356, 0.1022048071026802, 0.1299757957458496]"
160329.0,2010-03-01T00:00:00.000000000,"[0.3916653096675873, 0.5918847918510437, 0.735998809337616, 0.7040956616401672]","[0.18170660734176636, 0.1637187898159027, 0.19743528962135315, 0.16974279284477234]"
160329.0,2010-06-01T00:00:00.000000000,"[0.5918847918510437, 0.735998809337616, 0.7040956616401672, 0.6083865165710449]","[0.18828946352005005, 0.24802392721176147, 0.18904103338718414, 0.17507566511631012]"
160329.0,2010-09-01T00:00:00.000000000,"[0.735998809337616, 0.7040956616401672, 0.6083865165710449, 0.862511157989502]","[0.3067803382873535, 0.34035468101501465, 0.2624669671058655, 0.28900790214538574]"
160329.0,2010-12-01T00:00:00.000000000,"[0.7040956616401672, 0.6083865165710449, 0.862511157989502, 0.48407435417175293]","[0.35669609904289246, 0.3842463493347168, 0.3174465298652649, 0.33847498893737793]"
160329.0,2011-03-01T00:00:00.000000000,"[0.6083865165710449, 0.862511157989502, 0.48407435417175293, 0.9879233241081238]","[0.3873676061630249, 0.39927178621292114, 0.3702567219734192, 0.3693755865097046]"
160329.0,2011-06-01T00:00:00.000000000,"[0.862511157989502, 0.48407435417175293, 0.9879233241081238, 0.3850646913051605]","[0.366592139005661, 0.40503454208374023, 0.3523766100406647, 0.3538530170917511]"
160329.0,2011-09-01T00:00:00.000000000,"[0.48407435417175293, 0.9879233241081238, 0.3850646913051605, 0.4136675000190735]","[0.5136317014694214, 0.5718179941177368, 0.45169204473495483, 0.49060940742492676]"
160329.0,2011-12-01T00:00:00.000000000,"[0.9879233241081238, 0.3850646913051605, 0.4136675000190735, 1.103434681892395]","[0.4523189067840576, 0.47713977098464966, 0.4951595067977905, 0.4319341480731964]"
160329.0,2012-03-01T00:00:00.000000000,"[0.3850646913051605, 0.4136675000190735, 1.103434681892395, 1.752497673034668]","[0.5725677609443665, 0.6287192702293396, 0.5054984092712402, 0.5523112416267395]"
160329.0,2012-06-01T00:00:00.000000000,"[0.4136675000190735, 1.103434681892395, 1.752497673034668, 2.1914403438568115]","[0.41089653968811035, 0.4045391380786896, 0.5037344694137573, 0.4026544392108917]"
160329.0,2012-09-01T00:00:00.000000000,"[1.103434681892395, 1.752497673034668, 2.1914403438568115, 2.2981507778167725]","[0.41166800260543823, 0.5172147750854492, 0.3680783212184906, 0.41211843490600586]"
160329.0,2012-12-01T00:00:00.000000000,"[1.752497673034668, 2.1914403438568115, 2.2981507778167725, 2.3784584999084473]","[0.724510669708252, 0.7180865406990051, 0.6518177390098572, 0.6996026039123535]"
160329.0,2013-03-01T00:00:00.000000000,"[2.1914403438568115, 2.2981507778167725, 2.3784584999084473, 2.675487518310547]","[0.9533382654190063, 0.9089385271072388, 0.8837491273880005, 0.9138427972793579]"
162887.0,2007-03-01T00:00:00.000000000,"[-0.7942500114440918, -0.7282435894012451, -0.7392446994781494, -0.6897398233413696]","[-0.7472331523895264, -0.7366511225700378, -0.7535808086395264, -0.7529118061065674]"
162887.0,2007-06-01T00:00:00.000000000,"[-0.7282435894012451, -0.7392446994781494, -0.6897398233413696, -0.8272532224655151]","[-0.7823663353919983, -0.7753863334655762, -0.7587406635284424, -0.7856111526489258]"
162887.0,2007-09-01T00:00:00.000000000,"[-0.7392446994781494, -0.6897398233413696, -0.8272532224655151, -0.8327537775039673]","[-0.7493075132369995, -0.731285035610199, -0.7639235258102417, -0.7530147433280945]"
162887.0,2007-12-01T00:00:00.000000000,"[-0.6897398233413696, -0.8272532224655151, -0.8327537775039673, -0.8217527270317078]","[-0.7407263517379761, -0.7476974725723267, -0.7445991635322571, -0.7443042993545532]"
162887.0,2008-03-01T00:00:00.000000000,"[-0.8272532224655151, -0.8327537775039673, -0.8217527270317078, -0.7502457499504089]","[-0.7179821133613586, -0.7096127271652222, -0.7282503247261047, -0.7241035103797913]"
162887.0,2008-06-01T00:00:00.000000000,"[-0.8327537775039673, -0.8217527270317078, -0.7502457499504089, -0.970267117023468]","[-0.7683475613594055, -0.7657308578491211, -0.7420558929443359, -0.7707180380821228]"
162887.0,2008-09-01T00:00:00.000000000,"[-0.8217527270317078, -0.7502457499504089, -0.970267117023468, -0.7887494564056396]","[-0.7978222966194153, -0.7763126492500305, -0.8023451566696167, -0.7938244938850403]"
162887.0,2008-12-01T00:00:00.000000000,"[-0.7502457499504089, -0.970267117023468, -0.7887494564056396, -0.722743034362793]","[-0.7957553863525391, -0.7973776459693909, -0.7969115972518921, -0.7886545062065125]"
162887.0,2009-03-01T00:00:00.000000000,"[-0.970267117023468, -0.7887494564056396, -0.722743034362793, -0.6457355618476868]","[-0.7800021171569824, -0.7767527103424072, -0.7835899591445923, -0.7752054929733276]"
162887.0,2009-06-01T00:00:00.000000000,"[-0.7887494564056396, -0.722743034362793, -0.6457355618476868, -0.8767580389976501]","[-0.8798853754997253, -0.8671923279762268, -0.8375483751296997, -0.8501065969467163]"
162887.0,2009-09-01T00:00:00.000000000,"[-0.722743034362793, -0.6457355618476868, -0.8767580389976501, -0.7557463049888611]","[-0.8126484751701355, -0.7930698394775391, -0.8125695586204529, -0.8052154183387756]"
162887.0,2009-12-01T00:00:00.000000000,"[-0.6457355618476868, -0.8767580389976501, -0.7557463049888611, -0.607231855392456]","[-0.7574591636657715, -0.759935200214386, -0.7495706081390381, -0.7574754953384399]"
162887.0,2010-03-01T00:00:00.000000000,"[-0.8767580389976501, -0.7557463049888611, -0.607231855392456, -0.4037120044231415]","[-0.7379213571548462, -0.7282050251960754, -0.7442913055419922, -0.7388572096824646]"
162887.0,2010-06-01T00:00:00.000000000,"[-0.7557463049888611, -0.607231855392456, -0.4037120044231415, -0.7282435894012451]","[-0.7940686941146851, -0.7823728919029236, -0.7483227252960205, -0.7919672727584839]"
162887.0,2010-09-01T00:00:00.000000000,"[-0.607231855392456, -0.4037120044231415, -0.7282435894012451, -0.6567366123199463]","[-0.7826687097549438, -0.7533726692199707, -0.7858555316925049, -0.7786816954612732]"
162887.0,2010-12-01T00:00:00.000000000,"[-0.4037120044231415, -0.7282435894012451, -0.6567366123199463, -0.34320613741874695]","[-0.7037649154663086, -0.7104753255844116, -0.7036584615707397, -0.7070268392562866]"
162887.0,2011-03-01T00:00:00.000000000,"[-0.7282435894012451, -0.6567366123199463, -0.34320613741874695, -0.06817939877510071]","[-0.6241827011108398, -0.6199120283126831, -0.649282693862915, -0.6425992846488953]"
162887.0,2011-06-01T00:00:00.000000000,"[-0.6567366123199463, -0.34320613741874695, -0.06817939877510071, -0.45871737599372864]","[-0.7012280225753784, -0.6889620423316956, -0.6352773904800415, -0.7087352871894836]"
162887.0,2011-09-01T00:00:00.000000000,"[-0.34320613741874695, -0.06817939877510071, -0.45871737599372864, -0.26619863510131836]","[-0.7261975407600403, -0.6633750796318054, -0.7376875877380371, -0.7247245907783508]"
162887.0,2011-12-01T00:00:00.000000000,"[-0.06817939877510071, -0.45871737599372864, -0.26619863510131836, -0.1836906224489212]","[-0.5942638516426086, -0.6069755554199219, -0.6148427724838257, -0.6008726358413696]"
162887.0,2012-03-01T00:00:00.000000000,"[-0.45871737599372864, -0.26619863510131836, -0.1836906224489212, -0.20019221305847168]","[-0.4724710285663605, -0.48182231187820435, -0.48179125785827637, -0.49007800221443176]"
162887.0,2012-06-01T00:00:00.000000000,"[-0.26619863510131836, -0.1836906224489212, -0.20019221305847168, -0.5192232131958008]","[-0.5529513359069824, -0.5272720456123352, -0.456453800201416, -0.5712111592292786]"
162887.0,2012-09-01T00:00:00.000000000,"[-0.1836906224489212, -0.20019221305847168, -0.5192232131958008, -0.28270024061203003]","[-0.518565833568573, -0.43532657623291016, -0.5550574064254761, -0.5277190208435059]"
162887.0,2012-12-01T00:00:00.000000000,"[-0.20019221305847168, -0.5192232131958008, -0.28270024061203003, -0.21119330823421478]","[-0.43602249026298523, -0.45791614055633545, -0.46536898612976074, -0.4456949830055237]"
162887.0,2013-03-01T00:00:00.000000000,"[-0.5192232131958008, -0.28270024061203003, -0.21119330823421478, -0.3267045319080353]","[-0.4019467830657959, -0.3817882239818573, -0.3944756090641022, -0.4195854067802429]"
164296.0,2006-09-01T00:00:00.000000000,"[0.13534040749073029, 0.11333828419446945, 0.26735323667526245, 0.2453511357307434]","[0.10402041673660278, 0.09590175747871399, 0.15811660885810852, 0.08623269200325012]"
164296.0,2007-03-01T00:00:00.000000000,"[0.11333828419446945, 0.26735323667526245, 0.2453511357307434, 0.047331858426332474]","[0.12304438650608063, 0.24231652915477753, 0.12063769996166229, 0.10266970098018646]"
164296.0,2007-06-01T00:00:00.000000000,"[0.26735323667526245, 0.2453511357307434, 0.047331858426332474, 0.2233489453792572]","[0.13321904838085175, 0.16921968758106232, 0.07838647067546844, 0.12591658532619476]"
164296.0,2007-09-01T00:00:00.000000000,"[0.2453511357307434, 0.047331858426332474, 0.2233489453792572, 0.7514004111289978]","[0.13093148171901703, 0.13254229724407196, 0.08461330831050873, 0.12927107512950897]"
164296.0,2007-12-01T00:00:00.000000000,"[0.047331858426332474, 0.2233489453792572, 0.7514004111289978, 0.09133616089820862]","[0.19756034016609192, 0.2185617983341217, 0.25667858123779297, 0.17695102095603943]"
164296.0,2008-03-01T00:00:00.000000000,"[0.2233489453792572, 0.7514004111289978, 0.09133616089820862, 0.44337034225463867]","[0.10050906240940094, 0.16284149885177612, 0.13400891423225403, 0.09493012726306915]"
164296.0,2008-06-01T00:00:00.000000000,"[0.7514004111289978, 0.09133616089820862, 0.44337034225463867, 0.2453511357307434]","[0.16788634657859802, 0.18004286289215088, 0.1264517605304718, 0.16734984517097473]"
164296.0,2008-09-01T00:00:00.000000000,"[0.09133616089820862, 0.44337034225463867, 0.2453511357307434, 0.7954046130180359]","[0.25063830614089966, 0.2223440259695053, 0.20675159990787506, 0.2487698644399643]"
164296.0,2008-12-01T00:00:00.000000000,"[0.44337034225463867, 0.2453511357307434, 0.7954046130180359, 0.2453511357307434]","[0.24631130695343018, 0.2309308648109436, 0.37452834844589233, 0.22706195712089539]"
164296.0,2009-03-01T00:00:00.000000000,"[0.2453511357307434, 0.7954046130180359, 0.2453511357307434, 0.11333828419446945]","[0.2777805030345917, 0.39465823769569397, 0.22175641357898712, 0.26473021507263184]"
164296.0,2009-06-01T00:00:00.000000000,"[0.7954046130180359, 0.2453511357307434, 0.11333828419446945, 0.4653724431991577]","[0.2749691903591156, 0.2550635039806366, 0.2771352529525757, 0.26770663261413574]"
164296.0,2009-09-01T00:00:00.000000000,"[0.2453511357307434, 0.11333828419446945, 0.4653724431991577, 0.7514004111289978]","[0.4684995412826538, 0.46789202094078064, 0.40575170516967773, 0.4461294412612915]"
164296.0,2009-12-01T00:00:00.000000000,"[0.11333828419446945, 0.4653724431991577, 0.7514004111289978, 0.44337034225463867]","[0.28212398290634155, 0.2765145003795624, 0.44196414947509766, 0.26409557461738586]"
164296.0,2010-03-01T00:00:00.000000000,"[0.4653724431991577, 0.7514004111289978, 0.44337034225463867, 0.9274174571037292]","[0.19578811526298523, 0.3312286138534546, 0.16789372265338898, 0.20120331645011902]"
164296.0,2010-06-01T00:00:00.000000000,"[0.7514004111289978, 0.44337034225463867, 0.9274174571037292, 1.2134451866149902]","[0.35174623131752014, 0.33051592111587524, 0.3186469078063965, 0.3497331142425537]"
164296.0,2010-09-01T00:00:00.000000000,"[0.44337034225463867, 0.9274174571037292, 1.2134451866149902, 1.4334666728973389]","[0.46057647466659546, 0.43080776929855347, 0.4148523211479187, 0.4505138397216797]"
164296.0,2010-12-01T00:00:00.000000000,"[0.9274174571037292, 1.2134451866149902, 1.4334666728973389, 1.2134451866149902]","[0.3626055121421814, 0.3939123749732971, 0.47565382719039917, 0.3469436764717102]"
164296.0,2011-03-01T00:00:00.000000000,"[1.2134451866149902, 1.4334666728973389, 1.2134451866149902, 1.455468773841858]","[0.55376797914505, 0.6308740973472595, 0.4906139373779297, 0.5335639715194702]"
164296.0,2011-06-01T00:00:00.000000000,"[1.4334666728973389, 1.2134451866149902, 1.455468773841858, 1.2134451866149902]","[0.7211889028549194, 0.6803715229034424, 0.6847573518753052, 0.6924281716346741]"
164296.0,2011-09-01T00:00:00.000000000,"[1.2134451866149902, 1.455468773841858, 1.2134451866149902, 0.9934238195419312]","[0.7507654428482056, 0.783240795135498, 0.6821911931037903, 0.7276002168655396]"
164296.0,2011-12-01T00:00:00.000000000,"[1.455468773841858, 1.2134451866149902, 0.9934238195419312, 1.0814324617385864]","[0.7744359970092773, 0.8366959095001221, 0.8603687882423401, 0.7368531227111816]"
164296.0,2012-03-01T00:00:00.000000000,"[1.2134451866149902, 0.9934238195419312, 1.0814324617385864, 0.9714217185974121]","[0.8279468417167664, 0.9661130905151367, 0.7493175268173218, 0.8052592873573303]"
164296.0,2012-06-01T00:00:00.000000000,"[0.9934238195419312, 1.0814324617385864, 0.9714217185974121, 0.4653724431991577]","[0.83036208152771, 0.8519521951675415, 0.8508510589599609, 0.8117770552635193]"
164296.0,2012-09-01T00:00:00.000000000,"[1.0814324617385864, 0.9714217185974121, 0.4653724431991577, 1.2574495077133179]","[0.8263804316520691, 0.9391758441925049, 0.7868294715881348, 0.8128786087036133]"
164296.0,2012-12-01T00:00:00.000000000,"[0.9714217185974121, 0.4653724431991577, 1.2574495077133179, -0.1726895570755005]","[0.8424859046936035, 0.8940701484680176, 0.8454299569129944, 0.8315232396125793]"
164296.0,2013-03-01T00:00:00.000000000,"[0.4653724431991577, 1.2574495077133179, -0.1726895570755005, -0.5247237682342529]","[0.8775745630264282, 0.9343007802963257, 0.8358327150344849, 0.8696752190589905]"
178015.0,2008-09-01T00:00:00.000000000,"[0.13534040749073029, 0.33335965871810913, 1.499472975730896, 0.003327556187286973]","[0.187844380736351, 0.19473658502101898, 0.5163154602050781, 0.1689281016588211]"
178015.0,2008-12-01T00:00:00.000000000,"[0.33335965871810913, 1.499472975730896, 0.003327556187286973, 0.15734252333641052]","[0.12286389619112015, 0.42668265104293823, 0.07082969695329666, 0.1352752447128296]"
178015.0,2009-03-01T00:00:00.000000000,"[1.499472975730896, 0.003327556187286973, 0.15734252333641052, 0.5313789248466492]","[0.29015934467315674, 0.26682284474372864, 0.2552942633628845, 0.30338752269744873]"
178015.0,2009-06-01T00:00:00.000000000,"[0.003327556187286973, 0.15734252333641052, 0.5313789248466492, 2.225543737411499]","[0.6712978482246399, 0.6841056942939758, 0.5806788206100464, 0.6474447846412659]"
178015.0,2009-09-01T00:00:00.000000000,"[0.15734252333641052, 0.5313789248466492, 2.225543737411499, 0.5093768239021301]","[0.31246790289878845, 0.33346840739250183, 0.7264501452445984, 0.2851903736591339]"
178015.0,2009-12-01T00:00:00.000000000,"[0.5313789248466492, 2.225543737411499, 0.5093768239021301, 0.8614109754562378]","[0.191284641623497, 0.5272989869117737, 0.14318342506885529, 0.21050210297107697]"
178015.0,2010-03-01T00:00:00.000000000,"[2.225543737411499, 0.5093768239021301, 0.8614109754562378, 0.9494196176528931]","[0.4289485812187195, 0.4040084183216095, 0.39165401458740234, 0.4427008330821991]"
178015.0,2010-06-01T00:00:00.000000000,"[0.5093768239021301, 0.8614109754562378, 0.9494196176528931, 3.369654893875122]","[0.9871712923049927, 0.9769610166549683, 0.8692612648010254, 0.950695276260376]"
178015.0,2010-09-01T00:00:00.000000000,"[0.8614109754562378, 0.9494196176528931, 3.369654893875122, 0.9274174571037292]","[0.6383487582206726, 0.6433465480804443, 1.1390600204467773, 0.5859202742576599]"
178015.0,2010-12-01T00:00:00.000000000,"[0.9494196176528931, 3.369654893875122, 0.9274174571037292, 1.4114645719528198]","[0.6258080005645752, 1.043015956878662, 0.5272901058197021, 0.6155807971954346]"
178015.0,2011-03-01T00:00:00.000000000,"[3.369654893875122, 0.9274174571037292, 1.4114645719528198, 1.4114645719528198]","[0.7853614091873169, 0.7454832792282104, 0.7237536907196045, 0.7866911292076111]"
178015.0,2011-06-01T00:00:00.000000000,"[0.9274174571037292, 1.4114645719528198, 1.4114645719528198, 4.315746784210205]","[1.4274623394012451, 1.4142420291900635, 1.2793878316879272, 1.3791192770004272]"
178015.0,2011-09-01T00:00:00.000000000,"[1.4114645719528198, 1.4114645719528198, 4.315746784210205, -0.21669383347034454]","[0.91117262840271, 0.922653079032898, 1.5592842102050781, 0.8521461486816406]"
178015.0,2011-12-01T00:00:00.000000000,"[1.4114645719528198, 4.315746784210205, -0.21669383347034454, 0.8174067735671997]","[0.8374327421188354, 1.3991219997406006, 0.7274291515350342, 0.8393388986587524]"
178015.0,2012-03-01T00:00:00.000000000,"[4.315746784210205, -0.21669383347034454, 0.8174067735671997, 1.8515071868896484]","[1.0857174396514893, 1.0410234928131104, 1.0178025960922241, 1.0983786582946777]"
178015.0,2012-06-01T00:00:00.000000000,"[-0.21669383347034454, 0.8174067735671997, 1.8515071868896484, 4.975811004638672]","[2.048161506652832, 2.0840516090393066, 1.8393409252166748, 1.9739458560943604]"
178015.0,2012-09-01T00:00:00.000000000,"[0.8174067735671997, 1.8515071868896484, 4.975811004638672, 1.8515071868896484]","[0.8747269511222839, 0.931054949760437, 1.9008145332336426, 0.8314453363418579]"
178015.0,2012-12-01T00:00:00.000000000,"[1.8515071868896484, 4.975811004638672, 1.8515071868896484, 2.929612159729004]","[0.8971284627914429, 1.7174959182739258, 0.7823358178138733, 0.9231699109077454]"
178015.0,2013-03-01T00:00:00.000000000,"[4.975811004638672, 1.8515071868896484, 2.929612159729004, 2.8636057376861572]","[1.5210591554641724, 1.4564666748046875, 1.4207720756530762, 1.528726577758789]"
179534.0,2009-03-01T00:00:00.000000000,"[1.1914430856704712, 1.1914430856704712, 1.279451608657837, 1.6754902601242065]","[0.835606575012207, 0.8744467496871948, 0.7903167009353638, 0.7980701923370361]"
179534.0,2009-06-01T00:00:00.000000000,"[1.1914430856704712, 1.279451608657837, 1.6754902601242065, 1.7414965629577637]","[0.8265787363052368, 0.8621547222137451, 0.8437764644622803, 0.7915830016136169]"
179534.0,2009-09-01T00:00:00.000000000,"[1.279451608657837, 1.6754902601242065, 1.7414965629577637, 1.9395159482955933]","[0.8980790376663208, 0.9540735483169556, 0.854231595993042, 0.8673974275588989]"
179534.0,2009-12-01T00:00:00.000000000,"[1.6754902601242065, 1.7414965629577637, 1.9395159482955933, 1.9615180492401123]","[0.8648161888122559, 0.904967725276947, 0.8044939041137695, 0.8475669026374817]"
179534.0,2010-03-01T00:00:00.000000000,"[1.7414965629577637, 1.9395159482955933, 1.9615180492401123, 2.1595370769500732]","[1.0387213230133057, 1.05850088596344, 0.9439291954040527, 1.0133461952209473]"
179534.0,2010-06-01T00:00:00.000000000,"[1.9395159482955933, 1.9615180492401123, 2.1595370769500732, 2.181539297103882]","[1.2620855569839478, 1.2606277465820312, 1.2618532180786133, 1.2074331045150757]"
179534.0,2010-09-01T00:00:00.000000000,"[1.9615180492401123, 2.1595370769500732, 2.181539297103882, 2.313552141189575]","[1.2605386972427368, 1.2794768810272217, 1.2203893661499023, 1.2245869636535645]"
179534.0,2010-12-01T00:00:00.000000000,"[2.1595370769500732, 2.181539297103882, 2.313552141189575, 2.533573627471924]","[1.3416414260864258, 1.3559213876724243, 1.2846513986587524, 1.3072264194488525]"
179534.0,2011-03-01T00:00:00.000000000,"[2.181539297103882, 2.313552141189575, 2.533573627471924, 2.5115716457366943]","[1.4603424072265625, 1.4815914630889893, 1.3497114181518555, 1.4268641471862793]"
179534.0,2011-06-01T00:00:00.000000000,"[2.313552141189575, 2.533573627471924, 2.5115716457366943, 2.335554361343384]","[1.5615471601486206, 1.5948669910430908, 1.5568766593933105, 1.512755036354065]"
179534.0,2011-09-01T00:00:00.000000000,"[2.533573627471924, 2.5115716457366943, 2.335554361343384, 1.6534881591796875]","[1.6021158695220947, 1.7412917613983154, 1.5440150499343872, 1.5589061975479126]"
179534.0,2011-12-01T00:00:00.000000000,"[2.5115716457366943, 2.335554361343384, 1.6534881591796875, 1.7634987831115723]","[1.8959441184997559, 1.9756052494049072, 1.7979475259780884, 1.834134817123413]"
179534.0,2012-03-01T00:00:00.000000000,"[2.335554361343384, 1.6534881591796875, 1.7634987831115723, 2.42356276512146]","[1.9578449726104736, 2.041151523590088, 1.8786375522613525, 1.8983168601989746]"
179534.0,2012-06-01T00:00:00.000000000,"[1.6534881591796875, 1.7634987831115723, 2.42356276512146, 2.335554361343384]","[1.867539405822754, 2.011626958847046, 1.8433321714401245, 1.8214569091796875]"
179534.0,2012-09-01T00:00:00.000000000,"[1.7634987831115723, 2.42356276512146, 2.335554361343384, 2.577577829360962]","[1.674689531326294, 1.8371033668518066, 1.7163512706756592, 1.6527968645095825]"
179534.0,2012-12-01T00:00:00.000000000,"[2.42356276512146, 2.335554361343384, 2.577577829360962, 2.8636057376861572]","[1.6189000606536865, 1.728894829750061, 1.5370151996612549, 1.6278038024902344]"
179534.0,2013-03-01T00:00:00.000000000,"[2.335554361343384, 2.577577829360962, 2.8636057376861572, 3.281646251678467]","[1.9488260746002197, 1.9223883152008057, 1.8412028551101685, 1.933739423751831]"
180652.0,2010-12-01T00:00:00.000000000,"[1.5874814987182617, 1.5654793977737427, 1.7194944620132446, 1.7634987831115723]","[1.2830089330673218, 1.2755374908447266, 1.2721363306045532, 1.2477697134017944]"
180652.0,2011-03-01T00:00:00.000000000,"[1.5654793977737427, 1.7194944620132446, 1.7634987831115723, 1.7855008840560913]","[1.2746728658676147, 1.3739721775054932, 1.298882007598877, 1.2362524271011353]"
180652.0,2011-06-01T00:00:00.000000000,"[1.7194944620132446, 1.7634987831115723, 1.7855008840560913, 1.8735092878341675]","[1.2998263835906982, 1.4140225648880005, 1.29573655128479, 1.2663286924362183]"
180652.0,2011-09-01T00:00:00.000000000,"[1.7634987831115723, 1.7855008840560913, 1.8735092878341675, 2.1375350952148438]","[1.3949902057647705, 1.4336605072021484, 1.305490255355835, 1.370181679725647]"
180652.0,2011-12-01T00:00:00.000000000,"[1.7855008840560913, 1.8735092878341675, 2.1375350952148438, 2.2035415172576904]","[1.4411461353302002, 1.4850661754608154, 1.4288121461868286, 1.4084484577178955]"
180652.0,2012-03-01T00:00:00.000000000,"[1.8735092878341675, 2.1375350952148438, 2.2035415172576904, 2.0935308933258057]","[1.4546037912368774, 1.531602382659912, 1.4237878322601318, 1.42686128616333]"
180652.0,2012-06-01T00:00:00.000000000,"[2.1375350952148438, 2.2035415172576904, 2.0935308933258057, 2.0055222511291504]","[1.5225439071655273, 1.6130585670471191, 1.4712547063827515, 1.494001030921936]"
180652.0,2012-09-01T00:00:00.000000000,"[2.2035415172576904, 2.0935308933258057, 2.0055222511291504, 1.8735092878341675]","[1.6766151189804077, 1.6863055229187012, 1.5788557529449463, 1.646775245666504]"
180652.0,2012-12-01T00:00:00.000000000,"[2.0935308933258057, 2.0055222511291504, 1.8735092878341675, 2.4675674438476562]","[1.7483751773834229, 1.7386627197265625, 1.648956060409546, 1.719712734222412]"
180652.0,2013-03-01T00:00:00.000000000,"[2.0055222511291504, 1.8735092878341675, 2.4675674438476562, 2.533573627471924]","[1.7372324466705322, 1.7747952938079834, 1.6699559688568115, 1.7113960981369019]"
180711.0,2010-12-01T00:00:00.000000000,"[12.170511245727539, 11.51044750213623, 10.762373924255371, 10.652362823486328]","[7.418394565582275, 8.048442840576172, 7.0672807693481445, 7.191454887390137]"
180711.0,2011-03-01T00:00:00.000000000,"[11.51044750213623, 10.762373924255371, 10.652362823486328, 11.158411979675293]","[8.102343559265137, 8.605810165405273, 7.379279613494873, 7.902669906616211]"
180711.0,2011-06-01T00:00:00.000000000,"[10.762373924255371, 10.652362823486328, 11.158411979675293, 10.850382804870605]","[8.325448036193848, 8.872068405151367, 8.116167068481445, 8.098130226135254]"
180711.0,2011-09-01T00:00:00.000000000,"[10.652362823486328, 11.158411979675293, 10.850382804870605, 10.608358383178711]","[8.269716262817383, 8.899614334106445, 7.86282205581665, 8.118476867675781]"
180711.0,2011-12-01T00:00:00.000000000,"[11.158411979675293, 10.850382804870605, 10.608358383178711, 11.180415153503418]","[8.801752090454102, 9.424562454223633, 8.410919189453125, 8.622410774230957]"
180711.0,2012-03-01T00:00:00.000000000,"[10.850382804870605, 10.608358383178711, 11.180415153503418, 13.270617485046387]","[9.311397552490234, 9.274520874023438, 8.861434936523438, 9.164234161376953]"
180711.0,2012-06-01T00:00:00.000000000,"[10.608358383178711, 11.180415153503418, 13.270617485046387, 13.842674255371094]","[9.526837348937988, 9.49688720703125, 9.461004257202148, 9.352485656738281]"
180711.0,2012-09-01T00:00:00.000000000,"[11.180415153503418, 13.270617485046387, 13.842674255371094, 13.864675521850586]","[9.55866813659668, 10.378968238830566, 9.515772819519043, 9.357914924621582]"
180711.0,2012-12-01T00:00:00.000000000,"[13.270617485046387, 13.842674255371094, 13.864675521850586, 14.612749099731445]","[9.958309173583984, 10.024909973144531, 9.333704948425293, 9.86250114440918]"
180711.0,2013-03-01T00:00:00.000000000,"[13.842674255371094, 13.864675521850586, 14.612749099731445, 16.48293113708496]","[10.776162147521973, 10.592340469360352, 10.10563850402832, 10.646402359008789]"
183377.0,2010-12-01T00:00:00.000000000,"[-0.4411156475543976, -0.49832120537757874, -0.44551607966423035, -0.40591222047805786]","[-0.5629344582557678, -0.560418963432312, -0.5658254027366638, -0.5675926804542542]"
183377.0,2011-03-01T00:00:00.000000000,"[-0.49832120537757874, -0.44551607966423035, -0.40591222047805786, -0.36630839109420776]","[-0.5461006760597229, -0.5409619808197021, -0.5498148798942566, -0.5513529181480408]"
183377.0,2011-06-01T00:00:00.000000000,"[-0.44551607966423035, -0.40591222047805786, -0.36630839109420776, -0.4367152154445648]","[-0.556831955909729, -0.5471665263175964, -0.5429369211196899, -0.561768651008606]"
183377.0,2011-09-01T00:00:00.000000000,"[-0.40591222047805786, -0.36630839109420776, -0.4367152154445648, -0.3399057984352112]","[-0.5305820107460022, -0.5114333629608154, -0.5448712706565857, -0.5353231430053711]"
183377.0,2011-12-01T00:00:00.000000000,"[-0.36630839109420776, -0.4367152154445648, -0.3399057984352112, -0.313503235578537]","[-0.5039117932319641, -0.4986029267311096, -0.5085324048995972, -0.5106334090232849]"
183377.0,2012-03-01T00:00:00.000000000,"[-0.4367152154445648, -0.3399057984352112, -0.313503235578537, -0.2342955470085144]","[-0.4798734188079834, -0.46689373254776, -0.480806440114975, -0.4887995719909668]"
183377.0,2012-06-01T00:00:00.000000000,"[-0.3399057984352112, -0.313503235578537, -0.2342955470085144, -0.34430623054504395]","[-0.49554628133773804, -0.47724393010139465, -0.4769762456417084, -0.5034852623939514]"
183377.0,2012-09-01T00:00:00.000000000,"[-0.313503235578537, -0.2342955470085144, -0.34430623054504395, -0.28270024061203003]","[-0.46768778562545776, -0.4469503164291382, -0.48674678802490234, -0.4734612703323364]"
183377.0,2012-12-01T00:00:00.000000000,"[-0.2342955470085144, -0.34430623054504395, -0.28270024061203003, -0.26509854197502136]","[-0.42599350214004517, -0.4283429980278015, -0.43061840534210205, -0.43530476093292236]"
183377.0,2013-03-01T00:00:00.000000000,"[-0.34430623054504395, -0.28270024061203003, -0.26509854197502136, -0.159488245844841]","[-0.3858073353767395, -0.3853519856929779, -0.4005202054977417, -0.39688539505004883]"
