GVKEY,TGT_START,GROUND_TRUTH,PREDICTIONS
1300.0,2006-06-01T00:00:00.000000000,"[1.831249713897705, 2.012662410736084, 1.9320343732833862, 1.8917205333709717]","[1.4722249507904053, 1.5217242240905762, 1.5353320837020874, 1.5415681600570679]"
1300.0,2006-09-01T00:00:00.000000000,"[2.012662410736084, 1.9320343732833862, 1.8917205333709717, 2.093290090560913]","[1.495755910873413, 1.5453202724456787, 1.5590176582336426, 1.5672602653503418]"
1300.0,2006-12-01T00:00:00.000000000,"[1.9320343732833862, 1.8917205333709717, 2.093290090560913, 2.274702548980713]","[1.5587003231048584, 1.609794020652771, 1.6239287853240967, 1.6331063508987427]"
1300.0,2007-03-01T00:00:00.000000000,"[1.8917205333709717, 2.093290090560913, 2.274702548980713, 2.234388589859009]","[1.6247682571411133, 1.6774241924285889, 1.691992163658142, 1.7013875246047974]"
1300.0,2007-06-01T00:00:00.000000000,"[2.093290090560913, 2.274702548980713, 2.234388589859009, 2.133604049682617]","[1.7294418811798096, 1.7839456796646118, 1.7989362478256226, 1.8061048984527588]"
1300.0,2007-09-01T00:00:00.000000000,"[2.274702548980713, 2.234388589859009, 2.133604049682617, 2.395644187927246]","[1.7189240455627441, 1.7724099159240723, 1.7872469425201416, 1.7980901002883911]"
1300.0,2007-12-01T00:00:00.000000000,"[2.234388589859009, 2.133604049682617, 2.395644187927246, 2.274702548980713]","[1.7620761394500732, 1.8164434432983398, 1.831514596939087, 1.8444108963012695]"
1300.0,2008-03-01T00:00:00.000000000,"[2.133604049682617, 2.395644187927246, 2.274702548980713, 2.5569000244140625]","[1.8175396919250488, 1.8732885122299194, 1.8887943029403687, 1.9027246236801147]"
1300.0,2008-06-01T00:00:00.000000000,"[2.395644187927246, 2.274702548980713, 2.5569000244140625, 2.395644187927246]","[1.8877930641174316, 1.944551706314087, 1.9602850675582886, 1.9737662076950073]"
1300.0,2008-09-01T00:00:00.000000000,"[2.274702548980713, 2.5569000244140625, 2.395644187927246, 2.6778416633605957]","[1.9159049987792969, 1.9733612537384033, 1.9894263744354248, 2.0053489208221436]"
1300.0,2008-12-01T00:00:00.000000000,"[2.5569000244140625, 2.395644187927246, 2.6778416633605957, 2.577056884765625]","[1.9320838451385498, 1.989393711090088, 2.005459785461426, 2.023601770401001]"
1300.0,2009-03-01T00:00:00.000000000,"[2.395644187927246, 2.6778416633605957, 2.577056884765625, 2.7786262035369873]","[2.129382371902466, 2.1932663917541504, 2.2110202312469482, 2.2246592044830322]"
1300.0,2009-06-01T00:00:00.000000000,"[2.6778416633605957, 2.577056884765625, 2.7786262035369873, 2.980195999145508]","[2.1338369846343994, 2.197225570678711, 2.214947462081909, 2.2313451766967773]"
1300.0,2009-09-01T00:00:00.000000000,"[2.577056884765625, 2.7786262035369873, 2.980195999145508, 3.18176531791687]","[2.3293581008911133, 2.3990912437438965, 2.4184107780456543, 2.430436372756958]"
1300.0,2009-12-01T00:00:00.000000000,"[2.7786262035369873, 2.980195999145508, 3.18176531791687, 3.141451358795166]","[2.3934242725372314, 2.464991569519043, 2.4847848415374756, 2.497346878051758]"
1300.0,2010-03-01T00:00:00.000000000,"[2.980195999145508, 3.18176531791687, 3.141451358795166, 2.8995678424835205]","[2.4833450317382812, 2.557635545730591, 2.5781731605529785, 2.5908050537109375]"
1300.0,2010-06-01T00:00:00.000000000,"[3.18176531791687, 3.141451358795166, 2.8995678424835205, 2.919724702835083]","[2.6020193099975586, 2.6775808334350586, 2.698399066925049, 2.7092769145965576]"
1300.0,2010-09-01T00:00:00.000000000,"[3.141451358795166, 2.8995678424835205, 2.919724702835083, 3.2825498580932617]","[2.728226661682129, 2.8056678771972656, 2.826969623565674, 2.836482286453247]"
1300.0,2010-12-01T00:00:00.000000000,"[2.8995678424835205, 2.919724702835083, 3.2825498580932617, 3.2422361373901367]","[2.843470573425293, 2.923335075378418, 2.9452314376831055, 2.953883171081543]"
1300.0,2011-03-01T00:00:00.000000000,"[2.919724702835083, 3.2825498580932617, 3.2422361373901367, 3.2019221782684326]","[2.8530807495117188, 2.931842803955078, 2.953540802001953, 2.9647207260131836]"
1300.0,2011-06-01T00:00:00.000000000,"[3.2825498580932617, 3.2422361373901367, 3.2019221782684326, 3.504276752471924]","[2.809014081954956, 2.881718397140503, 2.9018702507019043, 2.9157228469848633]"
1300.0,2011-09-01T00:00:00.000000000,"[3.2422361373901367, 3.2019221782684326, 3.504276752471924, 1.5893663167953491]","[2.8860905170440674, 2.957548141479492, 2.977325916290283, 2.990199089050293]"
1300.0,2011-12-01T00:00:00.000000000,"[3.2019221782684326, 3.504276752471924, 1.5893663167953491, 2.194074869155884]","[2.955784559249878, 3.025480270385742, 3.0447335243225098, 3.0563366413116455]"
1300.0,2012-03-01T00:00:00.000000000,"[3.504276752471924, 1.5893663167953491, 2.194074869155884, 3.222079038619995]","[3.0586395263671875, 3.129037857055664, 3.1484055519104004, 3.1578991413116455]"
1300.0,2012-06-01T00:00:00.000000000,"[1.5893663167953491, 2.194074869155884, 3.222079038619995, 2.919724702835083]","[3.1128082275390625, 3.1825876235961914, 3.201824903488159, 3.2122161388397217]"
1300.0,2012-09-01T00:00:00.000000000,"[2.194074869155884, 3.222079038619995, 2.919724702835083, 3.1212944984436035]","[2.9333839416503906, 2.9960432052612305, 3.0136003494262695, 3.0310795307159424]"
1300.0,2012-12-01T00:00:00.000000000,"[3.222079038619995, 2.919724702835083, 3.1212944984436035, 3.1212944984436035]","[2.894944190979004, 2.9544806480407715, 2.971245527267456, 2.990164041519165]"
1300.0,2013-03-01T00:00:00.000000000,"[2.919724702835083, 3.1212944984436035, 3.1212944984436035, 3.262392997741699]","[3.0758156776428223, 3.1389780044555664, 3.1565258502960205, 3.169734239578247]"
1447.0,2006-06-01T00:00:00.000000000,"[1.831249713897705, 1.8715635538101196, 1.50873863697052, 2.0328192710876465]","[1.2175374031066895, 1.264864206314087, 1.2783559560775757, 1.2988172769546509]"
1447.0,2006-09-01T00:00:00.000000000,"[1.8715635538101196, 1.50873863697052, 2.0328192710876465, 1.9118773937225342]","[1.369086503982544, 1.4217636585235596, 1.4365860223770142, 1.4537837505340576]"
1447.0,2006-12-01T00:00:00.000000000,"[1.50873863697052, 2.0328192710876465, 1.9118773937225342, 1.5490524768829346]","[1.3838896751403809, 1.4369858503341675, 1.451977252960205, 1.4718449115753174]"
1447.0,2007-03-01T00:00:00.000000000,"[2.0328192710876465, 1.9118773937225342, 1.5490524768829346, 1.5288954973220825]","[1.4309601783752441, 1.4846454858779907, 1.4998319149017334, 1.519287109375]"
1447.0,2007-06-01T00:00:00.000000000,"[1.9118773937225342, 1.5490524768829346, 1.5288954973220825, 1.9320343732833862]","[1.4686188697814941, 1.5235638618469238, 1.5391794443130493, 1.5606122016906738]"
1447.0,2007-09-01T00:00:00.000000000,"[1.5490524768829346, 1.5288954973220825, 1.9320343732833862, 3.2825498580932617]","[1.583662509918213, 1.6422119140625, 1.6587281227111816, 1.67807936668396]"
1447.0,2007-12-01T00:00:00.000000000,"[1.5288954973220825, 1.9320343732833862, 3.2825498580932617, 1.468424677848816]","[1.5966613292694092, 1.655083417892456, 1.6715973615646362, 1.6918385028839111]"
1447.0,2008-03-01T00:00:00.000000000,"[1.9320343732833862, 3.2825498580932617, 1.468424677848816, 0.8234022855758667]","[1.5170804262161255, 1.572261095046997, 1.5880639553070068, 1.6130352020263672]"
1447.0,2008-06-01T00:00:00.000000000,"[3.2825498580932617, 1.468424677848816, 0.8234022855758667, 1.750622034072876]","[1.6487301588058472, 1.7080936431884766, 1.7249175310134888, 1.7467294931411743]"
1447.0,2008-09-01T00:00:00.000000000,"[1.468424677848816, 0.8234022855758667, 1.750622034072876, 2.012662410736084]","[2.0694198608398438, 2.1453332901000977, 2.166334629058838, 2.1795358657836914]"
1447.0,2008-12-01T00:00:00.000000000,"[0.8234022855758667, 1.750622034072876, 2.012662410736084, 2.0731332302093506]","[2.0799174308776855, 2.1557040214538574, 2.1766839027404785, 2.190244197845459]"
1447.0,2009-03-01T00:00:00.000000000,"[1.750622034072876, 2.012662410736084, 2.0731332302093506, 2.234388589859009]","[1.9277820587158203, 1.9980671405792236, 2.0177831649780273, 2.0378596782684326]"
1447.0,2009-06-01T00:00:00.000000000,"[2.012662410736084, 2.0731332302093506, 2.234388589859009, 2.79878306388855]","[1.8721630573272705, 1.9399933815002441, 1.9591805934906006, 1.9831061363220215]"
1447.0,2009-09-01T00:00:00.000000000,"[2.0731332302093506, 2.234388589859009, 2.79878306388855, 2.758469343185425]","[1.9813642501831055, 2.050766944885254, 2.0702762603759766, 2.091346502304077]"
1447.0,2009-12-01T00:00:00.000000000,"[2.234388589859009, 2.79878306388855, 2.758469343185425, 2.839097023010254]","[2.1281275749206543, 2.201080322265625, 2.221414566040039, 2.2383627891540527]"
1447.0,2010-03-01T00:00:00.000000000,"[2.79878306388855, 2.758469343185425, 2.839097023010254, 2.5569000244140625]","[2.2745754718780518, 2.3472542762756348, 2.367311477661133, 2.378270149230957]"
1447.0,2010-06-01T00:00:00.000000000,"[2.758469343185425, 2.839097023010254, 2.5569000244140625, 3.101137638092041]","[2.2897942066192627, 2.3594675064086914, 2.378770351409912, 2.3917922973632812]"
1447.0,2010-09-01T00:00:00.000000000,"[2.839097023010254, 2.5569000244140625, 3.101137638092041, 3.222079038619995]","[2.332489252090454, 2.396700382232666, 2.4144420623779297, 2.425243616104126]"
1447.0,2010-12-01T00:00:00.000000000,"[2.5569000244140625, 3.101137638092041, 3.222079038619995, 3.2422361373901367]","[2.4390668869018555, 2.5039401054382324, 2.521796464920044, 2.5308306217193604]"
1447.0,2011-03-01T00:00:00.000000000,"[3.101137638092041, 3.222079038619995, 3.2422361373901367, 3.141451358795166]","[2.46500563621521, 2.5274298191070557, 2.544631242752075, 2.553805351257324]"
1447.0,2011-06-01T00:00:00.000000000,"[3.222079038619995, 3.2422361373901367, 3.141451358795166, -0.12397433072328568]","[2.541689872741699, 2.605116367340088, 2.6226236820220947, 2.6326138973236084]"
1447.0,2011-09-01T00:00:00.000000000,"[3.2422361373901367, 3.141451358795166, -0.12397433072328568, -0.36585772037506104]","[2.5943095684051514, 2.658602237701416, 2.676419496536255, 2.6888070106506348]"
1447.0,2011-12-01T00:00:00.000000000,"[3.141451358795166, -0.12397433072328568, -0.36585772037506104, 1.6699939966201782]","[2.7643299102783203, 2.8332648277282715, 2.852235794067383, 2.8617868423461914]"
1447.0,2012-03-01T00:00:00.000000000,"[-0.12397433072328568, -0.36585772037506104, 1.6699939966201782, 2.5972137451171875]","[2.8098573684692383, 2.8790762424468994, 2.898183822631836, 2.9093892574310303]"
1447.0,2012-06-01T00:00:00.000000000,"[-0.36585772037506104, 1.6699939966201782, 2.5972137451171875, 4.57259464263916]","[2.5306859016418457, 2.595409393310547, 2.613774299621582, 2.639923572540283]"
1447.0,2012-09-01T00:00:00.000000000,"[1.6699939966201782, 2.5972137451171875, 4.57259464263916, 4.693536281585693]","[1.9659773111343384, 2.0392181873321533, 2.072131872177124, 2.119293689727783]"
1447.0,2012-12-01T00:00:00.000000000,"[2.5972137451171875, 4.57259464263916, 4.693536281585693, 3.625218152999878]","[2.1655330657958984, 2.231531858444214, 2.2553083896636963, 2.298116683959961]"
1447.0,2013-03-01T00:00:00.000000000,"[4.57259464263916, 4.693536281585693, 3.625218152999878, 3.4438059329986572]","[2.3350892066955566, 2.4049298763275146, 2.429469585418701, 2.4667582511901855]"
1602.0,2006-06-01T00:00:00.000000000,"[3.8267874717712402, 3.6856889724731445, 3.403491973876953, 4.048514366149902]","[2.4652953147888184, 2.5293283462524414, 2.5470869541168213, 2.5596413612365723]"
1602.0,2006-09-01T00:00:00.000000000,"[3.6856889724731445, 3.403491973876953, 4.048514366149902, 4.229926586151123]","[2.595000982284546, 2.664674758911133, 2.684034824371338, 2.6997745037078857]"
1602.0,2006-12-01T00:00:00.000000000,"[3.403491973876953, 4.048514366149902, 4.229926586151123, 4.532280921936035]","[2.7994353771209717, 2.875761032104492, 2.8968751430511475, 2.910599946975708]"
1602.0,2007-03-01T00:00:00.000000000,"[4.048514366149902, 4.229926586151123, 4.532280921936035, 4.310554504394531]","[2.955324172973633, 3.0346405506134033, 3.056421995162964, 3.0677173137664795]"
1602.0,2007-06-01T00:00:00.000000000,"[4.229926586151123, 4.532280921936035, 4.310554504394531, 4.895106315612793]","[3.005189895629883, 3.0861337184906006, 3.108386516571045, 3.12524151802063]"
1602.0,2007-09-01T00:00:00.000000000,"[4.532280921936035, 4.310554504394531, 4.895106315612793, 4.774164199829102]","[3.132265567779541, 3.217770576477051, 3.2411036491394043, 3.2607545852661133]"
1602.0,2007-12-01T00:00:00.000000000,"[4.310554504394531, 4.895106315612793, 4.774164199829102, 5.136989593505859]","[3.3989357948303223, 3.4946722984313965, 3.5210580825805664, 3.5380468368530273]"
1602.0,2008-03-01T00:00:00.000000000,"[4.895106315612793, 4.774164199829102, 5.136989593505859, 4.8749494552612305]","[3.576815128326416, 3.6768345832824707, 3.7041735649108887, 3.7202115058898926]"
1602.0,2008-06-01T00:00:00.000000000,"[4.774164199829102, 5.136989593505859, 4.8749494552612305, 5.399029731750488]","[3.678854465484619, 3.7827911376953125, 3.8112740516662598, 3.8323514461517334]"
1602.0,2008-09-01T00:00:00.000000000,"[5.136989593505859, 4.8749494552612305, 5.399029731750488, 5.640913009643555]","[3.813077211380005, 3.9211792945861816, 3.9507899284362793, 3.9740262031555176]"
1602.0,2008-12-01T00:00:00.000000000,"[4.8749494552612305, 5.399029731750488, 5.640913009643555, 5.640913009643555]","[4.032708644866943, 4.1483612060546875, 4.18027400970459, 4.202871322631836]"
1602.0,2009-03-01T00:00:00.000000000,"[5.399029731750488, 5.640913009643555, 5.640913009643555, 4.8749494552612305]","[4.212591171264648, 4.332201957702637, 4.365091323852539, 4.3866400718688965]"
1602.0,2009-06-01T00:00:00.000000000,"[5.640913009643555, 5.640913009643555, 4.8749494552612305, 6.0440521240234375]","[4.333342552185059, 4.456406593322754, 4.490418910980225, 4.515501022338867]"
1602.0,2009-09-01T00:00:00.000000000,"[5.640913009643555, 4.8749494552612305, 6.0440521240234375, 6.769701957702637]","[4.5029072761535645, 4.630758285522461, 4.666036605834961, 4.693053245544434]"
1602.0,2009-12-01T00:00:00.000000000,"[4.8749494552612305, 6.0440521240234375, 6.769701957702637, 6.487504959106445]","[4.6816534996032715, 4.814828872680664, 4.851761341094971, 4.879485607147217]"
1602.0,2010-03-01T00:00:00.000000000,"[6.0440521240234375, 6.769701957702637, 6.487504959106445, 5.943267345428467]","[4.775938987731934, 4.90866756439209, 4.945494651794434, 4.973320960998535]"
1602.0,2010-06-01T00:00:00.000000000,"[6.769701957702637, 6.487504959106445, 5.943267345428467, 6.225464344024658]","[4.967047691345215, 5.103969573974609, 5.141973495483398, 5.17023229598999]"
1602.0,2010-09-01T00:00:00.000000000,"[6.487504959106445, 5.943267345428467, 6.225464344024658, 7.051899433135986]","[5.251291751861572, 5.397539138793945, 5.438011169433594, 5.466092109680176]"
1602.0,2010-12-01T00:00:00.000000000,"[5.943267345428467, 6.225464344024658, 7.051899433135986, 6.427034378051758]","[5.685613632202148, 5.845548629760742, 5.88946533203125, 5.908685684204102]"
1602.0,2011-03-01T00:00:00.000000000,"[6.225464344024658, 7.051899433135986, 6.427034378051758, 6.386720657348633]","[5.653528213500977, 5.807985305786133, 5.850673198699951, 5.876686096191406]"
1602.0,2011-06-01T00:00:00.000000000,"[7.051899433135986, 6.427034378051758, 6.386720657348633, 7.455038547515869]","[5.698760032653809, 5.851620197296143, 5.894039154052734, 5.9247589111328125]"
1602.0,2011-09-01T00:00:00.000000000,"[6.427034378051758, 6.386720657348633, 7.455038547515869, 7.616293907165527]","[6.015732765197754, 6.177069187164307, 6.221640586853027, 6.248633861541748]"
1602.0,2011-12-01T00:00:00.000000000,"[6.386720657348633, 7.455038547515869, 7.616293907165527, 7.858177185058594]","[6.320009231567383, 6.4874491691589355, 6.53342342376709, 6.55354642868042]"
1602.0,2012-03-01T00:00:00.000000000,"[7.455038547515869, 7.616293907165527, 7.858177185058594, 6.729388236999512]","[6.267288684844971, 6.427494525909424, 6.471763610839844, 6.49866247177124]"
1602.0,2012-06-01T00:00:00.000000000,"[7.616293907165527, 7.858177185058594, 6.729388236999512, 6.507661819458008]","[6.422494411468506, 6.584354400634766, 6.629152774810791, 6.65834903717041]"
1602.0,2012-09-01T00:00:00.000000000,"[7.858177185058594, 6.729388236999512, 6.507661819458008, 7.8783345222473145]","[6.666669845581055, 6.8326921463012695, 6.878545761108398, 6.906038284301758]"
1602.0,2012-12-01T00:00:00.000000000,"[6.729388236999512, 6.507661819458008, 7.8783345222473145, 8.462885856628418]","[7.036502838134766, 7.210478782653809, 7.258233547210693, 7.278833389282227]"
1602.0,2013-03-01T00:00:00.000000000,"[6.507661819458008, 7.8783345222473145, 8.462885856628418, 7.8380208015441895]","[6.942547798156738, 7.105679512023926, 7.150748252868652, 7.177654266357422]"
1690.0,2006-06-01T00:00:00.000000000,"[-0.30538687109947205, -0.23483756184577942, 0.591597318649292, 0.22373300790786743]","[-0.23693081736564636, -0.20693618059158325, -0.19878464937210083, -0.19185885787010193]"
1690.0,2006-09-01T00:00:00.000000000,"[-0.23483756184577942, 0.591597318649292, 0.22373300790786743, -0.0181503314524889]","[-0.23609668016433716, -0.2067016065120697, -0.1987045407295227, -0.19112855195999146]"
1690.0,2006-12-01T00:00:00.000000000,"[0.591597318649292, 0.22373300790786743, -0.0181503314524889, 0.03728128597140312]","[-0.2409035861492157, -0.21237733960151672, -0.20463833212852478, -0.19599604606628418]"
1690.0,2007-03-01T00:00:00.000000000,"[0.22373300790786743, -0.0181503314524889, 0.03728128597140312, 0.7024605870246887]","[-0.07212352752685547, -0.03635329008102417, -0.026478111743927002, -0.020106792449951172]"
1690.0,2007-06-01T00:00:00.000000000,"[-0.0181503314524889, 0.03728128597140312, 0.7024605870246887, 0.007045830134302378]","[-0.019296735525131226, 0.017969459295272827, 0.02825680375099182, 0.034708648920059204]"
1690.0,2007-09-01T00:00:00.000000000,"[0.03728128597140312, 0.7024605870246887, 0.007045830134302378, -0.23483756184577942]","[-0.0069709718227386475, 0.029949456453323364, 0.04015424847602844, 0.047242432832717896]"
1690.0,2007-12-01T00:00:00.000000000,"[0.7024605870246887, 0.007045830134302378, -0.23483756184577942, -0.10885663330554962]","[-0.01693826913833618, 0.018760859966278076, 0.028605550527572632, 0.0374150276184082]"
1690.0,2008-03-01T00:00:00.000000000,"[0.007045830134302378, -0.23483756184577942, -0.10885663330554962, 0.7427744269371033]","[0.14362037181854248, 0.18538355827331543, 0.19690221548080444, 0.20322656631469727]"
1690.0,2008-06-01T00:00:00.000000000,"[-0.23483756184577942, -0.10885663330554962, 0.7427744269371033, 0.10783053934574127]","[0.15136456489562988, 0.1924176812171936, 0.20375901460647583, 0.21061283349990845]"
1690.0,2008-09-01T00:00:00.000000000,"[-0.10885663330554962, 0.7427744269371033, 0.10783053934574127, -0.10885663330554962]","[0.11099600791931152, 0.14970514178276062, 0.1604800522327423, 0.16925546526908875]"
1690.0,2008-12-01T00:00:00.000000000,"[0.7427744269371033, 0.10783053934574127, -0.10885663330554962, 0.09271284192800522]","[0.07609227299690247, 0.11253273487091064, 0.1227395236492157, 0.13340729475021362]"
1690.0,2009-03-01T00:00:00.000000000,"[0.10783053934574127, -0.10885663330554962, 0.09271284192800522, 1.0098540782928467]","[0.27235761284828186, 0.3153735101222992, 0.32722529768943787, 0.3333652913570404]"
1690.0,2009-06-01T00:00:00.000000000,"[-0.10885663330554962, 0.09271284192800522, 1.0098540782928467, 0.42530253529548645]","[0.26977261900901794, 0.31149181723594666, 0.32301679253578186, 0.32999613881111145]"
1690.0,2009-09-01T00:00:00.000000000,"[0.09271284192800522, 1.0098540782928467, 0.42530253529548645, 0.22877223789691925]","[0.25018858909606934, 0.28995516896247864, 0.3009868562221527, 0.30890557169914246]"
1690.0,2009-12-01T00:00:00.000000000,"[1.0098540782928467, 0.42530253529548645, 0.22877223789691925, 0.5160088539123535]","[0.20481553673744202, 0.24173441529273987, 0.2520804703235626, 0.2623971402645111]"
1690.0,2010-03-01T00:00:00.000000000,"[0.42530253529548645, 0.22877223789691925, 0.5160088539123535, 1.155991792678833]","[0.3992706537246704, 0.4427754878997803, 0.45477259159088135, 0.46138644218444824]"
1690.0,2010-06-01T00:00:00.000000000,"[0.22877223789691925, 0.5160088539123535, 1.155991792678833, 0.2892431318759918]","[0.41627615690231323, 0.4589002728462219, 0.47067177295684814, 0.4777281880378723]"
1690.0,2010-09-01T00:00:00.000000000,"[0.5160088539123535, 1.155991792678833, 0.2892431318759918, 0.14814451336860657]","[0.43486323952674866, 0.47634872794151306, 0.4877985417842865, 0.49440494179725647]"
1690.0,2010-12-01T00:00:00.000000000,"[1.155991792678833, 0.2892431318759918, 0.14814451336860657, 0.5764796137809753]","[0.3926929533481598, 0.4313087463378906, 0.44208747148513794, 0.4516744613647461]"
1690.0,2011-03-01T00:00:00.000000000,"[0.2892431318759918, 0.14814451336860657, 0.5764796137809753, 1.564170002937317]","[0.5331425666809082, 0.576488733291626, 0.5884935855865479, 0.5965495705604553]"
1690.0,2011-06-01T00:00:00.000000000,"[0.14814451336860657, 0.5764796137809753, 1.564170002937317, 0.3345962464809418]","[0.514704167842865, 0.555825412273407, 0.5672638416290283, 0.576387345790863]"
1690.0,2011-09-01T00:00:00.000000000,"[0.5764796137809753, 1.564170002937317, 0.3345962464809418, 0.34971392154693604]","[0.5072442889213562, 0.5464403033256531, 0.5573662519454956, 0.5666700005531311]"
1690.0,2011-12-01T00:00:00.000000000,"[1.564170002937317, 0.3345962464809418, 0.34971392154693604, 0.5210480690002441]","[0.4838883876800537, 0.5207977294921875, 0.5310931205749512, 0.5424647331237793]"
1690.0,2012-03-01T00:00:00.000000000,"[0.3345962464809418, 0.34971392154693604, 0.5210480690002441, 2.435957908630371]","[0.6069238185882568, 0.6493352651596069, 0.6612337827682495, 0.6737048029899597]"
1690.0,2012-06-01T00:00:00.000000000,"[0.34971392154693604, 0.5210480690002441, 2.435957908630371, 1.8715635538101196]","[0.5043655633926392, 0.5414937734603882, 0.5517663955688477, 0.5690924525260925]"
1690.0,2012-09-01T00:00:00.000000000,"[0.5210480690002441, 2.435957908630371, 1.8715635538101196, 1.6699939966201782]","[0.569961667060852, 0.6085481643676758, 0.6193875074386597, 0.6340707540512085]"
1690.0,2012-12-01T00:00:00.000000000,"[2.435957908630371, 1.8715635538101196, 1.6699939966201782, 1.5490524768829346]","[0.5177181959152222, 0.5531187057495117, 0.5631035566329956, 0.5806229114532471]"
1690.0,2013-03-01T00:00:00.000000000,"[1.8715635538101196, 1.6699939966201782, 1.5490524768829346, 3.2825498580932617]","[0.8868165612220764, 0.9397963881492615, 0.9545980095863342, 0.9682716131210327]"
2136.0,2006-06-01T00:00:00.000000000,"[0.8838731646537781, 0.843559205532074, 0.48073408007621765, 1.1055995225906372]","[0.37448978424072266, 0.3860771954059601, 0.3894832730293274, 0.39726459980010986]"
2136.0,2006-09-01T00:00:00.000000000,"[0.843559205532074, 0.48073408007621765, 1.1055995225906372, 1.1459133625030518]","[0.4567701816558838, 0.47203657031059265, 0.47642678022384644, 0.4832322597503662]"
2136.0,2006-12-01T00:00:00.000000000,"[0.48073408007621765, 1.1055995225906372, 1.1459133625030518, 1.1459133625030518]","[0.5845828056335449, 0.6046302318572998, 0.6101963520050049, 0.6134533882141113]"
2136.0,2007-03-01T00:00:00.000000000,"[1.1055995225906372, 1.1459133625030518, 1.1459133625030518, 0.843559205532074]","[0.5138444900512695, 0.5316042900085449, 0.536644458770752, 0.5432144999504089]"
2136.0,2007-06-01T00:00:00.000000000,"[1.1459133625030518, 1.1459133625030518, 0.843559205532074, 1.1862272024154663]","[0.48903751373291016, 0.5070511698722839, 0.5121872425079346, 0.523410439491272]"
2136.0,2007-09-01T00:00:00.000000000,"[1.1459133625030518, 0.843559205532074, 1.1862272024154663, 0.9443439245223999]","[0.5932593941688538, 0.6159741878509521, 0.6224565505981445, 0.6324028968811035]"
2136.0,2007-12-01T00:00:00.000000000,"[0.843559205532074, 1.1862272024154663, 0.9443439245223999, 1.0854425430297852]","[0.724479615688324, 0.7523216009140015, 0.760076642036438, 0.7672384977340698]"
2136.0,2008-03-01T00:00:00.000000000,"[1.1862272024154663, 0.9443439245223999, 1.0854425430297852, 0.7830883860588074]","[0.6664992570877075, 0.6928117275238037, 0.7004591226577759, 0.7112259268760681]"
2136.0,2008-06-01T00:00:00.000000000,"[0.9443439245223999, 1.0854425430297852, 0.7830883860588074, 0.964500904083252]","[0.7050752639770508, 0.7323666214942932, 0.7400223612785339, 0.7520652413368225]"
2136.0,2008-09-01T00:00:00.000000000,"[1.0854425430297852, 0.7830883860588074, 0.964500904083252, 0.9846578240394592]","[0.7585172057151794, 0.7874029874801636, 0.7955003380775452, 0.8066502213478088]"
2136.0,2008-12-01T00:00:00.000000000,"[0.7830883860588074, 0.964500904083252, 0.9846578240394592, 1.024971842765808]","[0.8096500635147095, 0.8404110074043274, 0.8490579128265381, 0.8599004745483398]"
2136.0,2009-03-01T00:00:00.000000000,"[0.964500904083252, 0.9846578240394592, 1.024971842765808, 0.7830883860588074]","[0.7757138013839722, 0.8047181367874146, 0.8127752542495728, 0.8259013891220093]"
2136.0,2009-06-01T00:00:00.000000000,"[0.9846578240394592, 1.024971842765808, 0.7830883860588074, 1.4079537391662598]","[0.7922185659408569, 0.821570634841919, 0.8297793865203857, 0.8434279561042786]"
2136.0,2009-09-01T00:00:00.000000000,"[1.024971842765808, 0.7830883860588074, 1.4079537391662598, 1.468424677848816]","[0.8539127111434937, 0.8850902915000916, 0.8937053680419922, 0.9059649705886841]"
2136.0,2009-12-01T00:00:00.000000000,"[0.7830883860588074, 1.4079537391662598, 1.468424677848816, 1.50873863697052]","[0.9494500160217285, 0.9839913249015808, 0.9936488270759583, 1.0030057430267334]"
2136.0,2010-03-01T00:00:00.000000000,"[1.4079537391662598, 1.468424677848816, 1.50873863697052, 1.3071690797805786]","[0.9393724203109741, 0.9727787971496582, 0.9819933176040649, 0.9924237132072449]"
2136.0,2010-06-01T00:00:00.000000000,"[1.468424677848816, 1.50873863697052, 1.3071690797805786, 1.468424677848816]","[1.045897126197815, 1.0833241939544678, 1.0937330722808838, 1.1023716926574707]"
2136.0,2010-09-01T00:00:00.000000000,"[1.50873863697052, 1.3071690797805786, 1.468424677848816, 1.5288954973220825]","[1.1386303901672363, 1.179304599761963, 1.190563440322876, 1.1981539726257324]"
2136.0,2010-12-01T00:00:00.000000000,"[1.3071690797805786, 1.468424677848816, 1.5288954973220825, 1.569209337234497]","[1.2732517719268799, 1.3182569742202759, 1.3305902481079102, 1.335282802581787]"
2136.0,2011-03-01T00:00:00.000000000,"[1.468424677848816, 1.5288954973220825, 1.569209337234497, 1.3273259401321411]","[1.2539699077606201, 1.29751718044281, 1.3095465898513794, 1.3166978359222412]"
2136.0,2011-06-01T00:00:00.000000000,"[1.5288954973220825, 1.569209337234497, 1.3273259401321411, 1.5893663167953491]","[1.2997134923934937, 1.3441003561019897, 1.356369137763977, 1.3637385368347168]"
2136.0,2011-09-01T00:00:00.000000000,"[1.569209337234497, 1.3273259401321411, 1.5893663167953491, 1.4281105995178223]","[1.3647786378860474, 1.4106743335723877, 1.4233269691467285, 1.4301881790161133]"
2136.0,2011-12-01T00:00:00.000000000,"[1.3273259401321411, 1.5893663167953491, 1.4281105995178223, 1.569209337234497]","[1.4728028774261475, 1.5213581323623657, 1.5346322059631348, 1.5390756130218506]"
2136.0,2012-03-01T00:00:00.000000000,"[1.5893663167953491, 1.4281105995178223, 1.569209337234497, 1.488581657409668]","[1.406274676322937, 1.4512938261032104, 1.4637587070465088, 1.4720242023468018]"
2136.0,2012-06-01T00:00:00.000000000,"[1.4281105995178223, 1.569209337234497, 1.488581657409668, 1.6901509761810303]","[1.4268990755081177, 1.471120834350586, 1.4833980798721313, 1.4924399852752686]"
2136.0,2012-09-01T00:00:00.000000000,"[1.569209337234497, 1.488581657409668, 1.6901509761810303, 1.811092734336853]","[1.4852910041809082, 1.5299572944641113, 1.542299747467041, 1.5498926639556885]"
2136.0,2012-12-01T00:00:00.000000000,"[1.488581657409668, 1.6901509761810303, 1.811092734336853, 1.8917205333709717]","[1.569903016090393, 1.6157464981079102, 1.6283236742019653, 1.6336445808410645]"
2136.0,2013-03-01T00:00:00.000000000,"[1.6901509761810303, 1.811092734336853, 1.8917205333709717, 1.6901509761810303]","[1.4703619480133057, 1.510937213897705, 1.5222665071487427, 1.5324089527130127]"
2285.0,2006-06-01T00:00:00.000000000,"[3.5647473335266113, 3.363178253173828, 3.705845832824707, 3.020509958267212]","[2.1065855026245117, 2.2177398204803467, 2.25003719329834, 2.314070701599121]"
2285.0,2006-09-01T00:00:00.000000000,"[3.363178253173828, 3.705845832824707, 3.020509958267212, 2.315016269683838]","[3.0129241943359375, 3.1526691913604736, 3.1918373107910156, 3.223762035369873]"
2285.0,2006-12-01T00:00:00.000000000,"[3.705845832824707, 3.020509958267212, 2.315016269683838, 4.129141807556152]","[3.0352566242218018, 3.1764872074127197, 3.2159485816955566, 3.2517409324645996]"
2285.0,2007-03-01T00:00:00.000000000,"[3.020509958267212, 2.315016269683838, 4.129141807556152, 2.274702548980713]","[2.749814748764038, 2.8807733058929443, 2.918100357055664, 2.9726626873016357]"
2285.0,2007-06-01T00:00:00.000000000,"[2.315016269683838, 4.129141807556152, 2.274702548980713, 2.5569000244140625]","[2.4224350452423096, 2.541025161743164, 2.575169563293457, 2.647779941558838]"
2285.0,2007-09-01T00:00:00.000000000,"[4.129141807556152, 2.274702548980713, 2.5569000244140625, -1.8373149633407593]","[2.6874284744262695, 2.80793833732605, 2.8426706790924072, 2.9029603004455566]"
2285.0,2007-12-01T00:00:00.000000000,"[2.274702548980713, 2.5569000244140625, -1.8373149633407593, 6.124680042266846]","[2.941856622695923, 3.0703742504119873, 3.1071553230285645, 3.16391921043396]"
2285.0,2008-03-01T00:00:00.000000000,"[2.5569000244140625, -1.8373149633407593, 6.124680042266846, 4.02835750579834]","[2.605801582336426, 2.723149299621582, 2.757431983947754, 2.829461097717285]"
2285.0,2008-06-01T00:00:00.000000000,"[-1.8373149633407593, 6.124680042266846, 4.02835750579834, 3.101137638092041]","[2.8527169227600098, 2.9770960807800293, 3.0129804611206055, 3.076221466064453]"
2285.0,2008-09-01T00:00:00.000000000,"[6.124680042266846, 4.02835750579834, 3.101137638092041, 4.189612865447998]","[2.3889894485473633, 2.5078794956207275, 2.543076992034912, 2.6294426918029785]"
2285.0,2008-12-01T00:00:00.000000000,"[4.02835750579834, 3.101137638092041, 4.189612865447998, 4.532280921936035]","[2.982794761657715, 3.1257705688476562, 3.1671533584594727, 3.2438883781433105]"
2285.0,2009-03-01T00:00:00.000000000,"[3.101137638092041, 4.189612865447998, 4.532280921936035, 5.217617034912109]","[3.534778594970703, 3.6955409049987793, 3.7410836219787598, 3.7994649410247803]"
2285.0,2009-06-01T00:00:00.000000000,"[4.189612865447998, 4.532280921936035, 5.217617034912109, 6.386720657348633]","[3.7243432998657227, 3.891050100326538, 3.9379684925079346, 3.989905595779419]"
2285.0,2009-09-01T00:00:00.000000000,"[4.532280921936035, 5.217617034912109, 6.386720657348633, 5.761854648590088]","[3.6176843643188477, 3.7805323600769043, 3.826735019683838, 3.8891239166259766]"
2285.0,2009-12-01T00:00:00.000000000,"[5.217617034912109, 6.386720657348633, 5.761854648590088, 6.265778541564941]","[3.573418617248535, 3.7338809967041016, 3.779784679412842, 3.8510255813598633]"
2285.0,2010-03-01T00:00:00.000000000,"[6.386720657348633, 5.761854648590088, 6.265778541564941, 10.095598220825195]","[4.297097682952881, 4.474712371826172, 4.524404048919678, 4.571711540222168]"
2285.0,2010-06-01T00:00:00.000000000,"[5.761854648590088, 6.265778541564941, 10.095598220825195, 5.419187068939209]","[4.110684871673584, 4.283139228820801, 4.332188606262207, 4.401191234588623]"
2285.0,2010-09-01T00:00:00.000000000,"[6.265778541564941, 10.095598220825195, 5.419187068939209, -12.681754112243652]","[4.860645294189453, 5.057815074920654, 5.112771987915039, 5.159370422363281]"
2285.0,2010-12-01T00:00:00.000000000,"[10.095598220825195, 5.419187068939209, -12.681754112243652, 1.9723484516143799]","[4.771963119506836, 4.934406280517578, 4.979613304138184, 5.017674446105957]"
2285.0,2011-03-01T00:00:00.000000000,"[5.419187068939209, -12.681754112243652, 1.9723484516143799, -5.64697790145874]","[5.724708557128906, 5.9321746826171875, 5.989327907562256, 6.021601676940918]"
2285.0,2011-06-01T00:00:00.000000000,"[-12.681754112243652, 1.9723484516143799, -5.64697790145874, -4.3770904541015625]","[5.842089653015137, 6.048377513885498, 6.10530948638916, 6.137790203094482]"
2285.0,2011-09-01T00:00:00.000000000,"[1.9723484516143799, -5.64697790145874, -4.3770904541015625, -10.60558795928955]","[2.7130210399627686, 2.997098207473755, 3.1338398456573486, 3.3392605781555176]"
2285.0,2011-12-01T00:00:00.000000000,"[-5.64697790145874, -4.3770904541015625, -10.60558795928955, -3.752225160598755]","[2.3745195865631104, 2.642927646636963, 2.7738633155822754, 2.995332717895508]"
2285.0,2012-03-01T00:00:00.000000000,"[-4.3770904541015625, -10.60558795928955, -3.752225160598755, -9.396171569824219]","[1.1105196475982666, 1.4097583293914795, 1.5782651901245117, 1.8484632968902588]"
2285.0,2012-06-01T00:00:00.000000000,"[-10.60558795928955, -3.752225160598755, -9.396171569824219, -4.034422397613525]","[0.6139693260192871, 0.954913854598999, 1.1594383716583252, 1.4423373937606812]"
2285.0,2012-09-01T00:00:00.000000000,"[-3.752225160598755, -9.396171569824219, -4.034422397613525, -0.14413125813007355]","[0.019829273223876953, 0.4106186628341675, 0.6444007158279419, 0.9696834087371826]"
2285.0,2012-12-01T00:00:00.000000000,"[-9.396171569824219, -4.034422397613525, -0.14413125813007355, -2.1598262786865234]","[-0.01855766773223877, 0.36846208572387695, 0.5938527584075928, 0.925707221031189]"
2285.0,2013-03-01T00:00:00.000000000,"[-4.034422397613525, -0.14413125813007355, -2.1598262786865234, -16.45110321044922]","[-0.5439420938491821, -0.12028145790100098, 0.12828123569488525, 0.4885762929916382]"
2817.0,2006-06-01T00:00:00.000000000,"[2.456115245819092, 2.5165860652923584, 1.7707788944244385, 2.5165860652923584]","[2.312971591949463, 2.3859548568725586, 2.4066104888916016, 2.4575438499450684]"
2817.0,2006-09-01T00:00:00.000000000,"[2.5165860652923584, 1.7707788944244385, 2.5165860652923584, 1.6095231771469116]","[1.9925014972686768, 2.055412769317627, 2.0745787620544434, 2.1402769088745117]"
2817.0,2006-12-01T00:00:00.000000000,"[1.7707788944244385, 2.5165860652923584, 1.6095231771469116, 0.5613619089126587]","[2.462881565093994, 2.5393900871276855, 2.56170654296875, 2.60867977142334]"
2817.0,2007-03-01T00:00:00.000000000,"[2.5165860652923584, 1.6095231771469116, 0.5613619089126587, 0.5412049889564514]","[1.9118146896362305, 1.970062017440796, 1.9881913661956787, 2.058967113494873]"
2817.0,2007-06-01T00:00:00.000000000,"[1.6095231771469116, 0.5613619089126587, 0.5412049889564514, 0.40010637044906616]","[2.2664341926574707, 2.3348469734191895, 2.3550071716308594, 2.4121553897857666]"
2817.0,2007-09-01T00:00:00.000000000,"[0.5613619089126587, 0.5412049889564514, 0.40010637044906616, 1.246698260307312]","[2.122742176055908, 2.1868081092834473, 2.2058684825897217, 2.2687013149261475]"
2817.0,2007-12-01T00:00:00.000000000,"[0.5412049889564514, 0.40010637044906616, 1.246698260307312, 0.7629314661026001]","[1.6965912580490112, 1.765104055404663, 1.7948567867279053, 1.8711289167404175]"
2817.0,2008-03-01T00:00:00.000000000,"[0.40010637044906616, 1.246698260307312, 0.7629314661026001, 0.722617506980896]","[1.585767149925232, 1.6622645854949951, 1.6993173360824585, 1.777619481086731]"
2817.0,2008-06-01T00:00:00.000000000,"[1.246698260307312, 0.7629314661026001, 0.722617506980896, 1.6296801567077637]","[1.1972993612289429, 1.3035671710968018, 1.3708298206329346, 1.4533772468566895]"
2817.0,2008-09-01T00:00:00.000000000,"[0.7629314661026001, 0.722617506980896, 1.6296801567077637, 2.052976369857788]","[1.5810911655426025, 1.6570641994476318, 1.6922380924224854, 1.7721034288406372]"
2817.0,2008-12-01T00:00:00.000000000,"[0.722617506980896, 1.6296801567077637, 2.052976369857788, 2.980195999145508]","[1.3236584663391113, 1.4180375337600708, 1.4720230102539062, 1.554517149925232]"
2817.0,2009-03-01T00:00:00.000000000,"[1.6296801567077637, 2.052976369857788, 2.980195999145508, 3.403491973876953]","[1.4181443452835083, 1.502919316291809, 1.5462404489517212, 1.6286940574645996]"
2817.0,2009-06-01T00:00:00.000000000,"[2.052976369857788, 2.980195999145508, 3.403491973876953, 4.733850479125977]","[1.4533770084381104, 1.5337201356887817, 1.572605013847351, 1.6549967527389526]"
2817.0,2009-09-01T00:00:00.000000000,"[2.980195999145508, 3.403491973876953, 4.733850479125977, 5.036204814910889]","[1.5487229824066162, 1.6232050657272339, 1.6554620265960693, 1.735543966293335]"
2817.0,2009-12-01T00:00:00.000000000,"[3.403491973876953, 4.733850479125977, 5.036204814910889, 4.814477920532227]","[2.4253036975860596, 2.5095036029815674, 2.5331549644470215, 2.5843911170959473]"
2817.0,2010-03-01T00:00:00.000000000,"[4.733850479125977, 5.036204814910889, 4.814477920532227, 4.189612865447998]","[2.708420515060425, 2.8030097484588623, 2.8301072120666504, 2.8732364177703857]"
2817.0,2010-06-01T00:00:00.000000000,"[5.036204814910889, 4.814477920532227, 4.189612865447998, 4.975733757019043]","[2.9869561195373535, 3.0887248516082764, 3.1176609992980957, 3.1579031944274902]"
2817.0,2010-09-01T00:00:00.000000000,"[4.814477920532227, 4.189612865447998, 4.975733757019043, 4.754007339477539]","[3.287724018096924, 3.3994436264038086, 3.4309937953948975, 3.469086170196533]"
2817.0,2010-12-01T00:00:00.000000000,"[4.189612865447998, 4.975733757019043, 4.754007339477539, 4.411339282989502]","[3.5727643966674805, 3.6920065879821777, 3.725450038909912, 3.759584426879883]"
2817.0,2011-03-01T00:00:00.000000000,"[4.975733757019043, 4.754007339477539, 4.411339282989502, 4.3508687019348145]","[3.467555046081543, 3.5783395767211914, 3.6097776889801025, 3.652029037475586]"
2817.0,2011-06-01T00:00:00.000000000,"[4.754007339477539, 4.411339282989502, 4.3508687019348145, 2.274702548980713]","[3.156531572341919, 3.250722885131836, 3.277352809906006, 3.3394827842712402]"
2817.0,2011-09-01T00:00:00.000000000,"[4.411339282989502, 4.3508687019348145, 2.274702548980713, 1.1257563829421997]","[3.3626954555511475, 3.4632959365844727, 3.4920716285705566, 3.5517570972442627]"
2817.0,2011-12-01T00:00:00.000000000,"[4.3508687019348145, 2.274702548980713, 1.1257563829421997, 1.750622034072876]","[3.547905683517456, 3.6539299488067627, 3.6846325397491455, 3.7409908771514893]"
2817.0,2012-03-01T00:00:00.000000000,"[2.274702548980713, 1.1257563829421997, 1.750622034072876, 3.322863817214966]","[3.383359432220459, 3.483462333679199, 3.512988567352295, 3.5808560848236084]"
2817.0,2012-06-01T00:00:00.000000000,"[1.1257563829421997, 1.750622034072876, 3.322863817214966, 4.834634780883789]","[3.0081682205200195, 3.095489025115967, 3.1213560104370117, 3.2052276134490967]"
2817.0,2012-09-01T00:00:00.000000000,"[1.750622034072876, 3.322863817214966, 4.834634780883789, 4.2903971672058105]","[2.6672160625457764, 2.7454240322113037, 2.7689356803894043, 2.8676395416259766]"
2817.0,2012-12-01T00:00:00.000000000,"[3.322863817214966, 4.834634780883789, 4.2903971672058105, 4.411339282989502]","[2.44047474861145, 2.5301830768585205, 2.5666985511779785, 2.669067621231079]"
2817.0,2013-03-01T00:00:00.000000000,"[4.834634780883789, 4.2903971672058105, 4.411339282989502, 4.471810340881348]","[2.449585437774658, 2.5362370014190674, 2.5700628757476807, 2.6721742153167725]"
2968.0,2006-06-01T00:00:00.000000000,"[1.9925053119659424, 1.7909358739852905, 1.4482678174972534, 1.9723484516143799]","[1.6317408084869385, 1.695582628250122, 1.7137532234191895, 1.741149663925171]"
2968.0,2006-09-01T00:00:00.000000000,"[1.7909358739852905, 1.4482678174972534, 1.9723484516143799, 2.1537609100341797]","[1.5987329483032227, 1.6606862545013428, 1.6785355806350708, 1.7098538875579834]"
2968.0,2006-12-01T00:00:00.000000000,"[1.4482678174972534, 1.9723484516143799, 2.1537609100341797, 2.435957908630371]","[1.6630014181137085, 1.7261977195739746, 1.744359016418457, 1.77470862865448]"
2968.0,2007-03-01T00:00:00.000000000,"[1.9723484516143799, 2.1537609100341797, 2.435957908630371, 1.7103080749511719]","[1.4348572492599487, 1.4896600246429443, 1.5059155225753784, 1.5468614101409912]"
2968.0,2007-06-01T00:00:00.000000000,"[2.1537609100341797, 2.435957908630371, 1.7103080749511719, 1.7707788944244385]","[1.5897325277328491, 1.6490652561187744, 1.666405200958252, 1.7028625011444092]"
2968.0,2007-09-01T00:00:00.000000000,"[2.435957908630371, 1.7103080749511719, 1.7707788944244385, 2.173917770385742]","[1.6606669425964355, 1.7222447395324707, 1.740168809890747, 1.7760827541351318]"
2968.0,2007-12-01T00:00:00.000000000,"[1.7103080749511719, 1.7707788944244385, 2.173917770385742, 2.234388589859009]","[2.0971665382385254, 2.1727776527404785, 2.1939611434936523, 2.2147655487060547]"
2968.0,2008-03-01T00:00:00.000000000,"[1.7707788944244385, 2.173917770385742, 2.234388589859009, 2.234388589859009]","[1.8259117603302002, 1.892639398574829, 1.9118561744689941, 1.9450773000717163]"
2968.0,2008-06-01T00:00:00.000000000,"[2.173917770385742, 2.234388589859009, 2.234388589859009, 2.3754870891571045]","[1.8478920459747314, 1.91532301902771, 1.9346981048583984, 1.9670226573944092]"
2968.0,2008-09-01T00:00:00.000000000,"[2.234388589859009, 2.234388589859009, 2.3754870891571045, 2.496429204940796]","[2.0794882774353027, 2.154484510421753, 2.175621509552002, 2.1998252868652344]"
2968.0,2008-12-01T00:00:00.000000000,"[2.234388589859009, 2.3754870891571045, 2.496429204940796, 2.5972137451171875]","[2.2391419410705566, 2.318955898284912, 2.3412423133850098, 2.3610591888427734]"
2968.0,2009-03-01T00:00:00.000000000,"[2.3754870891571045, 2.496429204940796, 2.5972137451171875, 2.5972137451171875]","[2.2777819633483887, 2.3580801486968994, 2.3805177211761475, 2.4010608196258545]"
2968.0,2009-06-01T00:00:00.000000000,"[2.496429204940796, 2.5972137451171875, 2.5972137451171875, 3.6050612926483154]","[2.471780776977539, 2.5566935539245605, 2.5801756381988525, 2.594942808151245]"
2968.0,2009-09-01T00:00:00.000000000,"[2.5972137451171875, 2.5972137451171875, 3.6050612926483154, 3.665532112121582]","[2.534646511077881, 2.6190433502197266, 2.642374038696289, 2.656741142272949]"
2968.0,2009-12-01T00:00:00.000000000,"[2.5972137451171875, 3.6050612926483154, 3.665532112121582, 3.7663166522979736]","[2.4599432945251465, 2.5353925228118896, 2.5564160346984863, 2.5735983848571777]"
2968.0,2010-03-01T00:00:00.000000000,"[3.6050612926483154, 3.665532112121582, 3.7663166522979736, 3.0406668186187744]","[2.5559229850769043, 2.6264584064483643, 2.6459484100341797, 2.6570615768432617]"
2968.0,2010-06-01T00:00:00.000000000,"[3.665532112121582, 3.7663166522979736, 3.0406668186187744, 4.3911824226379395]","[2.672459602355957, 2.7438793182373047, 2.763577461242676, 2.7745819091796875]"
2968.0,2010-09-01T00:00:00.000000000,"[3.7663166522979736, 3.0406668186187744, 4.3911824226379395, 4.10898494720459]","[2.8494043350219727, 2.921509265899658, 2.9412178993225098, 2.94777250289917]"
2968.0,2010-12-01T00:00:00.000000000,"[3.0406668186187744, 4.3911824226379395, 4.10898494720459, 4.451653480529785]","[3.0174012184143066, 3.094449043273926, 3.1154699325561523, 3.1212944984436035]"
2968.0,2011-03-01T00:00:00.000000000,"[4.3911824226379395, 4.10898494720459, 4.451653480529785, 4.229926586151123]","[2.960289478302002, 3.032294750213623, 3.052124500274658, 3.0621376037597656]"
2968.0,2011-06-01T00:00:00.000000000,"[4.10898494720459, 4.451653480529785, 4.229926586151123, 0.6218327283859253]","[3.0050175189971924, 3.0780858993530273, 3.098294496536255, 3.1150858402252197]"
2968.0,2011-09-01T00:00:00.000000000,"[4.451653480529785, 4.229926586151123, 0.6218327283859253, 1.831249713897705]","[3.1847593784332275, 3.2641568183898926, 3.286139965057373, 3.302218198776245]"
2968.0,2011-12-01T00:00:00.000000000,"[4.229926586151123, 0.6218327283859253, 1.831249713897705, 4.935420036315918]","[3.519519329071045, 3.609961748123169, 3.634814739227295, 3.644575595855713]"
2968.0,2012-03-01T00:00:00.000000000,"[0.6218327283859253, 1.831249713897705, 4.935420036315918, 6.689074516296387]","[3.565577983856201, 3.657076358795166, 3.6823744773864746, 3.696411609649658]"
2968.0,2012-06-01T00:00:00.000000000,"[1.831249713897705, 4.935420036315918, 6.689074516296387, 8.301630020141602]","[3.316152334213257, 3.402088165283203, 3.4258928298950195, 3.4521169662475586]"
2968.0,2012-09-01T00:00:00.000000000,"[4.935420036315918, 6.689074516296387, 8.301630020141602, 6.668917655944824]","[3.112138271331787, 3.190432071685791, 3.212109327316284, 3.247258186340332]"
2968.0,2012-12-01T00:00:00.000000000,"[6.689074516296387, 8.301630020141602, 6.668917655944824, 6.588289737701416]","[3.5301034450531006, 3.6234936714172363, 3.649664878845215, 3.675708293914795]"
2968.0,2013-03-01T00:00:00.000000000,"[8.301630020141602, 6.668917655944824, 6.588289737701416, 5.761854648590088]","[3.91312575340271, 4.022037982940674, 4.05150032043457, 4.081305503845215]"
2991.0,2006-06-01T00:00:00.000000000,"[5.056361675262451, 4.995891094207764, 2.7786262035369873, 0.5815188884735107]","[5.0697503089904785, 5.191863059997559, 5.2257609367370605, 5.2824177742004395]"
2991.0,2006-09-01T00:00:00.000000000,"[4.995891094207764, 2.7786262035369873, 0.5815188884735107, 1.004814863204956]","[5.041021347045898, 5.1601409912109375, 5.193576335906982, 5.253918170928955]"
2991.0,2006-12-01T00:00:00.000000000,"[2.7786262035369873, 0.5815188884735107, 1.004814863204956, 1.246698260307312]","[5.043034076690674, 5.160183906555176, 5.19381856918335, 5.255705833435059]"
2991.0,2007-03-01T00:00:00.000000000,"[0.5815188884735107, 1.004814863204956, 1.246698260307312, -0.42632856965065]","[4.752225399017334, 4.8589982986450195, 4.889678478240967, 4.964361190795898]"
2991.0,2007-06-01T00:00:00.000000000,"[1.004814863204956, 1.246698260307312, -0.42632856965065, -1.1721357107162476]","[3.763411045074463, 3.8903305530548096, 3.952389717102051, 4.058691024780273]"
2991.0,2007-09-01T00:00:00.000000000,"[1.246698260307312, -0.42632856965065, -1.1721357107162476, -0.24491602182388306]","[3.3924145698547363, 3.520488739013672, 3.5872888565063477, 3.7094178199768066]"
2991.0,2007-12-01T00:00:00.000000000,"[-0.42632856965065, -1.1721357107162476, -0.24491602182388306, 0.03728128597140312]","[3.0621542930603027, 3.2115731239318848, 3.2990620136260986, 3.427901268005371]"
2991.0,2008-03-01T00:00:00.000000000,"[-1.1721357107162476, -0.24491602182388306, 0.03728128597140312, -0.5271133184432983]","[2.3825507164001465, 2.5866265296936035, 2.7261476516723633, 2.8680405616760254]"
2991.0,2008-06-01T00:00:00.000000000,"[-0.24491602182388306, 0.03728128597140312, -0.5271133184432983, 1.5288954973220825]","[2.60355806350708, 2.7908236980438232, 2.9057822227478027, 3.057000160217285]"
2991.0,2008-09-01T00:00:00.000000000,"[0.03728128597140312, -0.5271133184432983, 1.5288954973220825, 0.8838731646537781]","[2.0851502418518066, 2.309445858001709, 2.459321975708008, 2.620840072631836]"
2991.0,2008-12-01T00:00:00.000000000,"[-0.5271133184432983, 1.5288954973220825, 0.8838731646537781, 0.7629314661026001]","[2.1662473678588867, 2.381887912750244, 2.519502639770508, 2.6851959228515625]"
2991.0,2009-03-01T00:00:00.000000000,"[1.5288954973220825, 0.8838731646537781, 0.7629314661026001, 0.5008911490440369]","[1.9376410245895386, 2.167236804962158, 2.315546989440918, 2.48903226852417]"
2991.0,2009-06-01T00:00:00.000000000,"[0.8838731646537781, 0.7629314661026001, 0.5008911490440369, 2.879410982131958]","[2.0662598609924316, 2.281416416168213, 2.4137489795684814, 2.586927652359009]"
2991.0,2009-09-01T00:00:00.000000000,"[0.7629314661026001, 0.5008911490440369, 2.879410982131958, 2.6375277042388916]","[1.7023119926452637, 1.9377930164337158, 2.090968370437622, 2.2671749591827393]"
2991.0,2009-12-01T00:00:00.000000000,"[0.5008911490440369, 2.879410982131958, 2.6375277042388916, 3.3027069568634033]","[1.7211865186691284, 1.9394837617874146, 2.0766255855560303, 2.2476441860198975]"
2991.0,2010-03-01T00:00:00.000000000,"[2.879410982131958, 2.6375277042388916, 3.3027069568634033, 2.980195999145508]","[1.8990341424942017, 2.0989511013031006, 2.215311050415039, 2.3872179985046387]"
2991.0,2010-06-01T00:00:00.000000000,"[2.6375277042388916, 3.3027069568634033, 2.980195999145508, 1.8514065742492676]","[1.7028142213821411, 1.9215110540390015, 2.0591416358947754, 2.230208158493042]"
2991.0,2010-09-01T00:00:00.000000000,"[3.3027069568634033, 2.980195999145508, 1.8514065742492676, 2.617370843887329]","[1.852982997894287, 2.062443256378174, 2.1915361881256104, 2.359696388244629]"
2991.0,2010-12-01T00:00:00.000000000,"[2.980195999145508, 1.8514065742492676, 2.617370843887329, 2.173917770385742]","[2.3634414672851562, 2.535125255584717, 2.624340295791626, 2.7887799739837646]"
2991.0,2011-03-01T00:00:00.000000000,"[1.8514065742492676, 2.617370843887329, 2.173917770385742, 2.052976369857788]","[2.598606586456299, 2.753685474395752, 2.8255743980407715, 2.9880728721618652]"
2991.0,2011-06-01T00:00:00.000000000,"[2.617370843887329, 2.173917770385742, 2.052976369857788, 1.6498371362686157]","[2.0506489276885986, 2.244108200073242, 2.356351852416992, 2.5229554176330566]"
2991.0,2011-09-01T00:00:00.000000000,"[2.173917770385742, 2.052976369857788, 1.6498371362686157, -4.155364036560059]","[2.3700296878814697, 2.534127712249756, 2.6158621311187744, 2.7786941528320312]"
2991.0,2011-12-01T00:00:00.000000000,"[2.052976369857788, 1.6498371362686157, -4.155364036560059, -0.7286827564239502]","[2.355058193206787, 2.5191335678100586, 2.600670337677002, 2.7637577056884766]"
2991.0,2012-03-01T00:00:00.000000000,"[1.6498371362686157, -4.155364036560059, -0.7286827564239502, -0.9705661535263062]","[2.163038730621338, 2.3377432823181152, 2.4305944442749023, 2.5946435928344727]"
2991.0,2012-06-01T00:00:00.000000000,"[-4.155364036560059, -0.7286827564239502, -0.9705661535263062, 0.8637161254882812]","[2.1953532695770264, 2.358323574066162, 2.4399197101593018, 2.6010074615478516]"
2991.0,2012-09-01T00:00:00.000000000,"[-0.7286827564239502, -0.9705661535263062, 0.8637161254882812, 2.496429204940796]","[1.2248715162277222, 1.4486241340637207, 1.5871131420135498, 1.7659227848052979]"
2991.0,2012-12-01T00:00:00.000000000,"[-0.9705661535263062, 0.8637161254882812, 2.496429204940796, 5.016047954559326]","[1.348540186882019, 1.5428111553192139, 1.6528511047363281, 1.8244212865829468]"
2991.0,2013-03-01T00:00:00.000000000,"[0.8637161254882812, 2.496429204940796, 5.016047954559326, 4.2097697257995605]","[1.124557614326477, 1.326839804649353, 1.44384765625, 1.6186034679412842]"
3144.0,2006-06-01T00:00:00.000000000,"[0.3396354615688324, 0.11790899932384491, -0.06350348144769669, 0.017124295234680176]","[0.04949776828289032, 0.06675058603286743, 0.07159736752510071, 0.07841275632381439]"
3144.0,2006-09-01T00:00:00.000000000,"[0.11790899932384491, -0.06350348144769669, 0.017124295234680176, 0.3194785416126251]","[0.10727451741695404, 0.12665851414203644, 0.13210678100585938, 0.13800516724586487]"
3144.0,2006-12-01T00:00:00.000000000,"[-0.06350348144769669, 0.017124295234680176, 0.3194785416126251, 0.07759514451026917]","[0.12259380519390106, 0.1419251412153244, 0.14735616743564606, 0.153082013130188]"
3144.0,2007-03-01T00:00:00.000000000,"[0.017124295234680176, 0.3194785416126251, 0.07759514451026917, -0.18444518744945526]","[0.11955800652503967, 0.13783760368824005, 0.1429792195558548, 0.1486106663942337]"
3144.0,2007-06-01T00:00:00.000000000,"[0.3194785416126251, 0.07759514451026917, -0.18444518744945526, -0.043346554040908813]","[0.0889735147356987, 0.1051957830786705, 0.10975522547960281, 0.11664753407239914]"
3144.0,2007-09-01T00:00:00.000000000,"[0.07759514451026917, -0.18444518744945526, -0.043346554040908813, 0.2590077519416809]","[0.12969273328781128, 0.14738686382770538, 0.15239393711090088, 0.15874506533145905]"
3144.0,2007-12-01T00:00:00.000000000,"[-0.18444518744945526, -0.043346554040908813, 0.2590077519416809, 0.03728128597140312]","[0.10505025088787079, 0.12135311961174011, 0.1260286569595337, 0.13364103436470032]"
3144.0,2008-03-01T00:00:00.000000000,"[-0.043346554040908813, 0.2590077519416809, 0.03728128597140312, -0.20460210740566254]","[0.09181694686412811, 0.10696625709533691, 0.11133162677288055, 0.1191660612821579]"
3144.0,2008-06-01T00:00:00.000000000,"[0.2590077519416809, 0.03728128597140312, -0.20460210740566254, -0.08366040885448456]","[0.08142023533582687, 0.09523238241672516, 0.09914758801460266, 0.1072489321231842]"
3144.0,2008-09-01T00:00:00.000000000,"[0.03728128597140312, -0.20460210740566254, -0.08366040885448456, 0.2388506978750229]","[0.09898295998573303, 0.1135006695985794, 0.11767922341823578, 0.125800222158432]"
3144.0,2008-12-01T00:00:00.000000000,"[-0.20460210740566254, -0.08366040885448456, 0.2388506978750229, 0.057438213378190994]","[0.006031051278114319, 0.018287992104887962, 0.022624701261520386, 0.034440554678440094]"
3144.0,2009-03-01T00:00:00.000000000,"[-0.08366040885448456, 0.2388506978750229, 0.057438213378190994, -0.1642882525920868]","[0.03822946175932884, 0.05010993778705597, 0.053811464458703995, 0.06425060331821442]"
3144.0,2009-06-01T00:00:00.000000000,"[0.2388506978750229, 0.057438213378190994, -0.1642882525920868, -0.003032634500414133]","[0.011478744447231293, 0.02451520971953869, 0.02991115301847458, 0.04055127501487732]"
3144.0,2009-09-01T00:00:00.000000000,"[0.057438213378190994, -0.1642882525920868, -0.003032634500414133, 0.2791646718978882]","[0.09675732254981995, 0.10970205813646317, 0.11338230967521667, 0.12180692702531815]"
3144.0,2009-12-01T00:00:00.000000000,"[-0.1642882525920868, -0.003032634500414133, 0.2791646718978882, 0.21869376301765442]","[0.08214197307825089, 0.09434659034013748, 0.09782060980796814, 0.10703761130571365]"
3144.0,2010-03-01T00:00:00.000000000,"[-0.003032634500414133, 0.2791646718978882, 0.21869376301765442, -0.08366040885448456]","[0.0600733757019043, 0.07143481075763702, 0.0748695656657219, 0.08471402525901794]"
3144.0,2010-06-01T00:00:00.000000000,"[0.2791646718978882, 0.21869376301765442, -0.08366040885448456, 0.017124295234680176]","[0.05675628036260605, 0.0689767450094223, 0.07355179637670517, 0.0827837735414505]"
3144.0,2010-09-01T00:00:00.000000000,"[0.21869376301765442, -0.08366040885448456, 0.017124295234680176, 0.3194785416126251]","[0.09892214089632034, 0.11058317124843597, 0.11391250789165497, 0.12269697338342667]"
3144.0,2010-12-01T00:00:00.000000000,"[-0.08366040885448456, 0.017124295234680176, 0.3194785416126251, 0.17837990820407867]","[0.008409526199102402, 0.019904492422938347, 0.0249641090631485, 0.03712552413344383]"
3144.0,2011-03-01T00:00:00.000000000,"[0.017124295234680176, 0.3194785416126251, 0.17837990820407867, -0.06350348144769669]","[0.04825163260102272, 0.05971643328666687, 0.06432157754898071, 0.07471367716789246]"
3144.0,2011-06-01T00:00:00.000000000,"[0.3194785416126251, 0.17837990820407867, -0.06350348144769669, 0.07759514451026917]","[0.004054885357618332, 0.015914876013994217, 0.021847456693649292, 0.03342092037200928]"
3144.0,2011-09-01T00:00:00.000000000,"[0.17837990820407867, -0.06350348144769669, 0.07759514451026917, -0.1038174033164978]","[0.10884493589401245, 0.11983110755681992, 0.12301140278577805, 0.13216473162174225]"
3144.0,2011-12-01T00:00:00.000000000,"[-0.06350348144769669, 0.07759514451026917, -0.1038174033164978, 0.1582229882478714]","[0.015298917889595032, 0.027135418727993965, 0.032857462763786316, 0.04502151906490326]"
3144.0,2012-03-01T00:00:00.000000000,"[0.07759514451026917, -0.1038174033164978, 0.1582229882478714, -0.003032634500414133]","[0.016499590128660202, 0.028228409588336945, 0.034085556864738464, 0.0458957813680172]"
3144.0,2012-06-01T00:00:00.000000000,"[-0.1038174033164978, 0.1582229882478714, -0.003032634500414133, 0.1582229882478714]","[0.01288391649723053, 0.02534593641757965, 0.03200605511665344, 0.04367322474718094]"
3144.0,2012-09-01T00:00:00.000000000,"[0.1582229882478714, -0.003032634500414133, 0.1582229882478714, 0.4202633202075958]","[0.030878063291311264, 0.04119286313652992, 0.04559605196118355, 0.05706240236759186]"
3144.0,2012-12-01T00:00:00.000000000,"[-0.003032634500414133, 0.1582229882478714, 0.4202633202075958, 0.35979241132736206]","[0.012147527188062668, 0.024160433560609818, 0.030309945344924927, 0.04197389632463455]"
3144.0,2013-03-01T00:00:00.000000000,"[0.1582229882478714, 0.4202633202075958, 0.35979241132736206, -0.043346554040908813]","[-0.009260103106498718, 0.004548106342554092, 0.012748796492815018, 0.024333342909812927]"
3980.0,2006-06-01T00:00:00.000000000,"[1.6296801567077637, 0.843559205532074, 1.6095231771469116, 1.5288954973220825]","[0.743230938911438, 0.7829866409301758, 0.7938661575317383, 0.8028030395507812]"
3980.0,2006-09-01T00:00:00.000000000,"[0.843559205532074, 1.6095231771469116, 1.5288954973220825, 1.9723484516143799]","[0.8331303000450134, 0.8774951100349426, 0.8898593783378601, 0.9005459547042847]"
3980.0,2006-12-01T00:00:00.000000000,"[1.6095231771469116, 1.5288954973220825, 1.9723484516143799, 1.468424677848816]","[0.8697002530097961, 0.9130755662918091, 0.9249464273452759, 0.9350059032440186]"
3980.0,2007-03-01T00:00:00.000000000,"[1.5288954973220825, 1.9723484516143799, 1.468424677848816, 2.3351733684539795]","[0.9267144203186035, 0.9722347855567932, 0.9847840070724487, 0.9969755411148071]"
3980.0,2007-06-01T00:00:00.000000000,"[1.9723484516143799, 1.468424677848816, 2.3351733684539795, 1.7909358739852905]","[1.002909541130066, 1.0506850481033325, 1.0638571977615356, 1.0764964818954468]"
3980.0,2007-09-01T00:00:00.000000000,"[1.468424677848816, 2.3351733684539795, 1.7909358739852905, 2.315016269683838]","[1.1401928663253784, 1.1938995122909546, 1.2087268829345703, 1.2214845418930054]"
3980.0,2007-12-01T00:00:00.000000000,"[2.3351733684539795, 1.7909358739852905, 2.315016269683838, 1.266855239868164]","[1.1908365488052368, 1.2445709705352783, 1.2590928077697754, 1.2725218534469604]"
3980.0,2008-03-01T00:00:00.000000000,"[1.7909358739852905, 2.315016269683838, 1.266855239868164, 2.173917770385742]","[1.3207354545593262, 1.380782127380371, 1.3973748683929443, 1.4122638702392578]"
3980.0,2008-06-01T00:00:00.000000000,"[2.315016269683838, 1.266855239868164, 2.173917770385742, 2.0731332302093506]","[1.2929143905639648, 1.352020025253296, 1.3688321113586426, 1.3882179260253906]"
3980.0,2008-09-01T00:00:00.000000000,"[1.266855239868164, 2.173917770385742, 2.0731332302093506, 2.234388589859009]","[1.4925689697265625, 1.5582854747772217, 1.5764034986495972, 1.593423843383789]"
3980.0,2008-12-01T00:00:00.000000000,"[2.173917770385742, 2.0731332302093506, 2.234388589859009, 1.2063844203948975]","[1.5084483623504639, 1.5723531246185303, 1.5896391868591309, 1.6072776317596436]"
3980.0,2009-03-01T00:00:00.000000000,"[2.0731332302093506, 2.234388589859009, 1.2063844203948975, 2.8592538833618164]","[1.6574784517288208, 1.72744619846344, 1.7468805313110352, 1.7623673677444458]"
3980.0,2009-06-01T00:00:00.000000000,"[2.234388589859009, 1.2063844203948975, 2.8592538833618164, 2.758469343185425]","[1.7452309131622314, 1.817446231842041, 1.8373830318450928, 1.852914810180664]"
3980.0,2009-09-01T00:00:00.000000000,"[1.2063844203948975, 2.8592538833618164, 2.758469343185425, 2.8189401626586914]","[1.8766772747039795, 1.9531701803207397, 1.9743452072143555, 1.988356590270996]"
3980.0,2009-12-01T00:00:00.000000000,"[2.8592538833618164, 2.758469343185425, 2.8189401626586914, 2.0328192710876465]","[1.8238887786865234, 1.8965626955032349, 1.916773796081543, 1.9334369897842407]"
3980.0,2010-03-01T00:00:00.000000000,"[2.758469343185425, 2.8189401626586914, 2.0328192710876465, 2.758469343185425]","[2.0326309204101562, 2.111668586730957, 2.133540153503418, 2.147623300552368]"
3980.0,2010-06-01T00:00:00.000000000,"[2.8189401626586914, 2.0328192710876465, 2.758469343185425, 2.2948594093322754]","[2.1856679916381836, 2.2685794830322266, 2.2914538383483887, 2.3042044639587402]"
3980.0,2010-09-01T00:00:00.000000000,"[2.0328192710876465, 2.758469343185425, 2.2948594093322754, 1.7707788944244385]","[2.262958526611328, 2.3475289344787598, 2.3709120750427246, 2.3855605125427246]"
3980.0,2010-12-01T00:00:00.000000000,"[2.758469343185425, 2.2948594093322754, 1.7707788944244385, 1.2063844203948975]","[2.265268325805664, 2.3473281860351562, 2.3700761795043945, 2.386141777038574]"
3980.0,2011-03-01T00:00:00.000000000,"[2.2948594093322754, 1.7707788944244385, 1.2063844203948975, 2.133604049682617]","[2.361532211303711, 2.444741725921631, 2.467806339263916, 2.4836843013763428]"
3980.0,2011-06-01T00:00:00.000000000,"[1.7707788944244385, 1.2063844203948975, 2.133604049682617, 0.2590077519416809]","[2.384856700897217, 2.466014862060547, 2.48854398727417, 2.5051660537719727]"
3980.0,2011-09-01T00:00:00.000000000,"[1.2063844203948975, 2.133604049682617, 0.2590077519416809, -0.7891536951065063]","[2.334918737411499, 2.412444591522217, 2.434095621109009, 2.4535064697265625]"
3980.0,2011-12-01T00:00:00.000000000,"[2.133604049682617, 0.2590077519416809, -0.7891536951065063, -1.3535481691360474]","[2.2227213382720947, 2.2934839725494385, 2.3134188652038574, 2.3366105556488037]"
3980.0,2012-03-01T00:00:00.000000000,"[0.2590077519416809, -0.7891536951065063, -1.3535481691360474, -0.30538687109947205]","[2.2837905883789062, 2.354335308074951, 2.3741822242736816, 2.395974636077881]"
3980.0,2012-06-01T00:00:00.000000000,"[-0.7891536951065063, -1.3535481691360474, -0.30538687109947205, 0.6419897675514221]","[1.9043630361557007, 1.9626944065093994, 1.9801950454711914, 2.017489433288574]"
3980.0,2012-09-01T00:00:00.000000000,"[-1.3535481691360474, -0.30538687109947205, 0.6419897675514221, 0.6621466875076294]","[1.5384771823883057, 1.6064209938049316, 1.63577401638031, 1.6871777772903442]"
3980.0,2012-12-01T00:00:00.000000000,"[-0.30538687109947205, 0.6419897675514221, 0.6621466875076294, -0.20460210740566254]","[1.0535224676132202, 1.1430799961090088, 1.1955229043960571, 1.2628984451293945]"
3980.0,2013-03-01T00:00:00.000000000,"[0.6419897675514221, 0.6621466875076294, -0.20460210740566254, 1.1862272024154663]","[1.0956944227218628, 1.1870249509811401, 1.2386451959609985, 1.3061950206756592]"
5680.0,2006-06-01T00:00:00.000000000,"[0.9846578240394592, 2.1134469509124756, 1.2870121002197266, 1.0652856826782227]","[0.4495500326156616, 0.47844749689102173, 0.48677265644073486, 0.5117631554603577]"
5680.0,2006-09-01T00:00:00.000000000,"[2.1134469509124756, 1.2870121002197266, 1.0652856826782227, 1.3877967596054077]","[0.45342761278152466, 0.48274707794189453, 0.491375207901001, 0.5179933309555054]"
5680.0,2006-12-01T00:00:00.000000000,"[1.2870121002197266, 1.0652856826782227, 1.3877967596054077, 2.496429204940796]","[0.9766044616699219, 1.0266371965408325, 1.0405954122543335, 1.052223801612854]"
5680.0,2007-03-01T00:00:00.000000000,"[1.0652856826782227, 1.3877967596054077, 2.496429204940796, 1.7909358739852905]","[0.9648510217666626, 1.0150017738342285, 1.0290740728378296, 1.0435975790023804]"
5680.0,2007-06-01T00:00:00.000000000,"[1.3877967596054077, 2.496429204940796, 1.7909358739852905, 1.4079537391662598]","[0.7333577871322632, 0.7758971452713013, 0.7882862687110901, 0.8144152164459229]"
5680.0,2007-09-01T00:00:00.000000000,"[2.496429204940796, 1.7909358739852905, 1.4079537391662598, 1.9521914720535278]","[0.7112656831741333, 0.7526965141296387, 0.7644591331481934, 0.7944544553756714]"
5680.0,2007-12-01T00:00:00.000000000,"[1.7909358739852905, 1.4079537391662598, 1.9521914720535278, 3.020509958267212]","[1.1831650733947754, 1.2441418170928955, 1.2612537145614624, 1.2788175344467163]"
5680.0,2008-03-01T00:00:00.000000000,"[1.4079537391662598, 1.9521914720535278, 3.020509958267212, 2.274702548980713]","[1.1163108348846436, 1.175710678100586, 1.192507266998291, 1.2168536186218262]"
5680.0,2008-06-01T00:00:00.000000000,"[1.9521914720535278, 3.020509958267212, 2.274702548980713, 1.9521914720535278]","[1.2081799507141113, 1.269826054573059, 1.2871413230895996, 1.3098948001861572]"
5680.0,2008-09-01T00:00:00.000000000,"[3.020509958267212, 2.274702548980713, 1.9521914720535278, 2.4158010482788086]","[1.2067475318908691, 1.267514705657959, 1.2843220233917236, 1.3117306232452393]"
5680.0,2008-12-01T00:00:00.000000000,"[2.274702548980713, 1.9521914720535278, 2.4158010482788086, 3.584904432296753]","[1.5397803783416748, 1.615607738494873, 1.6368286609649658, 1.6594419479370117]"
5680.0,2009-03-01T00:00:00.000000000,"[1.9521914720535278, 2.4158010482788086, 3.584904432296753, 2.8189401626586914]","[1.6957123279571533, 1.7767120599746704, 1.7992255687713623, 1.820152997970581]"
5680.0,2009-06-01T00:00:00.000000000,"[2.4158010482788086, 3.584904432296753, 2.8189401626586914, 2.456115245819092]","[1.7737467288970947, 1.8560683727264404, 1.8790504932403564, 1.8997015953063965]"
5680.0,2009-09-01T00:00:00.000000000,"[3.584904432296753, 2.8189401626586914, 2.456115245819092, 3.2422361373901367]","[1.8079478740692139, 1.8900843858718872, 1.9128930568695068, 1.9369659423828125]"
5680.0,2009-12-01T00:00:00.000000000,"[2.8189401626586914, 2.456115245819092, 3.2422361373901367, 5.197460174560547]","[2.0590624809265137, 2.152571678161621, 2.1786303520202637, 2.2025654315948486]"
5680.0,2010-03-01T00:00:00.000000000,"[2.456115245819092, 3.2422361373901367, 5.197460174560547, 4.10898494720459]","[2.381870746612549, 2.4850401878356934, 2.5134739875793457, 2.529146432876587]"
5680.0,2010-06-01T00:00:00.000000000,"[3.2422361373901367, 5.197460174560547, 4.10898494720459, 3.584904432296753]","[2.3619508743286133, 2.4611830711364746, 2.4887092113494873, 2.5080816745758057]"
5680.0,2010-09-01T00:00:00.000000000,"[5.197460174560547, 4.10898494720459, 3.584904432296753, 3.625218152999878]","[2.3932762145996094, 2.491905689239502, 2.519289493560791, 2.5437121391296387]"
5680.0,2010-12-01T00:00:00.000000000,"[4.10898494720459, 3.584904432296753, 3.625218152999878, 5.4393439292907715]","[2.787400722503662, 2.9045259952545166, 2.9370646476745605, 2.9625179767608643]"
5680.0,2011-03-01T00:00:00.000000000,"[3.584904432296753, 3.625218152999878, 5.4393439292907715, 4.149298667907715]","[3.2051610946655273, 3.335057258605957, 3.370743751525879, 3.387199878692627]"
5680.0,2011-06-01T00:00:00.000000000,"[3.625218152999878, 5.4393439292907715, 4.149298667907715, 3.6453752517700195]","[3.218392848968506, 3.3452579975128174, 3.380317211151123, 3.4012415409088135]"
5680.0,2011-09-01T00:00:00.000000000,"[5.4393439292907715, 4.149298667907715, 3.6453752517700195, 3.2422361373901367]","[3.1265108585357666, 3.2472424507141113, 3.2805895805358887, 3.3108983039855957]"
5680.0,2011-12-01T00:00:00.000000000,"[4.149298667907715, 3.6453752517700195, 3.2422361373901367, 7.152684211730957]","[3.433906078338623, 3.5676937103271484, 3.604933023452759, 3.636317729949951]"
5680.0,2012-03-01T00:00:00.000000000,"[3.6453752517700195, 3.2422361373901367, 7.152684211730957, 5.459500789642334]","[3.8298325538635254, 3.9738352298736572, 4.01348352432251, 4.034115791320801]"
5680.0,2012-06-01T00:00:00.000000000,"[3.2422361373901367, 7.152684211730957, 5.459500789642334, 4.3911824226379395]","[3.775054931640625, 3.9126739501953125, 3.9508142471313477, 3.9769480228424072]"
5680.0,2012-09-01T00:00:00.000000000,"[7.152684211730957, 5.459500789642334, 4.3911824226379395, 6.830173015594482]","[3.549624443054199, 3.674713134765625, 3.709347724914551, 3.7473175525665283]"
5680.0,2012-12-01T00:00:00.000000000,"[5.459500789642334, 4.3911824226379395, 6.830173015594482, 8.180688858032227]","[4.148588180541992, 4.299880027770996, 4.341963768005371, 4.376001358032227]"
5680.0,2013-03-01T00:00:00.000000000,"[4.3911824226379395, 6.830173015594482, 8.180688858032227, 6.951115131378174]","[4.654900550842285, 4.820281505584717, 4.86574125289917, 4.887347221374512]"
6066.0,2006-06-01T00:00:00.000000000,"[7.757392883300781, 6.467348098754883, 10.760777473449707, 4.9152631759643555]","[7.095724105834961, 7.3179426193237305, 7.379943370819092, 7.436237812042236]"
6066.0,2006-09-01T00:00:00.000000000,"[6.467348098754883, 10.760777473449707, 4.9152631759643555, 6.789858818054199]","[7.135141849517822, 7.352649211883545, 7.413544654846191, 7.475740432739258]"
6066.0,2006-12-01T00:00:00.000000000,"[10.760777473449707, 4.9152631759643555, 6.789858818054199, 5.78201150894165]","[7.068816184997559, 7.274782180786133, 7.331171035766602, 7.400238990783691]"
6066.0,2007-03-01T00:00:00.000000000,"[4.9152631759643555, 6.789858818054199, 5.78201150894165, 8.805553436279297]","[7.6887712478637695, 7.921419143676758, 7.986544609069824, 8.049651145935059]"
6066.0,2007-06-01T00:00:00.000000000,"[6.789858818054199, 5.78201150894165, 8.805553436279297, 3.7864737510681152]","[7.6717143058776855, 7.895972728729248, 7.95878791809082, 8.021451950073242]"
6066.0,2007-09-01T00:00:00.000000000,"[5.78201150894165, 8.805553436279297, 3.7864737510681152, 4.995891094207764]","[7.5871710777282715, 7.8009443283081055, 7.861089706420898, 7.92970085144043]"
6066.0,2007-12-01T00:00:00.000000000,"[8.805553436279297, 3.7864737510681152, 4.995891094207764, 5.68122673034668]","[7.357553005218506, 7.55354118347168, 7.607314109802246, 7.687039375305176]"
6066.0,2008-03-01T00:00:00.000000000,"[3.7864737510681152, 4.995891094207764, 5.68122673034668, 9.148221969604492]","[7.486067295074463, 7.68790864944458, 7.745389938354492, 7.828007221221924]"
6066.0,2008-06-01T00:00:00.000000000,"[4.995891094207764, 5.68122673034668, 9.148221969604492, 3.846944808959961]","[7.2157206535339355, 7.401516914367676, 7.454446315765381, 7.54627799987793]"
6066.0,2008-09-01T00:00:00.000000000,"[5.68122673034668, 9.148221969604492, 3.846944808959961, 4.673379421234131]","[6.992630958557129, 7.162227153778076, 7.209826946258545, 7.310308456420898]"
6066.0,2008-12-01T00:00:00.000000000,"[9.148221969604492, 3.846944808959961, 4.673379421234131, 5.7013840675354]","[7.269491195678711, 7.446559906005859, 7.498528480529785, 7.584795951843262]"
6066.0,2009-03-01T00:00:00.000000000,"[3.846944808959961, 4.673379421234131, 5.7013840675354, 9.490889549255371]","[7.229041576385498, 7.401516914367676, 7.451069355010986, 7.549736976623535]"
6066.0,2009-06-01T00:00:00.000000000,"[4.673379421234131, 5.7013840675354, 9.490889549255371, 3.9880435466766357]","[6.830376625061035, 6.98552131652832, 7.030703544616699, 7.144832611083984]"
6066.0,2009-09-01T00:00:00.000000000,"[5.7013840675354, 9.490889549255371, 3.9880435466766357, 5.257930755615234]","[6.650481224060059, 6.809127330780029, 6.862637042999268, 6.979156494140625]"
6066.0,2009-12-01T00:00:00.000000000,"[9.490889549255371, 3.9880435466766357, 5.257930755615234, 5.943267345428467]","[7.085140705108643, 7.2551350593566895, 7.312352657318115, 7.409019470214844]"
6066.0,2010-03-01T00:00:00.000000000,"[3.9880435466766357, 5.257930755615234, 5.943267345428467, 8.866024017333984]","[7.077875137329102, 7.231106758117676, 7.274730682373047, 7.387120246887207]"
6066.0,2010-06-01T00:00:00.000000000,"[5.257930755615234, 5.943267345428467, 8.866024017333984, 3.584904432296753]","[6.3232741355896, 6.476154327392578, 6.53610897064209, 6.669567108154297]"
6066.0,2010-09-01T00:00:00.000000000,"[5.943267345428467, 8.866024017333984, 3.584904432296753, 5.4393439292907715]","[6.411543369293213, 6.570106506347656, 6.634796142578125, 6.761934280395508]"
6066.0,2010-12-01T00:00:00.000000000,"[8.866024017333984, 3.584904432296753, 5.4393439292907715, 4.451653480529785]","[6.8708271980285645, 7.034581661224365, 7.0968732833862305, 7.206164836883545]"
6066.0,2011-03-01T00:00:00.000000000,"[3.584904432296753, 5.4393439292907715, 4.451653480529785, 8.543513298034668]","[6.568681240081787, 6.705239295959473, 6.751248359680176, 6.885312080383301]"
6066.0,2011-06-01T00:00:00.000000000,"[5.4393439292907715, 4.451653480529785, 8.543513298034668, 2.758469343185425]","[5.519924163818359, 5.692243576049805, 5.788026809692383, 5.943177223205566]"
6066.0,2011-09-01T00:00:00.000000000,"[4.451653480529785, 8.543513298034668, 2.758469343185425, 3.4438059329986572]","[5.4311137199401855, 5.611623287200928, 5.716989517211914, 5.871400356292725]"
6066.0,2011-12-01T00:00:00.000000000,"[8.543513298034668, 2.758469343185425, 3.4438059329986572, 4.2500834465026855]","[5.77805233001709, 5.939444065093994, 6.022374153137207, 6.172027111053467]"
6066.0,2012-03-01T00:00:00.000000000,"[2.758469343185425, 3.4438059329986572, 4.2500834465026855, 3.222079038619995]","[5.837634563446045, 5.989931106567383, 6.064243793487549, 6.217861652374268]"
6066.0,2012-06-01T00:00:00.000000000,"[3.4438059329986572, 4.2500834465026855, 3.222079038619995, 2.617370843887329]","[5.262315273284912, 5.4591240882873535, 5.578551292419434, 5.739583969116211]"
6066.0,2012-09-01T00:00:00.000000000,"[4.2500834465026855, 3.222079038619995, 2.617370843887329, 3.746159791946411]","[5.080246925354004, 5.2896342277526855, 5.42043924331665, 5.585786819458008]"
6066.0,2012-12-01T00:00:00.000000000,"[3.222079038619995, 2.617370843887329, 3.746159791946411, 4.129141807556152]","[5.469860076904297, 5.646699905395508, 5.742310523986816, 5.906271934509277]"
6066.0,2013-03-01T00:00:00.000000000,"[2.617370843887329, 3.746159791946411, 4.129141807556152, 5.802168369293213]","[4.796245574951172, 5.015371322631836, 5.154694557189941, 5.323755741119385]"
6266.0,2006-06-01T00:00:00.000000000,"[2.395644187927246, 2.0731332302093506, 1.6095231771469116, 2.194074869155884]","[1.7852556705474854, 1.8200103044509888, 1.8297274112701416, 1.8387751579284668]"
6266.0,2006-09-01T00:00:00.000000000,"[2.0731332302093506, 1.6095231771469116, 2.194074869155884, 2.496429204940796]","[1.8946232795715332, 1.9331448078155518, 1.9438399076461792, 1.951886773109436]"
6266.0,2006-12-01T00:00:00.000000000,"[1.6095231771469116, 2.194074869155884, 2.496429204940796, 2.052976369857788]","[1.9430025815963745, 1.981884241104126, 1.9926905632019043, 2.000214099884033]"
6266.0,2007-03-01T00:00:00.000000000,"[2.194074869155884, 2.496429204940796, 2.052976369857788, 1.9521914720535278]","[1.8542873859405518, 1.8876185417175293, 1.896979808807373, 1.907405138015747]"
6266.0,2007-06-01T00:00:00.000000000,"[2.496429204940796, 2.052976369857788, 1.9521914720535278, 2.435957908630371]","[1.885712742805481, 1.9196357727050781, 1.9291971921920776, 1.9403417110443115]"
6266.0,2007-09-01T00:00:00.000000000,"[2.052976369857788, 1.9521914720535278, 2.435957908630371, 2.5569000244140625]","[1.9705549478530884, 2.0072293281555176, 2.017524242401123, 2.0284221172332764]"
6266.0,2007-12-01T00:00:00.000000000,"[1.9521914720535278, 2.435957908630371, 2.5569000244140625, 2.435957908630371]","[2.039215564727783, 2.0770304203033447, 2.0875802040100098, 2.0966145992279053]"
6266.0,2008-03-01T00:00:00.000000000,"[2.435957908630371, 2.5569000244140625, 2.435957908630371, 2.234388589859009]","[1.9846856594085693, 2.0180070400238037, 2.027310609817505, 2.0384583473205566]"
6266.0,2008-06-01T00:00:00.000000000,"[2.5569000244140625, 2.435957908630371, 2.234388589859009, 2.738312244415283]","[2.0380911827087402, 2.073530912399292, 2.083507537841797, 2.0950088500976562]"
6266.0,2008-09-01T00:00:00.000000000,"[2.435957908630371, 2.234388589859009, 2.738312244415283, 2.738312244415283]","[2.064302921295166, 2.100367546081543, 2.11055850982666, 2.1238815784454346]"
6266.0,2008-12-01T00:00:00.000000000,"[2.234388589859009, 2.738312244415283, 2.738312244415283, 2.879410982131958]","[2.1740853786468506, 2.2130863666534424, 2.224012851715088, 2.2347252368927]"
6266.0,2009-03-01T00:00:00.000000000,"[2.738312244415283, 2.738312244415283, 2.879410982131958, 2.5569000244140625]","[2.147512435913086, 2.183047294616699, 2.1929562091827393, 2.2051665782928467]"
6266.0,2009-06-01T00:00:00.000000000,"[2.738312244415283, 2.879410982131958, 2.5569000244140625, 3.2019221782684326]","[2.269014835357666, 2.3093008995056152, 2.3205513954162598, 2.330899953842163]"
6266.0,2009-09-01T00:00:00.000000000,"[2.879410982131958, 2.5569000244140625, 3.2019221782684326, 3.2825498580932617]","[2.3335764408111572, 2.3760478496551514, 2.38789963722229, 2.3985917568206787]"
6266.0,2009-12-01T00:00:00.000000000,"[2.5569000244140625, 3.2019221782684326, 3.2825498580932617, 3.18176531791687]","[2.4786787033081055, 2.525930404663086, 2.538992404937744, 2.547011613845825]"
6266.0,2010-03-01T00:00:00.000000000,"[3.2019221782684326, 3.2825498580932617, 3.18176531791687, 3.020509958267212]","[2.4444825649261475, 2.4883437156677246, 2.5005102157592773, 2.511014699935913]"
6266.0,2010-06-01T00:00:00.000000000,"[3.2825498580932617, 3.18176531791687, 3.020509958267212, 3.2825498580932617]","[2.549765110015869, 2.598029851913452, 2.611449718475342, 2.622250556945801]"
6266.0,2010-09-01T00:00:00.000000000,"[3.18176531791687, 3.020509958267212, 3.2825498580932617, 4.2500834465026855]","[2.6515448093414307, 2.703334093093872, 2.7177176475524902, 2.728820562362671]"
6266.0,2010-12-01T00:00:00.000000000,"[3.020509958267212, 3.2825498580932617, 4.2500834465026855, 3.322863817214966]","[2.827885627746582, 2.8851990699768066, 2.900954246520996, 2.9082746505737305]"
6266.0,2011-03-01T00:00:00.000000000,"[3.2825498580932617, 4.2500834465026855, 3.322863817214966, 2.839097023010254]","[2.783806800842285, 2.8378260135650635, 2.852809190750122, 2.8641457557678223]"
6266.0,2011-06-01T00:00:00.000000000,"[4.2500834465026855, 3.322863817214966, 2.839097023010254, 3.6856889724731445]","[2.8265397548675537, 2.881958484649658, 2.8973920345306396, 2.9106268882751465]"
6266.0,2011-09-01T00:00:00.000000000,"[3.322863817214966, 2.839097023010254, 3.6856889724731445, 2.4158010482788086]","[3.016329288482666, 3.080012798309326, 3.097703218460083, 3.1117849349975586]"
6266.0,2011-12-01T00:00:00.000000000,"[2.839097023010254, 3.6856889724731445, 2.4158010482788086, 3.4841196537017822]","[3.230555534362793, 3.300220012664795, 3.3193368911743164, 3.3272347450256348]"
6266.0,2012-03-01T00:00:00.000000000,"[3.6856889724731445, 2.4158010482788086, 3.4841196537017822, 2.79878306388855]","[3.101991653442383, 3.1645383834838867, 3.1818583011627197, 3.19572377204895]"
6266.0,2012-06-01T00:00:00.000000000,"[2.4158010482788086, 3.4841196537017822, 2.79878306388855, 4.270240306854248]","[3.106916904449463, 3.1694605350494385, 3.1868577003479004, 3.2048325538635254]"
6266.0,2012-09-01T00:00:00.000000000,"[3.4841196537017822, 2.79878306388855, 4.270240306854248, 4.048514366149902]","[3.109802007675171, 3.171306610107422, 3.188551664352417, 3.2064313888549805]"
6266.0,2012-12-01T00:00:00.000000000,"[2.79878306388855, 4.270240306854248, 4.048514366149902, 4.2903971672058105]","[3.3619463443756104, 3.4301917552948, 3.4489920139312744, 3.4588403701782227]"
6266.0,2013-03-01T00:00:00.000000000,"[4.270240306854248, 4.048514366149902, 4.2903971672058105, 3.3430211544036865]","[3.2359366416931152, 3.2973899841308594, 3.314545154571533, 3.3297462463378906]"
7154.0,2006-06-01T00:00:00.000000000,"[1.8715635538101196, 1.7909358739852905, 1.3273259401321411, 1.0854425430297852]","[1.8209774494171143, 1.8807158470153809, 1.8973479270935059, 1.9108766317367554]"
7154.0,2006-09-01T00:00:00.000000000,"[1.7909358739852905, 1.3273259401321411, 1.0854425430297852, 1.6498371362686157]","[1.8546868562698364, 1.9125728607177734, 1.928682565689087, 1.9416649341583252]"
7154.0,2006-12-01T00:00:00.000000000,"[1.3273259401321411, 1.0854425430297852, 1.6498371362686157, 1.8715635538101196]","[1.8985207080841064, 1.955731987953186, 1.9716300964355469, 1.9837818145751953]"
7154.0,2007-03-01T00:00:00.000000000,"[1.0854425430297852, 1.6498371362686157, 1.8715635538101196, 1.6901509761810303]","[1.8775913715362549, 1.9310674667358398, 1.9459599256515503, 1.9582310914993286]"
7154.0,2007-06-01T00:00:00.000000000,"[1.6498371362686157, 1.8715635538101196, 1.6901509761810303, 1.5288954973220825]","[1.7219417095184326, 1.767451524734497, 1.780381679534912, 1.7980406284332275]"
7154.0,2007-09-01T00:00:00.000000000,"[1.8715635538101196, 1.6901509761810303, 1.5288954973220825, 1.9723484516143799]","[1.789093017578125, 1.8347111940383911, 1.8475794792175293, 1.8627008199691772]"
7154.0,2007-12-01T00:00:00.000000000,"[1.6901509761810303, 1.5288954973220825, 1.9723484516143799, 2.315016269683838]","[1.821936845779419, 1.8665646314620972, 1.8791451454162598, 1.8936710357666016]"
7154.0,2008-03-01T00:00:00.000000000,"[1.5288954973220825, 1.9723484516143799, 2.315016269683838, 1.9320343732833862]","[1.8526718616485596, 1.8953571319580078, 1.907353162765503, 1.920194149017334]"
7154.0,2008-06-01T00:00:00.000000000,"[1.9723484516143799, 2.315016269683838, 1.9320343732833862, 2.012662410736084]","[1.8073086738586426, 1.8454256057739258, 1.8562209606170654, 1.8699951171875]"
7154.0,2008-09-01T00:00:00.000000000,"[2.315016269683838, 1.9320343732833862, 2.012662410736084, 2.5367431640625]","[1.909326195716858, 1.9483071565628052, 1.9591941833496094, 1.9690371751785278]"
7154.0,2008-12-01T00:00:00.000000000,"[1.9320343732833862, 2.012662410736084, 2.5367431640625, 2.5972137451171875]","[1.9396133422851562, 1.9784337282180786, 1.9893132448196411, 2.000115156173706]"
7154.0,2009-03-01T00:00:00.000000000,"[2.012662410736084, 2.5367431640625, 2.5972137451171875, 2.496429204940796]","[1.961354374885559, 1.9980911016464233, 2.0083651542663574, 2.0180344581604004]"
7154.0,2009-06-01T00:00:00.000000000,"[2.5367431640625, 2.5972137451171875, 2.496429204940796, 2.657684564590454]","[1.9390242099761963, 1.9727795124053955, 1.9822906255722046, 1.9931644201278687]"
7154.0,2009-09-01T00:00:00.000000000,"[2.5972137451171875, 2.496429204940796, 2.657684564590454, 3.060823678970337]","[2.0574543476104736, 2.094569206237793, 2.1049184799194336, 2.113821029663086]"
7154.0,2009-12-01T00:00:00.000000000,"[2.496429204940796, 2.657684564590454, 3.060823678970337, 3.2825498580932617]","[2.156500816345215, 2.1968932151794434, 2.2080981731414795, 2.2161636352539062]"
7154.0,2010-03-01T00:00:00.000000000,"[2.657684564590454, 3.060823678970337, 3.2825498580932617, 3.020509958267212]","[2.2142014503479004, 2.254769802093506, 2.266002655029297, 2.273427963256836]"
7154.0,2010-06-01T00:00:00.000000000,"[3.060823678970337, 3.2825498580932617, 3.020509958267212, 2.6375277042388916]","[2.262603521347046, 2.30275821685791, 2.313878059387207, 2.3212122917175293]"
7154.0,2010-09-01T00:00:00.000000000,"[3.2825498580932617, 3.020509958267212, 2.6375277042388916, 3.18176531791687]","[2.3455100059509277, 2.3883895874023438, 2.4002883434295654, 2.4088528156280518]"
7154.0,2010-12-01T00:00:00.000000000,"[3.020509958267212, 2.6375277042388916, 3.18176531791687, 3.3027069568634033]","[2.409865379333496, 2.4562153816223145, 2.469156265258789, 2.4810709953308105]"
7154.0,2011-03-01T00:00:00.000000000,"[2.6375277042388916, 3.18176531791687, 3.3027069568634033, 3.020509958267212]","[2.569962978363037, 2.6208548545837402, 2.6349143981933594, 2.6435704231262207]"
7154.0,2011-06-01T00:00:00.000000000,"[3.18176531791687, 3.3027069568634033, 3.020509958267212, 2.012662410736084]","[2.5751235485076904, 2.624502658843994, 2.638185977935791, 2.6481244564056396]"
7154.0,2011-09-01T00:00:00.000000000,"[3.3027069568634033, 3.020509958267212, 2.012662410736084, 0.3799494504928589]","[2.5144753456115723, 2.561002254486084, 2.5737087726593018, 2.5905323028564453]"
7154.0,2011-12-01T00:00:00.000000000,"[3.020509958267212, 2.012662410736084, 0.3799494504928589, 3.5244336128234863]","[2.524458169937134, 2.5718655586242676, 2.584928035736084, 2.6058454513549805]"
7154.0,2012-03-01T00:00:00.000000000,"[2.012662410736084, 0.3799494504928589, 3.5244336128234863, 2.4762723445892334]","[2.64896821975708, 2.6994409561157227, 2.7132205963134766, 2.731461763381958]"
7154.0,2012-06-01T00:00:00.000000000,"[0.3799494504928589, 3.5244336128234863, 2.4762723445892334, 2.919724702835083]","[2.575644016265869, 2.6226837635040283, 2.6357717514038086, 2.656938314437866]"
7154.0,2012-09-01T00:00:00.000000000,"[3.5244336128234863, 2.4762723445892334, 2.919724702835083, 3.8267874717712402]","[2.0820584297180176, 2.134418249130249, 2.158571481704712, 2.198488712310791]"
7154.0,2012-12-01T00:00:00.000000000,"[2.4762723445892334, 2.919724702835083, 3.8267874717712402, 4.612908840179443]","[2.4717442989349365, 2.522016763687134, 2.5367283821105957, 2.5698065757751465]"
7154.0,2013-03-01T00:00:00.000000000,"[2.919724702835083, 3.8267874717712402, 4.612908840179443, 3.544590473175049]","[2.5829834938049316, 2.635138988494873, 2.649698257446289, 2.679164409637451]"
7257.0,2006-06-01T00:00:00.000000000,"[0.7629314661026001, 0.8637161254882812, 0.8032453060150146, 0.7629314661026001]","[0.9769601821899414, 0.9993206262588501, 1.005570650100708, 1.0113455057144165]"
7257.0,2006-09-01T00:00:00.000000000,"[0.8637161254882812, 0.8032453060150146, 0.7629314661026001, 0.7830883860588074]","[0.9196285605430603, 0.9391542673110962, 0.9447178244590759, 0.9527839422225952]"
7257.0,2006-12-01T00:00:00.000000000,"[0.8032453060150146, 0.7629314661026001, 0.7830883860588074, 0.9846578240394592]","[0.8582924604415894, 0.8749825954437256, 0.8798760175704956, 0.8906412124633789]"
7257.0,2007-03-01T00:00:00.000000000,"[0.7629314661026001, 0.7830883860588074, 0.9846578240394592, 0.9241870045661926]","[0.8553438782691956, 0.8709440231323242, 0.875541627407074, 0.8862677812576294]"
7257.0,2007-06-01T00:00:00.000000000,"[0.7830883860588074, 0.9846578240394592, 0.9241870045661926, 0.843559205532074]","[0.9311313033103943, 0.9489701390266418, 0.9540609121322632, 0.9616345763206482]"
7257.0,2007-09-01T00:00:00.000000000,"[0.9846578240394592, 0.9241870045661926, 0.843559205532074, 0.9241870045661926]","[0.8331639170646667, 0.8473621010780334, 0.8515945076942444, 0.8634185194969177]"
7257.0,2007-12-01T00:00:00.000000000,"[0.9241870045661926, 0.843559205532074, 0.9241870045661926, 1.2063844203948975]","[0.880092978477478, 0.8932290077209473, 0.8970868587493896, 0.9057451486587524]"
7257.0,2008-03-01T00:00:00.000000000,"[0.843559205532074, 0.9241870045661926, 1.2063844203948975, 0.843559205532074]","[0.9362268447875977, 0.9476336240768433, 0.95085608959198, 0.9547619223594666]"
7257.0,2008-06-01T00:00:00.000000000,"[0.9241870045661926, 1.2063844203948975, 0.843559205532074, 0.8234022855758667]","[0.9300760626792908, 0.9411692023277283, 0.9443178772926331, 0.9485744833946228]"
7257.0,2008-09-01T00:00:00.000000000,"[1.2063844203948975, 0.843559205532074, 0.8234022855758667, 1.0854425430297852]","[0.8906327486038208, 0.9000536203384399, 0.9027140140533447, 0.9089626669883728]"
7257.0,2008-12-01T00:00:00.000000000,"[0.843559205532074, 0.8234022855758667, 1.0854425430297852, 1.2870121002197266]","[0.9679779410362244, 0.9799001216888428, 0.9832711219787598, 0.9874104261398315]"
7257.0,2009-03-01T00:00:00.000000000,"[0.8234022855758667, 1.0854425430297852, 1.2870121002197266, 1.024971842765808]","[0.9631782174110413, 0.9745948314666748, 0.9778355360031128, 0.9821621775627136]"
7257.0,2009-06-01T00:00:00.000000000,"[1.0854425430297852, 1.2870121002197266, 1.024971842765808, 1.1660703420639038]","[0.9530287981033325, 0.9641383290290833, 0.9673105478286743, 0.9720513820648193]"
7257.0,2009-09-01T00:00:00.000000000,"[1.2870121002197266, 1.024971842765808, 1.1660703420639038, 1.1862272024154663]","[0.9781221151351929, 0.9900684356689453, 0.9934535622596741, 0.9978479146957397]"
7257.0,2009-12-01T00:00:00.000000000,"[1.024971842765808, 1.1660703420639038, 1.1862272024154663, 1.4482678174972534]","[1.007009506225586, 1.0200960636138916, 1.0238041877746582, 1.0286470651626587]"
7257.0,2010-03-01T00:00:00.000000000,"[1.1660703420639038, 1.1862272024154663, 1.4482678174972534, 1.1459133625030518]","[1.0126214027404785, 1.025783658027649, 1.029518485069275, 1.0345003604888916]"
7257.0,2010-06-01T00:00:00.000000000,"[1.1862272024154663, 1.4482678174972534, 1.1459133625030518, 1.50873863697052]","[1.0354689359664917, 1.0485727787017822, 1.052262306213379, 1.0567635297775269]"
7257.0,2010-09-01T00:00:00.000000000,"[1.4482678174972534, 1.1459133625030518, 1.50873863697052, 1.6699939966201782]","[1.0702614784240723, 1.0843545198440552, 1.0882999897003174, 1.0921764373779297]"
7257.0,2010-12-01T00:00:00.000000000,"[1.1459133625030518, 1.50873863697052, 1.6699939966201782, 2.093290090560913]","[1.133426308631897, 1.150365948677063, 1.1550706624984741, 1.1585853099822998]"
7257.0,2011-03-01T00:00:00.000000000,"[1.50873863697052, 1.6699939966201782, 2.093290090560913, 1.3877967596054077]","[1.1509737968444824, 1.1678619384765625, 1.1725411415100098, 1.1757044792175293]"
7257.0,2011-06-01T00:00:00.000000000,"[1.6699939966201782, 2.093290090560913, 1.3877967596054077, 2.0731332302093506]","[1.1445796489715576, 1.161501169204712, 1.1661752462387085, 1.171989917755127]"
7257.0,2011-09-01T00:00:00.000000000,"[2.093290090560913, 1.3877967596054077, 2.0731332302093506, 1.811092734336853]","[1.1946946382522583, 1.2142753601074219, 1.2197763919830322, 1.2265536785125732]"
7257.0,2011-12-01T00:00:00.000000000,"[1.3877967596054077, 2.0731332302093506, 1.811092734336853, 2.5569000244140625]","[1.3582463264465332, 1.385444164276123, 1.393009066581726, 1.3986622095108032]"
7257.0,2012-03-01T00:00:00.000000000,"[2.0731332302093506, 1.811092734336853, 2.5569000244140625, 1.7103080749511719]","[1.3689942359924316, 1.3962774276733398, 1.4038796424865723, 1.410042405128479]"
7257.0,2012-06-01T00:00:00.000000000,"[1.811092734336853, 2.5569000244140625, 1.7103080749511719, 1.8715635538101196]","[1.3872570991516113, 1.4166178703308105, 1.4248892068862915, 1.4348371028900146]"
7257.0,2012-09-01T00:00:00.000000000,"[2.5569000244140625, 1.7103080749511719, 1.8715635538101196, 1.6901509761810303]","[1.5087685585021973, 1.5425065755844116, 1.5518966913223267, 1.5591015815734863]"
7257.0,2012-12-01T00:00:00.000000000,"[1.7103080749511719, 1.8715635538101196, 1.6901509761810303, 2.577056884765625]","[1.6728243827819824, 1.7145187854766846, 1.726062536239624, 1.7332453727722168]"
7257.0,2013-03-01T00:00:00.000000000,"[1.8715635538101196, 1.6901509761810303, 2.577056884765625, 2.6778416633605957]","[1.635375738143921, 1.675764799118042, 1.6870659589767456, 1.697359323501587]"
7435.0,2006-06-01T00:00:00.000000000,"[2.8995678424835205, 3.0406668186187744, 2.697998523712158, 2.980195999145508]","[2.3768529891967773, 2.422863483428955, 2.4356207847595215, 2.4447274208068848]"
7435.0,2006-09-01T00:00:00.000000000,"[3.0406668186187744, 2.697998523712158, 2.980195999145508, 3.1212944984436035]","[2.529207468032837, 2.5799708366394043, 2.593919277191162, 2.6001057624816895]"
7435.0,2006-12-01T00:00:00.000000000,"[2.697998523712158, 2.980195999145508, 3.1212944984436035, 3.18176531791687]","[2.6192986965179443, 2.672905206680298, 2.687626838684082, 2.693956136703491]"
7435.0,2007-03-01T00:00:00.000000000,"[2.980195999145508, 3.1212944984436035, 3.18176531791687, 2.395644187927246]","[2.654930591583252, 2.708326578140259, 2.7230005264282227, 2.7296833992004395]"
7435.0,2007-06-01T00:00:00.000000000,"[3.1212944984436035, 3.18176531791687, 2.395644187927246, 3.18176531791687]","[2.6158089637756348, 2.667616844177246, 2.6820271015167236, 2.6935667991638184]"
7435.0,2007-09-01T00:00:00.000000000,"[3.18176531791687, 2.395644187927246, 3.18176531791687, 3.2422361373901367]","[2.6902005672454834, 2.7433910369873047, 2.758164882659912, 2.7697701454162598]"
7435.0,2007-12-01T00:00:00.000000000,"[2.395644187927246, 3.18176531791687, 3.2422361373901367, 3.3833351135253906]","[2.809629440307617, 2.8662350177764893, 2.881892681121826, 2.8918991088867188]"
7435.0,2008-03-01T00:00:00.000000000,"[3.18176531791687, 3.2422361373901367, 3.3833351135253906, 2.839097023010254]","[2.8025264739990234, 2.8570516109466553, 2.8721630573272705, 2.8827929496765137]"
7435.0,2008-06-01T00:00:00.000000000,"[3.2422361373901367, 3.3833351135253906, 2.839097023010254, 3.403491973876953]","[2.802410125732422, 2.8566527366638184, 2.8717851638793945, 2.8856611251831055]"
7435.0,2008-09-01T00:00:00.000000000,"[3.3833351135253906, 2.839097023010254, 3.403491973876953, 3.584904432296753]","[2.8298888206481934, 2.8843460083007812, 2.8995683193206787, 2.915449619293213]"
7435.0,2008-12-01T00:00:00.000000000,"[2.839097023010254, 3.403491973876953, 3.584904432296753, 3.746159791946411]","[3.0064520835876465, 3.0663979053497314, 3.083026170730591, 3.09494686126709]"
7435.0,2009-03-01T00:00:00.000000000,"[3.403491973876953, 3.584904432296753, 3.746159791946411, 3.2825498580932617]","[2.9804351329803467, 3.0378456115722656, 3.0538690090179443, 3.067986249923706]"
7435.0,2009-06-01T00:00:00.000000000,"[3.584904432296753, 3.746159791946411, 3.2825498580932617, 4.088828086853027]","[3.0384914875030518, 3.097548007965088, 3.11405611038208, 3.129019021987915]"
7435.0,2009-09-01T00:00:00.000000000,"[3.746159791946411, 3.2825498580932617, 4.088828086853027, 4.270240306854248]","[3.1999752521514893, 3.2641701698303223, 3.281951904296875, 3.2939040660858154]"
7435.0,2009-12-01T00:00:00.000000000,"[3.2825498580932617, 4.088828086853027, 4.270240306854248, 4.2500834465026855]","[3.3569912910461426, 3.426279067993164, 3.445366859436035, 3.455000877380371]"
7435.0,2010-03-01T00:00:00.000000000,"[4.088828086853027, 4.270240306854248, 4.2500834465026855, 3.705845832824707]","[3.3279130458831787, 3.3925819396972656, 3.4104723930358887, 3.421926259994507]"
7435.0,2010-06-01T00:00:00.000000000,"[4.270240306854248, 4.2500834465026855, 3.705845832824707, 3.544590473175049]","[3.3927736282348633, 3.4551749229431152, 3.472442150115967, 3.4835205078125]"
7435.0,2010-09-01T00:00:00.000000000,"[4.2500834465026855, 3.705845832824707, 3.544590473175049, 3.4841196537017822]","[3.4505393505096436, 3.5138773918151855, 3.5314793586730957, 3.5453665256500244]"
7435.0,2010-12-01T00:00:00.000000000,"[3.705845832824707, 3.544590473175049, 3.4841196537017822, 4.2500834465026855]","[3.649717330932617, 3.7190983295440674, 3.7382242679595947, 3.74873685836792]"
7435.0,2011-03-01T00:00:00.000000000,"[3.544590473175049, 3.4841196537017822, 4.2500834465026855, 3.3833351135253906]","[3.6440515518188477, 3.711064100265503, 3.7296383380889893, 3.742345094680786]"
7435.0,2011-06-01T00:00:00.000000000,"[3.4841196537017822, 4.2500834465026855, 3.3833351135253906, 3.403491973876953]","[3.5973968505859375, 3.6609716415405273, 3.6787214279174805, 3.6948862075805664]"
7435.0,2011-09-01T00:00:00.000000000,"[4.2500834465026855, 3.3833351135253906, 3.403491973876953, 2.6375277042388916]","[3.5592432022094727, 3.6202311515808105, 3.637352466583252, 3.6565816402435303]"
7435.0,2011-12-01T00:00:00.000000000,"[3.3833351135253906, 3.403491973876953, 2.6375277042388916, 3.9477295875549316]","[3.8468589782714844, 3.916598320007324, 3.9358444213867188, 3.946937084197998]"
7435.0,2012-03-01T00:00:00.000000000,"[3.403491973876953, 2.6375277042388916, 3.9477295875549316, 3.846944808959961]","[3.796989917755127, 3.861750364303589, 3.879727602005005, 3.8927838802337646]"
7435.0,2012-06-01T00:00:00.000000000,"[2.6375277042388916, 3.9477295875549316, 3.846944808959961, 4.633065700531006]","[3.7480361461639404, 3.8091373443603516, 3.82621169090271, 3.8418731689453125]"
7435.0,2012-09-01T00:00:00.000000000,"[3.9477295875549316, 3.846944808959961, 4.633065700531006, 4.270240306854248]","[3.5841312408447266, 3.639086961746216, 3.654700756072998, 3.6772046089172363]"
7435.0,2012-12-01T00:00:00.000000000,"[3.846944808959961, 4.633065700531006, 4.270240306854248, 3.9880435466766357]","[3.75974178314209, 3.818614959716797, 3.835134983062744, 3.8521203994750977]"
7435.0,2013-03-01T00:00:00.000000000,"[4.633065700531006, 4.270240306854248, 3.9880435466766357, 3.705845832824707]","[3.9269633293151855, 3.9877681732177734, 4.0045928955078125, 4.0149617195129395]"
7906.0,2006-06-01T00:00:00.000000000,"[-0.1642882525920868, 0.14814451336860657, -0.20460210740566254, -0.05342501774430275]","[-0.2759590148925781, -0.26277342438697815, -0.25910550355911255, -0.2562674880027771]"
7906.0,2006-09-01T00:00:00.000000000,"[0.14814451336860657, -0.20460210740566254, -0.05342501774430275, 0.03728128597140312]","[-0.25901907682418823, -0.2454993575811386, -0.24174216389656067, -0.23884060978889465]"
7906.0,2006-12-01T00:00:00.000000000,"[-0.20460210740566254, -0.05342501774430275, 0.03728128597140312, 0.40010637044906616]","[-0.18208444118499756, -0.1651841402053833, -0.1605338454246521, -0.1582193821668625]"
7906.0,2007-03-01T00:00:00.000000000,"[-0.05342501774430275, 0.03728128597140312, 0.40010637044906616, -0.043346554040908813]","[-0.16475674510002136, -0.1478552371263504, -0.14321520924568176, -0.14127519726753235]"
7906.0,2007-06-01T00:00:00.000000000,"[0.03728128597140312, 0.40010637044906616, -0.043346554040908813, 0.1582229882478714]","[-0.16986170411109924, -0.15342813730239868, -0.14887285232543945, -0.1457529366016388]"
7906.0,2007-09-01T00:00:00.000000000,"[0.40010637044906616, -0.043346554040908813, 0.1582229882478714, 0.03728128597140312]","[-0.15908315777778625, -0.14239905774593353, -0.1377648115158081, -0.1337229460477829]"
7906.0,2007-12-01T00:00:00.000000000,"[-0.043346554040908813, 0.1582229882478714, 0.03728128597140312, 0.5210480690002441]","[-0.10639889538288116, -0.08691394329071045, -0.08149072527885437, -0.07605329155921936]"
7906.0,2008-03-01T00:00:00.000000000,"[0.1582229882478714, 0.03728128597140312, 0.5210480690002441, 0.057438213378190994]","[-0.07039332389831543, -0.05031472444534302, -0.044759929180145264, -0.04022496938705444]"
7906.0,2008-06-01T00:00:00.000000000,"[0.03728128597140312, 0.5210480690002441, 0.057438213378190994, 0.4202633202075958]","[-0.04861687123775482, -0.028128504753112793, -0.022471100091934204, -0.017384827136993408]"
7906.0,2008-09-01T00:00:00.000000000,"[0.5210480690002441, 0.057438213378190994, 0.4202633202075958, 0.2590077519416809]","[-0.06125098466873169, -0.041429921984672546, -0.035887449979782104, -0.02938559651374817]"
7906.0,2008-12-01T00:00:00.000000000,"[0.057438213378190994, 0.4202633202075958, 0.2590077519416809, 0.19853684306144714]","[0.05057382583618164, 0.07514405250549316, 0.08192190527915955, 0.08715546131134033]"
7906.0,2009-03-01T00:00:00.000000000,"[0.4202633202075958, 0.2590077519416809, 0.19853684306144714, -0.023189563304185867]","[0.07269074022769928, 0.09715352952480316, 0.10381300747394562, 0.10881505906581879]"
7906.0,2009-06-01T00:00:00.000000000,"[0.2590077519416809, 0.19853684306144714, -0.023189563304185867, 0.4202633202075958]","[0.1012880951166153, 0.1268758326768875, 0.13387592136859894, 0.13998986780643463]"
7906.0,2009-09-01T00:00:00.000000000,"[0.19853684306144714, -0.023189563304185867, 0.4202633202075958, 0.4404202401638031]","[0.11072143912315369, 0.136251300573349, 0.14318913221359253, 0.15030556917190552]"
7906.0,2009-12-01T00:00:00.000000000,"[-0.023189563304185867, 0.4202633202075958, 0.4404202401638031, 0.40010637044906616]","[0.17094504833221436, 0.19844409823417664, 0.206061452627182, 0.21151703596115112]"
7906.0,2010-03-01T00:00:00.000000000,"[0.4202633202075958, 0.4404202401638031, 0.40010637044906616, 0.09775207191705704]","[0.14546452462673187, 0.1711377054452896, 0.1782006174325943, 0.18500728905200958]"
7906.0,2010-06-01T00:00:00.000000000,"[0.4404202401638031, 0.40010637044906616, 0.09775207191705704, 0.4202633202075958]","[0.19311708211898804, 0.22036996483802795, 0.22795981168746948, 0.23447701334953308]"
7906.0,2010-09-01T00:00:00.000000000,"[0.40010637044906616, 0.09775207191705704, 0.4202633202075958, 0.29932162165641785]","[0.22843268513679504, 0.2564677596092224, 0.2642117738723755, 0.27099931240081787]"
7906.0,2010-12-01T00:00:00.000000000,"[0.09775207191705704, 0.4202633202075958, 0.29932162165641785, 0.7830883860588074]","[0.30062878131866455, 0.3307407796382904, 0.3390614688396454, 0.344153493642807]"
7906.0,2011-03-01T00:00:00.000000000,"[0.4202633202075958, 0.29932162165641785, 0.7830883860588074, 0.4605771601200104]","[0.28135576844215393, 0.3096998631954193, 0.3175675570964813, 0.3236127197742462]"
7906.0,2011-06-01T00:00:00.000000000,"[0.29932162165641785, 0.7830883860588074, 0.4605771601200104, 0.6218327283859253]","[0.30150774121284485, 0.3299531936645508, 0.33787238597869873, 0.3443312346935272]"
7906.0,2011-09-01T00:00:00.000000000,"[0.7830883860588074, 0.4605771601200104, 0.6218327283859253, -1.9784135818481445]","[0.29872608184814453, 0.3263317942619324, 0.334036648273468, 0.34136518836021423]"
7906.0,2011-12-01T00:00:00.000000000,"[0.4605771601200104, 0.6218327283859253, -1.9784135818481445, 0.964500904083252]","[0.4191899597644806, 0.4509027600288391, 0.459655225276947, 0.46473631262779236]"
7906.0,2012-03-01T00:00:00.000000000,"[0.6218327283859253, -1.9784135818481445, 0.964500904083252, 0.6218327283859253]","[0.45686477422714233, 0.4888221323490143, 0.49762025475502014, 0.5020461082458496]"
7906.0,2012-06-01T00:00:00.000000000,"[-1.9784135818481445, 0.964500904083252, 0.6218327283859253, 0.8637161254882812]","[0.48954951763153076, 0.5219389200210571, 0.5308670401573181, 0.5354889035224915]"
7906.0,2012-09-01T00:00:00.000000000,"[0.964500904083252, 0.6218327283859253, 0.8637161254882812, 0.9241870045661926]","[0.09711695462465286, 0.13871441781520844, 0.15772318840026855, 0.18282462656497955]"
7906.0,2012-12-01T00:00:00.000000000,"[0.6218327283859253, 0.8637161254882812, 0.9241870045661926, 1.3877967596054077]","[0.32288265228271484, 0.36092880368232727, 0.37278813123703003, 0.3948281705379486]"
7906.0,2013-03-01T00:00:00.000000000,"[0.8637161254882812, 0.9241870045661926, 1.3877967596054077, 0.722617506980896]","[0.6747971773147583, 0.7218098640441895, 0.7348462343215942, 0.7436760067939758]"
8762.0,2006-06-01T00:00:00.000000000,"[0.964500904083252, 1.2063844203948975, 1.1862272024154663, 0.9040300846099854]","[1.3147083520889282, 1.352819561958313, 1.3636386394500732, 1.3782016038894653]"
8762.0,2006-09-01T00:00:00.000000000,"[1.2063844203948975, 1.1862272024154663, 0.9040300846099854, 1.0652856826782227]","[1.2932121753692627, 1.3288432359695435, 1.3389790058135986, 1.3541518449783325]"
8762.0,2006-12-01T00:00:00.000000000,"[1.1862272024154663, 0.9040300846099854, 1.0652856826782227, 1.024971842765808]","[1.3544679880142212, 1.3914613723754883, 1.4019168615341187, 1.4150383472442627]"
8762.0,2007-03-01T00:00:00.000000000,"[0.9040300846099854, 1.0652856826782227, 1.024971842765808, 1.1459133625030518]","[1.260418176651001, 1.293442964553833, 1.3029742240905762, 1.3205327987670898]"
8762.0,2007-06-01T00:00:00.000000000,"[1.0652856826782227, 1.024971842765808, 1.1459133625030518, 0.7830883860588074]","[1.1891908645629883, 1.2185544967651367, 1.2271870374679565, 1.2474541664123535]"
8762.0,2007-09-01T00:00:00.000000000,"[1.024971842765808, 1.1459133625030518, 0.7830883860588074, 0.6419897675514221]","[1.255483865737915, 1.2841753959655762, 1.2922078371047974, 1.309114933013916]"
8762.0,2007-12-01T00:00:00.000000000,"[1.1459133625030518, 0.7830883860588074, 0.6419897675514221, 1.1257563829421997]","[1.2712815999984741, 1.2998626232147217, 1.307861089706421, 1.3241523504257202]"
8762.0,2008-03-01T00:00:00.000000000,"[0.7830883860588074, 0.6419897675514221, 1.1257563829421997, 1.22654128074646]","[1.1291706562042236, 1.1536964178085327, 1.1613764762878418, 1.1836940050125122]"
8762.0,2008-06-01T00:00:00.000000000,"[0.6419897675514221, 1.1257563829421997, 1.22654128074646, 0.9846578240394592]","[0.990847647190094, 1.0145149230957031, 1.024438738822937, 1.0511181354522705]"
8762.0,2008-09-01T00:00:00.000000000,"[1.1257563829421997, 1.22654128074646, 0.9846578240394592, 0.7629314661026001]","[0.9033651947975159, 0.9337632656097412, 0.9512156248092651, 0.9779053330421448]"
8762.0,2008-12-01T00:00:00.000000000,"[1.22654128074646, 0.9846578240394592, 0.7629314661026001, 1.246698260307312]","[1.026411533355713, 1.051716923713684, 1.0628465414047241, 1.0873156785964966]"
8762.0,2009-03-01T00:00:00.000000000,"[0.9846578240394592, 0.7629314661026001, 1.246698260307312, 1.4482678174972534]","[0.9955853819847107, 1.019864559173584, 1.0308189392089844, 1.0568790435791016]"
8762.0,2009-06-01T00:00:00.000000000,"[0.7629314661026001, 1.246698260307312, 1.4482678174972534, 1.0652856826782227]","[0.9712981581687927, 0.9979792237281799, 1.0116373300552368, 1.037522792816162]"
8762.0,2009-09-01T00:00:00.000000000,"[1.246698260307312, 1.4482678174972534, 1.0652856826782227, 0.9443439245223999]","[0.9510403275489807, 0.979123055934906, 0.9941432476043701, 1.0203592777252197]"
8762.0,2009-12-01T00:00:00.000000000,"[1.4482678174972534, 1.0652856826782227, 0.9443439245223999, 1.3071690797805786]","[1.0665465593338013, 1.0889308452606201, 1.0971819162368774, 1.1216832399368286]"
8762.0,2010-03-01T00:00:00.000000000,"[1.0652856826782227, 0.9443439245223999, 1.3071690797805786, 1.569209337234497]","[1.0996654033660889, 1.1183929443359375, 1.1241018772125244, 1.143434762954712]"
8762.0,2010-06-01T00:00:00.000000000,"[0.9443439245223999, 1.3071690797805786, 1.569209337234497, 1.1862272024154663]","[1.012358546257019, 1.0316319465637207, 1.039734959602356, 1.061609148979187]"
8762.0,2010-09-01T00:00:00.000000000,"[1.3071690797805786, 1.569209337234497, 1.1862272024154663, 1.266855239868164]","[1.0420414209365845, 1.061549425125122, 1.069618821144104, 1.0901069641113281]"
8762.0,2010-12-01T00:00:00.000000000,"[1.569209337234497, 1.1862272024154663, 1.266855239868164, 1.811092734336853]","[1.1308242082595825, 1.1491174697875977, 1.1545392274856567, 1.1728136539459229]"
8762.0,2011-03-01T00:00:00.000000000,"[1.1862272024154663, 1.266855239868164, 1.811092734336853, 1.9118773937225342]","[1.1456706523895264, 1.1627346277236938, 1.1676539182662964, 1.1821931600570679]"
8762.0,2011-06-01T00:00:00.000000000,"[1.266855239868164, 1.811092734336853, 1.9118773937225342, 1.4079537391662598]","[1.119493842124939, 1.1351869106292725, 1.1398959159851074, 1.1556406021118164]"
8762.0,2011-09-01T00:00:00.000000000,"[1.811092734336853, 1.9118773937225342, 1.4079537391662598, 1.3877967596054077]","[1.118991732597351, 1.1357513666152954, 1.1422779560089111, 1.1567397117614746]"
8762.0,2011-12-01T00:00:00.000000000,"[1.9118773937225342, 1.4079537391662598, 1.3877967596054077, 2.3351733684539795]","[1.2015825510025024, 1.218910574913025, 1.2239227294921875, 1.238623023033142]"
8762.0,2012-03-01T00:00:00.000000000,"[1.4079537391662598, 1.3877967596054077, 2.3351733684539795, 2.355330228805542]","[1.3018028736114502, 1.3236957788467407, 1.3299938440322876, 1.343085527420044]"
8762.0,2012-06-01T00:00:00.000000000,"[1.3877967596054077, 2.3351733684539795, 2.355330228805542, 1.5893663167953491]","[1.2988792657852173, 1.3203107118606567, 1.3264446258544922, 1.3403759002685547]"
8762.0,2012-09-01T00:00:00.000000000,"[2.3351733684539795, 2.355330228805542, 1.5893663167953491, 1.3273259401321411]","[1.2729506492614746, 1.2936536073684692, 1.300175666809082, 1.3152925968170166]"
8762.0,2012-12-01T00:00:00.000000000,"[2.355330228805542, 1.5893663167953491, 1.3273259401321411, 2.2948594093322754]","[1.4161272048950195, 1.4426604509353638, 1.4501807689666748, 1.46504807472229]"
8762.0,2013-03-01T00:00:00.000000000,"[1.5893663167953491, 1.3273259401321411, 2.2948594093322754, 2.395644187927246]","[1.5089991092681885, 1.5405704975128174, 1.549598217010498, 1.5651545524597168]"
9667.0,2006-06-01T00:00:00.000000000,"[1.024971842765808, 1.3005173206329346, -0.029841380193829536, -0.023189563304185867]","[-0.06372751295566559, -0.032691821455955505, -0.019495688378810883, 0.0025117695331573486]"
9667.0,2006-09-01T00:00:00.000000000,"[1.3005173206329346, -0.029841380193829536, -0.023189563304185867, 1.5355472564697266]","[0.17890894412994385, 0.21114304661750793, 0.2201496660709381, 0.23885497450828552]"
9667.0,2006-12-01T00:00:00.000000000,"[-0.029841380193829536, -0.023189563304185867, 1.5355472564697266, 1.716959834098816]","[0.20786379277706146, 0.24304424226284027, 0.2530990540981293, 0.27627602219581604]"
9667.0,2007-03-01T00:00:00.000000000,"[-0.023189563304185867, 1.5355472564697266, 1.716959834098816, 0.47408241033554077]","[0.36804699897766113, 0.4076647162437439, 0.4188433289527893, 0.4351294934749603]"
9667.0,2007-06-01T00:00:00.000000000,"[1.5355472564697266, 1.716959834098816, 0.47408241033554077, 0.2656594514846802]","[-0.007678131572902203, 0.029822474345564842, 0.04669588804244995, 0.07580994814634323]"
9667.0,2007-09-01T00:00:00.000000000,"[1.716959834098816, 0.47408241033554077, 0.2656594514846802, 1.7774306535720825]","[0.3788936138153076, 0.4201064109802246, 0.4316806197166443, 0.45422640442848206]"
9667.0,2007-12-01T00:00:00.000000000,"[0.47408241033554077, 0.2656594514846802, 1.7774306535720825, 1.8917205333709717]","[0.43664300441741943, 0.4817631244659424, 0.49443650245666504, 0.5214483737945557]"
9667.0,2008-03-01T00:00:00.000000000,"[0.2656594514846802, 1.7774306535720825, 1.8917205333709717, 0.6756517887115479]","[0.6363397836685181, 0.6876014471054077, 0.7020833492279053, 0.7211829423904419]"
9667.0,2008-06-01T00:00:00.000000000,"[1.7774306535720825, 1.8917205333709717, 0.6756517887115479, 0.5748670697212219]","[0.3130493462085724, 0.3583414852619171, 0.37458083033561707, 0.4061996340751648]"
9667.0,2008-09-01T00:00:00.000000000,"[1.8917205333709717, 0.6756517887115479, 0.5748670697212219, 2.0866384506225586]","[0.6559862494468689, 0.7083786725997925, 0.723109245300293, 0.7481050491333008]"
9667.0,2008-12-01T00:00:00.000000000,"[0.6756517887115479, 0.5748670697212219, 2.0866384506225586, 2.2410402297973633]","[0.7300257682800293, 0.7863444685935974, 0.802135169506073, 0.8302891254425049]"
9667.0,2009-03-01T00:00:00.000000000,"[0.5748670697212219, 2.0866384506225586, 2.2410402297973633, 1.1727222204208374]","[0.9528465270996094, 1.0158209800720215, 1.0335079431533813, 1.0529011487960815]"
9667.0,2009-06-01T00:00:00.000000000,"[2.0866384506225586, 2.2410402297973633, 1.1727222204208374, 1.4482678174972534]","[0.7234735488891602, 0.7773138880729675, 0.7927801609039307, 0.8226332664489746]"
9667.0,2009-09-01T00:00:00.000000000,"[2.2410402297973633, 1.1727222204208374, 1.4482678174972534, 2.8995678424835205]","[1.026577353477478, 1.09169602394104, 1.1099307537078857, 1.1333982944488525]"
9667.0,2009-12-01T00:00:00.000000000,"[1.1727222204208374, 1.4482678174972534, 2.8995678424835205, 2.865906000137329]","[1.124766230583191, 1.1945921182632446, 1.2142082452774048, 1.24031400680542]"
9667.0,2010-03-01T00:00:00.000000000,"[1.4482678174972534, 2.8995678424835205, 2.865906000137329, 1.4281105995178223]","[1.3328040838241577, 1.407726764678955, 1.428635597229004, 1.447370171546936]"
9667.0,2010-06-01T00:00:00.000000000,"[2.8995678424835205, 2.865906000137329, 1.4281105995178223, 1.468424677848816]","[1.2262083292007446, 1.294277548789978, 1.3130316734313965, 1.3386266231536865]"
9667.0,2010-09-01T00:00:00.000000000,"[2.865906000137329, 1.4281105995178223, 1.468424677848816, 3.4639627933502197]","[1.496086597442627, 1.5758388042449951, 1.5980870723724365, 1.621384859085083]"
9667.0,2010-12-01T00:00:00.000000000,"[1.4281105995178223, 1.468424677848816, 3.4639627933502197, 3.517781972885132]","[1.5898046493530273, 1.6741323471069336, 1.6977646350860596, 1.7253694534301758]"
9667.0,2011-03-01T00:00:00.000000000,"[1.468424677848816, 3.4639627933502197, 3.517781972885132, 1.9185293912887573]","[1.8082499504089355, 1.8974590301513672, 1.9222698211669922, 1.9419047832489014]"
9667.0,2011-06-01T00:00:00.000000000,"[3.4639627933502197, 3.517781972885132, 1.9185293912887573, 1.7909358739852905]","[1.613853931427002, 1.6924651861190796, 1.7141073942184448, 1.743412733078003]"
9667.0,2011-09-01T00:00:00.000000000,"[3.517781972885132, 1.9185293912887573, 1.7909358739852905, 3.8201358318328857]","[1.9118952751159668, 2.0031485557556152, 2.0284411907196045, 2.0553009510040283]"
9667.0,2011-12-01T00:00:00.000000000,"[1.9185293912887573, 1.7909358739852905, 3.8201358318328857, 4.619560241699219]","[2.1363959312438965, 2.2369847297668457, 2.265092372894287, 2.291891098022461]"
9667.0,2012-03-01T00:00:00.000000000,"[1.7909358739852905, 3.8201358318328857, 4.619560241699219, 2.4696199893951416]","[2.362936019897461, 2.4677724838256836, 2.496779203414917, 2.5155787467956543]"
9667.0,2012-06-01T00:00:00.000000000,"[3.8201358318328857, 4.619560241699219, 2.4696199893951416, 3.2019221782684326]","[2.116194725036621, 2.208662271499634, 2.2342331409454346, 2.264833927154541]"
9667.0,2012-09-01T00:00:00.000000000,"[4.619560241699219, 2.4696199893951416, 3.2019221782684326, 4.3911824226379395]","[2.2951197624206543, 2.394523859024048, 2.4220094680786133, 2.454828977584839]"
9667.0,2012-12-01T00:00:00.000000000,"[2.4696199893951416, 3.2019221782684326, 4.3911824226379395, 3.262392997741699]","[2.5896244049072266, 2.7021484375, 2.7336692810058594, 2.7672080993652344]"
9667.0,2013-03-01T00:00:00.000000000,"[3.2019221782684326, 4.3911824226379395, 3.262392997741699, 1.750622034072876]","[2.8947927951812744, 3.013571262359619, 3.046475887298584, 3.068934679031372]"
10903.0,2006-06-01T00:00:00.000000000,"[1.9118773937225342, 2.3351733684539795, 2.173917770385742, 1.9925053119659424]","[1.7053897380828857, 1.7574257850646973, 1.771815538406372, 1.780775785446167]"
10903.0,2006-09-01T00:00:00.000000000,"[2.3351733684539795, 2.173917770385742, 1.9925053119659424, 2.355330228805542]","[1.7034616470336914, 1.7541534900665283, 1.7682528495788574, 1.779447317123413]"
10903.0,2006-12-01T00:00:00.000000000,"[2.173917770385742, 1.9925053119659424, 2.355330228805542, 2.3754870891571045]","[1.8029638528823853, 1.856385588645935, 1.8712131977081299, 1.8821275234222412]"
10903.0,2007-03-01T00:00:00.000000000,"[1.9925053119659424, 2.355330228805542, 2.3754870891571045, 1.8715635538101196]","[1.8426485061645508, 1.8962310552597046, 1.9111270904541016, 1.9231616258621216]"
10903.0,2007-06-01T00:00:00.000000000,"[2.355330228805542, 2.3754870891571045, 1.8715635538101196, 2.577056884765625]","[1.9445831775665283, 1.9997079372406006, 2.0149426460266113, 2.0242834091186523]"
10903.0,2007-09-01T00:00:00.000000000,"[2.3754870891571045, 1.8715635538101196, 2.577056884765625, 3.0003528594970703]","[2.0418732166290283, 2.0991921424865723, 2.115004062652588, 2.1233818531036377]"
10903.0,2007-12-01T00:00:00.000000000,"[1.8715635538101196, 2.577056884765625, 3.0003528594970703, 3.4236488342285156]","[2.028223991394043, 2.0844945907592773, 2.100131034851074, 2.1122829914093018]"
10903.0,2008-03-01T00:00:00.000000000,"[2.577056884765625, 3.0003528594970703, 3.4236488342285156, 3.3027069568634033]","[2.0332894325256348, 2.088683605194092, 2.1041181087493896, 2.1172680854797363]"
10903.0,2008-06-01T00:00:00.000000000,"[3.0003528594970703, 3.4236488342285156, 3.3027069568634033, 3.8267874717712402]","[2.1757562160491943, 2.2347939014434814, 2.251136064529419, 2.2616989612579346]"
10903.0,2008-09-01T00:00:00.000000000,"[3.4236488342285156, 3.3027069568634033, 3.8267874717712402, 4.008200168609619]","[2.411691665649414, 2.4787416458129883, 2.497204303741455, 2.5033469200134277]"
10903.0,2008-12-01T00:00:00.000000000,"[3.3027069568634033, 3.8267874717712402, 4.008200168609619, 4.411339282989502]","[2.628095865249634, 2.70377779006958, 2.7244558334350586, 2.728997230529785]"
10903.0,2009-03-01T00:00:00.000000000,"[3.8267874717712402, 4.008200168609619, 4.411339282989502, 4.270240306854248]","[2.6823315620422363, 2.7603049278259277, 2.7816803455352783, 2.789978504180908]"
10903.0,2009-06-01T00:00:00.000000000,"[4.008200168609619, 4.411339282989502, 4.270240306854248, 5.177303314208984]","[2.8507184982299805, 2.9348082542419434, 2.957873582839966, 2.967170238494873]"
10903.0,2009-09-01T00:00:00.000000000,"[4.411339282989502, 4.270240306854248, 5.177303314208984, 5.378872871398926]","[3.09218168258667, 3.183763027191162, 3.208815097808838, 3.2157459259033203]"
10903.0,2009-12-01T00:00:00.000000000,"[4.270240306854248, 5.177303314208984, 5.378872871398926, 5.923110485076904]","[3.2606372833251953, 3.358238697052002, 3.3849780559539795, 3.3943123817443848]"
10903.0,2010-03-01T00:00:00.000000000,"[5.177303314208984, 5.378872871398926, 5.923110485076904, 5.661069869995117]","[3.377453565597534, 3.478403091430664, 3.506131410598755, 3.518284559249878]"
10903.0,2010-06-01T00:00:00.000000000,"[5.378872871398926, 5.923110485076904, 5.661069869995117, 6.5681328773498535]","[3.5521152019500732, 3.6603851318359375, 3.690247058868408, 3.7073421478271484]"
10903.0,2010-09-01T00:00:00.000000000,"[5.923110485076904, 5.661069869995117, 6.5681328773498535, 6.306092262268066]","[3.7981960773468018, 3.914799213409424, 3.946841239929199, 3.965362071990967]"
10903.0,2010-12-01T00:00:00.000000000,"[5.661069869995117, 6.5681328773498535, 6.306092262268066, 6.870487213134766]","[4.053088665008545, 4.179800033569336, 4.214582443237305, 4.236502647399902]"
10903.0,2011-03-01T00:00:00.000000000,"[6.5681328773498535, 6.306092262268066, 6.870487213134766, 6.910800933837891]","[4.286269664764404, 4.418890476226807, 4.454665660858154, 4.477853298187256]"
10903.0,2011-06-01T00:00:00.000000000,"[6.306092262268066, 6.870487213134766, 6.910800933837891, 6.547976016998291]","[4.453200340270996, 4.59302282333374, 4.630720138549805, 4.662339687347412]"
10903.0,2011-09-01T00:00:00.000000000,"[6.870487213134766, 6.910800933837891, 6.547976016998291, 13.401337623596191]","[4.64647102355957, 4.7926483154296875, 4.832200050354004, 4.867732048034668]"
10903.0,2011-12-01T00:00:00.000000000,"[6.910800933837891, 6.547976016998291, 13.401337623596191, 6.124680042266846]","[5.01413631439209, 5.173322677612305, 5.216289043426514, 5.250399589538574]"
10903.0,2012-03-01T00:00:00.000000000,"[6.547976016998291, 13.401337623596191, 6.124680042266846, 4.129141807556152]","[5.339095115661621, 5.5084686279296875, 5.554100036621094, 5.587285041809082]"
10903.0,2012-06-01T00:00:00.000000000,"[13.401337623596191, 6.124680042266846, 4.129141807556152, 9.7529296875]","[5.458011150360107, 5.6309356689453125, 5.677803039550781, 5.716242790222168]"
10903.0,2012-09-01T00:00:00.000000000,"[6.124680042266846, 4.129141807556152, 9.7529296875, 8.523355484008789]","[6.611547470092773, 6.844257354736328, 6.906915664672852, 6.9532470703125]"
10903.0,2012-12-01T00:00:00.000000000,"[4.129141807556152, 9.7529296875, 8.523355484008789, 8.160531044006348]","[6.560548305511475, 6.787302017211914, 6.848446846008301, 6.902917861938477]"
10903.0,2013-03-01T00:00:00.000000000,"[9.7529296875, 8.523355484008789, 8.160531044006348, 8.079903602600098]","[6.510388374328613, 6.732058525085449, 6.792357444763184, 6.8497314453125]"
11259.0,2006-06-01T00:00:00.000000000,"[1.266855239868164, 1.488581657409668, 1.3676397800445557, 2.2948594093322754]","[1.5647659301757812, 1.6148340702056885, 1.628843069076538, 1.64224112033844]"
11259.0,2006-09-01T00:00:00.000000000,"[1.488581657409668, 1.3676397800445557, 2.2948594093322754, 1.1257563829421997]","[1.5802910327911377, 1.6289222240447998, 1.642499566078186, 1.6554489135742188]"
11259.0,2006-12-01T00:00:00.000000000,"[1.3676397800445557, 2.2948594093322754, 1.1257563829421997, 1.22654128074646]","[1.5956979990005493, 1.6436150074005127, 1.6570377349853516, 1.6702758073806763]"
11259.0,2007-03-01T00:00:00.000000000,"[2.2948594093322754, 1.1257563829421997, 1.22654128074646, 1.0451287031173706]","[1.5496447086334229, 1.593294620513916, 1.6052138805389404, 1.6208608150482178]"
11259.0,2007-06-01T00:00:00.000000000,"[1.1257563829421997, 1.22654128074646, 1.0451287031173706, 2.052976369857788]","[1.6843236684799194, 1.7336640357971191, 1.747495412826538, 1.7613956928253174]"
11259.0,2007-09-01T00:00:00.000000000,"[1.22654128074646, 1.0451287031173706, 2.052976369857788, 1.024971842765808]","[1.654984474182129, 1.7016770839691162, 1.7148064374923706, 1.7297589778900146]"
11259.0,2007-12-01T00:00:00.000000000,"[1.0451287031173706, 2.052976369857788, 1.024971842765808, 1.2063844203948975]","[1.6130545139312744, 1.6571332216262817, 1.6696357727050781, 1.6864590644836426]"
11259.0,2008-03-01T00:00:00.000000000,"[2.052976369857788, 1.024971842765808, 1.2063844203948975, 1.024971842765808]","[1.5749095678329468, 1.615533709526062, 1.6269137859344482, 1.6449650526046753]"
11259.0,2008-06-01T00:00:00.000000000,"[1.024971842765808, 1.2063844203948975, 1.024971842765808, 1.6699939966201782]","[1.6365050077438354, 1.6795156002044678, 1.6917699575424194, 1.7096585035324097]"
11259.0,2008-09-01T00:00:00.000000000,"[1.2063844203948975, 1.024971842765808, 1.6699939966201782, 1.0652856826782227]","[1.5584633350372314, 1.5970938205718994, 1.608046293258667, 1.6289751529693604]"
11259.0,2008-12-01T00:00:00.000000000,"[1.024971842765808, 1.6699939966201782, 1.0652856826782227, 1.22654128074646]","[1.5534976720809937, 1.5904030799865723, 1.60086190700531, 1.6217765808105469]"
11259.0,2009-03-01T00:00:00.000000000,"[1.6699939966201782, 1.0652856826782227, 1.22654128074646, 1.0652856826782227]","[1.5660243034362793, 1.604150652885437, 1.6161744594573975, 1.6352351903915405]"
11259.0,2009-06-01T00:00:00.000000000,"[1.0652856826782227, 1.22654128074646, 1.0652856826782227, 1.730465054512024]","[1.5748974084854126, 1.6109856367111206, 1.6213462352752686, 1.641611099243164]"
11259.0,2009-09-01T00:00:00.000000000,"[1.22654128074646, 1.0652856826782227, 1.730465054512024, 1.3474829196929932]","[1.5070183277130127, 1.5395786762237549, 1.5489884614944458, 1.5718512535095215]"
11259.0,2009-12-01T00:00:00.000000000,"[1.0652856826782227, 1.730465054512024, 1.3474829196929932, 1.6498371362686157]","[1.457377314567566, 1.4882845878601074, 1.497754454612732, 1.522444486618042]"
11259.0,2010-03-01T00:00:00.000000000,"[1.730465054512024, 1.3474829196929932, 1.6498371362686157, 1.22654128074646]","[1.5313905477523804, 1.5669604539871216, 1.5794535875320435, 1.5994303226470947]"
11259.0,2010-06-01T00:00:00.000000000,"[1.3474829196929932, 1.6498371362686157, 1.22654128074646, 1.8917205333709717]","[1.5317119359970093, 1.562546968460083, 1.5713982582092285, 1.5937690734863281]"
11259.0,2010-09-01T00:00:00.000000000,"[1.6498371362686157, 1.22654128074646, 1.8917205333709717, 1.3273259401321411]","[1.437150001525879, 1.4665331840515137, 1.4768855571746826, 1.5018978118896484]"
11259.0,2010-12-01T00:00:00.000000000,"[1.22654128074646, 1.8917205333709717, 1.3273259401321411, 1.6095231771469116]","[1.5047577619552612, 1.5328588485717773, 1.5415366888046265, 1.5648741722106934]"
11259.0,2011-03-01T00:00:00.000000000,"[1.8917205333709717, 1.3273259401321411, 1.6095231771469116, 1.3877967596054077]","[1.575933814048767, 1.6075239181518555, 1.6183156967163086, 1.63749098777771]"
11259.0,2011-06-01T00:00:00.000000000,"[1.3273259401321411, 1.6095231771469116, 1.3877967596054077, 1.831249713897705]","[1.5457991361618042, 1.5730750560760498, 1.5809506177902222, 1.603656530380249]"
11259.0,2011-09-01T00:00:00.000000000,"[1.6095231771469116, 1.3877967596054077, 1.831249713897705, 1.4281105995178223]","[1.3201144933700562, 1.3482004404067993, 1.3615901470184326, 1.3907850980758667]"
11259.0,2011-12-01T00:00:00.000000000,"[1.3877967596054077, 1.831249713897705, 1.4281105995178223, 2.194074869155884]","[1.3737053871154785, 1.3996347188949585, 1.410731315612793, 1.4389691352844238]"
11259.0,2012-03-01T00:00:00.000000000,"[1.831249713897705, 1.4281105995178223, 2.194074869155884, 1.750622034072876]","[1.5497324466705322, 1.5781081914901733, 1.588476538658142, 1.6096367835998535]"
11259.0,2012-06-01T00:00:00.000000000,"[1.4281105995178223, 2.194074869155884, 1.750622034072876, 1.9925053119659424]","[1.4425259828567505, 1.4640319347381592, 1.47083580493927, 1.497920036315918]"
11259.0,2012-09-01T00:00:00.000000000,"[2.194074869155884, 1.750622034072876, 1.9925053119659424, 2.456115245819092]","[1.3756792545318604, 1.4016664028167725, 1.413804292678833, 1.4413398504257202]"
11259.0,2012-12-01T00:00:00.000000000,"[1.750622034072876, 1.9925053119659424, 2.456115245819092, 2.6375277042388916]","[1.4496039152145386, 1.4748109579086304, 1.484885573387146, 1.512639045715332]"
11259.0,2013-03-01T00:00:00.000000000,"[1.9925053119659424, 2.456115245819092, 2.6375277042388916, 1.9723484516143799]","[1.6527495384216309, 1.6791807413101196, 1.6869858503341675, 1.707858920097351]"
20779.0,2006-06-01T00:00:00.000000000,"[0.07759514451026917, 0.1582229882478714, 0.13806605339050293, 0.11790899932384491]","[0.055836960673332214, 0.07254387438297272, 0.07712613046169281, 0.079007089138031]"
20779.0,2006-09-01T00:00:00.000000000,"[0.1582229882478714, 0.13806605339050293, 0.11790899932384491, 0.13806605339050293]","[0.05204860866069794, 0.06790226697921753, 0.07227478921413422, 0.07470673322677612]"
20779.0,2006-12-01T00:00:00.000000000,"[0.13806605339050293, 0.11790899932384491, 0.13806605339050293, 0.2388506978750229]","[0.06946855783462524, 0.08535993099212646, 0.08974196016788483, 0.09216737747192383]"
20779.0,2007-03-01T00:00:00.000000000,"[0.11790899932384491, 0.13806605339050293, 0.2388506978750229, 0.2388506978750229]","[0.08638392388820648, 0.10215921700000763, 0.10650287568569183, 0.10873088240623474]"
20779.0,2007-06-01T00:00:00.000000000,"[0.13806605339050293, 0.2388506978750229, 0.2388506978750229, 0.19853684306144714]","[0.11531000584363937, 0.131312757730484, 0.13568657636642456, 0.13706126809120178]"
20779.0,2007-09-01T00:00:00.000000000,"[0.2388506978750229, 0.2388506978750229, 0.19853684306144714, 0.19853684306144714]","[0.10495174676179886, 0.12010175734758377, 0.12428010255098343, 0.1266053020954132]"
20779.0,2007-12-01T00:00:00.000000000,"[0.2388506978750229, 0.19853684306144714, 0.19853684306144714, 0.3194785416126251]","[0.12167823314666748, 0.13703317940235138, 0.14127424359321594, 0.14380896091461182]"
20779.0,2008-03-01T00:00:00.000000000,"[0.19853684306144714, 0.19853684306144714, 0.3194785416126251, 0.2791646718978882]","[0.11482086032629013, 0.1295897364616394, 0.1337074637413025, 0.13738635182380676]"
20779.0,2008-06-01T00:00:00.000000000,"[0.19853684306144714, 0.3194785416126251, 0.2791646718978882, 0.19853684306144714]","[0.15030306577682495, 0.16584065556526184, 0.1701381802558899, 0.17294053733348846]"
20779.0,2008-09-01T00:00:00.000000000,"[0.3194785416126251, 0.2791646718978882, 0.19853684306144714, 0.2590077519416809]","[0.16252508759498596, 0.1780768781900406, 0.18238498270511627, 0.18525871634483337]"
20779.0,2008-12-01T00:00:00.000000000,"[0.2791646718978882, 0.19853684306144714, 0.2590077519416809, 0.2791646718978882]","[0.18336352705955505, 0.1994892954826355, 0.20395752787590027, 0.20706751942634583]"
20779.0,2009-03-01T00:00:00.000000000,"[0.19853684306144714, 0.2590077519416809, 0.2791646718978882, 0.2791646718978882]","[0.19314803183078766, 0.20953214168548584, 0.21408690512180328, 0.21767327189445496]"
20779.0,2009-06-01T00:00:00.000000000,"[0.2590077519416809, 0.2791646718978882, 0.2791646718978882, 0.3194785416126251]","[0.21394440531730652, 0.23068943619728088, 0.2353309690952301, 0.23852528631687164]"
20779.0,2009-09-01T00:00:00.000000000,"[0.2791646718978882, 0.2791646718978882, 0.3194785416126251, 0.3799494504928589]","[0.23522299528121948, 0.2523645758628845, 0.2571118474006653, 0.26006364822387695]"
20779.0,2009-12-01T00:00:00.000000000,"[0.2791646718978882, 0.3194785416126251, 0.3799494504928589, 0.4605771601200104]","[0.2614474594593048, 0.279232919216156, 0.28413495421409607, 0.286685049533844]"
20779.0,2010-03-01T00:00:00.000000000,"[0.3194785416126251, 0.3799494504928589, 0.4605771601200104, 0.5613619089126587]","[0.27336400747299194, 0.29137322306632996, 0.29633933305740356, 0.2990647554397583]"
20779.0,2010-06-01T00:00:00.000000000,"[0.3799494504928589, 0.4605771601200104, 0.5613619089126587, 0.5210480690002441]","[0.27683860063552856, 0.2941817343235016, 0.29898133873939514, 0.30203938484191895]"
20779.0,2010-09-01T00:00:00.000000000,"[0.4605771601200104, 0.5613619089126587, 0.5210480690002441, 0.6218327283859253]","[0.2918079197406769, 0.3086777329444885, 0.3133426904678345, 0.3162418603897095]"
20779.0,2010-12-01T00:00:00.000000000,"[0.5613619089126587, 0.5210480690002441, 0.6218327283859253, 0.722617506980896]","[0.33646291494369507, 0.3539418578147888, 0.3587280511856079, 0.3604918122291565]"
20779.0,2011-03-01T00:00:00.000000000,"[0.5210480690002441, 0.6218327283859253, 0.722617506980896, 0.7427744269371033]","[0.37523090839385986, 0.39368540048599243, 0.39873039722442627, 0.40030068159103394]"
20779.0,2011-06-01T00:00:00.000000000,"[0.6218327283859253, 0.722617506980896, 0.7427744269371033, 0.601675808429718]","[0.4006096124649048, 0.41963252425193787, 0.4248451888561249, 0.4265511929988861]"
20779.0,2011-09-01T00:00:00.000000000,"[0.722617506980896, 0.7427744269371033, 0.601675808429718, 0.6419897675514221]","[0.4347637891769409, 0.45491236448287964, 0.4604344964027405, 0.4623708724975586]"
20779.0,2011-12-01T00:00:00.000000000,"[0.7427744269371033, 0.601675808429718, 0.6419897675514221, 0.6621466875076294]","[0.4851267635822296, 0.5071176290512085, 0.5131322741508484, 0.5150288939476013]"
20779.0,2012-03-01T00:00:00.000000000,"[0.601675808429718, 0.6419897675514221, 0.6621466875076294, 0.5815188884735107]","[0.5221128463745117, 0.5453165173530579, 0.5516723394393921, 0.5539523363113403]"
20779.0,2012-06-01T00:00:00.000000000,"[0.6419897675514221, 0.6621466875076294, 0.5815188884735107, 0.6419897675514221]","[0.5152113437652588, 0.5373892188072205, 0.5435060262680054, 0.5469280481338501]"
20779.0,2012-09-01T00:00:00.000000000,"[0.6621466875076294, 0.5815188884735107, 0.6419897675514221, 0.722617506980896]","[0.5157289505004883, 0.537431001663208, 0.5434563159942627, 0.5479547381401062]"
20779.0,2012-12-01T00:00:00.000000000,"[0.5815188884735107, 0.6419897675514221, 0.722617506980896, 0.7427744269371033]","[0.5439740419387817, 0.5658705830574036, 0.5719393491744995, 0.5761996507644653]"
20779.0,2013-03-01T00:00:00.000000000,"[0.6419897675514221, 0.722617506980896, 0.7427744269371033, 0.7024605870246887]","[0.5707442164421082, 0.5927737951278687, 0.5988613367080688, 0.6026033759117126]"
62689.0,2006-06-01T00:00:00.000000000,"[2.9398815631866455, 4.310554504394531, 5.237773895263672, 4.149298667907715]","[3.407534599304199, 3.5335845947265625, 3.5692615509033203, 3.6145429611206055]"
62689.0,2006-09-01T00:00:00.000000000,"[4.310554504394531, 5.237773895263672, 4.149298667907715, 3.927572727203369]","[3.29280948638916, 3.414520025253296, 3.449246406555176, 3.501215934753418]"
62689.0,2006-12-01T00:00:00.000000000,"[5.237773895263672, 4.149298667907715, 3.927572727203369, 4.9555768966674805]","[3.2710471153259277, 3.3847503662109375, 3.417271852493286, 3.473395824432373]"
62689.0,2007-03-01T00:00:00.000000000,"[4.149298667907715, 3.927572727203369, 4.9555768966674805, 4.895106315612793]","[3.5345706939697266, 3.652193069458008, 3.685845136642456, 3.7376809120178223]"
62689.0,2007-06-01T00:00:00.000000000,"[3.927572727203369, 4.9555768966674805, 4.895106315612793, 3.746159791946411]","[3.9136464595794678, 4.042871475219727, 4.079248905181885, 4.119353294372559]"
62689.0,2007-09-01T00:00:00.000000000,"[4.9555768966674805, 4.895106315612793, 3.746159791946411, 3.4841196537017822]","[3.72074031829834, 3.8426451683044434, 3.8774633407592773, 3.9293770790100098]"
62689.0,2007-12-01T00:00:00.000000000,"[4.895106315612793, 3.746159791946411, 3.4841196537017822, 3.887258768081665]","[3.844240188598633, 3.970296621322632, 4.006312370300293, 4.059970378875732]"
62689.0,2008-03-01T00:00:00.000000000,"[3.746159791946411, 3.4841196537017822, 3.887258768081665, 5.499814510345459]","[4.136865615844727, 4.272709846496582, 4.311138153076172, 4.358320236206055]"
62689.0,2008-06-01T00:00:00.000000000,"[3.4841196537017822, 3.887258768081665, 5.499814510345459, 4.995891094207764]","[4.381368637084961, 4.524028301239014, 4.564038276672363, 4.603165149688721]"
62689.0,2008-09-01T00:00:00.000000000,"[3.887258768081665, 5.499814510345459, 4.995891094207764, 2.919724702835083]","[3.84797739982605, 3.972949266433716, 4.008965492248535, 4.072341442108154]"
62689.0,2008-12-01T00:00:00.000000000,"[5.499814510345459, 4.995891094207764, 2.919724702835083, 0.8838731646537781]","[3.9416661262512207, 4.069182395935059, 4.105804443359375, 4.167387962341309]"
62689.0,2009-03-01T00:00:00.000000000,"[4.995891094207764, 2.919724702835083, 0.8838731646537781, 3.6453752517700195]","[4.650276184082031, 4.801155090332031, 4.843355655670166, 4.882519721984863]"
62689.0,2009-06-01T00:00:00.000000000,"[2.919724702835083, 0.8838731646537781, 3.6453752517700195, 4.008200168609619]","[4.858006954193115, 5.015087127685547, 5.058810234069824, 5.0946502685546875]"
62689.0,2009-09-01T00:00:00.000000000,"[0.8838731646537781, 3.6453752517700195, 4.008200168609619, 2.697998523712158]","[4.7919840812683105, 4.945801258087158, 4.988778591156006, 5.027989387512207]"
62689.0,2009-12-01T00:00:00.000000000,"[3.6453752517700195, 4.008200168609619, 2.697998523712158, 4.1694560050964355]","[3.6906545162200928, 3.809767484664917, 3.846585750579834, 3.930665969848633]"
62689.0,2010-03-01T00:00:00.000000000,"[4.008200168609619, 2.697998523712158, 4.1694560050964355, 3.3430211544036865]","[3.3956823348999023, 3.5077099800109863, 3.5451340675354004, 3.6421830654144287]"
62689.0,2010-06-01T00:00:00.000000000,"[2.697998523712158, 4.1694560050964355, 3.3430211544036865, 4.754007339477539]","[3.853816509246826, 3.9710800647735596, 4.005486011505127, 4.08741569519043]"
62689.0,2010-09-01T00:00:00.000000000,"[4.1694560050964355, 3.3430211544036865, 4.754007339477539, 3.1212944984436035]","[3.5499961376190186, 3.6578471660614014, 3.6914806365966797, 3.785649538040161]"
62689.0,2010-12-01T00:00:00.000000000,"[3.3430211544036865, 4.754007339477539, 3.1212944984436035, 1.9320343732833862]","[3.811147451400757, 3.9213414192199707, 3.952847957611084, 4.0397047996521]"
62689.0,2011-03-01T00:00:00.000000000,"[4.754007339477539, 3.1212944984436035, 1.9320343732833862, 5.741697788238525]","[3.7875304222106934, 3.8982043266296387, 3.930558443069458, 4.018057346343994]"
62689.0,2011-06-01T00:00:00.000000000,"[3.1212944984436035, 1.9320343732833862, 5.741697788238525, 4.330711364746094]","[4.169485092163086, 4.290410995483398, 4.325721740722656, 4.400002479553223]"
62689.0,2011-09-01T00:00:00.000000000,"[1.9320343732833862, 5.741697788238525, 4.330711364746094, -1.3535481691360474]","[3.5523297786712646, 3.6492018699645996, 3.6778056621551514, 3.779451370239258]"
62689.0,2011-12-01T00:00:00.000000000,"[5.741697788238525, 4.330711364746094, -1.3535481691360474, 5.338558673858643]","[4.032415390014648, 4.148185729980469, 4.182297229766846, 4.262746810913086]"
62689.0,2012-03-01T00:00:00.000000000,"[4.330711364746094, -1.3535481691360474, 5.338558673858643, 8.946651458740234]","[4.272880554199219, 4.396378040313721, 4.43235969543457, 4.509369850158691]"
62689.0,2012-06-01T00:00:00.000000000,"[-1.3535481691360474, 5.338558673858643, 8.946651458740234, 4.552437782287598]","[4.189953804016113, 4.309848785400391, 4.345210075378418, 4.427800178527832]"
62689.0,2012-09-01T00:00:00.000000000,"[5.338558673858643, 8.946651458740234, 4.552437782287598, 6.0037384033203125]","[3.0478365421295166, 3.1591315269470215, 3.2136294841766357, 3.325225591659546]"
62689.0,2012-12-01T00:00:00.000000000,"[8.946651458740234, 4.552437782287598, 6.0037384033203125, 4.2903971672058105]","[4.349618911743164, 4.456803321838379, 4.487112998962402, 4.558073043823242]"
62689.0,2013-03-01T00:00:00.000000000,"[4.552437782287598, 6.0037384033203125, 4.2903971672058105, 9.531203269958496]","[5.150815010070801, 5.292231559753418, 5.3325910568237305, 5.392271995544434]"
64768.0,2006-06-01T00:00:00.000000000,"[-0.9776211380958557, -1.0461547374725342, -0.9050560593605042, -0.9625034332275391]","[-0.9297751784324646, -0.9277523159980774, -0.926603376865387, -0.9248223304748535]"
64768.0,2006-09-01T00:00:00.000000000,"[-1.0461547374725342, -0.9050560593605042, -0.9625034332275391, -0.9312601089477539]","[-0.9343029856681824, -0.9319270849227905, -0.9304734468460083, -0.9285485744476318]"
64768.0,2006-12-01T00:00:00.000000000,"[-0.9050560593605042, -0.9625034332275391, -0.9312601089477539, -0.9332758188247681]","[-0.94296795129776, -0.9397683143615723, -0.9377380013465881, -0.9352619051933289]"
64768.0,2007-03-01T00:00:00.000000000,"[-0.9625034332275391, -0.9312601089477539, -0.9332758188247681, -0.8496244549751282]","[-0.9360499978065491, -0.9334391951560974, -0.9320182800292969, -0.9295828342437744]"
64768.0,2007-06-01T00:00:00.000000000,"[-0.9312601089477539, -0.9332758188247681, -0.8496244549751282, -0.8425695300102234]","[-0.9423971176147461, -0.9392715096473694, -0.9373404383659363, -0.9348393678665161]"
64768.0,2007-09-01T00:00:00.000000000,"[-0.9332758188247681, -0.8496244549751282, -0.8425695300102234, -0.7710124254226685]","[-0.9390896558761597, -0.9362248182296753, -0.9345554709434509, -0.9320786595344543]"
64768.0,2007-12-01T00:00:00.000000000,"[-0.8496244549751282, -0.8425695300102234, -0.7710124254226685, -0.8980011940002441]","[-0.938552737236023, -0.935684859752655, -0.9340115785598755, -0.9315573573112488]"
64768.0,2008-03-01T00:00:00.000000000,"[-0.8425695300102234, -0.7710124254226685, -0.8980011940002441, -0.7952007055282593]","[-0.9203063249588013, -0.9183162450790405, -0.9177213311195374, -0.9153132438659668]"
64768.0,2008-06-01T00:00:00.000000000,"[-0.7710124254226685, -0.8980011940002441, -0.7952007055282593, -0.801247775554657]","[-0.9007085561752319, -0.8979871273040771, -0.8971936702728271, -0.895375669002533]"
64768.0,2008-09-01T00:00:00.000000000,"[-0.8980011940002441, -0.7952007055282593, -0.801247775554657, -0.9100952744483948]","[-0.889335572719574, -0.885993242263794, -0.8850294351577759, -0.8829997777938843]"
64768.0,2008-12-01T00:00:00.000000000,"[-0.7952007055282593, -0.801247775554657, -0.9100952744483948, -0.8980011940002441]","[-0.9019559025764465, -0.8990759253501892, -0.8982308506965637, -0.8956146836280823]"
64768.0,2009-03-01T00:00:00.000000000,"[-0.801247775554657, -0.9100952744483948, -0.8980011940002441, -0.7327141761779785]","[-0.8798246383666992, -0.8760507106781006, -0.8749487996101379, -0.8728885054588318]"
64768.0,2009-06-01T00:00:00.000000000,"[-0.9100952744483948, -0.8980011940002441, -0.7327141761779785, -0.6208431124687195]","[-0.8542050719261169, -0.8495248556137085, -0.848209798336029, -0.846876323223114]"
64768.0,2009-09-01T00:00:00.000000000,"[-0.8980011940002441, -0.7327141761779785, -0.6208431124687195, -0.4394305348396301]","[-0.8827487826347351, -0.8789947032928467, -0.8778924942016602, -0.8753318786621094]"
64768.0,2009-12-01T00:00:00.000000000,"[-0.7327141761779785, -0.6208431124687195, -0.4394305348396301, -0.37089696526527405]","[-0.9028995633125305, -0.8998848795890808, -0.8989827036857605, -0.8955169916152954]"
64768.0,2010-03-01T00:00:00.000000000,"[-0.6208431124687195, -0.4394305348396301, -0.37089696526527405, -0.3416694104671478]","[-0.8650091290473938, -0.8604269623756409, -0.859096109867096, -0.8565555810928345]"
64768.0,2010-06-01T00:00:00.000000000,"[-0.4394305348396301, -0.37089696526527405, -0.3416694104671478, -0.2358454018831253]","[-0.7968019843101501, -0.7893815636634827, -0.7873333692550659, -0.7862496376037598]"
64768.0,2010-09-01T00:00:00.000000000,"[-0.37089696526527405, -0.3416694104671478, -0.2358454018831253, -0.42431285977363586]","[-0.7665374875068665, -0.7568182945251465, -0.7540959119796753, -0.7515853643417358]"
64768.0,2010-12-01T00:00:00.000000000,"[-0.3416694104671478, -0.2358454018831253, -0.42431285977363586, -0.5240897536277771]","[-0.7560518980026245, -0.7448460459709167, -0.7416596412658691, -0.7369179725646973]"
64768.0,2011-03-01T00:00:00.000000000,"[-0.2358454018831253, -0.42431285977363586, -0.5240897536277771, -0.2983319163322449]","[-0.6855905055999756, -0.6711277961730957, -0.6670613288879395, -0.6629564166069031]"
64768.0,2011-06-01T00:00:00.000000000,"[-0.42431285977363586, -0.5240897536277771, -0.2983319163322449, -0.4454776644706726]","[-0.6184535622596741, -0.6007531881332397, -0.5958186388015747, -0.5917636752128601]"
64768.0,2011-09-01T00:00:00.000000000,"[-0.5240897536277771, -0.2983319163322449, -0.4454776644706726, 0.0876736119389534]","[-0.6154702305793762, -0.5975868105888367, -0.5926265120506287, -0.5873094201087952]"
64768.0,2011-12-01T00:00:00.000000000,"[-0.2983319163322449, -0.4454776644706726, 0.0876736119389534, 0.2962980568408966]","[-0.6320153474807739, -0.6146695613861084, -0.6097960472106934, -0.6029579043388367]"
64768.0,2012-03-01T00:00:00.000000000,"[-0.4454776644706726, 0.0876736119389534, 0.2962980568408966, 0.4696478545665741]","[-0.6072863340377808, -0.5885820388793945, -0.5832456946372986, -0.575700044631958]"
64768.0,2012-06-01T00:00:00.000000000,"[0.0876736119389534, 0.2962980568408966, 0.4696478545665741, 0.6409818530082703]","[-0.5518868565559387, -0.5318182110786438, -0.5263621807098389, -0.5200700759887695]"
64768.0,2012-09-01T00:00:00.000000000,"[0.2962980568408966, 0.4696478545665741, 0.6409818530082703, 0.5734560489654541]","[-0.45211997628211975, -0.4274807572364807, -0.4208065867424011, -0.4147998094558716]"
64768.0,2012-12-01T00:00:00.000000000,"[0.4696478545665741, 0.6409818530082703, 0.5734560489654541, -0.3336066007614136]","[-0.35545894503593445, -0.326151579618454, -0.3182521462440491, -0.3114567995071411]"
64768.0,2013-03-01T00:00:00.000000000,"[0.6409818530082703, 0.5734560489654541, -0.3336066007614136, -0.36585772037506104]","[-0.25256937742233276, -0.2181990146636963, -0.20892739295959473, -0.201120525598526]"
117768.0,2006-03-01T00:00:00.000000000,"[-0.8445852398872375, -0.8395459651947021, -0.794192910194397, -0.7740359306335449]","[-0.853136420249939, -0.849303662776947, -0.8479107022285461, -0.8434027433395386]"
117768.0,2006-06-01T00:00:00.000000000,"[-0.8395459651947021, -0.794192910194397, -0.7740359306335449, -0.8294675350189209]","[-0.8589689135551453, -0.8547846078872681, -0.8529676198959351, -0.8483713269233704]"
117768.0,2006-09-01T00:00:00.000000000,"[-0.794192910194397, -0.7740359306335449, -0.8294675350189209, -0.8647422194480896]","[-0.8556157946586609, -0.8514834642410278, -0.8497737646102905, -0.8452713489532471]"
117768.0,2007-03-01T00:00:00.000000000,"[-0.7740359306335449, -0.8294675350189209, -0.8647422194480896, -0.7286827564239502]","[-0.8294497132301331, -0.8253619074821472, -0.8241464495658875, -0.8203701972961426]"
117768.0,2007-06-01T00:00:00.000000000,"[-0.8294675350189209, -0.8647422194480896, -0.7286827564239502, -0.7740359306335449]","[-0.815138578414917, -0.8106005191802979, -0.8092554211616516, -0.8059258460998535]"
117768.0,2007-09-01T00:00:00.000000000,"[-0.8647422194480896, -0.7286827564239502, -0.7740359306335449, -0.7841143608093262]","[-0.8213704228401184, -0.8171210289001465, -0.8158749341964722, -0.8122239708900452]"
117768.0,2007-12-01T00:00:00.000000000,"[-0.7286827564239502, -0.7740359306335449, -0.7841143608093262, -0.7488397359848022]","[-0.8275015950202942, -0.8234705924987793, -0.8222953677177429, -0.818376362323761]"
117768.0,2008-03-01T00:00:00.000000000,"[-0.7740359306335449, -0.7841143608093262, -0.7488397359848022, -0.5271133184432983]","[-0.7841290831565857, -0.7785727381706238, -0.776986300945282, -0.7746224999427795]"
117768.0,2008-06-01T00:00:00.000000000,"[-0.7841143608093262, -0.7488397359848022, -0.5271133184432983, -0.4515247344970703]","[-0.7870342135429382, -0.7815740704536438, -0.7800091505050659, -0.7775294780731201]"
117768.0,2008-09-01T00:00:00.000000000,"[-0.7488397359848022, -0.5271133184432983, -0.4515247344970703, -0.552309513092041]","[-0.7811368703842163, -0.7754838466644287, -0.7738742232322693, -0.7715839743614197]"
117768.0,2008-12-01T00:00:00.000000000,"[-0.5271133184432983, -0.4515247344970703, -0.552309513092041, -0.4867993891239166]","[-0.8070805668830872, -0.8023296594619751, -0.8009740114212036, -0.7974427938461304]"
117768.0,2009-03-01T00:00:00.000000000,"[-0.4515247344970703, -0.552309513092041, -0.4867993891239166, -0.280190646648407]","[-0.72754967212677, -0.7194610238075256, -0.7172243595123291, -0.7158158421516418]"
117768.0,2009-06-01T00:00:00.000000000,"[-0.552309513092041, -0.4867993891239166, -0.280190646648407, -0.1592489629983902]","[-0.684126615524292, -0.6738113760948181, -0.6709609627723694, -0.6697902679443359]"
117768.0,2009-09-01T00:00:00.000000000,"[-0.4867993891239166, -0.280190646648407, -0.1592489629983902, 0.08263437449932098]","[-0.6682001352310181, -0.657049298286438, -0.6539654731750488, -0.6525838971138]"
117768.0,2009-12-01T00:00:00.000000000,"[-0.280190646648407, -0.1592489629983902, 0.08263437449932098, 0.027202820405364037]","[-0.6491387486457825, -0.6370333433151245, -0.6336909532546997, -0.6318105459213257]"
117768.0,2010-03-01T00:00:00.000000000,"[-0.1592489629983902, 0.08263437449932098, 0.027202820405364037, -0.023189563304185867]","[-0.6138507127761841, -0.5995715856552124, -0.5956084132194519, -0.5926616191864014]"
117768.0,2010-06-01T00:00:00.000000000,"[0.08263437449932098, 0.027202820405364037, -0.023189563304185867, -0.5472702980041504]","[-0.572110652923584, -0.5559796094894409, -0.5516006946563721, -0.5474401712417603]"
117768.0,2010-09-01T00:00:00.000000000,"[0.027202820405364037, -0.023189563304185867, -0.5472702980041504, -0.5069563388824463]","[-0.49608269333839417, -0.4760516583919525, -0.4706360697746277, -0.46529924869537354]"
117768.0,2010-12-01T00:00:00.000000000,"[-0.023189563304185867, -0.5472702980041504, -0.5069563388824463, -0.3255438208580017]","[-0.42845413088798523, -0.405383437871933, -0.39915066957473755, -0.3934051990509033]"
117768.0,2011-03-01T00:00:00.000000000,"[-0.5472702980041504, -0.5069563388824463, -0.3255438208580017, -0.05342501774430275]","[-0.3780116140842438, -0.35273924469947815, -0.34587863087654114, -0.3397166430950165]"
117768.0,2011-06-01T00:00:00.000000000,"[-0.5069563388824463, -0.3255438208580017, -0.05342501774430275, 0.002006598049774766]","[-0.4038417339324951, -0.37940236926078796, -0.3725922405719757, -0.3650764524936676]"
117768.0,2011-09-01T00:00:00.000000000,"[-0.3255438208580017, -0.05342501774430275, 0.002006598049774766, -0.043346554040908813]","[-0.47198909521102905, -0.44747012853622437, -0.4391409754753113, -0.42913299798965454]"
117768.0,2011-12-01T00:00:00.000000000,"[-0.05342501774430275, 0.002006598049774766, -0.043346554040908813, 0.14814451336860657]","[-0.43828630447387695, -0.4147629141807556, -0.4076143503189087, -0.39765745401382446]"
117768.0,2012-03-01T00:00:00.000000000,"[0.002006598049774766, -0.043346554040908813, 0.14814451336860657, 0.5160088539123535]","[-0.334611177444458, -0.3088800609111786, -0.3018728494644165, -0.29398325085639954]"
117768.0,2012-06-01T00:00:00.000000000,"[-0.043346554040908813, 0.14814451336860657, 0.5160088539123535, 0.6117542386054993]","[-0.260128378868103, -0.2318393886089325, -0.22417092323303223, -0.2173711359500885]"
117768.0,2012-09-01T00:00:00.000000000,"[0.14814451336860657, 0.5160088539123535, 0.6117542386054993, 0.8939516544342041]","[-0.2243606150150299, -0.19500702619552612, -0.18704187870025635, -0.1800568401813507]"
117768.0,2012-12-01T00:00:00.000000000,"[0.5160088539123535, 0.6117542386054993, 0.8939516544342041, 1.1459133625030518]","[-0.18206650018692017, -0.1511637270450592, -0.14277848601341248, -0.13508278131484985]"
117768.0,2013-03-01T00:00:00.000000000,"[0.6117542386054993, 0.8939516544342041, 1.1459133625030518, 1.4079537391662598]","[-0.09170478582382202, -0.05676954984664917, -0.04728218913078308, -0.039033323526382446]"
157855.0,2006-06-01T00:00:00.000000000,"[-0.7286827564239502, -0.6883689165115356, -0.6682119965553284, -0.6682119965553284]","[-0.773067057132721, -0.7665163278579712, -0.7646998167037964, -0.762872040271759]"
157855.0,2006-09-01T00:00:00.000000000,"[-0.6883689165115356, -0.6682119965553284, -0.6682119965553284, -0.6278980374336243]","[-0.7574319839477539, -0.7504518032073975, -0.7485130429267883, -0.7470331192016602]"
157855.0,2006-12-01T00:00:00.000000000,"[-0.6682119965553284, -0.6682119965553284, -0.6278980374336243, -0.5674272179603577]","[-0.737046480178833, -0.7294683456420898, -0.7273804545402527, -0.7262901067733765]"
157855.0,2007-03-01T00:00:00.000000000,"[-0.6682119965553284, -0.6278980374336243, -0.5674272179603577, -0.5271133184432983]","[-0.7225385904312134, -0.7145324945449829, -0.7123319506645203, -0.7113208770751953]"
157855.0,2007-06-01T00:00:00.000000000,"[-0.6278980374336243, -0.5674272179603577, -0.5271133184432983, -0.5674272179603577]","[-0.7139633297920227, -0.7057636976242065, -0.703506350517273, -0.7023751139640808]"
157855.0,2007-09-01T00:00:00.000000000,"[-0.5674272179603577, -0.5271133184432983, -0.5674272179603577, -0.46664246916770935]","[-0.6982849836349487, -0.6896277070045471, -0.6872478723526001, -0.6861526966094971]"
157855.0,2007-12-01T00:00:00.000000000,"[-0.5271133184432983, -0.5674272179603577, -0.46664246916770935, -0.46664246916770935]","[-0.6702642440795898, -0.6606160402297974, -0.6579755544662476, -0.6571575403213501]"
157855.0,2008-03-01T00:00:00.000000000,"[-0.5674272179603577, -0.46664246916770935, -0.46664246916770935, -0.46664246916770935]","[-0.6457841992378235, -0.6352216005325317, -0.6323308944702148, -0.6315014362335205]"
157855.0,2008-06-01T00:00:00.000000000,"[-0.46664246916770935, -0.46664246916770935, -0.46664246916770935, -0.3860146701335907]","[-0.6387250423431396, -0.6279911994934082, -0.6250435709953308, -0.6237956881523132]"
157855.0,2008-09-01T00:00:00.000000000,"[-0.46664246916770935, -0.46664246916770935, -0.3860146701335907, -0.3860146701335907]","[-0.6125515699386597, -0.6008081436157227, -0.5975843667984009, -0.5962353944778442]"
157855.0,2008-12-01T00:00:00.000000000,"[-0.46664246916770935, -0.3860146701335907, -0.3860146701335907, -0.28522989153862]","[-0.5886367559432983, -0.576145589351654, -0.5727185606956482, -0.5713464021682739]"
157855.0,2009-03-01T00:00:00.000000000,"[-0.3860146701335907, -0.3860146701335907, -0.28522989153862, -0.1642882525920868]","[-0.569990336894989, -0.5569851994514465, -0.5534133911132812, -0.5518949031829834]"
157855.0,2009-06-01T00:00:00.000000000,"[-0.3860146701335907, -0.28522989153862, -0.1642882525920868, -0.24491602182388306]","[-0.55106520652771, -0.5373891592025757, -0.533620297908783, -0.5316122770309448]"
157855.0,2009-09-01T00:00:00.000000000,"[-0.28522989153862, -0.1642882525920868, -0.24491602182388306, 0.5412049889564514]","[-0.5261543989181519, -0.5117039680480957, -0.5077235698699951, -0.5056148767471313]"
157855.0,2009-12-01T00:00:00.000000000,"[-0.1642882525920868, -0.24491602182388306, 0.5412049889564514, 0.11790899932384491]","[-0.49272584915161133, -0.47704875469207764, -0.4727329909801483, -0.47043052315711975]"
157855.0,2010-03-01T00:00:00.000000000,"[-0.24491602182388306, 0.5412049889564514, 0.11790899932384491, 0.2791646718978882]","[-0.44726207852363586, -0.4297538697719574, -0.4249485433101654, -0.4223850965499878]"
157855.0,2010-06-01T00:00:00.000000000,"[0.5412049889564514, 0.11790899932384491, 0.2791646718978882, 0.4605771601200104]","[-0.42224064469337463, -0.40401941537857056, -0.3990459740161896, -0.39606672525405884]"
157855.0,2010-09-01T00:00:00.000000000,"[0.11790899932384491, 0.2791646718978882, 0.4605771601200104, 0.9241870045661926]","[-0.27873244881629944, -0.2526135742664337, -0.24551892280578613, -0.24123284220695496]"
157855.0,2010-12-01T00:00:00.000000000,"[0.2791646718978882, 0.4605771601200104, 0.9241870045661926, 0.3799494504928589]","[-0.2391209602355957, -0.21151623129844666, -0.2040998339653015, -0.19867461919784546]"
157855.0,2011-03-01T00:00:00.000000000,"[0.4605771601200104, 0.9241870045661926, 0.3799494504928589, 0.5613619089126587]","[-0.18264532089233398, -0.1526285707950592, -0.1445518136024475, -0.13809838891029358]"
157855.0,2011-06-01T00:00:00.000000000,"[0.9241870045661926, 0.3799494504928589, 0.5613619089126587, 0.3799494504928589]","[-0.12378746271133423, -0.09089842438697815, -0.08195286989212036, -0.07387357950210571]"
157855.0,2011-09-01T00:00:00.000000000,"[0.3799494504928589, 0.5613619089126587, 0.3799494504928589, 0.4605771601200104]","[0.038108378648757935, 0.07836410403251648, 0.08918645977973938, 0.09727725386619568]"
157855.0,2011-12-01T00:00:00.000000000,"[0.5613619089126587, 0.3799494504928589, 0.4605771601200104, 1.9521914720535278]","[0.07483574748039246, 0.11623886227607727, 0.1273857057094574, 0.1366409957408905]"
157855.0,2012-03-01T00:00:00.000000000,"[0.3799494504928589, 0.4605771601200104, 1.9521914720535278, 2.5569000244140625]","[0.10598832368850708, 0.14911389350891113, 0.16105026006698608, 0.1722138524055481]"
157855.0,2012-06-01T00:00:00.000000000,"[0.4605771601200104, 1.9521914720535278, 2.5569000244140625, 1.1459133625030518]","[0.11334016919136047, 0.15710636973381042, 0.16968151926994324, 0.1825660765171051]"
157855.0,2012-09-01T00:00:00.000000000,"[1.9521914720535278, 2.5569000244140625, 1.1459133625030518, 1.488581657409668]","[0.1943315863609314, 0.23918241262435913, 0.25140219926834106, 0.26361513137817383]"
157855.0,2012-12-01T00:00:00.000000000,"[2.5569000244140625, 1.1459133625030518, 1.488581657409668, 2.0328192710876465]","[0.46773967146873474, 0.5254940986633301, 0.5410505533218384, 0.5533699989318848]"
157855.0,2013-03-01T00:00:00.000000000,"[1.1459133625030518, 1.488581657409668, 2.0328192710876465, 1.6095231771469116]","[0.7623545527458191, 0.8348711729049683, 0.8543907403945923, 0.8685147762298584]"
179534.0,2009-03-01T00:00:00.000000000,"[0.7830883860588074, 0.7830883860588074, 0.8637161254882812, 1.22654128074646]","[0.42138198018074036, 0.46083179116249084, 0.471700519323349, 0.47741881012916565]"
179534.0,2009-06-01T00:00:00.000000000,"[0.7830883860588074, 0.8637161254882812, 1.22654128074646, 1.2870121002197266]","[0.5014654994010925, 0.5428972244262695, 0.5542727708816528, 0.559205174446106]"
179534.0,2009-09-01T00:00:00.000000000,"[0.8637161254882812, 1.22654128074646, 1.2870121002197266, 1.468424677848816]","[0.5521318912506104, 0.5944690108299255, 0.6061009168624878, 0.6112627387046814]"
179534.0,2009-12-01T00:00:00.000000000,"[1.22654128074646, 1.2870121002197266, 1.468424677848816, 1.488581657409668]","[0.5868911743164062, 0.6295524835586548, 0.6413080096244812, 0.6474810838699341]"
179534.0,2010-03-01T00:00:00.000000000,"[1.2870121002197266, 1.468424677848816, 1.488581657409668, 1.6699939966201782]","[0.6768257021903992, 0.7225905656814575, 0.7351998090744019, 0.7418635487556458]"
179534.0,2010-06-01T00:00:00.000000000,"[1.468424677848816, 1.488581657409668, 1.6699939966201782, 1.6901509761810303]","[0.7902703881263733, 0.8395787477493286, 0.8531202673912048, 0.8590841293334961]"
179534.0,2010-09-01T00:00:00.000000000,"[1.488581657409668, 1.6699939966201782, 1.6901509761810303, 1.811092734336853]","[0.9007474780082703, 0.9535227417945862, 0.9680056571960449, 0.9739051461219788]"
179534.0,2010-12-01T00:00:00.000000000,"[1.6699939966201782, 1.6901509761810303, 1.811092734336853, 2.012662410736084]","[0.9670104384422302, 1.0215585231781006, 1.0365709066390991, 1.0439199209213257]"
179534.0,2011-03-01T00:00:00.000000000,"[1.6901509761810303, 1.811092734336853, 2.012662410736084, 1.9925053119659424]","[1.047867774963379, 1.1051790714263916, 1.1209871768951416, 1.129892349243164]"
179534.0,2011-06-01T00:00:00.000000000,"[1.811092734336853, 2.012662410736084, 1.9925053119659424, 1.831249713897705]","[1.145509958267212, 1.2056448459625244, 1.2222256660461426, 1.2315027713775635]"
179534.0,2011-09-01T00:00:00.000000000,"[2.012662410736084, 1.9925053119659424, 1.831249713897705, 1.2063844203948975]","[1.2532352209091187, 1.3164268732070923, 1.3338375091552734, 1.3432155847549438]"
179534.0,2011-12-01T00:00:00.000000000,"[1.9925053119659424, 1.831249713897705, 1.2063844203948975, 1.3071690797805786]","[1.3469651937484741, 1.4129576683044434, 1.4311507940292358, 1.4418766498565674]"
179534.0,2012-03-01T00:00:00.000000000,"[1.831249713897705, 1.2063844203948975, 1.3071690797805786, 1.9118773937225342]","[1.4235100746154785, 1.4915320873260498, 1.5103209018707275, 1.5225565433502197]"
179534.0,2012-06-01T00:00:00.000000000,"[1.2063844203948975, 1.3071690797805786, 1.9118773937225342, 1.831249713897705]","[1.4834544658660889, 1.5522511005401611, 1.5712683200836182, 1.5844976902008057]"
179534.0,2012-09-01T00:00:00.000000000,"[1.3071690797805786, 1.9118773937225342, 1.831249713897705, 2.052976369857788]","[1.4773104190826416, 1.5439236164093018, 1.562404751777649, 1.5769075155258179]"
179534.0,2012-12-01T00:00:00.000000000,"[1.9118773937225342, 1.831249713897705, 2.052976369857788, 2.315016269683838]","[1.4551749229431152, 1.5189173221588135, 1.5366642475128174, 1.5532374382019043]"
179534.0,2013-03-01T00:00:00.000000000,"[1.831249713897705, 2.052976369857788, 2.315016269683838, 2.697998523712158]","[1.5769236087799072, 1.6434102058410645, 1.6618967056274414, 1.6764650344848633]"
