GVKEY,TGT_START,GROUND_TRUTH,PREDICTIONS
1161.0,2006-06-01T00:00:00.000000000,"[-0.6567366123199463, -0.6347345113754272, -0.7007409334182739, -0.898760199546814]","[-0.6832517385482788, -0.6805127263069153, -0.6449810862541199, -0.6625771522521973]"
1161.0,2006-09-01T00:00:00.000000000,"[-0.6347345113754272, -0.7007409334182739, -0.898760199546814, -1.0747772455215454]","[-0.5304790735244751, -0.486776202917099, -0.4148623049259186, -0.20486027002334595]"
1161.0,2006-12-01T00:00:00.000000000,"[-0.7007409334182739, -0.898760199546814, -1.0747772455215454, -1.0747772455215454]","[-0.5231263637542725, -0.5751846432685852, -0.508855938911438, -0.3410857915878296]"
1161.0,2007-03-01T00:00:00.000000000,"[-0.898760199546814, -1.0747772455215454, -1.0747772455215454, -0.920762300491333]","[-0.7112663984298706, -0.6376805305480957, -0.5602786540985107, -0.2646614909172058]"
1161.0,2007-06-01T00:00:00.000000000,"[-1.0747772455215454, -1.0747772455215454, -0.920762300491333, -0.9647666215896606]","[-0.4089445173740387, -0.434418261051178, -0.26890116930007935, -0.6085093021392822]"
1161.0,2007-09-01T00:00:00.000000000,"[-1.0747772455215454, -0.920762300491333, -0.9647666215896606, -0.8107516169548035]","[-0.6561841368675232, -0.6003029346466064, -0.5186076164245605, -0.2561168074607849]"
1161.0,2007-12-01T00:00:00.000000000,"[-0.920762300491333, -0.9647666215896606, -0.8107516169548035, -0.6347345113754272]","[-0.6163892149925232, -1.1803486347198486, -1.0498114824295044, -0.7348611354827881]"
1161.0,2008-03-01T00:00:00.000000000,"[-0.9647666215896606, -0.8107516169548035, -0.6347345113754272, -0.722743034362793]","[-0.8400659561157227, -0.7547359466552734, -0.6740307807922363, -0.3424222469329834]"
1161.0,2008-06-01T00:00:00.000000000,"[-0.8107516169548035, -0.6347345113754272, -0.722743034362793, -0.7887494564056396]","[-0.6666944622993469, -0.6724399924278259, -0.6007032990455627, -0.7155669331550598]"
1161.0,2008-09-01T00:00:00.000000000,"[-0.6347345113754272, -0.722743034362793, -0.7887494564056396, -0.6567366123199463]","[-0.6671662926673889, -0.639039158821106, -0.5915185809135437, -0.45826444029808044]"
1161.0,2008-12-01T00:00:00.000000000,"[-0.722743034362793, -0.7887494564056396, -0.6567366123199463, -0.48071953654289246]","[-0.6462011933326721, -1.2331998348236084, -1.1366674900054932, -0.9291136264801025]"
1161.0,2009-03-01T00:00:00.000000000,"[-0.7887494564056396, -0.6567366123199463, -0.48071953654289246, -0.5247237682342529]","[-0.7613092064857483, -0.7101365923881531, -0.6644710302352905, -0.47604408860206604]"
1161.0,2009-06-01T00:00:00.000000000,"[-0.6567366123199463, -0.48071953654289246, -0.5247237682342529, -0.45871737599372864]","[-0.6658931374549866, -0.662962794303894, -0.6323331594467163, -0.6547420024871826]"
1161.0,2009-09-01T00:00:00.000000000,"[-0.48071953654289246, -0.5247237682342529, -0.45871737599372864, -0.39271095395088196]","[-0.5704829096794128, -0.5552974343299866, -0.5618741512298584, -0.5510476231575012]"
1161.0,2009-12-01T00:00:00.000000000,"[-0.5247237682342529, -0.45871737599372864, -0.39271095395088196, -0.4147131145000458]","[-0.4016731083393097, -0.6248652935028076, -0.5833449959754944, -0.5228657126426697]"
1161.0,2010-03-01T00:00:00.000000000,"[-0.45871737599372864, -0.39271095395088196, -0.4147131145000458, -0.5247237682342529]","[-0.6570394039154053, -0.6001361012458801, -0.5513906478881836, -0.33904150128364563]"
1161.0,2010-06-01T00:00:00.000000000,"[-0.39271095395088196, -0.4147131145000458, -0.5247237682342529, -0.5687280893325806]","[-0.5084440112113953, -0.6025357842445374, -0.5279476046562195, -0.5152861475944519]"
1161.0,2010-09-01T00:00:00.000000000,"[-0.4147131145000458, -0.5247237682342529, -0.5687280893325806, -0.5247237682342529]","[-0.6050575971603394, -0.5962873101234436, -0.5864092707633972, -0.5644991993904114]"
1161.0,2010-12-01T00:00:00.000000000,"[-0.5247237682342529, -0.5687280893325806, -0.5247237682342529, -0.30470237135887146]","[-0.5395089983940125, -0.5893471240997314, -0.5762598514556885, -0.5418476462364197]"
1161.0,2011-03-01T00:00:00.000000000,"[-0.5687280893325806, -0.5247237682342529, -0.30470237135887146, 0.003327556187286973]","[-0.5979070067405701, -0.5910489559173584, -0.578030526638031, -0.5432243347167969]"
1161.0,2011-06-01T00:00:00.000000000,"[-0.5247237682342529, -0.30470237135887146, 0.003327556187286973, -0.30470237135887146]","[-0.5918041467666626, -0.5939022302627563, -0.5848745703697205, -0.588275671005249]"
1161.0,2011-09-01T00:00:00.000000000,"[-0.30470237135887146, 0.003327556187286973, -0.30470237135887146, -0.30470237135887146]","[-0.5866484642028809, -0.5892073512077332, -0.5766077041625977, -0.5882118344306946]"
1161.0,2011-12-01T00:00:00.000000000,"[0.003327556187286973, -0.30470237135887146, -0.30470237135887146, 0.20134682953357697]","[-0.5490396618843079, -0.5345731973648071, -0.4960799217224121, -0.45496758818626404]"
1161.0,2012-03-01T00:00:00.000000000,"[-0.30470237135887146, -0.30470237135887146, 0.20134682953357697, 0.44337034225463867]","[-0.46866869926452637, -0.40641194581985474, -0.4012313783168793, -0.35351717472076416]"
1161.0,2012-06-01T00:00:00.000000000,"[-0.30470237135887146, 0.20134682953357697, 0.44337034225463867, 0.44337034225463867]","[-0.46978461742401123, -0.387005478143692, -0.4730537533760071, -0.5698062181472778]"
1161.0,2012-09-01T00:00:00.000000000,"[0.20134682953357697, 0.44337034225463867, 0.44337034225463867, 0.6853939294815063]","[-0.4354764521121979, -0.3335323631763458, -0.44712477922439575, -0.5326117277145386]"
1161.0,2012-12-01T00:00:00.000000000,"[0.44337034225463867, 0.44337034225463867, 0.6853939294815063, 0.9054153561592102]","[0.059891700744628906, -0.21183964610099792, -0.20096153020858765, -0.13487085700035095]"
1161.0,2013-03-01T00:00:00.000000000,"[0.44337034225463867, 0.6853939294815063, 0.9054153561592102, 1.323456048965454]","[-0.014688551425933838, -0.0841602087020874, -0.11988911032676697, 0.02360910177230835]"
1300.0,2006-06-01T00:00:00.000000000,"[2.335554361343384, 2.533573627471924, 2.4455649852752686, 2.4015607833862305]","[2.116745710372925, 2.1505000591278076, 2.1713013648986816, 2.0441441535949707]"
1300.0,2006-09-01T00:00:00.000000000,"[2.533573627471924, 2.4455649852752686, 2.4015607833862305, 2.621582269668579]","[2.417494058609009, 2.42435359954834, 2.1499361991882324, 2.3102591037750244]"
1300.0,2006-12-01T00:00:00.000000000,"[2.4455649852752686, 2.4015607833862305, 2.621582269668579, 2.819601535797119]","[2.530156373977661, 2.138855218887329, 2.272754669189453, 2.395843982696533]"
1300.0,2007-03-01T00:00:00.000000000,"[2.4015607833862305, 2.621582269668579, 2.819601535797119, 2.775597333908081]","[1.958686351776123, 2.190492630004883, 2.1902947425842285, 2.246039390563965]"
1300.0,2007-06-01T00:00:00.000000000,"[2.621582269668579, 2.819601535797119, 2.775597333908081, 2.665586471557617]","[2.3939642906188965, 2.418163299560547, 2.377979278564453, 2.2004482746124268]"
1300.0,2007-09-01T00:00:00.000000000,"[2.819601535797119, 2.775597333908081, 2.665586471557617, 2.9516141414642334]","[2.730797290802002, 2.6591382026672363, 2.395631790161133, 2.5235977172851562]"
1300.0,2007-12-01T00:00:00.000000000,"[2.775597333908081, 2.665586471557617, 2.9516141414642334, 2.819601535797119]","[2.806446075439453, 2.3732059001922607, 2.5078563690185547, 2.6192879676818848]"
1300.0,2008-03-01T00:00:00.000000000,"[2.665586471557617, 2.9516141414642334, 2.819601535797119, 3.127631425857544]","[2.2247025966644287, 2.5066919326782227, 2.429199695587158, 2.4243998527526855]"
1300.0,2008-06-01T00:00:00.000000000,"[2.9516141414642334, 2.819601535797119, 3.127631425857544, 2.9516141414642334]","[2.6161880493164062, 2.659611225128174, 2.595186471939087, 2.3173766136169434]"
1300.0,2008-09-01T00:00:00.000000000,"[2.819601535797119, 3.127631425857544, 2.9516141414642334, 3.259644031524658]","[2.993929862976074, 2.958549976348877, 2.64129638671875, 2.6870906352996826]"
1300.0,2008-12-01T00:00:00.000000000,"[3.127631425857544, 2.9516141414642334, 3.259644031524658, 3.1496336460113525]","[2.9435620307922363, 2.4902632236480713, 2.656994581222534, 2.6535415649414062]"
1300.0,2009-03-01T00:00:00.000000000,"[2.9516141414642334, 3.259644031524658, 3.1496336460113525, 3.369654893875122]","[2.565849781036377, 2.8595361709594727, 2.7784171104431152, 2.684948444366455]"
1300.0,2009-06-01T00:00:00.000000000,"[3.259644031524658, 3.1496336460113525, 3.369654893875122, 3.5896763801574707]","[2.908217430114746, 2.9001173973083496, 3.00018048286438, 2.6042346954345703]"
1300.0,2009-09-01T00:00:00.000000000,"[3.1496336460113525, 3.369654893875122, 3.5896763801574707, 3.8096976280212402]","[3.20220685005188, 3.3734450340270996, 2.978455066680908, 2.995145797729492]"
1300.0,2009-12-01T00:00:00.000000000,"[3.369654893875122, 3.5896763801574707, 3.8096976280212402, 3.765693426132202]","[3.2387237548828125, 2.807149648666382, 2.967827796936035, 2.965606927871704]"
1300.0,2010-03-01T00:00:00.000000000,"[3.5896763801574707, 3.8096976280212402, 3.765693426132202, 3.5016677379608154]","[2.9363746643066406, 3.2772397994995117, 3.147800922393799, 3.038299083709717]"
1300.0,2010-06-01T00:00:00.000000000,"[3.8096976280212402, 3.765693426132202, 3.5016677379608154, 3.523669719696045]","[3.3889613151550293, 3.5119214057922363, 3.4370179176330566, 3.0598227977752686]"
1300.0,2010-09-01T00:00:00.000000000,"[3.765693426132202, 3.5016677379608154, 3.523669719696045, 3.919708251953125]","[3.586754322052002, 3.779083251953125, 3.411773204803467, 3.414149761199951]"
1300.0,2010-12-01T00:00:00.000000000,"[3.5016677379608154, 3.523669719696045, 3.919708251953125, 3.875704050064087]","[3.6676602363586426, 3.4149138927459717, 3.51961612701416, 3.3996686935424805]"
1300.0,2011-03-01T00:00:00.000000000,"[3.523669719696045, 3.919708251953125, 3.875704050064087, 3.831699848175049]","[3.3019399642944336, 3.5744469165802, 3.4734644889831543, 3.227431297302246]"
1300.0,2011-06-01T00:00:00.000000000,"[3.919708251953125, 3.875704050064087, 3.831699848175049, 4.161732196807861]","[3.559088706970215, 3.652754783630371, 3.565049648284912, 3.293278217315674]"
1300.0,2011-09-01T00:00:00.000000000,"[3.875704050064087, 3.831699848175049, 4.161732196807861, 2.071528673171997]","[3.7320668697357178, 3.799241065979004, 3.662959575653076, 3.671100616455078]"
1300.0,2011-12-01T00:00:00.000000000,"[3.831699848175049, 4.161732196807861, 2.071528673171997, 2.7315926551818848]","[3.692995548248291, 3.712705135345459, 3.7895123958587646, 3.7508349418640137]"
1300.0,2012-03-01T00:00:00.000000000,"[4.161732196807861, 2.071528673171997, 2.7315926551818848, 3.8537018299102783]","[3.6133313179016113, 3.970240354537964, 3.840566635131836, 3.6587886810302734]"
1300.0,2012-06-01T00:00:00.000000000,"[2.071528673171997, 2.7315926551818848, 3.8537018299102783, 3.523669719696045]","[4.193177223205566, 4.215535640716553, 3.9746224880218506, 3.9444823265075684]"
1300.0,2012-09-01T00:00:00.000000000,"[2.7315926551818848, 3.8537018299102783, 3.523669719696045, 3.7436912059783936]","[3.226289749145508, 3.1171817779541016, 3.3159704208374023, 3.2320797443389893]"
1300.0,2012-12-01T00:00:00.000000000,"[3.8537018299102783, 3.523669719696045, 3.7436912059783936, 3.7436912059783936]","[3.165952205657959, 3.26945161819458, 3.405122756958008, 3.4560842514038086]"
1300.0,2013-03-01T00:00:00.000000000,"[3.523669719696045, 3.7436912059783936, 3.7436912059783936, 3.8977060317993164]","[3.915701389312744, 3.626986503601074, 3.9052302837371826, 4.037393569946289]"
1440.0,2006-06-01T00:00:00.000000000,"[1.0594303607940674, 1.5214751958847046, 0.35536178946495056, 2.115532875061035]","[1.193731427192688, 1.9269037246704102, 1.1267731189727783, 1.6397420167922974]"
1440.0,2006-09-01T00:00:00.000000000,"[1.5214751958847046, 0.35536178946495056, 2.115532875061035, 1.2354472875595093]","[1.7017652988433838, 0.8931614756584167, 1.0222012996673584, 1.1349759101867676]"
1440.0,2006-12-01T00:00:00.000000000,"[0.35536178946495056, 2.115532875061035, 1.2354472875595093, 1.6314857006072998]","[0.8813047409057617, 1.1083956956863403, 1.1251035928726196, 1.6981616020202637]"
1440.0,2007-03-01T00:00:00.000000000,"[2.115532875061035, 1.2354472875595093, 1.6314857006072998, 0.35536178946495056]","[0.778847336769104, 0.8688976168632507, 1.119318962097168, 0.8274431228637695]"
1440.0,2007-06-01T00:00:00.000000000,"[1.2354472875595093, 1.6314857006072998, 0.35536178946495056, 1.5434772968292236]","[1.2957022190093994, 2.2214651107788086, 1.1947137117385864, 1.8184294700622559]"
1440.0,2007-09-01T00:00:00.000000000,"[1.6314857006072998, 0.35536178946495056, 1.5434772968292236, 1.3894624710083008]","[1.8852075338363647, 0.8905760049819946, 1.0325438976287842, 1.2063508033752441]"
1440.0,2007-12-01T00:00:00.000000000,"[0.35536178946495056, 1.5434772968292236, 1.3894624710083008, 2.1595370769500732]","[0.9022583961486816, 1.1362648010253906, 1.1835764646530151, 1.8193516731262207]"
1440.0,2008-03-01T00:00:00.000000000,"[1.5434772968292236, 1.3894624710083008, 2.1595370769500732, 0.7734025120735168]","[0.6686326861381531, 0.8617324829101562, 1.4128540754318237, 0.7787367701530457]"
1440.0,2008-06-01T00:00:00.000000000,"[1.3894624710083008, 2.1595370769500732, 0.7734025120735168, 1.4114645719528198]","[1.1688470840454102, 1.7641234397888184, 1.1313016414642334, 1.566833257675171]"
1440.0,2008-09-01T00:00:00.000000000,"[2.1595370769500732, 0.7734025120735168, 1.4114645719528198, 0.9494196176528931]","[1.6441651582717896, 0.9461672902107239, 1.0418859720230103, 1.1867398023605347]"
1440.0,2008-12-01T00:00:00.000000000,"[0.7734025120735168, 1.4114645719528198, 0.9494196176528931, 1.7194944620132446]","[1.0831737518310547, 1.3692840337753296, 1.3623170852661133, 2.0567967891693115]"
1440.0,2009-03-01T00:00:00.000000000,"[1.4114645719528198, 0.9494196176528931, 1.7194944620132446, 1.1694409847259521]","[1.0043110847473145, 1.058474063873291, 1.4391541481018066, 1.0092538595199585]"
1440.0,2009-06-01T00:00:00.000000000,"[0.9494196176528931, 1.7194944620132446, 1.1694409847259521, 1.4114645719528198]","[1.2852181196212769, 2.09030818939209, 1.1420091390609741, 1.5832008123397827]"
1440.0,2009-09-01T00:00:00.000000000,"[1.7194944620132446, 1.1694409847259521, 1.4114645719528198, 1.5214751958847046]","[1.764817237854004, 0.8833014965057373, 1.0074681043624878, 1.187860369682312]"
1440.0,2009-12-01T00:00:00.000000000,"[1.1694409847259521, 1.4114645719528198, 1.5214751958847046, 2.071528673171997]","[0.893896222114563, 1.0811126232147217, 1.2331210374832153, 1.9148083925247192]"
1440.0,2010-03-01T00:00:00.000000000,"[1.4114645719528198, 1.5214751958847046, 2.071528673171997, 0.8834132552146912]","[1.1170923709869385, 1.1584033966064453, 1.5768742561340332, 1.0814813375473022]"
1440.0,2010-06-01T00:00:00.000000000,"[1.5214751958847046, 2.071528673171997, 0.8834132552146912, 1.9175138473510742]","[1.356987476348877, 2.172558307647705, 1.1988253593444824, 1.6230823993682861]"
1440.0,2010-09-01T00:00:00.000000000,"[2.071528673171997, 0.8834132552146912, 1.9175138473510742, 1.499472975730896]","[1.90263032913208, 1.0355143547058105, 1.1744673252105713, 1.33636474609375]"
1440.0,2010-12-01T00:00:00.000000000,"[0.8834132552146912, 1.9175138473510742, 1.499472975730896, 2.5115716457366943]","[0.9623985290527344, 1.1320137977600098, 1.2737785577774048, 1.8949029445648193]"
1440.0,2011-03-01T00:00:00.000000000,"[1.9175138473510742, 1.499472975730896, 2.5115716457366943, 0.6193875670433044]","[1.156248688697815, 1.2292606830596924, 1.7857143878936768, 1.141277551651001]"
1440.0,2011-06-01T00:00:00.000000000,"[1.499472975730896, 2.5115716457366943, 0.6193875670433044, 1.5434772968292236]","[1.5127582550048828, 2.369959831237793, 1.3656435012817383, 1.8330695629119873]"
1440.0,2011-09-01T00:00:00.000000000,"[2.5115716457366943, 0.6193875670433044, 1.5434772968292236, 1.6754902601242065]","[2.0501279830932617, 1.117517352104187, 1.249746561050415, 1.4277362823486328]"
1440.0,2011-12-01T00:00:00.000000000,"[0.6193875670433044, 1.5434772968292236, 1.6754902601242065, 2.533573627471924]","[1.1744308471679688, 1.4870473146438599, 1.4792811870574951, 2.229093074798584]"
1440.0,2012-03-01T00:00:00.000000000,"[1.5434772968292236, 1.6754902601242065, 2.533573627471924, 1.2134451866149902]","[1.0741795301437378, 1.2643877267837524, 1.8826904296875, 1.0951435565948486]"
1440.0,2012-06-01T00:00:00.000000000,"[1.6754902601242065, 2.533573627471924, 1.2134451866149902, 1.8295050859451294]","[1.5263166427612305, 2.3973023891448975, 1.3680869340896606, 1.848900318145752]"
1440.0,2012-09-01T00:00:00.000000000,"[2.533573627471924, 1.2134451866149902, 1.8295050859451294, 1.8955113887786865]","[2.2848410606384277, 1.1618677377700806, 1.336183786392212, 1.6092567443847656]"
1440.0,2012-12-01T00:00:00.000000000,"[1.2134451866149902, 1.8295050859451294, 1.8955113887786865, 2.4455649852752686]","[1.2882859706878662, 1.6519078016281128, 1.6434956789016724, 2.525728702545166]"
1440.0,2013-03-01T00:00:00.000000000,"[1.8295050859451294, 1.8955113887786865, 2.4455649852752686, 1.455468773841858]","[1.314379096031189, 1.511391043663025, 2.238071918487549, 1.2641977071762085]"
1447.0,2006-06-01T00:00:00.000000000,"[2.335554361343384, 2.379558563232422, 1.9835201501846313, 2.5555758476257324]","[2.121938705444336, 2.0222156047821045, 1.7169585227966309, 1.6130872964859009]"
1447.0,2006-09-01T00:00:00.000000000,"[2.379558563232422, 1.9835201501846313, 2.5555758476257324, 2.42356276512146]","[2.193567991256714, 1.9155802726745605, 1.9556550979614258, 1.872417688369751]"
1447.0,2006-12-01T00:00:00.000000000,"[1.9835201501846313, 2.5555758476257324, 2.42356276512146, 2.027524471282959]","[1.8585987091064453, 2.150733232498169, 1.896477222442627, 1.7272617816925049]"
1447.0,2007-03-01T00:00:00.000000000,"[2.5555758476257324, 2.42356276512146, 2.027524471282959, 2.0055222511291504]","[1.9042227268218994, 2.0479555130004883, 1.969537615776062, 1.5802181959152222]"
1447.0,2007-06-01T00:00:00.000000000,"[2.42356276512146, 2.027524471282959, 2.0055222511291504, 2.4455649852752686]","[2.3066184520721436, 2.428561210632324, 1.9985361099243164, 1.8578486442565918]"
1447.0,2007-09-01T00:00:00.000000000,"[2.027524471282959, 2.0055222511291504, 2.4455649852752686, 3.919708251953125]","[2.3474130630493164, 2.024397850036621, 2.162973403930664, 1.9654102325439453]"
1447.0,2007-12-01T00:00:00.000000000,"[2.0055222511291504, 2.4455649852752686, 3.919708251953125, 1.9395159482955933]","[1.9641902446746826, 2.179609537124634, 1.956331729888916, 1.7173807621002197]"
1447.0,2008-03-01T00:00:00.000000000,"[2.4455649852752686, 3.919708251953125, 1.9395159482955933, 1.2354472875595093]","[2.028242349624634, 1.984222412109375, 2.173002243041992, 1.7822363376617432]"
1447.0,2008-06-01T00:00:00.000000000,"[3.919708251953125, 1.9395159482955933, 1.2354472875595093, 2.2475459575653076]","[2.245375394821167, 2.4033608436584473, 2.1715192794799805, 2.0119335651397705]"
1447.0,2008-09-01T00:00:00.000000000,"[1.9395159482955933, 1.2354472875595093, 2.2475459575653076, 2.533573627471924]","[3.130368232727051, 2.6681628227233887, 3.0364809036254883, 3.15386962890625]"
1447.0,2008-12-01T00:00:00.000000000,"[1.2354472875595093, 2.2475459575653076, 2.533573627471924, 2.5995800495147705]","[2.213040590286255, 2.288680076599121, 2.372802257537842, 2.128145217895508]"
1447.0,2009-03-01T00:00:00.000000000,"[2.2475459575653076, 2.533573627471924, 2.5995800495147705, 2.775597333908081]","[2.108491897583008, 2.070570468902588, 2.223423480987549, 1.941460132598877]"
1447.0,2009-06-01T00:00:00.000000000,"[2.533573627471924, 2.5995800495147705, 2.775597333908081, 3.3916571140289307]","[2.6065049171447754, 2.241994619369507, 2.096238613128662, 2.239413261413574]"
1447.0,2009-09-01T00:00:00.000000000,"[2.5995800495147705, 2.775597333908081, 3.3916571140289307, 3.3476529121398926]","[2.3162636756896973, 2.3727047443389893, 2.557652473449707, 2.7573466300964355]"
1447.0,2009-12-01T00:00:00.000000000,"[2.775597333908081, 3.3916571140289307, 3.3476529121398926, 3.4356613159179688]","[2.4377200603485107, 2.4424049854278564, 2.635423421859741, 2.5485153198242188]"
1447.0,2010-03-01T00:00:00.000000000,"[3.3916571140289307, 3.3476529121398926, 3.4356613159179688, 3.127631425857544]","[2.502328634262085, 2.517636775970459, 2.575958013534546, 2.285715341567993]"
1447.0,2010-06-01T00:00:00.000000000,"[3.3476529121398926, 3.4356613159179688, 3.127631425857544, 3.721689224243164]","[2.57426381111145, 2.521975040435791, 2.710970878601074, 2.5948047637939453]"
1447.0,2010-09-01T00:00:00.000000000,"[3.4356613159179688, 3.127631425857544, 3.721689224243164, 3.8537018299102783]","[2.8328135013580322, 2.8568477630615234, 3.2050085067749023, 3.490959644317627]"
1447.0,2010-12-01T00:00:00.000000000,"[3.127631425857544, 3.721689224243164, 3.8537018299102783, 3.875704050064087]","[2.941465139389038, 3.2543439865112305, 3.526944637298584, 3.3605940341949463]"
1447.0,2011-03-01T00:00:00.000000000,"[3.721689224243164, 3.8537018299102783, 3.875704050064087, 3.765693426132202]","[3.283811092376709, 3.6618402004241943, 3.132408618927002, 2.9448955059051514]"
1447.0,2011-06-01T00:00:00.000000000,"[3.8537018299102783, 3.875704050064087, 3.765693426132202, 0.20134682953357697]","[4.077690124511719, 3.5427017211914062, 3.405721426010132, 3.736754894256592]"
1447.0,2011-09-01T00:00:00.000000000,"[3.875704050064087, 3.765693426132202, 0.20134682953357697, -0.06267886608839035]","[3.5789363384246826, 3.131256580352783, 3.567228317260742, 4.04826545715332]"
1447.0,2011-12-01T00:00:00.000000000,"[3.765693426132202, 0.20134682953357697, -0.06267886608839035, 2.1595370769500732]","[3.1964008808135986, 3.636234760284424, 4.170950889587402, 3.747419834136963]"
1447.0,2012-03-01T00:00:00.000000000,"[0.20134682953357697, -0.06267886608839035, 2.1595370769500732, 3.171635627746582]","[4.040259838104248, 4.116150856018066, 3.661191463470459, 3.5799245834350586]"
1447.0,2012-06-01T00:00:00.000000000,"[-0.06267886608839035, 2.1595370769500732, 3.171635627746582, 5.327845573425293]","[2.20849609375, 1.876882553100586, 1.962698221206665, 2.0924131870269775]"
1447.0,2012-09-01T00:00:00.000000000,"[2.1595370769500732, 3.171635627746582, 5.327845573425293, 5.459857940673828]","[1.3855129480361938, 1.5181797742843628, 1.6099364757537842, 1.9403358697891235]"
1447.0,2012-12-01T00:00:00.000000000,"[3.171635627746582, 5.327845573425293, 5.459857940673828, 4.2937445640563965]","[2.462678909301758, 2.3777806758880615, 2.5396175384521484, 3.172299861907959]"
1447.0,2013-03-01T00:00:00.000000000,"[5.327845573425293, 5.459857940673828, 4.2937445640563965, 4.0957255363464355]","[2.6098246574401855, 2.7994635105133057, 3.0030927658081055, 3.6976375579833984]"
1602.0,2006-06-01T00:00:00.000000000,"[4.513765811920166, 4.359751224517822, 4.051721572875977, 4.755789756774902]","[4.002346038818359, 3.6049742698669434, 3.195781707763672, 3.4908690452575684]"
1602.0,2006-09-01T00:00:00.000000000,"[4.359751224517822, 4.051721572875977, 4.755789756774902, 4.953808784484863]","[4.396275520324707, 3.3942575454711914, 3.7621986865997314, 4.35793399810791]"
1602.0,2006-12-01T00:00:00.000000000,"[4.051721572875977, 4.755789756774902, 4.953808784484863, 5.283841133117676]","[3.4046058654785156, 3.6140265464782715, 4.052275657653809, 4.105981826782227]"
1602.0,2007-03-01T00:00:00.000000000,"[4.755789756774902, 4.953808784484863, 5.283841133117676, 5.0418171882629395]","[4.038402080535889, 4.101912498474121, 3.8622488975524902, 3.643707752227783]"
1602.0,2007-06-01T00:00:00.000000000,"[4.953808784484863, 5.283841133117676, 5.0418171882629395, 5.679879665374756]","[5.075336933135986, 4.259296417236328, 3.8998045921325684, 4.390163421630859]"
1602.0,2007-09-01T00:00:00.000000000,"[5.283841133117676, 5.0418171882629395, 5.679879665374756, 5.5478668212890625]","[5.12490701675415, 3.796085834503174, 4.340789794921875, 4.885272026062012]"
1602.0,2007-12-01T00:00:00.000000000,"[5.0418171882629395, 5.679879665374756, 5.5478668212890625, 5.943905353546143]","[4.286777973175049, 4.39224910736084, 4.649777412414551, 4.944916725158691]"
1602.0,2008-03-01T00:00:00.000000000,"[5.679879665374756, 5.5478668212890625, 5.943905353546143, 5.6578779220581055]","[5.11897611618042, 4.8100810050964355, 4.646852970123291, 4.531276226043701]"
1602.0,2008-06-01T00:00:00.000000000,"[5.5478668212890625, 5.943905353546143, 5.6578779220581055, 6.229933261871338]","[5.984642028808594, 5.199044227600098, 4.78096342086792, 5.231956481933594]"
1602.0,2008-09-01T00:00:00.000000000,"[5.943905353546143, 5.6578779220581055, 6.229933261871338, 6.493958950042725]","[5.946603775024414, 4.457787036895752, 5.07141637802124, 5.557921409606934]"
1602.0,2008-12-01T00:00:00.000000000,"[5.6578779220581055, 6.229933261871338, 6.493958950042725, 6.493958950042725]","[5.082746505737305, 5.145098686218262, 5.33314323425293, 5.761754512786865]"
1602.0,2009-03-01T00:00:00.000000000,"[6.229933261871338, 6.493958950042725, 6.493958950042725, 5.6578779220581055]","[5.989339828491211, 5.553879261016846, 5.532214164733887, 5.345355987548828]"
1602.0,2009-06-01T00:00:00.000000000,"[6.493958950042725, 6.493958950042725, 5.6578779220581055, 6.934001922607422]","[6.605627536773682, 6.148892879486084, 5.622310638427734, 6.0113630294799805]"
1602.0,2009-09-01T00:00:00.000000000,"[6.493958950042725, 5.6578779220581055, 6.934001922607422, 7.726078510284424]","[6.8322553634643555, 5.290843963623047, 5.867153167724609, 6.3681182861328125]"
1602.0,2009-12-01T00:00:00.000000000,"[5.6578779220581055, 6.934001922607422, 7.726078510284424, 7.418048858642578]","[5.729007720947266, 5.910327911376953, 6.07675838470459, 6.395049571990967]"
1602.0,2010-03-01T00:00:00.000000000,"[6.934001922607422, 7.726078510284424, 7.418048858642578, 6.823991298675537]","[6.2626848220825195, 6.225815296173096, 6.166229248046875, 5.722257614135742]"
1602.0,2010-06-01T00:00:00.000000000,"[7.726078510284424, 7.418048858642578, 6.823991298675537, 7.132020950317383]","[7.172850131988525, 6.925029754638672, 6.253975868225098, 6.710783004760742]"
1602.0,2010-09-01T00:00:00.000000000,"[7.418048858642578, 6.823991298675537, 7.132020950317383, 8.034109115600586]","[7.724582672119141, 6.1079254150390625, 6.852664470672607, 7.382534027099609]"
1602.0,2010-12-01T00:00:00.000000000,"[6.823991298675537, 7.132020950317383, 8.034109115600586, 7.3520426750183105]","[6.4203410148620605, 7.008557319641113, 7.053227424621582, 7.170250415802002]"
1602.0,2011-03-01T00:00:00.000000000,"[7.132020950317383, 8.034109115600586, 7.3520426750183105, 7.308038234710693]","[7.20236873626709, 7.340392589569092, 7.026595592498779, 6.56848669052124]"
1602.0,2011-06-01T00:00:00.000000000,"[8.034109115600586, 7.3520426750183105, 7.308038234710693, 8.474151611328125]","[7.799770355224609, 7.378929615020752, 6.840328216552734, 7.092559814453125]"
1602.0,2011-09-01T00:00:00.000000000,"[7.3520426750183105, 7.308038234710693, 8.474151611328125, 8.650168418884277]","[7.99819803237915, 7.0644989013671875, 7.540864944458008, 7.854717254638672]"
1602.0,2011-12-01T00:00:00.000000000,"[7.308038234710693, 8.474151611328125, 8.650168418884277, 8.914194107055664]","[6.860225200653076, 7.487064361572266, 7.564837455749512, 7.419534683227539]"
1602.0,2012-03-01T00:00:00.000000000,"[8.474151611328125, 8.650168418884277, 8.914194107055664, 7.682074069976807]","[7.398039817810059, 8.288293838500977, 7.658480167388916, 6.942094802856445]"
1602.0,2012-06-01T00:00:00.000000000,"[8.650168418884277, 8.914194107055664, 7.682074069976807, 7.440051078796387]","[8.617660522460938, 8.255249977111816, 7.5447797775268555, 7.7847137451171875]"
1602.0,2012-09-01T00:00:00.000000000,"[8.914194107055664, 7.682074069976807, 7.440051078796387, 8.936196327209473]","[8.28239917755127, 7.688971996307373, 8.155715942382812, 8.367137908935547]"
1602.0,2012-12-01T00:00:00.000000000,"[7.682074069976807, 7.440051078796387, 8.936196327209473, 9.574258804321289]","[7.782017707824707, 8.595318794250488, 8.494354248046875, 8.349526405334473]"
1602.0,2013-03-01T00:00:00.000000000,"[7.440051078796387, 8.936196327209473, 9.574258804321289, 8.892192840576172]","[8.069652557373047, 8.780146598815918, 8.175653457641602, 7.357600688934326]"
1632.0,2006-06-01T00:00:00.000000000,"[0.5973852872848511, 0.6853939294815063, 0.8174067735671997, 0.6853939294815063]","[0.5452203154563904, 0.5667397975921631, 0.6380143761634827, 0.5516059398651123]"
1632.0,2006-09-01T00:00:00.000000000,"[0.6853939294815063, 0.8174067735671997, 0.6853939294815063, 0.9054153561592102]","[0.5486475229263306, 0.5786963701248169, 0.5686629414558411, 0.5822433829307556]"
1632.0,2006-12-01T00:00:00.000000000,"[0.8174067735671997, 0.6853939294815063, 0.9054153561592102, 0.9934238195419312]","[0.6722289323806763, 0.5521152019500732, 0.6481191515922546, 0.6805702447891235]"
1632.0,2007-03-01T00:00:00.000000000,"[0.6853939294815063, 0.9054153561592102, 0.9934238195419312, 1.5654793977737427]","[0.6433188915252686, 0.6676201820373535, 0.7742787003517151, 0.7859914898872375]"
1632.0,2007-06-01T00:00:00.000000000,"[0.9054153561592102, 0.9934238195419312, 1.5654793977737427, 0.5313789248466492]","[0.6799988746643066, 0.7372491955757141, 0.7322826385498047, 0.5793777108192444]"
1632.0,2007-09-01T00:00:00.000000000,"[0.9934238195419312, 1.5654793977737427, 0.5313789248466492, 0.7073960304260254]","[0.7919047474861145, 0.7797325849533081, 0.7124665975570679, 0.6573506593704224]"
1632.0,2007-12-01T00:00:00.000000000,"[1.5654793977737427, 0.5313789248466492, 0.7073960304260254, 1.103434681892395]","[0.9202120304107666, 0.7205700874328613, 0.8623455762863159, 0.8769264817237854]"
1632.0,2008-03-01T00:00:00.000000000,"[0.5313789248466492, 0.7073960304260254, 1.103434681892395, 1.6094835996627808]","[0.9303864240646362, 1.0536848306655884, 1.1510740518569946, 1.2772715091705322]"
1632.0,2008-06-01T00:00:00.000000000,"[0.7073960304260254, 1.103434681892395, 1.6094835996627808, 1.3674603700637817]","[0.8036797046661377, 0.8375387191772461, 0.8660488724708557, 0.6462873220443726]"
1632.0,2008-09-01T00:00:00.000000000,"[1.103434681892395, 1.6094835996627808, 1.3674603700637817, 1.5654793977737427]","[0.8123633861541748, 1.0004013776779175, 0.7119226455688477, 0.689064621925354]"
1632.0,2008-12-01T00:00:00.000000000,"[1.6094835996627808, 1.3674603700637817, 1.5654793977737427, 2.071528673171997]","[1.275481939315796, 0.721168577671051, 0.8926998376846313, 1.0010219812393188]"
1632.0,2009-03-01T00:00:00.000000000,"[1.3674603700637817, 1.5654793977737427, 2.071528673171997, 2.4895694255828857]","[0.9593424797058105, 1.0890543460845947, 1.2314255237579346, 1.5149105787277222]"
1632.0,2009-06-01T00:00:00.000000000,"[1.5654793977737427, 2.071528673171997, 2.4895694255828857, 2.42356276512146]","[1.1719083786010742, 1.2857180833816528, 1.3508387804031372, 1.0946844816207886]"
1632.0,2009-09-01T00:00:00.000000000,"[2.071528673171997, 2.4895694255828857, 2.42356276512146, 2.4895694255828857]","[1.3693575859069824, 1.7045233249664307, 1.117897868156433, 1.065206527709961]"
1632.0,2009-12-01T00:00:00.000000000,"[2.4895694255828857, 2.42356276512146, 2.4895694255828857, 2.665586471557617]","[2.2694404125213623, 1.3852739334106445, 1.4046506881713867, 1.5929067134857178]"
1632.0,2010-03-01T00:00:00.000000000,"[2.42356276512146, 2.4895694255828857, 2.665586471557617, 2.7095906734466553]","[1.6117793321609497, 1.7074427604675293, 1.680328607559204, 1.9789186716079712]"
1632.0,2010-06-01T00:00:00.000000000,"[2.4895694255828857, 2.665586471557617, 2.7095906734466553, 2.225543737411499]","[1.8233191967010498, 1.9835634231567383, 2.035632848739624, 1.6988849639892578]"
1632.0,2010-09-01T00:00:00.000000000,"[2.665586471557617, 2.7095906734466553, 2.225543737411499, 2.2915501594543457]","[2.2395453453063965, 2.175452709197998, 1.716395378112793, 1.843580961227417]"
1632.0,2010-12-01T00:00:00.000000000,"[2.7095906734466553, 2.225543737411499, 2.2915501594543457, 2.071528673171997]","[2.6706461906433105, 1.833681583404541, 1.842652678489685, 2.096142530441284]"
1632.0,2011-03-01T00:00:00.000000000,"[2.225543737411499, 2.2915501594543457, 2.071528673171997, 1.9175138473510742]","[1.9892194271087646, 1.9455788135528564, 1.9882270097732544, 2.1859593391418457]"
1632.0,2011-06-01T00:00:00.000000000,"[2.2915501594543457, 2.071528673171997, 1.9175138473510742, 1.5654793977737427]","[2.0497453212738037, 2.1347758769989014, 2.3255701065063477, 1.7889885902404785]"
1632.0,2011-09-01T00:00:00.000000000,"[2.071528673171997, 1.9175138473510742, 1.5654793977737427, 1.6754902601242065]","[2.4750418663024902, 2.4222707748413086, 1.9175251722335815, 1.9395639896392822]"
1632.0,2011-12-01T00:00:00.000000000,"[1.9175138473510742, 1.5654793977737427, 1.6754902601242065, 2.2915501594543457]","[2.773421287536621, 1.8833963871002197, 1.976046085357666, 2.0248055458068848]"
1632.0,2012-03-01T00:00:00.000000000,"[1.5654793977737427, 1.6754902601242065, 2.2915501594543457, 2.4675674438476562]","[1.825394630432129, 1.9441053867340088, 2.1391570568084717, 2.168431282043457]"
1632.0,2012-06-01T00:00:00.000000000,"[1.6754902601242065, 2.2915501594543457, 2.4675674438476562, 2.4675674438476562]","[1.9105749130249023, 1.946887731552124, 2.189943790435791, 1.9514038562774658]"
1632.0,2012-09-01T00:00:00.000000000,"[2.2915501594543457, 2.4675674438476562, 2.4675674438476562, 2.6875884532928467]","[2.043891429901123, 2.1605494022369385, 2.035714626312256, 2.0306239128112793]"
1632.0,2012-12-01T00:00:00.000000000,"[2.4675674438476562, 2.4675674438476562, 2.6875884532928467, 3.083627223968506]","[2.5483267307281494, 1.9809383153915405, 2.3422536849975586, 2.517275333404541]"
1632.0,2013-03-01T00:00:00.000000000,"[2.4675674438476562, 2.6875884532928467, 3.083627223968506, 3.1056292057037354]","[2.0524120330810547, 2.1803812980651855, 2.5200860500335693, 2.776904582977295]"
1690.0,2006-06-01T00:00:00.000000000,"[0.003327556187286973, 0.08033503592014313, 0.9824227690696716, 0.5808836817741394]","[0.1917780339717865, 0.06713566184043884, 0.2565489709377289, 0.29451313614845276]"
1690.0,2006-09-01T00:00:00.000000000,"[0.08033503592014313, 0.9824227690696716, 0.5808836817741394, 0.31685808300971985]","[0.08393797278404236, 0.28185102343559265, 0.16618755459785461, 0.11463713645935059]"
1690.0,2006-12-01T00:00:00.000000000,"[0.9824227690696716, 0.5808836817741394, 0.31685808300971985, 0.37736397981643677]","[0.3799864649772644, 0.15398842096328735, 0.13642588257789612, 0.15279096364974976]"
1690.0,2007-03-01T00:00:00.000000000,"[0.5808836817741394, 0.31685808300971985, 0.37736397981643677, 1.103434681892395]","[0.6893323659896851, 0.3980618715286255, 0.49181509017944336, 0.8462031483650208]"
1690.0,2007-06-01T00:00:00.000000000,"[0.31685808300971985, 0.37736397981643677, 1.103434681892395, 0.34436073899269104]","[0.3632056713104248, 0.3097320795059204, 0.7085416316986084, 0.5971792936325073]"
1690.0,2007-09-01T00:00:00.000000000,"[0.37736397981643677, 1.103434681892395, 0.34436073899269104, 0.08033503592014313]","[0.31498396396636963, 0.6180661916732788, 0.375629186630249, 0.3077242374420166]"
1690.0,2007-12-01T00:00:00.000000000,"[1.103434681892395, 0.34436073899269104, 0.08033503592014313, 0.21784842014312744]","[0.7574300765991211, 0.3703865706920624, 0.325542688369751, 0.3650875389575958]"
1690.0,2008-03-01T00:00:00.000000000,"[0.34436073899269104, 0.08033503592014313, 0.21784842014312744, 1.147438883781433]","[0.8987641930580139, 0.5637474656105042, 0.686773955821991, 1.0354505777359009]"
1690.0,2008-06-01T00:00:00.000000000,"[0.08033503592014313, 0.21784842014312744, 1.147438883781433, 0.4543713927268982]","[0.3853802978992462, 0.47655802965164185, 0.8054024577140808, 0.663100004196167]"
1690.0,2008-09-01T00:00:00.000000000,"[0.21784842014312744, 1.147438883781433, 0.4543713927268982, 0.21784842014312744]","[0.4317927956581116, 0.7795895338058472, 0.428328275680542, 0.33276593685150146]"
1690.0,2008-12-01T00:00:00.000000000,"[1.147438883781433, 0.4543713927268982, 0.21784842014312744, 0.4378698170185089]","[0.8077497482299805, 0.41638651490211487, 0.3029947876930237, 0.32240623235702515]"
1690.0,2009-03-01T00:00:00.000000000,"[0.4543713927268982, 0.21784842014312744, 0.4378698170185089, 1.4389673471450806]","[0.8009698987007141, 0.5494633913040161, 0.7758060097694397, 1.1708725690841675]"
1690.0,2009-06-01T00:00:00.000000000,"[0.21784842014312744, 0.4378698170185089, 1.4389673471450806, 0.800905168056488]","[0.4796932637691498, 0.5856999754905701, 0.9520190954208374, 0.7915224432945251]"
1690.0,2009-09-01T00:00:00.000000000,"[0.4378698170185089, 1.4389673471450806, 0.800905168056488, 0.5863842368125916]","[0.5954185128211975, 1.0513412952423096, 0.5169091820716858, 0.4032697379589081]"
1690.0,2009-12-01T00:00:00.000000000,"[1.4389673471450806, 0.800905168056488, 0.5863842368125916, 0.8999148011207581]","[1.0637190341949463, 0.6179670095443726, 0.41414716839790344, 0.4482510983943939]"
1690.0,2010-03-01T00:00:00.000000000,"[0.800905168056488, 0.5863842368125916, 0.8999148011207581, 1.598482608795166]","[0.9593161344528198, 0.6451051235198975, 0.9313757419586182, 1.4863858222961426]"
1690.0,2010-06-01T00:00:00.000000000,"[0.5863842368125916, 0.8999148011207581, 1.598482608795166, 0.652390718460083]","[0.5628672242164612, 0.7637747526168823, 1.3946388959884644, 0.9695557355880737]"
1690.0,2010-09-01T00:00:00.000000000,"[0.8999148011207581, 1.598482608795166, 0.652390718460083, 0.4983757734298706]","[0.8466284275054932, 1.443418264389038, 0.7466744184494019, 0.6483139991760254]"
1690.0,2010-12-01T00:00:00.000000000,"[1.598482608795166, 0.652390718460083, 0.4983757734298706, 0.96592116355896]","[1.6443424224853516, 0.9550547003746033, 0.7260661125183105, 0.8649754524230957]"
1690.0,2011-03-01T00:00:00.000000000,"[0.652390718460083, 0.4983757734298706, 0.96592116355896, 2.0440258979797363]","[1.2018558979034424, 0.7924790382385254, 1.0991356372833252, 1.7483934164047241]"
1690.0,2011-06-01T00:00:00.000000000,"[0.4983757734298706, 0.96592116355896, 2.0440258979797363, 0.7018954753875732]","[0.578794002532959, 0.8538203239440918, 1.6998167037963867, 0.9782984256744385]"
1690.0,2011-09-01T00:00:00.000000000,"[0.96592116355896, 2.0440258979797363, 0.7018954753875732, 0.7183970808982849]","[0.8955723643302917, 1.5293750762939453, 0.7672825455665588, 0.7080000042915344]"
1690.0,2011-12-01T00:00:00.000000000,"[2.0440258979797363, 0.7018954753875732, 0.7183970808982849, 0.9054153561592102]","[1.8316233158111572, 1.026206135749817, 0.8490757942199707, 1.049932837486267]"
1690.0,2012-03-01T00:00:00.000000000,"[0.7018954753875732, 0.7183970808982849, 0.9054153561592102, 2.9956183433532715]","[1.2708569765090942, 0.8785564303398132, 1.1915004253387451, 2.053795337677002]"
1690.0,2012-06-01T00:00:00.000000000,"[0.7183970808982849, 0.9054153561592102, 2.9956183433532715, 2.379558563232422]","[0.47844788432121277, 0.8873848915100098, 2.1155076026916504, 0.8817688822746277]"
1690.0,2012-09-01T00:00:00.000000000,"[0.9054153561592102, 2.9956183433532715, 2.379558563232422, 2.1595370769500732]","[0.987722635269165, 1.7444877624511719, 0.7994358539581299, 0.696244478225708]"
1690.0,2012-12-01T00:00:00.000000000,"[2.9956183433532715, 2.379558563232422, 2.1595370769500732, 2.027524471282959]","[1.897369384765625, 0.907653272151947, 0.7315236330032349, 0.9860591888427734]"
1690.0,2013-03-01T00:00:00.000000000,"[2.379558563232422, 2.1595370769500732, 2.027524471282959, 3.919708251953125]","[1.6719352006912231, 1.0987746715545654, 1.5095927715301514, 2.6578755378723145]"
1704.0,2006-06-01T00:00:00.000000000,"[-0.08468098938465118, -0.08468098938465118, -0.10668310523033142, -0.10668310523033142]","[-0.21345937252044678, -0.21305745840072632, -0.20774196088314056, -0.20376650989055634]"
1704.0,2006-09-01T00:00:00.000000000,"[-0.08468098938465118, -0.10668310523033142, -0.10668310523033142, -0.06267886608839035]","[-0.16294817626476288, -0.1484680473804474, -0.12654085457324982, -0.05888780951499939]"
1704.0,2006-12-01T00:00:00.000000000,"[-0.10668310523033142, -0.10668310523033142, -0.06267886608839035, 0.025329740718007088]","[-0.11422378569841385, -0.08861224353313446, -0.052930235862731934, 0.0661427229642868]"
1704.0,2007-03-01T00:00:00.000000000,"[-0.10668310523033142, -0.06267886608839035, 0.025329740718007088, -0.06267886608839035]","[-0.13296100497245789, -0.12647351622581482, -0.10898482799530029, -0.06907732784748077]"
1704.0,2007-06-01T00:00:00.000000000,"[-0.06267886608839035, 0.025329740718007088, -0.06267886608839035, -0.12868529558181763]","[-0.12636476755142212, -0.11630912125110626, -0.09422145783901215, -0.044805169105529785]"
1704.0,2007-09-01T00:00:00.000000000,"[0.025329740718007088, -0.06267886608839035, -0.12868529558181763, 0.047331858426332474]","[-0.11573055386543274, -0.09925781935453415, -0.07243271172046661, 0.007271602749824524]"
1704.0,2007-12-01T00:00:00.000000000,"[-0.06267886608839035, -0.12868529558181763, 0.047331858426332474, 0.3993660807609558]","[-0.07905390858650208, -0.05457296967506409, -0.01725621521472931, 0.10166898369789124]"
1704.0,2008-03-01T00:00:00.000000000,"[-0.12868529558181763, 0.047331858426332474, 0.3993660807609558, 0.7514004111289978]","[-0.0840495228767395, -0.07626374065876007, -0.04364514350891113, -0.013424336910247803]"
1704.0,2008-06-01T00:00:00.000000000,"[0.047331858426332474, 0.3993660807609558, 0.7514004111289978, 0.7734025120735168]","[-0.08957697451114655, -0.08171907067298889, -0.0417364239692688, -0.03220728039741516]"
1704.0,2008-09-01T00:00:00.000000000,"[0.3993660807609558, 0.7514004111289978, 0.7734025120735168, 1.0374282598495483]","[-0.06742586195468903, -0.07380183041095734, -0.03341493010520935, -0.0010602176189422607]"
1704.0,2008-12-01T00:00:00.000000000,"[0.7514004111289978, 0.7734025120735168, 1.0374282598495483, 1.1914430856704712]","[0.029944762587547302, 0.032267436385154724, 0.10555747151374817, 0.2007131278514862]"
1704.0,2009-03-01T00:00:00.000000000,"[0.7734025120735168, 1.0374282598495483, 1.1914430856704712, 1.3454581499099731]","[0.19918562471866608, 0.3477477431297302, 0.25257110595703125, 0.2978747487068176]"
1704.0,2009-06-01T00:00:00.000000000,"[1.0374282598495483, 1.1914430856704712, 1.3454581499099731, 1.6314857006072998]","[0.4557255208492279, 0.4203668534755707, 0.355146199464798, 0.27713871002197266]"
1704.0,2009-09-01T00:00:00.000000000,"[1.1914430856704712, 1.3454581499099731, 1.6314857006072998, 1.9835201501846313]","[0.7729314565658569, 0.594232976436615, 0.3857539892196655, 0.42155152559280396]"
1704.0,2009-12-01T00:00:00.000000000,"[1.3454581499099731, 1.6314857006072998, 1.9835201501846313, 1.9395159482955933]","[0.9151945114135742, 0.49017223715782166, 0.45987966656684875, 0.5524134039878845]"
1704.0,2010-03-01T00:00:00.000000000,"[1.6314857006072998, 1.9835201501846313, 1.9395159482955933, 1.4334666728973389]","[0.8904154896736145, 0.824904203414917, 0.6682142019271851, 0.7441921234130859]"
1704.0,2010-06-01T00:00:00.000000000,"[1.9835201501846313, 1.9395159482955933, 1.4334666728973389, 1.0814324617385864]","[1.2535099983215332, 1.1146589517593384, 0.8660827279090881, 0.957179605960846]"
1704.0,2010-09-01T00:00:00.000000000,"[1.9395159482955933, 1.4334666728973389, 1.0814324617385864, 0.8394088745117188]","[1.488979697227478, 1.1729679107666016, 0.91706383228302, 1.1232478618621826]"
1704.0,2010-12-01T00:00:00.000000000,"[1.4334666728973389, 1.0814324617385864, 0.8394088745117188, 0.9274174571037292]","[1.3990644216537476, 1.044528841972351, 0.9837247133255005, 1.051200270652771]"
1704.0,2011-03-01T00:00:00.000000000,"[1.0814324617385864, 0.8394088745117188, 0.9274174571037292, 1.0594303607940674]","[1.1467000246047974, 1.1247068643569946, 1.0920021533966064, 0.9252057075500488]"
1704.0,2011-06-01T00:00:00.000000000,"[0.8394088745117188, 0.9274174571037292, 1.0594303607940674, 1.455468773841858]","[1.3630326986312866, 1.1954585313796997, 0.9607902765274048, 0.9262349605560303]"
1704.0,2011-09-01T00:00:00.000000000,"[0.9274174571037292, 1.0594303607940674, 1.455468773841858, 1.2574495077133179]","[1.3194979429244995, 1.0365747213363647, 0.851123571395874, 0.8484975099563599]"
1704.0,2011-12-01T00:00:00.000000000,"[1.0594303607940674, 1.455468773841858, 1.2574495077133179, 1.6314857006072998]","[1.0515267848968506, 0.9374111890792847, 0.9601026773452759, 0.8963100910186768]"
1704.0,2012-03-01T00:00:00.000000000,"[1.455468773841858, 1.2574495077133179, 1.6314857006072998, 2.0495264530181885]","[0.9758831858634949, 1.0367127656936646, 1.2245938777923584, 1.0595848560333252]"
1704.0,2012-06-01T00:00:00.000000000,"[1.2574495077133179, 1.6314857006072998, 2.0495264530181885, 2.3575565814971924]","[1.3454986810684204, 1.3548846244812012, 1.4025509357452393, 1.3883986473083496]"
1704.0,2012-09-01T00:00:00.000000000,"[1.6314857006072998, 2.0495264530181885, 2.3575565814971924, 2.885607957839966]","[1.4488270282745361, 1.2152159214019775, 1.345638632774353, 1.3875623941421509]"
1704.0,2012-12-01T00:00:00.000000000,"[2.0495264530181885, 2.3575565814971924, 2.885607957839966, 3.479665517807007]","[1.4549367427825928, 1.4348036050796509, 1.601342797279358, 1.6105026006698608]"
1704.0,2013-03-01T00:00:00.000000000,"[2.3575565814971924, 2.885607957839966, 3.479665517807007, 3.567674398422241]","[1.712808609008789, 1.7106750011444092, 1.8641653060913086, 1.8029110431671143]"
1878.0,2005-09-01T00:00:00.000000000,"[0.003327556187286973, 0.06933397799730301, -0.15068741142749786, -0.15068741142749786]","[0.2822501063346863, 0.28579115867614746, 0.3295808434486389, 0.3007543087005615]"
1878.0,2005-12-01T00:00:00.000000000,"[0.06933397799730301, -0.15068741142749786, -0.15068741142749786, -0.04067668318748474]","[0.17106691002845764, 0.17589165270328522, 0.19435498118400574, 0.1900928020477295]"
1878.0,2006-03-01T00:00:00.000000000,"[-0.15068741142749786, -0.15068741142749786, -0.04067668318748474, -0.28270024061203003]","[0.10518281906843185, 0.1322559416294098, 0.1574767529964447, 0.2510072588920593]"
1878.0,2006-06-01T00:00:00.000000000,"[-0.15068741142749786, -0.04067668318748474, -0.28270024061203003, -0.39271095395088196]","[-0.011237412691116333, 0.004482164978981018, 0.0144711434841156, 0.042931780219078064]"
1878.0,2006-09-01T00:00:00.000000000,"[-0.04067668318748474, -0.28270024061203003, -0.39271095395088196, -0.23869597911834717]","[0.03719311207532883, 0.048279307782649994, 0.05525634437799454, 0.0745718777179718]"
1878.0,2007-09-01T00:00:00.000000000,"[-0.28270024061203003, -0.39271095395088196, -0.23869597911834717, -0.920762300491333]","[0.07388665527105331, 0.08232313394546509, 0.08772459626197815, 0.10302364826202393]"
1878.0,2007-12-01T00:00:00.000000000,"[-0.39271095395088196, -0.23869597911834717, -0.920762300491333, -0.5907301902770996]","[0.06826052814722061, 0.07764272391796112, 0.08569350838661194, 0.10535955429077148]"
1878.0,2008-03-01T00:00:00.000000000,"[-0.23869597911834717, -0.920762300491333, -0.5907301902770996, -1.096779465675354]","[-0.02268126606941223, -0.00837939977645874, 0.0005766153335571289, 0.02507340908050537]"
1878.0,2008-06-01T00:00:00.000000000,"[-0.920762300491333, -0.5907301902770996, -1.096779465675354, -1.316800832748413]","[0.052013978362083435, 0.061540622264146805, 0.06818782538175583, 0.08821628987789154]"
1878.0,2008-09-01T00:00:00.000000000,"[-0.5907301902770996, -1.096779465675354, -1.316800832748413, -1.0527751445770264]","[-0.014056093990802765, -0.0022521167993545532, 0.0054045021533966064, 0.026868797838687897]"
1878.0,2008-12-01T00:00:00.000000000,"[-1.096779465675354, -1.316800832748413, -1.0527751445770264, -0.942764401435852]","[0.026186883449554443, 0.0335523746907711, 0.03859153389930725, 0.053559377789497375]"
1878.0,2009-03-01T00:00:00.000000000,"[-1.316800832748413, -1.0527751445770264, -0.942764401435852, -0.9647666215896606]","[-0.07603561878204346, -0.06352472305297852, -0.055309828370809555, -0.03196471929550171]"
1878.0,2009-06-01T00:00:00.000000000,"[-1.0527751445770264, -0.942764401435852, -0.9647666215896606, -0.898760199546814]","[-0.13814163208007812, -0.12392545491456985, -0.11458132416009903, -0.08799857646226883]"
1878.0,2009-09-01T00:00:00.000000000,"[-0.942764401435852, -0.9647666215896606, -0.898760199546814, -0.5687280893325806]","[-0.07607598602771759, -0.0689987987279892, -0.06386741995811462, -0.04777523875236511]"
1878.0,2009-12-01T00:00:00.000000000,"[-0.9647666215896606, -0.898760199546814, -0.5687280893325806, -0.28270024061203003]","[-0.11821162700653076, -0.11090321838855743, -0.10561256110668182, -0.08905131369829178]"
1878.0,2010-03-01T00:00:00.000000000,"[-0.898760199546814, -0.5687280893325806, -0.28270024061203003, -0.06267886608839035]","[-0.15818721055984497, -0.15087568759918213, -0.14556501805782318, -0.12888403236865997]"
1878.0,2010-06-01T00:00:00.000000000,"[-0.5687280893325806, -0.28270024061203003, -0.06267886608839035, 0.3113575577735901]","[-0.22266672551631927, -0.2122141718864441, -0.20499521493911743, -0.18337184190750122]"
1878.0,2010-09-01T00:00:00.000000000,"[-0.28270024061203003, -0.06267886608839035, 0.3113575577735901, 0.2893553674221039]","[-0.19426950812339783, -0.18637195229530334, -0.1808658093214035, -0.16311028599739075]"
1878.0,2010-12-01T00:00:00.000000000,"[-0.06267886608839035, 0.3113575577735901, 0.2893553674221039, 0.7293981313705444]","[-0.18890103697776794, -0.18191437423229218, -0.1760910153388977, -0.160114586353302]"
1878.0,2011-03-01T00:00:00.000000000,"[0.3113575577735901, 0.2893553674221039, 0.7293981313705444, 1.0154259204864502]","[-0.15179124474525452, -0.14729982614517212, -0.13903208076953888, -0.12525443732738495]"
1878.0,2011-06-01T00:00:00.000000000,"[0.2893553674221039, 0.7293981313705444, 1.0154259204864502, 1.323456048965454]","[-0.05598065257072449, -0.052711308002471924, -0.034800127148628235, -0.007982030510902405]"
1878.0,2011-09-01T00:00:00.000000000,"[0.7293981313705444, 1.0154259204864502, 1.323456048965454, 1.1694409847259521]","[0.000847548246383667, 0.0074658989906311035, 0.033836618065834045, 0.08329114317893982]"
1878.0,2011-12-01T00:00:00.000000000,"[1.0154259204864502, 1.323456048965454, 1.1694409847259521, 1.455468773841858]","[0.026476457715034485, 0.049629777669906616, 0.09011827409267426, 0.20482799410820007]"
1878.0,2012-03-01T00:00:00.000000000,"[1.323456048965454, 1.1694409847259521, 1.455468773841858, 1.5874814987182617]","[0.05573258548974991, 0.06769727915525436, 0.0987081453204155, 0.1719546914100647]"
1878.0,2012-06-01T00:00:00.000000000,"[1.1694409847259521, 1.455468773841858, 1.5874814987182617, 1.8955113887786865]","[0.16284087300300598, 0.20273010432720184, 0.21453075110912323, 0.2746506333351135]"
1878.0,2012-09-01T00:00:00.000000000,"[1.455468773841858, 1.5874814987182617, 1.8955113887786865, 1.5654793977737427]","[0.24150478839874268, 0.23425912857055664, 0.28031572699546814, 0.1879996657371521]"
1878.0,2012-12-01T00:00:00.000000000,"[1.5874814987182617, 1.8955113887786865, 1.5654793977737427, 1.9615180492401123]","[0.33062976598739624, 0.44649335741996765, 0.3485531508922577, 0.2885022759437561]"
1878.0,2013-03-01T00:00:00.000000000,"[1.8955113887786865, 1.5654793977737427, 1.9615180492401123, 2.2277438640594482]","[0.5186087489128113, 0.5060037970542908, 0.45739060640335083, 0.2948954105377197]"
1891.0,2006-06-01T00:00:00.000000000,"[0.6853939294815063, 0.6633917689323425, 0.8394088745117188, 1.5874814987182617]","[0.6807133555412292, 0.8553619384765625, 1.0043973922729492, 1.667670488357544]"
1891.0,2006-09-01T00:00:00.000000000,"[0.6633917689323425, 0.8394088745117188, 1.5874814987182617, 0.5093768239021301]","[0.597694456577301, 0.8948582410812378, 1.9019181728363037, 0.6323421597480774]"
1891.0,2006-12-01T00:00:00.000000000,"[0.8394088745117188, 1.5874814987182617, 0.5093768239021301, 0.7954046130180359]","[0.9199923276901245, 1.7068017721176147, 0.6274232268333435, 0.6744261980056763]"
1891.0,2007-03-01T00:00:00.000000000,"[1.5874814987182617, 0.5093768239021301, 0.7954046130180359, 0.8834132552146912]","[1.5909816026687622, 0.43992775678634644, 0.614761471748352, 0.9148725271224976]"
1891.0,2007-06-01T00:00:00.000000000,"[0.5093768239021301, 0.7954046130180359, 0.8834132552146912, 1.8735092878341675]","[0.6522861123085022, 0.827292799949646, 0.9716593027114868, 1.6344362497329712]"
1891.0,2007-09-01T00:00:00.000000000,"[0.7954046130180359, 0.8834132552146912, 1.8735092878341675, 0.8174067735671997]","[0.6053139567375183, 0.8890679478645325, 1.8523962497711182, 0.6093440651893616]"
1891.0,2007-12-01T00:00:00.000000000,"[0.8834132552146912, 1.8735092878341675, 0.8174067735671997, 1.1914430856704712]","[1.0134625434875488, 1.8545137643814087, 0.7012333869934082, 0.7879852056503296]"
1891.0,2008-03-01T00:00:00.000000000,"[1.8735092878341675, 0.8174067735671997, 1.1914430856704712, 1.2134451866149902]","[1.6298727989196777, 0.47735217213630676, 0.6418001055717468, 0.9481414556503296]"
1891.0,2008-06-01T00:00:00.000000000,"[0.8174067735671997, 1.1914430856704712, 1.2134451866149902, 2.181539297103882]","[0.7092106342315674, 0.9040740728378296, 1.0614087581634521, 1.7979474067687988]"
1891.0,2008-09-01T00:00:00.000000000,"[1.1914430856704712, 1.2134451866149902, 2.181539297103882, 0.7514004111289978]","[0.6622689962387085, 0.9878333806991577, 2.0741212368011475, 0.6816329956054688]"
1891.0,2008-12-01T00:00:00.000000000,"[1.2134451866149902, 2.181539297103882, 0.7514004111289978, 1.301453948020935]","[1.2070834636688232, 2.156208038330078, 0.8885860443115234, 1.0166347026824951]"
1891.0,2009-03-01T00:00:00.000000000,"[2.181539297103882, 0.7514004111289978, 1.301453948020935, 1.477470874786377]","[1.9542617797851562, 0.6554598808288574, 0.8576401472091675, 1.155870795249939]"
1891.0,2009-06-01T00:00:00.000000000,"[0.7514004111289978, 1.301453948020935, 1.477470874786377, 2.6435842514038086]","[0.8751301765441895, 1.0898339748382568, 1.2671966552734375, 2.092503070831299]"
1891.0,2009-09-01T00:00:00.000000000,"[1.301453948020935, 1.477470874786377, 2.6435842514038086, 1.323456048965454]","[0.729344367980957, 1.09285569190979, 2.31003475189209, 0.7468645572662354]"
1891.0,2009-12-01T00:00:00.000000000,"[1.477470874786377, 2.6435842514038086, 1.323456048965454, 1.9395159482955933]","[1.3625402450561523, 2.413591146469116, 1.0244084596633911, 1.166189193725586]"
1891.0,2010-03-01T00:00:00.000000000,"[2.6435842514038086, 1.323456048965454, 1.9395159482955933, 2.2475459575653076]","[2.3340981006622314, 0.7914791107177734, 1.047725796699524, 1.4034682512283325]"
1891.0,2010-06-01T00:00:00.000000000,"[1.323456048965454, 1.9395159482955933, 2.2475459575653076, 3.1936378479003906]","[1.0784471035003662, 1.3365365266799927, 1.5542502403259277, 2.5666236877441406]"
1891.0,2010-09-01T00:00:00.000000000,"[1.9395159482955933, 2.2475459575653076, 3.1936378479003906, 1.8075029850006104]","[0.9805263876914978, 1.413623332977295, 2.878580093383789, 1.0694780349731445]"
1891.0,2010-12-01T00:00:00.000000000,"[2.2475459575653076, 3.1936378479003906, 1.8075029850006104, 2.2475459575653076]","[1.7102906703948975, 2.933760166168213, 1.405747413635254, 1.57478666305542]"
1891.0,2011-03-01T00:00:00.000000000,"[3.1936378479003906, 1.8075029850006104, 2.2475459575653076, 2.6435842514038086]","[3.195545196533203, 1.2731860876083374, 1.5537832975387573, 1.9887657165527344]"
1891.0,2011-06-01T00:00:00.000000000,"[1.8075029850006104, 2.2475459575653076, 2.6435842514038086, 3.523669719696045]","[1.395484209060669, 1.6893597841262817, 1.9620789289474487, 3.036548614501953]"
1891.0,2011-09-01T00:00:00.000000000,"[2.2475459575653076, 2.6435842514038086, 3.523669719696045, 1.8075029850006104]","[1.2677969932556152, 1.7794981002807617, 3.5196967124938965, 1.4246885776519775]"
1891.0,2011-12-01T00:00:00.000000000,"[2.6435842514038086, 3.523669719696045, 1.8075029850006104, 2.4015607833862305]","[2.1002559661865234, 3.3304762840270996, 1.7406712770462036, 1.9064435958862305]"
1891.0,2012-03-01T00:00:00.000000000,"[3.523669719696045, 1.8075029850006104, 2.4015607833862305, 2.6435842514038086]","[3.8348255157470703, 1.6376420259475708, 1.9450150728225708, 2.4171411991119385]"
1891.0,2012-06-01T00:00:00.000000000,"[1.8075029850006104, 2.4015607833862305, 2.6435842514038086, 3.4576635360717773]","[1.8110756874084473, 2.054285764694214, 2.336667537689209, 3.443835735321045]"
1891.0,2012-09-01T00:00:00.000000000,"[2.4015607833862305, 2.6435842514038086, 3.4576635360717773, 1.9395159482955933]","[1.555281400680542, 2.0842385292053223, 3.925255298614502, 1.6855430603027344]"
1891.0,2012-12-01T00:00:00.000000000,"[2.6435842514038086, 3.4576635360717773, 1.9395159482955933, 2.929612159729004]","[2.4116687774658203, 3.752258777618408, 2.06467342376709, 2.201820135116577]"
1891.0,2013-03-01T00:00:00.000000000,"[3.4576635360717773, 1.9395159482955933, 2.929612159729004, 2.929612159729004]","[4.147390842437744, 1.8218650817871094, 2.185593605041504, 2.6315107345581055]"
2136.0,2006-06-01T00:00:00.000000000,"[1.301453948020935, 1.2574495077133179, 0.8614109754562378, 1.5434772968292236]","[0.9023987054824829, 0.9966897964477539, 0.7923609018325806, 0.8346025943756104]"
2136.0,2006-09-01T00:00:00.000000000,"[1.2574495077133179, 0.8614109754562378, 1.5434772968292236, 1.5874814987182617]","[1.0569061040878296, 0.8245121836662292, 0.7821298837661743, 0.8574713468551636]"
2136.0,2006-12-01T00:00:00.000000000,"[0.8614109754562378, 1.5434772968292236, 1.5874814987182617, 1.5874814987182617]","[0.784275233745575, 0.9555702209472656, 0.9591842293739319, 0.8547556400299072]"
2136.0,2007-03-01T00:00:00.000000000,"[1.5434772968292236, 1.5874814987182617, 1.5874814987182617, 1.2574495077133179]","[0.7390903234481812, 0.8421005606651306, 0.9145386815071106, 0.6974911689758301]"
2136.0,2007-06-01T00:00:00.000000000,"[1.5874814987182617, 1.5874814987182617, 1.2574495077133179, 1.6314857006072998]","[1.2950490713119507, 1.259186029434204, 0.9950426816940308, 1.086384892463684]"
2136.0,2007-09-01T00:00:00.000000000,"[1.5874814987182617, 1.2574495077133179, 1.6314857006072998, 1.3674603700637817]","[1.4685194492340088, 1.0333226919174194, 1.0292171239852905, 1.17710542678833]"
2136.0,2007-12-01T00:00:00.000000000,"[1.2574495077133179, 1.6314857006072998, 1.3674603700637817, 1.5214751958847046]","[1.0856763124465942, 1.253994345664978, 1.2897717952728271, 1.138733983039856]"
2136.0,2008-03-01T00:00:00.000000000,"[1.6314857006072998, 1.3674603700637817, 1.5214751958847046, 1.1914430856704712]","[1.175102710723877, 1.215876817703247, 1.1791050434112549, 0.915427029132843]"
2136.0,2008-06-01T00:00:00.000000000,"[1.3674603700637817, 1.5214751958847046, 1.1914430856704712, 1.3894624710083008]","[1.6464678049087524, 1.4885237216949463, 1.2238773107528687, 1.3268697261810303]"
2136.0,2008-09-01T00:00:00.000000000,"[1.5214751958847046, 1.1914430856704712, 1.3894624710083008, 1.4114645719528198]","[1.5382179021835327, 1.0939044952392578, 1.1754658222198486, 1.2693618535995483]"
2136.0,2008-12-01T00:00:00.000000000,"[1.1914430856704712, 1.3894624710083008, 1.4114645719528198, 1.455468773841858]","[1.1963615417480469, 1.4561331272125244, 1.4150493144989014, 1.3244361877441406]"
2136.0,2009-03-01T00:00:00.000000000,"[1.3894624710083008, 1.4114645719528198, 1.455468773841858, 1.1914430856704712]","[1.3717615604400635, 1.3607535362243652, 1.2408342361450195, 1.0579898357391357]"
2136.0,2009-06-01T00:00:00.000000000,"[1.4114645719528198, 1.455468773841858, 1.1914430856704712, 1.8735092878341675]","[1.5938663482666016, 1.4976985454559326, 1.3031165599822998, 1.3550268411636353]"
2136.0,2009-09-01T00:00:00.000000000,"[1.455468773841858, 1.1914430856704712, 1.8735092878341675, 1.9395159482955933]","[1.5671727657318115, 1.1907014846801758, 1.3821053504943848, 1.4425578117370605]"
2136.0,2009-12-01T00:00:00.000000000,"[1.1914430856704712, 1.8735092878341675, 1.9395159482955933, 1.9835201501846313]","[1.3215051889419556, 1.440382480621338, 1.499700903892517, 1.5374609231948853]"
2136.0,2010-03-01T00:00:00.000000000,"[1.8735092878341675, 1.9395159482955933, 1.9835201501846313, 1.7634987831115723]","[1.4150673151016235, 1.4647133350372314, 1.44840407371521, 1.259088158607483]"
2136.0,2010-06-01T00:00:00.000000000,"[1.9395159482955933, 1.9835201501846313, 1.7634987831115723, 1.9395159482955933]","[1.7687329053878784, 1.678542137145996, 1.5552468299865723, 1.6850841045379639]"
2136.0,2010-09-01T00:00:00.000000000,"[1.9835201501846313, 1.7634987831115723, 1.9395159482955933, 2.0055222511291504]","[1.827988624572754, 1.4918849468231201, 1.7588516473770142, 1.8995133638381958]"
2136.0,2010-12-01T00:00:00.000000000,"[1.7634987831115723, 1.9395159482955933, 2.0055222511291504, 2.0495264530181885]","[1.6010472774505615, 1.8049259185791016, 1.824566125869751, 1.9006849527359009]"
2136.0,2011-03-01T00:00:00.000000000,"[1.9395159482955933, 2.0055222511291504, 2.0495264530181885, 1.7855008840560913]","[1.8695793151855469, 1.940254807472229, 1.7767963409423828, 1.5719796419143677]"
2136.0,2011-06-01T00:00:00.000000000,"[2.0055222511291504, 2.0495264530181885, 1.7855008840560913, 2.071528673171997]","[1.992851734161377, 1.885129451751709, 1.7232542037963867, 1.8113583326339722]"
2136.0,2011-09-01T00:00:00.000000000,"[2.0495264530181885, 1.7855008840560913, 2.071528673171997, 1.8955113887786865]","[1.9287633895874023, 1.7084896564483643, 1.949535608291626, 2.0317890644073486]"
2136.0,2011-12-01T00:00:00.000000000,"[1.7855008840560913, 2.071528673171997, 1.8955113887786865, 2.0495264530181885]","[1.786334753036499, 1.981102466583252, 1.9772651195526123, 1.9990999698638916]"
2136.0,2012-03-01T00:00:00.000000000,"[2.071528673171997, 1.8955113887786865, 2.0495264530181885, 1.9615180492401123]","[1.9272658824920654, 2.1813549995422363, 1.9416346549987793, 1.6297647953033447]"
2136.0,2012-06-01T00:00:00.000000000,"[1.8955113887786865, 2.0495264530181885, 1.9615180492401123, 2.181539297103882]","[2.0412979125976562, 2.0545761585235596, 1.812162160873413, 1.8943259716033936]"
2136.0,2012-09-01T00:00:00.000000000,"[2.0495264530181885, 1.9615180492401123, 2.181539297103882, 2.313552141189575]","[1.9154611825942993, 1.7744985818862915, 1.9590039253234863, 1.9516947269439697]"
2136.0,2012-12-01T00:00:00.000000000,"[1.9615180492401123, 2.181539297103882, 2.313552141189575, 2.4015607833862305]","[1.8771601915359497, 2.0707755088806152, 2.0127012729644775, 2.0296292304992676]"
2136.0,2013-03-01T00:00:00.000000000,"[2.181539297103882, 2.313552141189575, 2.4015607833862305, 2.181539297103882]","[2.0495195388793945, 2.246854543685913, 2.0997166633605957, 1.7785859107971191]"
2285.0,2006-06-01T00:00:00.000000000,"[4.227738380432129, 4.007717132568359, 4.381753444671631, 3.633680582046509]","[2.5004281997680664, 2.487138509750366, 2.7111496925354004, 2.4742698669433594]"
2285.0,2006-09-01T00:00:00.000000000,"[4.007717132568359, 4.381753444671631, 3.633680582046509, 2.8636057376861572]","[2.899106502532959, 2.9846153259277344, 3.3869330883026123, 3.4472060203552246]"
2285.0,2006-12-01T00:00:00.000000000,"[4.381753444671631, 3.633680582046509, 2.8636057376861572, 4.8437981605529785]","[3.1324245929718018, 3.3845643997192383, 3.2194666862487793, 2.521533489227295]"
2285.0,2007-03-01T00:00:00.000000000,"[3.633680582046509, 2.8636057376861572, 4.8437981605529785, 2.819601535797119]","[3.284228563308716, 3.6068949699401855, 2.856722116470337, 3.6605043411254883]"
2285.0,2007-06-01T00:00:00.000000000,"[2.8636057376861572, 4.8437981605529785, 2.819601535797119, 3.127631425857544]","[2.8481903076171875, 2.7927017211914062, 3.049050807952881, 2.5938305854797363]"
2285.0,2007-09-01T00:00:00.000000000,"[4.8437981605529785, 2.819601535797119, 3.127631425857544, -1.6688350439071655]","[2.49959659576416, 2.5294570922851562, 2.5919055938720703, 2.744101047515869]"
2285.0,2007-12-01T00:00:00.000000000,"[2.819601535797119, 3.127631425857544, -1.6688350439071655, 7.022010326385498]","[3.213221788406372, 3.198845863342285, 3.3966312408447266, 2.8953917026519775]"
2285.0,2008-03-01T00:00:00.000000000,"[3.127631425857544, -1.6688350439071655, 7.022010326385498, 4.733787536621094]","[2.9246256351470947, 2.986924648284912, 3.1261978149414062, 3.478687286376953]"
2285.0,2008-06-01T00:00:00.000000000,"[-1.6688350439071655, 7.022010326385498, 4.733787536621094, 3.721689224243164]","[2.937474250793457, 2.9349141120910645, 3.0539543628692627, 3.035649061203003]"
2285.0,2008-09-01T00:00:00.000000000,"[7.022010326385498, 4.733787536621094, 3.721689224243164, 4.909804821014404]","[2.0919229984283447, 2.121105909347534, 2.142188310623169, 2.208329439163208]"
2285.0,2008-12-01T00:00:00.000000000,"[4.733787536621094, 3.721689224243164, 4.909804821014404, 5.283841133117676]","[3.615316152572632, 4.177644729614258, 4.037747859954834, 4.390568733215332]"
2285.0,2009-03-01T00:00:00.000000000,"[3.721689224243164, 4.909804821014404, 5.283841133117676, 6.031913757324219]","[4.213640213012695, 3.538750648498535, 4.087072372436523, 5.06150484085083]"
2285.0,2009-06-01T00:00:00.000000000,"[4.909804821014404, 5.283841133117676, 6.031913757324219, 7.308038234710693]","[4.283469200134277, 5.168967247009277, 4.8030290603637695, 5.041675567626953]"
2285.0,2009-09-01T00:00:00.000000000,"[5.283841133117676, 6.031913757324219, 7.308038234710693, 6.62597131729126]","[3.4064133167266846, 3.6900224685668945, 3.7038888931274414, 3.477749824523926]"
2285.0,2009-12-01T00:00:00.000000000,"[6.031913757324219, 7.308038234710693, 6.62597131729126, 7.176024913787842]","[4.068994522094727, 3.9771413803100586, 4.3880486488342285, 3.556427478790283]"
2285.0,2010-03-01T00:00:00.000000000,"[7.308038234710693, 6.62597131729126, 7.176024913787842, 11.35643196105957]","[3.9068472385406494, 4.139489650726318, 4.462341785430908, 5.115765571594238]"
2285.0,2010-06-01T00:00:00.000000000,"[6.62597131729126, 7.176024913787842, 11.35643196105957, 6.2519354820251465]","[5.169310569763184, 5.319142818450928, 6.100574493408203, 6.024408340454102]"
2285.0,2010-09-01T00:00:00.000000000,"[7.176024913787842, 11.35643196105957, 6.2519354820251465, -13.505987167358398]","[4.742084503173828, 5.677329063415527, 4.736323356628418, 4.188238143920898]"
2285.0,2010-12-01T00:00:00.000000000,"[11.35643196105957, 6.2519354820251465, -13.505987167358398, 2.4895694255828857]","[7.592561721801758, 5.780527591705322, 6.009601593017578, 6.941215991973877]"
2285.0,2011-03-01T00:00:00.000000000,"[6.2519354820251465, -13.505987167358398, 2.4895694255828857, -5.827239513397217]","[8.657014846801758, 7.597186088562012, 8.064934730529785, 9.263471603393555]"
2285.0,2011-06-01T00:00:00.000000000,"[-13.505987167358398, 2.4895694255828857, -5.827239513397217, -4.441104888916016]","[6.474259376525879, 6.970823287963867, 8.13036823272705, 6.629481315612793]"
2285.0,2011-09-01T00:00:00.000000000,"[2.4895694255828857, -5.827239513397217, -4.441104888916016, -11.239766120910645]","[-0.4412047863006592, -0.11393928527832031, 0.08897161483764648, 0.6282267570495605]"
2285.0,2011-12-01T00:00:00.000000000,"[-5.827239513397217, -4.441104888916016, -11.239766120910645, -3.7590384483337402]","[4.621084213256836, 3.2873237133026123, 2.941112995147705, 3.8051300048828125]"
2285.0,2012-03-01T00:00:00.000000000,"[-4.441104888916016, -11.239766120910645, -3.7590384483337402, -9.919637680053711]","[2.6774795055389404, 2.766416072845459, 2.8274850845336914, 3.009373426437378]"
2285.0,2012-06-01T00:00:00.000000000,"[-11.239766120910645, -3.7590384483337402, -9.919637680053711, -4.067068576812744]","[2.4863128662109375, 2.580596923828125, 2.6452293395996094, 2.8373894691467285]"
2285.0,2012-09-01T00:00:00.000000000,"[-3.7590384483337402, -9.919637680053711, -4.067068576812744, 0.17934469878673553]","[-0.19902968406677246, 0.07320356369018555, 0.2454242706298828, 0.7144502401351929]"
2285.0,2012-12-01T00:00:00.000000000,"[-9.919637680053711, -4.067068576812744, 0.17934469878673553, -2.020869493484497]","[2.3278729915618896, 2.3984055519104004, 2.449153423309326, 2.60115385055542]"
2285.0,2013-03-01T00:00:00.000000000,"[-4.067068576812744, 0.17934469878673553, -2.020869493484497, -17.620386123657227]","[1.380474328994751, 1.5068316459655762, 1.5929417610168457, 1.847435712814331]"
2574.0,2006-06-01T00:00:00.000000000,"[-0.31196311116218567, -0.3267045319080353, -0.3414459824562073, -0.37070879340171814]","[-0.3433624505996704, -0.3641864061355591, -0.367242693901062, -0.3860522508621216]"
2574.0,2006-09-01T00:00:00.000000000,"[-0.3267045319080353, -0.3414459824562073, -0.37070879340171814, -0.28996095061302185]","[-0.33736419677734375, -0.3296993374824524, -0.33790022134780884, -0.31015390157699585]"
2574.0,2006-12-01T00:00:00.000000000,"[-0.3414459824562073, -0.37070879340171814, -0.28996095061302185, -0.31944382190704346]","[-0.34920239448547363, -0.3532533049583435, -0.3154354691505432, -0.31682321429252625]"
2574.0,2007-03-01T00:00:00.000000000,"[-0.37070879340171814, -0.28996095061302185, -0.31944382190704346, -0.3487066924571991]","[-0.3561827540397644, -0.3098108470439911, -0.33834147453308105, -0.3455565869808197]"
2574.0,2007-06-01T00:00:00.000000000,"[-0.28996095061302185, -0.31944382190704346, -0.3487066924571991, -0.4294545352458954]","[-0.3257155120372772, -0.3359185755252838, -0.35107100009918213, -0.38234633207321167]"
2574.0,2007-09-01T00:00:00.000000000,"[-0.31944382190704346, -0.3487066924571991, -0.4294545352458954, -0.35596737265586853]","[-0.3142859935760498, -0.31586235761642456, -0.32942190766334534, -0.3015722632408142]"
2574.0,2007-12-01T00:00:00.000000000,"[-0.3487066924571991, -0.4294545352458954, -0.35596737265586853, -0.3487066924571991]","[-0.3426024615764618, -0.33620965480804443, -0.30087602138519287, -0.31003251671791077]"
2574.0,2008-03-01T00:00:00.000000000,"[-0.4294545352458954, -0.35596737265586853, -0.3487066924571991, -0.3414459824562073]","[-0.34542590379714966, -0.30011147260665894, -0.33893123269081116, -0.3501797914505005]"
2574.0,2008-06-01T00:00:00.000000000,"[-0.35596737265586853, -0.3487066924571991, -0.3414459824562073, -0.3267045319080353]","[-0.3595411479473114, -0.3582017719745636, -0.36483150720596313, -0.3951968848705292]"
2574.0,2008-09-01T00:00:00.000000000,"[-0.3487066924571991, -0.3414459824562073, -0.3267045319080353, -0.23143525421619415]","[-0.361085444688797, -0.36060407757759094, -0.35657811164855957, -0.3367820382118225]"
2574.0,2008-12-01T00:00:00.000000000,"[-0.3414459824562073, -0.3267045319080353, -0.23143525421619415, -0.3267045319080353]","[-0.3556392788887024, -0.35013556480407715, -0.32819288969039917, -0.32468661665916443]"
2574.0,2009-03-01T00:00:00.000000000,"[-0.3267045319080353, -0.23143525421619415, -0.3267045319080353, -0.23143525421619415]","[-0.343038946390152, -0.32513919472694397, -0.3304012715816498, -0.33989623188972473]"
2574.0,2009-06-01T00:00:00.000000000,"[-0.23143525421619415, -0.3267045319080353, -0.23143525421619415, -0.12868529558181763]","[-0.3328918218612671, -0.32022106647491455, -0.32853132486343384, -0.3620549142360687]"
2574.0,2009-09-01T00:00:00.000000000,"[-0.3267045319080353, -0.23143525421619415, -0.12868529558181763, 0.04007112979888916]","[-0.3093990087509155, -0.30835479497909546, -0.31645384430885315, -0.28437602519989014]"
2574.0,2009-12-01T00:00:00.000000000,"[-0.23143525421619415, -0.12868529558181763, 0.04007112979888916, 0.06933397799730301]","[-0.32750558853149414, -0.32659581303596497, -0.30827081203460693, -0.3184373378753662]"
2574.0,2010-03-01T00:00:00.000000000,"[-0.12868529558181763, 0.04007112979888916, 0.06933397799730301, 0.04007112979888916]","[-0.28768789768218994, -0.23367850482463837, -0.2880646586418152, -0.2993219494819641]"
2574.0,2010-06-01T00:00:00.000000000,"[0.04007112979888916, 0.06933397799730301, 0.04007112979888916, 0.047331858426332474]","[-0.13484182953834534, -0.2159077674150467, -0.24477306008338928, -0.23486138880252838]"
2574.0,2010-09-01T00:00:00.000000000,"[0.06933397799730301, 0.04007112979888916, 0.047331858426332474, 0.09133616089820862]","[-0.14265590906143188, -0.17798742651939392, -0.19045954942703247, -0.08256176114082336]"
2574.0,2010-12-01T00:00:00.000000000,"[0.04007112979888916, 0.047331858426332474, 0.09133616089820862, 0.09133616089820862]","[-0.14283496141433716, -0.1753806471824646, -0.08405357599258423, -0.1253250241279602]"
2574.0,2011-03-01T00:00:00.000000000,"[0.047331858426332474, 0.09133616089820862, 0.09133616089820862, 0.025329740718007088]","[-0.1458098292350769, -0.09526489675045013, -0.13907502591609955, -0.1614450067281723]"
2574.0,2011-06-01T00:00:00.000000000,"[0.09133616089820862, 0.09133616089820862, 0.025329740718007088, 0.03259040787816048]","[0.04393091797828674, -0.10776723921298981, -0.13073350489139557, -0.09560523927211761]"
2574.0,2011-09-01T00:00:00.000000000,"[0.09133616089820862, 0.025329740718007088, 0.03259040787816048, -0.22395452857017517]","[0.033937424421310425, -0.09842833876609802, -0.09536345303058624, 0.0077415406703948975]"
2574.0,2011-12-01T00:00:00.000000000,"[0.025329740718007088, 0.03259040787816048, -0.22395452857017517, 0.003327556187286973]","[0.010405153036117554, -0.07874123752117157, 0.012078464031219482, -0.020555555820465088]"
2574.0,2012-03-01T00:00:00.000000000,"[0.03259040787816048, -0.22395452857017517, 0.003327556187286973, 0.06207331269979477]","[-0.010284185409545898, 0.003584563732147217, -0.05808374285697937, -0.05141949653625488]"
2574.0,2012-06-01T00:00:00.000000000,"[-0.22395452857017517, 0.003327556187286973, 0.06207331269979477, -0.018674563616514206]","[0.14840388298034668, -0.011001482605934143, -0.028814047574996948, -0.003026634454727173]"
2574.0,2012-09-01T00:00:00.000000000,"[0.003327556187286973, 0.06207331269979477, -0.018674563616514206, 0.15734252333641052]","[-0.06801022589206696, -0.1621270477771759, -0.12706615030765533, -0.08297230303287506]"
2574.0,2012-12-01T00:00:00.000000000,"[0.06207331269979477, -0.018674563616514206, 0.15734252333641052, 0.2453511357307434]","[-0.012205049395561218, -0.03930239379405975, 0.0115252286195755, 0.035278066992759705]"
2574.0,2013-03-01T00:00:00.000000000,"[-0.018674563616514206, 0.15734252333641052, 0.2453511357307434, 0.2233489453792572]","[0.044280558824539185, 0.03032994270324707, 0.04768458008766174, 0.06223708391189575]"
2817.0,2006-06-01T00:00:00.000000000,"[3.017620801925659, 3.083627223968506, 2.269547939300537, 3.083627223968506]","[3.044752597808838, 3.088646650314331, 3.3370771408081055, 3.3292253017425537]"
2817.0,2006-09-01T00:00:00.000000000,"[3.083627223968506, 2.269547939300537, 3.083627223968506, 2.0935308933258057]","[2.7812252044677734, 2.8383095264434814, 2.9664406776428223, 3.2028746604919434]"
2817.0,2006-12-01T00:00:00.000000000,"[2.269547939300537, 3.083627223968506, 2.0935308933258057, 0.9494196176528931]","[2.910933494567871, 2.912397861480713, 3.049827814102173, 2.9649147987365723]"
2817.0,2007-03-01T00:00:00.000000000,"[3.083627223968506, 2.0935308933258057, 0.9494196176528931, 0.9274174571037292]","[2.7173311710357666, 2.7066800594329834, 2.761035919189453, 2.7072558403015137]"
2817.0,2007-06-01T00:00:00.000000000,"[2.0935308933258057, 0.9494196176528931, 0.9274174571037292, 0.7734025120735168]","[3.074258327484131, 3.0989348888397217, 3.2827906608581543, 3.2762484550476074]"
2817.0,2007-09-01T00:00:00.000000000,"[0.9494196176528931, 0.9274174571037292, 0.7734025120735168, 1.6974923610687256]","[2.6170380115509033, 2.6153721809387207, 2.6507062911987305, 2.663931131362915]"
2817.0,2007-12-01T00:00:00.000000000,"[0.9274174571037292, 0.7734025120735168, 1.6974923610687256, 1.1694409847259521]","[2.0444416999816895, 2.0853874683380127, 2.127718925476074, 2.2070538997650146]"
2817.0,2008-03-01T00:00:00.000000000,"[0.7734025120735168, 1.6974923610687256, 1.1694409847259521, 1.125436782836914]","[1.8329355716705322, 1.8875524997711182, 1.927034616470337, 2.0247764587402344]"
2817.0,2008-06-01T00:00:00.000000000,"[1.6974923610687256, 1.1694409847259521, 1.125436782836914, 2.115532875061035]","[2.2122087478637695, 2.2367045879364014, 2.2646589279174805, 2.3187003135681152]"
2817.0,2008-09-01T00:00:00.000000000,"[1.1694409847259521, 1.125436782836914, 2.115532875061035, 2.577577829360962]","[2.2713119983673096, 2.3414435386657715, 2.416196823120117, 2.661672830581665]"
2817.0,2008-12-01T00:00:00.000000000,"[1.125436782836914, 2.115532875061035, 2.577577829360962, 3.5896763801574707]","[1.9940844774246216, 2.0455424785614014, 2.0931859016418457, 2.2212259769439697]"
2817.0,2009-03-01T00:00:00.000000000,"[2.115532875061035, 2.577577829360962, 3.5896763801574707, 4.051721572875977]","[2.1587934494018555, 2.1798205375671387, 2.205502986907959, 2.2507312297821045]"
2817.0,2009-06-01T00:00:00.000000000,"[2.577577829360962, 3.5896763801574707, 4.051721572875977, 5.503862380981445]","[2.414638042449951, 2.46132755279541, 2.523611068725586, 2.718214750289917]"
2817.0,2009-09-01T00:00:00.000000000,"[3.5896763801574707, 4.051721572875977, 5.503862380981445, 5.833894729614258]","[2.469578742980957, 2.6305949687957764, 2.7914974689483643, 3.442939043045044]"
2817.0,2009-12-01T00:00:00.000000000,"[4.051721572875977, 5.503862380981445, 5.833894729614258, 5.5918707847595215]","[2.7874326705932617, 2.942166328430176, 3.169312000274658, 3.7636637687683105]"
2817.0,2010-03-01T00:00:00.000000000,"[5.503862380981445, 5.833894729614258, 5.5918707847595215, 4.909804821014404]","[3.302266836166382, 3.4379286766052246, 3.810283899307251, 4.155460357666016]"
2817.0,2010-06-01T00:00:00.000000000,"[5.833894729614258, 5.5918707847595215, 4.909804821014404, 5.76788854598999]","[3.750408172607422, 4.138740539550781, 4.218742370605469, 4.732184410095215]"
2817.0,2010-09-01T00:00:00.000000000,"[5.5918707847595215, 4.909804821014404, 5.76788854598999, 5.525864601135254]","[4.032005310058594, 4.196560382843018, 4.09383487701416, 4.562576770782471]"
2817.0,2010-12-01T00:00:00.000000000,"[4.909804821014404, 5.76788854598999, 5.525864601135254, 5.151828289031982]","[3.859760284423828, 4.357366561889648, 4.07277774810791, 3.9416141510009766]"
2817.0,2011-03-01T00:00:00.000000000,"[5.76788854598999, 5.525864601135254, 5.151828289031982, 5.085822105407715]","[3.90745210647583, 4.462586402893066, 4.059574127197266, 3.9303054809570312]"
2817.0,2011-06-01T00:00:00.000000000,"[5.525864601135254, 5.151828289031982, 5.085822105407715, 2.819601535797119]","[4.423223495483398, 4.436642169952393, 4.185923099517822, 4.425631999969482]"
2817.0,2011-09-01T00:00:00.000000000,"[5.151828289031982, 5.085822105407715, 2.819601535797119, 1.5654793977737427]","[3.9796950817108154, 4.258261680603027, 4.165803909301758, 4.052203178405762]"
2817.0,2011-12-01T00:00:00.000000000,"[5.085822105407715, 2.819601535797119, 1.5654793977737427, 2.2475459575653076]","[4.063694477081299, 4.529485702514648, 3.99365234375, 3.6445162296295166]"
2817.0,2012-03-01T00:00:00.000000000,"[2.819601535797119, 1.5654793977737427, 2.2475459575653076, 3.963712453842163]","[4.33656120300293, 4.739380359649658, 4.4460062980651855, 4.100202560424805]"
2817.0,2012-06-01T00:00:00.000000000,"[1.5654793977737427, 2.2475459575653076, 3.963712453842163, 5.61387300491333]","[3.69033145904541, 3.729971408843994, 3.9262635707855225, 3.951521873474121]"
2817.0,2012-09-01T00:00:00.000000000,"[2.2475459575653076, 3.963712453842163, 5.61387300491333, 5.019815444946289]","[2.734755516052246, 2.7918307781219482, 2.8494975566864014, 2.9594898223876953]"
2817.0,2012-12-01T00:00:00.000000000,"[3.963712453842163, 5.61387300491333, 5.019815444946289, 5.151828289031982]","[2.667217969894409, 2.740220069885254, 2.811591863632202, 2.976166009902954]"
2817.0,2013-03-01T00:00:00.000000000,"[5.61387300491333, 5.019815444946289, 5.151828289031982, 5.217834949493408]","[3.656795024871826, 3.7628142833709717, 3.9742984771728516, 4.287303924560547]"
2968.0,2006-06-01T00:00:00.000000000,"[2.5115716457366943, 2.2915501594543457, 1.9175138473510742, 2.4895694255828857]","[2.024599075317383, 2.1012675762176514, 2.077357292175293, 1.9843095541000366]"
2968.0,2006-09-01T00:00:00.000000000,"[2.2915501594543457, 1.9175138473510742, 2.4895694255828857, 2.6875884532928467]","[2.056452512741089, 2.045180320739746, 2.2260351181030273, 2.0293145179748535]"
2968.0,2006-12-01T00:00:00.000000000,"[1.9175138473510742, 2.4895694255828857, 2.6875884532928467, 2.9956183433532715]","[2.110722064971924, 2.1196272373199463, 2.2397589683532715, 2.0180883407592773]"
2968.0,2007-03-01T00:00:00.000000000,"[2.4895694255828857, 2.6875884532928467, 2.9956183433532715, 2.2035415172576904]","[2.039552927017212, 2.1037511825561523, 2.0590527057647705, 1.8987497091293335]"
2968.0,2007-06-01T00:00:00.000000000,"[2.6875884532928467, 2.9956183433532715, 2.2035415172576904, 2.269547939300537]","[2.013270139694214, 2.0077271461486816, 2.1193671226501465, 2.0784480571746826]"
2968.0,2007-09-01T00:00:00.000000000,"[2.9956183433532715, 2.2035415172576904, 2.269547939300537, 2.7095906734466553]","[2.1115193367004395, 2.087831974029541, 2.2060294151306152, 2.009840488433838]"
2968.0,2007-12-01T00:00:00.000000000,"[2.2035415172576904, 2.269547939300537, 2.7095906734466553, 2.775597333908081]","[2.3131842613220215, 2.3119215965270996, 2.506031036376953, 2.388849973678589]"
2968.0,2008-03-01T00:00:00.000000000,"[2.269547939300537, 2.7095906734466553, 2.775597333908081, 2.775597333908081]","[2.2954907417297363, 2.3477795124053955, 2.3595199584960938, 2.075120687484741]"
2968.0,2008-06-01T00:00:00.000000000,"[2.7095906734466553, 2.775597333908081, 2.775597333908081, 2.929612159729004]","[2.2222847938537598, 2.132991075515747, 2.24843430519104, 2.0812323093414307]"
2968.0,2008-09-01T00:00:00.000000000,"[2.775597333908081, 2.775597333908081, 2.929612159729004, 3.0616250038146973]","[2.4033238887786865, 2.3783931732177734, 2.572244167327881, 2.283552885055542]"
2968.0,2008-12-01T00:00:00.000000000,"[2.775597333908081, 2.929612159729004, 3.0616250038146973, 3.171635627746582]","[2.492664098739624, 2.482819080352783, 2.6951050758361816, 2.508606195449829]"
2968.0,2009-03-01T00:00:00.000000000,"[2.929612159729004, 3.0616250038146973, 3.171635627746582, 3.171635627746582]","[2.579437732696533, 2.7153167724609375, 2.6079208850860596, 2.280909299850464]"
2968.0,2009-06-01T00:00:00.000000000,"[3.0616250038146973, 3.171635627746582, 3.171635627746582, 4.271742820739746]","[2.446223258972168, 2.543161153793335, 2.4340012073516846, 2.3118035793304443]"
2968.0,2009-09-01T00:00:00.000000000,"[3.171635627746582, 3.171635627746582, 4.271742820739746, 4.337749004364014]","[2.6207361221313477, 2.5780885219573975, 2.7165560722351074, 2.4682157039642334]"
2968.0,2009-12-01T00:00:00.000000000,"[3.171635627746582, 4.271742820739746, 4.337749004364014, 4.447759628295898]","[2.6304092407226562, 2.592674732208252, 2.7170417308807373, 2.498368740081787]"
2968.0,2010-03-01T00:00:00.000000000,"[4.271742820739746, 4.337749004364014, 4.447759628295898, 3.6556828022003174]","[2.9118261337280273, 2.8540358543395996, 3.0578644275665283, 2.6539344787597656]"
2968.0,2010-06-01T00:00:00.000000000,"[4.337749004364014, 4.447759628295898, 3.6556828022003174, 5.129826545715332]","[3.348543643951416, 3.589102268218994, 3.261415958404541, 3.1291818618774414]"
2968.0,2010-09-01T00:00:00.000000000,"[4.447759628295898, 3.6556828022003174, 5.129826545715332, 4.82179594039917]","[3.864680051803589, 3.3695712089538574, 3.4570565223693848, 3.6355695724487305]"
2968.0,2010-12-01T00:00:00.000000000,"[3.6556828022003174, 5.129826545715332, 4.82179594039917, 5.1958327293396]","[3.5333690643310547, 3.82717227935791, 3.788870334625244, 3.819277286529541]"
2968.0,2011-03-01T00:00:00.000000000,"[5.129826545715332, 4.82179594039917, 5.1958327293396, 4.953808784484863]","[3.7506113052368164, 3.766903877258301, 3.4988973140716553, 3.3131699562072754]"
2968.0,2011-06-01T00:00:00.000000000,"[4.82179594039917, 5.1958327293396, 4.953808784484863, 1.0154259204864502]","[4.972896575927734, 4.320407867431641, 4.107264518737793, 4.732436656951904]"
2968.0,2011-09-01T00:00:00.000000000,"[5.1958327293396, 4.953808784484863, 1.0154259204864502, 2.335554361343384]","[4.74531364440918, 3.7490084171295166, 4.139293670654297, 4.425374507904053]"
2968.0,2011-12-01T00:00:00.000000000,"[4.953808784484863, 1.0154259204864502, 2.335554361343384, 5.723884105682373]","[4.2519683837890625, 4.61158561706543, 4.533167362213135, 4.669674873352051]"
2968.0,2012-03-01T00:00:00.000000000,"[1.0154259204864502, 2.335554361343384, 5.723884105682373, 7.638070106506348]","[5.265500068664551, 4.4230427742004395, 4.473570346832275, 4.45800256729126]"
2968.0,2012-06-01T00:00:00.000000000,"[2.335554361343384, 5.723884105682373, 7.638070106506348, 9.398241996765137]","[3.0872979164123535, 2.853642463684082, 2.927793264389038, 3.0759353637695312]"
2968.0,2012-09-01T00:00:00.000000000,"[5.723884105682373, 7.638070106506348, 9.398241996765137, 7.616067886352539]","[3.360049247741699, 2.8891711235046387, 3.219006061553955, 3.6225357055664062]"
2968.0,2012-12-01T00:00:00.000000000,"[7.638070106506348, 9.398241996765137, 7.616067886352539, 7.528059482574463]","[4.94316291809082, 4.246451377868652, 4.703785419464111, 5.982389450073242]"
2968.0,2013-03-01T00:00:00.000000000,"[9.398241996765137, 7.616067886352539, 7.528059482574463, 6.62597131729126]","[4.634851455688477, 5.089896202087402, 6.187694549560547, 6.636512756347656]"
2991.0,2006-06-01T00:00:00.000000000,"[5.855896949768066, 5.789890289306641, 3.369654893875122, 0.9714217185974121]","[5.816963195800781, 5.3623456954956055, 5.851825714111328, 5.969755172729492]"
2991.0,2006-09-01T00:00:00.000000000,"[5.789890289306641, 3.369654893875122, 0.9714217185974121, 1.4334666728973389]","[5.232033729553223, 5.478556156158447, 5.872383117675781, 6.5855183601379395]"
2991.0,2006-12-01T00:00:00.000000000,"[3.369654893875122, 0.9714217185974121, 1.4334666728973389, 1.6974923610687256]","[5.560126304626465, 5.690615177154541, 6.048762798309326, 6.322845458984375]"
2991.0,2007-03-01T00:00:00.000000000,"[0.9714217185974121, 1.4334666728973389, 1.6974923610687256, -0.12868529558181763]","[5.535454750061035, 5.493790626525879, 5.75150728225708, 5.239818096160889]"
2991.0,2007-06-01T00:00:00.000000000,"[1.4334666728973389, 1.6974923610687256, -0.12868529558181763, -0.942764401435852]","[3.7551395893096924, 3.8469576835632324, 3.9180662631988525, 4.073131561279297]"
2991.0,2007-09-01T00:00:00.000000000,"[1.6974923610687256, -0.12868529558181763, -0.942764401435852, 0.06933397799730301]","[4.336312294006348, 3.7806756496429443, 3.965355396270752, 4.535581588745117]"
2991.0,2007-12-01T00:00:00.000000000,"[-0.12868529558181763, -0.942764401435852, 0.06933397799730301, 0.37736397981643677]","[3.64638090133667, 3.7638096809387207, 3.8426692485809326, 4.1060919761657715]"
2991.0,2008-03-01T00:00:00.000000000,"[-0.942764401435852, 0.06933397799730301, 0.37736397981643677, -0.23869597911834717]","[3.4470558166503906, 3.547478675842285, 3.6115386486053467, 3.787714958190918]"
2991.0,2008-06-01T00:00:00.000000000,"[0.06933397799730301, 0.37736397981643677, -0.23869597911834717, 2.0055222511291504]","[3.496960163116455, 3.587368965148926, 3.645810604095459, 3.8090057373046875]"
2991.0,2008-09-01T00:00:00.000000000,"[0.37736397981643677, -0.23869597911834717, 2.0055222511291504, 1.301453948020935]","[3.8121509552001953, 3.9147799015045166, 3.989557981491089, 4.272641181945801]"
2991.0,2008-12-01T00:00:00.000000000,"[-0.23869597911834717, 2.0055222511291504, 1.301453948020935, 1.1694409847259521]","[3.5174553394317627, 3.6471753120422363, 3.7400965690612793, 4.0910162925720215]"
2991.0,2009-03-01T00:00:00.000000000,"[2.0055222511291504, 1.301453948020935, 1.1694409847259521, 0.8834132552146912]","[3.307647705078125, 3.3916008472442627, 3.4467830657958984, 3.603780508041382]"
2991.0,2009-06-01T00:00:00.000000000,"[1.301453948020935, 1.1694409847259521, 0.8834132552146912, 3.479665517807007]","[3.8062963485717773, 3.8790342807769775, 3.934032678604126, 4.14661169052124]"
2991.0,2009-09-01T00:00:00.000000000,"[1.1694409847259521, 0.8834132552146912, 3.479665517807007, 3.21563982963562]","[3.7275469303131104, 3.86128830909729, 3.9662256240844727, 4.4222235679626465]"
2991.0,2009-12-01T00:00:00.000000000,"[0.8834132552146912, 3.479665517807007, 3.21563982963562, 3.9417104721069336]","[2.8881900310516357, 2.981313467025757, 3.0430967807769775, 3.2293803691864014]"
2991.0,2010-03-01T00:00:00.000000000,"[3.479665517807007, 3.21563982963562, 3.9417104721069336, 3.5896763801574707]","[2.6677181720733643, 2.7645678520202637, 2.826767921447754, 3.003335952758789]"
2991.0,2010-06-01T00:00:00.000000000,"[3.21563982963562, 3.9417104721069336, 3.5896763801574707, 2.3575565814971924]","[3.736691474914551, 3.9078617095947266, 4.071659564971924, 4.717769622802734]"
2991.0,2010-09-01T00:00:00.000000000,"[3.9417104721069336, 3.5896763801574707, 2.3575565814971924, 3.1936378479003906]","[3.739821672439575, 3.888070583343506, 4.045633316040039, 4.598754405975342]"
2991.0,2010-12-01T00:00:00.000000000,"[3.5896763801574707, 2.3575565814971924, 3.1936378479003906, 2.7095906734466553]","[3.9093105792999268, 3.923959732055664, 3.971226692199707, 4.03041410446167]"
2991.0,2011-03-01T00:00:00.000000000,"[2.3575565814971924, 3.1936378479003906, 2.7095906734466553, 2.577577829360962]","[3.9057557582855225, 3.9227752685546875, 3.968302011489868, 4.030695915222168]"
2991.0,2011-06-01T00:00:00.000000000,"[3.1936378479003906, 2.7095906734466553, 2.577577829360962, 2.1375350952148438]","[3.9957833290100098, 4.019908905029297, 4.089550971984863, 4.210392951965332]"
2991.0,2011-09-01T00:00:00.000000000,"[2.7095906734466553, 2.577577829360962, 2.1375350952148438, -4.1990814208984375]","[3.6177172660827637, 3.727449893951416, 3.8647964000701904, 4.263226509094238]"
2991.0,2011-12-01T00:00:00.000000000,"[2.577577829360962, 2.1375350952148438, -4.1990814208984375, -0.45871737599372864]","[3.274756908416748, 3.327956199645996, 3.3959569931030273, 3.5132930278778076]"
2991.0,2012-03-01T00:00:00.000000000,"[2.1375350952148438, -4.1990814208984375, -0.45871737599372864, -0.722743034362793]","[3.260167121887207, 3.311084747314453, 3.3512661457061768, 3.4586400985717773]"
2991.0,2012-06-01T00:00:00.000000000,"[-4.1990814208984375, -0.45871737599372864, -0.722743034362793, 1.279451608657837]","[3.0534324645996094, 3.110556125640869, 3.167668342590332, 3.2873306274414062]"
2991.0,2012-09-01T00:00:00.000000000,"[-0.45871737599372864, -0.722743034362793, 1.279451608657837, 3.0616250038146973]","[1.6929123401641846, 1.8285629749298096, 1.9145833253860474, 2.150951385498047]"
2991.0,2012-12-01T00:00:00.000000000,"[-0.722743034362793, 1.279451608657837, 3.0616250038146973, 5.811892509460449]","[1.8171937465667725, 1.9257389307022095, 1.9950569868087769, 2.1894235610961914]"
2991.0,2013-03-01T00:00:00.000000000,"[1.279451608657837, 3.0616250038146973, 5.811892509460449, 4.931806564331055]","[1.8608479499816895, 1.955162763595581, 2.0156636238098145, 2.1888797283172607]"
3062.0,2006-06-01T00:00:00.000000000,"[0.9714217185974121, 1.0154259204864502, 1.1914430856704712, 1.1694409847259521]","[0.788070797920227, 0.6983611583709717, 0.6094982028007507, 0.554383397102356]"
3062.0,2006-09-01T00:00:00.000000000,"[1.0154259204864502, 1.1914430856704712, 1.1694409847259521, 1.1914430856704712]","[0.7312024831771851, 0.7437635660171509, 0.6394856572151184, 0.6788859367370605]"
3062.0,2006-12-01T00:00:00.000000000,"[1.1914430856704712, 1.1694409847259521, 1.1914430856704712, 1.3454581499099731]","[0.7474453449249268, 0.7478619813919067, 0.7385971546173096, 0.6563646197319031]"
3062.0,2007-03-01T00:00:00.000000000,"[1.1694409847259521, 1.1914430856704712, 1.3454581499099731, 1.5654793977737427]","[0.7500965595245361, 0.9619765281677246, 0.7387702465057373, 0.696422278881073]"
3062.0,2007-06-01T00:00:00.000000000,"[1.1914430856704712, 1.3454581499099731, 1.5654793977737427, 1.6094835996627808]","[1.0739071369171143, 0.9220585823059082, 0.7955721020698547, 0.7416091561317444]"
3062.0,2007-09-01T00:00:00.000000000,"[1.3454581499099731, 1.5654793977737427, 1.6094835996627808, 1.6754902601242065]","[1.0220718383789062, 0.9469826221466064, 0.8008527755737305, 0.8148701190948486]"
3062.0,2007-12-01T00:00:00.000000000,"[1.5654793977737427, 1.6094835996627808, 1.6754902601242065, 2.071528673171997]","[1.185360312461853, 1.0233672857284546, 0.9564863443374634, 0.9137570858001709]"
3062.0,2008-03-01T00:00:00.000000000,"[1.6094835996627808, 1.6754902601242065, 2.071528673171997, 1.7855008840560913]","[1.2064670324325562, 1.2570236921310425, 1.0443083047866821, 1.048224925994873]"
3062.0,2008-06-01T00:00:00.000000000,"[1.6754902601242065, 2.071528673171997, 1.7855008840560913, 1.7414965629577637]","[1.50247061252594, 1.251731514930725, 1.120720386505127, 1.106211543083191]"
3062.0,2008-09-01T00:00:00.000000000,"[2.071528673171997, 1.7855008840560913, 1.7414965629577637, 0.9494196176528931]","[1.4755971431732178, 1.3376312255859375, 1.175537347793579, 1.1892063617706299]"
3062.0,2008-12-01T00:00:00.000000000,"[1.7855008840560913, 1.7414965629577637, 0.9494196176528931, 2.4895694255828857]","[1.8144190311431885, 1.51444673538208, 1.4154682159423828, 1.4715147018432617]"
3062.0,2009-03-01T00:00:00.000000000,"[1.7414965629577637, 0.9494196176528931, 2.4895694255828857, 2.181539297103882]","[1.683344841003418, 1.4473886489868164, 1.4451186656951904, 1.4495595693588257]"
3062.0,2009-06-01T00:00:00.000000000,"[0.9494196176528931, 2.4895694255828857, 2.181539297103882, 2.313552141189575]","[1.7859714031219482, 1.559626579284668, 1.544887900352478, 1.5400797128677368]"
3062.0,2009-09-01T00:00:00.000000000,"[2.4895694255828857, 2.181539297103882, 2.313552141189575, 3.1936378479003906]","[1.5483620166778564, 1.2639966011047363, 1.4218510389328003, 1.3657114505767822]"
3062.0,2009-12-01T00:00:00.000000000,"[2.181539297103882, 2.313552141189575, 3.1936378479003906, 3.5456719398498535]","[2.308643341064453, 1.9798319339752197, 1.9524626731872559, 2.284663677215576]"
3062.0,2010-03-01T00:00:00.000000000,"[2.313552141189575, 3.1936378479003906, 3.5456719398498535, 3.171635627746582]","[2.2193703651428223, 1.643885850906372, 2.031912326812744, 2.1794962882995605]"
3062.0,2010-06-01T00:00:00.000000000,"[3.1936378479003906, 3.5456719398498535, 3.171635627746582, 3.3476529121398926]","[2.015747547149658, 2.3401710987091064, 2.1754491329193115, 2.230203628540039]"
3062.0,2010-09-01T00:00:00.000000000,"[3.5456719398498535, 3.171635627746582, 3.3476529121398926, 3.8537018299102783]","[3.0306174755096436, 2.4190680980682373, 2.3598291873931885, 2.657052755355835]"
3062.0,2010-12-01T00:00:00.000000000,"[3.171635627746582, 3.3476529121398926, 3.8537018299102783, 4.403755187988281]","[3.220487594604492, 2.574237823486328, 2.6263763904571533, 3.045860767364502]"
3062.0,2011-03-01T00:00:00.000000000,"[3.3476529121398926, 3.8537018299102783, 4.403755187988281, 4.2937445640563965]","[2.901597023010254, 2.525463104248047, 2.7483971118927, 2.9465174674987793]"
3062.0,2011-06-01T00:00:00.000000000,"[3.8537018299102783, 4.403755187988281, 4.2937445640563965, 4.051721572875977]","[3.146073818206787, 2.8870649337768555, 2.860705852508545, 3.0555295944213867]"
3062.0,2011-09-01T00:00:00.000000000,"[4.403755187988281, 4.2937445640563965, 4.051721572875977, 2.269547939300537]","[3.9929141998291016, 3.123992919921875, 3.1223223209381104, 3.490983009338379]"
3062.0,2011-12-01T00:00:00.000000000,"[4.2937445640563965, 4.051721572875977, 2.269547939300537, 5.415853977203369]","[4.105311393737793, 3.3609089851379395, 3.467705726623535, 3.963827133178711]"
3062.0,2012-03-01T00:00:00.000000000,"[4.051721572875977, 2.269547939300537, 5.415853977203369, 5.063819408416748]","[3.9306015968322754, 3.4201741218566895, 3.6020607948303223, 3.890408992767334]"
3062.0,2012-06-01T00:00:00.000000000,"[2.269547939300537, 5.415853977203369, 5.063819408416748, 4.513765811920166]","[4.063275337219238, 3.6092135906219482, 3.617518424987793, 3.8068435192108154]"
3062.0,2012-09-01T00:00:00.000000000,"[5.415853977203369, 5.063819408416748, 4.513765811920166, 4.733787536621094]","[3.7649450302124023, 3.0968427658081055, 3.2852165699005127, 3.3502721786499023]"
3062.0,2012-12-01T00:00:00.000000000,"[5.063819408416748, 4.513765811920166, 4.733787536621094, 6.1419243812561035]","[5.087777137756348, 4.245598316192627, 4.378344535827637, 5.207851409912109]"
3062.0,2013-03-01T00:00:00.000000000,"[4.513765811920166, 4.733787536621094, 6.1419243812561035, 5.371849536895752]","[4.977084159851074, 3.885043144226074, 4.505603790283203, 4.985838890075684]"
3144.0,2006-06-01T00:00:00.000000000,"[0.7073960304260254, 0.4653724431991577, 0.26735323667526245, 0.35536178946495056]","[0.658998429775238, 0.4604274034500122, 0.2781131863594055, 0.32417407631874084]"
3144.0,2006-09-01T00:00:00.000000000,"[0.4653724431991577, 0.26735323667526245, 0.35536178946495056, 0.6853939294815063]","[0.5450981855392456, 0.2939574122428894, 0.4026077687740326, 0.6935107707977295]"
3144.0,2006-12-01T00:00:00.000000000,"[0.26735323667526245, 0.35536178946495056, 0.6853939294815063, 0.42136821150779724]","[0.3494441509246826, 0.4464039206504822, 0.7238450050354004, 0.5592677593231201]"
3144.0,2007-03-01T00:00:00.000000000,"[0.35536178946495056, 0.6853939294815063, 0.42136821150779724, 0.13534040749073029]","[0.5073606371879578, 0.7867640852928162, 0.4337865114212036, 0.35735344886779785]"
3144.0,2007-06-01T00:00:00.000000000,"[0.6853939294815063, 0.42136821150779724, 0.13534040749073029, 0.2893553674221039]","[0.6941994428634644, 0.4929993748664856, 0.310824990272522, 0.3743610382080078]"
3144.0,2007-09-01T00:00:00.000000000,"[0.42136821150779724, 0.13534040749073029, 0.2893553674221039, 0.6193875670433044]","[0.4937792718410492, 0.28824877738952637, 0.3732631206512451, 0.6586509943008423]"
3144.0,2007-12-01T00:00:00.000000000,"[0.13534040749073029, 0.2893553674221039, 0.6193875670433044, 0.37736397981643677]","[0.34594258666038513, 0.4418766498565674, 0.7057235240936279, 0.5354783535003662]"
3144.0,2008-03-01T00:00:00.000000000,"[0.2893553674221039, 0.6193875670433044, 0.37736397981643677, 0.11333828419446945]","[0.475085586309433, 0.7285031080245972, 0.3759525716304779, 0.2989999055862427]"
3144.0,2008-06-01T00:00:00.000000000,"[0.6193875670433044, 0.37736397981643677, 0.11333828419446945, 0.2453511357307434]","[0.603618860244751, 0.4070023000240326, 0.2358146756887436, 0.33112457394599915]"
3144.0,2008-09-01T00:00:00.000000000,"[0.37736397981643677, 0.11333828419446945, 0.2453511357307434, 0.5973852872848511]","[0.42379671335220337, 0.2569526731967926, 0.32731565833091736, 0.5817230939865112]"
3144.0,2008-12-01T00:00:00.000000000,"[0.11333828419446945, 0.2453511357307434, 0.5973852872848511, 0.3993660807609558]","[0.2914188802242279, 0.390636682510376, 0.6408904790878296, 0.4691118896007538]"
3144.0,2009-03-01T00:00:00.000000000,"[0.2453511357307434, 0.5973852872848511, 0.3993660807609558, 0.15734252333641052]","[0.4034402370452881, 0.6398870348930359, 0.3343993127346039, 0.2652743458747864]"
3144.0,2009-06-01T00:00:00.000000000,"[0.5973852872848511, 0.3993660807609558, 0.15734252333641052, 0.33335965871810913]","[0.5409671664237976, 0.38744744658470154, 0.2258138358592987, 0.30035004019737244]"
3144.0,2009-09-01T00:00:00.000000000,"[0.3993660807609558, 0.15734252333641052, 0.33335965871810913, 0.6413896679878235]","[0.45391204953193665, 0.26792582869529724, 0.333830326795578, 0.5672951936721802]"
3144.0,2009-12-01T00:00:00.000000000,"[0.15734252333641052, 0.33335965871810913, 0.6413896679878235, 0.575383186340332]","[0.30778399109840393, 0.4061208963394165, 0.6441017985343933, 0.500759482383728]"
3144.0,2010-03-01T00:00:00.000000000,"[0.33335965871810913, 0.6413896679878235, 0.575383186340332, 0.2453511357307434]","[0.4262136220932007, 0.6662712097167969, 0.3672634959220886, 0.2887857258319855]"
3144.0,2010-06-01T00:00:00.000000000,"[0.6413896679878235, 0.575383186340332, 0.2453511357307434, 0.35536178946495056]","[0.5475695729255676, 0.3947218954563141, 0.23548999428749084, 0.3117874264717102]"
3144.0,2010-09-01T00:00:00.000000000,"[0.575383186340332, 0.2453511357307434, 0.35536178946495056, 0.6853939294815063]","[0.43500539660453796, 0.2972632050514221, 0.3567278981208801, 0.5760742425918579]"
3144.0,2010-12-01T00:00:00.000000000,"[0.2453511357307434, 0.35536178946495056, 0.6853939294815063, 0.5313789248466492]","[0.3055339455604553, 0.4095027446746826, 0.6586443185806274, 0.4909135699272156]"
3144.0,2011-03-01T00:00:00.000000000,"[0.35536178946495056, 0.6853939294815063, 0.5313789248466492, 0.26735323667526245]","[0.3959488272666931, 0.6563151478767395, 0.4349827170372009, 0.2843761146068573]"
3144.0,2011-06-01T00:00:00.000000000,"[0.6853939294815063, 0.5313789248466492, 0.26735323667526245, 0.42136821150779724]","[0.5566789507865906, 0.4628695249557495, 0.28139528632164, 0.3451065421104431]"
3144.0,2011-09-01T00:00:00.000000000,"[0.5313789248466492, 0.26735323667526245, 0.42136821150779724, 0.2233489453792572]","[0.4842427372932434, 0.3262937664985657, 0.38150063157081604, 0.5778639316558838]"
3144.0,2011-12-01T00:00:00.000000000,"[0.26735323667526245, 0.42136821150779724, 0.2233489453792572, 0.5093768239021301]","[0.33828023076057434, 0.4219665825366974, 0.6317590475082397, 0.4645041227340698]"
3144.0,2012-03-01T00:00:00.000000000,"[0.42136821150779724, 0.2233489453792572, 0.5093768239021301, 0.33335965871810913]","[0.3791147470474243, 0.616004467010498, 0.419269323348999, 0.298066645860672]"
3144.0,2012-06-01T00:00:00.000000000,"[0.2233489453792572, 0.5093768239021301, 0.33335965871810913, 0.5093768239021301]","[0.5608668327331543, 0.49771082401275635, 0.3211556673049927, 0.3748687207698822]"
3144.0,2012-09-01T00:00:00.000000000,"[0.5093768239021301, 0.33335965871810913, 0.5093768239021301, 0.7954046130180359]","[0.3424704074859619, 0.27384626865386963, 0.30200570821762085, 0.3939608633518219]"
3144.0,2012-12-01T00:00:00.000000000,"[0.33335965871810913, 0.5093768239021301, 0.7954046130180359, 0.7293981313705444]","[0.3486190140247345, 0.39163416624069214, 0.4949434995651245, 0.41741397976875305]"
3144.0,2013-03-01T00:00:00.000000000,"[0.5093768239021301, 0.7954046130180359, 0.7293981313705444, 0.2893553674221039]","[0.35683566331863403, 0.47883450984954834, 0.33247724175453186, 0.3259243965148926]"
3226.0,2006-06-01T00:00:00.000000000,"[0.13534040749073029, 0.10233722627162933, 0.11333828419446945, 0.19034576416015625]","[0.08354014158248901, -0.04514646530151367, -0.047801077365875244, -0.011842787265777588]"
3226.0,2006-09-01T00:00:00.000000000,"[0.10233722627162933, 0.11333828419446945, 0.19034576416015625, 0.2343500703573227]","[0.09626919031143188, 0.006267905235290527, 0.023431211709976196, 0.085490882396698]"
3226.0,2006-12-01T00:00:00.000000000,"[0.11333828419446945, 0.19034576416015625, 0.2343500703573227, 0.17934469878673553]","[0.08953577280044556, 0.03514114022254944, 0.03938379883766174, 0.0624430775642395]"
3226.0,2007-03-01T00:00:00.000000000,"[0.19034576416015625, 0.2343500703573227, 0.17934469878673553, 0.168343648314476]","[0.10915619134902954, 0.06687238812446594, 0.06238281726837158, 0.08789566159248352]"
3226.0,2007-06-01T00:00:00.000000000,"[0.2343500703573227, 0.17934469878673553, 0.168343648314476, 0.25635218620300293]","[0.24314367771148682, 0.1084313690662384, 0.11280456185340881, 0.15179535746574402]"
3226.0,2007-09-01T00:00:00.000000000,"[0.17934469878673553, 0.168343648314476, 0.25635218620300293, 0.2123478800058365]","[0.2322920709848404, 0.12215782701969147, 0.14659763872623444, 0.22111429274082184]"
3226.0,2007-12-01T00:00:00.000000000,"[0.168343648314476, 0.25635218620300293, 0.2123478800058365, 0.3113575577735901]","[0.21696479618549347, 0.14599917829036713, 0.1731276959180832, 0.18196634948253632]"
3226.0,2008-03-01T00:00:00.000000000,"[0.25635218620300293, 0.2123478800058365, 0.3113575577735901, 0.27835431694984436]","[0.19773197174072266, 0.18935084342956543, 0.1650398075580597, 0.18605923652648926]"
3226.0,2008-06-01T00:00:00.000000000,"[0.2123478800058365, 0.3113575577735901, 0.27835431694984436, 0.4653724431991577]","[0.34027594327926636, 0.22094227373600006, 0.22786618769168854, 0.2518573999404907]"
3226.0,2008-09-01T00:00:00.000000000,"[0.3113575577735901, 0.27835431694984436, 0.4653724431991577, 0.44337034225463867]","[0.24575002491474152, 0.2053229659795761, 0.2191932648420334, 0.25975292921066284]"
3226.0,2008-12-01T00:00:00.000000000,"[0.27835431694984436, 0.4653724431991577, 0.44337034225463867, 0.44337034225463867]","[0.28690439462661743, 0.2815247178077698, 0.28470635414123535, 0.2920236587524414]"
3226.0,2009-03-01T00:00:00.000000000,"[0.4653724431991577, 0.44337034225463867, 0.44337034225463867, 0.37736397981643677]","[0.2810298204421997, 0.29207879304885864, 0.2646941542625427, 0.26286470890045166]"
3226.0,2009-06-01T00:00:00.000000000,"[0.44337034225463867, 0.44337034225463867, 0.37736397981643677, 0.6633917689323425]","[0.4331052303314209, 0.38970619440078735, 0.3558756411075592, 0.3846395015716553]"
3226.0,2009-09-01T00:00:00.000000000,"[0.44337034225463867, 0.37736397981643677, 0.6633917689323425, 0.7293981313705444]","[0.3969639539718628, 0.33031442761421204, 0.353363960981369, 0.4036950170993805]"
3226.0,2009-12-01T00:00:00.000000000,"[0.37736397981643677, 0.6633917689323425, 0.7293981313705444, 0.7293981313705444]","[0.39113080501556396, 0.40390682220458984, 0.40672579407691956, 0.3922491669654846]"
3226.0,2010-03-01T00:00:00.000000000,"[0.6633917689323425, 0.7293981313705444, 0.7293981313705444, 0.7073960304260254]","[0.3920579254627228, 0.4063583016395569, 0.36380669474601746, 0.34293848276138306]"
3226.0,2010-06-01T00:00:00.000000000,"[0.7293981313705444, 0.7293981313705444, 0.7073960304260254, 0.9714217185974121]","[0.6088043451309204, 0.5199291706085205, 0.4964444041252136, 0.5398824214935303]"
3226.0,2010-09-01T00:00:00.000000000,"[0.7293981313705444, 0.7073960304260254, 0.9714217185974121, 1.0154259204864502]","[0.6151741743087769, 0.5197499990463257, 0.5562467575073242, 0.6202636957168579]"
3226.0,2010-12-01T00:00:00.000000000,"[0.7073960304260254, 0.9714217185974121, 1.0154259204864502, 1.0374282598495483]","[0.608905553817749, 0.6202618479728699, 0.6039039492607117, 0.5892654061317444]"
3226.0,2011-03-01T00:00:00.000000000,"[0.9714217185974121, 1.0154259204864502, 1.0374282598495483, 1.0374282598495483]","[0.6999026536941528, 0.6508260369300842, 0.5796866416931152, 0.5726801156997681]"
3226.0,2011-06-01T00:00:00.000000000,"[1.0154259204864502, 1.0374282598495483, 1.0374282598495483, 0.8614109754562378]","[0.9445357918739319, 0.7339335083961487, 0.7260971069335938, 0.8118257522583008]"
3226.0,2011-09-01T00:00:00.000000000,"[1.0374282598495483, 1.0374282598495483, 0.8614109754562378, 0.8174067735671997]","[0.9026733636856079, 0.7549420595169067, 0.7992878556251526, 0.9031857252120972]"
3226.0,2011-12-01T00:00:00.000000000,"[1.0374282598495483, 0.8614109754562378, 0.8174067735671997, 0.7293981313705444]","[0.9181885719299316, 0.8773596286773682, 0.8752655982971191, 0.8862025141716003]"
3226.0,2012-03-01T00:00:00.000000000,"[0.8614109754562378, 0.8174067735671997, 0.7293981313705444, 0.5313789248466492]","[1.0685131549835205, 0.9514111280441284, 0.8585442900657654, 0.8989836573600769]"
3226.0,2012-06-01T00:00:00.000000000,"[0.8174067735671997, 0.7293981313705444, 0.5313789248466492, 0.9714217185974121]","[1.093735933303833, 0.8244925737380981, 0.8932030200958252, 0.9394932985305786]"
3226.0,2012-09-01T00:00:00.000000000,"[0.7293981313705444, 0.5313789248466492, 0.9714217185974121, 1.147438883781433]","[0.9307323098182678, 0.8906390070915222, 0.9260880351066589, 0.9744777083396912]"
3226.0,2012-12-01T00:00:00.000000000,"[0.5313789248466492, 0.9714217185974121, 1.147438883781433, 1.2134451866149902]","[0.8570186495780945, 0.8850031495094299, 0.9228295683860779, 0.897194504737854]"
3226.0,2013-03-01T00:00:00.000000000,"[0.9714217185974121, 1.147438883781433, 1.2134451866149902, 0.9934238195419312]","[0.7969343662261963, 0.8950735926628113, 0.8452727794647217, 0.7872172594070435]"
3980.0,2006-06-01T00:00:00.000000000,"[2.115532875061035, 1.2574495077133179, 2.0935308933258057, 2.0055222511291504]","[2.1776509284973145, 1.1423966884613037, 1.3885891437530518, 1.560447335243225]"
3980.0,2006-09-01T00:00:00.000000000,"[1.2574495077133179, 2.0935308933258057, 2.0055222511291504, 2.4895694255828857]","[1.2699668407440186, 1.5482823848724365, 1.4641709327697754, 1.9822676181793213]"
3980.0,2006-12-01T00:00:00.000000000,"[2.0935308933258057, 2.0055222511291504, 2.4895694255828857, 1.9395159482955933]","[1.3830206394195557, 1.2194898128509521, 1.9914580583572388, 1.2575373649597168]"
3980.0,2007-03-01T00:00:00.000000000,"[2.0055222511291504, 2.4895694255828857, 1.9395159482955933, 2.885607957839966]","[1.6980295181274414, 2.065164089202881, 1.5423635244369507, 1.8901793956756592]"
3980.0,2007-06-01T00:00:00.000000000,"[2.4895694255828857, 1.9395159482955933, 2.885607957839966, 2.2915501594543457]","[2.5948472023010254, 1.353168249130249, 1.7153668403625488, 1.8895169496536255]"
3980.0,2007-09-01T00:00:00.000000000,"[1.9395159482955933, 2.885607957839966, 2.2915501594543457, 2.8636057376861572]","[1.6092681884765625, 1.9542150497436523, 1.8332746028900146, 2.3330914974212646]"
3980.0,2007-12-01T00:00:00.000000000,"[2.885607957839966, 2.2915501594543457, 2.8636057376861572, 1.7194944620132446]","[2.0394420623779297, 1.5858910083770752, 2.2968621253967285, 1.7587475776672363]"
3980.0,2008-03-01T00:00:00.000000000,"[2.2915501594543457, 2.8636057376861572, 1.7194944620132446, 2.7095906734466553]","[2.335249423980713, 2.621798276901245, 2.0415477752685547, 2.4534497261047363]"
3980.0,2008-06-01T00:00:00.000000000,"[2.8636057376861572, 1.7194944620132446, 2.7095906734466553, 2.5995800495147705]","[3.0187759399414062, 1.716538906097412, 2.1172432899475098, 2.224271774291992]"
3980.0,2008-09-01T00:00:00.000000000,"[1.7194944620132446, 2.7095906734466553, 2.5995800495147705, 2.775597333908081]","[2.01338529586792, 2.4481096267700195, 2.2943434715270996, 2.714916229248047]"
3980.0,2008-12-01T00:00:00.000000000,"[2.7095906734466553, 2.5995800495147705, 2.775597333908081, 1.6534881591796875]","[2.4002881050109863, 1.8167569637298584, 2.2197837829589844, 1.9669069051742554]"
3980.0,2009-03-01T00:00:00.000000000,"[2.5995800495147705, 2.775597333908081, 1.6534881591796875, 3.4576635360717773]","[2.525160312652588, 2.927943468093872, 2.4203243255615234, 2.7033400535583496]"
3980.0,2009-06-01T00:00:00.000000000,"[2.775597333908081, 1.6534881591796875, 3.4576635360717773, 3.3476529121398926]","[3.403777599334717, 2.1188411712646484, 2.5703985691070557, 2.682769298553467]"
3980.0,2009-09-01T00:00:00.000000000,"[1.6534881591796875, 3.4576635360717773, 3.3476529121398926, 3.4136593341827393]","[2.2413415908813477, 2.698122024536133, 2.711395740509033, 3.142083168029785]"
3980.0,2009-12-01T00:00:00.000000000,"[3.4576635360717773, 3.3476529121398926, 3.4136593341827393, 2.5555758476257324]","[2.4163241386413574, 2.152440309524536, 2.5091145038604736, 2.158379077911377]"
3980.0,2010-03-01T00:00:00.000000000,"[3.3476529121398926, 3.4136593341827393, 2.5555758476257324, 3.3476529121398926]","[2.912625312805176, 3.4083688259124756, 2.818807601928711, 3.2899813652038574]"
3980.0,2010-06-01T00:00:00.000000000,"[3.4136593341827393, 2.5555758476257324, 3.3476529121398926, 2.8416035175323486]","[3.779820442199707, 2.5696115493774414, 3.153970718383789, 3.344249963760376]"
3980.0,2010-09-01T00:00:00.000000000,"[2.5555758476257324, 3.3476529121398926, 2.8416035175323486, 2.269547939300537]","[2.6308059692382812, 3.210207462310791, 3.1097517013549805, 3.6615641117095947]"
3980.0,2010-12-01T00:00:00.000000000,"[3.3476529121398926, 2.8416035175323486, 2.269547939300537, 1.6534881591796875]","[3.127305507659912, 2.765026092529297, 3.0743117332458496, 2.64058518409729]"
3980.0,2011-03-01T00:00:00.000000000,"[2.8416035175323486, 2.269547939300537, 1.6534881591796875, 2.665586471557617]","[3.0591135025024414, 3.607210159301758, 2.8851585388183594, 3.299225330352783]"
3980.0,2011-06-01T00:00:00.000000000,"[2.269547939300537, 1.6534881591796875, 2.665586471557617, 0.6193875670433044]","[3.6721038818359375, 2.760695695877075, 3.2824807167053223, 3.285754919052124]"
3980.0,2011-09-01T00:00:00.000000000,"[1.6534881591796875, 2.665586471557617, 0.6193875670433044, -0.5247237682342529]","[2.4584555625915527, 2.8610525131225586, 2.7500624656677246, 3.1626062393188477]"
3980.0,2011-12-01T00:00:00.000000000,"[2.665586471557617, 0.6193875670433044, -0.5247237682342529, -1.1407837867736816]","[2.544036865234375, 2.519613265991211, 2.764019012451172, 2.303493022918701]"
3980.0,2012-03-01T00:00:00.000000000,"[0.6193875670433044, -0.5247237682342529, -1.1407837867736816, 0.003327556187286973]","[2.4495644569396973, 2.886606216430664, 2.543515682220459, 2.8635475635528564]"
3980.0,2012-06-01T00:00:00.000000000,"[-0.5247237682342529, -1.1407837867736816, 0.003327556187286973, 1.0374282598495483]","[2.3649206161499023, 2.1734421253204346, 2.3885128498077393, 2.448127508163452]"
3980.0,2012-09-01T00:00:00.000000000,"[-1.1407837867736816, 0.003327556187286973, 1.0374282598495483, 1.0594303607940674]","[1.0516955852508545, 1.2328431606292725, 1.364820122718811, 1.8961238861083984]"
3980.0,2012-12-01T00:00:00.000000000,"[0.003327556187286973, 1.0374282598495483, 1.0594303607940674, 0.11333828419446945]","[1.009035348892212, 1.0871686935424805, 1.1359593868255615, 1.2667700052261353]"
3980.0,2013-03-01T00:00:00.000000000,"[1.0374282598495483, 1.0594303607940674, 0.11333828419446945, 1.6314857006072998]","[1.483988881111145, 1.640594482421875, 1.7604732513427734, 2.281722068786621]"
5568.0,2004-09-01T00:00:00.000000000,"[1.2134451866149902, 1.279451608657837, 1.477470874786377, 0.26735323667526245]","[1.0214433670043945, 1.217564582824707, 1.3089830875396729, 1.0073962211608887]"
5568.0,2004-12-01T00:00:00.000000000,"[1.279451608657837, 1.477470874786377, 0.26735323667526245, 0.6633917689323425]","[1.2766506671905518, 1.3060779571533203, 1.1240293979644775, 1.1256322860717773]"
5568.0,2005-03-01T00:00:00.000000000,"[1.477470874786377, 0.26735323667526245, 0.6633917689323425, 0.9054153561592102]","[1.4722398519515991, 1.0449566841125488, 1.1663439273834229, 1.3097189664840698]"
5568.0,2005-06-01T00:00:00.000000000,"[0.26735323667526245, 0.6633917689323425, 0.9054153561592102, 1.1694409847259521]","[1.1413977146148682, 1.1901183128356934, 1.3492985963821411, 1.5112025737762451]"
5568.0,2005-09-01T00:00:00.000000000,"[0.6633917689323425, 0.9054153561592102, 1.1694409847259521, 1.125436782836914]","[0.7409175634384155, 0.8579243421554565, 1.1327555179595947, 0.7299604415893555]"
5568.0,2005-12-01T00:00:00.000000000,"[0.9054153561592102, 1.1694409847259521, 1.125436782836914, 1.301453948020935]","[0.9480780959129333, 1.04332435131073, 0.830830454826355, 0.8647799491882324]"
5568.0,2006-03-01T00:00:00.000000000,"[1.1694409847259521, 1.125436782836914, 1.301453948020935, 1.147438883781433]","[1.188730239868164, 0.6858611702919006, 0.7943806648254395, 1.0551016330718994]"
5568.0,2006-06-01T00:00:00.000000000,"[1.125436782836914, 1.301453948020935, 1.147438883781433, 1.455468773841858]","[1.018904209136963, 1.1008201837539673, 1.2144899368286133, 1.4902567863464355]"
5568.0,2006-09-01T00:00:00.000000000,"[1.301453948020935, 1.147438883781433, 1.455468773841858, 1.125436782836914]","[1.116700291633606, 1.2171281576156616, 1.3599956035614014, 1.1638860702514648]"
5568.0,2006-12-01T00:00:00.000000000,"[1.147438883781433, 1.455468773841858, 1.125436782836914, 1.279451608657837]","[1.2899638414382935, 1.4638550281524658, 1.229008436203003, 1.3038580417633057]"
5568.0,2007-03-01T00:00:00.000000000,"[1.455468773841858, 1.125436782836914, 1.279451608657837, 1.2574495077133179]","[1.3801939487457275, 1.0615270137786865, 1.1895233392715454, 1.3481401205062866]"
5568.0,2007-06-01T00:00:00.000000000,"[1.125436782836914, 1.279451608657837, 1.2574495077133179, 1.499472975730896]","[1.098997712135315, 1.1854795217514038, 1.3044605255126953, 1.594224452972412]"
5568.0,2007-09-01T00:00:00.000000000,"[1.279451608657837, 1.2574495077133179, 1.499472975730896, 1.0154259204864502]","[1.1998347043991089, 1.3005225658416748, 1.6135647296905518, 1.2122535705566406]"
5568.0,2007-12-01T00:00:00.000000000,"[1.2574495077133179, 1.499472975730896, 1.0154259204864502, 1.147438883781433]","[1.2890162467956543, 1.5949442386627197, 1.2320477962493896, 1.2816836833953857]"
5568.0,2008-03-01T00:00:00.000000000,"[1.499472975730896, 1.0154259204864502, 1.147438883781433, 0.7514004111289978]","[1.3904330730438232, 0.9999268651008606, 1.1039459705352783, 1.2463488578796387]"
5568.0,2008-06-01T00:00:00.000000000,"[1.0154259204864502, 1.147438883781433, 0.7514004111289978, 0.8174067735671997]","[1.122275710105896, 1.1943233013153076, 1.2864387035369873, 1.5321624279022217]"
5568.0,2008-09-01T00:00:00.000000000,"[1.147438883781433, 0.7514004111289978, 0.8174067735671997, 0.8834132552146912]","[1.2051340341567993, 1.299971580505371, 1.5569629669189453, 1.160038709640503]"
5568.0,2008-12-01T00:00:00.000000000,"[0.7514004111289978, 0.8174067735671997, 0.8834132552146912, 0.575383186340332]","[1.2138545513153076, 1.461525797843933, 1.1503945589065552, 1.184661865234375]"
5568.0,2009-03-01T00:00:00.000000000,"[0.8174067735671997, 0.8834132552146912, 0.575383186340332, 1.0594303607940674]","[1.134320855140686, 0.819916307926178, 0.8650025725364685, 0.9652680158615112]"
5568.0,2009-06-01T00:00:00.000000000,"[0.8834132552146912, 0.575383186340332, 1.0594303607940674, 0.8394088745117188]","[0.8858578205108643, 0.9195046424865723, 0.9442414045333862, 1.0439057350158691]"
5568.0,2009-09-01T00:00:00.000000000,"[0.575383186340332, 1.0594303607940674, 0.8394088745117188, 1.0594303607940674]","[1.010299801826477, 1.01895010471344, 1.05989408493042, 1.0056403875350952]"
5568.0,2009-12-01T00:00:00.000000000,"[1.0594303607940674, 0.8394088745117188, 1.0594303607940674, 0.8834132552146912]","[0.9600006341934204, 1.0708736181259155, 0.9267741441726685, 0.9483004808425903]"
5568.0,2010-03-01T00:00:00.000000000,"[0.8394088745117188, 1.0594303607940674, 0.8834132552146912, 1.0154259204864502]","[1.2064886093139648, 0.8993221521377563, 0.9489565491676331, 1.0800254344940186]"
5568.0,2010-06-01T00:00:00.000000000,"[1.0594303607940674, 0.8834132552146912, 1.0154259204864502, 0.7293981313705444]","[0.8737935423851013, 0.9197553992271423, 0.9544230699539185, 1.1013598442077637]"
5568.0,2010-09-01T00:00:00.000000000,"[0.8834132552146912, 1.0154259204864502, 0.7293981313705444, 1.0374282598495483]","[1.0053458213806152, 1.049595594406128, 1.1950756311416626, 1.0159815549850464]"
5680.0,2006-06-01T00:00:00.000000000,"[1.4114645719528198, 2.6435842514038086, 1.7414965629577637, 1.499472975730896]","[0.9414616823196411, 1.452341079711914, 0.8027952313423157, 0.6349234580993652]"
5680.0,2006-09-01T00:00:00.000000000,"[2.6435842514038086, 1.7414965629577637, 1.499472975730896, 1.8515071868896484]","[1.5674409866333008, 1.0656739473342896, 0.7423158288002014, 0.834492564201355]"
5680.0,2006-12-01T00:00:00.000000000,"[1.7414965629577637, 1.499472975730896, 1.8515071868896484, 3.0616250038146973]","[1.4246187210083008, 0.9994823932647705, 1.0964913368225098, 1.6943399906158447]"
5680.0,2007-03-01T00:00:00.000000000,"[1.499472975730896, 1.8515071868896484, 3.0616250038146973, 2.2915501594543457]","[0.6891712546348572, 1.0562472343444824, 2.171501874923706, 0.973074197769165]"
5680.0,2007-06-01T00:00:00.000000000,"[1.8515071868896484, 3.0616250038146973, 2.2915501594543457, 1.8735092878341675]","[1.3462917804718018, 2.116605520248413, 1.1564631462097168, 0.8166319131851196]"
5680.0,2007-09-01T00:00:00.000000000,"[3.0616250038146973, 2.2915501594543457, 1.8735092878341675, 2.4675674438476562]","[2.5257084369659424, 1.602430820465088, 1.1600217819213867, 1.35267972946167]"
5680.0,2007-12-01T00:00:00.000000000,"[2.2915501594543457, 1.8735092878341675, 2.4675674438476562, 3.633680582046509]","[2.2706894874572754, 1.3789970874786377, 1.5057148933410645, 2.333893299102783]"
5680.0,2008-03-01T00:00:00.000000000,"[1.8735092878341675, 2.4675674438476562, 3.633680582046509, 2.819601535797119]","[1.0874112844467163, 1.6096398830413818, 3.2658398151397705, 1.6113333702087402]"
5680.0,2008-06-01T00:00:00.000000000,"[2.4675674438476562, 3.633680582046509, 2.819601535797119, 2.4675674438476562]","[1.8489904403686523, 2.82955265045166, 1.6867756843566895, 1.3250678777694702]"
5680.0,2008-09-01T00:00:00.000000000,"[3.633680582046509, 2.819601535797119, 2.4675674438476562, 2.973616361618042]","[3.487579584121704, 2.097959518432617, 1.754568338394165, 2.0753707885742188]"
5680.0,2008-12-01T00:00:00.000000000,"[2.819601535797119, 2.4675674438476562, 2.973616361618042, 4.2497406005859375]","[2.9574851989746094, 1.831885814666748, 2.2763051986694336, 3.301269054412842]"
5680.0,2009-03-01T00:00:00.000000000,"[2.4675674438476562, 2.973616361618042, 4.2497406005859375, 3.4136593341827393]","[1.703061819076538, 2.2439029216766357, 3.986778497695923, 2.4127817153930664]"
5680.0,2009-06-01T00:00:00.000000000,"[2.973616361618042, 4.2497406005859375, 3.4136593341827393, 3.017620801925659]","[2.473177909851074, 3.5436203479766846, 2.3811187744140625, 2.0664825439453125]"
5680.0,2009-09-01T00:00:00.000000000,"[4.2497406005859375, 3.4136593341827393, 3.017620801925659, 3.875704050064087]","[4.328943252563477, 2.703463554382324, 2.3869569301605225, 2.795863389968872]"
5680.0,2009-12-01T00:00:00.000000000,"[3.4136593341827393, 3.017620801925659, 3.875704050064087, 6.00991153717041]","[3.628491163253784, 2.4706640243530273, 3.106182098388672, 4.233413219451904]"
5680.0,2010-03-01T00:00:00.000000000,"[3.017620801925659, 3.875704050064087, 6.00991153717041, 4.82179594039917]","[2.3839454650878906, 2.869842529296875, 4.477804660797119, 3.2398180961608887]"
5680.0,2010-06-01T00:00:00.000000000,"[3.875704050064087, 6.00991153717041, 4.82179594039917, 4.2497406005859375]","[3.0887045860290527, 4.279869556427002, 3.055640697479248, 2.735658645629883]"
5680.0,2010-09-01T00:00:00.000000000,"[6.00991153717041, 4.82179594039917, 4.2497406005859375, 4.2937445640563965]","[5.254292964935303, 3.510200023651123, 3.1594443321228027, 3.6430914402008057]"
5680.0,2010-12-01T00:00:00.000000000,"[4.82179594039917, 4.2497406005859375, 4.2937445640563965, 6.273937702178955]","[4.785374164581299, 3.47906231880188, 4.1595587730407715, 5.650537490844727]"
5680.0,2011-03-01T00:00:00.000000000,"[4.2497406005859375, 4.2937445640563965, 6.273937702178955, 4.865800380706787]","[3.292224884033203, 3.7267680168151855, 5.839873313903809, 4.289457321166992]"
5680.0,2011-06-01T00:00:00.000000000,"[4.2937445640563965, 6.273937702178955, 4.865800380706787, 4.315746784210205]","[3.9589834213256836, 5.3000946044921875, 3.9155285358428955, 3.5946130752563477]"
5680.0,2011-09-01T00:00:00.000000000,"[6.273937702178955, 4.865800380706787, 4.315746784210205, 3.875704050064087]","[6.332884788513184, 4.087862014770508, 3.942315101623535, 4.454739093780518]"
5680.0,2011-12-01T00:00:00.000000000,"[4.865800380706787, 4.315746784210205, 3.875704050064087, 8.144119262695312]","[5.574497699737549, 4.215857028961182, 4.888530731201172, 6.375032424926758]"
5680.0,2012-03-01T00:00:00.000000000,"[4.315746784210205, 3.875704050064087, 8.144119262695312, 6.295939922332764]","[4.0172119140625, 4.3585028648376465, 6.245373725891113, 4.941240310668945]"
5680.0,2012-06-01T00:00:00.000000000,"[3.875704050064087, 8.144119262695312, 6.295939922332764, 5.129826545715332]","[4.632826805114746, 6.1673583984375, 4.663453102111816, 4.2919745445251465]"
5680.0,2012-09-01T00:00:00.000000000,"[8.144119262695312, 6.295939922332764, 5.129826545715332, 7.792084693908691]","[6.469988822937012, 4.505560874938965, 4.25877571105957, 4.536196708679199]"
5680.0,2012-12-01T00:00:00.000000000,"[6.295939922332764, 5.129826545715332, 7.792084693908691, 9.266228675842285]","[6.6240234375, 5.217287063598633, 5.943600177764893, 7.98456335067749]"
5680.0,2013-03-01T00:00:00.000000000,"[5.129826545715332, 7.792084693908691, 9.266228675842285, 7.924098014831543]","[4.920470237731934, 5.2764482498168945, 7.837001800537109, 6.1396284103393555]"
6008.0,2006-06-01T00:00:00.000000000,"[0.5093768239021301, 0.7514004111289978, 0.9274174571037292, 0.20134682953357697]","[0.3900686204433441, 0.39029285311698914, 0.4840683937072754, 0.3857382833957672]"
6008.0,2006-09-01T00:00:00.000000000,"[0.7514004111289978, 0.9274174571037292, 0.20134682953357697, 0.5093768239021301]","[0.45951664447784424, 0.5111328959465027, 0.4496312141418457, 0.3466673493385315]"
6008.0,2006-12-01T00:00:00.000000000,"[0.9274174571037292, 0.20134682953357697, 0.5093768239021301, 0.7073960304260254]","[0.5372133255004883, 0.36894917488098145, 0.4797596037387848, 0.5849378705024719]"
6008.0,2007-03-01T00:00:00.000000000,"[0.20134682953357697, 0.5093768239021301, 0.7073960304260254, 0.9274174571037292]","[0.5863941311836243, 0.6369338631629944, 0.8131027817726135, 0.8638108372688293]"
6008.0,2007-06-01T00:00:00.000000000,"[0.5093768239021301, 0.7073960304260254, 0.9274174571037292, 0.4873746931552887]","[0.5128586292266846, 0.621907114982605, 0.5511982440948486, 0.4036853313446045]"
6008.0,2007-09-01T00:00:00.000000000,"[0.7073960304260254, 0.9274174571037292, 0.4873746931552887, 0.5973852872848511]","[0.5456778407096863, 0.574807345867157, 0.4836084842681885, 0.3785361647605896]"
6008.0,2007-12-01T00:00:00.000000000,"[0.9274174571037292, 0.4873746931552887, 0.5973852872848511, 1.0594303607940674]","[0.6206867098808289, 0.3966468870639801, 0.4882906675338745, 0.5801206827163696]"
6008.0,2008-03-01T00:00:00.000000000,"[0.4873746931552887, 0.5973852872848511, 1.0594303607940674, 1.0374282598495483]","[0.6355907917022705, 0.6852835416793823, 0.8383128643035889, 0.9217417240142822]"
6008.0,2008-06-01T00:00:00.000000000,"[0.5973852872848511, 1.0594303607940674, 1.0374282598495483, 0.7514004111289978]","[0.6473207473754883, 0.7212619781494141, 0.6818523406982422, 0.468823105096817]"
6008.0,2008-09-01T00:00:00.000000000,"[1.0594303607940674, 1.0374282598495483, 0.7514004111289978, 0.8834132552146912]","[0.5795959234237671, 0.6611925959587097, 0.5105576515197754, 0.460834264755249]"
6008.0,2008-12-01T00:00:00.000000000,"[1.0374282598495483, 0.7514004111289978, 0.8834132552146912, 1.5214751958847046]","[0.8179663419723511, 0.47462815046310425, 0.5532101392745972, 0.649566650390625]"
6008.0,2009-03-01T00:00:00.000000000,"[0.7514004111289978, 0.8834132552146912, 1.5214751958847046, 1.6754902601242065]","[0.8130475282669067, 0.8436357975006104, 0.9949032068252563, 1.0136133432388306]"
6008.0,2009-06-01T00:00:00.000000000,"[0.8834132552146912, 1.5214751958847046, 1.6754902601242065, 1.2134451866149902]","[0.7809075713157654, 0.9899638891220093, 0.7218250036239624, 0.5569246411323547]"
6008.0,2009-09-01T00:00:00.000000000,"[1.5214751958847046, 1.6754902601242065, 1.2134451866149902, 1.5874814987182617]","[0.7149862051010132, 0.7448884844779968, 0.6336439847946167, 0.6348192691802979]"
6008.0,2009-12-01T00:00:00.000000000,"[1.6754902601242065, 1.2134451866149902, 1.5874814987182617, 2.379558563232422]","[0.9046602249145508, 0.6979287266731262, 0.7644485235214233, 0.8829666376113892]"
6008.0,2010-03-01T00:00:00.000000000,"[1.2134451866149902, 1.5874814987182617, 2.379558563232422, 2.115532875061035]","[0.9616943597793579, 1.025524377822876, 1.1913268566131592, 1.3645974397659302]"
6008.0,2010-06-01T00:00:00.000000000,"[1.5874814987182617, 2.379558563232422, 2.115532875061035, 1.2574495077133179]","[1.0403075218200684, 1.2744648456573486, 1.0329217910766602, 0.8276429176330566]"
6008.0,2010-09-01T00:00:00.000000000,"[2.379558563232422, 2.115532875061035, 1.2574495077133179, 1.6314857006072998]","[1.637319803237915, 1.5374445915222168, 1.1221489906311035, 1.2067347764968872]"
6008.0,2010-12-01T00:00:00.000000000,"[2.115532875061035, 1.2574495077133179, 1.6314857006072998, 2.42356276512146]","[2.125887870788574, 1.340165615081787, 1.3609206676483154, 1.7595314979553223]"
6008.0,2011-03-01T00:00:00.000000000,"[1.2574495077133179, 1.6314857006072998, 2.42356276512146, 2.6435842514038086]","[1.1760656833648682, 1.3119862079620361, 1.851494550704956, 1.558823585510254]"
6008.0,2011-06-01T00:00:00.000000000,"[1.6314857006072998, 2.42356276512146, 2.6435842514038086, 2.4895694255828857]","[1.064812421798706, 1.5024302005767822, 1.7059087753295898, 0.8992986679077148]"
6008.0,2011-09-01T00:00:00.000000000,"[2.42356276512146, 2.6435842514038086, 2.4895694255828857, 2.0055222511291504]","[2.010697364807129, 1.7649933099746704, 1.3287765979766846, 1.390835165977478]"
6008.0,2011-12-01T00:00:00.000000000,"[2.6435842514038086, 2.4895694255828857, 2.0055222511291504, 1.7414965629577637]","[2.532334804534912, 1.50171959400177, 1.5623962879180908, 2.018854856491089]"
6008.0,2012-03-01T00:00:00.000000000,"[2.4895694255828857, 2.0055222511291504, 1.7414965629577637, 2.6435842514038086]","[1.6551907062530518, 1.71928071975708, 2.2539095878601074, 2.08512020111084]"
6008.0,2012-06-01T00:00:00.000000000,"[2.0055222511291504, 1.7414965629577637, 2.6435842514038086, 2.3575565814971924]","[1.8341994285583496, 2.3586153984069824, 2.400181770324707, 1.6850649118423462]"
6008.0,2012-09-01T00:00:00.000000000,"[1.7414965629577637, 2.6435842514038086, 2.3575565814971924, 2.115532875061035]","[2.5671749114990234, 2.1711905002593994, 1.7283443212509155, 1.7580571174621582]"
6008.0,2012-12-01T00:00:00.000000000,"[2.6435842514038086, 2.3575565814971924, 2.115532875061035, 3.0616250038146973]","[2.599667549133301, 1.5414211750030518, 1.8424594402313232, 2.1841344833374023]"
6008.0,2013-03-01T00:00:00.000000000,"[2.3575565814971924, 2.115532875061035, 3.0616250038146973, 1.6974923610687256]","[2.119009494781494, 1.9741737842559814, 2.4039998054504395, 2.712388038635254]"
6066.0,2006-06-01T00:00:00.000000000,"[8.804183959960938, 7.3960466384887695, 12.082502365112305, 5.7018818855285645]","[6.124042510986328, 7.619332313537598, 13.037618637084961, 6.391543865203857]"
6066.0,2006-09-01T00:00:00.000000000,"[7.3960466384887695, 12.082502365112305, 5.7018818855285645, 7.748080730438232]","[8.689953804016113, 13.270881652832031, 8.003241539001465, 8.769545555114746]"
6066.0,2006-12-01T00:00:00.000000000,"[12.082502365112305, 5.7018818855285645, 7.748080730438232, 6.647973537445068]","[13.396924018859863, 6.1150665283203125, 7.745479583740234, 9.00253963470459]"
6066.0,2007-03-01T00:00:00.000000000,"[5.7018818855285645, 7.748080730438232, 6.647973537445068, 9.948295593261719]","[7.532574653625488, 8.619800567626953, 9.976226806640625, 13.971111297607422]"
6066.0,2007-06-01T00:00:00.000000000,"[7.748080730438232, 6.647973537445068, 9.948295593261719, 4.469761848449707]","[7.086362838745117, 8.419163703918457, 13.417097091674805, 7.252357482910156]"
6066.0,2007-09-01T00:00:00.000000000,"[6.647973537445068, 9.948295593261719, 4.469761848449707, 5.789890289306641]","[8.939988136291504, 13.485299110412598, 7.95863151550293, 8.675823211669922]"
6066.0,2007-12-01T00:00:00.000000000,"[9.948295593261719, 4.469761848449707, 5.789890289306641, 6.537962913513184]","[12.46139144897461, 6.033854007720947, 7.355329990386963, 8.504131317138672]"
6066.0,2008-03-01T00:00:00.000000000,"[4.469761848449707, 5.789890289306641, 6.537962913513184, 10.322331428527832]","[6.31903076171875, 7.320573329925537, 8.20315933227539, 12.055609703063965]"
6066.0,2008-06-01T00:00:00.000000000,"[5.789890289306641, 6.537962913513184, 10.322331428527832, 4.535768508911133]","[6.800287246704102, 7.958828449249268, 12.241575241088867, 6.730903148651123]"
6066.0,2008-09-01T00:00:00.000000000,"[6.537962913513184, 10.322331428527832, 4.535768508911133, 5.437856197357178]","[7.551589012145996, 11.535384178161621, 6.4428911209106445, 7.3160481452941895]"
6066.0,2008-12-01T00:00:00.000000000,"[10.322331428527832, 4.535768508911133, 5.437856197357178, 6.559965133666992]","[10.856609344482422, 5.485666275024414, 6.387484550476074, 7.634902477264404]"
6066.0,2009-03-01T00:00:00.000000000,"[4.535768508911133, 5.437856197357178, 6.559965133666992, 10.696367263793945]","[6.1450066566467285, 7.170598983764648, 8.026311874389648, 11.866561889648438]"
6066.0,2009-06-01T00:00:00.000000000,"[5.437856197357178, 6.559965133666992, 10.696367263793945, 4.689783573150635]","[6.274271011352539, 7.585522651672363, 12.145934104919434, 6.211815357208252]"
6066.0,2009-09-01T00:00:00.000000000,"[6.559965133666992, 10.696367263793945, 4.689783573150635, 6.075918197631836]","[7.334043502807617, 11.501611709594727, 5.91068172454834, 6.852597236633301]"
6066.0,2009-12-01T00:00:00.000000000,"[10.696367263793945, 4.689783573150635, 6.075918197631836, 6.823991298675537]","[10.612471580505371, 5.040934085845947, 5.7355475425720215, 7.16266393661499]"
6066.0,2010-03-01T00:00:00.000000000,"[4.689783573150635, 6.075918197631836, 6.823991298675537, 10.014301300048828]","[6.135827541351318, 7.175220966339111, 8.007162094116211, 11.841304779052734]"
6066.0,2010-06-01T00:00:00.000000000,"[6.075918197631836, 6.823991298675537, 10.014301300048828, 4.2497406005859375]","[5.613321304321289, 7.14809513092041, 12.036754608154297, 5.964676380157471]"
6066.0,2010-09-01T00:00:00.000000000,"[6.823991298675537, 10.014301300048828, 4.2497406005859375, 6.273937702178955]","[7.6255269050598145, 11.948005676269531, 6.03065299987793, 6.978962421417236]"
6066.0,2010-12-01T00:00:00.000000000,"[10.014301300048828, 4.2497406005859375, 6.273937702178955, 5.1958327293396]","[10.783304214477539, 5.26854133605957, 5.927761077880859, 7.343905448913574]"
6066.0,2011-03-01T00:00:00.000000000,"[4.2497406005859375, 6.273937702178955, 5.1958327293396, 9.662266731262207]","[6.089452743530273, 6.992005825042725, 7.703035354614258, 10.958484649658203]"
6066.0,2011-06-01T00:00:00.000000000,"[6.273937702178955, 5.1958327293396, 9.662266731262207, 3.3476529121398926]","[5.0637006759643555, 6.570511341094971, 10.974233627319336, 5.806455612182617]"
6066.0,2011-09-01T00:00:00.000000000,"[5.1958327293396, 9.662266731262207, 3.3476529121398926, 4.0957255363464355]","[7.590041637420654, 11.453535079956055, 6.063279151916504, 6.739157199859619]"
6066.0,2011-12-01T00:00:00.000000000,"[9.662266731262207, 3.3476529121398926, 4.0957255363464355, 4.975811004638672]","[10.001144409179688, 5.561911106109619, 6.108694076538086, 7.291555881500244]"
6066.0,2012-03-01T00:00:00.000000000,"[3.3476529121398926, 4.0957255363464355, 4.975811004638672, 3.8537018299102783]","[6.125732421875, 6.837188243865967, 7.392940998077393, 9.901474952697754]"
6066.0,2012-06-01T00:00:00.000000000,"[4.0957255363464355, 4.975811004638672, 3.8537018299102783, 3.1936378479003906]","[4.821354389190674, 6.104600429534912, 9.552743911743164, 5.695828914642334]"
6066.0,2012-09-01T00:00:00.000000000,"[4.975811004638672, 3.8537018299102783, 3.1936378479003906, 4.42575740814209]","[7.096957206726074, 9.708244323730469, 5.908367156982422, 6.042355537414551]"
6066.0,2012-12-01T00:00:00.000000000,"[3.8537018299102783, 3.1936378479003906, 4.42575740814209, 4.8437981605529785]","[9.106280326843262, 5.77477502822876, 6.199925899505615, 7.129171848297119]"
6066.0,2013-03-01T00:00:00.000000000,"[3.1936378479003906, 4.42575740814209, 4.8437981605529785, 6.669975757598877]","[5.637567043304443, 6.029688835144043, 6.323821544647217, 7.558517932891846]"
6266.0,2006-06-01T00:00:00.000000000,"[2.9516141414642334, 2.5995800495147705, 2.0935308933258057, 2.7315926551818848]","[2.5878374576568604, 2.2913320064544678, 2.166264533996582, 2.5910277366638184]"
6266.0,2006-09-01T00:00:00.000000000,"[2.5995800495147705, 2.0935308933258057, 2.7315926551818848, 3.0616250038146973]","[2.6047234535217285, 2.387861967086792, 2.6422667503356934, 2.8564305305480957]"
6266.0,2006-12-01T00:00:00.000000000,"[2.0935308933258057, 2.7315926551818848, 3.0616250038146973, 2.577577829360962]","[2.282156229019165, 2.6811087131500244, 2.512554883956909, 2.5363609790802]"
6266.0,2007-03-01T00:00:00.000000000,"[2.7315926551818848, 3.0616250038146973, 2.577577829360962, 2.4675674438476562]","[2.5882158279418945, 2.5884838104248047, 2.3096554279327393, 2.111546277999878]"
6266.0,2007-06-01T00:00:00.000000000,"[3.0616250038146973, 2.577577829360962, 2.4675674438476562, 2.9956183433532715]","[2.806626796722412, 2.4191031455993652, 2.2809529304504395, 2.7808916568756104]"
6266.0,2007-09-01T00:00:00.000000000,"[2.577577829360962, 2.4675674438476562, 2.9956183433532715, 3.127631425857544]","[2.7946507930755615, 2.4824705123901367, 2.746281862258911, 3.0113229751586914]"
6266.0,2007-12-01T00:00:00.000000000,"[2.4675674438476562, 2.9956183433532715, 3.127631425857544, 2.9956183433532715]","[2.340787410736084, 2.7689566612243652, 2.679675817489624, 2.62388277053833]"
6266.0,2008-03-01T00:00:00.000000000,"[2.9956183433532715, 3.127631425857544, 2.9956183433532715, 2.775597333908081]","[2.844099998474121, 2.856189250946045, 2.548008918762207, 2.384932041168213]"
6266.0,2008-06-01T00:00:00.000000000,"[3.127631425857544, 2.9956183433532715, 2.775597333908081, 3.325650691986084]","[3.1185755729675293, 2.617852210998535, 2.4483790397644043, 2.95194935798645]"
6266.0,2008-09-01T00:00:00.000000000,"[2.9956183433532715, 2.775597333908081, 3.325650691986084, 3.325650691986084]","[2.8803207874298096, 2.6066927909851074, 2.9233040809631348, 3.132638454437256]"
6266.0,2008-12-01T00:00:00.000000000,"[2.775597333908081, 3.325650691986084, 3.325650691986084, 3.479665517807007]","[2.5297064781188965, 3.0005340576171875, 2.9490139484405518, 2.8440544605255127]"
6266.0,2009-03-01T00:00:00.000000000,"[3.325650691986084, 3.325650691986084, 3.479665517807007, 3.127631425857544]","[3.10897159576416, 3.054319381713867, 2.781487464904785, 2.609431743621826]"
6266.0,2009-06-01T00:00:00.000000000,"[3.325650691986084, 3.479665517807007, 3.127631425857544, 3.831699848175049]","[3.486271858215332, 2.9852895736694336, 2.747081756591797, 3.2088003158569336]"
6266.0,2009-09-01T00:00:00.000000000,"[3.479665517807007, 3.127631425857544, 3.831699848175049, 3.919708251953125]","[3.252696990966797, 2.836528778076172, 3.139108419418335, 3.394784450531006]"
6266.0,2009-12-01T00:00:00.000000000,"[3.127631425857544, 3.831699848175049, 3.919708251953125, 3.8096976280212402]","[2.9067542552948, 3.4052467346191406, 3.315991163253784, 3.280014753341675]"
6266.0,2010-03-01T00:00:00.000000000,"[3.831699848175049, 3.919708251953125, 3.8096976280212402, 3.633680582046509]","[3.5192689895629883, 3.356074333190918, 3.1282601356506348, 2.9506068229675293]"
6266.0,2010-06-01T00:00:00.000000000,"[3.919708251953125, 3.8096976280212402, 3.633680582046509, 3.919708251953125]","[3.8822202682495117, 3.464324474334717, 3.1699795722961426, 3.6600751876831055]"
6266.0,2010-09-01T00:00:00.000000000,"[3.8096976280212402, 3.633680582046509, 3.919708251953125, 4.975811004638672]","[3.753535270690918, 3.148376941680908, 3.5346717834472656, 3.8382720947265625]"
6266.0,2010-12-01T00:00:00.000000000,"[3.633680582046509, 3.919708251953125, 4.975811004638672, 3.963712453842163]","[3.223524332046509, 3.7333712577819824, 3.7599735260009766, 3.606283664703369]"
6266.0,2011-03-01T00:00:00.000000000,"[3.919708251953125, 4.975811004638672, 3.963712453842163, 3.4356613159179688]","[4.0074238777160645, 3.82436203956604, 3.53584623336792, 3.371285915374756]"
6266.0,2011-06-01T00:00:00.000000000,"[4.975811004638672, 3.963712453842163, 3.4356613159179688, 4.359751224517822]","[4.260021209716797, 3.713059186935425, 3.4700143337249756, 3.9017257690429688]"
6266.0,2011-09-01T00:00:00.000000000,"[3.963712453842163, 3.4356613159179688, 4.359751224517822, 2.973616361618042]","[4.432687759399414, 3.6113314628601074, 4.149819850921631, 4.632405757904053]"
6266.0,2011-12-01T00:00:00.000000000,"[3.4356613159179688, 4.359751224517822, 2.973616361618042, 4.139729976654053]","[3.501157283782959, 3.9437098503112793, 4.349963188171387, 3.9150919914245605]"
6266.0,2012-03-01T00:00:00.000000000,"[4.359751224517822, 2.973616361618042, 4.139729976654053, 3.3916571140289307]","[4.048324108123779, 4.247855186462402, 3.7702882289886475, 3.552659034729004]"
6266.0,2012-06-01T00:00:00.000000000,"[2.973616361618042, 4.139729976654053, 3.3916571140289307, 4.9978132247924805]","[5.028010368347168, 3.997891902923584, 3.9034018516540527, 4.458139896392822]"
6266.0,2012-09-01T00:00:00.000000000,"[4.139729976654053, 3.3916571140289307, 4.9978132247924805, 4.755789756774902]","[3.65252423286438, 3.4513533115386963, 3.76229190826416, 3.9610183238983154]"
6266.0,2012-12-01T00:00:00.000000000,"[3.3916571140289307, 4.9978132247924805, 4.755789756774902, 5.019815444946289]","[3.8563947677612305, 4.204825401306152, 4.1765456199646, 4.265944480895996]"
6266.0,2013-03-01T00:00:00.000000000,"[4.9978132247924805, 4.755789756774902, 5.019815444946289, 3.98571515083313]","[4.108548641204834, 4.146610260009766, 4.019374370574951, 3.7934415340423584]"
6304.0,2005-12-01T00:00:00.000000000,"[1.0594303607940674, 0.33335965871810913, 0.7954046130180359, 1.147438883781433]","[1.6246869564056396, 1.4315941333770752, 1.6623725891113281, 1.7576000690460205]"
6304.0,2006-03-01T00:00:00.000000000,"[0.33335965871810913, 0.7954046130180359, 1.147438883781433, 1.477470874786377]","[1.3534059524536133, 1.3783154487609863, 1.51111900806427, 1.5623247623443604]"
6304.0,2006-06-01T00:00:00.000000000,"[0.7954046130180359, 1.147438883781433, 1.477470874786377, 0.8614109754562378]","[1.1576497554779053, 1.1464892625808716, 1.1999661922454834, 1.1437331438064575]"
6304.0,2007-03-01T00:00:00.000000000,"[1.147438883781433, 1.477470874786377, 0.8614109754562378, 1.5874814987182617]","[1.0084866285324097, 1.0098731517791748, 1.0319268703460693, 1.046990156173706]"
6304.0,2007-06-01T00:00:00.000000000,"[1.477470874786377, 0.8614109754562378, 1.5874814987182617, 1.8295050859451294]","[1.1352241039276123, 1.1556495428085327, 1.204869031906128, 1.318144679069519]"
6304.0,2007-09-01T00:00:00.000000000,"[0.8614109754562378, 1.5874814987182617, 1.8295050859451294, 3.1936378479003906]","[1.274684190750122, 1.3105336427688599, 1.385446548461914, 1.581144094467163]"
6304.0,2007-12-01T00:00:00.000000000,"[1.5874814987182617, 1.8295050859451294, 3.1936378479003906, 1.8515071868896484]","[1.182554006576538, 1.1748051643371582, 1.2032289505004883, 1.2101812362670898]"
6304.0,2008-03-01T00:00:00.000000000,"[1.8295050859451294, 3.1936378479003906, 1.8515071868896484, 2.6435842514038086]","[1.20450758934021, 1.1957042217254639, 1.2231765985488892, 1.2252991199493408]"
6304.0,2008-06-01T00:00:00.000000000,"[3.1936378479003906, 1.8515071868896484, 2.6435842514038086, 2.8636057376861572]","[1.5698025226593018, 1.4196581840515137, 1.5550824403762817, 1.7070488929748535]"
6304.0,2008-09-01T00:00:00.000000000,"[1.8515071868896484, 2.6435842514038086, 2.8636057376861572, 2.9076099395751953]","[1.790755271911621, 1.8841160535812378, 2.163403034210205, 2.413309097290039]"
6304.0,2008-12-01T00:00:00.000000000,"[2.6435842514038086, 2.8636057376861572, 2.9076099395751953, 3.259644031524658]","[1.8329203128814697, 1.7771666049957275, 2.0082287788391113, 1.550064206123352]"
6304.0,2009-03-01T00:00:00.000000000,"[2.8636057376861572, 2.9076099395751953, 3.259644031524658, 3.633680582046509]","[2.1097402572631836, 2.6135778427124023, 2.0774447917938232, 1.7802000045776367]"
6304.0,2009-06-01T00:00:00.000000000,"[2.9076099395751953, 3.259644031524658, 3.633680582046509, 3.7436912059783936]","[2.9635257720947266, 2.064795970916748, 2.0719308853149414, 2.18876314163208]"
6304.0,2009-09-01T00:00:00.000000000,"[3.259644031524658, 3.633680582046509, 3.7436912059783936, 4.18373441696167]","[2.189162254333496, 2.2984368801116943, 2.590121030807495, 2.872556209564209]"
6304.0,2009-12-01T00:00:00.000000000,"[3.633680582046509, 3.7436912059783936, 4.18373441696167, 4.711785793304443]","[2.525538921356201, 2.847884178161621, 2.5433340072631836, 1.9452898502349854]"
6304.0,2010-03-01T00:00:00.000000000,"[3.7436912059783936, 4.18373441696167, 4.711785793304443, 4.667781352996826]","[2.7655935287475586, 3.326423406600952, 2.6416187286376953, 2.199852466583252]"
6304.0,2010-06-01T00:00:00.000000000,"[4.18373441696167, 4.711785793304443, 4.667781352996826, 3.259644031524658]","[3.4210734367370605, 2.737122058868408, 2.795015335083008, 2.8494348526000977]"
6304.0,2010-09-01T00:00:00.000000000,"[4.711785793304443, 4.667781352996826, 3.259644031524658, 3.21563982963562]","[2.9840993881225586, 3.1334047317504883, 3.3203890323638916, 3.7018487453460693]"
6304.0,2010-12-01T00:00:00.000000000,"[4.667781352996826, 3.259644031524658, 3.21563982963562, 4.755789756774902]","[3.045517921447754, 4.0240678787231445, 4.18923282623291, 3.193145751953125]"
6304.0,2011-03-01T00:00:00.000000000,"[3.259644031524658, 3.21563982963562, 4.755789756774902, 5.151828289031982]","[4.17844820022583, 4.4941558837890625, 3.3768863677978516, 3.2868523597717285]"
6304.0,2011-06-01T00:00:00.000000000,"[3.21563982963562, 4.755789756774902, 5.151828289031982, 4.733787536621094]","[3.701735019683838, 3.035106658935547, 2.7284796237945557, 2.7307424545288086]"
6304.0,2011-09-01T00:00:00.000000000,"[4.755789756774902, 5.151828289031982, 4.733787536621094, 5.305843353271484]","[2.3745579719543457, 2.6093616485595703, 2.5737640857696533, 2.702080726623535]"
6304.0,2011-12-01T00:00:00.000000000,"[5.151828289031982, 4.733787536621094, 5.305843353271484, 5.965907573699951]","[3.259990692138672, 3.853713035583496, 3.8539845943450928, 3.1856555938720703]"
6304.0,2012-03-01T00:00:00.000000000,"[4.733787536621094, 5.305843353271484, 5.965907573699951, 6.427952289581299]","[4.418631553649902, 4.833251953125, 4.010425567626953, 3.8944058418273926]"
6304.0,2012-06-01T00:00:00.000000000,"[5.305843353271484, 5.965907573699951, 6.427952289581299, 7.770082950592041]","[4.537088394165039, 3.841787099838257, 3.4933676719665527, 3.581674098968506]"
6304.0,2012-09-01T00:00:00.000000000,"[5.965907573699951, 6.427952289581299, 7.770082950592041, 9.0462064743042]","[4.6021528244018555, 4.0574750900268555, 4.097784996032715, 4.2830119132995605]"
6304.0,2012-12-01T00:00:00.000000000,"[6.427952289581299, 7.770082950592041, 9.0462064743042, 9.508252143859863]","[4.8736796379089355, 5.147492408752441, 5.092256546020508, 4.561617851257324]"
6304.0,2013-03-01T00:00:00.000000000,"[7.770082950592041, 9.0462064743042, 9.508252143859863, 11.598455429077148]","[5.789889335632324, 5.741605758666992, 5.275408744812012, 5.489045143127441]"
6565.0,2005-09-01T00:00:00.000000000,"[2.0495264530181885, 1.4114645719528198, 1.9175138473510742, 2.379558563232422]","[1.3266431093215942, 1.3792321681976318, 1.5383563041687012, 1.6836349964141846]"
6565.0,2005-12-01T00:00:00.000000000,"[1.4114645719528198, 1.9175138473510742, 2.379558563232422, 2.5995800495147705]","[1.459653377532959, 1.5228956937789917, 1.6916890144348145, 1.9345158338546753]"
6565.0,2006-03-01T00:00:00.000000000,"[1.9175138473510742, 2.379558563232422, 2.5995800495147705, 3.3036487102508545]","[1.3275878429412842, 1.3535938262939453, 1.451061725616455, 1.5760873556137085]"
6565.0,2006-06-01T00:00:00.000000000,"[2.379558563232422, 2.5995800495147705, 3.3036487102508545, 2.7535951137542725]","[1.5188562870025635, 1.5542616844177246, 1.7422658205032349, 1.7346138954162598]"
6565.0,2006-09-01T00:00:00.000000000,"[2.5995800495147705, 3.3036487102508545, 2.7535951137542725, 1.8955113887786865]","[1.614717721939087, 1.6626559495925903, 1.8527672290802002, 1.9315052032470703]"
6565.0,2006-12-01T00:00:00.000000000,"[3.3036487102508545, 2.7535951137542725, 1.8955113887786865, 3.259644031524658]","[1.697585105895996, 1.780848503112793, 1.9312124252319336, 2.3609681129455566]"
6565.0,2007-03-01T00:00:00.000000000,"[2.7535951137542725, 1.8955113887786865, 3.259644031524658, 3.281646251678467]","[1.850182294845581, 1.886828064918518, 2.059002637863159, 2.1967430114746094]"
6565.0,2007-06-01T00:00:00.000000000,"[1.8955113887786865, 3.259644031524658, 3.281646251678467, 4.227738380432129]","[1.9063727855682373, 1.914465069770813, 2.119472026824951, 2.008133888244629]"
6565.0,2008-06-01T00:00:00.000000000,"[3.259644031524658, 3.281646251678467, 4.227738380432129, 5.459857940673828]","[1.8753886222839355, 1.8878545761108398, 2.0796358585357666, 2.000962495803833]"
6565.0,2008-09-01T00:00:00.000000000,"[3.281646251678467, 4.227738380432129, 5.459857940673828, 6.1419243812561035]","[2.2095699310302734, 2.244772434234619, 2.508328437805176, 2.532712459564209]"
6565.0,2008-12-01T00:00:00.000000000,"[4.227738380432129, 5.459857940673828, 6.1419243812561035, 6.911999702453613]","[2.371959686279297, 2.408783435821533, 2.7691636085510254, 2.666470527648926]"
6565.0,2009-03-01T00:00:00.000000000,"[5.459857940673828, 6.1419243812561035, 6.911999702453613, 8.848188400268555]","[2.9342994689941406, 3.3035359382629395, 3.444793701171875, 3.358503818511963]"
6565.0,2009-06-01T00:00:00.000000000,"[6.1419243812561035, 6.911999702453613, 8.848188400268555, 9.838284492492676]","[4.608790397644043, 4.359036445617676, 4.080201148986816, 4.0077433586120605]"
6565.0,2009-09-01T00:00:00.000000000,"[6.911999702453613, 8.848188400268555, 9.838284492492676, 10.98239517211914]","[4.895517826080322, 4.749602317810059, 3.9465394020080566, 3.9826531410217285]"
6565.0,2009-12-01T00:00:00.000000000,"[8.848188400268555, 9.838284492492676, 10.98239517211914, 6.6919779777526855]","[5.741004943847656, 5.065218925476074, 4.581282615661621, 4.626586437225342]"
6565.0,2010-03-01T00:00:00.000000000,"[9.838284492492676, 10.98239517211914, 6.6919779777526855, 7.8140869140625]","[6.788500785827637, 6.259851455688477, 5.472236156463623, 6.021031379699707]"
6565.0,2010-06-01T00:00:00.000000000,"[10.98239517211914, 6.6919779777526855, 7.8140869140625, 7.440051078796387]","[7.3929643630981445, 6.500825881958008, 5.673554420471191, 6.262334823608398]"
6565.0,2010-09-01T00:00:00.000000000,"[6.6919779777526855, 7.8140869140625, 7.440051078796387, 7.264033317565918]","[7.734225749969482, 7.198375701904297, 6.083123207092285, 6.553843975067139]"
6565.0,2010-12-01T00:00:00.000000000,"[7.8140869140625, 7.440051078796387, 7.264033317565918, 6.295939922332764]","[6.297418594360352, 5.547087669372559, 5.788273811340332, 5.056826591491699]"
6565.0,2011-03-01T00:00:00.000000000,"[7.440051078796387, 7.264033317565918, 6.295939922332764, 8.12211799621582]","[7.455019950866699, 7.02437162399292, 6.007720947265625, 6.279088020324707]"
6565.0,2011-06-01T00:00:00.000000000,"[7.264033317565918, 6.295939922332764, 8.12211799621582, 8.056110382080078]","[8.48893928527832, 6.499144554138184, 6.257050514221191, 6.238178253173828]"
6565.0,2011-09-01T00:00:00.000000000,"[6.295939922332764, 8.12211799621582, 8.056110382080078, 9.816282272338867]","[7.229777812957764, 7.597011566162109, 6.881369113922119, 6.594747543334961]"
6565.0,2011-12-01T00:00:00.000000000,"[8.12211799621582, 8.056110382080078, 9.816282272338867, 11.7744722366333]","[7.346491813659668, 6.252397537231445, 7.0286946296691895, 6.3554792404174805]"
6565.0,2012-03-01T00:00:00.000000000,"[8.056110382080078, 9.816282272338867, 11.7744722366333, 12.566550254821777]","[8.449227333068848, 8.109762191772461, 8.174394607543945, 8.4315767288208]"
6565.0,2012-06-01T00:00:00.000000000,"[9.816282272338867, 11.7744722366333, 12.566550254821777, 15.778861045837402]","[9.464567184448242, 7.600872039794922, 8.446733474731445, 8.902156829833984]"
6565.0,2012-09-01T00:00:00.000000000,"[11.7744722366333, 12.566550254821777, 15.778861045837402, 17.09899139404297]","[8.810704231262207, 9.24492359161377, 9.533068656921387, 10.124238967895508]"
6565.0,2012-12-01T00:00:00.000000000,"[12.566550254821777, 15.778861045837402, 17.09899139404297, 17.69304847717285]","[10.668492317199707, 10.134552001953125, 10.464509963989258, 10.598997116088867]"
6565.0,2013-03-01T00:00:00.000000000,"[15.778861045837402, 17.09899139404297, 17.69304847717285, 18.06708526611328]","[11.429595947265625, 11.36186408996582, 10.90399169921875, 11.53381061553955]"
7154.0,2006-06-01T00:00:00.000000000,"[2.379558563232422, 2.2915501594543457, 1.7855008840560913, 1.5214751958847046]","[2.290785789489746, 2.710808515548706, 2.2522964477539062, 1.95857834815979]"
7154.0,2006-09-01T00:00:00.000000000,"[2.2915501594543457, 1.7855008840560913, 1.5214751958847046, 2.1375350952148438]","[2.5808849334716797, 2.306652545928955, 2.175292491912842, 2.193040370941162]"
7154.0,2006-12-01T00:00:00.000000000,"[1.7855008840560913, 1.5214751958847046, 2.1375350952148438, 2.379558563232422]","[2.1057112216949463, 2.143234968185425, 2.3129611015319824, 2.3185341358184814]"
7154.0,2007-03-01T00:00:00.000000000,"[1.5214751958847046, 2.1375350952148438, 2.379558563232422, 2.181539297103882]","[2.2080116271972656, 2.2015674114227295, 2.3779067993164062, 2.171759605407715]"
7154.0,2007-06-01T00:00:00.000000000,"[2.1375350952148438, 2.379558563232422, 2.181539297103882, 2.0055222511291504]","[2.0994715690612793, 2.300095558166504, 2.0508923530578613, 1.8809242248535156]"
7154.0,2007-09-01T00:00:00.000000000,"[2.379558563232422, 2.181539297103882, 2.0055222511291504, 2.4895694255828857]","[2.238682746887207, 1.9591052532196045, 2.051968574523926, 2.071895122528076]"
7154.0,2007-12-01T00:00:00.000000000,"[2.181539297103882, 2.0055222511291504, 2.4895694255828857, 2.8636057376861572]","[2.0556206703186035, 2.0979835987091064, 2.1870641708374023, 2.3413710594177246]"
7154.0,2008-03-01T00:00:00.000000000,"[2.0055222511291504, 2.4895694255828857, 2.8636057376861572, 2.4455649852752686]","[2.258817672729492, 2.251455783843994, 2.3802196979522705, 2.223923921585083]"
7154.0,2008-06-01T00:00:00.000000000,"[2.4895694255828857, 2.8636057376861572, 2.4455649852752686, 2.533573627471924]","[2.2341675758361816, 2.4542317390441895, 2.165046453475952, 2.0229384899139404]"
7154.0,2008-09-01T00:00:00.000000000,"[2.8636057376861572, 2.4455649852752686, 2.533573627471924, 3.1056292057037354]","[2.4508845806121826, 2.097778081893921, 2.1859025955200195, 2.2755494117736816]"
7154.0,2008-12-01T00:00:00.000000000,"[2.4455649852752686, 2.533573627471924, 3.1056292057037354, 3.171635627746582]","[2.2320706844329834, 2.304678440093994, 2.421912670135498, 2.684872627258301]"
7154.0,2009-03-01T00:00:00.000000000,"[2.533573627471924, 3.1056292057037354, 3.171635627746582, 3.0616250038146973]","[2.419743537902832, 2.423361301422119, 2.5690953731536865, 2.4525914192199707]"
7154.0,2009-06-01T00:00:00.000000000,"[3.1056292057037354, 3.171635627746582, 3.0616250038146973, 3.2376420497894287]","[2.5466535091400146, 3.00653338432312, 2.399648904800415, 2.223616123199463]"
7154.0,2009-09-01T00:00:00.000000000,"[3.171635627746582, 3.0616250038146973, 3.2376420497894287, 3.677685022354126]","[3.2116332054138184, 2.589447498321533, 2.477567672729492, 2.712625026702881]"
7154.0,2009-12-01T00:00:00.000000000,"[3.0616250038146973, 3.2376420497894287, 3.677685022354126, 3.919708251953125]","[2.607895612716675, 2.5624167919158936, 2.734668254852295, 3.061328887939453]"
7154.0,2010-03-01T00:00:00.000000000,"[3.2376420497894287, 3.677685022354126, 3.919708251953125, 3.633680582046509]","[2.6176884174346924, 2.845737934112549, 3.1602323055267334, 2.801692485809326]"
7154.0,2010-06-01T00:00:00.000000000,"[3.677685022354126, 3.919708251953125, 3.633680582046509, 3.21563982963562]","[3.12020206451416, 3.469235420227051, 2.799696445465088, 2.6818742752075195]"
7154.0,2010-09-01T00:00:00.000000000,"[3.919708251953125, 3.633680582046509, 3.21563982963562, 3.8096976280212402]","[3.931643486022949, 3.1229491233825684, 2.957733631134033, 3.2786214351654053]"
7154.0,2010-12-01T00:00:00.000000000,"[3.633680582046509, 3.21563982963562, 3.8096976280212402, 3.9417104721069336]","[3.284108877182007, 2.921393632888794, 3.146470308303833, 3.5857293605804443]"
7154.0,2011-03-01T00:00:00.000000000,"[3.21563982963562, 3.8096976280212402, 3.9417104721069336, 3.633680582046509]","[2.7981033325195312, 3.2359399795532227, 3.9386682510375977, 3.1369848251342773]"
7154.0,2011-06-01T00:00:00.000000000,"[3.8096976280212402, 3.9417104721069336, 3.633680582046509, 2.533573627471924]","[3.4263663291931152, 3.625136137008667, 3.084620952606201, 2.967374563217163]"
7154.0,2011-09-01T00:00:00.000000000,"[3.9417104721069336, 3.633680582046509, 2.533573627471924, 0.7514004111289978]","[4.29609489440918, 3.3871612548828125, 3.221494674682617, 3.5874457359313965]"
7154.0,2011-12-01T00:00:00.000000000,"[3.633680582046509, 2.533573627471924, 0.7514004111289978, 4.18373441696167]","[3.5823302268981934, 3.1012654304504395, 3.3019323348999023, 3.653513193130493]"
7154.0,2012-03-01T00:00:00.000000000,"[2.533573627471924, 0.7514004111289978, 4.18373441696167, 3.0396230220794678]","[3.0223114490509033, 3.5025627613067627, 4.009947299957275, 3.229005813598633]"
7154.0,2012-06-01T00:00:00.000000000,"[0.7514004111289978, 4.18373441696167, 3.0396230220794678, 3.523669719696045]","[3.189222812652588, 3.4965879917144775, 3.0308778285980225, 2.7418696880340576]"
7154.0,2012-09-01T00:00:00.000000000,"[4.18373441696167, 3.0396230220794678, 3.523669719696045, 4.513765811920166]","[2.6381380558013916, 2.212388038635254, 2.0887463092803955, 2.3017163276672363]"
7154.0,2012-12-01T00:00:00.000000000,"[3.0396230220794678, 3.523669719696045, 4.513765811920166, 5.371849536895752]","[3.814301013946533, 2.869033098220825, 3.2272446155548096, 4.15645170211792]"
7154.0,2013-03-01T00:00:00.000000000,"[3.523669719696045, 4.513765811920166, 5.371849536895752, 4.20573616027832]","[2.8197848796844482, 3.192232131958008, 4.247343063354492, 3.4245667457580566]"
7257.0,2006-06-01T00:00:00.000000000,"[1.1694409847259521, 1.279451608657837, 1.2134451866149902, 1.1694409847259521]","[1.2243541479110718, 1.2375365495681763, 1.2609182596206665, 1.3246194124221802]"
7257.0,2006-09-01T00:00:00.000000000,"[1.279451608657837, 1.2134451866149902, 1.1694409847259521, 1.1914430856704712]","[1.212514042854309, 1.2108440399169922, 1.231728196144104, 1.2092294692993164]"
7257.0,2006-12-01T00:00:00.000000000,"[1.2134451866149902, 1.1694409847259521, 1.1914430856704712, 1.4114645719528198]","[1.2806593179702759, 1.273160696029663, 1.3069567680358887, 1.2447563409805298]"
7257.0,2007-03-01T00:00:00.000000000,"[1.1694409847259521, 1.1914430856704712, 1.4114645719528198, 1.3454581499099731]","[1.2813720703125, 1.2844361066818237, 1.3027342557907104, 1.3358052968978882]"
7257.0,2007-06-01T00:00:00.000000000,"[1.1914430856704712, 1.4114645719528198, 1.3454581499099731, 1.2574495077133179]","[1.2967089414596558, 1.2894293069839478, 1.3008991479873657, 1.2962770462036133]"
7257.0,2007-09-01T00:00:00.000000000,"[1.4114645719528198, 1.3454581499099731, 1.2574495077133179, 1.3454581499099731]","[1.2266217470169067, 1.22539484500885, 1.2320044040679932, 1.2345973253250122]"
7257.0,2007-12-01T00:00:00.000000000,"[1.3454581499099731, 1.2574495077133179, 1.3454581499099731, 1.6534881591796875]","[1.2615101337432861, 1.2591185569763184, 1.275124192237854, 1.2510175704956055]"
7257.0,2008-03-01T00:00:00.000000000,"[1.2574495077133179, 1.3454581499099731, 1.6534881591796875, 1.2574495077133179]","[1.324881672859192, 1.342804193496704, 1.38735032081604, 1.429829478263855]"
7257.0,2008-06-01T00:00:00.000000000,"[1.3454581499099731, 1.6534881591796875, 1.2574495077133179, 1.2354472875595093]","[1.3035502433776855, 1.3178036212921143, 1.3621238470077515, 1.3852921724319458]"
7257.0,2008-09-01T00:00:00.000000000,"[1.6534881591796875, 1.2574495077133179, 1.2354472875595093, 1.5214751958847046]","[1.3391978740692139, 1.2964918613433838, 1.3206490278244019, 1.332506537437439]"
7257.0,2008-12-01T00:00:00.000000000,"[1.2574495077133179, 1.2354472875595093, 1.5214751958847046, 1.7414965629577637]","[1.403855800628662, 1.4110521078109741, 1.4809999465942383, 1.5395641326904297]"
7257.0,2009-03-01T00:00:00.000000000,"[1.2354472875595093, 1.5214751958847046, 1.7414965629577637, 1.455468773841858]","[1.3449376821517944, 1.36528480052948, 1.4441320896148682, 1.3883646726608276]"
7257.0,2009-06-01T00:00:00.000000000,"[1.5214751958847046, 1.7414965629577637, 1.455468773841858, 1.6094835996627808]","[1.3901488780975342, 1.4504458904266357, 1.3947432041168213, 1.350690245628357]"
7257.0,2009-09-01T00:00:00.000000000,"[1.7414965629577637, 1.455468773841858, 1.6094835996627808, 1.6314857006072998]","[1.631874680519104, 1.4168701171875, 1.3944768905639648, 1.5077342987060547]"
7257.0,2009-12-01T00:00:00.000000000,"[1.455468773841858, 1.6094835996627808, 1.6314857006072998, 1.9175138473510742]","[1.4585446119308472, 1.4415520429611206, 1.5219581127166748, 1.690376877784729]"
7257.0,2010-03-01T00:00:00.000000000,"[1.6094835996627808, 1.6314857006072998, 1.9175138473510742, 1.5874814987182617]","[1.408966064453125, 1.4616444110870361, 1.6652112007141113, 1.4570223093032837]"
7257.0,2010-06-01T00:00:00.000000000,"[1.6314857006072998, 1.9175138473510742, 1.5874814987182617, 1.9835201501846313]","[1.5652647018432617, 1.7145020961761475, 1.5086666345596313, 1.5177958011627197]"
7257.0,2010-09-01T00:00:00.000000000,"[1.9175138473510742, 1.5874814987182617, 1.9835201501846313, 2.1595370769500732]","[1.8163118362426758, 1.46658456325531, 1.5144853591918945, 1.608278751373291]"
7257.0,2010-12-01T00:00:00.000000000,"[1.5874814987182617, 1.9835201501846313, 2.1595370769500732, 2.621582269668579]","[1.5715234279632568, 1.6465847492218018, 1.690698266029358, 1.8433330059051514]"
7257.0,2011-03-01T00:00:00.000000000,"[1.9835201501846313, 2.1595370769500732, 2.621582269668579, 1.8515071868896484]","[1.4479854106903076, 1.5510450601577759, 1.7662162780761719, 1.4779913425445557]"
7257.0,2011-06-01T00:00:00.000000000,"[2.1595370769500732, 2.621582269668579, 1.8515071868896484, 2.5995800495147705]","[1.8002086877822876, 1.9088573455810547, 1.6475292444229126, 1.6930162906646729]"
7257.0,2011-09-01T00:00:00.000000000,"[2.621582269668579, 1.8515071868896484, 2.5995800495147705, 2.313552141189575]","[2.103083372116089, 1.7442073822021484, 1.6920464038848877, 1.7968027591705322]"
7257.0,2011-12-01T00:00:00.000000000,"[1.8515071868896484, 2.5995800495147705, 2.313552141189575, 3.127631425857544]","[1.8391035795211792, 1.9652342796325684, 1.904228925704956, 2.0061190128326416]"
7257.0,2012-03-01T00:00:00.000000000,"[2.5995800495147705, 2.313552141189575, 3.127631425857544, 2.2035415172576904]","[1.6010886430740356, 1.7119678258895874, 1.9781279563903809, 1.4932289123535156]"
7257.0,2012-06-01T00:00:00.000000000,"[2.313552141189575, 3.127631425857544, 2.2035415172576904, 2.379558563232422]","[2.2255799770355225, 2.274928092956543, 1.8803813457489014, 1.9593510627746582]"
7257.0,2012-09-01T00:00:00.000000000,"[3.127631425857544, 2.2035415172576904, 2.379558563232422, 2.181539297103882]","[2.5136780738830566, 1.8336853981018066, 1.8748301267623901, 1.9618735313415527]"
7257.0,2012-12-01T00:00:00.000000000,"[2.2035415172576904, 2.379558563232422, 2.181539297103882, 3.1496336460113525]","[2.249985456466675, 2.4024860858917236, 2.222712516784668, 2.4588358402252197]"
7257.0,2013-03-01T00:00:00.000000000,"[2.379558563232422, 2.181539297103882, 3.1496336460113525, 3.259644031524658]","[2.1478219032287598, 1.9542237520217896, 2.390030860900879, 1.932033658027649]"
7343.0,2006-06-01T00:00:00.000000000,"[1.0374282598495483, 1.103434681892395, 1.4334666728973389, 1.0814324617385864]","[-0.23459047079086304, 0.04051142930984497, -0.14670294523239136, -0.15282166004180908]"
7343.0,2006-09-01T00:00:00.000000000,"[1.103434681892395, 1.4334666728973389, 1.0814324617385864, 0.4873746931552887]","[-0.0016058683395385742, 0.2339721918106079, -0.21208053827285767, -0.26333072781562805]"
7343.0,2006-12-01T00:00:00.000000000,"[1.4334666728973389, 1.0814324617385864, 0.4873746931552887, 0.11333828419446945]","[0.3977704644203186, 0.09600651264190674, -0.06391537189483643, -0.1593635082244873]"
7343.0,2007-03-01T00:00:00.000000000,"[1.0814324617385864, 0.4873746931552887, 0.11333828419446945, -0.1726895570755005]","[0.2874463200569153, 0.5458798408508301, 0.24459153413772583, 0.20602989196777344]"
7343.0,2007-06-01T00:00:00.000000000,"[0.4873746931552887, 0.11333828419446945, -0.1726895570755005, -0.8107516169548035]","[0.7342010736465454, 0.666131854057312, 0.4035547971725464, 0.26672250032424927]"
7343.0,2007-09-01T00:00:00.000000000,"[0.11333828419446945, -0.1726895570755005, -0.8107516169548035, -0.8767580389976501]","[0.6111464500427246, 0.7090024948120117, 0.33528250455856323, 0.14411556720733643]"
7343.0,2007-12-01T00:00:00.000000000,"[-0.1726895570755005, -0.8107516169548035, -0.8767580389976501, -0.8107516169548035]","[0.5649528503417969, 0.16811281442642212, 0.34618717432022095, 0.23451143503189087]"
7343.0,2008-03-01T00:00:00.000000000,"[-0.8107516169548035, -0.8767580389976501, -0.8107516169548035, 0.003327556187286973]","[0.2770041823387146, 0.2930113673210144, 0.6352381110191345, 0.5129699110984802]"
7343.0,2008-06-01T00:00:00.000000000,"[-0.8767580389976501, -0.8107516169548035, 0.003327556187286973, 1.279451608657837]","[0.11705029010772705, 0.1903676986694336, 0.5133920907974243, 0.4997594356536865]"
7343.0,2008-09-01T00:00:00.000000000,"[-0.8107516169548035, 0.003327556187286973, 1.279451608657837, 2.8636057376861572]","[-0.4212656617164612, -0.31882673501968384, -0.10792362689971924, 0.1071045994758606]"
7343.0,2008-12-01T00:00:00.000000000,"[0.003327556187286973, 1.279451608657837, 2.8636057376861572, 3.7436912059783936]","[-0.6196111440658569, -0.502017080783844, -0.2868597209453583, -0.05743575096130371]"
7343.0,2009-03-01T00:00:00.000000000,"[1.279451608657837, 2.8636057376861572, 3.7436912059783936, 4.689783573150635]","[0.07487842440605164, 0.1794179379940033, 0.4600474536418915, 0.6546100378036499]"
7343.0,2009-06-01T00:00:00.000000000,"[2.8636057376861572, 3.7436912059783936, 4.689783573150635, 5.503862380981445]","[0.4859246611595154, 0.649117648601532, 1.0353155136108398, 1.455599308013916]"
7343.0,2009-09-01T00:00:00.000000000,"[3.7436912059783936, 4.689783573150635, 5.503862380981445, 6.229933261871338]","[1.1556931734085083, 1.6655941009521484, 1.738651156425476, 2.3430466651916504]"
7343.0,2009-12-01T00:00:00.000000000,"[4.689783573150635, 5.503862380981445, 6.229933261871338, 7.066014289855957]","[1.9187501668930054, 2.411003351211548, 2.0520732402801514, 2.3567006587982178]"
7343.0,2010-03-01T00:00:00.000000000,"[5.503862380981445, 6.229933261871338, 7.066014289855957, 5.833894729614258]","[2.4378445148468018, 2.884885311126709, 1.8851287364959717, 2.2080440521240234]"
7343.0,2010-06-01T00:00:00.000000000,"[6.229933261871338, 7.066014289855957, 5.833894729614258, 3.0616250038146973]","[3.515763282775879, 2.939452886581421, 2.315927028656006, 2.638333559036255]"
7343.0,2010-09-01T00:00:00.000000000,"[7.066014289855957, 5.833894729614258, 3.0616250038146973, 1.6094835996627808]","[3.4414219856262207, 3.3172779083251953, 2.332170009613037, 2.709157943725586]"
7343.0,2010-12-01T00:00:00.000000000,"[5.833894729614258, 3.0616250038146973, 1.6094835996627808, 0.5313789248466492]","[4.369546890258789, 3.954939126968384, 3.4930052757263184, 2.969318151473999]"
7343.0,2011-03-01T00:00:00.000000000,"[3.0616250038146973, 1.6094835996627808, 0.5313789248466492, 0.35536178946495056]","[4.474307060241699, 4.207467555999756, 3.068450689315796, 3.0283408164978027]"
7343.0,2011-06-01T00:00:00.000000000,"[1.6094835996627808, 0.5313789248466492, 0.35536178946495056, 0.2893553674221039]","[4.585137367248535, 2.9141578674316406, 2.9442567825317383, 2.9721996784210205]"
7343.0,2011-09-01T00:00:00.000000000,"[0.5313789248466492, 0.35536178946495056, 0.2893553674221039, 1.103434681892395]","[3.8136723041534424, 2.9429447650909424, 2.9493408203125, 3.0695104598999023]"
7343.0,2011-12-01T00:00:00.000000000,"[0.35536178946495056, 0.2893553674221039, 1.103434681892395, 1.6754902601242065]","[2.4932379722595215, 2.044666290283203, 2.4655542373657227, 2.499152660369873]"
7343.0,2012-03-01T00:00:00.000000000,"[0.2893553674221039, 1.103434681892395, 1.6754902601242065, 1.0154259204864502]","[0.6649697422981262, 0.8880531787872314, 1.351471185684204, 1.6317745447158813]"
7343.0,2012-06-01T00:00:00.000000000,"[1.103434681892395, 1.6754902601242065, 1.0154259204864502, 1.455468773841858]","[0.4325442910194397, 0.6988524198532104, 1.1754589080810547, 1.609595537185669]"
7343.0,2012-09-01T00:00:00.000000000,"[1.6754902601242065, 1.0154259204864502, 1.455468773841858, 3.4356613159179688]","[1.1540476083755493, 1.4825221300125122, 2.0861473083496094, 2.796417713165283]"
7343.0,2012-12-01T00:00:00.000000000,"[1.0154259204864502, 1.455468773841858, 3.4356613159179688, 4.623776912689209]","[1.288407564163208, 1.6458522081375122, 2.2401063442230225, 3.1469030380249023]"
7343.0,2013-03-01T00:00:00.000000000,"[1.455468773841858, 3.4356613159179688, 4.623776912689209, 4.051721572875977]","[0.6451252102851868, 0.9809761643409729, 1.4199919700622559, 2.3411409854888916]"
7435.0,2006-06-01T00:00:00.000000000,"[3.5016677379608154, 3.6556828022003174, 3.281646251678467, 3.5896763801574707]","[3.3369290828704834, 3.3293604850769043, 2.964501142501831, 3.1341207027435303]"
7435.0,2006-09-01T00:00:00.000000000,"[3.6556828022003174, 3.281646251678467, 3.5896763801574707, 3.7436912059783936]","[3.568474769592285, 2.9300222396850586, 3.281966209411621, 3.448542594909668]"
7435.0,2006-12-01T00:00:00.000000000,"[3.281646251678467, 3.5896763801574707, 3.7436912059783936, 3.8096976280212402]","[3.0166659355163574, 3.264652729034424, 3.343998432159424, 3.590566635131836]"
7435.0,2007-03-01T00:00:00.000000000,"[3.5896763801574707, 3.7436912059783936, 3.8096976280212402, 2.9516141414642334]","[3.337817668914795, 3.455491542816162, 3.3903534412384033, 3.0987813472747803]"
7435.0,2007-06-01T00:00:00.000000000,"[3.7436912059783936, 3.8096976280212402, 2.9516141414642334, 3.8096976280212402]","[3.722226619720459, 3.7396609783172607, 3.2525928020477295, 3.411038637161255]"
7435.0,2007-09-01T00:00:00.000000000,"[3.8096976280212402, 2.9516141414642334, 3.8096976280212402, 3.875704050064087]","[3.9260764122009277, 3.1291637420654297, 3.479505777359009, 3.694985866546631]"
7435.0,2007-12-01T00:00:00.000000000,"[2.9516141414642334, 3.8096976280212402, 3.875704050064087, 4.029719352722168]","[3.215162515640259, 3.431797742843628, 3.550718307495117, 3.7600574493408203]"
7435.0,2008-03-01T00:00:00.000000000,"[3.8096976280212402, 3.875704050064087, 4.029719352722168, 3.4356613159179688]","[3.3444995880126953, 3.520886182785034, 3.480165958404541, 3.1184916496276855]"
7435.0,2008-06-01T00:00:00.000000000,"[3.875704050064087, 4.029719352722168, 3.4356613159179688, 4.051721572875977]","[4.00124454498291, 4.022443771362305, 3.5087337493896484, 3.682039499282837]"
7435.0,2008-09-01T00:00:00.000000000,"[4.029719352722168, 3.4356613159179688, 4.051721572875977, 4.2497406005859375]","[4.102046012878418, 3.218492031097412, 3.5711593627929688, 3.8167362213134766]"
7435.0,2008-12-01T00:00:00.000000000,"[3.4356613159179688, 4.051721572875977, 4.2497406005859375, 4.42575740814209]","[3.4202094078063965, 3.6123464107513428, 3.774629831314087, 3.9956960678100586]"
7435.0,2009-03-01T00:00:00.000000000,"[4.051721572875977, 4.2497406005859375, 4.42575740814209, 3.919708251953125]","[3.683124542236328, 3.865912437438965, 3.840378522872925, 3.401968479156494]"
7435.0,2009-06-01T00:00:00.000000000,"[4.2497406005859375, 4.42575740814209, 3.919708251953125, 4.7997941970825195]","[4.282242774963379, 4.451782703399658, 3.7535812854766846, 3.8226828575134277]"
7435.0,2009-09-01T00:00:00.000000000,"[4.42575740814209, 3.919708251953125, 4.7997941970825195, 4.9978132247924805]","[4.398818016052246, 3.5853397846221924, 3.716806650161743, 4.017617702484131]"
7435.0,2009-12-01T00:00:00.000000000,"[3.919708251953125, 4.7997941970825195, 4.9978132247924805, 4.975811004638672]","[3.8162577152252197, 3.9373247623443604, 4.220130920410156, 4.374533176422119]"
7435.0,2010-03-01T00:00:00.000000000,"[4.7997941970825195, 4.9978132247924805, 4.975811004638672, 4.381753444671631]","[3.9851183891296387, 4.293257713317871, 4.076692581176758, 3.618104934692383]"
7435.0,2010-06-01T00:00:00.000000000,"[4.9978132247924805, 4.975811004638672, 4.381753444671631, 4.20573616027832]","[4.795780181884766, 4.782731533050537, 4.2050700187683105, 4.510488033294678]"
7435.0,2010-09-01T00:00:00.000000000,"[4.975811004638672, 4.381753444671631, 4.20573616027832, 4.139729976654053]","[5.031717777252197, 4.02777624130249, 4.449548244476318, 4.857539653778076]"
7435.0,2010-12-01T00:00:00.000000000,"[4.381753444671631, 4.20573616027832, 4.139729976654053, 4.975811004638672]","[4.101724624633789, 4.4583024978637695, 4.663246154785156, 4.815100193023682]"
7435.0,2011-03-01T00:00:00.000000000,"[4.20573616027832, 4.139729976654053, 4.975811004638672, 4.029719352722168]","[4.631747245788574, 4.707465171813965, 4.547536849975586, 4.207979679107666]"
7435.0,2011-06-01T00:00:00.000000000,"[4.139729976654053, 4.975811004638672, 4.029719352722168, 4.051721572875977]","[4.8785929679870605, 4.693444728851318, 4.210777282714844, 4.429117202758789]"
7435.0,2011-09-01T00:00:00.000000000,"[4.975811004638672, 4.029719352722168, 4.051721572875977, 3.21563982963562]","[4.777925491333008, 4.0279541015625, 4.395967483520508, 4.606962203979492]"
7435.0,2011-12-01T00:00:00.000000000,"[4.029719352722168, 4.051721572875977, 3.21563982963562, 4.645779132843018]","[4.337801456451416, 4.622652053833008, 4.756189346313477, 5.0213518142700195]"
7435.0,2012-03-01T00:00:00.000000000,"[4.051721572875977, 3.21563982963562, 4.645779132843018, 4.535768508911133]","[4.518383979797363, 4.723525047302246, 4.739259719848633, 4.362229824066162]"
7435.0,2012-06-01T00:00:00.000000000,"[3.21563982963562, 4.645779132843018, 4.535768508911133, 5.3938517570495605]","[4.502230167388916, 4.776729583740234, 4.292291164398193, 4.406365394592285]"
7435.0,2012-09-01T00:00:00.000000000,"[4.645779132843018, 4.535768508911133, 5.3938517570495605, 4.9978132247924805]","[4.12383508682251, 3.6778547763824463, 3.879594326019287, 4.046212196350098]"
7435.0,2012-12-01T00:00:00.000000000,"[4.535768508911133, 5.3938517570495605, 4.9978132247924805, 4.689783573150635]","[4.189141750335693, 4.31364107131958, 4.564756393432617, 4.919342517852783]"
7435.0,2013-03-01T00:00:00.000000000,"[5.3938517570495605, 4.9978132247924805, 4.689783573150635, 4.381753444671631]","[4.576056957244873, 4.611971378326416, 4.930861949920654, 4.7531328201293945]"
7906.0,2006-06-01T00:00:00.000000000,"[0.15734252333641052, 0.4983757734298706, 0.11333828419446945, 0.27835431694984436]","[0.15912732481956482, 0.2326844334602356, 0.059489816427230835, 0.11555764079093933]"
7906.0,2006-09-01T00:00:00.000000000,"[0.4983757734298706, 0.11333828419446945, 0.27835431694984436, 0.37736397981643677]","[0.30456727743148804, -0.006287775933742523, 0.09309999644756317, 0.17320875823497772]"
7906.0,2006-12-01T00:00:00.000000000,"[0.11333828419446945, 0.27835431694984436, 0.37736397981643677, 0.7734025120735168]","[0.12959551811218262, 0.20967577397823334, 0.2451719492673874, 0.42209047079086304]"
7906.0,2007-03-01T00:00:00.000000000,"[0.27835431694984436, 0.37736397981643677, 0.7734025120735168, 0.2893553674221039]","[0.13184593617916107, 0.13789887726306915, 0.34105390310287476, 0.07617798447608948]"
7906.0,2007-06-01T00:00:00.000000000,"[0.37736397981643677, 0.7734025120735168, 0.2893553674221039, 0.5093768239021301]","[0.3043946623802185, 0.39974159002304077, 0.1962464600801468, 0.2659139037132263]"
7906.0,2007-09-01T00:00:00.000000000,"[0.7734025120735168, 0.2893553674221039, 0.5093768239021301, 0.37736397981643677]","[0.5789860486984253, 0.11486697196960449, 0.24672788381576538, 0.3777066469192505]"
7906.0,2007-12-01T00:00:00.000000000,"[0.2893553674221039, 0.5093768239021301, 0.37736397981643677, 0.9054153561592102]","[0.280024915933609, 0.35998016595840454, 0.3782661557197571, 0.6321987509727478]"
7906.0,2008-03-01T00:00:00.000000000,"[0.5093768239021301, 0.37736397981643677, 0.9054153561592102, 0.3993660807609558]","[0.24897676706314087, 0.26558685302734375, 0.6433218121528625, 0.19666346907615662]"
7906.0,2008-06-01T00:00:00.000000000,"[0.37736397981643677, 0.9054153561592102, 0.3993660807609558, 0.7954046130180359]","[0.4693670868873596, 0.594167947769165, 0.3192649185657501, 0.4205145537853241]"
7906.0,2008-09-01T00:00:00.000000000,"[0.9054153561592102, 0.3993660807609558, 0.7954046130180359, 0.6193875670433044]","[0.7653571367263794, 0.16543743014335632, 0.3364332318305969, 0.4554888606071472]"
7906.0,2008-12-01T00:00:00.000000000,"[0.3993660807609558, 0.7954046130180359, 0.6193875670433044, 0.553381085395813]","[0.4371945261955261, 0.5535454750061035, 0.5674657225608826, 0.826640248298645]"
7906.0,2009-03-01T00:00:00.000000000,"[0.7954046130180359, 0.6193875670433044, 0.553381085395813, 0.3113575577735901]","[0.46792954206466675, 0.37422144412994385, 0.7507531642913818, 0.3866962492465973]"
7906.0,2009-06-01T00:00:00.000000000,"[0.6193875670433044, 0.553381085395813, 0.3113575577735901, 0.7954046130180359]","[0.6944742798805237, 0.8692864775657654, 0.5663939118385315, 0.6985557675361633]"
7906.0,2009-09-01T00:00:00.000000000,"[0.553381085395813, 0.3113575577735901, 0.7954046130180359, 0.8174067735671997]","[1.0269798040390015, 0.33808770775794983, 0.5606786012649536, 0.6724395751953125]"
7906.0,2009-12-01T00:00:00.000000000,"[0.3113575577735901, 0.7954046130180359, 0.8174067735671997, 0.7734025120735168]","[0.43689730763435364, 0.570417582988739, 0.629083514213562, 0.8154016733169556]"
7906.0,2010-03-01T00:00:00.000000000,"[0.7954046130180359, 0.8174067735671997, 0.7734025120735168, 0.44337034225463867]","[0.5524289608001709, 0.47837626934051514, 0.6755122542381287, 0.49666428565979004]"
7906.0,2010-06-01T00:00:00.000000000,"[0.8174067735671997, 0.7734025120735168, 0.44337034225463867, 0.7954046130180359]","[0.7517601251602173, 0.9365808963775635, 0.6679267883300781, 0.8111536502838135]"
7906.0,2010-09-01T00:00:00.000000000,"[0.7734025120735168, 0.44337034225463867, 0.7954046130180359, 0.6633917689323425]","[1.0200797319412231, 0.5410264730453491, 0.7301182746887207, 0.8313208818435669]"
7906.0,2010-12-01T00:00:00.000000000,"[0.44337034225463867, 0.7954046130180359, 0.6633917689323425, 1.1914430856704712]","[0.5647950172424316, 0.7013632655143738, 0.7650489807128906, 0.9507560729980469]"
7906.0,2011-03-01T00:00:00.000000000,"[0.7954046130180359, 0.6633917689323425, 1.1914430856704712, 0.8394088745117188]","[0.6396728157997131, 0.6469980478286743, 0.7589527368545532, 0.5929139852523804]"
7906.0,2011-06-01T00:00:00.000000000,"[0.6633917689323425, 1.1914430856704712, 0.8394088745117188, 1.0154259204864502]","[0.8046824932098389, 0.9792141914367676, 0.7048966884613037, 0.8133145570755005]"
7906.0,2011-09-01T00:00:00.000000000,"[1.1914430856704712, 0.8394088745117188, 1.0154259204864502, -1.8228501081466675]","[0.9271820783615112, 0.5755054950714111, 0.7497555017471313, 0.8165639638900757]"
7906.0,2011-12-01T00:00:00.000000000,"[0.8394088745117188, 1.0154259204864502, -1.8228501081466675, 1.3894624710083008]","[0.7178810238838196, 0.8948390483856201, 0.9429335594177246, 1.184548258781433]"
7906.0,2012-03-01T00:00:00.000000000,"[1.0154259204864502, -1.8228501081466675, 1.3894624710083008, 1.0154259204864502]","[0.8740229606628418, 0.8602805137634277, 1.0152984857559204, 0.8036209940910339]"
7906.0,2012-06-01T00:00:00.000000000,"[-1.8228501081466675, 1.3894624710083008, 1.0154259204864502, 1.279451608657837]","[0.9089210033416748, 1.2048224210739136, 0.8464370965957642, 0.9414867758750916]"
7906.0,2012-09-01T00:00:00.000000000,"[1.3894624710083008, 1.0154259204864502, 1.279451608657837, 1.3454581499099731]","[-0.14551883935928345, -0.101247638463974, -0.07440480589866638, -0.0028464198112487793]"
7906.0,2012-12-01T00:00:00.000000000,"[1.0154259204864502, 1.279451608657837, 1.3454581499099731, 1.8515071868896484]","[0.530072808265686, 0.6174889802932739, 0.6844068765640259, 1.280178189277649]"
7906.0,2013-03-01T00:00:00.000000000,"[1.279451608657837, 1.3454581499099731, 1.8515071868896484, 1.125436782836914]","[1.010624647140503, 0.6726250648498535, 1.0673167705535889, 1.023301362991333]"
7977.0,2006-03-01T00:00:00.000000000,"[0.15734252333641052, 0.9054153561592102, 0.15734252333641052, 0.3113575577735901]","[0.3469201326370239, 0.6768876314163208, 0.4352197051048279, 0.3230798840522766]"
7977.0,2006-06-01T00:00:00.000000000,"[0.9054153561592102, 0.15734252333641052, 0.3113575577735901, 0.15734252333641052]","[0.5668332576751709, 0.31830936670303345, 0.10980274528265, 0.23676779866218567]"
7977.0,2006-09-01T00:00:00.000000000,"[0.15734252333641052, 0.3113575577735901, 0.15734252333641052, 1.147438883781433]","[0.44639819860458374, 0.40829628705978394, 0.5301812887191772, 0.8875678777694702]"
7977.0,2006-12-01T00:00:00.000000000,"[0.3113575577735901, 0.15734252333641052, 1.147438883781433, 0.20134682953357697]","[0.017942577600479126, 0.1688658893108368, 0.6034833192825317, 0.12636883556842804]"
7977.0,2007-03-01T00:00:00.000000000,"[0.15734252333641052, 1.147438883781433, 0.20134682953357697, 0.33335965871810913]","[0.3701404333114624, 0.7226719856262207, 0.3188478350639343, 0.2722051739692688]"
7977.0,2007-06-01T00:00:00.000000000,"[1.147438883781433, 0.20134682953357697, 0.33335965871810913, 0.15734252333641052]","[0.6381061673164368, 0.2843247652053833, 0.12354248017072678, 0.21400856971740723]"
7977.0,2007-09-01T00:00:00.000000000,"[0.20134682953357697, 0.33335965871810913, 0.15734252333641052, 1.279451608657837]","[0.47118815779685974, 0.4004586338996887, 0.5219054222106934, 1.0307520627975464]"
7977.0,2007-12-01T00:00:00.000000000,"[0.33335965871810913, 0.15734252333641052, 1.279451608657837, 0.2893553674221039]","[0.06513728201389313, 0.2933604419231415, 0.9894572496414185, 0.1807226836681366]"
7977.0,2008-03-01T00:00:00.000000000,"[0.15734252333641052, 1.279451608657837, 0.2893553674221039, 0.33335965871810913]","[0.4196009635925293, 0.9466813802719116, 0.2387363612651825, 0.2732110619544983]"
7977.0,2008-09-01T00:00:00.000000000,"[1.279451608657837, 0.2893553674221039, 0.33335965871810913, 0.2893553674221039]","[0.7294333577156067, 0.1536329835653305, 0.1343579739332199, 0.2712702453136444]"
7977.0,2008-12-01T00:00:00.000000000,"[0.2893553674221039, 0.33335965871810913, 0.2893553674221039, 1.4334666728973389]","[0.45446890592575073, 0.4441273808479309, 0.5752201080322266, 1.1452122926712036]"
7977.0,2009-03-01T00:00:00.000000000,"[0.33335965871810913, 0.2893553674221039, 1.4334666728973389, 0.2233489453792572]","[0.12133000791072845, 0.4050791263580322, 1.3138881921768188, 0.18310225009918213]"
7977.0,2009-06-01T00:00:00.000000000,"[0.2893553674221039, 1.4334666728973389, 0.2233489453792572, 0.553381085395813]","[0.4972224831581116, 1.2276811599731445, 0.26618731021881104, 0.43881356716156006]"
7977.0,2009-09-01T00:00:00.000000000,"[1.4334666728973389, 0.2233489453792572, 0.553381085395813, 0.44337034225463867]","[0.9252233505249023, 0.07016322016716003, 0.18576879799365997, 0.35517382621765137]"
7977.0,2009-12-01T00:00:00.000000000,"[0.2233489453792572, 0.553381085395813, 0.44337034225463867, 1.4114645719528198]","[0.36688658595085144, 0.5061509013175964, 0.6742556095123291, 1.4371668100357056]"
7977.0,2010-03-01T00:00:00.000000000,"[0.553381085395813, 0.44337034225463867, 1.4114645719528198, 0.2233489453792572]","[0.16540272533893585, 0.4766024649143219, 1.468696117401123, 0.25294461846351624]"
7977.0,2010-06-01T00:00:00.000000000,"[0.44337034225463867, 1.4114645719528198, 0.2233489453792572, 0.6413896679878235]","[0.551681637763977, 1.3910455703735352, 0.31643247604370117, 0.5778860449790955]"
7977.0,2010-09-01T00:00:00.000000000,"[1.4114645719528198, 0.2233489453792572, 0.6413896679878235, 0.3113575577735901]","[1.1470500230789185, 0.12030011415481567, 0.269186794757843, 0.4569171071052551]"
7977.0,2010-12-01T00:00:00.000000000,"[0.2233489453792572, 0.6413896679878235, 0.3113575577735901, 1.5214751958847046]","[0.29061833024024963, 0.48981183767318726, 0.6486622095108032, 1.391049861907959]"
7977.0,2011-03-01T00:00:00.000000000,"[0.6413896679878235, 0.3113575577735901, 1.5214751958847046, 0.5313789248466492]","[0.2170361429452896, 0.514801561832428, 1.4785650968551636, 0.2592184245586395]"
7977.0,2011-06-01T00:00:00.000000000,"[0.3113575577735901, 1.5214751958847046, 0.5313789248466492, 0.5313789248466492]","[0.6476062536239624, 1.579474925994873, 0.36230939626693726, 0.6498845815658569]"
7977.0,2011-09-01T00:00:00.000000000,"[1.5214751958847046, 0.5313789248466492, 0.5313789248466492, 0.4873746931552887]","[1.1388487815856934, 0.11564502120018005, 0.2500793933868408, 0.48216089606285095]"
7977.0,2011-12-01T00:00:00.000000000,"[0.5313789248466492, 0.5313789248466492, 0.4873746931552887, 1.8075029850006104]","[0.3082730770111084, 0.5182617902755737, 0.6854853630065918, 1.4638702869415283]"
7977.0,2012-03-01T00:00:00.000000000,"[0.5313789248466492, 0.4873746931552887, 1.8075029850006104, 0.4873746931552887]","[0.30364203453063965, 0.6104307174682617, 1.5991463661193848, 0.3499857187271118]"
7977.0,2012-06-01T00:00:00.000000000,"[0.4873746931552887, 1.8075029850006104, 0.4873746931552887, 0.7734025120735168]","[0.720526397228241, 1.680649757385254, 0.39754733443260193, 0.6471123695373535]"
7977.0,2012-09-01T00:00:00.000000000,"[1.8075029850006104, 0.4873746931552887, 0.7734025120735168, 0.575383186340332]","[1.2361184358596802, 0.16647017002105713, 0.30805790424346924, 0.5536574125289917]"
7977.0,2012-12-01T00:00:00.000000000,"[0.4873746931552887, 0.7734025120735168, 0.575383186340332, 1.7855008840560913]","[0.3859941363334656, 0.6061888933181763, 0.7818152904510498, 1.6012511253356934]"
7977.0,2013-03-01T00:00:00.000000000,"[0.7734025120735168, 0.575383186340332, 1.7855008840560913, 0.575383186340332]","[0.3400217294692993, 0.692044198513031, 1.8213086128234863, 0.39112722873687744]"
8402.0,2006-06-01T00:00:00.000000000,"[0.17934469878673553, 0.33335965871810913, 0.33335965871810913, 0.3113575577735901]","[0.21927490830421448, 0.2777649164199829, 0.23588405549526215, 0.23343254625797272]"
8402.0,2006-09-01T00:00:00.000000000,"[0.33335965871810913, 0.33335965871810913, 0.3113575577735901, 0.26735323667526245]","[0.24775496125221252, 0.25738009810447693, 0.1867188960313797, 0.14412233233451843]"
8402.0,2006-12-01T00:00:00.000000000,"[0.33335965871810913, 0.3113575577735901, 0.26735323667526245, 0.44337034225463867]","[0.29233795404434204, 0.23658806085586548, 0.22700455784797668, 0.2938346564769745]"
8402.0,2007-03-01T00:00:00.000000000,"[0.3113575577735901, 0.26735323667526245, 0.44337034225463867, 0.44337034225463867]","[0.24257628619670868, 0.22667118906974792, 0.28680652379989624, 0.3090074360370636]"
8402.0,2007-06-01T00:00:00.000000000,"[0.26735323667526245, 0.44337034225463867, 0.44337034225463867, 0.2233489453792572]","[0.217295840382576, 0.3157792091369629, 0.32665833830833435, 0.2482839673757553]"
8402.0,2007-09-01T00:00:00.000000000,"[0.44337034225463867, 0.44337034225463867, 0.2233489453792572, 0.37736397981643677]","[0.31457847356796265, 0.3003762364387512, 0.2272208034992218, 0.19583672285079956]"
8402.0,2007-12-01T00:00:00.000000000,"[0.44337034225463867, 0.2233489453792572, 0.37736397981643677, 0.6193875670433044]","[0.39668118953704834, 0.3048373758792877, 0.2586543560028076, 0.33977967500686646]"
8402.0,2008-03-01T00:00:00.000000000,"[0.2233489453792572, 0.37736397981643677, 0.6193875670433044, 0.5313789248466492]","[0.2868249714374542, 0.25966209173202515, 0.3616396188735962, 0.31414321064949036]"
8402.0,2008-06-01T00:00:00.000000000,"[0.37736397981643677, 0.6193875670433044, 0.5313789248466492, 0.5093768239021301]","[0.2021959125995636, 0.2934437394142151, 0.3423442840576172, 0.18388061225414276]"
8402.0,2008-09-01T00:00:00.000000000,"[0.6193875670433044, 0.5313789248466492, 0.5093768239021301, 0.4873746931552887]","[0.39179331064224243, 0.373943567276001, 0.2791627049446106, 0.26119107007980347]"
8402.0,2008-12-01T00:00:00.000000000,"[0.5313789248466492, 0.5093768239021301, 0.4873746931552887, 0.6633917689323425]","[0.5739731788635254, 0.37538641691207886, 0.34045353531837463, 0.4557706117630005]"
8402.0,2009-03-01T00:00:00.000000000,"[0.5093768239021301, 0.4873746931552887, 0.6633917689323425, 0.5973852872848511]","[0.3763217329978943, 0.33926326036453247, 0.4857507348060608, 0.40921875834465027]"
8402.0,2009-06-01T00:00:00.000000000,"[0.4873746931552887, 0.6633917689323425, 0.5973852872848511, 0.6853939294815063]","[0.3601018786430359, 0.486829936504364, 0.4703640341758728, 0.3590373992919922]"
8402.0,2009-09-01T00:00:00.000000000,"[0.6633917689323425, 0.5973852872848511, 0.6853939294815063, 0.6413896679878235]","[0.5869723558425903, 0.46658480167388916, 0.41105911135673523, 0.398806631565094]"
8402.0,2009-12-01T00:00:00.000000000,"[0.5973852872848511, 0.6853939294815063, 0.6413896679878235, 0.7734025120735168]","[0.7095345854759216, 0.4980989694595337, 0.49867647886276245, 0.6290842294692993]"
8402.0,2010-03-01T00:00:00.000000000,"[0.6853939294815063, 0.6413896679878235, 0.7734025120735168, 0.7293981313705444]","[0.5678387880325317, 0.4496707320213318, 0.5592218041419983, 0.6190614700317383]"
8402.0,2010-06-01T00:00:00.000000000,"[0.6413896679878235, 0.7734025120735168, 0.7293981313705444, 1.2574495077133179]","[0.5290554761886597, 0.6623438596725464, 0.5958727598190308, 0.607399582862854]"
8402.0,2010-09-01T00:00:00.000000000,"[0.7734025120735168, 0.7293981313705444, 1.2574495077133179, 0.6853939294815063]","[0.7934662103652954, 0.6458157300949097, 0.5896130800247192, 0.5798400044441223]"
8402.0,2010-12-01T00:00:00.000000000,"[0.7293981313705444, 1.2574495077133179, 0.6853939294815063, 0.8614109754562378]","[0.8047224879264832, 0.6417751908302307, 0.637241542339325, 0.7830883860588074]"
8402.0,2011-03-01T00:00:00.000000000,"[1.2574495077133179, 0.6853939294815063, 0.8614109754562378, 0.8394088745117188]","[0.6968875527381897, 0.5631803274154663, 0.6946244239807129, 0.7497828006744385]"
8402.0,2011-06-01T00:00:00.000000000,"[0.6853939294815063, 0.8614109754562378, 0.8394088745117188, 1.4334666728973389]","[0.8657641410827637, 0.9641039371490479, 0.8570180535316467, 0.9846500158309937]"
8402.0,2011-09-01T00:00:00.000000000,"[0.8614109754562378, 0.8394088745117188, 1.4334666728973389, 0.6413896679878235]","[0.9133409261703491, 0.6635460257530212, 0.7095261812210083, 0.6720330715179443]"
8402.0,2011-12-01T00:00:00.000000000,"[0.8394088745117188, 1.4334666728973389, 0.6413896679878235, 0.6853939294815063]","[0.8980425596237183, 0.843275249004364, 0.7809551954269409, 0.9270888566970825]"
8402.0,2012-03-01T00:00:00.000000000,"[1.4334666728973389, 0.6413896679878235, 0.6853939294815063, 0.9054153561592102]","[0.9751212000846863, 0.6615510582923889, 0.8284450769424438, 0.906589150428772]"
8402.0,2012-06-01T00:00:00.000000000,"[0.6413896679878235, 0.6853939294815063, 0.9054153561592102, 1.4114645719528198]","[1.0128811597824097, 1.17039155960083, 1.0608015060424805, 1.2510526180267334]"
8402.0,2012-09-01T00:00:00.000000000,"[0.6853939294815063, 0.9054153561592102, 1.4114645719528198, 0.8834132552146912]","[0.9699228405952454, 0.7094435691833496, 0.852270245552063, 0.7451624274253845]"
8402.0,2012-12-01T00:00:00.000000000,"[0.9054153561592102, 1.4114645719528198, 0.8834132552146912, 1.2574495077133179]","[0.8564821481704712, 0.9918161630630493, 0.8465691804885864, 0.9335822463035583]"
8402.0,2013-03-01T00:00:00.000000000,"[1.4114645719528198, 0.8834132552146912, 1.2574495077133179, 1.301453948020935]","[1.1862316131591797, 0.720358669757843, 0.9079575538635254, 1.021987795829773]"
8479.0,2006-06-01T00:00:00.000000000,"[2.2035415172576904, 2.2915501594543457, 1.7634987831115723, 1.125436782836914]","[1.5972745418548584, 2.102274179458618, 1.4107531309127808, 1.253430724143982]"
8479.0,2006-09-01T00:00:00.000000000,"[2.2915501594543457, 1.7634987831115723, 1.125436782836914, 2.2035415172576904]","[2.400893449783325, 1.6749112606048584, 1.5601451396942139, 2.0847678184509277]"
8479.0,2006-12-01T00:00:00.000000000,"[1.7634987831115723, 1.125436782836914, 2.2035415172576904, 2.269547939300537]","[1.8865885734558105, 1.7348798513412476, 1.9512054920196533, 2.4698824882507324]"
8479.0,2007-03-01T00:00:00.000000000,"[1.125436782836914, 2.2035415172576904, 2.269547939300537, 1.6314857006072998]","[1.5747864246368408, 2.034820795059204, 2.758573055267334, 1.9478003978729248]"
8479.0,2007-06-01T00:00:00.000000000,"[2.2035415172576904, 2.269547939300537, 1.6314857006072998, 1.2574495077133179]","[1.5888028144836426, 2.1541144847869873, 1.37235689163208, 1.2617526054382324]"
8479.0,2007-09-01T00:00:00.000000000,"[2.269547939300537, 1.6314857006072998, 1.2574495077133179, 2.269547939300537]","[2.4024767875671387, 1.6032339334487915, 1.4574707746505737, 2.032428026199341]"
8479.0,2007-12-01T00:00:00.000000000,"[1.6314857006072998, 1.2574495077133179, 2.269547939300537, 2.379558563232422]","[1.798243761062622, 1.6798582077026367, 1.8499295711517334, 2.3584506511688232]"
8479.0,2008-03-01T00:00:00.000000000,"[1.2574495077133179, 2.269547939300537, 2.379558563232422, 1.9395159482955933]","[1.5130975246429443, 1.9619717597961426, 2.6695291996002197, 1.838799238204956]"
8479.0,2008-06-01T00:00:00.000000000,"[2.269547939300537, 2.379558563232422, 1.9395159482955933, 1.3674603700637817]","[1.6001743078231812, 2.175992250442505, 1.3722244501113892, 1.304152011871338]"
8479.0,2008-09-01T00:00:00.000000000,"[2.379558563232422, 1.9395159482955933, 1.3674603700637817, 2.4675674438476562]","[2.407902956008911, 1.605690598487854, 1.4599428176879883, 1.990054726600647]"
8479.0,2008-12-01T00:00:00.000000000,"[1.9395159482955933, 1.3674603700637817, 2.4675674438476562, 2.5555758476257324]","[1.7756221294403076, 1.7095049619674683, 1.8924371004104614, 2.3513686656951904]"
8479.0,2009-03-01T00:00:00.000000000,"[1.3674603700637817, 2.4675674438476562, 2.5555758476257324, 2.181539297103882]","[1.5642991065979004, 2.0255401134490967, 2.6953482627868652, 1.9016010761260986]"
8479.0,2009-06-01T00:00:00.000000000,"[2.4675674438476562, 2.5555758476257324, 2.181539297103882, 1.4114645719528198]","[1.6969469785690308, 2.2780065536499023, 1.4663554430007935, 1.395003080368042]"
8479.0,2009-09-01T00:00:00.000000000,"[2.5555758476257324, 2.181539297103882, 1.4114645719528198, 2.8416035175323486]","[2.5756192207336426, 1.808889627456665, 1.5919711589813232, 2.1353793144226074]"
8479.0,2009-12-01T00:00:00.000000000,"[2.181539297103882, 1.4114645719528198, 2.8416035175323486, 2.7975993156433105]","[1.9320483207702637, 1.7984061241149902, 1.9999761581420898, 2.471863269805908]"
8479.0,2010-03-01T00:00:00.000000000,"[1.4114645719528198, 2.8416035175323486, 2.7975993156433105, 2.577577829360962]","[1.6677844524383545, 2.153032064437866, 2.8348751068115234, 2.057896375656128]"
8479.0,2010-06-01T00:00:00.000000000,"[2.8416035175323486, 2.7975993156433105, 2.577577829360962, 1.4334666728973389]","[1.776390552520752, 2.3831543922424316, 1.538390874862671, 1.46403169631958]"
8479.0,2010-09-01T00:00:00.000000000,"[2.7975993156433105, 2.577577829360962, 1.4334666728973389, 2.6875884532928467]","[2.864065170288086, 2.057661533355713, 1.7725379467010498, 2.411336898803711]"
8479.0,2010-12-01T00:00:00.000000000,"[2.577577829360962, 1.4334666728973389, 2.6875884532928467, 2.7315926551818848]","[2.0532422065734863, 1.8827528953552246, 2.1659538745880127, 2.5720109939575195]"
8479.0,2011-03-01T00:00:00.000000000,"[1.4334666728973389, 2.6875884532928467, 2.7315926551818848, 2.4895694255828857]","[1.7164723873138428, 2.2773518562316895, 2.9749855995178223, 2.15899395942688]"
8479.0,2011-06-01T00:00:00.000000000,"[2.6875884532928467, 2.7315926551818848, 2.4895694255828857, 1.6534881591796875]","[1.839760422706604, 2.4263505935668945, 1.622673749923706, 1.5517756938934326]"
8479.0,2011-09-01T00:00:00.000000000,"[2.7315926551818848, 2.4895694255828857, 1.6534881591796875, 2.2035415172576904]","[2.8585286140441895, 2.140583038330078, 1.7996819019317627, 2.388223171234131]"
8479.0,2011-12-01T00:00:00.000000000,"[2.4895694255828857, 1.6534881591796875, 2.2035415172576904, 2.9516141414642334]","[2.1130053997039795, 1.8921014070510864, 2.1380720138549805, 2.516547203063965]"
8479.0,2012-03-01T00:00:00.000000000,"[1.6534881591796875, 2.2035415172576904, 2.9516141414642334, 2.533573627471924]","[1.7775239944458008, 2.300590753555298, 2.783863067626953, 2.1766183376312256]"
8479.0,2012-06-01T00:00:00.000000000,"[2.2035415172576904, 2.9516141414642334, 2.533573627471924, 1.9615180492401123]","[2.031903028488159, 2.5910067558288574, 1.8306819200515747, 1.7130062580108643]"
8479.0,2012-09-01T00:00:00.000000000,"[2.9516141414642334, 2.533573627471924, 1.9615180492401123, 3.083627223968506]","[2.614901542663574, 1.988631010055542, 1.7659631967544556, 2.2145233154296875]"
8479.0,2012-12-01T00:00:00.000000000,"[2.533573627471924, 1.9615180492401123, 3.083627223968506, 3.2376420497894287]","[2.3733065128326416, 2.0408787727355957, 2.2279245853424072, 2.748189926147461]"
8479.0,2013-03-01T00:00:00.000000000,"[1.9615180492401123, 3.083627223968506, 3.2376420497894287, 2.665586471557617]","[1.9535255432128906, 2.4733047485351562, 2.9996700286865234, 2.4297428131103516]"
8539.0,2006-06-01T00:00:00.000000000,"[0.42136821150779724, 1.0154259204864502, 0.35536178946495056, 0.8614109754562378]","[1.157043695449829, 1.1783432960510254, 1.1961902379989624, 1.2530028820037842]"
8539.0,2006-09-01T00:00:00.000000000,"[1.0154259204864502, 0.35536178946495056, 0.8614109754562378, 0.5973852872848511]","[1.1519254446029663, 1.0921595096588135, 1.1131207942962646, 1.1655343770980835]"
8539.0,2006-12-01T00:00:00.000000000,"[0.35536178946495056, 0.8614109754562378, 0.5973852872848511, 1.125436782836914]","[1.1159753799438477, 1.1851578950881958, 1.2385424375534058, 1.4727498292922974]"
8539.0,2007-03-01T00:00:00.000000000,"[0.8614109754562378, 0.5973852872848511, 1.125436782836914, 0.13534040749073029]","[1.0669068098068237, 1.0858086347579956, 1.096673607826233, 1.1339237689971924]"
8539.0,2007-06-01T00:00:00.000000000,"[0.5973852872848511, 1.125436782836914, 0.13534040749073029, 0.7954046130180359]","[1.2278763055801392, 1.2508724927902222, 1.2687115669250488, 1.344576358795166]"
8539.0,2007-09-01T00:00:00.000000000,"[1.125436782836914, 0.13534040749073029, 0.7954046130180359, 0.7293981313705444]","[1.0929068326950073, 1.1097691059112549, 1.1208019256591797, 1.1520799398422241]"
8539.0,2007-12-01T00:00:00.000000000,"[0.13534040749073029, 0.7954046130180359, 0.7293981313705444, 1.301453948020935]","[1.211443543434143, 1.2375749349594116, 1.2579857110977173, 1.347680926322937]"
8539.0,2008-03-01T00:00:00.000000000,"[0.7954046130180359, 0.7293981313705444, 1.301453948020935, 0.26735323667526245]","[1.0644242763519287, 1.081371784210205, 1.09241783618927, 1.1241291761398315]"
8539.0,2008-06-01T00:00:00.000000000,"[0.7293981313705444, 1.301453948020935, 0.26735323667526245, 0.7293981313705444]","[1.1635968685150146, 1.1757432222366333, 1.1855888366699219, 1.2202417850494385]"
8539.0,2008-09-01T00:00:00.000000000,"[1.301453948020935, 0.26735323667526245, 0.7293981313705444, 0.4873746931552887]","[1.0408741235733032, 1.0560855865478516, 1.066245675086975, 1.0953575372695923]"
8539.0,2008-12-01T00:00:00.000000000,"[0.26735323667526245, 0.7293981313705444, 0.4873746931552887, 1.1694409847259521]","[1.1691808700561523, 1.21189284324646, 1.2510517835617065, 1.4138809442520142]"
8539.0,2009-03-01T00:00:00.000000000,"[0.7293981313705444, 0.4873746931552887, 1.1694409847259521, 0.5093768239021301]","[0.9835736155509949, 0.9989028573036194, 1.0121071338653564, 1.042096495628357]"
8539.0,2009-06-01T00:00:00.000000000,"[0.4873746931552887, 1.1694409847259521, 0.5093768239021301, 1.4114645719528198]","[0.9909147024154663, 1.0043903589248657, 1.0159918069839478, 1.0428314208984375]"
8539.0,2009-09-01T00:00:00.000000000,"[1.1694409847259521, 0.5093768239021301, 1.4114645719528198, 0.8614109754562378]","[0.8429672718048096, 0.8647624254226685, 0.8787617087364197, 0.9177519083023071]"
8539.0,2009-12-01T00:00:00.000000000,"[0.5093768239021301, 1.4114645719528198, 0.8614109754562378, 1.2354472875595093]","[0.9869436025619507, 0.996387779712677, 1.003065586090088, 1.021679162979126]"
8539.0,2010-03-01T00:00:00.000000000,"[1.4114645719528198, 0.8614109754562378, 1.2354472875595093, 0.575383186340332]","[0.8390394449234009, 0.8576251268386841, 0.8695346117019653, 0.9034608006477356]"
8539.0,2010-06-01T00:00:00.000000000,"[0.8614109754562378, 1.2354472875595093, 0.575383186340332, 1.2134451866149902]","[1.0522774457931519, 1.0679192543029785, 1.0947530269622803, 1.168562650680542]"
8539.0,2010-09-01T00:00:00.000000000,"[1.2354472875595093, 0.575383186340332, 1.2134451866149902, 0.6193875670433044]","[0.8527736663818359, 0.8673135042190552, 0.8800394535064697, 0.9082757234573364]"
8539.0,2010-12-01T00:00:00.000000000,"[0.575383186340332, 1.2134451866149902, 0.6193875670433044, 1.323456048965454]","[0.9257107973098755, 0.9345190525054932, 0.9432916641235352, 0.9626762866973877]"
8539.0,2011-03-01T00:00:00.000000000,"[1.2134451866149902, 0.6193875670433044, 1.323456048965454, 1.125436782836914]","[0.8000047206878662, 0.8165903091430664, 0.827366828918457, 0.8578798174858093]"
8539.0,2011-06-01T00:00:00.000000000,"[0.6193875670433044, 1.323456048965454, 1.125436782836914, 1.2134451866149902]","[0.8559961318969727, 0.8942215442657471, 0.8635646104812622, 0.8873841166496277]"
8539.0,2011-09-01T00:00:00.000000000,"[1.323456048965454, 1.125436782836914, 1.2134451866149902, 0.5093768239021301]","[0.7287686467170715, 0.7480921745300293, 0.7604542374610901, 0.7948384881019592]"
8539.0,2011-12-01T00:00:00.000000000,"[1.125436782836914, 1.2134451866149902, 0.5093768239021301, 1.5874814987182617]","[0.850513756275177, 0.8597736954689026, 0.8670542240142822, 0.8863218426704407]"
8539.0,2012-03-01T00:00:00.000000000,"[1.2134451866149902, 0.5093768239021301, 1.5874814987182617, 0.9714217185974121]","[0.8709071278572083, 0.8225194811820984, 0.8586201667785645, 0.9045559763908386]"
8539.0,2012-06-01T00:00:00.000000000,"[0.5093768239021301, 1.5874814987182617, 0.9714217185974121, -0.8327537775039673]","[0.948424756526947, 1.163979172706604, 0.8733848929405212, 0.926250696182251]"
8539.0,2012-09-01T00:00:00.000000000,"[1.5874814987182617, 0.9714217185974121, -0.8327537775039673, 1.2574495077133179]","[0.8428909778594971, 0.6996365785598755, 0.7256733179092407, 0.7865854501724243]"
8539.0,2012-12-01T00:00:00.000000000,"[0.9714217185974121, -0.8327537775039673, 1.2574495077133179, 1.6974923610687256]","[0.9195570945739746, 1.074907660484314, 1.0999009609222412, 1.5287176370620728]"
8539.0,2013-03-01T00:00:00.000000000,"[-0.8327537775039673, 1.2574495077133179, 1.6974923610687256, 1.279451608657837]","[1.026821255683899, 0.9558519124984741, 1.2656155824661255, 0.8950947523117065]"
8762.0,2006-06-01T00:00:00.000000000,"[1.3894624710083008, 1.6534881591796875, 1.6314857006072998, 1.323456048965454]","[1.5945405960083008, 1.8083972930908203, 2.4980268478393555, 1.7824949026107788]"
8762.0,2006-09-01T00:00:00.000000000,"[1.6534881591796875, 1.6314857006072998, 1.323456048965454, 1.499472975730896]","[1.8234059810638428, 2.3925108909606934, 1.6291389465332031, 1.4839749336242676]"
8762.0,2006-12-01T00:00:00.000000000,"[1.6314857006072998, 1.323456048965454, 1.499472975730896, 1.455468773841858]","[2.0716257095336914, 1.3598309755325317, 1.3337712287902832, 1.6686489582061768]"
8762.0,2007-03-01T00:00:00.000000000,"[1.323456048965454, 1.499472975730896, 1.455468773841858, 1.5874814987182617]","[1.3431302309036255, 1.4720028638839722, 1.5806481838226318, 2.052912473678589]"
8762.0,2007-06-01T00:00:00.000000000,"[1.499472975730896, 1.455468773841858, 1.5874814987182617, 1.1914430856704712]","[1.5149059295654297, 1.650820255279541, 2.128232955932617, 1.575252652168274]"
8762.0,2007-09-01T00:00:00.000000000,"[1.455468773841858, 1.5874814987182617, 1.1914430856704712, 1.0374282598495483]","[1.7561535835266113, 2.244239091873169, 1.5685573816299438, 1.468606948852539]"
8762.0,2007-12-01T00:00:00.000000000,"[1.5874814987182617, 1.1914430856704712, 1.0374282598495483, 1.5654793977737427]","[1.8660041093826294, 1.202026128768921, 1.2815563678741455, 1.514490008354187]"
8762.0,2008-03-01T00:00:00.000000000,"[1.1914430856704712, 1.0374282598495483, 1.5654793977737427, 1.6754902601242065]","[1.2674270868301392, 1.3712122440338135, 1.4516074657440186, 1.8096692562103271]"
8762.0,2008-06-01T00:00:00.000000000,"[1.0374282598495483, 1.5654793977737427, 1.6754902601242065, 1.4114645719528198]","[1.3267494440078735, 1.4473836421966553, 1.8026893138885498, 1.3884046077728271]"
8762.0,2008-09-01T00:00:00.000000000,"[1.5654793977737427, 1.6754902601242065, 1.4114645719528198, 1.1694409847259521]","[1.4763953685760498, 1.9205310344696045, 1.2731139659881592, 1.2951053380966187]"
8762.0,2008-12-01T00:00:00.000000000,"[1.6754902601242065, 1.4114645719528198, 1.1694409847259521, 1.6974923610687256]","[1.9102237224578857, 1.302875280380249, 1.3772081136703491, 1.5364444255828857]"
8762.0,2009-03-01T00:00:00.000000000,"[1.4114645719528198, 1.1694409847259521, 1.6974923610687256, 1.9175138473510742]","[1.3390730619430542, 1.3968476057052612, 1.4407358169555664, 1.6285076141357422]"
8762.0,2009-06-01T00:00:00.000000000,"[1.1694409847259521, 1.6974923610687256, 1.9175138473510742, 1.499472975730896]","[1.5158531665802002, 1.4841734170913696, 1.7507197856903076, 1.5568405389785767]"
8762.0,2009-09-01T00:00:00.000000000,"[1.6974923610687256, 1.9175138473510742, 1.499472975730896, 1.3674603700637817]","[1.5023472309112549, 1.7923399209976196, 1.3733408451080322, 1.3913993835449219]"
8762.0,2009-12-01T00:00:00.000000000,"[1.9175138473510742, 1.499472975730896, 1.3674603700637817, 1.7634987831115723]","[1.7852797508239746, 1.446995496749878, 1.4881927967071533, 1.5773165225982666]"
8762.0,2010-03-01T00:00:00.000000000,"[1.499472975730896, 1.3674603700637817, 1.7634987831115723, 2.0495264530181885]","[1.4288157224655151, 1.4970024824142456, 1.5510092973709106, 1.798539161682129]"
8762.0,2010-06-01T00:00:00.000000000,"[1.3674603700637817, 1.7634987831115723, 2.0495264530181885, 1.6314857006072998]","[1.4060696363449097, 1.506653904914856, 1.860618233680725, 1.46043062210083]"
8762.0,2010-09-01T00:00:00.000000000,"[1.7634987831115723, 2.0495264530181885, 1.6314857006072998, 1.7194944620132446]","[1.5700736045837402, 1.8972551822662354, 1.410202145576477, 1.4195444583892822]"
8762.0,2010-12-01T00:00:00.000000000,"[2.0495264530181885, 1.6314857006072998, 1.7194944620132446, 2.313552141189575]","[1.889257550239563, 1.5377804040908813, 1.5196449756622314, 1.6166419982910156]"
8762.0,2011-03-01T00:00:00.000000000,"[1.6314857006072998, 1.7194944620132446, 2.313552141189575, 2.42356276512146]","[1.4617700576782227, 1.506424903869629, 1.5728718042373657, 1.8702855110168457]"
8762.0,2011-06-01T00:00:00.000000000,"[1.7194944620132446, 2.313552141189575, 2.42356276512146, 1.8735092878341675]","[1.378860354423523, 1.5232470035552979, 1.9137881994247437, 1.441821813583374]"
8762.0,2011-09-01T00:00:00.000000000,"[2.313552141189575, 2.42356276512146, 1.8735092878341675, 1.8515071868896484]","[1.7009438276290894, 2.0989770889282227, 1.5210241079330444, 1.4532930850982666]"
8762.0,2011-12-01T00:00:00.000000000,"[2.42356276512146, 1.8735092878341675, 1.8515071868896484, 2.885607957839966]","[2.2875425815582275, 1.71490478515625, 1.594098687171936, 1.8382865190505981]"
8762.0,2012-03-01T00:00:00.000000000,"[1.8735092878341675, 1.8515071868896484, 2.885607957839966, 2.9076099395751953]","[1.7512145042419434, 1.7044886350631714, 1.8674402236938477, 2.1451451778411865]"
8762.0,2012-06-01T00:00:00.000000000,"[1.8515071868896484, 2.885607957839966, 2.9076099395751953, 2.071528673171997]","[1.4754908084869385, 1.7726600170135498, 2.4447593688964844, 1.5571792125701904]"
8762.0,2012-09-01T00:00:00.000000000,"[2.885607957839966, 2.9076099395751953, 2.071528673171997, 1.7855008840560913]","[1.8708666563034058, 2.34753680229187, 1.6508564949035645, 1.5320606231689453]"
8762.0,2012-12-01T00:00:00.000000000,"[2.9076099395751953, 2.071528673171997, 1.7855008840560913, 2.8416035175323486]","[2.883099317550659, 2.058950185775757, 1.8851408958435059, 2.25789737701416]"
8762.0,2013-03-01T00:00:00.000000000,"[2.071528673171997, 1.7855008840560913, 2.8416035175323486, 2.9516141414642334]","[2.016517400741577, 1.8998048305511475, 2.2404448986053467, 2.460196018218994]"
9248.0,2006-06-01T00:00:00.000000000,"[0.5643821358680725, 0.553381085395813, 0.3223586082458496, 0.6193875670433044]","[0.5557976961135864, 0.30408385396003723, 0.30803465843200684, 0.47823309898376465]"
9248.0,2006-09-01T00:00:00.000000000,"[0.553381085395813, 0.3223586082458496, 0.6193875670433044, 0.7624014616012573]","[0.4583333134651184, 0.28187793493270874, 0.48394548892974854, 0.5692230463027954]"
9248.0,2006-12-01T00:00:00.000000000,"[0.3223586082458496, 0.6193875670433044, 0.7624014616012573, 0.6853939294815063]","[0.37344610691070557, 0.5851026177406311, 0.5116740465164185, 0.5059537887573242]"
9248.0,2007-03-01T00:00:00.000000000,"[0.6193875670433044, 0.7624014616012573, 0.6853939294815063, 0.4653724431991577]","[0.5498022437095642, 0.5018314123153687, 0.39081165194511414, 0.3049505352973938]"
9248.0,2007-06-01T00:00:00.000000000,"[0.7624014616012573, 0.6853939294815063, 0.4653724431991577, 0.7514004111289978]","[0.6881740689277649, 0.4853261113166809, 0.43946099281311035, 0.5942890644073486]"
9248.0,2007-09-01T00:00:00.000000000,"[0.6853939294815063, 0.4653724431991577, 0.7514004111289978, 0.9054153561592102]","[0.618497371673584, 0.4385620951652527, 0.6554136872291565, 0.7311367988586426]"
9248.0,2007-12-01T00:00:00.000000000,"[0.4653724431991577, 0.7514004111289978, 0.9054153561592102, 0.8614109754562378]","[0.5289425849914551, 0.744981586933136, 0.6729263663291931, 0.6653366088867188]"
9248.0,2008-03-01T00:00:00.000000000,"[0.7514004111289978, 0.9054153561592102, 0.8614109754562378, 0.6633917689323425]","[0.6630510687828064, 0.7053612470626831, 0.5451520085334778, 0.4186599552631378]"
9248.0,2008-06-01T00:00:00.000000000,"[0.9054153561592102, 0.8614109754562378, 0.6633917689323425, 0.9934238195419312]","[0.8307875394821167, 0.6480163931846619, 0.5552716851234436, 0.6680543422698975]"
9248.0,2008-09-01T00:00:00.000000000,"[0.8614109754562378, 0.6633917689323425, 0.9934238195419312, 1.103434681892395]","[0.7612208724021912, 0.5933337211608887, 0.8020514845848083, 0.8677398562431335]"
9248.0,2008-12-01T00:00:00.000000000,"[0.6633917689323425, 0.9934238195419312, 1.103434681892395, 1.103434681892395]","[0.6830496191978455, 0.8908928632736206, 0.8370958566665649, 0.831925094127655]"
9248.0,2009-03-01T00:00:00.000000000,"[0.9934238195419312, 1.103434681892395, 1.103434681892395, 0.8834132552146912]","[0.8031237125396729, 0.9388747215270996, 0.7288893461227417, 0.5603650808334351]"
9248.0,2009-06-01T00:00:00.000000000,"[1.103434681892395, 1.103434681892395, 0.8834132552146912, 1.455468773841858]","[1.0530261993408203, 0.8716603517532349, 0.7311975955963135, 0.8337906002998352]"
9248.0,2009-09-01T00:00:00.000000000,"[1.103434681892395, 0.8834132552146912, 1.455468773841858, 1.323456048965454]","[0.973749041557312, 0.7526030540466309, 0.9689353704452515, 1.0447747707366943]"
9248.0,2009-12-01T00:00:00.000000000,"[0.8834132552146912, 1.455468773841858, 1.323456048965454, 1.5874814987182617]","[0.860110878944397, 1.0729997158050537, 1.0297348499298096, 1.0391770601272583]"
9248.0,2010-03-01T00:00:00.000000000,"[1.455468773841858, 1.323456048965454, 1.5874814987182617, 1.301453948020935]","[1.0162379741668701, 1.1422468423843384, 0.9242182970046997, 0.7580138444900513]"
9248.0,2010-06-01T00:00:00.000000000,"[1.323456048965454, 1.5874814987182617, 1.301453948020935, 1.7855008840560913]","[1.458840250968933, 1.2115390300750732, 1.052652359008789, 1.2612378597259521]"
9248.0,2010-09-01T00:00:00.000000000,"[1.5874814987182617, 1.301453948020935, 1.7855008840560913, 1.8295050859451294]","[1.2581613063812256, 0.917757511138916, 1.1801998615264893, 1.3126758337020874]"
9248.0,2010-12-01T00:00:00.000000000,"[1.301453948020935, 1.7855008840560913, 1.8295050859451294, 1.8075029850006104]","[1.115915298461914, 1.395514965057373, 1.339709758758545, 1.4093189239501953]"
9248.0,2011-03-01T00:00:00.000000000,"[1.7855008840560913, 1.8295050859451294, 1.8075029850006104, 1.5654793977737427]","[1.4995512962341309, 1.37739098072052, 1.232005000114441, 1.126413345336914]"
9248.0,2011-06-01T00:00:00.000000000,"[1.8295050859451294, 1.8075029850006104, 1.5654793977737427, 2.115532875061035]","[1.858959436416626, 1.5613408088684082, 1.38892662525177, 1.6532014608383179]"
9248.0,2011-09-01T00:00:00.000000000,"[1.8075029850006104, 1.5654793977737427, 2.115532875061035, -2.614927291870117]","[1.76902174949646, 1.229312777519226, 1.5356616973876953, 1.7480363845825195]"
9248.0,2011-12-01T00:00:00.000000000,"[1.5654793977737427, 2.115532875061035, -2.614927291870117, -0.5687280893325806]","[1.393243670463562, 1.6424024105072021, 1.6299326419830322, 1.7042303085327148]"
9248.0,2012-03-01T00:00:00.000000000,"[2.115532875061035, -2.614927291870117, -0.5687280893325806, 1.5434772968292236]","[1.8529608249664307, 1.7037992477416992, 1.5667476654052734, 1.469799518585205]"
9248.0,2012-06-01T00:00:00.000000000,"[-2.614927291870117, -0.5687280893325806, 1.5434772968292236, 0.7734025120735168]","[2.285496234893799, 1.8765451908111572, 1.7306931018829346, 2.0589182376861572]"
9248.0,2012-09-01T00:00:00.000000000,"[-0.5687280893325806, 1.5434772968292236, 0.7734025120735168, 2.2475459575653076]","[-0.005095481872558594, 0.05795085430145264, 0.09392297267913818, 0.20601963996887207]"
9248.0,2012-12-01T00:00:00.000000000,"[1.5434772968292236, 0.7734025120735168, 2.2475459575653076, 2.3575565814971924]","[0.10925853252410889, 0.33537840843200684, 0.26648902893066406, 0.6168136596679688]"
9248.0,2013-03-01T00:00:00.000000000,"[0.7734025120735168, 2.2475459575653076, 2.3575565814971924, 1.6974923610687256]","[1.6616497039794922, 0.7957751750946045, 0.9826273918151855, 1.5390642881393433]"
9667.0,2006-06-01T00:00:00.000000000,"[1.455468773841858, 1.7562381029129028, 0.3040968179702759, 0.3113575577735901]","[0.6279555559158325, 0.9499448537826538, -0.0029604434967041016, 0.027241230010986328]"
9667.0,2006-09-01T00:00:00.000000000,"[1.7562381029129028, 0.3040968179702759, 0.3113575577735901, 2.0127828121185303]","[1.562258243560791, 0.2637566030025482, 0.33168506622314453, 0.982038676738739]"
9667.0,2006-12-01T00:00:00.000000000,"[0.3040968179702759, 0.3113575577735901, 2.0127828121185303, 2.2108023166656494]","[0.29571330547332764, 0.6362029314041138, 1.3522266149520874, 1.280220866203308]"
9667.0,2007-03-01T00:00:00.000000000,"[0.3113575577735901, 2.0127828121185303, 2.2108023166656494, 0.8541504144668579]","[0.24953284859657288, 0.9284120798110962, 1.7881666421890259, 0.12720151245594025]"
9667.0,2007-06-01T00:00:00.000000000,"[2.0127828121185303, 2.2108023166656494, 0.8541504144668579, 0.6266481280326843]","[0.7722784280776978, 1.2291886806488037, 0.07647140324115753, 0.07744632661342621]"
9667.0,2007-09-01T00:00:00.000000000,"[2.2108023166656494, 0.8541504144668579, 0.6266481280326843, 2.276808500289917]","[2.203280210494995, 0.522899329662323, 0.5752952098846436, 1.3858202695846558]"
9667.0,2007-12-01T00:00:00.000000000,"[0.8541504144668579, 0.6266481280326843, 2.276808500289917, 2.4015607833862305]","[0.47101330757141113, 0.9029219150543213, 1.8284099102020264, 1.6775623559951782]"
9667.0,2008-03-01T00:00:00.000000000,"[0.6266481280326843, 2.276808500289917, 2.4015607833862305, 1.0741716623306274]","[0.4929314851760864, 1.3739396333694458, 2.4230740070343018, 0.3947485089302063]"
9667.0,2008-06-01T00:00:00.000000000,"[2.276808500289917, 2.4015607833862305, 1.0741716623306274, 0.9641609787940979]","[1.1472374200820923, 1.6060694456100464, 0.3281392455101013, 0.2811587452888489]"
9667.0,2008-09-01T00:00:00.000000000,"[2.4015607833862305, 1.0741716623306274, 0.9641609787940979, 2.61432147026062]","[2.735161781311035, 0.7499895095825195, 0.8191734552383423, 1.7221295833587646]"
9667.0,2008-12-01T00:00:00.000000000,"[1.0741716623306274, 0.9641609787940979, 2.61432147026062, 2.782857894897461]","[0.9028594493865967, 1.2198765277862549, 2.2001242637634277, 2.155611515045166]"
9667.0,2009-03-01T00:00:00.000000000,"[0.9641609787940979, 2.61432147026062, 2.782857894897461, 1.6167445182800293]","[0.8504645228385925, 1.8104482889175415, 2.918308973312378, 0.834655225276947]"
9667.0,2009-06-01T00:00:00.000000000,"[2.61432147026062, 2.782857894897461, 1.6167445182800293, 1.9175138473510742]","[1.6842162609100342, 2.1123158931732178, 0.7492303848266602, 0.6938737630844116]"
9667.0,2009-09-01T00:00:00.000000000,"[2.782857894897461, 1.6167445182800293, 1.9175138473510742, 3.5016677379608154]","[3.186136484146118, 1.049126386642456, 1.1862645149230957, 2.178327798843384]"
9667.0,2009-12-01T00:00:00.000000000,"[1.6167445182800293, 1.9175138473510742, 3.5016677379608154, 3.4649243354797363]","[1.392012357711792, 1.6119290590286255, 2.5454812049865723, 2.814021587371826]"
9667.0,2010-03-01T00:00:00.000000000,"[1.9175138473510742, 3.5016677379608154, 3.4649243354797363, 1.8955113887786865]","[1.2959659099578857, 2.3551740646362305, 3.4819655418395996, 1.4032484292984009]"
9667.0,2010-06-01T00:00:00.000000000,"[3.5016677379608154, 3.4649243354797363, 1.8955113887786865, 1.9395159482955933]","[2.614856243133545, 2.951371192932129, 1.4985600709915161, 1.473822832107544]"
9667.0,2010-09-01T00:00:00.000000000,"[3.4649243354797363, 1.8955113887786865, 1.9395159482955933, 4.117727756500244]","[4.0313720703125, 1.754189372062683, 1.8666694164276123, 2.984313488006592]"
9667.0,2010-12-01T00:00:00.000000000,"[1.8955113887786865, 1.9395159482955933, 4.117727756500244, 4.176473617553711]","[1.9420828819274902, 2.11405611038208, 3.277034282684326, 3.417363166809082]"
9667.0,2011-03-01T00:00:00.000000000,"[1.9395159482955933, 4.117727756500244, 4.176473617553711, 2.430823802947998]","[1.7622876167297363, 2.8717093467712402, 3.9552950859069824, 1.7886525392532349]"
9667.0,2011-06-01T00:00:00.000000000,"[4.117727756500244, 4.176473617553711, 2.430823802947998, 2.2915501594543457]","[3.0818428993225098, 3.3152976036071777, 1.80194890499115, 1.8123666048049927]"
9667.0,2011-09-01T00:00:00.000000000,"[4.176473617553711, 2.430823802947998, 2.2915501594543457, 4.506505489349365]","[4.75571870803833, 2.2220840454101562, 2.4655332565307617, 3.7126901149749756]"
9667.0,2011-12-01T00:00:00.000000000,"[2.430823802947998, 2.2915501594543457, 4.506505489349365, 5.379110336303711]","[2.4757630825042725, 2.657024383544922, 3.8372015953063965, 4.219520092010498]"
9667.0,2012-03-01T00:00:00.000000000,"[2.2915501594543457, 4.506505489349365, 5.379110336303711, 3.0323619842529297]","[2.2712531089782715, 3.4961538314819336, 4.7066450119018555, 2.3241384029388428]"
9667.0,2012-06-01T00:00:00.000000000,"[4.506505489349365, 5.379110336303711, 3.0323619842529297, 3.831699848175049]","[3.623823404312134, 3.9538896083831787, 2.227536678314209, 2.2220447063446045]"
9667.0,2012-09-01T00:00:00.000000000,"[5.379110336303711, 3.0323619842529297, 3.831699848175049, 5.129826545715332]","[5.344207763671875, 2.6137442588806152, 2.9158413410186768, 4.265011310577393]"
9667.0,2012-12-01T00:00:00.000000000,"[3.0323619842529297, 3.831699848175049, 5.129826545715332, 3.8977060317993164]","[3.0580050945281982, 3.2284011840820312, 4.532167911529541, 5.1255950927734375]"
9667.0,2013-03-01T00:00:00.000000000,"[3.831699848175049, 5.129826545715332, 3.8977060317993164, 2.2475459575653076]","[2.700408458709717, 4.079616069793701, 5.745940208435059, 2.8135428428649902]"
10499.0,2006-06-01T00:00:00.000000000,"[0.6633917689323425, 0.9714217185974121, 0.8174067735671997, 0.6413896679878235]","[0.37218940258026123, 0.3937607705593109, 0.38044771552085876, 0.34227705001831055]"
10499.0,2006-09-01T00:00:00.000000000,"[0.9714217185974121, 0.8174067735671997, 0.6413896679878235, 0.7293981313705444]","[0.5524063110351562, 0.4036562740802765, 0.44761598110198975, 0.5827949047088623]"
10499.0,2006-12-01T00:00:00.000000000,"[0.8174067735671997, 0.6413896679878235, 0.7293981313705444, 0.9714217185974121]","[0.4929455816745758, 0.4982367157936096, 0.571109414100647, 0.7662144899368286]"
10499.0,2007-03-01T00:00:00.000000000,"[0.6413896679878235, 0.7293981313705444, 0.9714217185974121, 0.8614109754562378]","[0.4324771463871002, 0.5039165616035461, 0.6969528198242188, 0.5632124543190002]"
10499.0,2007-06-01T00:00:00.000000000,"[0.7293981313705444, 0.9714217185974121, 0.8614109754562378, 0.7293981313705444]","[0.6076745986938477, 0.7684565186500549, 0.5685047507286072, 0.4336659908294678]"
10499.0,2007-09-01T00:00:00.000000000,"[0.9714217185974121, 0.8614109754562378, 0.7293981313705444, 0.9714217185974121]","[0.7697110176086426, 0.5781680345535278, 0.4539234936237335, 0.5537963509559631]"
10499.0,2007-12-01T00:00:00.000000000,"[0.8614109754562378, 0.7293981313705444, 0.9714217185974121, 1.3674603700637817]","[0.6665430068969727, 0.5732720494270325, 0.6629514694213867, 0.819511890411377]"
10499.0,2008-03-01T00:00:00.000000000,"[0.7293981313705444, 0.9714217185974121, 1.3674603700637817, 1.2134451866149902]","[0.6056731343269348, 0.6736752390861511, 0.8176472187042236, 0.6761925220489502]"
10499.0,2008-06-01T00:00:00.000000000,"[0.9714217185974121, 1.3674603700637817, 1.2134451866149902, 1.1694409847259521]","[0.678078830242157, 0.8516533970832825, 0.6256673336029053, 0.5112764239311218]"
10499.0,2008-09-01T00:00:00.000000000,"[1.3674603700637817, 1.2134451866149902, 1.1694409847259521, 1.5654793977737427]","[0.8573401570320129, 0.6759350895881653, 0.5621381998062134, 0.6181430220603943]"
10499.0,2008-12-01T00:00:00.000000000,"[1.2134451866149902, 1.1694409847259521, 1.5654793977737427, 2.071528673171997]","[0.9961474537849426, 0.7773993015289307, 0.9322919845581055, 1.0835951566696167]"
10499.0,2009-03-01T00:00:00.000000000,"[1.1694409847259521, 1.5654793977737427, 2.071528673171997, 1.6974923610687256]","[0.9581894874572754, 0.9818931818008423, 1.1693092584609985, 1.0937024354934692]"
10499.0,2009-06-01T00:00:00.000000000,"[1.5654793977737427, 2.071528673171997, 1.6974923610687256, 2.269547939300537]","[1.0938777923583984, 1.503035545349121, 1.0296790599822998, 0.8086548447608948]"
10499.0,2009-09-01T00:00:00.000000000,"[2.071528673171997, 1.6974923610687256, 2.269547939300537, 2.379558563232422]","[1.716291904449463, 1.2963703870773315, 0.9813145399093628, 1.1268852949142456]"
10499.0,2009-12-01T00:00:00.000000000,"[1.6974923610687256, 2.269547939300537, 2.379558563232422, 2.775597333908081]","[1.6173319816589355, 1.187082052230835, 1.3679604530334473, 1.6672918796539307]"
10499.0,2010-03-01T00:00:00.000000000,"[2.269547939300537, 2.379558563232422, 2.775597333908081, 2.0935308933258057]","[1.1338269710540771, 1.392958641052246, 1.5582678318023682, 1.3496298789978027]"
10499.0,2010-06-01T00:00:00.000000000,"[2.379558563232422, 2.775597333908081, 2.0935308933258057, 1.9835201501846313]","[1.747795820236206, 2.019836187362671, 1.4903604984283447, 1.4549365043640137]"
10499.0,2010-09-01T00:00:00.000000000,"[2.775597333908081, 2.0935308933258057, 1.9835201501846313, 2.2915501594543457]","[2.3550262451171875, 1.7009249925613403, 1.454805612564087, 1.646988868713379]"
10499.0,2010-12-01T00:00:00.000000000,"[2.0935308933258057, 1.9835201501846313, 2.2915501594543457, 2.577577829360962]","[2.060152053833008, 1.72317636013031, 1.641714334487915, 1.920367956161499]"
10499.0,2011-03-01T00:00:00.000000000,"[1.9835201501846313, 2.2915501594543457, 2.577577829360962, 1.7634987831115723]","[1.4922595024108887, 1.706678867340088, 2.1392993927001953, 1.419739007949829]"
10499.0,2011-06-01T00:00:00.000000000,"[2.2915501594543457, 2.577577829360962, 1.7634987831115723, 2.027524471282959]","[2.0645265579223633, 2.2204582691192627, 1.7064282894134521, 1.563427448272705]"
10499.0,2011-09-01T00:00:00.000000000,"[2.577577829360962, 1.7634987831115723, 2.027524471282959, 2.5555758476257324]","[2.9005653858184814, 1.9253668785095215, 1.8505418300628662, 2.036564350128174]"
10499.0,2011-12-01T00:00:00.000000000,"[1.7634987831115723, 2.027524471282959, 2.5555758476257324, 2.4895694255828857]","[2.4335854053497314, 1.9086103439331055, 2.209256172180176, 2.464698314666748]"
10499.0,2012-03-01T00:00:00.000000000,"[2.027524471282959, 2.5555758476257324, 2.4895694255828857, 2.9076099395751953]","[1.9035882949829102, 1.8993468284606934, 2.167860984802246, 1.9993181228637695]"
10499.0,2012-06-01T00:00:00.000000000,"[2.5555758476257324, 2.4895694255828857, 2.9076099395751953, 3.369654893875122]","[2.353451728820801, 2.580209732055664, 2.267876148223877, 2.1507840156555176]"
10499.0,2012-09-01T00:00:00.000000000,"[2.4895694255828857, 2.9076099395751953, 3.369654893875122, 3.8096976280212402]","[3.1274471282958984, 2.3278861045837402, 2.298184394836426, 2.599726676940918]"
10499.0,2012-12-01T00:00:00.000000000,"[2.9076099395751953, 3.369654893875122, 3.8096976280212402, 3.8537018299102783]","[2.3350486755371094, 2.126859188079834, 2.5481343269348145, 2.829975128173828]"
10499.0,2013-03-01T00:00:00.000000000,"[3.369654893875122, 3.8096976280212402, 3.8537018299102783, 4.2937445640563965]","[2.422828197479248, 2.7634263038635254, 2.81843900680542, 2.686099052429199]"
10903.0,2006-06-01T00:00:00.000000000,"[2.42356276512146, 2.885607957839966, 2.7095906734466553, 2.5115716457366943]","[2.038051128387451, 2.2541961669921875, 2.1962876319885254, 2.099926710128784]"
10903.0,2006-09-01T00:00:00.000000000,"[2.885607957839966, 2.7095906734466553, 2.5115716457366943, 2.9076099395751953]","[2.719231128692627, 2.490018844604492, 2.443146228790283, 2.549285411834717]"
10903.0,2006-12-01T00:00:00.000000000,"[2.7095906734466553, 2.5115716457366943, 2.9076099395751953, 2.929612159729004]","[2.680695056915283, 2.487839937210083, 2.623480796813965, 2.9520606994628906]"
10903.0,2007-03-01T00:00:00.000000000,"[2.5115716457366943, 2.9076099395751953, 2.929612159729004, 2.379558563232422]","[2.373307228088379, 2.6184515953063965, 2.699288845062256, 2.6775360107421875]"
10903.0,2007-06-01T00:00:00.000000000,"[2.9076099395751953, 2.929612159729004, 2.379558563232422, 3.1496336460113525]","[2.369995355606079, 2.663351058959961, 2.5147106647491455, 2.350566864013672]"
10903.0,2007-09-01T00:00:00.000000000,"[2.929612159729004, 2.379558563232422, 3.1496336460113525, 3.6116786003112793]","[3.045766592025757, 2.762566566467285, 2.6700918674468994, 2.7316534519195557]"
10903.0,2007-12-01T00:00:00.000000000,"[2.379558563232422, 3.1496336460113525, 3.6116786003112793, 4.073723793029785]","[2.8297243118286133, 2.5982089042663574, 2.8085877895355225, 3.0306363105773926]"
10903.0,2008-03-01T00:00:00.000000000,"[3.1496336460113525, 3.6116786003112793, 4.073723793029785, 3.9417104721069336]","[2.526515245437622, 2.697869300842285, 2.7698044776916504, 2.6456949710845947]"
10903.0,2008-06-01T00:00:00.000000000,"[3.6116786003112793, 4.073723793029785, 3.9417104721069336, 4.513765811920166]","[2.7704737186431885, 3.0953636169433594, 2.8484020233154297, 2.7401487827301025]"
10903.0,2008-09-01T00:00:00.000000000,"[4.073723793029785, 3.9417104721069336, 4.513765811920166, 4.711785793304443]","[3.618730068206787, 3.0769782066345215, 3.141448736190796, 3.1967005729675293]"
10903.0,2008-12-01T00:00:00.000000000,"[3.9417104721069336, 4.513765811920166, 4.711785793304443, 5.151828289031982]","[3.3832144737243652, 3.3759732246398926, 3.4524741172790527, 3.8085827827453613]"
10903.0,2009-03-01T00:00:00.000000000,"[4.513765811920166, 4.711785793304443, 5.151828289031982, 4.9978132247924805]","[3.534006118774414, 3.476594924926758, 3.527111053466797, 3.4538638591766357]"
10903.0,2009-06-01T00:00:00.000000000,"[4.711785793304443, 5.151828289031982, 4.9978132247924805, 5.987909317016602]","[4.111171722412109, 4.095799922943115, 3.612485885620117, 3.762294292449951]"
10903.0,2009-09-01T00:00:00.000000000,"[5.151828289031982, 4.9978132247924805, 5.987909317016602, 6.207931041717529]","[4.847644329071045, 3.7762956619262695, 3.9395132064819336, 4.168248176574707]"
10903.0,2009-12-01T00:00:00.000000000,"[4.9978132247924805, 5.987909317016602, 6.207931041717529, 6.8019890785217285]","[4.391674041748047, 4.1126861572265625, 4.197498321533203, 4.711073875427246]"
10903.0,2010-03-01T00:00:00.000000000,"[5.987909317016602, 6.207931041717529, 6.8019890785217285, 6.515960693359375]","[4.806632041931152, 4.218916893005371, 4.445107460021973, 4.522899150848389]"
10903.0,2010-06-01T00:00:00.000000000,"[6.207931041717529, 6.8019890785217285, 6.515960693359375, 7.506057262420654]","[5.531804084777832, 5.251989364624023, 4.69318151473999, 5.193116188049316]"
10903.0,2010-09-01T00:00:00.000000000,"[6.8019890785217285, 6.515960693359375, 7.506057262420654, 7.220029354095459]","[6.313371658325195, 4.754691123962402, 5.061595916748047, 5.56163215637207]"
10903.0,2010-12-01T00:00:00.000000000,"[6.515960693359375, 7.506057262420654, 7.220029354095459, 7.836089611053467]","[5.735074043273926, 5.3108720779418945, 5.311598777770996, 6.005345344543457]"
10903.0,2011-03-01T00:00:00.000000000,"[7.506057262420654, 7.220029354095459, 7.836089611053467, 7.880094051361084]","[6.3248796463012695, 5.26527214050293, 5.574399948120117, 5.802374839782715]"
10903.0,2011-06-01T00:00:00.000000000,"[7.220029354095459, 7.836089611053467, 7.880094051361084, 7.484055042266846]","[7.052876949310303, 6.428956985473633, 5.901666641235352, 6.519578456878662]"
10903.0,2011-09-01T00:00:00.000000000,"[7.836089611053467, 7.880094051361084, 7.484055042266846, 14.96478271484375]","[7.664548873901367, 5.778477668762207, 6.2251176834106445, 6.7000017166137695]"
10903.0,2011-12-01T00:00:00.000000000,"[7.880094051361084, 7.484055042266846, 14.96478271484375, 7.022010326385498]","[7.072924613952637, 6.501988887786865, 6.571520805358887, 7.217726707458496]"
10903.0,2012-03-01T00:00:00.000000000,"[7.484055042266846, 14.96478271484375, 7.022010326385498, 4.8437981605529785]","[7.941459655761719, 6.512048721313477, 6.9441046714782715, 7.194437026977539]"
10903.0,2012-06-01T00:00:00.000000000,"[14.96478271484375, 7.022010326385498, 4.8437981605529785, 10.98239517211914]","[8.009284019470215, 7.340307235717773, 7.0704779624938965, 7.379331111907959]"
10903.0,2012-09-01T00:00:00.000000000,"[7.022010326385498, 4.8437981605529785, 10.98239517211914, 9.640264511108398]","[11.697856903076172, 9.475035667419434, 9.276777267456055, 11.426284790039062]"
10903.0,2012-12-01T00:00:00.000000000,"[4.8437981605529785, 10.98239517211914, 9.640264511108398, 9.244226455688477]","[7.731123447418213, 6.327104091644287, 8.668426513671875, 7.516319274902344]"
10903.0,2013-03-01T00:00:00.000000000,"[10.98239517211914, 9.640264511108398, 9.244226455688477, 9.156217575073242]","[6.417236328125, 7.567780017852783, 7.022090911865234, 6.737196922302246]"
11259.0,2006-06-01T00:00:00.000000000,"[1.7194944620132446, 1.9615180492401123, 1.8295050859451294, 2.8416035175323486]","[2.0263359546661377, 2.1787641048431396, 2.2518954277038574, 3.0840227603912354]"
11259.0,2006-09-01T00:00:00.000000000,"[1.9615180492401123, 1.8295050859451294, 2.8416035175323486, 1.5654793977737427]","[1.9296504259109497, 2.0444443225860596, 2.9955315589904785, 2.0156784057617188]"
11259.0,2006-12-01T00:00:00.000000000,"[1.8295050859451294, 2.8416035175323486, 1.5654793977737427, 1.6754902601242065]","[2.1042630672454834, 2.96858549118042, 1.9995722770690918, 2.194749593734741]"
11259.0,2007-03-01T00:00:00.000000000,"[2.8416035175323486, 1.5654793977737427, 1.6754902601242065, 1.477470874786377]","[2.996342658996582, 1.804232120513916, 2.032461166381836, 2.1296658515930176]"
11259.0,2007-06-01T00:00:00.000000000,"[1.5654793977737427, 1.6754902601242065, 1.477470874786377, 2.577577829360962]","[1.9465272426605225, 2.0989575386047363, 2.2664060592651367, 3.101619243621826]"
11259.0,2007-09-01T00:00:00.000000000,"[1.6754902601242065, 1.477470874786377, 2.577577829360962, 1.455468773841858]","[1.8822367191314697, 2.1395421028137207, 3.0607776641845703, 2.0257935523986816]"
11259.0,2007-12-01T00:00:00.000000000,"[1.477470874786377, 2.577577829360962, 1.455468773841858, 1.6534881591796875]","[2.06103777885437, 2.9096484184265137, 1.8788270950317383, 2.0447285175323486]"
11259.0,2008-03-01T00:00:00.000000000,"[2.577577829360962, 1.455468773841858, 1.6534881591796875, 1.455468773841858]","[2.695082187652588, 1.545989990234375, 1.766316294670105, 1.9192216396331787]"
11259.0,2008-06-01T00:00:00.000000000,"[1.455468773841858, 1.6534881591796875, 1.455468773841858, 2.1595370769500732]","[1.626392126083374, 1.836586356163025, 2.019320011138916, 2.820284128189087]"
11259.0,2008-09-01T00:00:00.000000000,"[1.6534881591796875, 1.455468773841858, 2.1595370769500732, 1.499472975730896]","[1.83729887008667, 2.0801680088043213, 2.9312119483947754, 1.9497401714324951]"
11259.0,2008-12-01T00:00:00.000000000,"[1.455468773841858, 2.1595370769500732, 1.499472975730896, 1.6754902601242065]","[1.953011393547058, 2.7772295475006104, 1.7438709735870361, 1.9591574668884277]"
11259.0,2009-03-01T00:00:00.000000000,"[2.1595370769500732, 1.499472975730896, 1.6754902601242065, 1.499472975730896]","[2.4861178398132324, 1.4805879592895508, 1.6394850015640259, 1.8040111064910889]"
11259.0,2009-06-01T00:00:00.000000000,"[1.499472975730896, 1.6754902601242065, 1.499472975730896, 2.225543737411499]","[1.5424885749816895, 1.7252792119979858, 1.8765404224395752, 2.5440239906311035]"
11259.0,2009-09-01T00:00:00.000000000,"[1.6754902601242065, 1.499472975730896, 2.225543737411499, 1.8075029850006104]","[1.7602967023849487, 1.9434748888015747, 2.574326515197754, 1.830176591873169]"
11259.0,2009-12-01T00:00:00.000000000,"[1.499472975730896, 2.225543737411499, 1.8075029850006104, 2.1375350952148438]","[1.905383825302124, 2.6403424739837646, 1.6913396120071411, 1.904558777809143]"
11259.0,2010-03-01T00:00:00.000000000,"[2.225543737411499, 1.8075029850006104, 2.1375350952148438, 1.6754902601242065]","[2.2859716415405273, 1.49973726272583, 1.610856533050537, 1.7910429239273071]"
11259.0,2010-06-01T00:00:00.000000000,"[1.8075029850006104, 2.1375350952148438, 1.6754902601242065, 2.4015607833862305]","[1.5544397830963135, 1.7215040922164917, 1.8535505533218384, 2.450509786605835]"
11259.0,2010-09-01T00:00:00.000000000,"[2.1375350952148438, 1.6754902601242065, 2.4015607833862305, 1.7855008840560913]","[1.704643726348877, 1.8915599584579468, 2.4971389770507812, 1.7645801305770874]"
11259.0,2010-12-01T00:00:00.000000000,"[1.6754902601242065, 2.4015607833862305, 1.7855008840560913, 2.0935308933258057]","[2.0221378803253174, 2.77695369720459, 1.8094167709350586, 2.085524320602417]"
11259.0,2011-03-01T00:00:00.000000000,"[2.4015607833862305, 1.7855008840560913, 2.0935308933258057, 1.8515071868896484]","[2.309190273284912, 1.6154899597167969, 1.7115726470947266, 1.878039836883545]"
11259.0,2011-06-01T00:00:00.000000000,"[1.7855008840560913, 2.0935308933258057, 1.8515071868896484, 2.335554361343384]","[1.6444437503814697, 1.794954776763916, 1.912902593612671, 2.448310613632202]"
11259.0,2011-09-01T00:00:00.000000000,"[2.0935308933258057, 1.8515071868896484, 2.335554361343384, 1.8955113887786865]","[1.704491138458252, 1.8835395574569702, 2.438967704772949, 1.7622727155685425]"
11259.0,2011-12-01T00:00:00.000000000,"[1.8515071868896484, 2.335554361343384, 1.8955113887786865, 2.7315926551818848]","[1.961490273475647, 2.6037795543670654, 1.783850908279419, 2.024852991104126]"
11259.0,2012-03-01T00:00:00.000000000,"[2.335554361343384, 1.8955113887786865, 2.7315926551818848, 2.2475459575653076]","[2.2746458053588867, 1.696516513824463, 1.7692203521728516, 1.928086519241333]"
11259.0,2012-06-01T00:00:00.000000000,"[1.8955113887786865, 2.7315926551818848, 2.2475459575653076, 2.5115716457366943]","[1.6952452659606934, 1.8125039339065552, 1.9035536050796509, 2.310495376586914]"
11259.0,2012-09-01T00:00:00.000000000,"[2.7315926551818848, 2.2475459575653076, 2.5115716457366943, 3.017620801925659]","[1.7624216079711914, 1.890307903289795, 2.2603750228881836, 1.8303200006484985]"
11259.0,2012-12-01T00:00:00.000000000,"[2.2475459575653076, 2.5115716457366943, 3.017620801925659, 3.21563982963562]","[2.0838801860809326, 2.6693308353424072, 1.9455187320709229, 2.213003396987915]"
11259.0,2013-03-01T00:00:00.000000000,"[2.5115716457366943, 3.017620801925659, 3.21563982963562, 2.4895694255828857]","[2.426971912384033, 1.8790937662124634, 1.9436436891555786, 2.080446720123291]"
12540.0,2006-06-01T00:00:00.000000000,"[0.11333828419446945, -0.08468098938465118, 0.09133616089820862, 0.26735323667526245]","[0.16579625010490417, 0.2000809907913208, 0.23692801594734192, 0.33568286895751953]"
12540.0,2006-09-01T00:00:00.000000000,"[-0.08468098938465118, 0.09133616089820862, 0.26735323667526245, 0.35536178946495056]","[0.2068362832069397, 0.24110910296440125, 0.2745285630226135, 0.39132726192474365]"
12540.0,2006-12-01T00:00:00.000000000,"[0.09133616089820862, 0.26735323667526245, 0.35536178946495056, 0.4873746931552887]","[0.1685427874326706, 0.2013106793165207, 0.22887179255485535, 0.33968061208724976]"
12540.0,2007-03-01T00:00:00.000000000,"[0.26735323667526245, 0.35536178946495056, 0.4873746931552887, 0.6633917689323425]","[0.16443341970443726, 0.2136366367340088, 0.25418218970298767, 0.42344045639038086]"
12540.0,2007-06-01T00:00:00.000000000,"[0.35536178946495056, 0.4873746931552887, 0.6633917689323425, 0.7514004111289978]","[0.25563210248947144, 0.2846647799015045, 0.31175923347473145, 0.41842272877693176]"
12540.0,2007-09-01T00:00:00.000000000,"[0.4873746931552887, 0.6633917689323425, 0.7514004111289978, 0.8614109754562378]","[0.3048155903816223, 0.33761391043663025, 0.37028563022613525, 0.4984889030456543]"
12540.0,2007-12-01T00:00:00.000000000,"[0.6633917689323425, 0.7514004111289978, 0.8614109754562378, 0.9494196176528931]","[0.3560851216316223, 0.3897899091243744, 0.4228743314743042, 0.5559959411621094]"
12540.0,2008-03-01T00:00:00.000000000,"[0.7514004111289978, 0.8614109754562378, 0.9494196176528931, 1.279451608657837]","[0.3888929486274719, 0.4281368553638458, 0.46948033571243286, 0.6308588981628418]"
12540.0,2008-06-01T00:00:00.000000000,"[0.8614109754562378, 0.9494196176528931, 1.279451608657837, 1.3674603700637817]","[0.42747554183006287, 0.44467583298683167, 0.4797475337982178, 0.5355427861213684]"
12540.0,2008-09-01T00:00:00.000000000,"[0.9494196176528931, 1.279451608657837, 1.3674603700637817, 1.5434772968292236]","[0.4922439455986023, 0.6111021041870117, 0.4915793538093567, 0.519361674785614]"
12540.0,2008-12-01T00:00:00.000000000,"[1.279451608657837, 1.3674603700637817, 1.5434772968292236, 1.7194944620132446]","[0.6585860252380371, 0.578174352645874, 0.5750244855880737, 0.5910129547119141]"
12540.0,2009-03-01T00:00:00.000000000,"[1.3674603700637817, 1.5434772968292236, 1.7194944620132446, 2.071528673171997]","[0.6874010562896729, 0.7501641511917114, 0.6724187135696411, 0.77176833152771]"
12540.0,2009-06-01T00:00:00.000000000,"[1.5434772968292236, 1.7194944620132446, 2.071528673171997, 2.7095906734466553]","[0.711127758026123, 0.8193223476409912, 0.9261000156402588, 0.7173792123794556]"
12540.0,2009-09-01T00:00:00.000000000,"[1.7194944620132446, 2.071528673171997, 2.7095906734466553, 2.9516141414642334]","[0.977890133857727, 1.2200976610183716, 0.8588795065879822, 0.8151594400405884]"
12540.0,2009-12-01T00:00:00.000000000,"[2.071528673171997, 2.7095906734466553, 2.9516141414642334, 3.1056292057037354]","[1.480790376663208, 1.109830379486084, 0.9445059299468994, 1.0009751319885254]"
12540.0,2010-03-01T00:00:00.000000000,"[2.7095906734466553, 2.9516141414642334, 3.1056292057037354, 3.479665517807007]","[1.5767182111740112, 1.2700653076171875, 1.1238833665847778, 1.2639570236206055]"
12540.0,2010-06-01T00:00:00.000000000,"[2.9516141414642334, 3.1056292057037354, 3.479665517807007, 2.929612159729004]","[1.8605467081069946, 1.6529942750930786, 1.460428237915039, 1.5762436389923096]"
12540.0,2010-09-01T00:00:00.000000000,"[3.1056292057037354, 3.479665517807007, 2.929612159729004, 3.325650691986084]","[2.0637450218200684, 1.9503803253173828, 1.4947717189788818, 1.6005563735961914]"
12540.0,2010-12-01T00:00:00.000000000,"[3.479665517807007, 2.929612159729004, 3.325650691986084, 3.8096976280212402]","[2.4065771102905273, 1.996539831161499, 1.6115591526031494, 1.7026646137237549]"
12540.0,2011-03-01T00:00:00.000000000,"[2.929612159729004, 3.325650691986084, 3.8096976280212402, 4.337749004364014]","[2.6604931354522705, 2.1820924282073975, 1.842512607574463, 2.0153417587280273]"
12540.0,2011-06-01T00:00:00.000000000,"[3.325650691986084, 3.8096976280212402, 4.337749004364014, 4.139729976654053]","[2.537473678588867, 2.1438684463500977, 2.0317468643188477, 1.9622234106063843]"
12540.0,2011-09-01T00:00:00.000000000,"[3.8096976280212402, 4.337749004364014, 4.139729976654053, 4.689783573150635]","[2.936596155166626, 2.6828854084014893, 2.2381200790405273, 2.3161959648132324]"
12540.0,2011-12-01T00:00:00.000000000,"[4.337749004364014, 4.139729976654053, 4.689783573150635, 4.953808784484863]","[3.6793153285980225, 2.769040107727051, 2.5634267330169678, 2.7190842628479004]"
12540.0,2012-03-01T00:00:00.000000000,"[4.139729976654053, 4.689783573150635, 4.953808784484863, 5.481860160827637]","[3.755157470703125, 3.1676063537597656, 2.8123316764831543, 3.089600086212158]"
12540.0,2012-06-01T00:00:00.000000000,"[4.689783573150635, 4.953808784484863, 5.481860160827637, 6.207931041717529]","[3.8795206546783447, 3.193115711212158, 3.110206127166748, 3.1240508556365967]"
12540.0,2012-09-01T00:00:00.000000000,"[4.953808784484863, 5.481860160827637, 6.207931041717529, 5.965907573699951]","[4.195244312286377, 3.841085910797119, 3.439389228820801, 3.6473679542541504]"
12540.0,2012-12-01T00:00:00.000000000,"[5.481860160827637, 6.207931041717529, 5.965907573699951, 6.1419243812561035]","[5.027083396911621, 3.7344424724578857, 3.7972235679626465, 4.050232887268066]"
12540.0,2013-03-01T00:00:00.000000000,"[6.207931041717529, 5.965907573699951, 6.1419243812561035, 6.339943885803223]","[4.960990905761719, 4.346481800079346, 4.224166393280029, 4.582461833953857]"
13421.0,2006-03-01T00:00:00.000000000,"[-0.23869597911834717, -0.12868529558181763, -0.10668310523033142, -0.19469167292118073]","[-0.325074166059494, -0.32059526443481445, -0.3075069487094879, -0.2880744934082031]"
13421.0,2006-06-01T00:00:00.000000000,"[-0.12868529558181763, -0.10668310523033142, -0.19469167292118073, -0.10668310523033142]","[-0.28276926279067993, -0.2840740978717804, -0.27631446719169617, -0.2730332016944885]"
13421.0,2006-09-01T00:00:00.000000000,"[-0.10668310523033142, -0.19469167292118073, -0.10668310523033142, -0.08468098938465118]","[-0.2453991025686264, -0.2491447478532791, -0.23938602209091187, -0.23896732926368713]"
13421.0,2006-12-01T00:00:00.000000000,"[-0.19469167292118073, -0.10668310523033142, -0.08468098938465118, -0.018674563616514206]","[-0.24312646687030792, -0.2470032274723053, -0.23751682043075562, -0.23792770504951477]"
13421.0,2007-03-01T00:00:00.000000000,"[-0.10668310523033142, -0.08468098938465118, -0.018674563616514206, -0.08468098938465118]","[-0.3376994729042053, -0.33625099062919617, -0.3243929147720337, -0.3146127462387085]"
13421.0,2007-06-01T00:00:00.000000000,"[-0.08468098938465118, -0.018674563616514206, -0.08468098938465118, -0.06267886608839035]","[-0.29611310362815857, -0.2956310510635376, -0.289221853017807, -0.283769816160202]"
13421.0,2007-09-01T00:00:00.000000000,"[-0.018674563616514206, -0.08468098938465118, -0.06267886608839035, -0.04067668318748474]","[-0.24555657804012299, -0.24870839715003967, -0.2393050342798233, -0.2380698025226593]"
13421.0,2007-12-01T00:00:00.000000000,"[-0.08468098938465118, -0.06267886608839035, -0.04067668318748474, 0.047331858426332474]","[-0.23216846585273743, -0.23609451949596405, -0.22490853071212769, -0.22831547260284424]"
13421.0,2008-03-01T00:00:00.000000000,"[-0.06267886608839035, -0.04067668318748474, 0.047331858426332474, 0.003327556187286973]","[-0.34890028834342957, -0.31947022676467896, -0.349772185087204, -0.33845779299736023]"
13421.0,2008-06-01T00:00:00.000000000,"[-0.04067668318748474, 0.047331858426332474, 0.003327556187286973, 0.047331858426332474]","[-0.24786457419395447, -0.352819561958313, -0.29928621649742126, -0.242389976978302]"
13421.0,2008-09-01T00:00:00.000000000,"[0.047331858426332474, 0.003327556187286973, 0.047331858426332474, 0.06933397799730301]","[-0.22127413749694824, -0.22672216594219208, -0.1982215791940689, -0.23641137778759003]"
13421.0,2008-12-01T00:00:00.000000000,"[0.003327556187286973, 0.047331858426332474, 0.06933397799730301, 0.15734252333641052]","[-0.10559172928333282, -0.23586121201515198, -0.20355290174484253, -0.16815653443336487]"
13421.0,2009-03-01T00:00:00.000000000,"[0.047331858426332474, 0.06933397799730301, 0.15734252333641052, 0.17934469878673553]","[-0.08424115180969238, 0.03020256757736206, -0.06295937299728394, -0.13266277313232422]"
13421.0,2009-06-01T00:00:00.000000000,"[0.06933397799730301, 0.15734252333641052, 0.17934469878673553, 0.2893553674221039]","[-0.029802978038787842, 0.006729006767272949, -0.025203347206115723, -0.11588971316814423]"
13421.0,2009-09-01T00:00:00.000000000,"[0.15734252333641052, 0.17934469878673553, 0.2893553674221039, 0.37736397981643677]","[-0.058990299701690674, -0.012960970401763916, -0.04723083972930908, -0.15659232437610626]"
13421.0,2009-12-01T00:00:00.000000000,"[0.17934469878673553, 0.2893553674221039, 0.37736397981643677, 0.44337034225463867]","[-0.019797950983047485, -0.00858217477798462, 0.042832374572753906, -0.009223610162734985]"
13421.0,2010-03-01T00:00:00.000000000,"[0.2893553674221039, 0.37736397981643677, 0.44337034225463867, 0.4873746931552887]","[0.025364279747009277, 0.05986282229423523, 0.07571205496788025, -0.028165578842163086]"
13421.0,2010-06-01T00:00:00.000000000,"[0.37736397981643677, 0.44337034225463867, 0.4873746931552887, 0.553381085395813]","[0.12612275779247284, 0.2120204120874405, 0.15089921653270721, 0.06430090963840485]"
13421.0,2010-09-01T00:00:00.000000000,"[0.44337034225463867, 0.4873746931552887, 0.553381085395813, 0.4873746931552887]","[0.2926800847053528, 0.23871460556983948, 0.18879708647727966, 0.19669410586357117]"
13421.0,2011-03-01T00:00:00.000000000,"[0.4873746931552887, 0.553381085395813, 0.4873746931552887, 0.4873746931552887]","[0.3227388858795166, 0.25690335035324097, 0.28286147117614746, 0.285611629486084]"
13421.0,2011-06-01T00:00:00.000000000,"[0.553381085395813, 0.4873746931552887, 0.4873746931552887, 0.6193875670433044]","[0.38208916783332825, 0.37726083397865295, 0.3140714466571808, 0.30426186323165894]"
13421.0,2011-09-01T00:00:00.000000000,"[0.4873746931552887, 0.4873746931552887, 0.6193875670433044, 0.7514004111289978]","[0.5260660648345947, 0.4097893238067627, 0.3621668219566345, 0.4044871926307678]"
13421.0,2011-12-01T00:00:00.000000000,"[0.4873746931552887, 0.6193875670433044, 0.7514004111289978, 0.8394088745117188]","[0.525225818157196, 0.37810102105140686, 0.3861910104751587, 0.4226366877555847]"
13421.0,2012-03-01T00:00:00.000000000,"[0.6193875670433044, 0.7514004111289978, 0.8394088745117188, 1.125436782836914]","[0.47011035680770874, 0.3895796537399292, 0.42035147547721863, 0.4907497763633728]"
13421.0,2012-06-01T00:00:00.000000000,"[0.7514004111289978, 0.8394088745117188, 1.125436782836914, 1.125436782836914]","[0.623994767665863, 0.49464571475982666, 0.5143725872039795, 0.5680097341537476]"
13421.0,2012-09-01T00:00:00.000000000,"[0.8394088745117188, 1.125436782836914, 1.125436782836914, 1.1914430856704712]","[0.7285391092300415, 0.5998638868331909, 0.5683226585388184, 0.6679531931877136]"
13421.0,2012-12-01T00:00:00.000000000,"[1.125436782836914, 1.125436782836914, 1.1914430856704712, 1.0594303607940674]","[0.8057224154472351, 0.6005762219429016, 0.6233514547348022, 0.7236530780792236]"
13421.0,2013-03-01T00:00:00.000000000,"[1.125436782836914, 1.1914430856704712, 1.0594303607940674, 1.103434681892395]","[0.9052554965019226, 0.7304601669311523, 0.7440893054008484, 0.8948919177055359]"
14225.0,2006-06-01T00:00:00.000000000,"[-0.21669383347034454, -0.20569276809692383, -0.2606981098651886, -0.22769489884376526]","[-0.22915036976337433, -0.2538890838623047, -0.2938306927680969, -0.2721540629863739]"
14225.0,2006-09-01T00:00:00.000000000,"[-0.20569276809692383, -0.2606981098651886, -0.22769489884376526, -0.1726895570755005]","[-0.19067944586277008, -0.2925759553909302, -0.25391513109207153, -0.20892909169197083]"
14225.0,2006-12-01T00:00:00.000000000,"[-0.2606981098651886, -0.22769489884376526, -0.1726895570755005, -0.1836906224489212]","[-0.2815043032169342, -0.2582497000694275, -0.23647141456604004, -0.20643645524978638]"
14225.0,2007-03-01T00:00:00.000000000,"[-0.22769489884376526, -0.1726895570755005, -0.1836906224489212, -0.2716991901397705]","[-0.25581589341163635, -0.2283620834350586, -0.24139009416103363, -0.2760242521762848]"
14225.0,2007-06-01T00:00:00.000000000,"[-0.1726895570755005, -0.1836906224489212, -0.2716991901397705, -0.21669383347034454]","[-0.18783937394618988, -0.20368780195713043, -0.2546658515930176, -0.2447751760482788]"
14225.0,2007-09-01T00:00:00.000000000,"[-0.1836906224489212, -0.2716991901397705, -0.21669383347034454, -0.20569276809692383]","[-0.15268629789352417, -0.2502860426902771, -0.21290095150470734, -0.17431773245334625]"
14225.0,2007-12-01T00:00:00.000000000,"[-0.2716991901397705, -0.21669383347034454, -0.20569276809692383, -0.21669383347034454]","[-0.2548803687095642, -0.21996566653251648, -0.19545502960681915, -0.18044514954090118]"
14225.0,2008-03-01T00:00:00.000000000,"[-0.21669383347034454, -0.20569276809692383, -0.21669383347034454, -0.2606981098651886]","[-0.24243995547294617, -0.19918343424797058, -0.2193053811788559, -0.2678273320198059]"
14225.0,2008-06-01T00:00:00.000000000,"[-0.20569276809692383, -0.21669383347034454, -0.2606981098651886, -0.19469167292118073]","[-0.18555566668510437, -0.18300867080688477, -0.23662474751472473, -0.24270522594451904]"
14225.0,2008-09-01T00:00:00.000000000,"[-0.21669383347034454, -0.2606981098651886, -0.19469167292118073, -0.12868529558181763]","[-0.18163731694221497, -0.2509002685546875, -0.20968028903007507, -0.19438791275024414]"
14225.0,2008-12-01T00:00:00.000000000,"[-0.2606981098651886, -0.19469167292118073, -0.12868529558181763, -0.15068741142749786]","[-0.24415089190006256, -0.22709983587265015, -0.19469037652015686, -0.19135908782482147]"
14225.0,2009-03-01T00:00:00.000000000,"[-0.19469167292118073, -0.12868529558181763, -0.15068741142749786, -0.20569276809692383]","[-0.2265661060810089, -0.20330724120140076, -0.20852185785770416, -0.26709720492362976]"
14225.0,2009-06-01T00:00:00.000000000,"[-0.12868529558181763, -0.15068741142749786, -0.20569276809692383, -0.029675621539354324]","[-0.20655225217342377, -0.17781208455562592, -0.22131411731243134, -0.24690595269203186]"
14225.0,2009-09-01T00:00:00.000000000,"[-0.15068741142749786, -0.20569276809692383, -0.029675621539354324, -0.05167780816555023]","[-0.17951850593090057, -0.21416345238685608, -0.18215148150920868, -0.17596176266670227]"
14225.0,2009-12-01T00:00:00.000000000,"[-0.20569276809692383, -0.029675621539354324, -0.05167780816555023, 0.05833292007446289]","[-0.20469123125076294, -0.19509735703468323, -0.16533471643924713, -0.17651231586933136]"
14225.0,2010-03-01T00:00:00.000000000,"[-0.029675621539354324, -0.05167780816555023, 0.05833292007446289, -0.05167780816555023]","[-0.1864490956068039, -0.14804376661777496, -0.18795394897460938, -0.2513425350189209]"
14225.0,2010-06-01T00:00:00.000000000,"[-0.05167780816555023, 0.05833292007446289, -0.05167780816555023, 0.047331858426332474]","[-0.09440109133720398, -0.09686405956745148, -0.15299199521541595, -0.1504622846841812]"
14225.0,2010-09-01T00:00:00.000000000,"[0.05833292007446289, -0.05167780816555023, 0.047331858426332474, 0.09133616089820862]","[-0.11220377683639526, -0.17745257914066315, -0.13313879072666168, -0.1208672970533371]"
14225.0,2010-12-01T00:00:00.000000000,"[-0.05167780816555023, 0.047331858426332474, 0.09133616089820862, 0.11333828419446945]","[-0.11284705996513367, -0.059815675020217896, -0.053103357553482056, -0.026204228401184082]"
14225.0,2011-03-01T00:00:00.000000000,"[0.047331858426332474, 0.09133616089820862, 0.11333828419446945, -0.018674563616514206]","[-0.06099134683609009, -0.04390920698642731, -0.08186344802379608, -0.14477555453777313]"
14225.0,2011-06-01T00:00:00.000000000,"[0.09133616089820862, 0.11333828419446945, -0.018674563616514206, 0.06933397799730301]","[0.06195227801799774, 0.03307695686817169, -0.05679096281528473, -0.018538907170295715]"
14225.0,2011-09-01T00:00:00.000000000,"[0.11333828419446945, -0.018674563616514206, 0.06933397799730301, 0.2233489453792572]","[0.10704711079597473, -0.07748691737651825, -0.015267878770828247, 0.05614188313484192]"
14225.0,2011-12-01T00:00:00.000000000,"[-0.018674563616514206, 0.06933397799730301, 0.2233489453792572, 0.13534040749073029]","[-0.0351729542016983, 0.009314820170402527, 0.02496841549873352, 0.07163439691066742]"
14225.0,2012-03-01T00:00:00.000000000,"[0.06933397799730301, 0.2233489453792572, 0.13534040749073029, 0.047331858426332474]","[0.03448742628097534, 0.019546151161193848, 0.001654893159866333, -0.031688183546066284]"
14225.0,2012-06-01T00:00:00.000000000,"[0.2233489453792572, 0.13534040749073029, 0.047331858426332474, 0.11333828419446945]","[0.1556829959154129, 0.09032140672206879, 0.027448982000350952, 0.08748771250247955]"
14225.0,2012-09-01T00:00:00.000000000,"[0.13534040749073029, 0.047331858426332474, 0.11333828419446945, 0.2233489453792572]","[0.24260155856609344, 0.01867455244064331, 0.08746235072612762, 0.1913023442029953]"
14225.0,2012-12-01T00:00:00.000000000,"[0.047331858426332474, 0.11333828419446945, 0.2233489453792572, 0.2233489453792572]","[0.024437204003334045, 0.053974345326423645, 0.1341325342655182, 0.13839182257652283]"
14225.0,2013-03-01T00:00:00.000000000,"[0.11333828419446945, 0.2233489453792572, 0.2233489453792572, 0.17934469878673553]","[0.10331067442893982, 0.12670201063156128, 0.09033137559890747, 0.05162142217159271]"
16721.0,2006-06-01T00:00:00.000000000,"[-0.28270024061203003, 0.9054153561592102, 1.9835201501846313, 0.15734252333641052]","[-0.828324019908905, -0.2217223197221756, 1.527563214302063, -0.4654180407524109]"
16721.0,2006-09-01T00:00:00.000000000,"[0.9054153561592102, 1.9835201501846313, 0.15734252333641052, -0.37070879340171814]","[0.11120076477527618, 1.4805610179901123, -0.5336176156997681, -0.6295504570007324]"
16721.0,2006-12-01T00:00:00.000000000,"[1.9835201501846313, 0.15734252333641052, -0.37070879340171814, 0.7293981313705444]","[1.5088016986846924, 0.060533538460731506, -0.4841844439506531, -0.024381786584854126]"
16721.0,2007-03-01T00:00:00.000000000,"[0.15734252333641052, -0.37070879340171814, 0.7293981313705444, 3.325650691986084]","[0.2271144837141037, -0.14688381552696228, 0.13692806661128998, 1.2580188512802124]"
16721.0,2007-06-01T00:00:00.000000000,"[-0.37070879340171814, 0.7293981313705444, 3.325650691986084, 0.3993660807609558]","[-0.7007448673248291, -0.014309853315353394, 2.017040729522705, -0.3155083656311035]"
16721.0,2007-09-01T00:00:00.000000000,"[0.7293981313705444, 3.325650691986084, 0.3993660807609558, -0.5467259287834167]","[0.252444863319397, 1.8105945587158203, -0.4474845826625824, -0.6265292763710022]"
16721.0,2007-12-01T00:00:00.000000000,"[3.325650691986084, 0.3993660807609558, -0.5467259287834167, 0.5313789248466492]","[1.8762177228927612, 0.09748411178588867, -0.43674662709236145, 0.16783112287521362]"
16721.0,2008-03-01T00:00:00.000000000,"[0.3993660807609558, -0.5467259287834167, 0.5313789248466492, 4.755789756774902]","[0.7872887849807739, 0.18410518765449524, 0.6004484295845032, 2.2545504570007324]"
16721.0,2008-06-01T00:00:00.000000000,"[-0.5467259287834167, 0.5313789248466492, 4.755789756774902, 1.1694409847259521]","[-0.5958887338638306, 0.3262909948825836, 3.1068944931030273, -0.08097206056118011]"
16721.0,2008-09-01T00:00:00.000000000,"[0.5313789248466492, 4.755789756774902, 1.1694409847259521, 0.09133616089820862]","[0.5324177145957947, 2.4304940700531006, -0.3108479976654053, -0.5670515894889832]"
16721.0,2008-12-01T00:00:00.000000000,"[4.755789756774902, 1.1694409847259521, 0.09133616089820862, 0.7293981313705444]","[2.52851939201355, 0.12687648832798004, -0.32031160593032837, 0.5097400546073914]"
16721.0,2009-03-01T00:00:00.000000000,"[1.1694409847259521, 0.09133616089820862, 0.7293981313705444, 4.0957255363464355]","[1.917358160018921, 0.6637248396873474, 1.3629367351531982, 3.7653391361236572]"
16721.0,2009-06-01T00:00:00.000000000,"[0.09133616089820862, 0.7293981313705444, 4.0957255363464355, 2.181539297103882]","[-0.13620813190937042, 1.1932854652404785, 5.219179153442383, 0.949336051940918]"
16721.0,2009-09-01T00:00:00.000000000,"[0.7293981313705444, 4.0957255363464355, 2.181539297103882, -0.4147131145000458]","[1.1420142650604248, 3.6434073448181152, 0.12519074976444244, -0.16713599860668182]"
16721.0,2009-12-01T00:00:00.000000000,"[4.0957255363464355, 2.181539297103882, -0.4147131145000458, 1.1914430856704712]","[3.6453235149383545, 0.21431918442249298, -0.057334497570991516, 1.0462788343429565]"
16721.0,2010-03-01T00:00:00.000000000,"[2.181539297103882, -0.4147131145000458, 1.1914430856704712, 3.5896763801574707]","[1.8135855197906494, 1.1590009927749634, 1.8699924945831299, 4.184426307678223]"
16721.0,2010-06-01T00:00:00.000000000,"[-0.4147131145000458, 1.1914430856704712, 3.5896763801574707, 2.181539297103882]","[0.33785879611968994, 1.6208921670913696, 5.38893461227417, 1.7464951276779175]"
16721.0,2010-09-01T00:00:00.000000000,"[1.1914430856704712, 3.5896763801574707, 2.181539297103882, -0.15068741142749786]","[1.3689261674880981, 3.7130720615386963, 0.5557160377502441, -0.13610807061195374]"
16721.0,2010-12-01T00:00:00.000000000,"[3.5896763801574707, 2.181539297103882, -0.15068741142749786, 1.4334666728973389]","[3.775460720062256, 1.1569329500198364, 0.11868709325790405, 1.2117338180541992]"
16721.0,2011-03-01T00:00:00.000000000,"[2.181539297103882, -0.15068741142749786, 1.4334666728973389, 4.8437981605529785]","[1.7090142965316772, 0.49036240577697754, 1.0789990425109863, 3.3134732246398926]"
16721.0,2011-06-01T00:00:00.000000000,"[-0.15068741142749786, 1.4334666728973389, 4.8437981605529785, 1.6754902601242065]","[0.41497841477394104, 1.6566190719604492, 5.154102802276611, 1.9727379083633423]"
16721.0,2011-09-01T00:00:00.000000000,"[1.4334666728973389, 4.8437981605529785, 1.6754902601242065, 2.42356276512146]","[1.7827450037002563, 4.064456462860107, 0.8586361408233643, 0.2358262836933136]"
16721.0,2011-12-01T00:00:00.000000000,"[4.8437981605529785, 1.6754902601242065, 2.42356276512146, -0.5907301902770996]","[3.762364149093628, 1.512647032737732, 0.32580336928367615, 1.318833589553833]"
16721.0,2012-03-01T00:00:00.000000000,"[1.6754902601242065, 2.42356276512146, -0.5907301902770996, 6.031913757324219]","[2.395638942718506, 0.7670314311981201, 1.4495251178741455, 4.00616979598999]"
16721.0,2012-06-01T00:00:00.000000000,"[2.42356276512146, -0.5907301902770996, 6.031913757324219, 2.0055222511291504]","[0.4635377526283264, 1.8096959590911865, 5.652886390686035, 1.9209136962890625]"
16721.0,2012-09-01T00:00:00.000000000,"[-0.5907301902770996, 6.031913757324219, 2.0055222511291504, 1.0374282598495483]","[3.03627872467041, 5.926542282104492, 2.07858943939209, 1.521831750869751]"
16721.0,2012-12-01T00:00:00.000000000,"[6.031913757324219, 2.0055222511291504, 1.0374282598495483, 2.775597333908081]","[3.3584656715393066, 0.7759817242622375, -0.09076976776123047, 0.8043910264968872]"
16721.0,2013-03-01T00:00:00.000000000,"[2.0055222511291504, 1.0374282598495483, 2.775597333908081, 6.339943885803223]","[3.4131202697753906, 1.5686873197555542, 2.4713165760040283, 5.515298843383789]"
20779.0,2006-06-01T00:00:00.000000000,"[0.42136821150779724, 0.5093768239021301, 0.4873746931552887, 0.4653724431991577]","[0.3533337712287903, 0.40184980630874634, 0.3944433927536011, 0.32990992069244385]"
20779.0,2006-09-01T00:00:00.000000000,"[0.5093768239021301, 0.4873746931552887, 0.4653724431991577, 0.4873746931552887]","[0.4108496606349945, 0.4848765730857849, 0.4311598539352417, 0.41621148586273193]"
20779.0,2006-12-01T00:00:00.000000000,"[0.4873746931552887, 0.4653724431991577, 0.4873746931552887, 0.5973852872848511]","[0.5138047933578491, 0.4738767743110657, 0.47490835189819336, 0.47378009557724]"
20779.0,2007-03-01T00:00:00.000000000,"[0.4653724431991577, 0.4873746931552887, 0.5973852872848511, 0.5973852872848511]","[0.42037999629974365, 0.4743753969669342, 0.46853938698768616, 0.4659968614578247]"
20779.0,2007-06-01T00:00:00.000000000,"[0.4873746931552887, 0.5973852872848511, 0.5973852872848511, 0.553381085395813]","[0.4534936547279358, 0.496410608291626, 0.483051598072052, 0.4443463087081909]"
20779.0,2007-09-01T00:00:00.000000000,"[0.5973852872848511, 0.5973852872848511, 0.553381085395813, 0.553381085395813]","[0.5041875243186951, 0.5405671000480652, 0.5010981559753418, 0.5026289820671082]"
20779.0,2007-12-01T00:00:00.000000000,"[0.5973852872848511, 0.553381085395813, 0.553381085395813, 0.6853939294815063]","[0.6018854975700378, 0.5477807521820068, 0.5467356443405151, 0.5802028179168701]"
20779.0,2008-03-01T00:00:00.000000000,"[0.553381085395813, 0.553381085395813, 0.6853939294815063, 0.6413896679878235]","[0.5061116814613342, 0.5298115015029907, 0.531620442867279, 0.5586527585983276]"
20779.0,2008-06-01T00:00:00.000000000,"[0.553381085395813, 0.6853939294815063, 0.6413896679878235, 0.553381085395813]","[0.5153965950012207, 0.5484042167663574, 0.5492814779281616, 0.49713611602783203]"
20779.0,2008-09-01T00:00:00.000000000,"[0.6853939294815063, 0.6413896679878235, 0.553381085395813, 0.6193875670433044]","[0.5562398433685303, 0.5886592268943787, 0.5360905528068542, 0.521804690361023]"
20779.0,2008-12-01T00:00:00.000000000,"[0.6413896679878235, 0.553381085395813, 0.6193875670433044, 0.6413896679878235]","[0.682281494140625, 0.5752273797988892, 0.5971509218215942, 0.6253827810287476]"
20779.0,2009-03-01T00:00:00.000000000,"[0.553381085395813, 0.6193875670433044, 0.6413896679878235, 0.6413896679878235]","[0.5670313239097595, 0.5863109230995178, 0.60542893409729, 0.596890389919281]"
20779.0,2009-06-01T00:00:00.000000000,"[0.6193875670433044, 0.6413896679878235, 0.6413896679878235, 0.6853939294815063]","[0.5709314942359924, 0.6183252930641174, 0.6249897480010986, 0.5324715971946716]"
20779.0,2009-09-01T00:00:00.000000000,"[0.6413896679878235, 0.6413896679878235, 0.6853939294815063, 0.7514004111289978]","[0.6198304891586304, 0.662588357925415, 0.5833268165588379, 0.5454504489898682]"
20779.0,2009-12-01T00:00:00.000000000,"[0.6413896679878235, 0.6853939294815063, 0.7514004111289978, 0.8394088745117188]","[0.6542096138000488, 0.60841965675354, 0.6103865504264832, 0.5951182842254639]"
20779.0,2010-03-01T00:00:00.000000000,"[0.6853939294815063, 0.7514004111289978, 0.8394088745117188, 0.9494196176528931]","[0.5914387702941895, 0.6314515471458435, 0.6429494619369507, 0.6049983501434326]"
20779.0,2010-06-01T00:00:00.000000000,"[0.7514004111289978, 0.8394088745117188, 0.9494196176528931, 0.9054153561592102]","[0.6219079494476318, 0.6828348636627197, 0.6560462713241577, 0.5855951905250549]"
20779.0,2010-09-01T00:00:00.000000000,"[0.8394088745117188, 0.9494196176528931, 0.9054153561592102, 1.0154259204864502]","[0.6542243957519531, 0.7050166130065918, 0.6591929197311401, 0.625817060470581]"
20779.0,2010-12-01T00:00:00.000000000,"[0.9494196176528931, 0.9054153561592102, 1.0154259204864502, 1.125436782836914]","[0.7405081987380981, 0.7278083562850952, 0.7391408681869507, 0.7508016228675842]"
20779.0,2011-03-01T00:00:00.000000000,"[0.9054153561592102, 1.0154259204864502, 1.125436782836914, 1.147438883781433]","[0.786691427230835, 0.819048285484314, 0.823136568069458, 0.8483470678329468]"
20779.0,2011-06-01T00:00:00.000000000,"[1.0154259204864502, 1.125436782836914, 1.147438883781433, 0.9934238195419312]","[0.857079029083252, 0.8535223007202148, 0.8191042542457581, 0.780512273311615]"
20779.0,2011-09-01T00:00:00.000000000,"[1.125436782836914, 1.147438883781433, 0.9934238195419312, 1.0374282598495483]","[0.9859395623207092, 0.9219633340835571, 0.8331944942474365, 0.8695586323738098]"
20779.0,2011-12-01T00:00:00.000000000,"[1.147438883781433, 0.9934238195419312, 1.0374282598495483, 1.0594303607940674]","[1.099144458770752, 0.8842233419418335, 0.9379929304122925, 0.9947782754898071]"
20779.0,2012-03-01T00:00:00.000000000,"[0.9934238195419312, 1.0374282598495483, 1.0594303607940674, 0.9714217185974121]","[1.0066218376159668, 0.9807703495025635, 0.9785467982292175, 1.0284991264343262]"
20779.0,2012-06-01T00:00:00.000000000,"[1.0374282598495483, 1.0594303607940674, 0.9714217185974121, 1.0374282598495483]","[1.017805814743042, 0.9627167582511902, 0.9536576271057129, 0.9470331072807312]"
20779.0,2012-09-01T00:00:00.000000000,"[1.0594303607940674, 0.9714217185974121, 1.0374282598495483, 1.125436782836914]","[1.125803828239441, 1.0446218252182007, 0.9997326135635376, 1.036902666091919]"
20779.0,2012-12-01T00:00:00.000000000,"[0.9714217185974121, 1.0374282598495483, 1.125436782836914, 1.147438883781433]","[1.1718668937683105, 0.9789727926254272, 1.0348775386810303, 1.1104207038879395]"
20779.0,2013-03-01T00:00:00.000000000,"[1.0374282598495483, 1.125436782836914, 1.147438883781433, 1.103434681892395]","[1.0063406229019165, 0.984553337097168, 1.043217420578003, 1.0753978490829468]"
24197.0,2006-03-01T00:00:00.000000000,"[0.5093768239021301, 0.4543713927268982, 0.34436073899269104, 0.37736397981643677]","[0.4347783625125885, 0.274353563785553, 0.2393670380115509, 0.25826066732406616]"
24197.0,2006-06-01T00:00:00.000000000,"[0.4543713927268982, 0.34436073899269104, 0.37736397981643677, 0.6193875670433044]","[0.41503798961639404, 0.3254762291908264, 0.38581299781799316, 0.5055522322654724]"
24197.0,2006-09-01T00:00:00.000000000,"[0.34436073899269104, 0.37736397981643677, 0.6193875670433044, 0.4873746931552887]","[0.32328280806541443, 0.33648964762687683, 0.39247187972068787, 0.4135831892490387]"
24197.0,2006-12-01T00:00:00.000000000,"[0.37736397981643677, 0.6193875670433044, 0.4873746931552887, 0.35536178946495056]","[0.3365040421485901, 0.46172598004341125, 0.3516506552696228, 0.30466100573539734]"
24197.0,2007-03-01T00:00:00.000000000,"[0.6193875670433044, 0.4873746931552887, 0.35536178946495056, 0.42136821150779724]","[0.5624210238456726, 0.41504335403442383, 0.34779462218284607, 0.36121731996536255]"
24197.0,2007-06-01T00:00:00.000000000,"[0.4873746931552887, 0.35536178946495056, 0.42136821150779724, 0.9274174571037292]","[0.5544337630271912, 0.38890597224235535, 0.47722381353378296, 0.6334308385848999]"
24197.0,2007-12-01T00:00:00.000000000,"[0.35536178946495056, 0.42136821150779724, 0.9274174571037292, 0.6633917689323425]","[0.40072110295295715, 0.4050523340702057, 0.5093601942062378, 0.505552351474762]"
24197.0,2008-03-01T00:00:00.000000000,"[0.42136821150779724, 0.9274174571037292, 0.6633917689323425, 0.575383186340332]","[0.4099459648132324, 0.6010673642158508, 0.44024306535720825, 0.37109267711639404]"
24197.0,2008-06-01T00:00:00.000000000,"[0.9274174571037292, 0.6633917689323425, 0.575383186340332, 0.9934238195419312]","[0.6689237952232361, 0.5015190839767456, 0.41893142461776733, 0.41934534907341003]"
24197.0,2008-09-01T00:00:00.000000000,"[0.6633917689323425, 0.575383186340332, 0.9934238195419312, 1.3894624710083008]","[0.7085365653038025, 0.5212268829345703, 0.596668541431427, 0.8722507953643799]"
24197.0,2008-12-01T00:00:00.000000000,"[0.575383186340332, 0.9934238195419312, 1.3894624710083008, 1.0374282598495483]","[0.4880942106246948, 0.5231812000274658, 0.8451165556907654, 0.6245539784431458]"
24197.0,2009-03-01T00:00:00.000000000,"[0.9934238195419312, 1.3894624710083008, 1.0374282598495483, 0.9934238195419312]","[0.5529446601867676, 0.8463428020477295, 0.5518484115600586, 0.5034072995185852]"
24197.0,2009-06-01T00:00:00.000000000,"[1.3894624710083008, 1.0374282598495483, 0.9934238195419312, 1.5214751958847046]","[1.2088000774383545, 0.717462420463562, 0.6985563039779663, 0.8343889713287354]"
24197.0,2009-09-01T00:00:00.000000000,"[1.0374282598495483, 0.9934238195419312, 1.5214751958847046, 2.0055222511291504]","[1.082021713256836, 0.7874021530151367, 0.9025141596794128, 1.2426087856292725]"
24197.0,2009-12-01T00:00:00.000000000,"[0.9934238195419312, 1.5214751958847046, 2.0055222511291504, 1.6094835996627808]","[0.7460155487060547, 0.7603437900543213, 1.176554560661316, 0.9308391809463501]"
24197.0,2010-03-01T00:00:00.000000000,"[1.5214751958847046, 2.0055222511291504, 1.6094835996627808, 1.455468773841858]","[0.9062322378158569, 1.1036090850830078, 0.8553670048713684, 0.8280894160270691]"
24197.0,2010-06-01T00:00:00.000000000,"[2.0055222511291504, 1.6094835996627808, 1.455468773841858, 1.8735092878341675]","[1.7427568435668945, 1.0986595153808594, 1.0700421333312988, 1.3003273010253906]"
24197.0,2010-09-01T00:00:00.000000000,"[1.6094835996627808, 1.455468773841858, 1.8735092878341675, 2.4455649852752686]","[1.571654200553894, 1.136810541152954, 1.2947546243667603, 1.7338863611221313]"
24197.0,2010-12-01T00:00:00.000000000,"[1.455468773841858, 1.8735092878341675, 2.4455649852752686, 2.027524471282959]","[1.155625820159912, 1.1433265209197998, 1.6902588605880737, 1.3201408386230469]"
24197.0,2011-03-01T00:00:00.000000000,"[1.8735092878341675, 2.4455649852752686, 2.027524471282959, 1.5874814987182617]","[1.4233481884002686, 1.5067903995513916, 1.2452081441879272, 1.2571682929992676]"
24197.0,2011-06-01T00:00:00.000000000,"[2.4455649852752686, 2.027524471282959, 1.5874814987182617, 2.1375350952148438]","[2.3291289806365967, 1.478922724723816, 1.4961869716644287, 1.773484468460083]"
24197.0,2011-09-01T00:00:00.000000000,"[2.027524471282959, 1.5874814987182617, 2.1375350952148438, 3.083627223968506]","[2.070321798324585, 1.5423316955566406, 1.7256641387939453, 2.2514772415161133]"
24197.0,2011-12-01T00:00:00.000000000,"[1.5874814987182617, 2.1375350952148438, 3.083627223968506, 3.017620801925659]","[1.6279270648956299, 1.556610107421875, 2.2025203704833984, 1.7769958972930908]"
24197.0,2012-03-01T00:00:00.000000000,"[2.1375350952148438, 3.083627223968506, 3.017620801925659, 3.721689224243164]","[1.7686386108398438, 1.9430768489837646, 1.6247260570526123, 1.5644394159317017]"
24197.0,2012-06-01T00:00:00.000000000,"[3.083627223968506, 3.017620801925659, 3.721689224243164, 4.469761848449707]","[2.814760446548462, 1.8588829040527344, 1.8609063625335693, 2.165646553039551]"
24197.0,2012-09-01T00:00:00.000000000,"[3.017620801925659, 3.721689224243164, 4.469761848449707, 4.447759628295898]","[2.6785972118377686, 2.0010693073272705, 2.2867350578308105, 2.9356887340545654]"
24197.0,2012-12-01T00:00:00.000000000,"[3.721689224243164, 4.469761848449707, 4.447759628295898, 3.765693426132202]","[2.2319486141204834, 2.2556610107421875, 2.933418035507202, 2.570526599884033]"
24197.0,2013-03-01T00:00:00.000000000,"[4.469761848449707, 4.447759628295898, 3.765693426132202, 3.4576635360717773]","[3.0134024620056152, 3.141569137573242, 2.590073585510254, 2.7527427673339844]"
24316.0,2007-09-01T00:00:00.000000000,"[-0.38170990347862244, -0.4514566659927368, -0.40745237469673157, -0.3377055823802948]","[-0.3969480097293854, -0.46360164880752563, -0.44727569818496704, -0.3960471749305725]"
24316.0,2007-12-01T00:00:00.000000000,"[-0.4514566659927368, -0.40745237469673157, -0.3377055823802948, -0.3229641616344452]","[-0.4462248682975769, -0.4615188241004944, -0.40587568283081055, -0.3915516138076782]"
24316.0,2008-03-01T00:00:00.000000000,"[-0.40745237469673157, -0.3377055823802948, -0.3229641616344452, -0.30470237135887146]","[-0.4503243863582611, -0.3945986330509186, -0.4220612049102783, -0.4625469446182251]"
24316.0,2008-06-01T00:00:00.000000000,"[-0.3377055823802948, -0.3229641616344452, -0.30470237135887146, -0.3487066924571991]","[-0.3511654734611511, -0.37541598081588745, -0.4311279058456421, -0.4315873384475708]"
24316.0,2008-09-01T00:00:00.000000000,"[-0.3229641616344452, -0.30470237135887146, -0.3487066924571991, -0.2716991901397705]","[-0.3258269429206848, -0.4366331100463867, -0.4049910306930542, -0.34413766860961914]"
24316.0,2008-12-01T00:00:00.000000000,"[-0.30470237135887146, -0.3487066924571991, -0.2716991901397705, -0.2606981098651886]","[-0.4060221016407013, -0.4135310649871826, -0.35520341992378235, -0.33508163690567017]"
24316.0,2009-03-01T00:00:00.000000000,"[-0.3487066924571991, -0.2716991901397705, -0.2606981098651886, -0.39271095395088196]","[-0.35288360714912415, -0.292951762676239, -0.3380642533302307, -0.37243595719337463]"
24316.0,2009-06-01T00:00:00.000000000,"[-0.2716991901397705, -0.2606981098651886, -0.39271095395088196, -0.2716991901397705]","[-0.27911365032196045, -0.32436686754226685, -0.39557191729545593, -0.389898419380188]"
24316.0,2009-09-01T00:00:00.000000000,"[-0.2606981098651886, -0.39271095395088196, -0.2716991901397705, -0.1726895570755005]","[-0.24858364462852478, -0.38485637307167053, -0.3415001928806305, -0.28069812059402466]"
24316.0,2009-12-01T00:00:00.000000000,"[-0.39271095395088196, -0.2716991901397705, -0.1726895570755005, -0.15068741142749786]","[-0.3420765697956085, -0.33946019411087036, -0.30583861470222473, -0.2828993797302246]"
24316.0,2010-03-01T00:00:00.000000000,"[-0.2716991901397705, -0.1726895570755005, -0.15068741142749786, -0.22769489884376526]","[-0.36103469133377075, -0.3064816892147064, -0.33350878953933716, -0.35537391901016235]"
24316.0,2010-06-01T00:00:00.000000000,"[-0.1726895570755005, -0.15068741142749786, -0.22769489884376526, -0.15068741142749786]","[-0.2110050618648529, -0.2548415958881378, -0.2997366189956665, -0.29318851232528687]"
24316.0,2010-09-01T00:00:00.000000000,"[-0.15068741142749786, -0.22769489884376526, -0.15068741142749786, -0.11768423020839691]","[-0.16249549388885498, -0.2985290288925171, -0.27782076597213745, -0.19320303201675415]"
24316.0,2010-12-01T00:00:00.000000000,"[-0.22769489884376526, -0.15068741142749786, -0.11768423020839691, -0.0956820473074913]","[-0.2467319369316101, -0.28016793727874756, -0.21701177954673767, -0.17363733053207397]"
24316.0,2011-03-01T00:00:00.000000000,"[-0.15068741142749786, -0.11768423020839691, -0.0956820473074913, -0.1836906224489212]","[-0.2631931006908417, -0.1974038928747177, -0.2374398112297058, -0.26096659898757935]"
24316.0,2011-06-01T00:00:00.000000000,"[-0.11768423020839691, -0.0956820473074913, -0.1836906224489212, -0.08468098938465118]","[-0.08950027823448181, -0.16248273849487305, -0.2219775915145874, -0.192810520529747]"
24316.0,2011-09-01T00:00:00.000000000,"[-0.0956820473074913, -0.1836906224489212, -0.08468098938465118, -0.05167780816555023]","[-0.07454398274421692, -0.24058805406093597, -0.20071351528167725, -0.11738398671150208]"
24316.0,2011-12-01T00:00:00.000000000,"[-0.1836906224489212, -0.08468098938465118, -0.05167780816555023, 0.014328615739941597]","[-0.18216794729232788, -0.1970532238483429, -0.14197278022766113, -0.10486134886741638]"
24316.0,2012-03-01T00:00:00.000000000,"[-0.08468098938465118, -0.05167780816555023, 0.014328615739941597, -0.018674563616514206]","[-0.18111348152160645, -0.13516724109649658, -0.16295665502548218, -0.19342991709709167]"
24316.0,2012-06-01T00:00:00.000000000,"[-0.05167780816555023, 0.014328615739941597, -0.018674563616514206, -0.05167780816555023]","[-0.009963542222976685, -0.07477712631225586, -0.14069686830043793, -0.11568328738212585]"
24316.0,2012-09-01T00:00:00.000000000,"[0.014328615739941597, -0.018674563616514206, -0.05167780816555023, 0.12433934211730957]","[-0.0054115355014801025, -0.16468824446201324, -0.1254204958677292, -0.05014991760253906]"
24316.0,2012-12-01T00:00:00.000000000,"[-0.018674563616514206, -0.05167780816555023, 0.12433934211730957, -0.007673503365367651]","[-0.10031779110431671, -0.10080680251121521, -0.04700016975402832, -0.012302756309509277]"
24316.0,2013-03-01T00:00:00.000000000,"[-0.05167780816555023, 0.12433934211730957, -0.007673503365367651, -0.04067668318748474]","[-0.0509648323059082, -0.012701243162155151, -0.05142563581466675, -0.07516038417816162]"
24344.0,2006-06-01T00:00:00.000000000,"[-2.1968863010406494, -2.284895181655884, -2.328899383544922, -2.526918411254883]","[-1.9305499792099, -1.9126023054122925, -1.842470645904541, -1.8755184412002563]"
24344.0,2006-09-01T00:00:00.000000000,"[-2.284895181655884, -2.328899383544922, -2.526918411254883, -1.8888564109802246]","[-1.7356948852539062, -1.5758697986602783, -1.731762170791626, -1.8116954565048218]"
24344.0,2006-12-01T00:00:00.000000000,"[-2.328899383544922, -2.526918411254883, -1.8888564109802246, -0.9867687225341797]","[-1.9452961683273315, -2.4146981239318848, -2.32834792137146, -2.1288232803344727]"
24344.0,2007-03-01T00:00:00.000000000,"[-2.526918411254883, -1.8888564109802246, -0.9867687225341797, -0.3267045319080353]","[-2.122213840484619, -2.004392385482788, -1.898233413696289, -1.4974040985107422]"
24344.0,2007-06-01T00:00:00.000000000,"[-1.8888564109802246, -0.9867687225341797, -0.3267045319080353, -0.5027216672897339]","[-2.1921350955963135, -2.1576387882232666, -2.1198458671569824, -2.0501532554626465]"
24344.0,2007-09-01T00:00:00.000000000,"[-0.9867687225341797, -0.3267045319080353, -0.5027216672897339, -0.1726895570755005]","[-2.023247718811035, -2.0022895336151123, -1.9593210220336914, -1.9372522830963135]"
24344.0,2007-12-01T00:00:00.000000000,"[-0.3267045319080353, -0.5027216672897339, -0.1726895570755005, -0.3487066924571991]","[-1.2381765842437744, -1.638468861579895, -1.4139766693115234, -0.8634078502655029]"
24344.0,2008-03-01T00:00:00.000000000,"[-0.5027216672897339, -0.1726895570755005, -0.3487066924571991, 0.06933397799730301]","[-1.2187039852142334, -1.0428004264831543, -0.7004786729812622, -0.21437931060791016]"
24344.0,2008-06-01T00:00:00.000000000,"[-0.1726895570755005, -0.3487066924571991, 0.06933397799730301, 0.20134682953357697]","[-0.8915987610816956, -0.7797151803970337, -0.5198901891708374, -0.6953297853469849]"
24344.0,2008-09-01T00:00:00.000000000,"[-0.3487066924571991, 0.06933397799730301, 0.20134682953357697, 0.15734252333641052]","[-0.6071051359176636, -0.09915196895599365, -0.6547888517379761, -0.9468669295310974]"
24344.0,2008-12-01T00:00:00.000000000,"[0.06933397799730301, 0.20134682953357697, 0.15734252333641052, 0.4653724431991577]","[0.06614375114440918, -0.8717262148857117, -0.3621586561203003, -0.20024728775024414]"
24344.0,2009-03-01T00:00:00.000000000,"[0.20134682953357697, 0.15734252333641052, 0.4653724431991577, 0.6413896679878235]","[-0.6286680698394775, -0.4726073741912842, -0.015053272247314453, 0.24515199661254883]"
24344.0,2009-06-01T00:00:00.000000000,"[0.15734252333641052, 0.4653724431991577, 0.6413896679878235, 0.9714217185974121]","[-0.2552238702774048, -0.1793276071548462, 0.33692824840545654, 0.10827434062957764]"
24344.0,2009-09-01T00:00:00.000000000,"[0.4653724431991577, 0.6413896679878235, 0.9714217185974121, 1.3674603700637817]","[0.1843510866165161, 0.704319953918457, 0.26018524169921875, 0.0982666015625]"
24344.0,2009-12-01T00:00:00.000000000,"[0.6413896679878235, 0.9714217185974121, 1.3674603700637817, 1.6974923610687256]","[0.9136166572570801, 0.24524939060211182, 0.5216503143310547, 0.8523938655853271]"
24344.0,2010-03-01T00:00:00.000000000,"[0.9714217185974121, 1.3674603700637817, 1.6974923610687256, 2.1595370769500732]","[-0.08365035057067871, 0.08422315120697021, 0.624788761138916, 0.8683586120605469]"
24344.0,2010-06-01T00:00:00.000000000,"[1.3674603700637817, 1.6974923610687256, 2.1595370769500732, 1.8075029850006104]","[0.3837999105453491, 0.8021398782730103, 0.8849500417709351, 0.6338825225830078]"
24344.0,2010-09-01T00:00:00.000000000,"[1.6974923610687256, 2.1595370769500732, 1.8075029850006104, 2.071528673171997]","[1.1787291765213013, 1.714495062828064, 1.0597602128982544, 0.7624106407165527]"
24344.0,2010-12-01T00:00:00.000000000,"[2.1595370769500732, 1.8075029850006104, 2.071528673171997, 2.0055222511291504]","[1.6693590879440308, 1.324200987815857, 1.126013159751892, 1.1612924337387085]"
24344.0,2011-03-01T00:00:00.000000000,"[1.8075029850006104, 2.071528673171997, 2.0055222511291504, 3.0396230220794678]","[1.3381311893463135, 1.1170330047607422, 1.364150047302246, 1.447861909866333]"
24344.0,2011-06-01T00:00:00.000000000,"[2.071528673171997, 2.0055222511291504, 3.0396230220794678, 4.931806564331055]","[1.2386982440948486, 1.8003885746002197, 1.6627247333526611, 1.1268024444580078]"
24344.0,2011-09-01T00:00:00.000000000,"[2.0055222511291504, 3.0396230220794678, 4.931806564331055, 5.0418171882629395]","[1.8630123138427734, 2.599844217300415, 1.4144777059555054, 0.9592670202255249]"
24344.0,2011-12-01T00:00:00.000000000,"[3.0396230220794678, 4.931806564331055, 5.0418171882629395, 5.107824325561523]","[1.592348575592041, 1.314239263534546, 0.8088567852973938, 0.8313689827919006]"
24344.0,2012-03-01T00:00:00.000000000,"[4.931806564331055, 5.0418171882629395, 5.107824325561523, 4.82179594039917]","[0.9071069955825806, 1.3525086641311646, 1.2711107730865479, 1.098984956741333]"
24344.0,2012-06-01T00:00:00.000000000,"[5.0418171882629395, 5.107824325561523, 4.82179594039917, 5.855896949768066]","[1.7108367681503296, 2.840555429458618, 2.2422358989715576, 1.6003707647323608]"
24344.0,2012-09-01T00:00:00.000000000,"[5.107824325561523, 4.82179594039917, 5.855896949768066, 6.1419243812561035]","[3.234222888946533, 3.398514747619629, 2.336068868637085, 2.1172800064086914]"
24344.0,2012-12-01T00:00:00.000000000,"[4.82179594039917, 5.855896949768066, 6.1419243812561035, 7.132020950317383]","[4.320120811462402, 3.27152681350708, 2.5681138038635254, 2.448878765106201]"
24344.0,2013-03-01T00:00:00.000000000,"[5.855896949768066, 6.1419243812561035, 7.132020950317383, 6.713980197906494]","[4.609602928161621, 2.841111898422241, 2.774078607559204, 3.119356155395508]"
24468.0,2006-06-01T00:00:00.000000000,"[6.647973537445068, 7.660072326660156, 8.298134803771973, 7.704076290130615]","[4.704410552978516, 4.08221960067749, 4.034626483917236, 4.248256683349609]"
24468.0,2006-09-01T00:00:00.000000000,"[7.660072326660156, 8.298134803771973, 7.704076290130615, 8.584161758422852]","[5.901215076446533, 4.897100448608398, 4.846184253692627, 5.573837757110596]"
24468.0,2006-12-01T00:00:00.000000000,"[8.298134803771973, 7.704076290130615, 8.584161758422852, 9.156217575073242]","[6.185642719268799, 5.208165168762207, 5.361600875854492, 6.185747146606445]"
24468.0,2007-03-01T00:00:00.000000000,"[7.704076290130615, 8.584161758422852, 9.156217575073242, 9.20022201538086]","[6.566795349121094, 5.834999084472656, 5.624758720397949, 6.189772605895996]"
24468.0,2007-06-01T00:00:00.000000000,"[8.584161758422852, 9.156217575073242, 9.20022201538086, 9.838284492492676]","[7.187467098236084, 5.71800422668457, 5.694867134094238, 6.139406204223633]"
24468.0,2007-09-01T00:00:00.000000000,"[9.156217575073242, 9.20022201538086, 9.838284492492676, 10.762373924255371]","[8.305268287658691, 6.385976314544678, 6.5944671630859375, 7.509233474731445]"
24468.0,2007-12-01T00:00:00.000000000,"[9.20022201538086, 9.838284492492676, 10.762373924255371, 10.718369483947754]","[8.77087688446045, 6.744550704956055, 7.386293411254883, 8.406970024108887]"
24468.0,2008-03-01T00:00:00.000000000,"[9.838284492492676, 10.762373924255371, 10.718369483947754, 10.388337135314941]","[8.665481567382812, 7.602195739746094, 7.587240219116211, 8.272825241088867]"
24468.0,2008-06-01T00:00:00.000000000,"[10.762373924255371, 10.718369483947754, 10.388337135314941, 10.740371704101562]","[9.931868553161621, 8.156423568725586, 8.15932846069336, 8.745145797729492]"
24468.0,2008-09-01T00:00:00.000000000,"[10.718369483947754, 10.388337135314941, 10.740371704101562, 10.388337135314941]","[10.886565208435059, 8.736026763916016, 8.854663848876953, 9.83930492401123]"
24468.0,2008-12-01T00:00:00.000000000,"[10.388337135314941, 10.740371704101562, 10.388337135314941, 13.182609558105469]","[10.705387115478516, 8.586097717285156, 9.272649765014648, 10.292901039123535]"
24468.0,2009-03-01T00:00:00.000000000,"[10.740371704101562, 10.388337135314941, 13.182609558105469, 10.872385025024414]","[10.57027816772461, 9.385440826416016, 9.735036849975586, 10.247687339782715]"
24468.0,2009-06-01T00:00:00.000000000,"[10.388337135314941, 13.182609558105469, 10.872385025024414, 12.610553741455078]","[11.570266723632812, 10.225675582885742, 10.069793701171875, 10.591039657592773]"
24468.0,2009-09-01T00:00:00.000000000,"[13.182609558105469, 10.872385025024414, 12.610553741455078, 12.060501098632812]","[11.932350158691406, 9.917383193969727, 10.381248474121094, 10.914402961730957]"
24468.0,2009-12-01T00:00:00.000000000,"[10.872385025024414, 12.610553741455078, 12.060501098632812, 15.580842971801758]","[12.489081382751465, 11.139127731323242, 11.500480651855469, 12.66270923614502]"
24468.0,2010-03-01T00:00:00.000000000,"[12.610553741455078, 12.060501098632812, 15.580842971801758, 14.678754806518555]","[11.62092399597168, 10.548588752746582, 11.32374382019043, 11.354287147521973]"
24468.0,2010-06-01T00:00:00.000000000,"[12.060501098632812, 15.580842971801758, 14.678754806518555, 14.656752586364746]","[12.48495101928711, 12.92508316040039, 12.059432983398438, 12.156152725219727]"
24468.0,2010-09-01T00:00:00.000000000,"[15.580842971801758, 14.678754806518555, 14.656752586364746, 19.431217193603516]","[13.362154006958008, 11.4293212890625, 11.69737434387207, 12.043285369873047]"
24468.0,2010-12-01T00:00:00.000000000,"[14.678754806518555, 14.656752586364746, 19.431217193603516, 19.475223541259766]","[13.78122329711914, 13.334080696105957, 13.569787979125977, 14.589957237243652]"
24468.0,2011-03-01T00:00:00.000000000,"[14.656752586364746, 19.431217193603516, 19.475223541259766, 17.649045944213867]","[13.912148475646973, 13.222541809082031, 13.758578300476074, 13.650829315185547]"
24468.0,2011-06-01T00:00:00.000000000,"[19.431217193603516, 19.475223541259766, 17.649045944213867, 19.409217834472656]","[14.0587158203125, 14.973472595214844, 13.822928428649902, 13.586130142211914]"
24468.0,2011-09-01T00:00:00.000000000,"[19.475223541259766, 17.649045944213867, 19.409217834472656, 18.74915313720703]","[18.444692611694336, 15.660229682922363, 15.55125617980957, 16.738208770751953]"
24468.0,2011-12-01T00:00:00.000000000,"[17.649045944213867, 19.409217834472656, 18.74915313720703, 9.376238822937012]","[17.464046478271484, 15.61104965209961, 16.36417579650879, 17.547386169433594]"
24468.0,2012-03-01T00:00:00.000000000,"[19.409217834472656, 18.74915313720703, 9.376238822937012, 11.048401832580566]","[16.691783905029297, 16.534706115722656, 16.74612808227539, 16.34879493713379]"
24468.0,2012-06-01T00:00:00.000000000,"[18.74915313720703, 9.376238822937012, 11.048401832580566, 11.79647445678711]","[19.260108947753906, 18.265533447265625, 17.14911651611328, 17.371044158935547]"
24468.0,2012-09-01T00:00:00.000000000,"[9.376238822937012, 11.048401832580566, 11.79647445678711, 9.794280052185059]","[20.840150833129883, 17.542905807495117, 17.7144775390625, 18.37029266357422]"
24468.0,2012-12-01T00:00:00.000000000,"[11.048401832580566, 11.79647445678711, 9.794280052185059, 6.757984638214111]","[14.167295455932617, 14.334968566894531, 15.701181411743164, 15.088415145874023]"
24617.0,2006-06-01T00:00:00.000000000,"[0.5606417655944824, 0.6193875670433044, 0.4873746931552887, 0.37010324001312256]","[0.24700644612312317, 0.18343061208724976, 0.030312418937683105, -0.007553562521934509]"
24617.0,2006-09-01T00:00:00.000000000,"[0.6193875670433044, 0.4873746931552887, 0.37010324001312256, 0.7661417722702026]","[0.5711181163787842, 0.19746090471744537, 0.14162559807300568, 0.36956173181533813]"
24617.0,2006-12-01T00:00:00.000000000,"[0.4873746931552887, 0.37010324001312256, 0.7661417722702026, 0.7514004111289978]","[0.2995920181274414, 0.13936901092529297, 0.3875424861907959, 0.3766709566116333]"
24617.0,2007-03-01T00:00:00.000000000,"[0.37010324001312256, 0.7661417722702026, 0.7514004111289978, 0.5461203455924988]","[0.12996961176395416, 0.42297667264938354, 0.5018262267112732, 0.18808452785015106]"
24617.0,2007-06-01T00:00:00.000000000,"[0.7661417722702026, 0.7514004111289978, 0.5461203455924988, 0.35536178946495056]","[0.5360491871833801, 0.3900997042655945, 0.23300372064113617, 0.17859967052936554]"
24617.0,2007-09-01T00:00:00.000000000,"[0.7514004111289978, 0.5461203455924988, 0.35536178946495056, 0.7366588711738586]","[0.8541953563690186, 0.4101898968219757, 0.3753318786621094, 0.6029868721961975]"
24617.0,2007-12-01T00:00:00.000000000,"[0.5461203455924988, 0.35536178946495056, 0.7366588711738586, 0.8101460337638855]","[0.5868816375732422, 0.30919182300567627, 0.5368252992630005, 0.6609768867492676]"
24617.0,2008-03-01T00:00:00.000000000,"[0.35536178946495056, 0.7366588711738586, 0.8101460337638855, 0.5166375637054443]","[0.3701320290565491, 0.6111637353897095, 0.6274327039718628, 0.43380552530288696]"
24617.0,2008-06-01T00:00:00.000000000,"[0.7366588711738586, 0.8101460337638855, 0.5166375637054443, 0.4726331830024719]","[0.6831539273262024, 0.5803263783454895, 0.43118590116500854, 0.3319374918937683]"
24617.0,2008-09-01T00:00:00.000000000,"[0.8101460337638855, 0.5166375637054443, 0.4726331830024719, 1.0446888208389282]","[0.9414836168289185, 0.5495020151138306, 0.5397117137908936, 0.7443673610687256]"
24617.0,2008-12-01T00:00:00.000000000,"[0.5166375637054443, 0.4726331830024719, 1.0446888208389282, 1.1181758642196655]","[0.6567762494087219, 0.5022780895233154, 0.7383769750595093, 0.8451642990112305]"
24617.0,2009-03-01T00:00:00.000000000,"[0.4726331830024719, 1.0446888208389282, 1.1181758642196655, 1.0446888208389282]","[0.5589807629585266, 0.7415634393692017, 0.6950549483299255, 0.6057286262512207]"
24617.0,2009-06-01T00:00:00.000000000,"[1.0446888208389282, 1.1181758642196655, 1.0446888208389282, 1.2501888275146484]","[0.729529619216919, 0.8367152214050293, 0.5888732671737671, 0.4455172121524811]"
24617.0,2009-09-01T00:00:00.000000000,"[1.1181758642196655, 1.0446888208389282, 1.2501888275146484, 2.21828293800354]","[1.1216142177581787, 0.7518659234046936, 0.7267005443572998, 0.9371498823165894]"
24617.0,2009-12-01T00:00:00.000000000,"[1.0446888208389282, 1.2501888275146484, 2.21828293800354, 2.4088215827941895]","[0.831255316734314, 0.7414636015892029, 0.9996742010116577, 1.1100982427597046]"
24617.0,2010-03-01T00:00:00.000000000,"[1.2501888275146484, 2.21828293800354, 2.4088215827941895, 2.1595370769500732]","[0.8556581735610962, 1.1441965103149414, 0.996540904045105, 0.9259277582168579]"
24617.0,2010-06-01T00:00:00.000000000,"[2.21828293800354, 2.4088215827941895, 2.1595370769500732, 1.7047529220581055]","[1.3483744859695435, 1.3382033109664917, 0.9924100041389465, 0.8955210447311401]"
24617.0,2010-09-01T00:00:00.000000000,"[2.4088215827941895, 2.1595370769500732, 1.7047529220581055, 2.4675674438476562]","[1.9357192516326904, 1.3784174919128418, 1.3036240339279175, 1.7761579751968384]"
24617.0,2010-12-01T00:00:00.000000000,"[2.1595370769500732, 1.7047529220581055, 2.4675674438476562, 2.3062915802001953]","[1.680065631866455, 1.2717033624649048, 1.6002888679504395, 1.9523792266845703]"
24617.0,2011-03-01T00:00:00.000000000,"[1.7047529220581055, 2.4675674438476562, 2.3062915802001953, 1.9395159482955933]","[1.3800075054168701, 1.6927978992462158, 1.7570903301239014, 1.547432541847229]"
24617.0,2011-06-01T00:00:00.000000000,"[2.4675674438476562, 2.3062915802001953, 1.9395159482955933, 1.8735092878341675]","[2.017076253890991, 1.5906529426574707, 1.4300553798675537, 1.4581170082092285]"
24617.0,2011-09-01T00:00:00.000000000,"[2.3062915802001953, 1.9395159482955933, 1.8735092878341675, 2.0495264530181885]","[2.677698850631714, 1.7737553119659424, 1.8437209129333496, 2.4025380611419678]"
24617.0,2011-12-01T00:00:00.000000000,"[1.9395159482955933, 1.8735092878341675, 2.0495264530181885, 3.0616250038146973]","[2.2008302211761475, 1.5314435958862305, 2.0005786418914795, 2.3361704349517822]"
24617.0,2012-03-01T00:00:00.000000000,"[1.8735092878341675, 2.0495264530181885, 3.0616250038146973, 2.8416035175323486]","[1.714461326599121, 2.0762057304382324, 2.0219860076904297, 1.9167494773864746]"
24617.0,2012-06-01T00:00:00.000000000,"[2.0495264530181885, 3.0616250038146973, 2.8416035175323486, 3.0396230220794678]","[2.560133934020996, 2.125120162963867, 1.9790565967559814, 1.96445894241333]"
24617.0,2012-09-01T00:00:00.000000000,"[3.0616250038146973, 2.8416035175323486, 3.0396230220794678, 4.381753444671631]","[2.696153163909912, 2.000217914581299, 2.0427260398864746, 2.4481353759765625]"
24617.0,2012-12-01T00:00:00.000000000,"[2.8416035175323486, 3.0396230220794678, 4.381753444671631, 4.733787536621094]","[2.6036064624786377, 2.0953948497772217, 2.545963764190674, 3.0109872817993164]"
24617.0,2013-03-01T00:00:00.000000000,"[3.0396230220794678, 4.381753444671631, 4.733787536621094, 4.601775169372559]","[2.354951858520508, 2.6602625846862793, 2.7916603088378906, 2.6904542446136475]"
24856.0,2006-06-01T00:00:00.000000000,"[4.491764068603516, 3.8096976280212402, 4.645779132843018, 5.76788854598999]","[1.2478145360946655, 1.0160942077636719, 1.044599175453186, 1.6057096719741821]"
24856.0,2006-09-01T00:00:00.000000000,"[3.8096976280212402, 4.645779132843018, 5.76788854598999, 6.229933261871338]","[2.0485002994537354, 1.762058138847351, 1.4509963989257812, 2.084521532058716]"
24856.0,2006-12-01T00:00:00.000000000,"[4.645779132843018, 5.76788854598999, 6.229933261871338, 6.38394832611084]","[1.8533025979995728, 1.8033156394958496, 1.6411266326904297, 1.3479335308074951]"
24856.0,2007-03-01T00:00:00.000000000,"[5.76788854598999, 6.229933261871338, 6.38394832611084, 6.603969573974609]","[2.9137706756591797, 2.329948902130127, 1.6997761726379395, 1.9437241554260254]"
24856.0,2007-06-01T00:00:00.000000000,"[6.229933261871338, 6.38394832611084, 6.603969573974609, 5.965907573699951]","[4.28800630569458, 2.732983112335205, 2.469299793243408, 3.056854724884033]"
24856.0,2007-09-01T00:00:00.000000000,"[6.38394832611084, 6.603969573974609, 5.965907573699951, 6.075918197631836]","[4.473590850830078, 3.5334081649780273, 3.1444852352142334, 3.807366132736206]"
24856.0,2007-12-01T00:00:00.000000000,"[6.603969573974609, 5.965907573699951, 6.075918197631836, 5.349847793579102]","[4.894064426422119, 4.0198750495910645, 3.661065101623535, 3.9709529876708984]"
24856.0,2008-03-01T00:00:00.000000000,"[5.965907573699951, 6.075918197631836, 5.349847793579102, 5.239837169647217]","[5.855833053588867, 4.407393455505371, 3.982667922973633, 4.496979236602783]"
24856.0,2008-06-01T00:00:00.000000000,"[6.075918197631836, 5.349847793579102, 5.239837169647217, 4.20573616027832]","[6.286129474639893, 4.263425827026367, 4.303797245025635, 4.911327838897705]"
24856.0,2008-09-01T00:00:00.000000000,"[5.349847793579102, 5.239837169647217, 4.20573616027832, 4.931806564331055]","[6.248164176940918, 4.768436908721924, 4.971208572387695, 5.639822483062744]"
24856.0,2008-12-01T00:00:00.000000000,"[5.239837169647217, 4.20573616027832, 4.931806564331055, 4.2937445640563965]","[6.116933822631836, 4.869920253753662, 5.074575424194336, 5.4078521728515625]"
24856.0,2009-03-01T00:00:00.000000000,"[4.20573616027832, 4.931806564331055, 4.2937445640563965, 3.21563982963562]","[6.270606517791748, 5.395900726318359, 5.238153457641602, 5.433194160461426]"
24856.0,2009-06-01T00:00:00.000000000,"[4.931806564331055, 4.2937445640563965, 3.21563982963562, 2.5555758476257324]","[5.870162487030029, 4.744081020355225, 5.077195167541504, 5.200228691101074]"
24856.0,2009-09-01T00:00:00.000000000,"[4.2937445640563965, 3.21563982963562, 2.5555758476257324, 3.5016677379608154]","[5.458451271057129, 5.156398296356201, 5.659906387329102, 5.950626373291016]"
24856.0,2009-12-01T00:00:00.000000000,"[3.21563982963562, 2.5555758476257324, 3.5016677379608154, 3.3476529121398926]","[4.979244709014893, 4.765273571014404, 5.4397664070129395, 5.360612869262695]"
24856.0,2010-03-01T00:00:00.000000000,"[2.5555758476257324, 3.5016677379608154, 3.3476529121398926, 2.4675674438476562]","[4.215889930725098, 4.685159683227539, 5.016117572784424, 4.785856246948242]"
24856.0,2010-06-01T00:00:00.000000000,"[3.5016677379608154, 3.3476529121398926, 2.4675674438476562, 3.171635627746582]","[3.8102989196777344, 3.540393352508545, 4.299866676330566, 4.280309677124023]"
24856.0,2010-09-01T00:00:00.000000000,"[3.3476529121398926, 2.4675674438476562, 3.171635627746582, 3.3036487102508545]","[3.443164825439453, 3.697183609008789, 4.356810569763184, 4.623751640319824]"
24856.0,2010-12-01T00:00:00.000000000,"[2.4675674438476562, 3.171635627746582, 3.3036487102508545, 3.1496336460113525]","[3.668836832046509, 3.8825936317443848, 4.536362171173096, 4.750749588012695]"
24856.0,2011-03-01T00:00:00.000000000,"[3.171635627746582, 3.3036487102508545, 3.1496336460113525, 2.1595370769500732]","[3.4341535568237305, 3.599869966506958, 4.129355430603027, 4.257593631744385]"
24856.0,2011-06-01T00:00:00.000000000,"[3.3036487102508545, 3.1496336460113525, 2.1595370769500732, 2.9956183433532715]","[3.174649953842163, 3.339540958404541, 3.7579731941223145, 3.8955249786376953]"
24856.0,2011-09-01T00:00:00.000000000,"[3.1496336460113525, 2.1595370769500732, 2.9956183433532715, 1.7414965629577637]","[2.717130661010742, 2.9044244289398193, 3.2157955169677734, 3.652791976928711]"
24856.0,2011-12-01T00:00:00.000000000,"[2.1595370769500732, 2.9956183433532715, 1.7414965629577637, 3.9417104721069336]","[3.436174154281616, 3.598961591720581, 3.951043128967285, 4.341078281402588]"
24856.0,2012-03-01T00:00:00.000000000,"[2.9956183433532715, 1.7414965629577637, 3.9417104721069336, 4.117727756500244]","[3.2470226287841797, 3.332641839981079, 3.54630446434021, 3.728656053543091]"
24856.0,2012-06-01T00:00:00.000000000,"[1.7414965629577637, 3.9417104721069336, 4.117727756500244, 3.875704050064087]","[2.938340425491333, 2.97286319732666, 3.032714605331421, 3.1193573474884033]"
24856.0,2012-09-01T00:00:00.000000000,"[3.9417104721069336, 4.117727756500244, 3.875704050064087, 3.4136593341827393]","[2.508512258529663, 2.5774550437927246, 2.646285057067871, 2.775205612182617]"
24856.0,2012-12-01T00:00:00.000000000,"[4.117727756500244, 3.875704050064087, 3.4136593341827393, 5.129826545715332]","[3.624007225036621, 3.6478474140167236, 3.7225093841552734, 3.8623576164245605]"
24856.0,2013-03-01T00:00:00.000000000,"[3.875704050064087, 3.4136593341827393, 5.129826545715332, 0.8174067735671997]","[4.002542018890381, 4.003105163574219, 4.093139171600342, 4.202872276306152]"
24925.0,2006-06-01T00:00:00.000000000,"[2.7315926551818848, 2.7095906734466553, 3.369654893875122, 2.7095906734466553]","[2.5565133094787598, 2.411390781402588, 2.5833630561828613, 2.4247217178344727]"
24925.0,2006-09-01T00:00:00.000000000,"[2.7095906734466553, 3.369654893875122, 2.7095906734466553, 3.0396230220794678]","[2.750731945037842, 2.896512746810913, 2.4618568420410156, 2.593046188354492]"
24925.0,2006-12-01T00:00:00.000000000,"[3.369654893875122, 2.7095906734466553, 3.0396230220794678, 2.8416035175323486]","[3.3050618171691895, 2.3520705699920654, 2.583707332611084, 2.749140739440918]"
24925.0,2007-03-01T00:00:00.000000000,"[2.7095906734466553, 3.0396230220794678, 2.8416035175323486, 3.3036487102508545]","[2.777164936065674, 2.794420003890991, 2.8743696212768555, 3.2956695556640625]"
24925.0,2007-06-01T00:00:00.000000000,"[3.0396230220794678, 2.8416035175323486, 3.3036487102508545, 2.5995800495147705]","[2.866206645965576, 2.677452325820923, 2.9242262840270996, 2.749706745147705]"
24925.0,2007-09-01T00:00:00.000000000,"[2.8416035175323486, 3.3036487102508545, 2.5995800495147705, 2.7315926551818848]","[3.00478458404541, 3.341642379760742, 2.829070568084717, 2.9182791709899902]"
24925.0,2007-12-01T00:00:00.000000000,"[3.3036487102508545, 2.5995800495147705, 2.7315926551818848, 2.929612159729004]","[3.5436010360717773, 2.602494955062866, 2.8445706367492676, 2.9283103942871094]"
24925.0,2008-03-01T00:00:00.000000000,"[2.5995800495147705, 2.7315926551818848, 2.929612159729004, 3.3916571140289307]","[2.8107709884643555, 2.9956626892089844, 3.088242530822754, 3.3887410163879395]"
24925.0,2008-06-01T00:00:00.000000000,"[2.7315926551818848, 2.929612159729004, 3.3916571140289307, 3.9417104721069336]","[2.839437961578369, 2.8462467193603516, 3.1030609607696533, 2.8160219192504883]"
24925.0,2008-09-01T00:00:00.000000000,"[2.929612159729004, 3.3916571140289307, 3.9417104721069336, 4.227738380432129]","[2.787364959716797, 3.4286179542541504, 2.8830013275146484, 2.83048415184021]"
24925.0,2008-12-01T00:00:00.000000000,"[3.3916571140289307, 3.9417104721069336, 4.227738380432129, 4.491764068603516]","[3.421116828918457, 2.7416887283325195, 2.9391236305236816, 2.9221091270446777]"
24925.0,2009-03-01T00:00:00.000000000,"[3.9417104721069336, 4.227738380432129, 4.491764068603516, 5.239837169647217]","[2.807279109954834, 3.0352563858032227, 3.2269935607910156, 3.4300780296325684]"
24925.0,2009-06-01T00:00:00.000000000,"[4.227738380432129, 4.491764068603516, 5.239837169647217, 5.0418171882629395]","[3.2965621948242188, 3.5492067337036133, 3.709606170654297, 3.473841428756714]"
24925.0,2009-09-01T00:00:00.000000000,"[4.491764068603516, 5.239837169647217, 5.0418171882629395, 5.6578779220581055]","[3.662177085876465, 4.248644828796387, 3.5727689266204834, 3.5784740447998047]"
24925.0,2009-12-01T00:00:00.000000000,"[5.239837169647217, 5.0418171882629395, 5.6578779220581055, 6.097919940948486]","[4.602212905883789, 3.870988607406616, 3.8081042766571045, 3.8443527221679688]"
24925.0,2010-03-01T00:00:00.000000000,"[5.0418171882629395, 5.6578779220581055, 6.097919940948486, 6.38394832611084]","[4.232898712158203, 4.08041524887085, 4.1160969734191895, 4.5683393478393555]"
24925.0,2010-06-01T00:00:00.000000000,"[5.6578779220581055, 6.097919940948486, 6.38394832611084, 6.559965133666992]","[4.543332099914551, 4.2675347328186035, 4.512137413024902, 4.377347469329834]"
24925.0,2010-09-01T00:00:00.000000000,"[6.097919940948486, 6.38394832611084, 6.559965133666992, 6.053915977478027]","[4.987924575805664, 5.2111310958862305, 4.508254051208496, 4.707192420959473]"
24925.0,2010-12-01T00:00:00.000000000,"[6.38394832611084, 6.559965133666992, 6.053915977478027, 6.537962913513184]","[6.312520980834961, 4.841351509094238, 4.913222312927246, 5.323368072509766]"
24925.0,2011-03-01T00:00:00.000000000,"[6.559965133666992, 6.053915977478027, 6.537962913513184, 6.757984638214111]","[5.562777519226074, 4.988176345825195, 5.1213274002075195, 5.802824974060059]"
24925.0,2011-06-01T00:00:00.000000000,"[6.053915977478027, 6.537962913513184, 6.757984638214111, 6.00991153717041]","[6.114468574523926, 5.3754777908325195, 5.664589881896973, 5.853078842163086]"
24925.0,2011-09-01T00:00:00.000000000,"[6.537962913513184, 6.757984638214111, 6.00991153717041, 5.76788854598999]","[6.182304382324219, 5.859774589538574, 5.536170959472656, 5.8980607986450195]"
24925.0,2011-12-01T00:00:00.000000000,"[6.757984638214111, 6.00991153717041, 5.76788854598999, 6.273937702178955]","[7.3470139503479, 5.769214153289795, 6.006361961364746, 6.487057685852051]"
24925.0,2012-03-01T00:00:00.000000000,"[6.00991153717041, 5.76788854598999, 6.273937702178955, 7.132020950317383]","[6.709491729736328, 5.853201389312744, 6.124636173248291, 6.815633773803711]"
24925.0,2012-06-01T00:00:00.000000000,"[5.76788854598999, 6.273937702178955, 7.132020950317383, 7.220029354095459]","[6.5348358154296875, 5.930137634277344, 6.347289085388184, 6.36879825592041]"
24925.0,2012-09-01T00:00:00.000000000,"[6.273937702178955, 7.132020950317383, 7.220029354095459, 7.57206392288208]","[6.470363140106201, 6.482656478881836, 6.210136413574219, 6.339491844177246]"
24925.0,2012-12-01T00:00:00.000000000,"[7.132020950317383, 7.220029354095459, 7.57206392288208, 7.902095794677734]","[7.357539176940918, 6.283308506011963, 6.454704761505127, 6.7517547607421875]"
24925.0,2013-03-01T00:00:00.000000000,"[7.220029354095459, 7.57206392288208, 7.902095794677734, 7.506057262420654]","[6.806029319763184, 6.516940116882324, 6.71221399307251, 7.300568580627441]"
24975.0,2005-06-01T00:00:00.000000000,"[0.7293981313705444, 0.7293981313705444, 0.7073960304260254, 1.0594303607940674]","[0.5117843747138977, 0.5876556634902954, 0.5017510652542114, 0.5004783868789673]"
24975.0,2005-09-01T00:00:00.000000000,"[0.7293981313705444, 0.7073960304260254, 1.0594303607940674, 0.7954046130180359]","[0.6011967658996582, 0.593704104423523, 0.6507283449172974, 0.5746142268180847]"
24975.0,2005-12-01T00:00:00.000000000,"[0.7073960304260254, 1.0594303607940674, 0.7954046130180359, 0.6853939294815063]","[0.6094979047775269, 0.7464320659637451, 0.6472080945968628, 0.5067829489707947]"
24975.0,2006-03-01T00:00:00.000000000,"[1.0594303607940674, 0.7954046130180359, 0.6853939294815063, 0.7734025120735168]","[0.6181846857070923, 0.7127984762191772, 0.6458076238632202, 0.4744325876235962]"
24975.0,2006-06-01T00:00:00.000000000,"[0.7954046130180359, 0.6853939294815063, 0.7734025120735168, 0.7954046130180359]","[0.7843173742294312, 0.8000123500823975, 0.7685791254043579, 0.7661054730415344]"
24975.0,2006-09-01T00:00:00.000000000,"[0.6853939294815063, 0.7734025120735168, 0.7954046130180359, 1.0814324617385864]","[0.7147433757781982, 0.7604564428329468, 0.8373692035675049, 0.7096819877624512]"
24975.0,2006-12-01T00:00:00.000000000,"[0.7734025120735168, 0.7954046130180359, 1.0814324617385864, 0.9714217185974121]","[0.7380270957946777, 0.9109519720077515, 0.77309250831604, 0.6577537059783936]"
24975.0,2007-03-01T00:00:00.000000000,"[0.7954046130180359, 1.0814324617385864, 0.9714217185974121, 0.9934238195419312]","[0.8758498430252075, 0.8145160675048828, 0.7652033567428589, 0.6672515869140625]"
24975.0,2007-06-01T00:00:00.000000000,"[1.0814324617385864, 0.9714217185974121, 0.9934238195419312, 1.3674603700637817]","[0.7393507361412048, 0.7372639775276184, 0.7740151882171631, 0.7605007886886597]"
24975.0,2007-09-01T00:00:00.000000000,"[0.9714217185974121, 0.9934238195419312, 1.3674603700637817, 1.2354472875595093]","[0.840004563331604, 0.943940281867981, 1.006768822669983, 1.0013667345046997]"
24975.0,2007-12-01T00:00:00.000000000,"[0.9934238195419312, 1.3674603700637817, 1.2354472875595093, 1.323456048965454]","[0.882993757724762, 1.0554184913635254, 0.9835830926895142, 0.9140158891677856]"
24975.0,2008-03-01T00:00:00.000000000,"[1.3674603700637817, 1.2354472875595093, 1.323456048965454, 0.8174067735671997]","[1.0455726385116577, 1.0875663757324219, 0.9258055090904236, 0.9165900945663452]"
24975.0,2008-06-01T00:00:00.000000000,"[1.2354472875595093, 1.323456048965454, 0.8174067735671997, 1.7194944620132446]","[1.239675521850586, 1.0177032947540283, 1.06821608543396, 1.209006905555725]"
24975.0,2008-12-01T00:00:00.000000000,"[1.323456048965454, 0.8174067735671997, 1.7194944620132446, 1.6754902601242065]","[1.0964076519012451, 1.0650949478149414, 1.166485071182251, 1.1987849473953247]"
24975.0,2009-03-01T00:00:00.000000000,"[0.8174067735671997, 1.7194944620132446, 1.6754902601242065, 1.3894624710083008]","[1.1434874534606934, 1.2739298343658447, 1.1652021408081055, 1.1817899942398071]"
24975.0,2009-06-01T00:00:00.000000000,"[1.7194944620132446, 1.6754902601242065, 1.3894624710083008, 1.0154259204864502]","[1.1551218032836914, 0.9644639492034912, 0.9653922319412231, 0.9097989797592163]"
24975.0,2009-12-01T00:00:00.000000000,"[1.6754902601242065, 1.3894624710083008, 1.0154259204864502, 1.6754902601242065]","[1.51394522190094, 1.3249897956848145, 1.335115909576416, 1.527413010597229]"
24975.0,2010-03-01T00:00:00.000000000,"[1.3894624710083008, 1.0154259204864502, 1.6754902601242065, 1.8515071868896484]","[1.5447648763656616, 1.2141194343566895, 1.4790846109390259, 1.578688621520996]"
24975.0,2010-06-01T00:00:00.000000000,"[1.0154259204864502, 1.6754902601242065, 1.8515071868896484, 1.8955113887786865]","[1.2338852882385254, 1.4958608150482178, 1.3590525388717651, 1.3447587490081787]"
24975.0,2010-09-01T00:00:00.000000000,"[1.6754902601242065, 1.8515071868896484, 1.8955113887786865, 1.8295050859451294]","[1.445582628250122, 1.2302608489990234, 1.219740867614746, 1.1345609426498413]"
24975.0,2011-03-01T00:00:00.000000000,"[1.8515071868896484, 1.8955113887786865, 1.8295050859451294, 1.5214751958847046]","[1.7798850536346436, 1.537829875946045, 1.489236831665039, 1.7264546155929565]"
24975.0,2011-06-01T00:00:00.000000000,"[1.8955113887786865, 1.8295050859451294, 1.5214751958847046, 1.9835201501846313]","[1.6968504190444946, 1.3921418190002441, 1.6702523231506348, 1.8679485321044922]"
24975.0,2011-12-01T00:00:00.000000000,"[1.8295050859451294, 1.5214751958847046, 1.9835201501846313, 3.127631425857544]","[1.5400468111038208, 1.8841853141784668, 1.8029556274414062, 1.8252768516540527]"
24975.0,2012-03-01T00:00:00.000000000,"[1.5214751958847046, 1.9835201501846313, 3.127631425857544, 2.775597333908081]","[1.999828577041626, 1.870283842086792, 1.6700057983398438, 1.6161201000213623]"
24975.0,2012-06-01T00:00:00.000000000,"[1.9835201501846313, 3.127631425857544, 2.775597333908081, 2.6435842514038086]","[1.9170974493026733, 1.56892991065979, 1.5498002767562866, 1.7537460327148438]"
24975.0,2012-09-01T00:00:00.000000000,"[3.127631425857544, 2.775597333908081, 2.6435842514038086, 3.0396230220794678]","[1.8854472637176514, 1.6070916652679443, 1.9149699211120605, 2.10269832611084]"
24975.0,2012-12-01T00:00:00.000000000,"[2.775597333908081, 2.6435842514038086, 3.0396230220794678, 3.281646251678467]","[2.2706332206726074, 2.3723456859588623, 2.284933090209961, 2.641295909881592]"
24975.0,2013-03-01T00:00:00.000000000,"[2.6435842514038086, 3.0396230220794678, 3.281646251678467, 3.3036487102508545]","[2.5396957397460938, 2.3100204467773438, 2.1527481079101562, 2.2268271446228027]"
25124.0,2006-06-01T00:00:00.000000000,"[2.775597333908081, 2.8636057376861572, 2.7535951137542725, 2.4455649852752686]","[2.6624767780303955, 2.7325735092163086, 2.638935089111328, 2.4487171173095703]"
25124.0,2006-09-01T00:00:00.000000000,"[2.8636057376861572, 2.7535951137542725, 2.4455649852752686, 2.4895694255828857]","[2.6893365383148193, 2.811282157897949, 2.6758646965026855, 2.635674476623535]"
25124.0,2006-12-01T00:00:00.000000000,"[2.7535951137542725, 2.4455649852752686, 2.4895694255828857, 2.5115716457366943]","[2.755964994430542, 2.7335994243621826, 2.787299871444702, 2.7074880599975586]"
25124.0,2007-03-01T00:00:00.000000000,"[2.4455649852752686, 2.4895694255828857, 2.5115716457366943, 2.533573627471924]","[2.6173973083496094, 2.872201442718506, 2.7690277099609375, 2.654392719268799]"
25124.0,2007-06-01T00:00:00.000000000,"[2.4895694255828857, 2.5115716457366943, 2.533573627471924, 2.115532875061035]","[2.5931012630462646, 2.768148422241211, 2.6741013526916504, 2.4303579330444336]"
25124.0,2007-09-01T00:00:00.000000000,"[2.5115716457366943, 2.533573627471924, 2.115532875061035, 2.3575565814971924]","[2.5397861003875732, 2.690577983856201, 2.5917575359344482, 2.5035128593444824]"
25124.0,2007-12-01T00:00:00.000000000,"[2.533573627471924, 2.115532875061035, 2.3575565814971924, 2.4015607833862305]","[2.4887943267822266, 2.524935245513916, 2.6557769775390625, 2.55871844291687]"
25124.0,2008-03-01T00:00:00.000000000,"[2.115532875061035, 2.3575565814971924, 2.4015607833862305, 2.4015607833862305]","[2.551121234893799, 2.6253418922424316, 2.6899056434631348, 2.5965988636016846]"
25124.0,2008-06-01T00:00:00.000000000,"[2.3575565814971924, 2.4015607833862305, 2.4015607833862305, 2.313552141189575]","[2.494194269180298, 2.5368192195892334, 2.5762760639190674, 2.4147729873657227]"
25124.0,2008-09-01T00:00:00.000000000,"[2.4015607833862305, 2.4015607833862305, 2.313552141189575, 2.5115716457366943]","[2.379765748977661, 2.4172470569610596, 2.4473655223846436, 2.419279098510742]"
25124.0,2008-12-01T00:00:00.000000000,"[2.4015607833862305, 2.313552141189575, 2.5115716457366943, 2.5995800495147705]","[2.4129018783569336, 2.4168550968170166, 2.490861415863037, 2.444077491760254]"
25124.0,2009-03-01T00:00:00.000000000,"[2.313552141189575, 2.5115716457366943, 2.5995800495147705, 2.6435842514038086]","[2.470271587371826, 2.463931083679199, 2.5346975326538086, 2.452186346054077]"
25124.0,2009-06-01T00:00:00.000000000,"[2.5115716457366943, 2.5995800495147705, 2.6435842514038086, 2.929612159729004]","[2.485351800918579, 2.4686484336853027, 2.5299458503723145, 2.420931816101074]"
25124.0,2009-09-01T00:00:00.000000000,"[2.5995800495147705, 2.6435842514038086, 2.929612159729004, 3.083627223968506]","[2.4136457443237305, 2.4056637287139893, 2.4221200942993164, 2.420720338821411]"
25124.0,2009-12-01T00:00:00.000000000,"[2.6435842514038086, 2.929612159729004, 3.083627223968506, 3.017620801925659]","[2.498016834259033, 2.485384225845337, 2.5087671279907227, 2.4886474609375]"
25434.0,2006-06-01T00:00:00.000000000,"[0.047331858426332474, 0.11333828419446945, 0.17934469878673553, 0.025329740718007088]","[-0.110852912068367, -0.14316141605377197, 0.0010965168476104736, -0.12128426134586334]"
25434.0,2006-09-01T00:00:00.000000000,"[0.11333828419446945, 0.17934469878673553, 0.025329740718007088, 0.2233489453792572]","[-0.012952178716659546, 0.04774385690689087, -0.07181084156036377, -0.04638823866844177]"
25434.0,2006-12-01T00:00:00.000000000,"[0.17934469878673553, 0.025329740718007088, 0.2233489453792572, 0.2453511357307434]","[0.22617530822753906, -0.0503501296043396, -0.0046828389167785645, 0.046359896659851074]"
25434.0,2007-03-01T00:00:00.000000000,"[0.025329740718007088, 0.2233489453792572, 0.2453511357307434, 0.3113575577735901]","[0.037259429693222046, 0.00307542085647583, 0.02459678053855896, 0.1321410834789276]"
25434.0,2007-06-01T00:00:00.000000000,"[0.2233489453792572, 0.2453511357307434, 0.3113575577735901, 0.15734252333641052]","[0.02378210425376892, -0.030063092708587646, 0.08511710166931152, -0.00700068473815918]"
25434.0,2007-09-01T00:00:00.000000000,"[0.2453511357307434, 0.3113575577735901, 0.15734252333641052, 0.37736397981643677]","[0.15356627106666565, 0.20816347002983093, 0.07331147789955139, 0.11108532547950745]"
25434.0,2007-12-01T00:00:00.000000000,"[0.3113575577735901, 0.15734252333641052, 0.37736397981643677, 0.5313789248466492]","[0.37657618522644043, 0.06944240629673004, 0.1391865462064743, 0.19249488413333893]"
25434.0,2008-03-01T00:00:00.000000000,"[0.15734252333641052, 0.37736397981643677, 0.5313789248466492, 0.44337034225463867]","[0.1640547662973404, 0.15365074574947357, 0.18069182336330414, 0.280040979385376]"
25434.0,2008-06-01T00:00:00.000000000,"[0.37736397981643677, 0.5313789248466492, 0.44337034225463867, 0.2893553674221039]","[0.19293859601020813, 0.11836031079292297, 0.19579818844795227, 0.1336856186389923]"
25434.0,2008-09-01T00:00:00.000000000,"[0.5313789248466492, 0.44337034225463867, 0.2893553674221039, 0.5093768239021301]","[0.338641881942749, 0.37445276975631714, 0.24047410488128662, 0.28310203552246094]"
25434.0,2008-12-01T00:00:00.000000000,"[0.44337034225463867, 0.2893553674221039, 0.5093768239021301, 0.5093768239021301]","[0.6157171726226807, 0.28703573346138, 0.35888633131980896, 0.44167664647102356]"
25434.0,2009-03-01T00:00:00.000000000,"[0.2893553674221039, 0.5093768239021301, 0.5093768239021301, 0.575383186340332]","[0.3197852373123169, 0.32172274589538574, 0.3594260811805725, 0.43882089853286743]"
25434.0,2009-06-01T00:00:00.000000000,"[0.5093768239021301, 0.5093768239021301, 0.575383186340332, 0.4653724431991577]","[0.3528497517108917, 0.34161755442619324, 0.35340559482574463, 0.27153280377388]"
25434.0,2009-09-01T00:00:00.000000000,"[0.5093768239021301, 0.575383186340332, 0.4653724431991577, 0.6633917689323425]","[0.5460673570632935, 0.5356618762016296, 0.3943701386451721, 0.4477280378341675]"
25434.0,2009-12-01T00:00:00.000000000,"[0.575383186340332, 0.4653724431991577, 0.6633917689323425, 0.6633917689323425]","[0.6484361290931702, 0.4060226082801819, 0.47122907638549805, 0.531133770942688]"
25434.0,2010-03-01T00:00:00.000000000,"[0.4653724431991577, 0.6633917689323425, 0.6633917689323425, 0.7954046130180359]","[0.3844023048877716, 0.478292316198349, 0.4958169460296631, 0.5826749205589294]"
25434.0,2010-06-01T00:00:00.000000000,"[0.6633917689323425, 0.6633917689323425, 0.7954046130180359, 0.6193875670433044]","[0.5053380727767944, 0.49922680854797363, 0.5097913146018982, 0.4241715669631958]"
25434.0,2010-09-01T00:00:00.000000000,"[0.6633917689323425, 0.7954046130180359, 0.6193875670433044, 1.0154259204864502]","[0.6810518503189087, 0.7005312442779541, 0.5411551594734192, 0.5886915922164917]"
25434.0,2010-12-01T00:00:00.000000000,"[0.7954046130180359, 0.6193875670433044, 1.0154259204864502, 0.8394088745117188]","[0.7820602059364319, 0.5173467397689819, 0.5994754433631897, 0.6786933541297913]"
25434.0,2011-03-01T00:00:00.000000000,"[0.6193875670433044, 1.0154259204864502, 0.8394088745117188, 1.0374282598495483]","[0.5544498562812805, 0.6426786780357361, 0.6656525135040283, 0.7623882293701172]"
25434.0,2011-06-01T00:00:00.000000000,"[1.0154259204864502, 0.8394088745117188, 1.0374282598495483, 0.003327556187286973]","[0.6674860119819641, 0.6718993782997131, 0.6684839725494385, 0.5551649928092957]"
25434.0,2011-09-01T00:00:00.000000000,"[0.8394088745117188, 1.0374282598495483, 0.003327556187286973, -1.7128393650054932]","[0.9338111877441406, 0.9354802370071411, 0.7501208782196045, 0.8548327684402466]"
25434.0,2011-12-01T00:00:00.000000000,"[1.0374282598495483, 0.003327556187286973, -1.7128393650054932, 0.42136821150779724]","[0.9894173741340637, 0.6320621967315674, 0.7850152850151062, 0.8387413024902344]"
25434.0,2012-03-01T00:00:00.000000000,"[0.003327556187286973, -1.7128393650054932, 0.42136821150779724, 0.6413896679878235]","[0.7381777167320251, 0.907362699508667, 0.8735004663467407, 0.9688776731491089]"
25434.0,2012-06-01T00:00:00.000000000,"[-1.7128393650054932, 0.42136821150779724, 0.6413896679878235, 0.6633917689323425]","[0.5105726718902588, 0.4997493028640747, 0.601353108882904, 0.4190230965614319]"
25434.0,2012-09-01T00:00:00.000000000,"[0.42136821150779724, 0.6413896679878235, 0.6633917689323425, 1.5214751958847046]","[-0.35752999782562256, -0.30971604585647583, -0.28015756607055664, -0.20192675292491913]"
25434.0,2012-12-01T00:00:00.000000000,"[0.6413896679878235, 0.6633917689323425, 1.5214751958847046, 1.499472975730896]","[0.5490277409553528, 0.13133883476257324, 0.27708667516708374, 0.7794431447982788]"
25434.0,2013-03-01T00:00:00.000000000,"[0.6633917689323425, 1.5214751958847046, 1.499472975730896, 0.8834132552146912]","[0.3883228302001953, 0.5141672492027283, 0.6430199146270752, 1.1159776449203491]"
27928.0,2006-06-01T00:00:00.000000000,"[7.066014289855957, -0.722743034362793, -0.920762300491333, -0.8327537775039673]","[4.242190361022949, -0.7492696046829224, -0.7002576589584351, 0.6211675405502319]"
27928.0,2006-09-01T00:00:00.000000000,"[-0.722743034362793, -0.920762300491333, -0.8327537775039673, 5.569868564605713]","[0.9068822264671326, 1.6026482582092285, 2.377261161804199, 5.964059829711914]"
27928.0,2006-12-01T00:00:00.000000000,"[-0.920762300491333, -0.8327537775039673, 5.569868564605713, -0.8107516169548035]","[-1.1227731704711914, 0.8791407346725464, 7.008121967315674, -0.4561331868171692]"
27928.0,2007-03-01T00:00:00.000000000,"[-0.8327537775039673, 5.569868564605713, -0.8107516169548035, -0.5027216672897339]","[1.2598693370819092, 5.901581287384033, -0.9857661724090576, -1.065414309501648]"
27928.0,2007-06-01T00:00:00.000000000,"[5.569868564605713, -0.8107516169548035, -0.5027216672897339, -0.15068741142749786]","[4.868657112121582, -0.7274945974349976, -0.7213318347930908, 0.7781158089637756]"
27928.0,2007-09-01T00:00:00.000000000,"[-0.8107516169548035, -0.5027216672897339, -0.15068741142749786, 6.8459930419921875]","[0.11562955379486084, 1.0441393852233887, 1.7829983234405518, 5.236738681793213]"
27928.0,2007-12-01T00:00:00.000000000,"[-0.5027216672897339, -0.15068741142749786, 6.8459930419921875, -0.5247237682342529]","[-1.3298373222351074, 0.5924561023712158, 6.336090087890625, -0.5353309512138367]"
27928.0,2008-03-01T00:00:00.000000000,"[-0.15068741142749786, 6.8459930419921875, -0.5247237682342529, -0.5687280893325806]","[1.4323992729187012, 6.153940200805664, -0.844004213809967, -0.8585605025291443]"
27928.0,2008-06-01T00:00:00.000000000,"[6.8459930419921875, -0.5247237682342529, -0.5687280893325806, -0.12868529558181763]","[4.813030242919922, -0.49323225021362305, -0.5990422964096069, 0.8599767684936523]"
27928.0,2008-09-01T00:00:00.000000000,"[-0.5247237682342529, -0.5687280893325806, -0.12868529558181763, 7.880094051361084]","[0.23743420839309692, 1.2729849815368652, 2.08823823928833, 5.906480312347412]"
27928.0,2008-12-01T00:00:00.000000000,"[-0.5687280893325806, -0.12868529558181763, 7.880094051361084, -0.2606981098651886]","[-1.2525908946990967, 0.8629575967788696, 7.226964473724365, -0.43576735258102417]"
27928.0,2009-03-01T00:00:00.000000000,"[-0.12868529558181763, 7.880094051361084, -0.2606981098651886, -0.45871737599372864]","[1.6668263673782349, 6.851813793182373, -0.8167770504951477, -0.7678325772285461]"
27928.0,2009-06-01T00:00:00.000000000,"[7.880094051361084, -0.2606981098651886, -0.45871737599372864, 0.06933397799730301]","[5.324179172515869, -0.39901822805404663, -0.5229292511940002, 1.0487064123153687]"
27928.0,2009-09-01T00:00:00.000000000,"[-0.2606981098651886, -0.45871737599372864, 0.06933397799730301, 9.904291152954102]","[0.3072356581687927, 1.4622395038604736, 2.3635306358337402, 6.5823774337768555]"
27928.0,2009-12-01T00:00:00.000000000,"[-0.45871737599372864, 0.06933397799730301, 9.904291152954102, 0.003327556187286973]","[-1.248504877090454, 1.0590968132019043, 7.99102783203125, -0.3625723123550415]"
27928.0,2010-03-01T00:00:00.000000000,"[0.06933397799730301, 9.904291152954102, 0.003327556187286973, -0.06267886608839035]","[1.914431095123291, 7.588404655456543, -0.7728143334388733, -0.6271407008171082]"
27928.0,2010-06-01T00:00:00.000000000,"[9.904291152954102, 0.003327556187286973, -0.06267886608839035, 1.499472975730896]","[5.890298843383789, -0.25928592681884766, -0.4325641393661499, 1.2614059448242188]"
27928.0,2010-09-01T00:00:00.000000000,"[0.003327556187286973, -0.06267886608839035, 1.499472975730896, 11.51044750213623]","[0.8973507285118103, 1.9294543266296387, 3.001295804977417, 7.961613655090332]"
27928.0,2010-12-01T00:00:00.000000000,"[-0.06267886608839035, 1.499472975730896, 11.51044750213623, -0.898760199546814]","[-1.224015712738037, 1.440258502960205, 9.475442886352539, -0.2500636577606201]"
27928.0,2011-03-01T00:00:00.000000000,"[1.499472975730896, 11.51044750213623, -0.898760199546814, 0.20134682953357697]","[2.439025402069092, 8.88606071472168, -0.5588557720184326, -0.3637094497680664]"
27928.0,2011-06-01T00:00:00.000000000,"[11.51044750213623, -0.898760199546814, 0.20134682953357697, 1.8515071868896484]","[7.341794013977051, 0.1145557165145874, -0.2631264925003052, 1.7184422016143799]"
27928.0,2011-09-01T00:00:00.000000000,"[-0.898760199546814, 0.20134682953357697, 1.8515071868896484, 9.17821979522705]","[1.3797688484191895, 2.348039388656616, 3.585331916809082, 9.262697219848633]"
27928.0,2011-12-01T00:00:00.000000000,"[0.20134682953357697, 1.8515071868896484, 9.17821979522705, 3.281646251678467]","[-1.3657222986221313, 1.6831340789794922, 10.867622375488281, -0.23348736763000488]"
27928.0,2012-03-01T00:00:00.000000000,"[1.8515071868896484, 9.17821979522705, 3.281646251678467, 1.3674603700637817]","[2.7296180725097656, 9.938560485839844, -0.5838929414749146, -0.22865748405456543]"
27928.0,2012-06-01T00:00:00.000000000,"[9.17821979522705, 3.281646251678467, 1.3674603700637817, 0.7954046130180359]","[8.554243087768555, 0.23772895336151123, -0.08548855781555176, 2.214099645614624]"
27928.0,2012-09-01T00:00:00.000000000,"[3.281646251678467, 1.3674603700637817, 0.7954046130180359, 12.654558181762695]","[0.5178841352462769, 1.964883804321289, 3.1141204833984375, 8.443679809570312]"
27928.0,2012-12-01T00:00:00.000000000,"[1.3674603700637817, 0.7954046130180359, 12.654558181762695, 3.633680582046509]","[-0.39464449882507324, 2.319125175476074, 10.660652160644531, 0.4552265405654907]"
27928.0,2013-03-01T00:00:00.000000000,"[0.7954046130180359, 12.654558181762695, 3.633680582046509, 2.665586471557617]","[3.6815457344055176, 11.020909309387207, 0.36984968185424805, 0.5187864303588867]"
27965.0,2006-06-01T00:00:00.000000000,"[0.047331858426332474, 0.036330800503492355, 0.003327556187286973, 0.047331858426332474]","[-0.010604560375213623, -0.004037514328956604, -0.07186774909496307, -0.09592574834823608]"
27965.0,2006-09-01T00:00:00.000000000,"[0.036330800503492355, 0.003327556187286973, 0.047331858426332474, 0.05833292007446289]","[0.033226028084754944, -0.04726710915565491, -0.028316378593444824, -0.02483697235584259]"
27965.0,2006-12-01T00:00:00.000000000,"[0.003327556187286973, 0.047331858426332474, 0.05833292007446289, 0.025329740718007088]","[-0.07022450864315033, -0.0344904363155365, -0.01895695924758911, -0.03831520676612854]"
27965.0,2007-03-01T00:00:00.000000000,"[0.047331858426332474, 0.05833292007446289, 0.025329740718007088, 0.003327556187286973]","[-0.03641246259212494, 0.02150210738182068, -0.009124457836151123, -0.0870341807603836]"
27965.0,2007-06-01T00:00:00.000000000,"[0.05833292007446289, 0.025329740718007088, 0.003327556187286973, 0.06933397799730301]","[0.05516284704208374, 0.05470013618469238, -0.007765159010887146, -0.04637153446674347]"
27965.0,2007-09-01T00:00:00.000000000,"[0.025329740718007088, 0.003327556187286973, 0.06933397799730301, 0.2233489453792572]","[0.07355895638465881, -0.008141294121742249, 0.027110382914543152, 0.023683711886405945]"
27965.0,2007-12-01T00:00:00.000000000,"[0.003327556187286973, 0.06933397799730301, 0.2233489453792572, 0.33335965871810913]","[-0.0284726619720459, -0.021045014262199402, 0.03160017728805542, 0.000431060791015625]"
27965.0,2008-03-01T00:00:00.000000000,"[0.06933397799730301, 0.2233489453792572, 0.33335965871810913, 0.4543713927268982]","[0.001921534538269043, 0.037516698241233826, 0.035510286688804626, -0.043102920055389404]"
27965.0,2008-06-01T00:00:00.000000000,"[0.2233489453792572, 0.33335965871810913, 0.4543713927268982, 0.575383186340332]","[0.0497659295797348, 0.0768350213766098, 0.03603358566761017, -0.011709913611412048]"
27965.0,2008-09-01T00:00:00.000000000,"[0.33335965871810913, 0.4543713927268982, 0.575383186340332, 0.740399181842804]","[0.12940992414951324, 0.08673004806041718, 0.11359484493732452, 0.12140925228595734]"
27965.0,2008-12-01T00:00:00.000000000,"[0.4543713927268982, 0.575383186340332, 0.740399181842804, 0.8504099249839783]","[0.1149354875087738, 0.15517239272594452, 0.17590872943401337, 0.171370729804039]"
27965.0,2009-03-01T00:00:00.000000000,"[0.575383186340332, 0.740399181842804, 0.8504099249839783, 0.7954046130180359]","[0.2613922953605652, 0.2986830770969391, 0.2781570553779602, 0.22892087697982788]"
27965.0,2009-06-01T00:00:00.000000000,"[0.740399181842804, 0.8504099249839783, 0.7954046130180359, 0.8394088745117188]","[0.4302295446395874, 0.3609195947647095, 0.25158220529556274, 0.24766813218593597]"
27965.0,2009-09-01T00:00:00.000000000,"[0.8504099249839783, 0.7954046130180359, 0.8394088745117188, 1.0704313516616821]","[0.5855555534362793, 0.3731960952281952, 0.3365474045276642, 0.4034730792045593]"
27965.0,2009-12-01T00:00:00.000000000,"[0.7954046130180359, 0.8394088745117188, 1.0704313516616821, 1.2904525995254517]","[0.6207514405250549, 0.48201867938041687, 0.454014390707016, 0.5150790810585022]"
27965.0,2010-03-01T00:00:00.000000000,"[0.8394088745117188, 1.0704313516616821, 1.2904525995254517, 1.125436782836914]","[0.6432144641876221, 0.5711912512779236, 0.5036158561706543, 0.5350416302680969]"
27965.0,2010-06-01T00:00:00.000000000,"[1.0704313516616821, 1.2904525995254517, 1.125436782836914, 0.9274174571037292]","[0.7964502573013306, 0.6330597400665283, 0.5802333354949951, 0.6610208749771118]"
27965.0,2010-09-01T00:00:00.000000000,"[1.2904525995254517, 1.125436782836914, 0.9274174571037292, 0.8504099249839783]","[0.9496300220489502, 0.683302104473114, 0.6712325215339661, 0.8418890237808228]"
27965.0,2010-12-01T00:00:00.000000000,"[1.125436782836914, 0.9274174571037292, 0.8504099249839783, 0.8724120259284973]","[0.9856315851211548, 0.7832592129707336, 0.7528397440910339, 0.9115105867385864]"
27965.0,2011-03-01T00:00:00.000000000,"[0.9274174571037292, 0.8504099249839783, 0.8724120259284973, 0.7514004111289978]","[0.9424763321876526, 0.843063473701477, 0.8377069234848022, 0.7868108153343201]"
27965.0,2011-06-01T00:00:00.000000000,"[0.8504099249839783, 0.8724120259284973, 0.7514004111289978, 0.9054153561592102]","[1.0126230716705322, 0.8160123229026794, 0.7485463619232178, 0.7904635667800903]"
27965.0,2011-09-01T00:00:00.000000000,"[0.8724120259284973, 0.7514004111289978, 0.9054153561592102, 1.0154259204864502]","[1.1214717626571655, 0.7241878509521484, 0.8259555697441101, 0.9154896140098572]"
27965.0,2011-12-01T00:00:00.000000000,"[0.7514004111289978, 0.9054153561592102, 1.0154259204864502, 1.0154259204864502]","[1.0272340774536133, 0.8469657301902771, 0.9425121545791626, 1.00929856300354]"
27965.0,2012-03-01T00:00:00.000000000,"[0.9054153561592102, 1.0154259204864502, 1.0154259204864502, 1.0814324617385864]","[0.9433622360229492, 0.8724733591079712, 0.947996973991394, 0.9190812110900879]"
27965.0,2012-06-01T00:00:00.000000000,"[1.0154259204864502, 1.0154259204864502, 1.0814324617385864, 1.3344571590423584]","[1.0192055702209473, 0.9802662134170532, 0.9940065145492554, 1.0093302726745605]"
27965.0,2012-09-01T00:00:00.000000000,"[1.0154259204864502, 1.0814324617385864, 1.3344571590423584, 1.477470874786377]","[1.107354760169983, 0.9556025266647339, 1.0582239627838135, 1.117077112197876]"
27965.0,2012-12-01T00:00:00.000000000,"[1.0814324617385864, 1.3344571590423584, 1.477470874786377, 1.6534881591796875]","[0.9769548177719116, 1.0379855632781982, 1.1042017936706543, 1.1421819925308228]"
27965.0,2013-03-01T00:00:00.000000000,"[1.3344571590423584, 1.477470874786377, 1.6534881591796875, 1.9395159482955933]","[1.0267255306243896, 1.1411325931549072, 1.1471716165542603, 1.0832425355911255]"
28180.0,2006-06-01T00:00:00.000000000,"[3.5016677379608154, 3.831699848175049, 3.171635627746582, 3.831699848175049]","[3.0607385635375977, 2.5830836296081543, 2.370466470718384, 2.6131093502044678]"
28180.0,2006-09-01T00:00:00.000000000,"[3.831699848175049, 3.171635627746582, 3.831699848175049, 4.57977294921875]","[3.5994997024536133, 2.4376115798950195, 2.7267909049987793, 3.2007203102111816]"
28180.0,2006-12-01T00:00:00.000000000,"[3.171635627746582, 3.831699848175049, 4.57977294921875, 4.865800380706787]","[3.080538034439087, 2.8000855445861816, 3.0337276458740234, 3.4168357849121094]"
28180.0,2007-03-01T00:00:00.000000000,"[3.831699848175049, 4.57977294921875, 4.865800380706787, 4.117727756500244]","[3.2002906799316406, 3.004603147506714, 2.987034797668457, 2.8562796115875244]"
28180.0,2007-06-01T00:00:00.000000000,"[4.57977294921875, 4.865800380706787, 4.117727756500244, 4.9978132247924805]","[4.017971038818359, 3.460893392562866, 3.1541223526000977, 3.4612984657287598]"
28180.0,2007-09-01T00:00:00.000000000,"[4.865800380706787, 4.117727756500244, 4.9978132247924805, 5.129826545715332]","[4.708162307739258, 3.2625460624694824, 3.664633274078369, 4.22139310836792]"
28180.0,2007-12-01T00:00:00.000000000,"[4.117727756500244, 4.9978132247924805, 5.129826545715332, 5.679879665374756]","[3.9721341133117676, 3.7133126258850098, 3.9929604530334473, 4.445614814758301]"
28180.0,2008-03-01T00:00:00.000000000,"[4.9978132247924805, 5.129826545715332, 5.679879665374756, 4.9978132247924805]","[4.199986457824707, 3.952289342880249, 3.9492053985595703, 3.785431385040283]"
28180.0,2008-06-01T00:00:00.000000000,"[5.129826545715332, 5.679879665374756, 4.9978132247924805, 5.019815444946289]","[5.2566986083984375, 4.57311487197876, 4.182967662811279, 4.567161560058594]"
28180.0,2008-09-01T00:00:00.000000000,"[5.679879665374756, 4.9978132247924805, 5.019815444946289, 5.987909317016602]","[5.6749267578125, 4.04381799697876, 4.53956937789917, 5.060222148895264]"
28180.0,2008-12-01T00:00:00.000000000,"[4.9978132247924805, 5.019815444946289, 5.987909317016602, 6.38394832611084]","[4.860846519470215, 4.749423980712891, 5.057867050170898, 5.496435165405273]"
28180.0,2009-03-01T00:00:00.000000000,"[5.019815444946289, 5.987909317016602, 6.38394832611084, 5.679879665374756]","[5.246222496032715, 5.015335559844971, 4.982656002044678, 4.759683609008789]"
28180.0,2009-06-01T00:00:00.000000000,"[5.987909317016602, 6.38394832611084, 5.679879665374756, 7.242031574249268]","[5.760274410247803, 5.450159072875977, 4.913241386413574, 5.075131893157959]"
28180.0,2009-09-01T00:00:00.000000000,"[6.38394832611084, 5.679879665374756, 7.242031574249268, 8.716175079345703]","[6.477382659912109, 5.1056365966796875, 5.417525768280029, 5.912596702575684]"
28180.0,2009-12-01T00:00:00.000000000,"[5.679879665374756, 7.242031574249268, 8.716175079345703, 9.20022201538086]","[5.531670570373535, 5.539172172546387, 5.880790710449219, 6.341644287109375]"
28180.0,2010-03-01T00:00:00.000000000,"[7.242031574249268, 8.716175079345703, 9.20022201538086, 7.484055042266846]","[5.771135330200195, 6.036682605743408, 5.8862104415893555, 5.503201484680176]"
28180.0,2010-06-01T00:00:00.000000000,"[8.716175079345703, 9.20022201538086, 7.484055042266846, 8.210125923156738]","[7.210306644439697, 6.949984550476074, 6.140438556671143, 6.5514020919799805]"
28180.0,2010-09-01T00:00:00.000000000,"[9.20022201538086, 7.484055042266846, 8.210125923156738, 9.222225189208984]","[8.526444435119629, 6.552457809448242, 6.989394664764404, 7.881298065185547]"
28180.0,2010-12-01T00:00:00.000000000,"[7.484055042266846, 8.210125923156738, 9.222225189208984, 10.476346015930176]","[7.359999656677246, 7.139313220977783, 7.480483055114746, 8.28198528289795]"
28180.0,2011-03-01T00:00:00.000000000,"[8.210125923156738, 9.222225189208984, 10.476346015930176, 8.650168418884277]","[7.484786510467529, 7.184933662414551, 7.248445987701416, 6.904290199279785]"
28180.0,2011-06-01T00:00:00.000000000,"[9.222225189208984, 10.476346015930176, 8.650168418884277, 8.034109115600586]","[8.817522048950195, 8.075578689575195, 7.370655536651611, 7.814136028289795]"
28180.0,2011-09-01T00:00:00.000000000,"[10.476346015930176, 8.650168418884277, 8.034109115600586, 14.920778274536133]","[10.099481582641602, 7.586906433105469, 8.25509262084961, 9.10800552368164]"
28180.0,2011-12-01T00:00:00.000000000,"[8.650168418884277, 8.034109115600586, 14.920778274536133, 14.854772567749023]","[8.842310905456543, 8.654296875, 9.048818588256836, 9.968725204467773]"
28180.0,2012-03-01T00:00:00.000000000,"[8.034109115600586, 14.920778274536133, 14.854772567749023, 11.180415153503418]","[8.944879531860352, 8.657146453857422, 8.782641410827637, 8.279526710510254]"
28180.0,2012-06-01T00:00:00.000000000,"[14.920778274536133, 14.854772567749023, 11.180415153503418, 14.832769393920898]","[9.40020751953125, 9.380791664123535, 8.384443283081055, 8.462812423706055]"
28180.0,2012-09-01T00:00:00.000000000,"[14.854772567749023, 11.180415153503418, 14.832769393920898, 17.627042770385742]","[14.00050163269043, 10.404714584350586, 11.041659355163574, 13.319055557250977]"
28180.0,2012-12-01T00:00:00.000000000,"[11.180415153503418, 14.832769393920898, 17.627042770385742, 17.05498504638672]","[11.985567092895508, 10.540456771850586, 11.697267532348633, 13.517390251159668]"
28180.0,2013-03-01T00:00:00.000000000,"[14.832769393920898, 17.627042770385742, 17.05498504638672, 16.10889434814453]","[10.45712661743164, 11.140983581542969, 11.555477142333984, 10.26019287109375]"
28320.0,2000-06-01T00:00:00.000000000,"[0.7734025120735168, 0.7073960304260254, 0.5973852872848511, 0.5313789248466492]","[0.7662801742553711, 0.72507643699646, 0.8325452208518982, 0.9398673176765442]"
28320.0,2000-09-01T00:00:00.000000000,"[0.7073960304260254, 0.5973852872848511, 0.5313789248466492, 1.0814324617385864]","[0.8327440023422241, 0.8766294717788696, 1.0195913314819336, 1.186732530593872]"
28320.0,2000-12-01T00:00:00.000000000,"[0.5973852872848511, 0.5313789248466492, 1.0814324617385864, 1.147438883781433]","[0.7074158787727356, 0.7836818695068359, 0.9107150435447693, 1.0974065065383911]"
28320.0,2001-03-01T00:00:00.000000000,"[0.5313789248466492, 1.0814324617385864, 1.147438883781433, 0.9054153561592102]","[0.7641364932060242, 0.8126396536827087, 0.9197649359703064, 1.0027215480804443]"
28320.0,2001-06-01T00:00:00.000000000,"[1.0814324617385864, 1.147438883781433, 0.9054153561592102, 0.7734025120735168]","[0.6663227677345276, 0.7126380801200867, 0.7879611253738403, 0.8907148838043213]"
28320.0,2001-09-01T00:00:00.000000000,"[1.147438883781433, 0.9054153561592102, 0.7734025120735168, 1.3454581499099731]","[0.9570562839508057, 0.9471863508224487, 1.071511149406433, 1.276587963104248]"
28320.0,2001-12-01T00:00:00.000000000,"[0.9054153561592102, 0.7734025120735168, 1.3454581499099731, 1.4334666728973389]","[1.0109508037567139, 1.0926766395568848, 1.2448320388793945, 1.475325345993042]"
28320.0,2002-03-01T00:00:00.000000000,"[0.7734025120735168, 1.3454581499099731, 1.4334666728973389, 1.1914430856704712]","[1.0398402214050293, 1.0794854164123535, 1.2041736841201782, 1.2589054107666016]"
28320.0,2002-06-01T00:00:00.000000000,"[1.3454581499099731, 1.4334666728973389, 1.1914430856704712, 0.9494196176528931]","[1.0479319095611572, 1.0136017799377441, 1.1062239408493042, 1.1712849140167236]"
28320.0,2002-09-01T00:00:00.000000000,"[1.4334666728973389, 1.1914430856704712, 0.9494196176528931, 1.5654793977737427]","[1.22441565990448, 1.0890085697174072, 1.2333638668060303, 1.4356038570404053]"
28320.0,2002-12-01T00:00:00.000000000,"[1.1914430856704712, 0.9494196176528931, 1.5654793977737427, 1.6754902601242065]","[1.1471378803253174, 1.2351915836334229, 1.3970612287521362, 1.6569888591766357]"
28320.0,2003-03-01T00:00:00.000000000,"[0.9494196176528931, 1.5654793977737427, 1.6754902601242065, 1.477470874786377]","[1.1939642429351807, 1.2876849174499512, 1.4183123111724854, 1.3469126224517822]"
28320.0,2003-06-01T00:00:00.000000000,"[1.5654793977737427, 1.6754902601242065, 1.477470874786377, 1.6094835996627808]","[1.2052628993988037, 1.2505698204040527, 1.1612268686294556, 1.1301817893981934]"
28320.0,2003-09-01T00:00:00.000000000,"[1.6754902601242065, 1.477470874786377, 1.6094835996627808, 2.335554361343384]","[1.4659185409545898, 1.1728547811508179, 1.3021934032440186, 1.503739356994629]"
28320.0,2003-12-01T00:00:00.000000000,"[1.477470874786377, 1.6094835996627808, 2.335554361343384, 2.42356276512146]","[1.30599844455719, 1.3897924423217773, 1.5677597522735596, 1.791208028793335]"
28320.0,2004-03-01T00:00:00.000000000,"[1.6094835996627808, 2.335554361343384, 2.42356276512146, 2.2035415172576904]","[1.3544336557388306, 1.5939537286758423, 1.6346598863601685, 1.5041364431381226]"
28320.0,2004-06-01T00:00:00.000000000,"[2.335554361343384, 2.42356276512146, 2.2035415172576904, 2.027524471282959]","[1.6388041973114014, 1.6729354858398438, 1.4240812063217163, 1.3581922054290771]"
28320.0,2004-09-01T00:00:00.000000000,"[2.42356276512146, 2.2035415172576904, 2.027524471282959, 2.819601535797119]","[2.0089731216430664, 1.638017177581787, 1.5676501989364624, 1.8553874492645264]"
28320.0,2004-12-01T00:00:00.000000000,"[2.2035415172576904, 2.027524471282959, 2.819601535797119, 3.0396230220794678]","[1.5595252513885498, 1.5924664735794067, 1.9773969650268555, 1.8433239459991455]"
28320.0,2005-03-01T00:00:00.000000000,"[2.027524471282959, 2.819601535797119, 3.0396230220794678, 2.7535951137542725]","[1.51456618309021, 2.0208258628845215, 2.1071038246154785, 1.503462314605713]"
28320.0,2005-06-01T00:00:00.000000000,"[2.819601535797119, 3.0396230220794678, 2.7535951137542725, 2.335554361343384]","[2.062152147293091, 1.985591173171997, 1.574699878692627, 1.3971978425979614]"
28320.0,2005-09-01T00:00:00.000000000,"[3.0396230220794678, 2.7535951137542725, 2.335554361343384, 2.7315926551818848]","[2.591928005218506, 1.9583179950714111, 1.803080677986145, 2.0991902351379395]"
28320.0,2005-12-01T00:00:00.000000000,"[2.7535951137542725, 2.335554361343384, 2.7315926551818848, 3.325650691986084]","[2.179877519607544, 1.997741460800171, 2.3505043983459473, 2.188645601272583]"
28320.0,2006-03-01T00:00:00.000000000,"[2.335554361343384, 2.7315926551818848, 3.325650691986084, 3.3036487102508545]","[1.8816983699798584, 2.556067943572998, 2.516374111175537, 1.7976350784301758]"
28320.0,2006-06-01T00:00:00.000000000,"[2.7315926551818848, 3.325650691986084, 3.3036487102508545, 3.127631425857544]","[2.559546947479248, 2.411804676055908, 1.9302570819854736, 1.692497730255127]"
28320.0,2006-09-01T00:00:00.000000000,"[3.325650691986084, 3.3036487102508545, 3.127631425857544, 3.7436912059783936]","[2.9044675827026367, 2.1710643768310547, 2.044522762298584, 2.3247079849243164]"
28320.0,2006-12-01T00:00:00.000000000,"[3.3036487102508545, 3.127631425857544, 3.7436912059783936, 3.98571515083313]","[2.8000974655151367, 2.3639230728149414, 2.5774009227752686, 2.721923828125]"
28320.0,2007-03-01T00:00:00.000000000,"[3.127631425857544, 3.7436912059783936, 3.98571515083313, 3.875704050064087]","[2.4612951278686523, 3.17582368850708, 2.974864959716797, 2.488589286804199]"
28877.0,2007-12-01T00:00:00.000000000,"[1.125436782836914, -0.04067668318748474, -0.04067668318748474, -0.15068741142749786]","[1.2253724336624146, 1.539805293083191, 1.4030119180679321, 1.2939248085021973]"
28877.0,2008-03-01T00:00:00.000000000,"[-0.04067668318748474, -0.04067668318748474, -0.15068741142749786, -0.04067668318748474]","[1.4915605783462524, 1.3323488235473633, 1.3637276887893677, 1.2782182693481445]"
28877.0,2008-06-01T00:00:00.000000000,"[-0.04067668318748474, -0.15068741142749786, -0.04067668318748474, 0.003327556187286973]","[0.760511040687561, 0.8257627487182617, 1.0639326572418213, 1.1201088428497314]"
28877.0,2008-09-01T00:00:00.000000000,"[-0.15068741142749786, -0.04067668318748474, 0.003327556187286973, 0.06933397799730301]","[0.5228044986724854, 0.574248731136322, 0.7449713945388794, 0.7483246326446533]"
28877.0,2008-12-01T00:00:00.000000000,"[-0.04067668318748474, 0.003327556187286973, 0.06933397799730301, -0.06267886608839035]","[0.3013802468776703, 0.3637007176876068, 0.4870692193508148, 0.5837718844413757]"
28877.0,2009-03-01T00:00:00.000000000,"[0.003327556187286973, 0.06933397799730301, -0.06267886608839035, 0.025329740718007088]","[0.4905742108821869, 0.5544925332069397, 0.6836254000663757, 0.8189535140991211]"
28877.0,2009-06-01T00:00:00.000000000,"[0.06933397799730301, -0.06267886608839035, 0.025329740718007088, 0.15734252333641052]","[0.3540119528770447, 0.46188250184059143, 0.5906499028205872, 0.9332504272460938]"
28877.0,2009-09-01T00:00:00.000000000,"[-0.06267886608839035, 0.025329740718007088, 0.15734252333641052, 0.15734252333641052]","[0.3803060054779053, 0.4578370451927185, 0.5644749999046326, 0.7828558683395386]"
28877.0,2009-12-01T00:00:00.000000000,"[0.025329740718007088, 0.15734252333641052, 0.15734252333641052, 0.025329740718007088]","[0.40759041905403137, 0.48648303747177124, 0.5768224000930786, 0.8375977277755737]"
28877.0,2010-03-01T00:00:00.000000000,"[0.15734252333641052, 0.15734252333641052, 0.025329740718007088, 0.13534040749073029]","[0.44494694471359253, 0.5322681069374084, 0.6178537607192993, 0.9384902715682983]"
28877.0,2010-06-01T00:00:00.000000000,"[0.15734252333641052, 0.025329740718007088, 0.13534040749073029, 0.26735323667526245]","[0.41571253538131714, 0.5296109914779663, 0.6336625814437866, 1.0529885292053223]"
28877.0,2010-09-01T00:00:00.000000000,"[0.025329740718007088, 0.13534040749073029, 0.26735323667526245, 0.2893553674221039]","[0.41041433811187744, 0.48938754200935364, 0.5610508918762207, 0.8430050611495972]"
29028.0,2006-06-01T00:00:00.000000000,"[1.6534881591796875, 2.775597333908081, 1.7634987831115723, 2.0495264530181885]","[1.5868606567382812, 2.4072656631469727, 1.5013314485549927, 1.7267358303070068]"
29028.0,2006-09-01T00:00:00.000000000,"[2.775597333908081, 1.7634987831115723, 2.0495264530181885, 1.8735092878341675]","[2.675132989883423, 1.4047983884811401, 1.7013473510742188, 1.8315671682357788]"
29028.0,2006-12-01T00:00:00.000000000,"[1.7634987831115723, 2.0495264530181885, 1.8735092878341675, 3.1056292057037354]","[1.6969554424285889, 1.8836376667022705, 1.948233962059021, 2.852982521057129]"
29028.0,2007-03-01T00:00:00.000000000,"[2.0495264530181885, 1.8735092878341675, 3.1056292057037354, 1.6974923610687256]","[1.6707673072814941, 1.7636165618896484, 2.943230628967285, 1.7366018295288086]"
29028.0,2007-06-01T00:00:00.000000000,"[1.8735092878341675, 3.1056292057037354, 1.6974923610687256, 2.027524471282959]","[1.881357192993164, 2.8307442665100098, 1.7753496170043945, 1.98099946975708]"
29028.0,2007-09-01T00:00:00.000000000,"[3.1056292057037354, 1.6974923610687256, 2.027524471282959, 2.027524471282959]","[3.0365655422210693, 1.608106255531311, 1.892439365386963, 2.0457515716552734]"
29028.0,2007-12-01T00:00:00.000000000,"[1.6974923610687256, 2.027524471282959, 2.027524471282959, 3.1936378479003906]","[1.9690821170806885, 2.127629280090332, 2.2048840522766113, 3.1698832511901855]"
29028.0,2008-03-01T00:00:00.000000000,"[2.027524471282959, 2.027524471282959, 3.1936378479003906, 1.8735092878341675]","[1.733541488647461, 1.9524164199829102, 3.2449142932891846, 1.8142403364181519]"
29028.0,2008-06-01T00:00:00.000000000,"[2.027524471282959, 3.1936378479003906, 1.8735092878341675, 1.8735092878341675]","[2.057746648788452, 3.0665392875671387, 1.8918750286102295, 2.0594592094421387]"
29028.0,2008-09-01T00:00:00.000000000,"[3.1936378479003906, 1.8735092878341675, 1.8735092878341675, 2.379558563232422]","[3.260380744934082, 1.714832067489624, 1.9932622909545898, 2.1674203872680664]"
29028.0,2008-12-01T00:00:00.000000000,"[1.8735092878341675, 1.8735092878341675, 2.379558563232422, 3.875704050064087]","[2.095255136489868, 2.271209716796875, 2.4673523902893066, 3.402451515197754]"
29028.0,2009-03-01T00:00:00.000000000,"[1.8735092878341675, 2.379558563232422, 3.875704050064087, 2.2915501594543457]","[1.8800500631332397, 2.211108684539795, 3.430582046508789, 2.037128448486328]"
29028.0,2009-06-01T00:00:00.000000000,"[2.379558563232422, 3.875704050064087, 2.2915501594543457, 2.42356276512146]","[2.235058307647705, 3.2039246559143066, 2.0215022563934326, 2.0588111877441406]"
29028.0,2009-09-01T00:00:00.000000000,"[3.875704050064087, 2.2915501594543457, 2.42356276512146, 3.0396230220794678]","[3.5872130393981934, 2.106733798980713, 2.234008550643921, 2.4578168392181396]"
29028.0,2009-12-01T00:00:00.000000000,"[2.2915501594543457, 2.42356276512146, 3.0396230220794678, 4.491764068603516]","[2.5688085556030273, 2.4673571586608887, 2.888367176055908, 4.052332401275635]"
29028.0,2010-03-01T00:00:00.000000000,"[2.42356276512146, 3.0396230220794678, 4.491764068603516, 2.8416035175323486]","[2.165567398071289, 2.5767288208007812, 4.037391662597656, 2.449695110321045]"
29028.0,2010-06-01T00:00:00.000000000,"[3.0396230220794678, 4.491764068603516, 2.8416035175323486, 3.721689224243164]","[2.581362724304199, 3.7880520820617676, 2.3206472396850586, 2.4382216930389404]"
29028.0,2010-09-01T00:00:00.000000000,"[4.491764068603516, 2.8416035175323486, 3.721689224243164, 3.4576635360717773]","[4.439630031585693, 2.4742486476898193, 2.718994617462158, 3.081131935119629]"
29028.0,2010-12-01T00:00:00.000000000,"[2.8416035175323486, 3.721689224243164, 3.4576635360717773, 5.217834949493408]","[2.903712272644043, 2.8819997310638428, 3.317519187927246, 4.671329021453857]"
29028.0,2011-03-01T00:00:00.000000000,"[3.721689224243164, 3.4576635360717773, 5.217834949493408, 3.1056292057037354]","[2.4036002159118652, 2.9574930667877197, 4.843603610992432, 2.8037526607513428]"
29028.0,2011-06-01T00:00:00.000000000,"[3.4576635360717773, 5.217834949493408, 3.1056292057037354, 3.919708251953125]","[3.2156291007995605, 4.698652267456055, 3.04362154006958, 3.255716323852539]"
29028.0,2011-09-01T00:00:00.000000000,"[5.217834949493408, 3.1056292057037354, 3.919708251953125, 3.4576635360717773]","[5.23726749420166, 2.8768463134765625, 3.2250924110412598, 3.6093266010284424]"
29028.0,2011-12-01T00:00:00.000000000,"[3.1056292057037354, 3.919708251953125, 3.4576635360717773, 5.987909317016602]","[3.457900285720825, 3.477100372314453, 3.8438215255737305, 5.332723617553711]"
29028.0,2012-03-01T00:00:00.000000000,"[3.919708251953125, 3.4576635360717773, 5.987909317016602, 4.359751224517822]","[2.910247325897217, 3.350391387939453, 5.503812313079834, 3.192990303039551]"
29028.0,2012-06-01T00:00:00.000000000,"[3.4576635360717773, 5.987909317016602, 4.359751224517822, 4.007717132568359]","[3.7043213844299316, 5.394556999206543, 3.534160614013672, 3.798799991607666]"
29028.0,2012-09-01T00:00:00.000000000,"[5.987909317016602, 4.359751224517822, 4.007717132568359, 5.349847793579102]","[5.709294319152832, 3.0700924396514893, 3.515937566757202, 3.9093832969665527]"
29028.0,2012-12-01T00:00:00.000000000,"[4.359751224517822, 4.007717132568359, 5.349847793579102, 7.880094051361084]","[3.8105275630950928, 3.962005138397217, 4.297386169433594, 6.049500465393066]"
29028.0,2013-03-01T00:00:00.000000000,"[4.007717132568359, 5.349847793579102, 7.880094051361084, 5.855896949768066]","[3.5930566787719727, 3.9153666496276855, 6.508360862731934, 3.8562469482421875]"
29901.0,2006-03-01T00:00:00.000000000,"[-0.5742285847663879, -0.593590497970581, -0.5907301902770996, -0.5907301902770996]","[-0.5776754021644592, -0.5943776369094849, -0.5980377793312073, -0.597270667552948]"
29901.0,2006-06-01T00:00:00.000000000,"[-0.593590497970581, -0.5907301902770996, -0.5907301902770996, -0.5797291398048401]","[-0.584761917591095, -0.5925767421722412, -0.5879654884338379, -0.5699430704116821]"
29901.0,2006-09-01T00:00:00.000000000,"[-0.5907301902770996, -0.5907301902770996, -0.5797291398048401, -0.5880899429321289]","[-0.5974618792533875, -0.6011767983436584, -0.5871843099594116, -0.5899288654327393]"
29901.0,2007-03-01T00:00:00.000000000,"[-0.5907301902770996, -0.5797291398048401, -0.5880899429321289, -0.5852296352386475]","[-0.594645619392395, -0.5745523571968079, -0.5896558165550232, -0.5910568237304688]"
29901.0,2007-06-01T00:00:00.000000000,"[-0.5797291398048401, -0.5880899429321289, -0.5852296352386475, -0.5687280893325806]","[-0.5652216076850891, -0.5868481993675232, -0.5900619626045227, -0.5902414321899414]"
29901.0,2007-09-01T00:00:00.000000000,"[-0.5880899429321289, -0.5852296352386475, -0.5687280893325806, -0.5247237682342529]","[-0.5870548486709595, -0.5902814865112305, -0.5865346193313599, -0.5704154372215271]"
29901.0,2007-12-01T00:00:00.000000000,"[-0.5852296352386475, -0.5687280893325806, -0.5247237682342529, -0.5302243232727051]","[-0.592577338218689, -0.5919730067253113, -0.5773247480392456, -0.5845363140106201]"
29901.0,2008-03-01T00:00:00.000000000,"[-0.5687280893325806, -0.5247237682342529, -0.5302243232727051, -0.544085681438446]","[-0.5901735424995422, -0.5698021650314331, -0.5881406664848328, -0.5900141000747681]"
29901.0,2008-06-01T00:00:00.000000000,"[-0.5247237682342529, -0.5302243232727051, -0.544085681438446, -0.5412254333496094]","[-0.556212842464447, -0.5765608549118042, -0.578425407409668, -0.5788431167602539]"
29901.0,2008-09-01T00:00:00.000000000,"[-0.5302243232727051, -0.544085681438446, -0.5412254333496094, -0.49722111225128174]","[-0.5595828294754028, -0.5661476850509644, -0.5626248121261597, -0.53556227684021]"
29901.0,2008-12-01T00:00:00.000000000,"[-0.544085681438446, -0.5412254333496094, -0.49722111225128174, -0.5082221627235413]","[-0.5624050498008728, -0.5659621953964233, -0.5338628888130188, -0.5546307563781738]"
29901.0,2009-03-01T00:00:00.000000000,"[-0.5412254333496094, -0.49722111225128174, -0.5082221627235413, -0.4642179012298584]","[-0.5666550993919373, -0.5407252311706543, -0.5673582553863525, -0.5715734958648682]"
29901.0,2009-06-01T00:00:00.000000000,"[-0.49722111225128174, -0.5082221627235413, -0.4642179012298584, -0.4422157406806946]","[-0.5168830752372742, -0.5602756142616272, -0.556807816028595, -0.5522948503494263]"
29901.0,2009-09-01T00:00:00.000000000,"[-0.5082221627235413, -0.4642179012298584, -0.4422157406806946, -0.4147131145000458]","[-0.5203300714492798, -0.54754638671875, -0.5378156900405884, -0.5085493326187134]"
29901.0,2009-12-01T00:00:00.000000000,"[-0.4642179012298584, -0.4422157406806946, -0.4147131145000458, -0.46971845626831055]","[-0.5268945097923279, -0.5410728454589844, -0.5150433778762817, -0.5232757329940796]"
29901.0,2010-03-01T00:00:00.000000000,"[-0.4422157406806946, -0.4147131145000458, -0.46971845626831055, -0.4422157406806946]","[-0.5021368861198425, -0.48431047797203064, -0.5160192847251892, -0.5047534108161926]"
29901.0,2010-06-01T00:00:00.000000000,"[-0.4147131145000458, -0.46971845626831055, -0.4422157406806946, -0.4147131145000458]","[-0.4386841356754303, -0.5058588981628418, -0.5057910680770874, -0.48642927408218384]"
29901.0,2010-09-01T00:00:00.000000000,"[-0.46971845626831055, -0.4422157406806946, -0.4147131145000458, -0.3377055823802948]","[-0.46074527502059937, -0.49600091576576233, -0.4898723065853119, -0.4533481001853943]"
29901.0,2010-12-01T00:00:00.000000000,"[-0.4422157406806946, -0.4147131145000458, -0.3377055823802948, -0.37070879340171814]","[-0.47923555970191956, -0.5086174011230469, -0.46557825803756714, -0.48071515560150146]"
29901.0,2011-03-01T00:00:00.000000000,"[-0.4147131145000458, -0.3377055823802948, -0.37070879340171814, -0.34320613741874695]","[-0.4469292461872101, -0.44650787115097046, -0.4700518548488617, -0.45422428846359253]"
29901.0,2011-06-01T00:00:00.000000000,"[-0.3377055823802948, -0.37070879340171814, -0.34320613741874695, -0.34320613741874695]","[-0.3733992278575897, -0.46354594826698303, -0.45417940616607666, -0.4286900758743286]"
29901.0,2011-09-01T00:00:00.000000000,"[-0.37070879340171814, -0.34320613741874695, -0.34320613741874695, -0.38170990347862244]","[-0.3975372612476349, -0.43084385991096497, -0.43004465103149414, -0.3783223628997803]"
29901.0,2011-12-01T00:00:00.000000000,"[-0.34320613741874695, -0.34320613741874695, -0.38170990347862244, -0.3212040066719055]","[-0.4068543612957001, -0.4420020580291748, -0.3896005153656006, -0.41674867272377014]"
29901.0,2012-03-01T00:00:00.000000000,"[-0.34320613741874695, -0.38170990347862244, -0.3212040066719055, -0.26619863510131836]","[-0.3776797652244568, -0.37482941150665283, -0.4109594523906708, -0.39251479506492615]"
29901.0,2012-06-01T00:00:00.000000000,"[-0.38170990347862244, -0.3212040066719055, -0.26619863510131836, -0.2606981098651886]","[-0.30194777250289917, -0.41334080696105957, -0.3970918357372284, -0.36918362975120544]"
29901.0,2012-09-01T00:00:00.000000000,"[-0.3212040066719055, -0.26619863510131836, -0.2606981098651886, -0.10118257254362106]","[-0.37608644366264343, -0.4093994200229645, -0.39423078298568726, -0.3606759011745453]"
29901.0,2012-12-01T00:00:00.000000000,"[-0.26619863510131836, -0.2606981098651886, -0.10118257254362106, -0.1341858208179474]","[-0.33530333638191223, -0.3743680715560913, -0.35618674755096436, -0.34726107120513916]"
29901.0,2013-03-01T00:00:00.000000000,"[-0.2606981098651886, -0.10118257254362106, -0.1341858208179474, -0.11218363791704178]","[-0.2877718210220337, -0.3176543712615967, -0.33873987197875977, -0.31290897727012634]"
62689.0,2006-06-01T00:00:00.000000000,"[3.5456719398498535, 5.0418171882629395, 6.053915977478027, 4.865800380706787]","[3.5425405502319336, 3.942685127258301, 4.0313262939453125, 4.552549362182617]"
62689.0,2006-09-01T00:00:00.000000000,"[5.0418171882629395, 6.053915977478027, 4.865800380706787, 4.623776912689209]","[3.7785096168518066, 3.7827303409576416, 4.182860374450684, 3.6432700157165527]"
62689.0,2006-12-01T00:00:00.000000000,"[6.053915977478027, 4.865800380706787, 4.623776912689209, 5.745886325836182]","[4.010922431945801, 5.183220863342285, 3.960219621658325, 4.245138168334961]"
62689.0,2007-03-01T00:00:00.000000000,"[4.865800380706787, 4.623776912689209, 5.745886325836182, 5.679879665374756]","[5.3111371994018555, 3.6674702167510986, 4.07525634765625, 4.472472667694092]"
62689.0,2007-06-01T00:00:00.000000000,"[4.623776912689209, 5.745886325836182, 5.679879665374756, 4.42575740814209]","[3.8642635345458984, 4.1057209968566895, 4.3110809326171875, 4.597414493560791]"
62689.0,2007-09-01T00:00:00.000000000,"[5.745886325836182, 5.679879665374756, 4.42575740814209, 4.139729976654053]","[4.385839462280273, 5.138138771057129, 4.2424821853637695, 3.4994635581970215]"
62689.0,2007-12-01T00:00:00.000000000,"[5.679879665374756, 4.42575740814209, 4.139729976654053, 4.57977294921875]","[5.9668354988098145, 5.610592365264893, 4.5264892578125, 4.647945404052734]"
62689.0,2008-03-01T00:00:00.000000000,"[4.42575740814209, 4.139729976654053, 4.57977294921875, 6.339943885803223]","[5.179812908172607, 4.243448734283447, 4.638060569763184, 4.680544853210449]"
62689.0,2008-06-01T00:00:00.000000000,"[4.139729976654053, 4.57977294921875, 6.339943885803223, 5.789890289306641]","[4.247331142425537, 4.345281600952148, 4.759607315063477, 4.852841854095459]"
62689.0,2008-09-01T00:00:00.000000000,"[4.57977294921875, 6.339943885803223, 5.789890289306641, 3.523669719696045]","[4.847811222076416, 5.417365074157715, 4.923519134521484, 4.06542444229126]"
62689.0,2008-12-01T00:00:00.000000000,"[6.339943885803223, 5.789890289306641, 3.523669719696045, 1.301453948020935]","[5.6214728355407715, 4.863870143890381, 4.7279815673828125, 4.636287212371826]"
62689.0,2009-03-01T00:00:00.000000000,"[5.789890289306641, 3.523669719696045, 1.301453948020935, 4.315746784210205]","[5.312440872192383, 4.539499282836914, 5.132843494415283, 5.625722885131836]"
62689.0,2009-06-01T00:00:00.000000000,"[3.523669719696045, 1.301453948020935, 4.315746784210205, 4.711785793304443]","[5.041501522064209, 5.178451061248779, 5.803852081298828, 5.767536640167236]"
62689.0,2009-09-01T00:00:00.000000000,"[1.301453948020935, 4.315746784210205, 4.711785793304443, 3.281646251678467]","[5.238045692443848, 5.994656562805176, 5.333879470825195, 4.5118536949157715]"
62689.0,2009-12-01T00:00:00.000000000,"[4.315746784210205, 4.711785793304443, 3.281646251678467, 4.887802600860596]","[4.4635396003723145, 3.6077613830566406, 3.07378888130188, 3.470184326171875]"
62689.0,2010-03-01T00:00:00.000000000,"[4.711785793304443, 3.281646251678467, 4.887802600860596, 3.98571515083313]","[4.045819282531738, 3.5072407722473145, 3.697755813598633, 4.274885654449463]"
62689.0,2010-06-01T00:00:00.000000000,"[3.281646251678467, 4.887802600860596, 3.98571515083313, 5.525864601135254]","[4.263925552368164, 4.343472480773926, 4.5833330154418945, 4.706857681274414]"
62689.0,2010-09-01T00:00:00.000000000,"[4.887802600860596, 3.98571515083313, 5.525864601135254, 3.7436912059783936]","[4.680605411529541, 4.642969131469727, 4.9174065589904785, 4.320846080780029]"
62689.0,2010-12-01T00:00:00.000000000,"[3.98571515083313, 5.525864601135254, 3.7436912059783936, 2.4455649852752686]","[5.179110527038574, 4.528192520141602, 3.946373224258423, 4.219898700714111]"
62689.0,2011-03-01T00:00:00.000000000,"[5.525864601135254, 3.7436912059783936, 2.4455649852752686, 6.603969573974609]","[4.535274028778076, 4.218083381652832, 4.345900535583496, 4.654806613922119]"
62689.0,2011-06-01T00:00:00.000000000,"[3.7436912059783936, 2.4455649852752686, 6.603969573974609, 5.063819408416748]","[4.5022969245910645, 4.669246673583984, 4.918422222137451, 5.559027671813965]"
62689.0,2011-09-01T00:00:00.000000000,"[2.4455649852752686, 6.603969573974609, 5.063819408416748, -1.1407837867736816]","[4.717451572418213, 4.679231643676758, 4.875518798828125, 4.534406661987305]"
62689.0,2011-12-01T00:00:00.000000000,"[6.603969573974609, 5.063819408416748, -1.1407837867736816, 6.163926601409912]","[4.452425956726074, 4.979650497436523, 4.222047328948975, 4.237136363983154]"
62689.0,2012-03-01T00:00:00.000000000,"[5.063819408416748, -1.1407837867736816, 6.163926601409912, 10.102309226989746]","[5.883797645568848, 4.776281833648682, 5.041420936584473, 5.570547580718994]"
62689.0,2012-06-01T00:00:00.000000000,"[-1.1407837867736816, 6.163926601409912, 10.102309226989746, 5.305843353271484]","[4.536473751068115, 4.58249568939209, 4.684267044067383, 4.929680824279785]"
62689.0,2012-09-01T00:00:00.000000000,"[6.163926601409912, 10.102309226989746, 5.305843353271484, 6.889997482299805]","[2.7475156784057617, 3.1402292251586914, 4.073835849761963, 3.198885440826416]"
62689.0,2012-12-01T00:00:00.000000000,"[10.102309226989746, 5.305843353271484, 6.889997482299805, 5.019815444946289]","[5.034037113189697, 5.288457870483398, 4.318706035614014, 5.7098822593688965]"
62689.0,2013-03-01T00:00:00.000000000,"[5.305843353271484, 6.889997482299805, 5.019815444946289, 10.740371704101562]","[8.116921424865723, 5.218199729919434, 6.16940975189209, 8.141861915588379]"
64768.0,2006-06-01T00:00:00.000000000,"[-0.7304438352584839, -0.8052510619163513, -0.6512360572814941, -0.7139422297477722]","[-0.6826087236404419, -0.6742390394210815, -0.6536913514137268, -0.6712034940719604]"
64768.0,2006-09-01T00:00:00.000000000,"[-0.8052510619163513, -0.6512360572814941, -0.7139422297477722, -0.6798388957977295]","[-0.6814334392547607, -0.6674779653549194, -0.6818960309028625, -0.6824164986610413]"
64768.0,2006-12-01T00:00:00.000000000,"[-0.6512360572814941, -0.7139422297477722, -0.6798388957977295, -0.6820390820503235]","[-0.6983081698417664, -0.6958987712860107, -0.694355845451355, -0.6902580857276917]"
64768.0,2007-03-01T00:00:00.000000000,"[-0.7139422297477722, -0.6798388957977295, -0.6820390820503235, -0.5907301902770996]","[-0.6593698263168335, -0.6681998372077942, -0.6614987254142761, -0.6343904733657837]"
64768.0,2007-06-01T00:00:00.000000000,"[-0.6798388957977295, -0.6820390820503235, -0.5907301902770996, -0.5830294489860535]","[-0.6841054558753967, -0.6792980432510376, -0.6679908037185669, -0.6774991154670715]"
64768.0,2007-09-01T00:00:00.000000000,"[-0.6820390820503235, -0.5907301902770996, -0.5830294489860535, -0.5049218535423279]","[-0.6729826927185059, -0.6704931259155273, -0.6718139052391052, -0.6695588231086731]"
64768.0,2007-12-01T00:00:00.000000000,"[-0.5907301902770996, -0.5830294489860535, -0.5049218535423279, -0.6435353755950928]","[-0.6792312264442444, -0.6782009601593018, -0.6775131225585938, -0.6755231022834778]"
64768.0,2008-03-01T00:00:00.000000000,"[-0.5830294489860535, -0.5049218535423279, -0.6435353755950928, -0.5313244462013245]","[-0.6608816981315613, -0.652753472328186, -0.6453471183776855, -0.6137819290161133]"
64768.0,2008-06-01T00:00:00.000000000,"[-0.5049218535423279, -0.6435353755950928, -0.5313244462013245, -0.5379250645637512]","[-0.6657312512397766, -0.6577281355857849, -0.6406049728393555, -0.6432880759239197]"
64768.0,2008-09-01T00:00:00.000000000,"[-0.6435353755950928, -0.5313244462013245, -0.5379250645637512, -0.6567366123199463]","[-0.6414685845375061, -0.594662606716156, -0.6358299255371094, -0.6302123665809631]"
64768.0,2008-12-01T00:00:00.000000000,"[-0.5313244462013245, -0.5379250645637512, -0.6567366123199463, -0.6435353755950928]","[-0.6380242705345154, -0.646651566028595, -0.6602967381477356, -0.6568039655685425]"
64768.0,2009-03-01T00:00:00.000000000,"[-0.5379250645637512, -0.6567366123199463, -0.6435353755950928, -0.463117778301239]","[-0.6151368618011475, -0.6109616160392761, -0.6394668221473694, -0.6079467535018921]"
64768.0,2009-06-01T00:00:00.000000000,"[-0.6567366123199463, -0.6435353755950928, -0.463117778301239, -0.34100592136383057]","[-0.6257196068763733, -0.6345166563987732, -0.5999732613563538, -0.6200276613235474]"
64768.0,2009-09-01T00:00:00.000000000,"[-0.6435353755950928, -0.463117778301239, -0.34100592136383057, -0.14298662543296814]","[-0.6438374519348145, -0.6042919158935547, -0.6346625089645386, -0.6587205529212952]"
64768.0,2009-12-01T00:00:00.000000000,"[-0.463117778301239, -0.34100592136383057, -0.14298662543296814, -0.06817939877510071]","[-0.6224943399429321, -0.6215342879295349, -0.6524749398231506, -0.6502735018730164]"
64768.0,2010-03-01T00:00:00.000000000,"[-0.34100592136383057, -0.14298662543296814, -0.06817939877510071, -0.03627631068229675]","[-0.5438636541366577, -0.5966275334358215, -0.609698474407196, -0.5578545331954956]"
64768.0,2010-06-01T00:00:00.000000000,"[-0.14298662543296814, -0.06817939877510071, -0.03627631068229675, 0.07923494279384613]","[-0.5902266502380371, -0.5742798447608948, -0.5114445686340332, -0.5191460847854614]"
64768.0,2010-09-01T00:00:00.000000000,"[-0.06817939877510071, -0.03627631068229675, 0.07923494279384613, -0.12648503482341766]","[-0.5249726176261902, -0.3955804407596588, -0.4899485111236572, -0.4919547140598297]"
64768.0,2010-12-01T00:00:00.000000000,"[-0.03627631068229675, 0.07923494279384613, -0.12648503482341766, -0.2353956401348114]","[-0.3135925233364105, -0.3560899794101715, -0.4986283481121063, -0.4883905351161957]"
64768.0,2011-03-01T00:00:00.000000000,"[0.07923494279384613, -0.12648503482341766, -0.2353956401348114, 0.01102833729237318]","[-0.26091650128364563, -0.34928977489471436, -0.48421454429626465, -0.4456291198730469]"
64768.0,2011-06-01T00:00:00.000000000,"[-0.12648503482341766, -0.2353956401348114, 0.01102833729237318, -0.14958731830120087]","[-0.185763418674469, -0.32986533641815186, -0.36037784814834595, -0.3362199664115906]"
64768.0,2011-09-01T00:00:00.000000000,"[-0.2353956401348114, 0.01102833729237318, -0.14958731830120087, 0.43236926198005676]","[-0.2767157256603241, -0.2853894531726837, -0.3441160321235657, -0.3548591136932373]"
64768.0,2011-12-01T00:00:00.000000000,"[0.01102833729237318, -0.14958731830120087, 0.43236926198005676, 0.6600914597511292]","[-0.135372132062912, -0.24445512890815735, -0.32795482873916626, -0.3266809284687042]"
64768.0,2012-03-01T00:00:00.000000000,"[-0.14958731830120087, 0.43236926198005676, 0.6600914597511292, 0.8493099212646484]","[0.0440559983253479, -0.1870414912700653, -0.2356739342212677, -0.1376875936985016]"
64768.0,2012-06-01T00:00:00.000000000,"[0.43236926198005676, 0.6600914597511292, 0.8493099212646484, 1.0363280773162842]","[-0.07105231285095215, -0.2880686819553375, -0.21377235651016235, -0.18336787819862366]"
64768.0,2012-09-01T00:00:00.000000000,"[0.6600914597511292, 0.8493099212646484, 1.0363280773162842, 0.9626208543777466]","[0.07263317704200745, 0.08353915810585022, 0.008508235216140747, 0.14165028929710388]"
64768.0,2012-12-01T00:00:00.000000000,"[0.8493099212646484, 1.0363280773162842, 0.9626208543777466, -0.02747543714940548]","[0.42248496413230896, 0.1758117377758026, 0.11225530505180359, 0.2376437485218048]"
64768.0,2013-03-01T00:00:00.000000000,"[1.0363280773162842, 0.9626208543777466, -0.02747543714940548, -0.06267886608839035]","[0.4617184102535248, 0.3261431157588959, 0.17127534747123718, 0.3498706519603729]"
111534.0,2006-03-01T00:00:00.000000000,"[-2.7029356956481934, 1.3894624710083008, 3.677685022354126, 3.2376420497894287]","[0.6433420181274414, 0.7982170581817627, 1.1549164056777954, 0.8438303470611572]"
111534.0,2006-06-01T00:00:00.000000000,"[1.3894624710083008, 3.677685022354126, 3.2376420497894287, 3.5896763801574707]","[0.2511444687843323, 0.32570576667785645, 0.37527036666870117, 0.5067815780639648]"
111534.0,2006-09-01T00:00:00.000000000,"[3.677685022354126, 3.2376420497894287, 3.5896763801574707, 3.831699848175049]","[1.5814290046691895, 1.1226400136947632, 1.316636562347412, 2.010599136352539]"
111534.0,2006-12-01T00:00:00.000000000,"[3.2376420497894287, 3.5896763801574707, 3.831699848175049, 6.735982418060303]","[1.0840519666671753, 1.3908313512802124, 1.6390008926391602, 2.799853801727295]"
111534.0,2007-03-01T00:00:00.000000000,"[3.5896763801574707, 3.831699848175049, 6.735982418060303, 2.027524471282959]","[1.0501190423965454, 1.4251179695129395, 2.3934106826782227, 1.6809672117233276]"
111534.0,2007-06-01T00:00:00.000000000,"[3.831699848175049, 6.735982418060303, 2.027524471282959, 2.9076099395751953]","[1.8910901546478271, 2.8860232830047607, 1.5537827014923096, 1.5922036170959473]"
111534.0,2007-09-01T00:00:00.000000000,"[6.735982418060303, 2.027524471282959, 2.9076099395751953, 4.381753444671631]","[2.5943732261657715, 1.4978220462799072, 1.665076732635498, 2.438767433166504]"
111534.0,2007-12-01T00:00:00.000000000,"[2.027524471282959, 2.9076099395751953, 4.381753444671631, 5.217834949493408]","[1.9116239547729492, 2.2763562202453613, 2.726635694503784, 4.072178840637207]"
111534.0,2008-03-01T00:00:00.000000000,"[2.9076099395751953, 4.381753444671631, 5.217834949493408, 2.115532875061035]","[1.2972294092178345, 2.0122416019439697, 4.4221649169921875, 1.3606886863708496]"
111534.0,2008-06-01T00:00:00.000000000,"[4.381753444671631, 5.217834949493408, 2.115532875061035, 1.4114645719528198]","[2.5951011180877686, 4.500787258148193, 1.7903602123260498, 1.4838870763778687]"
111534.0,2008-09-01T00:00:00.000000000,"[5.217834949493408, 2.115532875061035, 1.4114645719528198, 2.7315926551818848]","[5.150266647338867, 1.8175148963928223, 2.1608047485351562, 3.080834150314331]"
111534.0,2009-03-01T00:00:00.000000000,"[2.115532875061035, 1.4114645719528198, 2.7315926551818848, 2.7095906734466553]","[2.16670560836792, 2.5744686126708984, 3.072692394256592, 4.514560222625732]"
111534.0,2009-06-01T00:00:00.000000000,"[1.4114645719528198, 2.7315926551818848, 2.7095906734466553, -0.37070879340171814]","[2.0814568996429443, 3.082627296447754, 5.379358291625977, 1.8567225933074951]"
111534.0,2009-09-01T00:00:00.000000000,"[2.7315926551818848, 2.7095906734466553, -0.37070879340171814, 3.083627223968506]","[2.801727294921875, 5.046350479125977, 1.7884119749069214, 1.3756176233291626]"
111534.0,2009-12-01T00:00:00.000000000,"[2.7095906734466553, -0.37070879340171814, 3.083627223968506, 3.3916571140289307]","[4.205896854400635, 0.9778078198432922, 1.5338666439056396, 2.4587039947509766]"
111534.0,2010-03-01T00:00:00.000000000,"[-0.37070879340171814, 3.083627223968506, 3.3916571140289307, 11.004398345947266]","[1.3186419010162354, 1.6746758222579956, 2.00203275680542, 3.3031623363494873]"
111864.0,2006-06-01T00:00:00.000000000,"[0.6413896679878235, 0.575383186340332, 0.7734025120735168, 0.8614109754562378]","[0.5299801826477051, 0.48490554094314575, 0.4541342854499817, 0.4775354266166687]"
111864.0,2006-09-01T00:00:00.000000000,"[0.575383186340332, 0.7734025120735168, 0.8614109754562378, 1.0374282598495483]","[0.6446459889411926, 0.5251369476318359, 0.5021703839302063, 0.5475662350654602]"
111864.0,2006-12-01T00:00:00.000000000,"[0.7734025120735168, 0.8614109754562378, 1.0374282598495483, 0.9714217185974121]","[0.5998988151550293, 0.5001381635665894, 0.516041100025177, 0.5434379577636719]"
111864.0,2007-03-01T00:00:00.000000000,"[0.8614109754562378, 1.0374282598495483, 0.9714217185974121, 1.0594303607940674]","[0.6924378871917725, 0.6324710845947266, 0.6228108406066895, 0.6728774309158325]"
111864.0,2007-06-01T00:00:00.000000000,"[1.0374282598495483, 0.9714217185974121, 1.0594303607940674, 1.0594303607940674]","[0.818654477596283, 0.6922265887260437, 0.6837970614433289, 0.7376388311386108]"
111864.0,2007-09-01T00:00:00.000000000,"[0.9714217185974121, 1.0594303607940674, 1.0594303607940674, 1.2134451866149902]","[0.9301884770393372, 0.8166496157646179, 0.7780912518501282, 0.8627433776855469]"
111864.0,2007-12-01T00:00:00.000000000,"[1.0594303607940674, 1.0594303607940674, 1.2134451866149902, 1.1914430856704712]","[0.9407248497009277, 0.7525487542152405, 0.7867177128791809, 0.8444748520851135]"
111864.0,2008-03-01T00:00:00.000000000,"[1.0594303607940674, 1.2134451866149902, 1.1914430856704712, 1.2134451866149902]","[1.003426432609558, 0.8770674467086792, 0.8817636966705322, 0.9414407014846802]"
111864.0,2008-06-01T00:00:00.000000000,"[1.2134451866149902, 1.1914430856704712, 1.2134451866149902, 1.147438883781433]","[1.1113615036010742, 0.9114723801612854, 0.9346988797187805, 0.9907482862472534]"
111864.0,2008-09-01T00:00:00.000000000,"[1.1914430856704712, 1.2134451866149902, 1.147438883781433, 1.3454581499099731]","[1.195961356163025, 1.0563056468963623, 1.0449556112289429, 1.1345360279083252]"
111864.0,2008-12-01T00:00:00.000000000,"[1.2134451866149902, 1.147438883781433, 1.3454581499099731, 1.455468773841858]","[1.227897047996521, 1.0317696332931519, 1.0740110874176025, 1.1183823347091675]"
111864.0,2009-03-01T00:00:00.000000000,"[1.147438883781433, 1.3454581499099731, 1.455468773841858, 1.5654793977737427]","[1.233036994934082, 1.1525375843048096, 1.134718894958496, 1.1637121438980103]"
111864.0,2009-06-01T00:00:00.000000000,"[1.3454581499099731, 1.455468773841858, 1.5654793977737427, 1.6314857006072998]","[1.3001137971878052, 1.1500478982925415, 1.1627880334854126, 1.169000506401062]"
111864.0,2009-09-01T00:00:00.000000000,"[1.455468773841858, 1.5654793977737427, 1.6314857006072998, 1.9175138473510742]","[1.3582937717437744, 1.3029677867889404, 1.261841058731079, 1.3368760347366333]"
111864.0,2009-12-01T00:00:00.000000000,"[1.5654793977737427, 1.6314857006072998, 1.9175138473510742, 1.9175138473510742]","[1.4501709938049316, 1.3291136026382446, 1.3519692420959473, 1.3884010314941406]"
111864.0,2010-03-01T00:00:00.000000000,"[1.6314857006072998, 1.9175138473510742, 1.9175138473510742, 1.7855008840560913]","[1.466400384902954, 1.4840786457061768, 1.4145466089248657, 1.4463704824447632]"
111864.0,2010-06-01T00:00:00.000000000,"[1.9175138473510742, 1.9175138473510742, 1.7855008840560913, 1.301453948020935]","[1.6353778839111328, 1.504059076309204, 1.4826483726501465, 1.5065608024597168]"
111864.0,2010-09-01T00:00:00.000000000,"[1.9175138473510742, 1.7855008840560913, 1.301453948020935, 1.3674603700637817]","[1.7939096689224243, 1.6626650094985962, 1.6226491928100586, 1.7376106977462769]"
111864.0,2010-12-01T00:00:00.000000000,"[1.7855008840560913, 1.301453948020935, 1.3674603700637817, 1.6754902601242065]","[1.849006175994873, 1.6757574081420898, 1.6949589252471924, 1.7678959369659424]"
111864.0,2011-03-01T00:00:00.000000000,"[1.301453948020935, 1.3674603700637817, 1.6754902601242065, 1.6534881591796875]","[1.7528696060180664, 1.7307546138763428, 1.6969082355499268, 1.7011852264404297]"
111864.0,2011-06-01T00:00:00.000000000,"[1.3674603700637817, 1.6754902601242065, 1.6534881591796875, 1.4114645719528198]","[1.621821641921997, 1.5759937763214111, 1.5738327503204346, 1.4930839538574219]"
111864.0,2011-09-01T00:00:00.000000000,"[1.6754902601242065, 1.6534881591796875, 1.4114645719528198, 1.103434681892395]","[1.5995864868164062, 1.619337797164917, 1.5973992347717285, 1.5855530500411987]"
111864.0,2011-12-01T00:00:00.000000000,"[1.6534881591796875, 1.4114645719528198, 1.103434681892395, 1.4334666728973389]","[1.6973302364349365, 1.686362624168396, 1.7324464321136475, 1.7211358547210693]"
111864.0,2012-03-01T00:00:00.000000000,"[1.4114645719528198, 1.103434681892395, 1.4334666728973389, 0.7734025120735168]","[1.5756008625030518, 1.761354923248291, 1.791698694229126, 1.7473289966583252]"
111864.0,2012-06-01T00:00:00.000000000,"[1.103434681892395, 1.4334666728973389, 0.7734025120735168, 1.4334666728973389]","[1.5481703281402588, 1.7242324352264404, 1.6801451444625854, 1.5257811546325684]"
111864.0,2012-09-01T00:00:00.000000000,"[1.4334666728973389, 0.7734025120735168, 1.4334666728973389, 1.477470874786377]","[1.3866740465164185, 1.4934780597686768, 1.470312476158142, 1.3636131286621094]"
111864.0,2012-12-01T00:00:00.000000000,"[0.7734025120735168, 1.4334666728973389, 1.477470874786377, 1.6314857006072998]","[1.4304332733154297, 1.478649616241455, 1.5862140655517578, 1.5159233808517456]"
111864.0,2013-03-01T00:00:00.000000000,"[1.4334666728973389, 1.477470874786377, 1.6314857006072998, 1.7194944620132446]","[1.292017936706543, 1.3118737936019897, 1.4214427471160889, 1.4016344547271729]"
112111.0,2006-06-01T00:00:00.000000000,"[-0.5247237682342529, -0.5093222856521606, -0.49612101912498474, -0.6259335875511169]","[-0.5795684456825256, -0.5786182880401611, -0.5508720874786377, -0.5818314552307129]"
112111.0,2006-09-01T00:00:00.000000000,"[-0.5093222856521606, -0.49612101912498474, -0.6259335875511169, -0.6831392049789429]","[-0.5452464818954468, -0.5408551096916199, -0.572019636631012, -0.5650421380996704]"
112111.0,2006-12-01T00:00:00.000000000,"[-0.49612101912498474, -0.6259335875511169, -0.6831392049789429, -0.5841295719146729]","[-0.5029175877571106, -0.5590334534645081, -0.5675650835037231, -0.549477219581604]"
112111.0,2007-03-01T00:00:00.000000000,"[-0.6259335875511169, -0.6831392049789429, -0.5841295719146729, -0.45871737599372864]","[-0.5315593481063843, -0.5486758351325989, -0.5530056953430176, -0.5387160181999207]"
112111.0,2007-06-01T00:00:00.000000000,"[-0.6831392049789429, -0.5841295719146729, -0.45871737599372864, -0.491720587015152]","[-0.5966538190841675, -0.5853366851806641, -0.5519648790359497, -0.5981650948524475]"
112111.0,2007-09-01T00:00:00.000000000,"[-0.5841295719146729, -0.45871737599372864, -0.491720587015152, -0.5005214810371399]","[-0.6211594343185425, -0.5926799178123474, -0.6236827969551086, -0.6257274150848389]"
112111.0,2007-12-01T00:00:00.000000000,"[-0.45871737599372864, -0.491720587015152, -0.5005214810371399, -0.45651715993881226]","[-0.5293404459953308, -0.5973097681999207, -0.5855592489242554, -0.5579361915588379]"
112111.0,2008-03-01T00:00:00.000000000,"[-0.491720587015152, -0.5005214810371399, -0.45651715993881226, -0.41691333055496216]","[-0.5590289831161499, -0.5601993203163147, -0.5351171493530273, -0.47720539569854736]"
112111.0,2008-06-01T00:00:00.000000000,"[-0.5005214810371399, -0.45651715993881226, -0.41691333055496216, -0.5115225315093994]","[-0.5793396234512329, -0.5354675650596619, -0.4466821551322937, -0.532860279083252]"
112111.0,2008-09-01T00:00:00.000000000,"[-0.45651715993881226, -0.41691333055496216, -0.5115225315093994, -0.3905107378959656]","[-0.5384595990180969, -0.4761265218257904, -0.5424740314483643, -0.5490338802337646]"
112111.0,2008-12-01T00:00:00.000000000,"[-0.41691333055496216, -0.5115225315093994, -0.3905107378959656, -0.4257141649723053]","[-0.425079345703125, -0.520965039730072, -0.5229766368865967, -0.4988848567008972]"
112111.0,2009-03-01T00:00:00.000000000,"[-0.5115225315093994, -0.3905107378959656, -0.4257141649723053, -0.3377055823802948]","[-0.4675212502479553, -0.4929537773132324, -0.4805958867073059, -0.44495609402656555]"
112111.0,2009-06-01T00:00:00.000000000,"[-0.3905107378959656, -0.4257141649723053, -0.3377055823802948, -0.3355053961277008]","[-0.5306211113929749, -0.4951839745044708, -0.45264554023742676, -0.5103941559791565]"
112111.0,2009-09-01T00:00:00.000000000,"[-0.4257141649723053, -0.3377055823802948, -0.3355053961277008, -0.22549466788768768]","[-0.42796361446380615, -0.4170953631401062, -0.4644913673400879, -0.4556728005409241]"
112111.0,2009-12-01T00:00:00.000000000,"[-0.3377055823802948, -0.3355053961277008, -0.22549466788768768, -0.08248080313205719]","[-0.37224337458610535, -0.48162710666656494, -0.4594118297100067, -0.4425748586654663]"
112111.0,2010-03-01T00:00:00.000000000,"[-0.3355053961277008, -0.22549466788768768, -0.08248080313205719, -0.1440867930650711]","[-0.40827256441116333, -0.4229941964149475, -0.40249931812286377, -0.35959628224372864]"
112111.0,2010-06-01T00:00:00.000000000,"[-0.22549466788768768, -0.08248080313205719, -0.1440867930650711, -0.2100931704044342]","[-0.3786633610725403, -0.41385000944137573, -0.3875204920768738, -0.37884849309921265]"
112111.0,2010-09-01T00:00:00.000000000,"[-0.08248080313205719, -0.1440867930650711, -0.2100931704044342, -0.12648503482341766]","[-0.2936228811740875, -0.31023168563842773, -0.3581799864768982, -0.3193404972553253]"
112111.0,2010-12-01T00:00:00.000000000,"[-0.1440867930650711, -0.2100931704044342, -0.12648503482341766, -0.08028054982423782]","[-0.1622544527053833, -0.30209264159202576, -0.3044653534889221, -0.2360474169254303]"
112111.0,2011-03-01T00:00:00.000000000,"[-0.2100931704044342, -0.12648503482341766, -0.08028054982423782, -0.16388869285583496]","[-0.2507683336734772, -0.33004817366600037, -0.30098217725753784, -0.2506808638572693]"
112111.0,2011-06-01T00:00:00.000000000,"[-0.12648503482341766, -0.08028054982423782, -0.16388869285583496, -0.18589083850383759]","[-0.24345946311950684, -0.2993139624595642, -0.2805589437484741, -0.2676745653152466]"
112111.0,2011-09-01T00:00:00.000000000,"[-0.08028054982423782, -0.16388869285583496, -0.18589083850383759, -0.20349255204200745]","[-0.10433962941169739, -0.21675872802734375, -0.2247900664806366, -0.17005127668380737]"
112111.0,2011-12-01T00:00:00.000000000,"[-0.16388869285583496, -0.18589083850383759, -0.20349255204200745, -0.07367992401123047]","[-0.03142446279525757, -0.20008894801139832, -0.17516657710075378, -0.1057363748550415]"
112111.0,2012-03-01T00:00:00.000000000,"[-0.18589083850383759, -0.20349255204200745, -0.07367992401123047, -0.0956820473074913]","[-0.1638086438179016, -0.24085547029972076, -0.1963273286819458, -0.15978586673736572]"
112111.0,2012-06-01T00:00:00.000000000,"[-0.20349255204200745, -0.07367992401123047, -0.0956820473074913, -0.12868529558181763]","[-0.1360117495059967, -0.1747874915599823, -0.16330498456954956, -0.164465993642807]"
112111.0,2012-09-01T00:00:00.000000000,"[-0.07367992401123047, -0.0956820473074913, -0.12868529558181763, -0.15068741142749786]","[-0.06843411922454834, -0.14090734720230103, -0.15803512930870056, -0.12700101733207703]"
112111.0,2012-12-01T00:00:00.000000000,"[-0.0956820473074913, -0.12868529558181763, -0.15068741142749786, 0.06933397799730301]","[-0.030610501766204834, -0.12202757596969604, -0.09811663627624512, -0.032722413539886475]"
117768.0,2006-03-01T00:00:00.000000000,"[-0.5852296352386475, -0.5797291398048401, -0.5302243232727051, -0.5082221627235413]","[-0.5756967663764954, -0.5738524794578552, -0.5704879760742188, -0.5617289543151855]"
117768.0,2006-06-01T00:00:00.000000000,"[-0.5797291398048401, -0.5302243232727051, -0.5082221627235413, -0.5687280893325806]","[-0.5721890926361084, -0.5726253390312195, -0.5707443952560425, -0.570307195186615]"
117768.0,2006-09-01T00:00:00.000000000,"[-0.5302243232727051, -0.5082221627235413, -0.5687280893325806, -0.607231855392456]","[-0.5714920163154602, -0.5718945264816284, -0.5698883533477783, -0.569153904914856]"
117768.0,2007-03-01T00:00:00.000000000,"[-0.5082221627235413, -0.5687280893325806, -0.607231855392456, -0.45871737599372864]","[-0.572709858417511, -0.5705524682998657, -0.5669949650764465, -0.5571659803390503]"
117768.0,2007-06-01T00:00:00.000000000,"[-0.5687280893325806, -0.607231855392456, -0.45871737599372864, -0.5082221627235413]","[-0.5561219453811646, -0.5510112047195435, -0.5434666275978088, -0.5194450616836548]"
117768.0,2007-09-01T00:00:00.000000000,"[-0.607231855392456, -0.45871737599372864, -0.5082221627235413, -0.5192232131958008]","[-0.5604274272918701, -0.56093430519104, -0.5584848523139954, -0.5572928786277771]"
117768.0,2007-12-01T00:00:00.000000000,"[-0.45871737599372864, -0.5082221627235413, -0.5192232131958008, -0.48071953654289246]","[-0.5626548528671265, -0.5632230639457703, -0.5610523223876953, -0.5604896545410156]"
117768.0,2008-03-01T00:00:00.000000000,"[-0.5082221627235413, -0.5192232131958008, -0.48071953654289246, -0.23869597911834717]","[-0.559344470500946, -0.555252194404602, -0.549441933631897, -0.5309990048408508]"
117768.0,2008-06-01T00:00:00.000000000,"[-0.5192232131958008, -0.48071953654289246, -0.23869597911834717, -0.15618793666362762]","[-0.567135214805603, -0.5671324729919434, -0.5655115246772766, -0.5644969940185547]"
117768.0,2008-09-01T00:00:00.000000000,"[-0.48071953654289246, -0.23869597911834717, -0.15618793666362762, -0.26619863510131836]","[-0.5623698234558105, -0.5450831055641174, -0.569560170173645, -0.5682801008224487]"
117768.0,2008-12-01T00:00:00.000000000,"[-0.23869597911834717, -0.15618793666362762, -0.26619863510131836, -0.19469167292118073]","[-0.5585348606109619, -0.5589472651481628, -0.5567983984947205, -0.5559790730476379]"
117768.0,2009-03-01T00:00:00.000000000,"[-0.15618793666362762, -0.26619863510131836, -0.19469167292118073, 0.030830271542072296]","[-0.39030855894088745, -0.4662550091743469, -0.4442538022994995, -0.3676574230194092]"
117768.0,2009-06-01T00:00:00.000000000,"[-0.26619863510131836, -0.19469167292118073, 0.030830271542072296, 0.16284312307834625]","[-0.3572278618812561, -0.41421234607696533, -0.36817222833633423, -0.3228381276130676]"
117768.0,2009-09-01T00:00:00.000000000,"[-0.19469167292118073, 0.030830271542072296, 0.16284312307834625, 0.426868736743927]","[-0.4218537211418152, -0.34788140654563904, -0.4299919903278351, -0.4650267958641052]"
117768.0,2009-12-01T00:00:00.000000000,"[0.030830271542072296, 0.16284312307834625, 0.426868736743927, 0.36636292934417725]","[-0.18282917141914368, -0.3335180878639221, -0.3904593586921692, -0.36061298847198486]"
117768.0,2010-03-01T00:00:00.000000000,"[0.16284312307834625, 0.426868736743927, 0.36636292934417725, 0.3113575577735901]","[-0.07787147164344788, -0.27059298753738403, -0.2741369307041168, -0.14515140652656555]"
117768.0,2010-06-01T00:00:00.000000000,"[0.426868736743927, 0.36636292934417725, 0.3113575577735901, -0.2606981098651886]","[-0.17712059617042542, -0.20598602294921875, -0.12613430619239807, -0.13079234957695007]"
117768.0,2010-09-01T00:00:00.000000000,"[0.36636292934417725, 0.3113575577735901, -0.2606981098651886, -0.21669383347034454]","[-0.04831764101982117, -0.0005529224872589111, -0.07892042398452759, -0.11793398857116699]"
117768.0,2010-12-01T00:00:00.000000000,"[0.3113575577735901, -0.2606981098651886, -0.21669383347034454, -0.018674563616514206]","[0.16091272234916687, -0.005366891622543335, -0.14202803373336792, -0.11909431219100952]"
117768.0,2011-03-01T00:00:00.000000000,"[-0.2606981098651886, -0.21669383347034454, -0.018674563616514206, 0.27835431694984436]","[0.19671916961669922, -0.05121314525604248, -0.10012170672416687, -0.0045032501220703125]"
117768.0,2011-06-01T00:00:00.000000000,"[-0.21669383347034454, -0.018674563616514206, 0.27835431694984436, 0.3388602137565613]","[-0.03370481729507446, -0.24815483391284943, -0.1309683620929718, -0.07464039325714111]"
117768.0,2011-09-01T00:00:00.000000000,"[-0.018674563616514206, 0.27835431694984436, 0.3388602137565613, 0.2893553674221039]","[-0.06396251916885376, -0.008923202753067017, -0.0900145173072815, -0.06348952651023865]"
117768.0,2011-12-01T00:00:00.000000000,"[0.27835431694984436, 0.3388602137565613, 0.2893553674221039, 0.4983757734298706]","[0.19996660947799683, -0.0236453115940094, -0.05337831377983093, -0.018100351095199585]"
117768.0,2012-03-01T00:00:00.000000000,"[0.3388602137565613, 0.2893553674221039, 0.4983757734298706, 0.8999148011207581]","[0.09533825516700745, 0.03810971975326538, 0.11335176229476929, 0.21988224983215332]"
117768.0,2012-06-01T00:00:00.000000000,"[0.2893553674221039, 0.4983757734298706, 0.8999148011207581, 1.0044249296188354]","[0.12147817015647888, 0.1007007360458374, 0.22420021891593933, 0.2847822606563568]"
117768.0,2012-09-01T00:00:00.000000000,"[0.4983757734298706, 0.8999148011207581, 1.0044249296188354, 1.3124550580978394]","[0.21870627999305725, 0.3067761957645416, 0.23202309012413025, 0.2544536292552948]"
117768.0,2012-12-01T00:00:00.000000000,"[0.8999148011207581, 1.0044249296188354, 1.3124550580978394, 1.5874814987182617]","[0.598090648651123, 0.33634790778160095, 0.28069284558296204, 0.35764434933662415]"
117768.0,2013-03-01T00:00:00.000000000,"[1.0044249296188354, 1.3124550580978394, 1.5874814987182617, 1.8735092878341675]","[0.6876261234283447, 0.4193088114261627, 0.49198195338249207, 0.7097170352935791]"
126136.0,2004-03-01T00:00:00.000000000,"[-1.7227402925491333, -1.8930367231369019, -1.8688346147537231, -2.47697377204895]","[-2.1900100708007812, -2.1171090602874756, -1.9950236082077026, -1.665665864944458]"
126136.0,2004-06-01T00:00:00.000000000,"[-1.8930367231369019, -1.8688346147537231, -2.47697377204895, -1.0901788473129272]","[-1.6011695861816406, -1.1570427417755127, -1.6552424430847168, -2.1731693744659424]"
126136.0,2004-12-01T00:00:00.000000000,"[-1.8688346147537231, -2.47697377204895, -1.0901788473129272, 0.9051952958106995]","[-1.7192161083221436, -2.2542004585266113, -2.1999316215515137, -1.6571447849273682]"
126136.0,2005-03-01T00:00:00.000000000,"[-2.47697377204895, -1.0901788473129272, 0.9051952958106995, -3.3530988693237305]","[-2.076261520385742, -2.172048807144165, -1.945878267288208, -1.4796847105026245]"
126136.0,2005-06-01T00:00:00.000000000,"[-1.0901788473129272, 0.9051952958106995, -3.3530988693237305, -4.78873872756958]","[-2.4493091106414795, -2.3452823162078857, -2.217388391494751, -1.8073782920837402]"
126136.0,2005-09-01T00:00:00.000000000,"[0.9051952958106995, -3.3530988693237305, -4.78873872756958, 0.8174067735671997]","[-1.5380853414535522, -0.9994779825210571, -1.6271486282348633, -2.2131845951080322]"
126136.0,2005-12-01T00:00:00.000000000,"[-3.3530988693237305, -4.78873872756958, 0.8174067735671997, 2.973616361618042]","[-0.8267396688461304, -1.1388423442840576, -1.6707537174224854, -0.5885783433914185]"
126136.0,2006-03-01T00:00:00.000000000,"[-4.78873872756958, 0.8174067735671997, 2.973616361618042, 0.553381085395813]","[-2.323573589324951, -2.2751851081848145, -2.0801022052764893, -2.199117660522461]"
126136.0,2006-06-01T00:00:00.000000000,"[0.8174067735671997, 2.973616361618042, 0.553381085395813, 0.44337034225463867]","[-2.63925838470459, -2.6254758834838867, -2.5944113731384277, -2.5443809032440186]"
126136.0,2006-12-01T00:00:00.000000000,"[2.973616361618042, 0.553381085395813, 0.44337034225463867, -0.28270024061203003]","[0.01982283592224121, -0.9882433414459229, -1.4683232307434082, -1.1624871492385864]"
126136.0,2007-06-01T00:00:00.000000000,"[0.553381085395813, 0.44337034225463867, -0.28270024061203003, 1.8075029850006104]","[0.6777210235595703, -0.06198239326477051, -0.13870501518249512, 1.6566758155822754]"
126136.0,2007-09-01T00:00:00.000000000,"[0.44337034225463867, -0.28270024061203003, 1.8075029850006104, 0.8394088745117188]","[-1.1765720844268799, -0.6488978862762451, 0.7509369850158691, -0.3770557641983032]"
126136.0,2007-12-01T00:00:00.000000000,"[-0.28270024061203003, 1.8075029850006104, 0.8394088745117188, 1.8295050859451294]","[-0.8622801303863525, 0.06522536277770996, -0.7954893112182617, -1.0663118362426758]"
126136.0,2008-03-01T00:00:00.000000000,"[1.8075029850006104, 0.8394088745117188, 1.8295050859451294, 2.2915501594543457]","[0.939781665802002, 0.14587068557739258, -0.41350603103637695, -0.9158294200897217]"
126136.0,2008-06-01T00:00:00.000000000,"[0.8394088745117188, 1.8295050859451294, 2.2915501594543457, 2.1375350952148438]","[1.2040914297103882, 1.0919872522354126, 0.6423453092575073, 2.032383918762207]"
126136.0,2008-09-01T00:00:00.000000000,"[1.8295050859451294, 2.2915501594543457, 2.1375350952148438, 1.7414965629577637]","[0.07353508472442627, -0.1569889783859253, 0.5916012525558472, 0.7234944105148315]"
126136.0,2008-12-01T00:00:00.000000000,"[2.2915501594543457, 2.1375350952148438, 1.7414965629577637, 2.3575565814971924]","[0.22758007049560547, 1.4732427597045898, 0.5907711982727051, 0.5728883743286133]"
126136.0,2010-09-01T00:00:00.000000000,"[2.1375350952148438, 1.7414965629577637, 2.3575565814971924, 3.127631425857544]","[1.9601353406906128, 1.569445013999939, 0.993085503578186, 0.21198761463165283]"
126136.0,2010-12-01T00:00:00.000000000,"[1.7414965629577637, 2.3575565814971924, 3.127631425857544, 6.515960693359375]","[1.4315695762634277, 1.8755762577056885, 1.0430612564086914, 2.4258103370666504]"
126136.0,2011-03-01T00:00:00.000000000,"[2.3575565814971924, 3.127631425857544, 6.515960693359375, 3.3916571140289307]","[1.607414722442627, 0.8933820724487305, 1.832587480545044, 1.8513259887695312]"
126136.0,2011-06-01T00:00:00.000000000,"[3.127631425857544, 6.515960693359375, 3.3916571140289307, 7.286036014556885]","[0.8119041919708252, 1.9886064529418945, 1.1542813777923584, 1.1217012405395508]"
126136.0,2011-09-01T00:00:00.000000000,"[6.515960693359375, 3.3916571140289307, 7.286036014556885, 7.880094051361084]","[3.70383882522583, 2.7101941108703613, 2.457646369934082, 2.452660083770752]"
126136.0,2011-12-01T00:00:00.000000000,"[3.3916571140289307, 7.286036014556885, 7.880094051361084, 12.610553741455078]","[4.544696807861328, 3.6714653968811035, 3.725820541381836, 5.127172470092773]"
126136.0,2012-03-01T00:00:00.000000000,"[7.286036014556885, 7.880094051361084, 12.610553741455078, 8.34213924407959]","[3.016435146331787, 2.116838216781616, 3.821559190750122, 2.99924898147583]"
126136.0,2012-06-01T00:00:00.000000000,"[7.880094051361084, 12.610553741455078, 8.34213924407959, 10.938390731811523]","[5.316529750823975, 5.9799370765686035, 4.602866172790527, 4.89955997467041]"
126136.0,2012-09-01T00:00:00.000000000,"[12.610553741455078, 8.34213924407959, 10.938390731811523, 13.6006498336792]","[8.552000045776367, 5.147195339202881, 4.879868507385254, 5.785214900970459]"
126136.0,2012-12-01T00:00:00.000000000,"[8.34213924407959, 10.938390731811523, 13.6006498336792, 18.947172164916992]","[8.615073204040527, 6.7543535232543945, 6.899012565612793, 9.239482879638672]"
134932.0,2006-06-01T00:00:00.000000000,"[-0.2606981098651886, -0.23869597911834717, -0.3267045319080353, -0.2606981098651886]","[-0.2913339138031006, -0.2789367437362671, -0.2586858868598938, -0.21540290117263794]"
134932.0,2006-09-01T00:00:00.000000000,"[-0.23869597911834717, -0.3267045319080353, -0.2606981098651886, -0.21669383347034454]","[-0.28581544756889343, -0.27295997738838196, -0.254210889339447, -0.18361477553844452]"
134932.0,2006-12-01T00:00:00.000000000,"[-0.3267045319080353, -0.2606981098651886, -0.21669383347034454, -0.19469167292118073]","[-0.2771884500980377, -0.26072168350219727, -0.24217700958251953, -0.17228597402572632]"
134932.0,2007-03-01T00:00:00.000000000,"[-0.2606981098651886, -0.21669383347034454, -0.19469167292118073, -0.28270024061203003]","[-0.2911912500858307, -0.2872902750968933, -0.2807163894176483, -0.26284435391426086]"
134932.0,2007-06-01T00:00:00.000000000,"[-0.21669383347034454, -0.19469167292118073, -0.28270024061203003, -0.3267045319080353]","[-0.27406924962997437, -0.26826223731040955, -0.2588845193386078, -0.23054078221321106]"
134932.0,2007-09-01T00:00:00.000000000,"[-0.19469167292118073, -0.28270024061203003, -0.3267045319080353, -0.23869597911834717]","[-0.24706333875656128, -0.24098896980285645, -0.2280164361000061, -0.19382092356681824]"
134932.0,2007-12-01T00:00:00.000000000,"[-0.28270024061203003, -0.3267045319080353, -0.23869597911834717, -0.1726895570755005]","[-0.2549321949481964, -0.24436211585998535, -0.22880050539970398, -0.17884603142738342]"
134932.0,2008-03-01T00:00:00.000000000,"[-0.3267045319080353, -0.23869597911834717, -0.1726895570755005, -0.06267886608839035]","[-0.2795373797416687, -0.27719953656196594, -0.2709299325942993, -0.2569676637649536]"
134932.0,2008-06-01T00:00:00.000000000,"[-0.23869597911834717, -0.1726895570755005, -0.06267886608839035, -0.19469167292118073]","[-0.2794685363769531, -0.2804986834526062, -0.2767941355705261, -0.2757643461227417]"
134932.0,2008-09-01T00:00:00.000000000,"[-0.1726895570755005, -0.06267886608839035, -0.19469167292118073, -0.12868529558181763]","[-0.2508854866027832, -0.24509045481681824, -0.23263941705226898, -0.20087653398513794]"
134932.0,2008-12-01T00:00:00.000000000,"[-0.06267886608839035, -0.19469167292118073, -0.12868529558181763, -0.018674563616514206]","[-0.2539161443710327, -0.2433919608592987, -0.22752302885055542, -0.177130326628685]"
134932.0,2009-03-01T00:00:00.000000000,"[-0.19469167292118073, -0.12868529558181763, -0.018674563616514206, 0.15734252333641052]","[-0.21591556072235107, -0.20728939771652222, -0.17283634841442108, -0.16399222612380981]"
134932.0,2009-06-01T00:00:00.000000000,"[-0.12868529558181763, -0.018674563616514206, 0.15734252333641052, 0.17934469878673553]","[-0.22022859752178192, -0.16782091557979584, -0.22932928800582886, -0.2470509111881256]"
134932.0,2009-09-01T00:00:00.000000000,"[-0.018674563616514206, 0.15734252333641052, 0.17934469878673553, 0.3113575577735901]","[-0.15172387659549713, -0.17526648938655853, -0.21436041593551636, -0.14541807770729065]"
134932.0,2009-12-01T00:00:00.000000000,"[0.15734252333641052, 0.17934469878673553, 0.3113575577735901, 0.553381085395813]","[-0.1580808013677597, -0.18541869521141052, -0.15145817399024963, -0.11342543363571167]"
134932.0,2010-03-01T00:00:00.000000000,"[0.17934469878673553, 0.3113575577735901, 0.553381085395813, 0.4653724431991577]","[-0.11742603778839111, -0.06550854444503784, -0.045889899134635925, 0.0010560452938079834]"
134932.0,2010-06-01T00:00:00.000000000,"[0.3113575577735901, 0.553381085395813, 0.4653724431991577, 0.2453511357307434]","[-0.027109667658805847, 0.05114498734474182, -0.06328774988651276, -0.07326000928878784]"
134932.0,2010-09-01T00:00:00.000000000,"[0.553381085395813, 0.4653724431991577, 0.2453511357307434, 0.2233489453792572]","[0.091108039021492, 0.05605973303318024, -0.05234096944332123, -0.023698776960372925]"
134932.0,2010-12-01T00:00:00.000000000,"[0.4653724431991577, 0.2453511357307434, 0.2233489453792572, 0.025329740718007088]","[0.10945180058479309, 0.06813937425613403, -0.017536267638206482, 0.026583924889564514]"
134932.0,2011-03-01T00:00:00.000000000,"[0.2453511357307434, 0.2233489453792572, 0.025329740718007088, -0.04067668318748474]","[0.06463903188705444, 0.14904002845287323, 0.1440485268831253, -0.012094452977180481]"
134932.0,2011-06-01T00:00:00.000000000,"[0.2233489453792572, 0.025329740718007088, -0.04067668318748474, -0.48071953654289246]","[0.1259569525718689, 0.14048492908477783, -0.031924113631248474, -0.08401985466480255]"
134932.0,2011-09-01T00:00:00.000000000,"[0.025329740718007088, -0.04067668318748474, -0.48071953654289246, -0.4367152154445648]","[0.2994098365306854, 0.08892470598220825, 0.03204569220542908, 0.03756418824195862]"
134932.0,2011-12-01T00:00:00.000000000,"[-0.04067668318748474, -0.48071953654289246, -0.4367152154445648, -0.10668310523033142]","[0.059958115220069885, 0.006143659353256226, -0.00386771559715271, -0.028199993073940277]"
134932.0,2012-03-01T00:00:00.000000000,"[-0.48071953654289246, -0.4367152154445648, -0.10668310523033142, 0.06933397799730301]","[0.045563310384750366, 0.07180199027061462, 0.11836299300193787, 0.05065061151981354]"
134932.0,2012-06-01T00:00:00.000000000,"[-0.4367152154445648, -0.10668310523033142, 0.06933397799730301, 0.06933397799730301]","[-0.1870618313550949, -0.17603659629821777, -0.14965595304965973, -0.18884198367595673]"
134932.0,2012-09-01T00:00:00.000000000,"[-0.10668310523033142, 0.06933397799730301, 0.06933397799730301, 0.6853939294815063]","[-0.19937163591384888, -0.2723570764064789, -0.2203233540058136, -0.12974683940410614]"
134932.0,2012-12-01T00:00:00.000000000,"[0.06933397799730301, 0.06933397799730301, 0.6853939294815063, 1.2134451866149902]","[-0.12599484622478485, -0.14147652685642242, -0.05377994477748871, 0.06830692291259766]"
134932.0,2013-03-01T00:00:00.000000000,"[0.06933397799730301, 0.6853939294815063, 1.2134451866149902, 1.6974923610687256]","[-0.00046119093894958496, 0.05204609036445618, 0.15465636551380157, 0.2882041931152344]"
136725.0,2006-06-01T00:00:00.000000000,"[0.03259040787816048, 0.25767233967781067, 0.5021160840988159, 0.17208397388458252]","[0.19124658405780792, 0.17322181165218353, 0.2845897078514099, 0.20397378504276276]"
136725.0,2006-09-01T00:00:00.000000000,"[0.25767233967781067, 0.5021160840988159, 0.17208397388458252, 0.41652771830558777]","[0.1381862610578537, 0.3014203906059265, 0.20729456841945648, 0.19227708876132965]"
136725.0,2006-12-01T00:00:00.000000000,"[0.5021160840988159, 0.17208397388458252, 0.41652771830558777, 0.392105370759964]","[0.38177716732025146, 0.19951067864894867, 0.2734071612358093, 0.29213690757751465]"
136725.0,2007-03-01T00:00:00.000000000,"[0.17208397388458252, 0.41652771830558777, 0.392105370759964, 0.7390791177749634]","[0.2849912643432617, 0.3562164306640625, 0.42191916704177856, 0.509635329246521]"
136725.0,2007-06-01T00:00:00.000000000,"[0.41652771830558777, 0.392105370759964, 0.7390791177749634, 0.3797842264175415]","[0.25590598583221436, 0.3263207972049713, 0.3801451623439789, 0.30573365092277527]"
136725.0,2007-09-01T00:00:00.000000000,"[0.392105370759964, 0.7390791177749634, 0.3797842264175415, 0.6730727553367615]","[0.3022948205471039, 0.5183824300765991, 0.34902051091194153, 0.310149610042572]"
136725.0,2007-12-01T00:00:00.000000000,"[0.7390791177749634, 0.3797842264175415, 0.6730727553367615, 0.8125662803649902]","[0.49973154067993164, 0.33536747097969055, 0.3544960618019104, 0.33129724860191345]"
136725.0,2008-03-01T00:00:00.000000000,"[0.3797842264175415, 0.6730727553367615, 0.8125662803649902, 0.7881438732147217]","[0.3914482891559601, 0.5263442993164062, 0.5621144771575928, 0.6716443300247192]"
136725.0,2008-06-01T00:00:00.000000000,"[0.6730727553367615, 0.8125662803649902, 0.7881438732147217, 0.543700098991394]","[0.39300891757011414, 0.44952642917633057, 0.5169607400894165, 0.40067461133003235]"
136725.0,2008-09-01T00:00:00.000000000,"[0.8125662803649902, 0.7881438732147217, 0.543700098991394, 0.7538204789161682]","[0.47099530696868896, 0.7592635154724121, 0.5029016137123108, 0.48323914408683777]"
136725.0,2008-12-01T00:00:00.000000000,"[0.7881438732147217, 0.543700098991394, 0.7538204789161682, 1.3307167291641235]","[0.916431188583374, 0.5671101808547974, 0.6001722812652588, 0.6261690258979797]"
136725.0,2009-03-01T00:00:00.000000000,"[0.543700098991394, 0.7538204789161682, 1.3307167291641235, 1.1621804237365723]","[0.5313481688499451, 0.654717206954956, 0.7045850157737732, 0.7842917442321777]"
136725.0,2009-06-01T00:00:00.000000000,"[0.7538204789161682, 1.3307167291641235, 1.1621804237365723, 1.0886931419372559]","[0.5532983541488647, 0.6211662888526917, 0.656582236289978, 0.486599326133728]"
136725.0,2009-09-01T00:00:00.000000000,"[1.3307167291641235, 1.1621804237365723, 1.0886931419372559, 1.323456048965454]","[0.6885301470756531, 0.8912373781204224, 0.6206848621368408, 0.6026961803436279]"
136725.0,2009-12-01T00:00:00.000000000,"[1.1621804237365723, 1.0886931419372559, 1.323456048965454, 1.3747209310531616]","[1.3214292526245117, 0.9077092409133911, 0.9312148094177246, 1.0697070360183716]"
136725.0,2010-03-01T00:00:00.000000000,"[1.0886931419372559, 1.323456048965454, 1.3747209310531616, 1.5874814987182617]","[0.8298476934432983, 0.8534972667694092, 0.9322148561477661, 1.084203839302063]"
136725.0,2010-06-01T00:00:00.000000000,"[1.323456048965454, 1.3747209310531616, 1.5874814987182617, 1.2134451866149902]","[0.9482630491256714, 0.9963322877883911, 0.9719876050949097, 0.9098644256591797]"
136725.0,2010-09-01T00:00:00.000000000,"[1.3747209310531616, 1.5874814987182617, 1.2134451866149902, 1.6827508211135864]","[1.3360347747802734, 1.188042163848877, 1.0177524089813232, 1.124210000038147]"
136725.0,2010-12-01T00:00:00.000000000,"[1.5874814987182617, 1.2134451866149902, 1.6827508211135864, 1.8147637844085693]","[1.5929498672485352, 1.1237765550613403, 1.1890981197357178, 1.349225401878357]"
136725.0,2011-03-01T00:00:00.000000000,"[1.2134451866149902, 1.6827508211135864, 1.8147637844085693, 1.8515071868896484]","[1.2606757879257202, 1.157240629196167, 1.254164218902588, 1.5070462226867676]"
136725.0,2011-06-01T00:00:00.000000000,"[1.6827508211135864, 1.8147637844085693, 1.8515071868896484, 1.2721909284591675]","[1.291146159172058, 1.175274133682251, 1.3106896877288818, 1.17831552028656]"
136725.0,2011-09-01T00:00:00.000000000,"[1.8147637844085693, 1.8515071868896484, 1.2721909284591675, 0.11333828419446945]","[1.6884520053863525, 1.6342356204986572, 1.370453119277954, 1.5258877277374268]"
136725.0,2011-12-01T00:00:00.000000000,"[1.8515071868896484, 1.2721909284591675, 0.11333828419446945, 1.3307167291641235]","[2.0473434925079346, 1.339671015739441, 1.5140372514724731, 1.7405731678009033]"
136725.0,2012-03-01T00:00:00.000000000,"[1.2721909284591675, 0.11333828419446945, 1.3307167291641235, 1.924774408340454]","[1.5132675170898438, 1.474805235862732, 1.5661592483520508, 1.8089350461959839]"
136725.0,2012-06-01T00:00:00.000000000,"[0.11333828419446945, 1.3307167291641235, 1.924774408340454, 1.880770206451416]","[1.5050201416015625, 1.3935623168945312, 1.5065333843231201, 1.3518586158752441]"
136725.0,2012-09-01T00:00:00.000000000,"[1.3307167291641235, 1.924774408340454, 1.880770206451416, 2.174278736114502]","[0.8647887706756592, 1.0391342639923096, 0.8648696541786194, 0.8723909854888916]"
136725.0,2012-12-01T00:00:00.000000000,"[1.924774408340454, 1.880770206451416, 2.174278736114502, 1.9175138473510742]","[1.8163807392120361, 1.2061247825622559, 1.430185317993164, 1.6899244785308838]"
136725.0,2013-03-01T00:00:00.000000000,"[1.880770206451416, 2.174278736114502, 1.9175138473510742, 2.1595370769500732]","[1.4956839084625244, 1.4116429090499878, 1.7294816970825195, 2.1221439838409424]"
137310.0,2005-09-01T00:00:00.000000000,"[-0.10668310523033142, 0.047331858426332474, -0.06267886608839035, -0.15068741142749786]","[-0.08796866983175278, -0.05726943910121918, 0.017788037657737732, 0.07401373982429504]"
137310.0,2005-12-01T00:00:00.000000000,"[0.047331858426332474, -0.06267886608839035, -0.15068741142749786, -0.4147131145000458]","[-0.05504337698221207, -0.03616710007190704, 0.028771713376045227, 0.057301923632621765]"
137310.0,2006-03-01T00:00:00.000000000,"[-0.06267886608839035, -0.15068741142749786, -0.4147131145000458, -0.4367152154445648]","[0.09002478420734406, -0.00254763662815094, 0.08232323825359344, 0.14762122929096222]"
137310.0,2006-06-01T00:00:00.000000000,"[-0.15068741142749786, -0.4147131145000458, -0.4367152154445648, -0.5907301902770996]","[-0.09137088805437088, -0.05478998273611069, 0.006826907396316528, 0.11098998785018921]"
137310.0,2006-09-01T00:00:00.000000000,"[-0.4147131145000458, -0.4367152154445648, -0.5907301902770996, -0.45871737599372864]","[-0.02946106344461441, -0.011621519923210144, 0.047588810324668884, 0.06646376848220825]"
137310.0,2007-09-01T00:00:00.000000000,"[-0.4367152154445648, -0.5907301902770996, -0.45871737599372864, -0.6787387728691101]","[-0.2070314735174179, -0.19999244809150696, -0.18859492242336273, -0.18376150727272034]"
137310.0,2007-12-01T00:00:00.000000000,"[-0.5907301902770996, -0.45871737599372864, -0.6787387728691101, -0.30470237135887146]","[-0.23489491641521454, -0.22188392281532288, -0.21352256834506989, -0.18687304854393005]"
137310.0,2008-03-01T00:00:00.000000000,"[-0.45871737599372864, -0.6787387728691101, -0.30470237135887146, -0.2606981098651886]","[-0.35015377402305603, -0.32650226354599, -0.31046241521835327, -0.25587964057922363]"
137310.0,2008-06-01T00:00:00.000000000,"[-0.6787387728691101, -0.30470237135887146, -0.2606981098651886, -0.21669383347034454]","[-0.3112151622772217, -0.29057300090789795, -0.2763637602329254, -0.22577780485153198]"
137310.0,2008-09-01T00:00:00.000000000,"[-0.30470237135887146, -0.2606981098651886, -0.21669383347034454, -0.1726895570755005]","[-0.33600693941116333, -0.3211880922317505, -0.31181997060775757, -0.2863238751888275]"
137310.0,2008-12-01T00:00:00.000000000,"[-0.2606981098651886, -0.21669383347034454, -0.1726895570755005, -0.04067668318748474]","[-0.2686534523963928, -0.24792933464050293, -0.23294447362422943, -0.17407266795635223]"
137310.0,2009-03-01T00:00:00.000000000,"[-0.21669383347034454, -0.1726895570755005, -0.04067668318748474, 0.047331858426332474]","[-0.28797489404678345, -0.2659377455711365, -0.2501712441444397, -0.190114825963974]"
137310.0,2009-06-01T00:00:00.000000000,"[-0.1726895570755005, -0.04067668318748474, 0.047331858426332474, 0.003327556187286973]","[-0.20519015192985535, -0.19542330503463745, -0.18839292228221893, -0.16180215775966644]"
137310.0,2009-09-01T00:00:00.000000000,"[-0.04067668318748474, 0.047331858426332474, 0.003327556187286973, 0.003327556187286973]","[-0.1442747712135315, -0.14312908053398132, -0.13851651549339294, -0.1336270123720169]"
137310.0,2009-12-01T00:00:00.000000000,"[0.047331858426332474, 0.003327556187286973, 0.003327556187286973, -0.08468098938465118]","[-0.09055954962968826, -0.10415136814117432, -0.08322253078222275, -0.017511695623397827]"
137310.0,2010-03-01T00:00:00.000000000,"[0.003327556187286973, 0.003327556187286973, -0.08468098938465118, 0.025329740718007088]","[-0.14495600759983063, -0.11229367554187775, -0.08133590221405029, 0.044030800461769104]"
137310.0,2010-06-01T00:00:00.000000000,"[0.003327556187286973, -0.08468098938465118, 0.025329740718007088, -0.15068741142749786]","[-0.1085275188088417, -0.0933494120836258, -0.07656066119670868, -0.01541544497013092]"
137310.0,2010-09-01T00:00:00.000000000,"[-0.08468098938465118, 0.025329740718007088, -0.15068741142749786, -0.3487066924571991]","[-0.05801840126514435, -0.06045399606227875, -0.05346504598855972, -0.0531550869345665]"
137310.0,2010-12-01T00:00:00.000000000,"[0.025329740718007088, -0.15068741142749786, -0.3487066924571991, -0.3487066924571991]","[-0.04916121065616608, -0.04071113467216492, -0.024762198328971863, 0.01824069768190384]"
137310.0,2011-03-01T00:00:00.000000000,"[-0.15068741142749786, -0.3487066924571991, -0.3487066924571991, -0.3267045319080353]","[-0.05177880823612213, -0.04195860028266907, -0.02509985864162445, 0.022931218147277832]"
137310.0,2011-06-01T00:00:00.000000000,"[-0.3487066924571991, -0.3487066924571991, -0.3267045319080353, -0.3267045319080353]","[-0.08927856385707855, -0.08944091945886612, -0.08398802578449249, -0.08036286383867264]"
137310.0,2011-09-01T00:00:00.000000000,"[-0.3487066924571991, -0.3267045319080353, -0.3267045319080353, -0.30470237135887146]","[-0.1522003412246704, -0.14859916269779205, -0.1456374078989029, -0.137497216463089]"
137310.0,2011-12-01T00:00:00.000000000,"[-0.3267045319080353, -0.3267045319080353, -0.30470237135887146, -0.23869597911834717]","[-0.23086464405059814, -0.2226247787475586, -0.21730700135231018, -0.20229747891426086]"
137310.0,2012-03-01T00:00:00.000000000,"[-0.3267045319080353, -0.30470237135887146, -0.23869597911834717, -0.15068741142749786]","[-0.2432384192943573, -0.23179106414318085, -0.2218104898929596, -0.19266296923160553]"
137310.0,2012-06-01T00:00:00.000000000,"[-0.30470237135887146, -0.23869597911834717, -0.15068741142749786, -0.06267886608839035]","[-0.21794657409191132, -0.2132057547569275, -0.2100040763616562, -0.2005290985107422]"
137310.0,2012-09-01T00:00:00.000000000,"[-0.23869597911834717, -0.15068741142749786, -0.06267886608839035, -0.06267886608839035]","[-0.17963874340057373, -0.1783885955810547, -0.17489659786224365, -0.17037203907966614]"
137310.0,2012-12-01T00:00:00.000000000,"[-0.15068741142749786, -0.06267886608839035, -0.06267886608839035, 0.047331858426332474]","[-0.19673912227153778, -0.1903555691242218, -0.18374618887901306, -0.1606382578611374]"
137310.0,2013-03-01T00:00:00.000000000,"[-0.06267886608839035, -0.06267886608839035, 0.047331858426332474, 0.2453511357307434]","[-0.199067160487175, -0.18900340795516968, -0.1772761046886444, -0.13782793283462524]"
142953.0,2006-06-01T00:00:00.000000000,"[0.17934469878673553, 0.3993660807609558, 0.33335965871810913, 0.20134682953357697]","[0.3576035499572754, 0.3106094002723694, 0.31984153389930725, 0.3420586884021759]"
142953.0,2006-09-01T00:00:00.000000000,"[0.3993660807609558, 0.33335965871810913, 0.20134682953357697, 0.33335965871810913]","[0.2583245635032654, 0.28031232953071594, 0.29645612835884094, 0.36138564348220825]"
142953.0,2006-12-01T00:00:00.000000000,"[0.33335965871810913, 0.20134682953357697, 0.33335965871810913, 0.2233489453792572]","[0.34536653757095337, 0.3547757863998413, 0.3619753420352936, 0.3923760950565338]"
142953.0,2007-03-01T00:00:00.000000000,"[0.20134682953357697, 0.33335965871810913, 0.2233489453792572, 0.3113575577735901]","[0.3190602958202362, 0.3273334801197052, 0.32561033964157104, 0.335206001996994]"
142953.0,2007-06-01T00:00:00.000000000,"[0.33335965871810913, 0.2233489453792572, 0.3113575577735901, 0.35536178946495056]","[0.3769758939743042, 0.34809401631355286, 0.3535970449447632, 0.36631304025650024]"
142953.0,2007-09-01T00:00:00.000000000,"[0.2233489453792572, 0.3113575577735901, 0.35536178946495056, 0.26735323667526245]","[0.2671733498573303, 0.28531527519226074, 0.29850804805755615, 0.3510446548461914]"
142953.0,2007-12-01T00:00:00.000000000,"[0.3113575577735901, 0.35536178946495056, 0.26735323667526245, 0.44337034225463867]","[0.2895832061767578, 0.2961682677268982, 0.300406277179718, 0.3124379515647888]"
142953.0,2008-03-01T00:00:00.000000000,"[0.35536178946495056, 0.26735323667526245, 0.44337034225463867, 0.33335965871810913]","[0.32467204332351685, 0.34464311599731445, 0.3231219947338104, 0.33123835921287537]"
142953.0,2008-06-01T00:00:00.000000000,"[0.26735323667526245, 0.44337034225463867, 0.33335965871810913, 0.4653724431991577]","[0.38155779242515564, 0.3444070518016815, 0.35102367401123047, 0.3651888966560364]"
142953.0,2008-09-01T00:00:00.000000000,"[0.44337034225463867, 0.33335965871810913, 0.4653724431991577, 0.35536178946495056]","[0.27426111698150635, 0.2918507158756256, 0.30715835094451904, 0.3606952428817749]"
142953.0,2008-12-01T00:00:00.000000000,"[0.33335965871810913, 0.4653724431991577, 0.35536178946495056, 0.553381085395813]","[0.32160258293151855, 0.3258083164691925, 0.3296393156051636, 0.3382219672203064]"
142953.0,2009-03-01T00:00:00.000000000,"[0.4653724431991577, 0.35536178946495056, 0.553381085395813, 0.553381085395813]","[0.34450748562812805, 0.34724822640419006, 0.34919196367263794, 0.35541778802871704]"
142953.0,2009-06-01T00:00:00.000000000,"[0.35536178946495056, 0.553381085395813, 0.553381085395813, 0.6633917689323425]","[0.37185370922088623, 0.3743129372596741, 0.37762531638145447, 0.381473183631897]"
142953.0,2009-09-01T00:00:00.000000000,"[0.553381085395813, 0.553381085395813, 0.6633917689323425, 0.5313789248466492]","[0.3266231119632721, 0.3392905294895172, 0.3531918227672577, 0.39633965492248535]"
142953.0,2009-12-01T00:00:00.000000000,"[0.553381085395813, 0.6633917689323425, 0.5313789248466492, 0.6633917689323425]","[0.39129146933555603, 0.39911460876464844, 0.40990427136421204, 0.4443340003490448]"
142953.0,2010-03-01T00:00:00.000000000,"[0.6633917689323425, 0.5313789248466492, 0.6633917689323425, 0.6853939294815063]","[0.3995995819568634, 0.3984803557395935, 0.40387120842933655, 0.40665388107299805]"
142953.0,2010-06-01T00:00:00.000000000,"[0.5313789248466492, 0.6633917689323425, 0.6853939294815063, 0.7293981313705444]","[0.4310970604419708, 0.43551692366600037, 0.44512006640434265, 0.46434515714645386]"
142953.0,2010-09-01T00:00:00.000000000,"[0.6633917689323425, 0.6853939294815063, 0.7293981313705444, 0.553381085395813]","[0.43754690885543823, 0.44486722350120544, 0.4623984694480896, 0.49013054370880127]"
142953.0,2010-12-01T00:00:00.000000000,"[0.6853939294815063, 0.7293981313705444, 0.553381085395813, 0.7073960304260254]","[0.44252076745033264, 0.44032275676727295, 0.4571884274482727, 0.4314804673194885]"
142953.0,2011-03-01T00:00:00.000000000,"[0.7293981313705444, 0.553381085395813, 0.7073960304260254, 0.6413896679878235]","[0.46239426732063293, 0.5007587671279907, 0.4592910408973694, 0.4466055929660797]"
142953.0,2011-06-01T00:00:00.000000000,"[0.553381085395813, 0.7073960304260254, 0.6413896679878235, 0.8174067735671997]","[0.5238195657730103, 0.48276224732398987, 0.510055422782898, 0.5177566409111023]"
142953.0,2011-09-01T00:00:00.000000000,"[0.7073960304260254, 0.6413896679878235, 0.8174067735671997, 0.6853939294815063]","[0.48240119218826294, 0.5001189708709717, 0.4983639717102051, 0.4792042076587677]"
142953.0,2011-12-01T00:00:00.000000000,"[0.6413896679878235, 0.8174067735671997, 0.6853939294815063, 0.6853939294815063]","[0.5222440361976624, 0.5218236446380615, 0.5605995655059814, 0.5232205986976624]"
142953.0,2012-03-01T00:00:00.000000000,"[0.8174067735671997, 0.6853939294815063, 0.6853939294815063, 0.7734025120735168]","[0.533166766166687, 0.5513644814491272, 0.5616666078567505, 0.5274470448493958]"
142953.0,2012-06-01T00:00:00.000000000,"[0.6853939294815063, 0.6853939294815063, 0.7734025120735168, 0.9934238195419312]","[0.5780295729637146, 0.5860562324523926, 0.6360836029052734, 0.6373947858810425]"
142953.0,2012-09-01T00:00:00.000000000,"[0.6853939294815063, 0.7734025120735168, 0.9934238195419312, 0.7514004111289978]","[0.5870267152786255, 0.5935655832290649, 0.576858639717102, 0.5018379092216492]"
142953.0,2012-12-01T00:00:00.000000000,"[0.7734025120735168, 0.9934238195419312, 0.7514004111289978, 0.8614109754562378]","[0.5875614285469055, 0.5850675702095032, 0.6400248408317566, 0.5387290716171265]"
142953.0,2013-03-01T00:00:00.000000000,"[0.9934238195419312, 0.7514004111289978, 0.8614109754562378, 0.8834132552146912]","[0.7242867946624756, 0.7255767583847046, 0.7168174386024475, 0.7026214599609375]"
143912.0,2007-06-01T00:00:00.000000000,"[-0.4147131145000458, -0.1726895570755005, -0.45871737599372864, -0.2606981098651886]","[-0.5702663660049438, -0.5710089206695557, -0.5646718144416809, -0.5719926953315735]"
143912.0,2007-09-01T00:00:00.000000000,"[-0.1726895570755005, -0.45871737599372864, -0.2606981098651886, -0.5247237682342529]","[-0.5390839576721191, -0.5272737145423889, -0.5067910552024841, -0.4636090397834778]"
143912.0,2008-03-01T00:00:00.000000000,"[-0.45871737599372864, -0.2606981098651886, -0.5247237682342529, -0.23869597911834717]","[-0.45943599939346313, -0.4687357544898987, -0.4198293089866638, -0.35934776067733765]"
143912.0,2008-06-01T00:00:00.000000000,"[-0.2606981098651886, -0.5247237682342529, -0.23869597911834717, -0.39271095395088196]","[-0.49586549401283264, -0.45256307721138, -0.37885168194770813, -0.48838138580322266]"
143912.0,2008-09-01T00:00:00.000000000,"[-0.5247237682342529, -0.23869597911834717, -0.39271095395088196, -0.08468098938465118]","[-0.32853180170059204, -0.2763817012310028, -0.3964642286300659, -0.4241445064544678]"
143912.0,2009-03-01T00:00:00.000000000,"[-0.23869597911834717, -0.39271095395088196, -0.08468098938465118, 0.20134682953357697]","[-0.3721478283405304, -0.5638481974601746, -0.5215675234794617, -0.48631733655929565]"
143912.0,2009-06-01T00:00:00.000000000,"[-0.39271095395088196, -0.08468098938465118, 0.20134682953357697, 0.17934469878673553]","[-0.33531656861305237, -0.3689391016960144, -0.2840087413787842, -0.23112624883651733]"
143912.0,2009-09-01T00:00:00.000000000,"[-0.08468098938465118, 0.20134682953357697, 0.17934469878673553, -0.722743034362793]","[-0.4018901586532593, -0.3676201105117798, -0.3377061188220978, -0.3549363613128662]"
143912.0,2009-12-01T00:00:00.000000000,"[0.20134682953357697, 0.17934469878673553, -0.722743034362793, 0.17934469878673553]","[-0.20705032348632812, -0.11587890982627869, -0.2160339653491974, -0.17504364252090454]"
143912.0,2010-03-01T00:00:00.000000000,"[0.17934469878673553, -0.722743034362793, 0.17934469878673553, 1.499472975730896]","[0.022086799144744873, -0.1640237271785736, -0.22835484147071838, -0.0626046359539032]"
143912.0,2010-06-01T00:00:00.000000000,"[-0.722743034362793, 0.17934469878673553, 1.499472975730896, -0.018674563616514206]","[-0.08402010798454285, -0.17713263630867004, -0.03307303786277771, -0.06202739477157593]"
143912.0,2010-09-01T00:00:00.000000000,"[0.17934469878673553, 1.499472975730896, -0.018674563616514206, 0.13534040749073029]","[-0.4929158389568329, -0.4620135724544525, -0.33687400817871094, -0.4944795072078705]"
143912.0,2010-12-01T00:00:00.000000000,"[1.499472975730896, -0.018674563616514206, 0.13534040749073029, 1.8735092878341675]","[0.15049314498901367, -0.03694114089012146, -0.08129298686981201, 0.10191786289215088]"
143912.0,2011-03-01T00:00:00.000000000,"[-0.018674563616514206, 0.13534040749073029, 1.8735092878341675, 0.3113575577735901]","[0.6776883602142334, 0.16065633296966553, 0.1644260287284851, 0.5848550200462341]"
147579.0,2006-06-01T00:00:00.000000000,"[-0.3392457664012909, -0.39909157156944275, -0.4743388891220093, -0.45871737599372864]","[-0.4703364968299866, -0.45882850885391235, -0.41830992698669434, -0.41167157888412476]"
147579.0,2006-09-01T00:00:00.000000000,"[-0.39909157156944275, -0.4743388891220093, -0.45871737599372864, -0.5687280893325806]","[-0.4283286929130554, -0.4152108430862427, -0.4051755964756012, -0.3352983593940735]"
147579.0,2006-12-01T00:00:00.000000000,"[-0.4743388891220093, -0.45871737599372864, -0.5687280893325806, -0.5467259287834167]","[-0.41711729764938354, -0.4445306658744812, -0.3969910442829132, -0.387140154838562]"
147579.0,2007-03-01T00:00:00.000000000,"[-0.45871737599372864, -0.5687280893325806, -0.5467259287834167, -0.5467259287834167]","[-0.45713070034980774, -0.4315281808376312, -0.42314863204956055, -0.4194609224796295]"
147579.0,2007-06-01T00:00:00.000000000,"[-0.5687280893325806, -0.5467259287834167, -0.5467259287834167, -0.5687280893325806]","[-0.41883838176727295, -0.4380042552947998, -0.39614561200141907, -0.3951100707054138]"
147579.0,2007-09-01T00:00:00.000000000,"[-0.5467259287834167, -0.5467259287834167, -0.5687280893325806, -0.5027216672897339]","[-0.5329115986824036, -0.5141319632530212, -0.48891451954841614, -0.4325188994407654]"
147579.0,2007-12-01T00:00:00.000000000,"[-0.5467259287834167, -0.5687280893325806, -0.5027216672897339, -0.4367152154445648]","[-0.495565265417099, -0.4852474629878998, -0.45986029505729675, -0.4414159655570984]"
147579.0,2008-03-01T00:00:00.000000000,"[-0.5687280893325806, -0.5027216672897339, -0.4367152154445648, -0.37070879340171814]","[-0.5324478149414062, -0.52530837059021, -0.5124930143356323, -0.4974950850009918]"
147579.0,2008-06-01T00:00:00.000000000,"[-0.5027216672897339, -0.4367152154445648, -0.37070879340171814, 0.17934469878673553]","[-0.5195043087005615, -0.5115548372268677, -0.4974004626274109, -0.4787524342536926]"
147579.0,2008-09-01T00:00:00.000000000,"[-0.4367152154445648, -0.37070879340171814, 0.17934469878673553, -0.37070879340171814]","[-0.5485255718231201, -0.5322136282920837, -0.5177846550941467, -0.4602299630641937]"
147579.0,2008-12-01T00:00:00.000000000,"[-0.37070879340171814, 0.17934469878673553, -0.37070879340171814, -0.06267886608839035]","[-0.4930489957332611, -0.48422449827194214, -0.46809178590774536, -0.44206494092941284]"
147579.0,2009-03-01T00:00:00.000000000,"[0.17934469878673553, -0.37070879340171814, -0.06267886608839035, 0.20134682953357697]","[-0.45702505111694336, -0.4486978054046631, -0.42764028906822205, -0.40543967485427856]"
147579.0,2009-06-01T00:00:00.000000000,"[-0.37070879340171814, -0.06267886608839035, 0.20134682953357697, 0.7073960304260254]","[-0.22489634156227112, -0.22711902856826782, -0.2772809863090515, -0.13663414120674133]"
147579.0,2009-09-01T00:00:00.000000000,"[-0.06267886608839035, 0.20134682953357697, 0.7073960304260254, 1.1694409847259521]","[-0.4221155047416687, -0.4409322440624237, -0.30209529399871826, -0.4533214867115021]"
147579.0,2009-12-01T00:00:00.000000000,"[0.20134682953357697, 0.7073960304260254, 1.1694409847259521, 1.2574495077133179]","[-0.28447216749191284, -0.17961183190345764, -0.29398810863494873, -0.28247666358947754]"
147579.0,2010-03-01T00:00:00.000000000,"[0.7073960304260254, 1.1694409847259521, 1.2574495077133179, -0.04067668318748474]","[0.010924547910690308, -0.21510156989097595, -0.2507438361644745, -0.18981453776359558]"
147579.0,2010-06-01T00:00:00.000000000,"[1.1694409847259521, 1.2574495077133179, -0.04067668318748474, 0.9714217185974121]","[0.0585482120513916, 0.09939396381378174, -0.09429916739463806, 0.07027709484100342]"
147579.0,2010-09-01T00:00:00.000000000,"[1.2574495077133179, -0.04067668318748474, 0.9714217185974121, 0.6193875670433044]","[0.3272151052951813, 0.27320751547813416, 0.017357200384140015, 0.09402713179588318]"
147579.0,2010-12-01T00:00:00.000000000,"[-0.04067668318748474, 0.9714217185974121, 0.6193875670433044, 2.533573627471924]","[0.4278973639011383, 0.3847315013408661, 0.08956009149551392, 0.03662186861038208]"
147579.0,2011-03-01T00:00:00.000000000,"[0.9714217185974121, 0.6193875670433044, 2.533573627471924, 2.1595370769500732]","[0.01798906922340393, -0.1087261289358139, -0.11318603157997131, -0.23600226640701294]"
147579.0,2011-06-01T00:00:00.000000000,"[0.6193875670433044, 2.533573627471924, 2.1595370769500732, 2.7535951137542725]","[0.6934945583343506, 0.43534570932388306, 0.26087188720703125, 0.47292250394821167]"
147579.0,2011-09-01T00:00:00.000000000,"[2.533573627471924, 2.1595370769500732, 2.7535951137542725, 2.7975993156433105]","[0.8102590441703796, 0.2700960040092468, 0.2809077501296997, 0.3883562684059143]"
147579.0,2011-12-01T00:00:00.000000000,"[2.1595370769500732, 2.7535951137542725, 2.7975993156433105, 3.127631425857544]","[1.0704829692840576, 1.2971378564834595, 0.8024750351905823, 1.204079508781433]"
147579.0,2012-03-01T00:00:00.000000000,"[2.7535951137542725, 2.7975993156433105, 3.127631425857544, 1.9175138473510742]","[1.5101696252822876, 1.0054012537002563, 0.9744626879692078, 0.8532751798629761]"
147579.0,2012-06-01T00:00:00.000000000,"[2.7975993156433105, 3.127631425857544, 1.9175138473510742, 7.5500617027282715]","[1.7085148096084595, 1.6751174926757812, 1.142614722251892, 1.3944950103759766]"
147579.0,2012-09-01T00:00:00.000000000,"[3.127631425857544, 1.9175138473510742, 7.5500617027282715, 5.833894729614258]","[2.4869961738586426, 1.3046268224716187, 1.4106284379959106, 1.6985193490982056]"
147579.0,2012-12-01T00:00:00.000000000,"[1.9175138473510742, 7.5500617027282715, 5.833894729614258, 6.317941665649414]","[2.4677298069000244, 1.9761844873428345, 1.875614881515503, 2.337740182876587]"
147579.0,2013-03-01T00:00:00.000000000,"[7.5500617027282715, 5.833894729614258, 6.317941665649414, 2.225543737411499]","[2.415816068649292, 1.5852913856506348, 1.7931218147277832, 1.880317211151123]"
157855.0,2006-06-01T00:00:00.000000000,"[-0.45871737599372864, -0.4147131145000458, -0.39271095395088196, -0.39271095395088196]","[-0.4974006414413452, -0.4925476610660553, -0.4857870638370514, -0.4832085967063904]"
157855.0,2006-09-01T00:00:00.000000000,"[-0.4147131145000458, -0.39271095395088196, -0.39271095395088196, -0.3487066924571991]","[-0.4764483571052551, -0.4795597791671753, -0.46240460872650146, -0.4590453505516052]"
157855.0,2006-12-01T00:00:00.000000000,"[-0.39271095395088196, -0.39271095395088196, -0.3487066924571991, -0.28270024061203003]","[-0.46088510751724243, -0.44460952281951904, -0.4362611174583435, -0.4302161931991577]"
157855.0,2007-03-01T00:00:00.000000000,"[-0.39271095395088196, -0.3487066924571991, -0.28270024061203003, -0.23869597911834717]","[-0.43217211961746216, -0.4166097342967987, -0.42234286665916443, -0.4184027314186096]"
157855.0,2007-06-01T00:00:00.000000000,"[-0.3487066924571991, -0.28270024061203003, -0.23869597911834717, -0.28270024061203003]","[-0.4147558808326721, -0.4119897484779358, -0.4244588017463684, -0.42583638429641724]"
157855.0,2007-09-01T00:00:00.000000000,"[-0.28270024061203003, -0.23869597911834717, -0.28270024061203003, -0.1726895570755005]","[-0.3878658413887024, -0.40086811780929565, -0.398995578289032, -0.39172279834747314]"
157855.0,2007-12-01T00:00:00.000000000,"[-0.23869597911834717, -0.28270024061203003, -0.1726895570755005, -0.1726895570755005]","[-0.34375712275505066, -0.3649902641773224, -0.3602711260318756, -0.34551042318344116]"
157855.0,2008-03-01T00:00:00.000000000,"[-0.28270024061203003, -0.1726895570755005, -0.1726895570755005, -0.1726895570755005]","[-0.30362361669540405, -0.3245396018028259, -0.34156912565231323, -0.3199736475944519]"
157855.0,2008-06-01T00:00:00.000000000,"[-0.1726895570755005, -0.1726895570755005, -0.1726895570755005, -0.08468098938465118]","[-0.29259181022644043, -0.34942179918289185, -0.34851667284965515, -0.34448498487472534]"
157855.0,2008-09-01T00:00:00.000000000,"[-0.1726895570755005, -0.1726895570755005, -0.08468098938465118, -0.08468098938465118]","[-0.22185677289962769, -0.2803531289100647, -0.28911569714546204, -0.2527916133403778]"
157855.0,2008-12-01T00:00:00.000000000,"[-0.1726895570755005, -0.08468098938465118, -0.08468098938465118, 0.025329740718007088]","[-0.19534832239151, -0.28816500306129456, -0.2673838138580322, -0.2327621877193451]"
157855.0,2009-03-01T00:00:00.000000000,"[-0.08468098938465118, -0.08468098938465118, 0.025329740718007088, 0.15734252333641052]","[-0.19831544160842896, -0.22946478426456451, -0.2362520694732666, -0.20922818779945374]"
157855.0,2009-06-01T00:00:00.000000000,"[-0.08468098938465118, 0.025329740718007088, 0.15734252333641052, 0.06933397799730301]","[-0.09831330180168152, -0.19618463516235352, -0.19797292351722717, -0.15456447005271912]"
157855.0,2009-09-01T00:00:00.000000000,"[0.025329740718007088, 0.15734252333641052, 0.06933397799730301, 0.9274174571037292]","[-0.0752740204334259, -0.1851961314678192, -0.17615815997123718, -0.12702041864395142]"
157855.0,2009-12-01T00:00:00.000000000,"[0.15734252333641052, 0.06933397799730301, 0.9274174571037292, 0.4653724431991577]","[-0.03213614225387573, -0.12127122282981873, -0.11437815427780151, -0.050076186656951904]"
157855.0,2010-03-01T00:00:00.000000000,"[0.06933397799730301, 0.9274174571037292, 0.4653724431991577, 0.6413896679878235]","[0.0588151216506958, -0.054863929748535156, -0.05269709229469299, 0.02608722448348999]"
157855.0,2010-06-01T00:00:00.000000000,"[0.9274174571037292, 0.4653724431991577, 0.6413896679878235, 0.8394088745117188]","[0.05321747064590454, -0.06860232353210449, -0.06081598997116089, -0.01712319254875183]"
157855.0,2010-09-01T00:00:00.000000000,"[0.4653724431991577, 0.6413896679878235, 0.8394088745117188, 1.3454581499099731]","[0.40211644768714905, 0.22596320509910583, 0.13259199261665344, 0.3531281650066376]"
157855.0,2010-12-01T00:00:00.000000000,"[0.6413896679878235, 0.8394088745117188, 1.3454581499099731, 0.7514004111289978]","[0.282680869102478, 0.03420490026473999, 0.21392637491226196, 0.15193408727645874]"
157855.0,2011-03-01T00:00:00.000000000,"[0.8394088745117188, 1.3454581499099731, 0.7514004111289978, 0.9494196176528931]","[0.3131749629974365, 0.32104361057281494, 0.18897506594657898, 0.2727277874946594]"
157855.0,2011-06-01T00:00:00.000000000,"[1.3454581499099731, 0.7514004111289978, 0.9494196176528931, 0.7514004111289978]","[0.7575112581253052, 0.26275110244750977, 0.3196672201156616, 0.46828436851501465]"
157855.0,2011-09-01T00:00:00.000000000,"[0.7514004111289978, 0.9494196176528931, 0.7514004111289978, 0.8394088745117188]","[0.9092071056365967, 0.6521664261817932, 0.5672309994697571, 0.8202166557312012]"
157855.0,2011-12-01T00:00:00.000000000,"[0.9494196176528931, 0.7514004111289978, 0.8394088745117188, 2.4675674438476562]","[0.6975794434547424, 0.3763706088066101, 0.5677664875984192, 0.5068005323410034]"
157855.0,2012-03-01T00:00:00.000000000,"[0.7514004111289978, 0.8394088745117188, 2.4675674438476562, 3.127631425857544]","[0.8548371195793152, 0.7336616516113281, 0.637442409992218, 0.7536041736602783]"
157855.0,2012-06-01T00:00:00.000000000,"[0.8394088745117188, 2.4675674438476562, 3.127631425857544, 1.5874814987182617]","[1.1776643991470337, 0.514695405960083, 0.654826819896698, 0.7944979667663574]"
157855.0,2012-09-01T00:00:00.000000000,"[2.4675674438476562, 3.127631425857544, 1.5874814987182617, 1.9615180492401123]","[0.9471479058265686, 0.80023592710495, 0.8291329145431519, 1.0038858652114868]"
157855.0,2012-12-01T00:00:00.000000000,"[3.127631425857544, 1.5874814987182617, 1.9615180492401123, 2.5555758476257324]","[1.7266348600387573, 1.3027905225753784, 1.3302994966506958, 1.7532175779342651]"
157855.0,2013-03-01T00:00:00.000000000,"[1.5874814987182617, 1.9615180492401123, 2.5555758476257324, 2.0935308933258057]","[2.0382914543151855, 1.7211381196975708, 1.5350933074951172, 1.984942078590393]"
160329.0,2006-06-01T00:00:00.000000000,"[-0.03187587484717369, -0.002172973472625017, 0.056132733821868896, 0.022029396146535873]","[-0.06648340821266174, -0.0374273955821991, -0.04402795433998108, -0.03578746318817139]"
160329.0,2006-09-01T00:00:00.000000000,"[-0.002172973472625017, 0.056132733821868896, 0.022029396146535873, 0.06823388487100601]","[-0.05931130051612854, -0.012941479682922363, -0.04113250970840454, -0.07742767035961151]"
160329.0,2006-12-01T00:00:00.000000000,"[0.056132733821868896, 0.022029396146535873, 0.06823388487100601, 0.1078377515077591]","[-0.004757136106491089, 0.013052195310592651, -0.03938010334968567, -0.05687493085861206]"
160329.0,2007-03-01T00:00:00.000000000,"[0.022029396146535873, 0.06823388487100601, 0.1078377515077591, 0.25305184721946716]","[0.048721253871917725, -0.0045209527015686035, -0.006453275680541992, 0.010776311159133911]"
160329.0,2007-06-01T00:00:00.000000000,"[0.06823388487100601, 0.1078377515077591, 0.25305184721946716, 0.12433934211730957]","[-0.019608765840530396, 0.006738990545272827, 0.01586127281188965, 0.010242819786071777]"
160329.0,2007-09-01T00:00:00.000000000,"[0.1078377515077591, 0.25305184721946716, 0.12433934211730957, 0.22554919123649597]","[0.019154518842697144, 0.08236056566238403, 0.04000788927078247, 0.006220579147338867]"
160329.0,2007-12-01T00:00:00.000000000,"[0.25305184721946716, 0.12433934211730957, 0.22554919123649597, 0.2959560453891754]","[0.10834795236587524, 0.09323644638061523, 0.042705416679382324, 0.033155083656311035]"
160329.0,2008-03-01T00:00:00.000000000,"[0.12433934211730957, 0.22554919123649597, 0.2959560453891754, 0.32895922660827637]","[0.18297697603702545, 0.12366382777690887, 0.11716289818286896, 0.16016872227191925]"
160329.0,2008-06-01T00:00:00.000000000,"[0.22554919123649597, 0.2959560453891754, 0.32895922660827637, 0.14964181184768677]","[0.09104509651660919, 0.07852976024150848, 0.1085195392370224, 0.09751905500888824]"
160329.0,2008-09-01T00:00:00.000000000,"[0.2959560453891754, 0.32895922660827637, 0.14964181184768677, -0.14958731830120087]","[0.16057980060577393, 0.21806618571281433, 0.15840673446655273, 0.1442945897579193]"
160329.0,2008-12-01T00:00:00.000000000,"[0.32895922660827637, 0.14964181184768677, -0.14958731830120087, 0.35206151008605957]","[0.3313221335411072, 0.20972862839698792, 0.18259021639823914, 0.21017146110534668]"
160329.0,2009-03-01T00:00:00.000000000,"[0.14964181184768677, -0.14958731830120087, 0.35206151008605957, 0.36636292934417725]","[0.2939808964729309, 0.23066842555999756, 0.23562434315681458, 0.2811926603317261]"
160329.0,2009-06-01T00:00:00.000000000,"[-0.14958731830120087, 0.35206151008605957, 0.36636292934417725, 0.3916653096675873]","[0.18209069967269897, 0.16107076406478882, 0.20273277163505554, 0.1711137592792511]"
160329.0,2009-09-01T00:00:00.000000000,"[0.35206151008605957, 0.36636292934417725, 0.3916653096675873, 0.5918847918510437]","[0.07423803210258484, 0.14295364916324615, 0.10690242052078247, 0.057973816990852356]"
160329.0,2009-12-01T00:00:00.000000000,"[0.36636292934417725, 0.3916653096675873, 0.5918847918510437, 0.735998809337616]","[0.41747382283210754, 0.2945671081542969, 0.26158684492111206, 0.34123745560646057]"
160329.0,2010-03-01T00:00:00.000000000,"[0.3916653096675873, 0.5918847918510437, 0.735998809337616, 0.7040956616401672]","[0.32020217180252075, 0.23278799653053284, 0.3306366503238678, 0.422949880361557]"
160329.0,2010-06-01T00:00:00.000000000,"[0.5918847918510437, 0.735998809337616, 0.7040956616401672, 0.6083865165710449]","[0.257132887840271, 0.3671363890171051, 0.37649187445640564, 0.40660709142684937]"
160329.0,2010-09-01T00:00:00.000000000,"[0.735998809337616, 0.7040956616401672, 0.6083865165710449, 0.862511157989502]","[0.5035011768341064, 0.4933026134967804, 0.40258219838142395, 0.43080005049705505]"
160329.0,2010-12-01T00:00:00.000000000,"[0.7040956616401672, 0.6083865165710449, 0.862511157989502, 0.48407435417175293]","[0.7198084592819214, 0.5059975385665894, 0.4715830087661743, 0.5980762243270874]"
160329.0,2011-03-01T00:00:00.000000000,"[0.6083865165710449, 0.862511157989502, 0.48407435417175293, 0.9879233241081238]","[0.6001308560371399, 0.44196417927742004, 0.5421997308731079, 0.6623595356941223]"
160329.0,2011-06-01T00:00:00.000000000,"[0.862511157989502, 0.48407435417175293, 0.9879233241081238, 0.3850646913051605]","[0.5179993510246277, 0.5071038603782654, 0.5495069026947021, 0.5832650661468506]"
160329.0,2011-09-01T00:00:00.000000000,"[0.48407435417175293, 0.9879233241081238, 0.3850646913051605, 0.4136675000190735]","[0.8323957920074463, 0.6912875175476074, 0.62102210521698, 0.7060251832008362]"
160329.0,2011-12-01T00:00:00.000000000,"[0.9879233241081238, 0.3850646913051605, 0.4136675000190735, 1.103434681892395]","[0.7682351469993591, 0.4985574185848236, 0.5661466717720032, 0.621770977973938]"
160329.0,2012-03-01T00:00:00.000000000,"[0.3850646913051605, 0.4136675000190735, 1.103434681892395, 1.752497673034668]","[0.8382397294044495, 0.744472861289978, 0.7915877103805542, 0.9446793794631958]"
160329.0,2012-06-01T00:00:00.000000000,"[0.4136675000190735, 1.103434681892395, 1.752497673034668, 2.1914403438568115]","[0.6116649508476257, 0.4555005431175232, 0.609101414680481, 0.5997551679611206]"
160329.0,2012-09-01T00:00:00.000000000,"[1.103434681892395, 1.752497673034668, 2.1914403438568115, 2.2981507778167725]","[0.6598159670829773, 0.7843153476715088, 0.6774744391441345, 0.6727712154388428]"
160329.0,2012-12-01T00:00:00.000000000,"[1.752497673034668, 2.1914403438568115, 2.2981507778167725, 2.3784584999084473]","[1.213294267654419, 0.7925927042961121, 0.864597737789154, 1.0531476736068726]"
160329.0,2013-03-01T00:00:00.000000000,"[2.1914403438568115, 2.2981507778167725, 2.3784584999084473, 2.675487518310547]","[1.169079065322876, 1.0214779376983643, 1.1225295066833496, 1.5237114429473877]"
162887.0,2007-03-01T00:00:00.000000000,"[-0.7942500114440918, -0.7282435894012451, -0.7392446994781494, -0.6897398233413696]","[-0.7439630627632141, -0.713655412197113, -0.7299379110336304, -0.717208743095398]"
162887.0,2007-06-01T00:00:00.000000000,"[-0.7282435894012451, -0.7392446994781494, -0.6897398233413696, -0.8272532224655151]","[-0.7710869908332825, -0.769807755947113, -0.7456215620040894, -0.7725059390068054]"
162887.0,2007-09-01T00:00:00.000000000,"[-0.7392446994781494, -0.6897398233413696, -0.8272532224655151, -0.8327537775039673]","[-0.7602990865707397, -0.721971869468689, -0.752714991569519, -0.7671906352043152]"
162887.0,2007-12-01T00:00:00.000000000,"[-0.6897398233413696, -0.8272532224655151, -0.8327537775039673, -0.8217527270317078]","[-0.7232629656791687, -0.7465450763702393, -0.736142635345459, -0.7547227144241333]"
162887.0,2008-03-01T00:00:00.000000000,"[-0.8272532224655151, -0.8327537775039673, -0.8217527270317078, -0.7502457499504089]","[-0.7357300519943237, -0.7091220617294312, -0.7110545635223389, -0.706815242767334]"
162887.0,2008-06-01T00:00:00.000000000,"[-0.8327537775039673, -0.8217527270317078, -0.7502457499504089, -0.970267117023468]","[-0.7646035552024841, -0.7676939368247986, -0.7517685890197754, -0.7861636877059937]"
162887.0,2008-09-01T00:00:00.000000000,"[-0.8217527270317078, -0.7502457499504089, -0.970267117023468, -0.7887494564056396]","[-0.7860643863677979, -0.7742751836776733, -0.7883589267730713, -0.796650230884552]"
162887.0,2008-12-01T00:00:00.000000000,"[-0.7502457499504089, -0.970267117023468, -0.7887494564056396, -0.722743034362793]","[-0.7681452631950378, -0.7873381972312927, -0.7784560918807983, -0.7857329845428467]"
162887.0,2009-03-01T00:00:00.000000000,"[-0.970267117023468, -0.7887494564056396, -0.722743034362793, -0.6457355618476868]","[-0.7730748653411865, -0.7702261209487915, -0.7632505893707275, -0.7455365657806396]"
162887.0,2009-06-01T00:00:00.000000000,"[-0.7887494564056396, -0.722743034362793, -0.6457355618476868, -0.8767580389976501]","[-0.8083816170692444, -0.8076635599136353, -0.8057761192321777, -0.8035770058631897]"
162887.0,2009-09-01T00:00:00.000000000,"[-0.722743034362793, -0.6457355618476868, -0.8767580389976501, -0.7557463049888611]","[-0.7906743884086609, -0.7877475023269653, -0.783302903175354, -0.769974410533905]"
162887.0,2009-12-01T00:00:00.000000000,"[-0.6457355618476868, -0.8767580389976501, -0.7557463049888611, -0.607231855392456]","[-0.7245736122131348, -0.7747082710266113, -0.7550379037857056, -0.7145215272903442]"
162887.0,2010-03-01T00:00:00.000000000,"[-0.8767580389976501, -0.7557463049888611, -0.607231855392456, -0.4037120044231415]","[-0.7525464296340942, -0.7264508008956909, -0.6966228485107422, -0.5997760891914368]"
162887.0,2010-06-01T00:00:00.000000000,"[-0.7557463049888611, -0.607231855392456, -0.4037120044231415, -0.7282435894012451]","[-0.8156649470329285, -0.7905656099319458, -0.7097182869911194, -0.8101593852043152]"
162887.0,2010-09-01T00:00:00.000000000,"[-0.607231855392456, -0.4037120044231415, -0.7282435894012451, -0.6567366123199463]","[-0.7766000032424927, -0.7019522786140442, -0.7856493592262268, -0.7407969832420349]"
162887.0,2010-12-01T00:00:00.000000000,"[-0.4037120044231415, -0.7282435894012451, -0.6567366123199463, -0.34320613741874695]","[-0.6007535457611084, -0.7611583471298218, -0.7210105657577515, -0.6580824851989746]"
162887.0,2011-03-01T00:00:00.000000000,"[-0.7282435894012451, -0.6567366123199463, -0.34320613741874695, -0.06817939877510071]","[-0.7163230776786804, -0.6583561897277832, -0.6593174934387207, -0.5431694388389587]"
162887.0,2011-06-01T00:00:00.000000000,"[-0.6567366123199463, -0.34320613741874695, -0.06817939877510071, -0.45871737599372864]","[-0.7816655039787292, -0.7308495044708252, -0.5682324767112732, -0.7781158685684204]"
162887.0,2011-09-01T00:00:00.000000000,"[-0.34320613741874695, -0.06817939877510071, -0.45871737599372864, -0.26619863510131836]","[-0.6949882507324219, -0.5784303545951843, -0.7343645691871643, -0.7231050133705139]"
162887.0,2011-12-01T00:00:00.000000000,"[-0.06817939877510071, -0.45871737599372864, -0.26619863510131836, -0.1836906224489212]","[-0.36883944272994995, -0.6601513624191284, -0.6264790296554565, -0.5334696769714355]"
162887.0,2012-03-01T00:00:00.000000000,"[-0.45871737599372864, -0.26619863510131836, -0.1836906224489212, -0.20019221305847168]","[-0.5476059913635254, -0.49500662088394165, -0.5302964448928833, -0.38597890734672546]"
162887.0,2012-06-01T00:00:00.000000000,"[-0.26619863510131836, -0.1836906224489212, -0.20019221305847168, -0.5192232131958008]","[-0.6308566927909851, -0.568189799785614, -0.41714465618133545, -0.7171778082847595]"
162887.0,2012-09-01T00:00:00.000000000,"[-0.1836906224489212, -0.20019221305847168, -0.5192232131958008, -0.28270024061203003]","[-0.3836972415447235, -0.3382318913936615, -0.55417799949646, -0.5242220163345337]"
162887.0,2012-12-01T00:00:00.000000000,"[-0.20019221305847168, -0.5192232131958008, -0.28270024061203003, -0.21119330823421478]","[-0.05703979730606079, -0.5237038135528564, -0.4590097665786743, -0.34364908933639526]"
162887.0,2013-03-01T00:00:00.000000000,"[-0.5192232131958008, -0.28270024061203003, -0.21119330823421478, -0.3267045319080353]","[-0.4455593526363373, -0.41308164596557617, -0.40200066566467285, -0.26906707882881165]"
164296.0,2006-09-01T00:00:00.000000000,"[0.13534040749073029, 0.11333828419446945, 0.26735323667526245, 0.2453511357307434]","[0.10021185874938965, 0.13812687993049622, 0.24445655941963196, 0.14137262105941772]"
164296.0,2007-03-01T00:00:00.000000000,"[0.11333828419446945, 0.26735323667526245, 0.2453511357307434, 0.047331858426332474]","[0.2232407182455063, 0.4132627844810486, 0.2503078579902649, 0.08834989368915558]"
164296.0,2007-06-01T00:00:00.000000000,"[0.26735323667526245, 0.2453511357307434, 0.047331858426332474, 0.2233489453792572]","[0.22528354823589325, 0.2086687535047531, 0.0441693514585495, 0.04394771158695221]"
164296.0,2007-09-01T00:00:00.000000000,"[0.2453511357307434, 0.047331858426332474, 0.2233489453792572, 0.7514004111289978]","[0.09110228717327118, 0.06822766363620758, 0.16043542325496674, 0.1945929378271103]"
164296.0,2007-12-01T00:00:00.000000000,"[0.047331858426332474, 0.2233489453792572, 0.7514004111289978, 0.09133616089820862]","[0.1366305649280548, 0.12960109114646912, 0.22965046763420105, 0.09070020914077759]"
164296.0,2008-03-01T00:00:00.000000000,"[0.2233489453792572, 0.7514004111289978, 0.09133616089820862, 0.44337034225463867]","[0.1661365032196045, 0.25038808584213257, 0.1636315882205963, 0.025453776121139526]"
164296.0,2008-06-01T00:00:00.000000000,"[0.7514004111289978, 0.09133616089820862, 0.44337034225463867, 0.2453511357307434]","[0.129395991563797, 0.1387583613395691, 0.032963939011096954, 0.02352891117334366]"
164296.0,2008-09-01T00:00:00.000000000,"[0.09133616089820862, 0.44337034225463867, 0.2453511357307434, 0.7954046130180359]","[0.3055095672607422, 0.24879999458789825, 0.34968477487564087, 0.39488548040390015]"
164296.0,2008-12-01T00:00:00.000000000,"[0.44337034225463867, 0.2453511357307434, 0.7954046130180359, 0.2453511357307434]","[0.20419248938560486, 0.1869545876979828, 0.26211756467819214, 0.10586494952440262]"
164296.0,2009-03-01T00:00:00.000000000,"[0.2453511357307434, 0.7954046130180359, 0.2453511357307434, 0.11333828419446945]","[0.33589833974838257, 0.558090329170227, 0.3551773428916931, 0.3319258689880371]"
164296.0,2009-06-01T00:00:00.000000000,"[0.7954046130180359, 0.2453511357307434, 0.11333828419446945, 0.4653724431991577]","[0.538910448551178, 0.2357066422700882, 0.2920818328857422, 0.24231025576591492]"
164296.0,2009-09-01T00:00:00.000000000,"[0.2453511357307434, 0.11333828419446945, 0.4653724431991577, 0.7514004111289978]","[0.4251875877380371, 0.5376545190811157, 0.5496888160705566, 0.7995944619178772]"
164296.0,2009-12-01T00:00:00.000000000,"[0.11333828419446945, 0.4653724431991577, 0.7514004111289978, 0.44337034225463867]","[0.3818317651748657, 0.3959026634693146, 0.5540042519569397, 0.37676653265953064]"
164296.0,2010-03-01T00:00:00.000000000,"[0.4653724431991577, 0.7514004111289978, 0.44337034225463867, 0.9274174571037292]","[0.3381865620613098, 0.6301517486572266, 0.2821407914161682, 0.2947752773761749]"
164296.0,2010-06-01T00:00:00.000000000,"[0.7514004111289978, 0.44337034225463867, 0.9274174571037292, 1.2134451866149902]","[0.8156214952468872, 0.29145652055740356, 0.39459192752838135, 0.4452231228351593]"
164296.0,2010-09-01T00:00:00.000000000,"[0.44337034225463867, 0.9274174571037292, 1.2134451866149902, 1.4334666728973389]","[0.4052826166152954, 0.5125352144241333, 0.618177056312561, 0.8888797163963318]"
164296.0,2010-12-01T00:00:00.000000000,"[0.9274174571037292, 1.2134451866149902, 1.4334666728973389, 1.2134451866149902]","[0.42877715826034546, 0.5051204562187195, 0.8172197937965393, 0.5301529765129089]"
164296.0,2011-03-01T00:00:00.000000000,"[1.2134451866149902, 1.4334666728973389, 1.2134451866149902, 1.455468773841858]","[0.6078435182571411, 1.0354351997375488, 0.6294862627983093, 0.7380555868148804]"
164296.0,2011-06-01T00:00:00.000000000,"[1.4334666728973389, 1.2134451866149902, 1.455468773841858, 1.2134451866149902]","[1.3638631105422974, 0.7529264688491821, 0.8171610832214355, 0.9738609790802002]"
164296.0,2011-09-01T00:00:00.000000000,"[1.2134451866149902, 1.455468773841858, 1.2134451866149902, 0.9934238195419312]","[0.8489227294921875, 0.8753525018692017, 0.9014843702316284, 1.279593825340271]"
164296.0,2011-12-01T00:00:00.000000000,"[1.455468773841858, 1.2134451866149902, 0.9934238195419312, 1.0814324617385864]","[0.8920511603355408, 0.7829182147979736, 1.3159780502319336, 0.9000599384307861]"
164296.0,2012-03-01T00:00:00.000000000,"[1.2134451866149902, 0.9934238195419312, 1.0814324617385864, 0.9714217185974121]","[1.1358387470245361, 1.2640949487686157, 0.9033623933792114, 1.067794680595398]"
164296.0,2012-06-01T00:00:00.000000000,"[0.9934238195419312, 1.0814324617385864, 0.9714217185974121, 0.4653724431991577]","[1.6309852600097656, 0.9084380865097046, 1.0598132610321045, 1.1549484729766846]"
164296.0,2012-09-01T00:00:00.000000000,"[1.0814324617385864, 0.9714217185974121, 0.4653724431991577, 1.2574495077133179]","[0.8921974897384644, 0.9199986457824707, 0.9623614549636841, 1.2286813259124756]"
164296.0,2012-12-01T00:00:00.000000000,"[0.9714217185974121, 0.4653724431991577, 1.2574495077133179, -0.1726895570755005]","[1.2089811563491821, 0.894235372543335, 1.2082951068878174, 1.1045160293579102]"
164296.0,2013-03-01T00:00:00.000000000,"[0.4653724431991577, 1.2574495077133179, -0.1726895570755005, -0.5247237682342529]","[1.152843952178955, 1.3623483180999756, 1.0890129804611206, 1.1100804805755615]"
178015.0,2008-09-01T00:00:00.000000000,"[0.13534040749073029, 0.33335965871810913, 1.499472975730896, 0.003327556187286973]","[0.18274584412574768, 0.41716527938842773, 1.238044023513794, 0.3415912687778473]"
178015.0,2008-12-01T00:00:00.000000000,"[0.33335965871810913, 1.499472975730896, 0.003327556187286973, 0.15734252333641052]","[0.4165206253528595, 1.0364733934402466, 0.30060386657714844, 0.3075367510318756]"
178015.0,2009-03-01T00:00:00.000000000,"[1.499472975730896, 0.003327556187286973, 0.15734252333641052, 0.5313789248466492]","[1.1532106399536133, 0.16537649929523468, 0.2933524549007416, 0.48429563641548157]"
178015.0,2009-06-01T00:00:00.000000000,"[0.003327556187286973, 0.15734252333641052, 0.5313789248466492, 2.225543737411499]","[0.6071569919586182, 0.6468940377235413, 0.9454194903373718, 1.6962549686431885]"
178015.0,2009-09-01T00:00:00.000000000,"[0.15734252333641052, 0.5313789248466492, 2.225543737411499, 0.5093768239021301]","[0.23200008273124695, 0.5382736325263977, 1.5850874185562134, 0.3947852551937103]"
178015.0,2009-12-01T00:00:00.000000000,"[0.5313789248466492, 2.225543737411499, 0.5093768239021301, 0.8614109754562378]","[0.5620226860046387, 1.3721742630004883, 0.33677488565444946, 0.35039442777633667]"
178015.0,2010-03-01T00:00:00.000000000,"[2.225543737411499, 0.5093768239021301, 0.8614109754562378, 0.9494196176528931]","[1.5811973810195923, 0.28025561571121216, 0.3919147849082947, 0.7028650641441345]"
178015.0,2010-06-01T00:00:00.000000000,"[0.5093768239021301, 0.8614109754562378, 0.9494196176528931, 3.369654893875122]","[0.8306384086608887, 0.8313385248184204, 1.1931651830673218, 2.2988500595092773]"
178015.0,2010-09-01T00:00:00.000000000,"[0.8614109754562378, 0.9494196176528931, 3.369654893875122, 0.9274174571037292]","[0.26675474643707275, 0.7602280974388123, 2.3483238220214844, 0.5798622965812683]"
178015.0,2010-12-01T00:00:00.000000000,"[0.9494196176528931, 3.369654893875122, 0.9274174571037292, 1.4114645719528198]","[1.0133156776428223, 2.1483566761016846, 0.744232177734375, 0.811545729637146]"
178015.0,2011-03-01T00:00:00.000000000,"[3.369654893875122, 0.9274174571037292, 1.4114645719528198, 1.4114645719528198]","[2.3422164916992188, 0.593557596206665, 0.7455806732177734, 1.1518065929412842]"
178015.0,2011-06-01T00:00:00.000000000,"[0.9274174571037292, 1.4114645719528198, 1.4114645719528198, 4.315746784210205]","[1.3282992839813232, 1.1598358154296875, 1.6082780361175537, 3.0029714107513428]"
178015.0,2011-09-01T00:00:00.000000000,"[1.4114645719528198, 1.4114645719528198, 4.315746784210205, -0.21669383347034454]","[0.3807732164859772, 1.0575886964797974, 3.2213027477264404, 0.7485047578811646]"
178015.0,2011-12-01T00:00:00.000000000,"[1.4114645719528198, 4.315746784210205, -0.21669383347034454, 0.8174067735671997]","[1.4192808866500854, 2.867068290710449, 1.0906786918640137, 1.1965782642364502]"
178015.0,2012-03-01T00:00:00.000000000,"[4.315746784210205, -0.21669383347034454, 0.8174067735671997, 1.8515071868896484]","[3.161801815032959, 0.7977516651153564, 1.0531092882156372, 1.5903558731079102]"
178015.0,2012-06-01T00:00:00.000000000,"[-0.21669383347034454, 0.8174067735671997, 1.8515071868896484, 4.975811004638672]","[1.7842103242874146, 1.6837115287780762, 2.018296241760254, 3.6869325637817383]"
178015.0,2012-09-01T00:00:00.000000000,"[0.8174067735671997, 1.8515071868896484, 4.975811004638672, 1.8515071868896484]","[0.18613538146018982, 1.0127722024917603, 3.688776969909668, 0.32931646704673767]"
178015.0,2012-12-01T00:00:00.000000000,"[1.8515071868896484, 4.975811004638672, 1.8515071868896484, 2.929612159729004]","[1.443746566772461, 3.3765883445739746, 0.848198413848877, 1.003246545791626]"
178015.0,2013-03-01T00:00:00.000000000,"[4.975811004638672, 1.8515071868896484, 2.929612159729004, 2.8636057376861572]","[3.9362499713897705, 0.689357578754425, 1.0236817598342896, 1.9115822315216064]"
179534.0,2009-03-01T00:00:00.000000000,"[1.1914430856704712, 1.1914430856704712, 1.279451608657837, 1.6754902601242065]","[1.1023772954940796, 0.970043957233429, 0.9346835017204285, 1.0479803085327148]"
179534.0,2009-06-01T00:00:00.000000000,"[1.1914430856704712, 1.279451608657837, 1.6754902601242065, 1.7414965629577637]","[1.0501289367675781, 0.9616289734840393, 1.0456771850585938, 1.067618489265442]"
179534.0,2009-09-01T00:00:00.000000000,"[1.279451608657837, 1.6754902601242065, 1.7414965629577637, 1.9395159482955933]","[1.060923457145691, 1.1468369960784912, 1.0598838329315186, 1.0324293375015259]"
179534.0,2009-12-01T00:00:00.000000000,"[1.6754902601242065, 1.7414965629577637, 1.9395159482955933, 1.9615180492401123]","[1.3817182779312134, 1.2078197002410889, 1.1174139976501465, 1.1320123672485352]"
179534.0,2010-03-01T00:00:00.000000000,"[1.7414965629577637, 1.9395159482955933, 1.9615180492401123, 2.1595370769500732]","[1.5435675382614136, 1.3005313873291016, 1.2851347923278809, 1.4765628576278687]"
179534.0,2010-06-01T00:00:00.000000000,"[1.9395159482955933, 1.9615180492401123, 2.1595370769500732, 2.181539297103882]","[1.5235316753387451, 1.3219516277313232, 1.4226016998291016, 1.51445734500885]"
179534.0,2010-09-01T00:00:00.000000000,"[1.9615180492401123, 2.1595370769500732, 2.181539297103882, 2.313552141189575]","[1.6287496089935303, 1.6094179153442383, 1.4987616539001465, 1.5801777839660645]"
179534.0,2010-12-01T00:00:00.000000000,"[2.1595370769500732, 2.181539297103882, 2.313552141189575, 2.533573627471924]","[2.0047447681427, 1.5841295719146729, 1.5641858577728271, 1.6660723686218262]"
179534.0,2011-03-01T00:00:00.000000000,"[2.181539297103882, 2.313552141189575, 2.533573627471924, 2.5115716457366943]","[2.0907020568847656, 1.6902233362197876, 1.7331147193908691, 1.972577452659607]"
179534.0,2011-06-01T00:00:00.000000000,"[2.313552141189575, 2.533573627471924, 2.5115716457366943, 2.335554361343384]","[2.101688861846924, 1.7124660015106201, 1.876846194267273, 2.036406993865967]"
179534.0,2011-09-01T00:00:00.000000000,"[2.533573627471924, 2.5115716457366943, 2.335554361343384, 1.6534881591796875]","[2.1947691440582275, 2.0362136363983154, 1.9932632446289062, 2.122629165649414]"
179534.0,2011-12-01T00:00:00.000000000,"[2.5115716457366943, 2.335554361343384, 1.6534881591796875, 1.7634987831115723]","[2.645596742630005, 2.1537766456604004, 2.1427671909332275, 2.298544406890869]"
179534.0,2012-03-01T00:00:00.000000000,"[2.335554361343384, 1.6534881591796875, 1.7634987831115723, 2.42356276512146]","[2.5989081859588623, 2.1331419944763184, 2.209070920944214, 2.4472453594207764]"
179534.0,2012-06-01T00:00:00.000000000,"[1.6534881591796875, 1.7634987831115723, 2.42356276512146, 2.335554361343384]","[2.467526435852051, 2.1147820949554443, 2.2913808822631836, 2.408562660217285]"
179534.0,2012-09-01T00:00:00.000000000,"[1.7634987831115723, 2.42356276512146, 2.335554361343384, 2.577577829360962]","[2.137230396270752, 2.1216578483581543, 2.1502537727355957, 2.127941608428955]"
179534.0,2012-12-01T00:00:00.000000000,"[2.42356276512146, 2.335554361343384, 2.577577829360962, 2.8636057376861572]","[2.343428611755371, 2.2334206104278564, 2.193082571029663, 2.2153825759887695]"
179534.0,2013-03-01T00:00:00.000000000,"[2.335554361343384, 2.577577829360962, 2.8636057376861572, 3.281646251678467]","[2.5056309700012207, 2.251436710357666, 2.3561716079711914, 2.5642030239105225]"
180652.0,2010-12-01T00:00:00.000000000,"[1.5874814987182617, 1.5654793977737427, 1.7194944620132446, 1.7634987831115723]","[1.5528761148452759, 1.4358837604522705, 1.4456307888031006, 1.5439014434814453]"
180652.0,2011-03-01T00:00:00.000000000,"[1.5654793977737427, 1.7194944620132446, 1.7634987831115723, 1.7855008840560913]","[1.415115475654602, 1.4264311790466309, 1.4707810878753662, 1.4719109535217285]"
180652.0,2011-06-01T00:00:00.000000000,"[1.7194944620132446, 1.7634987831115723, 1.7855008840560913, 1.8735092878341675]","[1.5288845300674438, 1.573730707168579, 1.4794198274612427, 1.419798493385315]"
180652.0,2011-09-01T00:00:00.000000000,"[1.7634987831115723, 1.7855008840560913, 1.8735092878341675, 2.1375350952148438]","[1.824941635131836, 1.6794307231903076, 1.5802581310272217, 1.6305259466171265]"
180652.0,2011-12-01T00:00:00.000000000,"[1.7855008840560913, 1.8735092878341675, 2.1375350952148438, 2.2035415172576904]","[1.746288537979126, 1.5912926197052002, 1.6375290155410767, 1.7274008989334106]"
180652.0,2012-03-01T00:00:00.000000000,"[1.8735092878341675, 2.1375350952148438, 2.2035415172576904, 2.0935308933258057]","[1.6232879161834717, 1.655975580215454, 1.681149959564209, 1.6806625127792358]"
180652.0,2012-06-01T00:00:00.000000000,"[2.1375350952148438, 2.2035415172576904, 2.0935308933258057, 2.0055222511291504]","[1.8337736129760742, 1.8562381267547607, 1.7517552375793457, 1.6915533542633057]"
180652.0,2012-09-01T00:00:00.000000000,"[2.2035415172576904, 2.0935308933258057, 2.0055222511291504, 1.8735092878341675]","[2.1953656673431396, 2.003096342086792, 1.899522304534912, 2.013390302658081]"
180652.0,2012-12-01T00:00:00.000000000,"[2.0935308933258057, 2.0055222511291504, 1.8735092878341675, 2.4675674438476562]","[2.139697551727295, 1.860609531402588, 1.9525113105773926, 2.1308720111846924]"
180652.0,2013-03-01T00:00:00.000000000,"[2.0055222511291504, 1.8735092878341675, 2.4675674438476562, 2.533573627471924]","[1.9614824056625366, 1.9563859701156616, 1.9832302331924438, 2.012279987335205]"
180711.0,2010-12-01T00:00:00.000000000,"[12.170511245727539, 11.51044750213623, 10.762373924255371, 10.652362823486328]","[10.59518814086914, 8.533857345581055, 8.473560333251953, 9.125310897827148]"
180711.0,2011-03-01T00:00:00.000000000,"[11.51044750213623, 10.762373924255371, 10.652362823486328, 11.158411979675293]","[11.67227554321289, 9.096714973449707, 9.588225364685059, 10.777876853942871]"
180711.0,2011-06-01T00:00:00.000000000,"[10.762373924255371, 10.652362823486328, 11.158411979675293, 10.850382804870605]","[11.200618743896484, 9.426993370056152, 10.075665473937988, 10.696065902709961]"
180711.0,2011-09-01T00:00:00.000000000,"[10.652362823486328, 11.158411979675293, 10.850382804870605, 10.608358383178711]","[11.215450286865234, 10.309276580810547, 10.218399047851562, 10.32780647277832]"
180711.0,2011-12-01T00:00:00.000000000,"[11.158411979675293, 10.850382804870605, 10.608358383178711, 11.180415153503418]","[12.331597328186035, 10.374008178710938, 10.499649047851562, 10.811883926391602]"
180711.0,2012-03-01T00:00:00.000000000,"[10.850382804870605, 10.608358383178711, 11.180415153503418, 13.270617485046387]","[12.214836120605469, 10.493663787841797, 11.12939453125, 11.764830589294434]"
180711.0,2012-06-01T00:00:00.000000000,"[10.608358383178711, 11.180415153503418, 13.270617485046387, 13.842674255371094]","[11.232341766357422, 10.830031394958496, 11.614599227905273, 11.603607177734375]"
180711.0,2012-09-01T00:00:00.000000000,"[11.180415153503418, 13.270617485046387, 13.842674255371094, 13.864675521850586]","[10.984560012817383, 11.93973159790039, 11.612268447875977, 11.137178421020508]"
180711.0,2012-12-01T00:00:00.000000000,"[13.270617485046387, 13.842674255371094, 13.864675521850586, 14.612749099731445]","[12.093141555786133, 11.970491409301758, 11.57780647277832, 11.261760711669922]"
180711.0,2013-03-01T00:00:00.000000000,"[13.842674255371094, 13.864675521850586, 14.612749099731445, 16.48293113708496]","[12.510452270507812, 12.310131072998047, 12.41812515258789, 12.710151672363281]"
183377.0,2010-12-01T00:00:00.000000000,"[-0.4411156475543976, -0.49832120537757874, -0.44551607966423035, -0.40591222047805786]","[-0.49475547671318054, -0.5629411339759827, -0.5651137828826904, -0.5387547612190247]"
183377.0,2011-03-01T00:00:00.000000000,"[-0.49832120537757874, -0.44551607966423035, -0.40591222047805786, -0.36630839109420776]","[-0.5299045443534851, -0.5461658239364624, -0.5407488346099854, -0.511624276638031]"
183377.0,2011-06-01T00:00:00.000000000,"[-0.44551607966423035, -0.40591222047805786, -0.36630839109420776, -0.4367152154445648]","[-0.5414969325065613, -0.5448207855224609, -0.5008801221847534, -0.5550034642219543]"
183377.0,2011-09-01T00:00:00.000000000,"[-0.40591222047805786, -0.36630839109420776, -0.4367152154445648, -0.3399057984352112]","[-0.4742068648338318, -0.48887163400650024, -0.5281803607940674, -0.5081247687339783]"
183377.0,2011-12-01T00:00:00.000000000,"[-0.36630839109420776, -0.4367152154445648, -0.3399057984352112, -0.313503235578537]","[-0.4042534828186035, -0.5130702257156372, -0.5061288475990295, -0.4702400863170624]"
183377.0,2012-03-01T00:00:00.000000000,"[-0.4367152154445648, -0.3399057984352112, -0.313503235578537, -0.2342955470085144]","[-0.4556402564048767, -0.4775875210762024, -0.4795003831386566, -0.4453237056732178]"
183377.0,2012-06-01T00:00:00.000000000,"[-0.3399057984352112, -0.313503235578537, -0.2342955470085144, -0.34430623054504395]","[-0.46480709314346313, -0.48532307147979736, -0.44807279109954834, -0.496724396944046]"
183377.0,2012-09-01T00:00:00.000000000,"[-0.313503235578537, -0.2342955470085144, -0.34430623054504395, -0.28270024061203003]","[-0.3725026249885559, -0.4052712321281433, -0.44823023676872253, -0.41875195503234863]"
183377.0,2012-12-01T00:00:00.000000000,"[-0.2342955470085144, -0.34430623054504395, -0.28270024061203003, -0.26509854197502136]","[-0.29832589626312256, -0.44086503982543945, -0.42229264974594116, -0.38080644607543945]"
183377.0,2013-03-01T00:00:00.000000000,"[-0.34430623054504395, -0.28270024061203003, -0.26509854197502136, -0.159488245844841]","[-0.3490574359893799, -0.3763516843318939, -0.3830776810646057, -0.32835474610328674]"
