GVKEY,TGT_START,GROUND_TRUTH,PREDICTIONS
1161.0,2006-06-01T00:00:00.000000000,"[-0.6567366123199463, -0.6347345113754272, -0.7007409334182739, -0.898760199546814]","[-0.5339223146438599, -0.4785694479942322, -0.48017945885658264, -0.5005221366882324]"
1161.0,2006-09-01T00:00:00.000000000,"[-0.6347345113754272, -0.7007409334182739, -0.898760199546814, -1.0747772455215454]","[-0.6015734076499939, -0.5490247011184692, -0.559177577495575, -0.5326300263404846]"
1161.0,2006-12-01T00:00:00.000000000,"[-0.7007409334182739, -0.898760199546814, -1.0747772455215454, -1.0747772455215454]","[-0.6097432374954224, -0.7040648460388184, -0.7758962512016296, -0.658088743686676]"
1161.0,2007-03-01T00:00:00.000000000,"[-0.898760199546814, -1.0747772455215454, -1.0747772455215454, -0.920762300491333]","[-0.7307563424110413, -0.6878921985626221, -0.6881934404373169, -0.648558497428894]"
1161.0,2007-06-01T00:00:00.000000000,"[-1.0747772455215454, -1.0747772455215454, -0.920762300491333, -0.9647666215896606]","[-0.7401334047317505, -0.701770544052124, -0.6849550604820251, -0.6882309913635254]"
1161.0,2007-09-01T00:00:00.000000000,"[-1.0747772455215454, -0.920762300491333, -0.9647666215896606, -0.8107516169548035]","[-0.9036594033241272, -0.893359363079071, -0.9033111929893494, -0.8185141682624817]"
1161.0,2007-12-01T00:00:00.000000000,"[-0.920762300491333, -0.9647666215896606, -0.8107516169548035, -0.6347345113754272]","[-0.9004160165786743, -1.2328400611877441, -1.3890764713287354, -1.131352186203003]"
1161.0,2008-03-01T00:00:00.000000000,"[-0.9647666215896606, -0.8107516169548035, -0.6347345113754272, -0.722743034362793]","[-0.9767189621925354, -0.9491594433784485, -0.9643133878707886, -0.8262978196144104]"
1161.0,2008-06-01T00:00:00.000000000,"[-0.8107516169548035, -0.6347345113754272, -0.722743034362793, -0.7887494564056396]","[-0.8690434694290161, -0.8577651381492615, -0.8745999932289124, -0.789932906627655]"
1161.0,2008-09-01T00:00:00.000000000,"[-0.6347345113754272, -0.722743034362793, -0.7887494564056396, -0.6567366123199463]","[-0.900510311126709, -0.8507078886032104, -0.8197457790374756, -0.7512977123260498]"
1161.0,2008-12-01T00:00:00.000000000,"[-0.722743034362793, -0.7887494564056396, -0.6567366123199463, -0.48071953654289246]","[-0.5914138555526733, -0.5748480558395386, -0.5676760673522949, -0.5064098834991455]"
1161.0,2009-03-01T00:00:00.000000000,"[-0.7887494564056396, -0.6567366123199463, -0.48071953654289246, -0.5247237682342529]","[-0.6972230672836304, -0.6853505373001099, -0.7022923231124878, -0.6281694769859314]"
1161.0,2009-06-01T00:00:00.000000000,"[-0.6567366123199463, -0.48071953654289246, -0.5247237682342529, -0.45871737599372864]","[-0.6633346676826477, -0.64823979139328, -0.6493246555328369, -0.5825825333595276]"
1161.0,2009-09-01T00:00:00.000000000,"[-0.48071953654289246, -0.5247237682342529, -0.45871737599372864, -0.39271095395088196]","[-0.6869834661483765, -0.674796462059021, -0.6878734230995178, -0.6161742806434631]"
1161.0,2009-12-01T00:00:00.000000000,"[-0.5247237682342529, -0.45871737599372864, -0.39271095395088196, -0.4147131145000458]","[-0.4818155765533447, -0.46803683042526245, -0.447843462228775, -0.3992052972316742]"
1161.0,2010-03-01T00:00:00.000000000,"[-0.45871737599372864, -0.39271095395088196, -0.4147131145000458, -0.5247237682342529]","[-0.669205904006958, -0.6465256214141846, -0.6410819888114929, -0.5792826414108276]"
1161.0,2010-06-01T00:00:00.000000000,"[-0.39271095395088196, -0.4147131145000458, -0.5247237682342529, -0.5687280893325806]","[-0.5835785269737244, -0.5591886043548584, -0.5251777172088623, -0.4791392683982849]"
1161.0,2010-09-01T00:00:00.000000000,"[-0.4147131145000458, -0.5247237682342529, -0.5687280893325806, -0.5247237682342529]","[-0.46715182065963745, -0.4607778787612915, -0.4621807336807251, -0.42475855350494385]"
1161.0,2010-12-01T00:00:00.000000000,"[-0.5247237682342529, -0.5687280893325806, -0.5247237682342529, -0.30470237135887146]","[-0.38537365198135376, -0.38091328740119934, -0.38186246156692505, -0.3361881971359253]"
1161.0,2011-03-01T00:00:00.000000000,"[-0.5687280893325806, -0.5247237682342529, -0.30470237135887146, 0.003327556187286973]","[-0.5139253735542297, -0.5338455438613892, -0.5529834032058716, -0.5587669610977173]"
1161.0,2011-06-01T00:00:00.000000000,"[-0.5247237682342529, -0.30470237135887146, 0.003327556187286973, -0.30470237135887146]","[-0.5593477487564087, -0.5664045214653015, -0.5721858739852905, -0.5691931247711182]"
1161.0,2011-09-01T00:00:00.000000000,"[-0.30470237135887146, 0.003327556187286973, -0.30470237135887146, -0.30470237135887146]","[-0.5546489357948303, -0.5777757167816162, -0.5983066558837891, -0.6056134104728699]"
1161.0,2011-12-01T00:00:00.000000000,"[0.003327556187286973, -0.30470237135887146, -0.30470237135887146, 0.20134682953357697]","[-0.4479182958602905, -0.45108306407928467, -0.44766664505004883, -0.43807339668273926]"
1161.0,2012-03-01T00:00:00.000000000,"[-0.30470237135887146, -0.30470237135887146, 0.20134682953357697, 0.44337034225463867]","[-0.3246877193450928, -0.3863675892353058, -0.41783788800239563, -0.470897376537323]"
1161.0,2012-06-01T00:00:00.000000000,"[-0.30470237135887146, 0.20134682953357697, 0.44337034225463867, 0.44337034225463867]","[-0.38438841700553894, -0.4785778522491455, -0.5378228425979614, -0.6219924092292786]"
1161.0,2012-09-01T00:00:00.000000000,"[0.20134682953357697, 0.44337034225463867, 0.44337034225463867, 0.6853939294815063]","[-0.38506144285202026, -0.4565473198890686, -0.5008094906806946, -0.560815691947937]"
1161.0,2012-12-01T00:00:00.000000000,"[0.44337034225463867, 0.44337034225463867, 0.6853939294815063, 0.9054153561592102]","[-0.21134516596794128, -0.2670646011829376, -0.283766508102417, -0.33177298307418823]"
1161.0,2013-03-01T00:00:00.000000000,"[0.44337034225463867, 0.6853939294815063, 0.9054153561592102, 1.323456048965454]","[-0.07522380352020264, -0.1866825819015503, -0.242191880941391, -0.3460564911365509]"
1300.0,2006-06-01T00:00:00.000000000,"[2.335554361343384, 2.533573627471924, 2.4455649852752686, 2.4015607833862305]","[1.915449619293213, 1.8252933025360107, 1.7996008396148682, 1.7298587560653687]"
1300.0,2006-09-01T00:00:00.000000000,"[2.533573627471924, 2.4455649852752686, 2.4015607833862305, 2.621582269668579]","[2.027949810028076, 1.935990571975708, 1.9074147939682007, 1.8347363471984863]"
1300.0,2006-12-01T00:00:00.000000000,"[2.4455649852752686, 2.4015607833862305, 2.621582269668579, 2.819601535797119]","[2.135458469390869, 2.0299525260925293, 1.996646761894226, 1.9104366302490234]"
1300.0,2007-03-01T00:00:00.000000000,"[2.4015607833862305, 2.621582269668579, 2.819601535797119, 2.775597333908081]","[2.1251437664031982, 2.020120859146118, 1.9757635593414307, 1.8920233249664307]"
1300.0,2007-06-01T00:00:00.000000000,"[2.621582269668579, 2.819601535797119, 2.775597333908081, 2.665586471557617]","[2.1879329681396484, 2.0672972202301025, 2.020486831665039, 1.9218900203704834]"
1300.0,2007-09-01T00:00:00.000000000,"[2.819601535797119, 2.775597333908081, 2.665586471557617, 2.9516141414642334]","[2.2833917140960693, 2.1735970973968506, 2.1349847316741943, 2.0474183559417725]"
1300.0,2007-12-01T00:00:00.000000000,"[2.775597333908081, 2.665586471557617, 2.9516141414642334, 2.819601535797119]","[2.4059488773345947, 2.2901010513305664, 2.252784252166748, 2.1593453884124756]"
1300.0,2008-03-01T00:00:00.000000000,"[2.665586471557617, 2.9516141414642334, 2.819601535797119, 3.127631425857544]","[2.4255783557891846, 2.308257579803467, 2.259936571121216, 2.166663885116577]"
1300.0,2008-06-01T00:00:00.000000000,"[2.9516141414642334, 2.819601535797119, 3.127631425857544, 2.9516141414642334]","[2.4757957458496094, 2.340925693511963, 2.2878522872924805, 2.1782708168029785]"
1300.0,2008-09-01T00:00:00.000000000,"[2.819601535797119, 3.127631425857544, 2.9516141414642334, 3.259644031524658]","[2.5973896980285645, 2.4749622344970703, 2.432522773742676, 2.3355300426483154]"
1300.0,2008-12-01T00:00:00.000000000,"[3.127631425857544, 2.9516141414642334, 3.259644031524658, 3.1496336460113525]","[2.5964598655700684, 2.4753785133361816, 2.4315662384033203, 2.3390820026397705]"
1300.0,2009-03-01T00:00:00.000000000,"[2.9516141414642334, 3.259644031524658, 3.1496336460113525, 3.369654893875122]","[2.7369701862335205, 2.6279380321502686, 2.5903444290161133, 2.5085315704345703]"
1300.0,2009-06-01T00:00:00.000000000,"[3.259644031524658, 3.1496336460113525, 3.369654893875122, 3.5896763801574707]","[2.8120453357696533, 2.6814422607421875, 2.6423871517181396, 2.5405080318450928]"
1300.0,2009-09-01T00:00:00.000000000,"[3.1496336460113525, 3.369654893875122, 3.5896763801574707, 3.8096976280212402]","[2.9569015502929688, 2.8286664485931396, 2.786930799484253, 2.686676025390625]"
1300.0,2009-12-01T00:00:00.000000000,"[3.369654893875122, 3.5896763801574707, 3.8096976280212402, 3.765693426132202]","[2.93975830078125, 2.82411527633667, 2.7899832725524902, 2.7069249153137207]"
1300.0,2010-03-01T00:00:00.000000000,"[3.5896763801574707, 3.8096976280212402, 3.765693426132202, 3.5016677379608154]","[3.0456089973449707, 2.948519706726074, 2.9202287197113037, 2.855067729949951]"
1300.0,2010-06-01T00:00:00.000000000,"[3.8096976280212402, 3.765693426132202, 3.5016677379608154, 3.523669719696045]","[3.234302043914795, 3.1169159412384033, 3.0924501419067383, 3.004988670349121]"
1300.0,2010-09-01T00:00:00.000000000,"[3.765693426132202, 3.5016677379608154, 3.523669719696045, 3.919708251953125]","[3.3701577186584473, 3.234971523284912, 3.1944236755371094, 3.087383270263672]"
1300.0,2010-12-01T00:00:00.000000000,"[3.5016677379608154, 3.523669719696045, 3.919708251953125, 3.875704050064087]","[3.4008822441101074, 3.2529826164245605, 3.201406478881836, 3.0841879844665527]"
1300.0,2011-03-01T00:00:00.000000000,"[3.523669719696045, 3.919708251953125, 3.875704050064087, 3.831699848175049]","[3.3268930912017822, 3.1981067657470703, 3.145655870437622, 3.052551031112671]"
1300.0,2011-06-01T00:00:00.000000000,"[3.919708251953125, 3.875704050064087, 3.831699848175049, 4.161732196807861]","[3.351091146469116, 3.2462899684906006, 3.212618589401245, 3.1429998874664307]"
1300.0,2011-09-01T00:00:00.000000000,"[3.875704050064087, 3.831699848175049, 4.161732196807861, 2.071528673171997]","[3.528083324432373, 3.44740629196167, 3.437635660171509, 3.3879988193511963]"
1300.0,2011-12-01T00:00:00.000000000,"[3.831699848175049, 4.161732196807861, 2.071528673171997, 2.7315926551818848]","[3.4163029193878174, 3.3748583793640137, 3.3717851638793945, 3.36799693107605]"
1300.0,2012-03-01T00:00:00.000000000,"[4.161732196807861, 2.071528673171997, 2.7315926551818848, 3.8537018299102783]","[3.6229231357574463, 3.5820400714874268, 3.5639145374298096, 3.554558753967285]"
1300.0,2012-06-01T00:00:00.000000000,"[2.071528673171997, 2.7315926551818848, 3.8537018299102783, 3.523669719696045]","[3.781804323196411, 3.741515874862671, 3.7366669178009033, 3.7258248329162598]"
1300.0,2012-09-01T00:00:00.000000000,"[2.7315926551818848, 3.8537018299102783, 3.523669719696045, 3.7436912059783936]","[2.80466890335083, 2.8048834800720215, 2.7791097164154053, 2.8339877128601074]"
1300.0,2012-12-01T00:00:00.000000000,"[3.8537018299102783, 3.523669719696045, 3.7436912059783936, 3.7436912059783936]","[2.933469772338867, 2.989553689956665, 2.9913485050201416, 3.1463515758514404]"
1300.0,2013-03-01T00:00:00.000000000,"[3.523669719696045, 3.7436912059783936, 3.7436912059783936, 3.8977060317993164]","[3.5611157417297363, 3.547128200531006, 3.581526041030884, 3.621366024017334]"
1440.0,2006-06-01T00:00:00.000000000,"[1.0594303607940674, 1.5214751958847046, 0.35536178946495056, 2.115532875061035]","[1.3640252351760864, 1.398918867111206, 1.386915922164917, 1.5041553974151611]"
1440.0,2006-09-01T00:00:00.000000000,"[1.5214751958847046, 0.35536178946495056, 2.115532875061035, 1.2354472875595093]","[1.241288185119629, 1.2277706861495972, 1.2503963708877563, 1.2748808860778809]"
1440.0,2006-12-01T00:00:00.000000000,"[0.35536178946495056, 2.115532875061035, 1.2354472875595093, 1.6314857006072998]","[1.182960033416748, 1.2321542501449585, 1.2043272256851196, 1.3491052389144897]"
1440.0,2007-03-01T00:00:00.000000000,"[2.115532875061035, 1.2354472875595093, 1.6314857006072998, 0.35536178946495056]","[0.6788755655288696, 0.7393428683280945, 0.823440670967102, 0.8583593368530273]"
1440.0,2007-06-01T00:00:00.000000000,"[1.2354472875595093, 1.6314857006072998, 0.35536178946495056, 1.5434772968292236]","[1.4153213500976562, 1.4416559934616089, 1.4377596378326416, 1.5410068035125732]"
1440.0,2007-09-01T00:00:00.000000000,"[1.6314857006072998, 0.35536178946495056, 1.5434772968292236, 1.3894624710083008]","[1.4634088277816772, 1.432085394859314, 1.4869060516357422, 1.4884130954742432]"
1440.0,2007-12-01T00:00:00.000000000,"[0.35536178946495056, 1.5434772968292236, 1.3894624710083008, 2.1595370769500732]","[1.2322231531143188, 1.28141450881958, 1.2483563423156738, 1.385075569152832]"
1440.0,2008-03-01T00:00:00.000000000,"[1.5434772968292236, 1.3894624710083008, 2.1595370769500732, 0.7734025120735168]","[0.793945848941803, 0.841835618019104, 0.9061429500579834, 0.9403299689292908]"
1440.0,2008-06-01T00:00:00.000000000,"[1.3894624710083008, 2.1595370769500732, 0.7734025120735168, 1.4114645719528198]","[1.1928491592407227, 1.2278332710266113, 1.2132982015609741, 1.3353394269943237]"
1440.0,2008-09-01T00:00:00.000000000,"[2.1595370769500732, 0.7734025120735168, 1.4114645719528198, 0.9494196176528931]","[1.4403599500656128, 1.4213603734970093, 1.453625202178955, 1.4686980247497559]"
1440.0,2008-12-01T00:00:00.000000000,"[0.7734025120735168, 1.4114645719528198, 0.9494196176528931, 1.7194944620132446]","[1.5809165239334106, 1.6019487380981445, 1.5974804162979126, 1.682490348815918]"
1440.0,2009-03-01T00:00:00.000000000,"[1.4114645719528198, 0.9494196176528931, 1.7194944620132446, 1.1694409847259521]","[1.0497310161590576, 1.0691428184509277, 1.132237195968628, 1.14569091796875]"
1440.0,2009-06-01T00:00:00.000000000,"[0.9494196176528931, 1.7194944620132446, 1.1694409847259521, 1.4114645719528198]","[1.2764561176300049, 1.3025709390640259, 1.2854487895965576, 1.3779172897338867]"
1440.0,2009-09-01T00:00:00.000000000,"[1.7194944620132446, 1.1694409847259521, 1.4114645719528198, 1.5214751958847046]","[1.2271485328674316, 1.090286135673523, 1.2115072011947632, 1.1849080324172974]"
1440.0,2009-12-01T00:00:00.000000000,"[1.1694409847259521, 1.4114645719528198, 1.5214751958847046, 2.071528673171997]","[1.2677751779556274, 1.3125855922698975, 1.287742257118225, 1.425217628479004]"
1440.0,2010-03-01T00:00:00.000000000,"[1.4114645719528198, 1.5214751958847046, 2.071528673171997, 0.8834132552146912]","[1.2270679473876953, 1.2418408393859863, 1.3187390565872192, 1.3319910764694214]"
1440.0,2010-06-01T00:00:00.000000000,"[1.5214751958847046, 2.071528673171997, 0.8834132552146912, 1.9175138473510742]","[1.399487853050232, 1.402992606163025, 1.3972156047821045, 1.4366836547851562]"
1440.0,2010-09-01T00:00:00.000000000,"[2.071528673171997, 0.8834132552146912, 1.9175138473510742, 1.499472975730896]","[1.5202693939208984, 1.5090388059616089, 1.527236819267273, 1.550341248512268]"
1440.0,2010-12-01T00:00:00.000000000,"[0.8834132552146912, 1.9175138473510742, 1.499472975730896, 2.5115716457366943]","[1.6911182403564453, 1.7166770696640015, 1.711679220199585, 1.8087493181228638]"
1440.0,2011-03-01T00:00:00.000000000,"[1.9175138473510742, 1.499472975730896, 2.5115716457366943, 0.6193875670433044]","[1.2421603202819824, 1.269803524017334, 1.3501511812210083, 1.3671023845672607]"
1440.0,2011-06-01T00:00:00.000000000,"[1.499472975730896, 2.5115716457366943, 0.6193875670433044, 1.5434772968292236]","[1.6585278511047363, 1.6807925701141357, 1.6824392080307007, 1.779975175857544]"
1440.0,2011-09-01T00:00:00.000000000,"[2.5115716457366943, 0.6193875670433044, 1.5434772968292236, 1.6754902601242065]","[1.66679847240448, 1.5906028747558594, 1.6420823335647583, 1.640390396118164]"
1440.0,2011-12-01T00:00:00.000000000,"[0.6193875670433044, 1.5434772968292236, 1.6754902601242065, 2.533573627471924]","[1.7594841718673706, 1.7953592538833618, 1.7791798114776611, 1.8862866163253784]"
1440.0,2012-03-01T00:00:00.000000000,"[1.5434772968292236, 1.6754902601242065, 2.533573627471924, 1.2134451866149902]","[1.109714150428772, 1.1559771299362183, 1.2467416524887085, 1.274051547050476]"
1440.0,2012-06-01T00:00:00.000000000,"[1.6754902601242065, 2.533573627471924, 1.2134451866149902, 1.8295050859451294]","[1.3999156951904297, 1.4513829946517944, 1.4276621341705322, 1.5894711017608643]"
1440.0,2012-09-01T00:00:00.000000000,"[2.533573627471924, 1.2134451866149902, 1.8295050859451294, 1.8955113887786865]","[1.6668574810028076, 1.6424602270126343, 1.679736852645874, 1.6937130689620972]"
1440.0,2012-12-01T00:00:00.000000000,"[1.2134451866149902, 1.8295050859451294, 1.8955113887786865, 2.4455649852752686]","[1.758334994316101, 1.7886613607406616, 1.7765988111495972, 1.8832213878631592]"
1440.0,2013-03-01T00:00:00.000000000,"[1.8295050859451294, 1.8955113887786865, 2.4455649852752686, 1.455468773841858]","[1.6262404918670654, 1.5853815078735352, 1.5830754041671753, 1.571183204650879]"
1447.0,2006-06-01T00:00:00.000000000,"[2.335554361343384, 2.379558563232422, 1.9835201501846313, 2.5555758476257324]","[1.8231254816055298, 1.7696598768234253, 1.7404249906539917, 1.7161389589309692]"
1447.0,2006-09-01T00:00:00.000000000,"[2.379558563232422, 1.9835201501846313, 2.5555758476257324, 2.42356276512146]","[1.910938024520874, 1.8525259494781494, 1.824847936630249, 1.7962756156921387]"
1447.0,2006-12-01T00:00:00.000000000,"[1.9835201501846313, 2.5555758476257324, 2.42356276512146, 2.027524471282959]","[1.9482637643814087, 1.8941099643707275, 1.858618140220642, 1.8363213539123535]"
1447.0,2007-03-01T00:00:00.000000000,"[2.5555758476257324, 2.42356276512146, 2.027524471282959, 2.0055222511291504]","[1.862642526626587, 1.801025629043579, 1.7586567401885986, 1.7330721616744995]"
1447.0,2007-06-01T00:00:00.000000000,"[2.42356276512146, 2.027524471282959, 2.0055222511291504, 2.4455649852752686]","[2.057300090789795, 2.0342774391174316, 2.023231029510498, 2.035059928894043]"
1447.0,2007-09-01T00:00:00.000000000,"[2.027524471282959, 2.0055222511291504, 2.4455649852752686, 3.919708251953125]","[2.1158034801483154, 2.0760550498962402, 2.0649526119232178, 2.0610191822052]"
1447.0,2007-12-01T00:00:00.000000000,"[2.0055222511291504, 2.4455649852752686, 3.919708251953125, 1.9395159482955933]","[1.9471707344055176, 1.9202897548675537, 1.8834927082061768, 1.8987332582473755]"
1447.0,2008-03-01T00:00:00.000000000,"[2.4455649852752686, 3.919708251953125, 1.9395159482955933, 1.2354472875595093]","[1.9551103115081787, 1.9541445970535278, 1.9499297142028809, 1.9937052726745605]"
1447.0,2008-06-01T00:00:00.000000000,"[3.919708251953125, 1.9395159482955933, 1.2354472875595093, 2.2475459575653076]","[2.1722943782806396, 2.168895959854126, 2.173593521118164, 2.210427761077881]"
1447.0,2008-09-01T00:00:00.000000000,"[1.9395159482955933, 1.2354472875595093, 2.2475459575653076, 2.533573627471924]","[2.8005802631378174, 2.7799901962280273, 2.809872627258301, 2.8197379112243652]"
1447.0,2008-12-01T00:00:00.000000000,"[1.2354472875595093, 2.2475459575653076, 2.533573627471924, 2.5995800495147705]","[2.22419810295105, 2.1947245597839355, 2.1654200553894043, 2.1847376823425293]"
1447.0,2009-03-01T00:00:00.000000000,"[2.2475459575653076, 2.533573627471924, 2.5995800495147705, 2.775597333908081]","[1.759643793106079, 1.7876880168914795, 1.764148473739624, 1.849696159362793]"
1447.0,2009-06-01T00:00:00.000000000,"[2.533573627471924, 2.5995800495147705, 2.775597333908081, 3.3916571140289307]","[2.1648926734924316, 2.159359931945801, 2.1740190982818604, 2.2289836406707764]"
1447.0,2009-09-01T00:00:00.000000000,"[2.5995800495147705, 2.775597333908081, 3.3916571140289307, 3.3476529121398926]","[2.596269130706787, 2.5800042152404785, 2.6044251918792725, 2.629173517227173]"
1447.0,2009-12-01T00:00:00.000000000,"[2.775597333908081, 3.3916571140289307, 3.3476529121398926, 3.4356613159179688]","[2.7267746925354004, 2.720118522644043, 2.728496551513672, 2.760176181793213]"
1447.0,2010-03-01T00:00:00.000000000,"[3.3916571140289307, 3.3476529121398926, 3.4356613159179688, 3.127631425857544]","[2.725092649459839, 2.6527276039123535, 2.6079354286193848, 2.5693109035491943]"
1447.0,2010-06-01T00:00:00.000000000,"[3.3476529121398926, 3.4356613159179688, 3.127631425857544, 3.721689224243164]","[2.9789211750030518, 2.8973453044891357, 2.861593008041382, 2.8057706356048584]"
1447.0,2010-09-01T00:00:00.000000000,"[3.4356613159179688, 3.127631425857544, 3.721689224243164, 3.8537018299102783]","[2.8714566230773926, 2.794893503189087, 2.766925811767578, 2.7194700241088867]"
1447.0,2010-12-01T00:00:00.000000000,"[3.127631425857544, 3.721689224243164, 3.8537018299102783, 3.875704050064087]","[3.074827194213867, 2.9466655254364014, 2.886683225631714, 2.7810277938842773]"
1447.0,2011-03-01T00:00:00.000000000,"[3.721689224243164, 3.8537018299102783, 3.875704050064087, 3.765693426132202]","[3.0283544063568115, 2.9217593669891357, 2.878615617752075, 2.797499418258667]"
1447.0,2011-06-01T00:00:00.000000000,"[3.8537018299102783, 3.875704050064087, 3.765693426132202, 0.20134682953357697]","[3.263976573944092, 3.1830668449401855, 3.1684205532073975, 3.1102843284606934]"
1447.0,2011-09-01T00:00:00.000000000,"[3.875704050064087, 3.765693426132202, 0.20134682953357697, -0.06267886608839035]","[3.1908788681030273, 3.0879592895507812, 3.051928997039795, 2.9773449897766113]"
1447.0,2011-12-01T00:00:00.000000000,"[3.765693426132202, 0.20134682953357697, -0.06267886608839035, 2.1595370769500732]","[3.40419340133667, 3.214301586151123, 3.1084487438201904, 2.9398586750030518]"
1447.0,2012-03-01T00:00:00.000000000,"[0.20134682953357697, -0.06267886608839035, 2.1595370769500732, 3.171635627746582]","[3.453042984008789, 3.352940082550049, 3.31610369682312, 3.244318723678589]"
1447.0,2012-06-01T00:00:00.000000000,"[-0.06267886608839035, 2.1595370769500732, 3.171635627746582, 5.327845573425293]","[1.8314785957336426, 1.9287712574005127, 2.0506889820098877, 2.11283278465271]"
1447.0,2012-09-01T00:00:00.000000000,"[2.1595370769500732, 3.171635627746582, 5.327845573425293, 5.459857940673828]","[1.3451855182647705, 1.5592985153198242, 1.7413921356201172, 1.9962031841278076]"
1447.0,2012-12-01T00:00:00.000000000,"[3.171635627746582, 5.327845573425293, 5.459857940673828, 4.2937445640563965]","[1.920811653137207, 2.028061866760254, 2.0910072326660156, 2.2895243167877197]"
1447.0,2013-03-01T00:00:00.000000000,"[5.327845573425293, 5.459857940673828, 4.2937445640563965, 4.0957255363464355]","[2.5374045372009277, 2.5426840782165527, 2.5372157096862793, 2.6166157722473145]"
1602.0,2006-06-01T00:00:00.000000000,"[4.513765811920166, 4.359751224517822, 4.051721572875977, 4.755789756774902]","[2.882319688796997, 2.7484521865844727, 2.671818494796753, 2.573110342025757]"
1602.0,2006-09-01T00:00:00.000000000,"[4.359751224517822, 4.051721572875977, 4.755789756774902, 4.953808784484863]","[3.4105453491210938, 3.3203508853912354, 3.31303334236145, 3.249811887741089]"
1602.0,2006-12-01T00:00:00.000000000,"[4.051721572875977, 4.755789756774902, 4.953808784484863, 5.283841133117676]","[3.5930423736572266, 3.5192508697509766, 3.509162425994873, 3.464780807495117]"
1602.0,2007-03-01T00:00:00.000000000,"[4.755789756774902, 4.953808784484863, 5.283841133117676, 5.0418171882629395]","[3.636171340942383, 3.458214282989502, 3.376058340072632, 3.2260289192199707]"
1602.0,2007-06-01T00:00:00.000000000,"[4.953808784484863, 5.283841133117676, 5.0418171882629395, 5.679879665374756]","[3.85109806060791, 3.7252612113952637, 3.6896300315856934, 3.595125675201416]"
1602.0,2007-09-01T00:00:00.000000000,"[5.283841133117676, 5.0418171882629395, 5.679879665374756, 5.5478668212890625]","[4.253144264221191, 4.071689605712891, 4.025859355926514, 3.8701958656311035]"
1602.0,2007-12-01T00:00:00.000000000,"[5.0418171882629395, 5.679879665374756, 5.5478668212890625, 5.943905353546143]","[4.341382026672363, 4.233302116394043, 4.199711322784424, 4.125475883483887]"
1602.0,2008-03-01T00:00:00.000000000,"[5.679879665374756, 5.5478668212890625, 5.943905353546143, 5.6578779220581055]","[4.30885124206543, 4.122963905334473, 4.032321453094482, 3.885322093963623]"
1602.0,2008-06-01T00:00:00.000000000,"[5.5478668212890625, 5.943905353546143, 5.6578779220581055, 6.229933261871338]","[4.566287994384766, 4.41743803024292, 4.348615646362305, 4.241458892822266]"
1602.0,2008-09-01T00:00:00.000000000,"[5.943905353546143, 5.6578779220581055, 6.229933261871338, 6.493958950042725]","[4.707812309265137, 4.454222202301025, 4.328525066375732, 4.1171441078186035]"
1602.0,2008-12-01T00:00:00.000000000,"[5.6578779220581055, 6.229933261871338, 6.493958950042725, 6.493958950042725]","[5.100678443908691, 4.930536270141602, 4.86649227142334, 4.73724889755249]"
1602.0,2009-03-01T00:00:00.000000000,"[6.229933261871338, 6.493958950042725, 6.493958950042725, 5.6578779220581055]","[4.9836907386779785, 4.854426383972168, 4.816314220428467, 4.7410783767700195]"
1602.0,2009-06-01T00:00:00.000000000,"[6.493958950042725, 6.493958950042725, 5.6578779220581055, 6.934001922607422]","[5.253096103668213, 5.157358169555664, 5.134284973144531, 5.093562602996826]"
1602.0,2009-09-01T00:00:00.000000000,"[6.493958950042725, 5.6578779220581055, 6.934001922607422, 7.726078510284424]","[5.262110710144043, 4.954715728759766, 4.799400329589844, 4.549155235290527]"
1602.0,2009-12-01T00:00:00.000000000,"[5.6578779220581055, 6.934001922607422, 7.726078510284424, 7.418048858642578]","[5.664853096008301, 5.482692718505859, 5.399769306182861, 5.274139404296875]"
1602.0,2010-03-01T00:00:00.000000000,"[6.934001922607422, 7.726078510284424, 7.418048858642578, 6.823991298675537]","[5.45377254486084, 5.102851390838623, 4.922235012054443, 4.633417129516602]"
1602.0,2010-06-01T00:00:00.000000000,"[7.726078510284424, 7.418048858642578, 6.823991298675537, 7.132020950317383]","[5.917255401611328, 5.644406318664551, 5.532730579376221, 5.317137241363525]"
1602.0,2010-09-01T00:00:00.000000000,"[7.418048858642578, 6.823991298675537, 7.132020950317383, 8.034109115600586]","[6.4775238037109375, 6.436285495758057, 6.503345012664795, 6.523314476013184]"
1602.0,2010-12-01T00:00:00.000000000,"[6.823991298675537, 7.132020950317383, 8.034109115600586, 7.3520426750183105]","[6.358865737915039, 6.078275680541992, 5.921102046966553, 5.70555305480957]"
1602.0,2011-03-01T00:00:00.000000000,"[7.132020950317383, 8.034109115600586, 7.3520426750183105, 7.308038234710693]","[6.704677581787109, 6.4224395751953125, 6.28599739074707, 6.06220817565918]"
1602.0,2011-06-01T00:00:00.000000000,"[8.034109115600586, 7.3520426750183105, 7.308038234710693, 8.474151611328125]","[6.774779319763184, 6.603806018829346, 6.537116527557373, 6.4324774742126465]"
1602.0,2011-09-01T00:00:00.000000000,"[7.3520426750183105, 7.308038234710693, 8.474151611328125, 8.650168418884277]","[7.162660598754883, 6.9424567222595215, 6.887005805969238, 6.730780124664307]"
1602.0,2011-12-01T00:00:00.000000000,"[7.308038234710693, 8.474151611328125, 8.650168418884277, 8.914194107055664]","[6.964966297149658, 6.91750431060791, 6.918659210205078, 6.950861930847168]"
1602.0,2012-03-01T00:00:00.000000000,"[8.474151611328125, 8.650168418884277, 8.914194107055664, 7.682074069976807]","[7.049302577972412, 6.826045036315918, 6.7453789710998535, 6.597507476806641]"
1602.0,2012-06-01T00:00:00.000000000,"[8.650168418884277, 8.914194107055664, 7.682074069976807, 7.440051078796387]","[7.483275890350342, 7.332696914672852, 7.32871150970459, 7.251014709472656]"
1602.0,2012-09-01T00:00:00.000000000,"[8.914194107055664, 7.682074069976807, 7.440051078796387, 8.936196327209473]","[8.082220077514648, 7.922474384307861, 7.932991027832031, 7.834792613983154]"
1602.0,2012-12-01T00:00:00.000000000,"[7.682074069976807, 7.440051078796387, 8.936196327209473, 9.574258804321289]","[7.892566680908203, 7.686487674713135, 7.6064043045043945, 7.472630977630615]"
1602.0,2013-03-01T00:00:00.000000000,"[7.440051078796387, 8.936196327209473, 9.574258804321289, 8.892192840576172]","[7.893232345581055, 7.614447593688965, 7.4867472648620605, 7.278199672698975]"
1632.0,2006-06-01T00:00:00.000000000,"[0.5973852872848511, 0.6853939294815063, 0.8174067735671997, 0.6853939294815063]","[0.5067300200462341, 0.5052917003631592, 0.5056228637695312, 0.5184987187385559]"
1632.0,2006-09-01T00:00:00.000000000,"[0.6853939294815063, 0.8174067735671997, 0.6853939294815063, 0.9054153561592102]","[0.5678743124008179, 0.562302827835083, 0.5633191466331482, 0.5760594606399536]"
1632.0,2006-12-01T00:00:00.000000000,"[0.8174067735671997, 0.6853939294815063, 0.9054153561592102, 0.9934238195419312]","[0.6082611083984375, 0.6073362827301025, 0.6093653440475464, 0.626235842704773]"
1632.0,2007-03-01T00:00:00.000000000,"[0.6853939294815063, 0.9054153561592102, 0.9934238195419312, 1.5654793977737427]","[0.6838809847831726, 0.6766640543937683, 0.667839527130127, 0.6765150427818298]"
1632.0,2007-06-01T00:00:00.000000000,"[0.9054153561592102, 0.9934238195419312, 1.5654793977737427, 0.5313789248466492]","[0.6774759292602539, 0.6206568479537964, 0.5842640399932861, 0.5426463484764099]"
1632.0,2007-09-01T00:00:00.000000000,"[0.9934238195419312, 1.5654793977737427, 0.5313789248466492, 0.7073960304260254]","[0.7996469736099243, 0.7683079242706299, 0.7570653557777405, 0.7394167184829712]"
1632.0,2007-12-01T00:00:00.000000000,"[1.5654793977737427, 0.5313789248466492, 0.7073960304260254, 1.103434681892395]","[0.8296186923980713, 0.8078532218933105, 0.802288293838501, 0.795283317565918]"
1632.0,2008-03-01T00:00:00.000000000,"[0.5313789248466492, 0.7073960304260254, 1.103434681892395, 1.6094835996627808]","[1.0554368495941162, 1.0227125883102417, 1.0147267580032349, 0.9934633374214172]"
1632.0,2008-06-01T00:00:00.000000000,"[0.7073960304260254, 1.103434681892395, 1.6094835996627808, 1.3674603700637817]","[0.7222858667373657, 0.6822981834411621, 0.652518093585968, 0.6352472305297852]"
1632.0,2008-09-01T00:00:00.000000000,"[1.103434681892395, 1.6094835996627808, 1.3674603700637817, 1.5654793977737427]","[0.7150313854217529, 0.6668014526367188, 0.6166993975639343, 0.6002046465873718]"
1632.0,2008-12-01T00:00:00.000000000,"[1.6094835996627808, 1.3674603700637817, 1.5654793977737427, 2.071528673171997]","[0.9238801598548889, 0.9113402962684631, 0.930225670337677, 0.9374903440475464]"
1632.0,2009-03-01T00:00:00.000000000,"[1.3674603700637817, 1.5654793977737427, 2.071528673171997, 2.4895694255828857]","[1.1631731986999512, 1.132396936416626, 1.130527138710022, 1.1140968799591064]"
1632.0,2009-06-01T00:00:00.000000000,"[1.5654793977737427, 2.071528673171997, 2.4895694255828857, 2.42356276512146]","[1.2734167575836182, 1.1553562879562378, 1.0984560251235962, 0.9904738664627075]"
1632.0,2009-09-01T00:00:00.000000000,"[2.071528673171997, 2.4895694255828857, 2.42356276512146, 2.4895694255828857]","[1.1944645643234253, 1.056450605392456, 0.9737009406089783, 0.8504761457443237]"
1632.0,2009-12-01T00:00:00.000000000,"[2.4895694255828857, 2.42356276512146, 2.4895694255828857, 2.665586471557617]","[1.389725923538208, 1.3245267868041992, 1.30758798122406, 1.2601888179779053]"
1632.0,2010-03-01T00:00:00.000000000,"[2.42356276512146, 2.4895694255828857, 2.665586471557617, 2.7095906734466553]","[1.5774163007736206, 1.4999189376831055, 1.467989444732666, 1.4097236394882202]"
1632.0,2010-06-01T00:00:00.000000000,"[2.4895694255828857, 2.665586471557617, 2.7095906734466553, 2.225543737411499]","[1.7496676445007324, 1.5036892890930176, 1.359621286392212, 1.1186950206756592]"
1632.0,2010-09-01T00:00:00.000000000,"[2.665586471557617, 2.7095906734466553, 2.225543737411499, 2.2915501594543457]","[1.789358139038086, 1.6470561027526855, 1.5753676891326904, 1.4537055492401123]"
1632.0,2010-12-01T00:00:00.000000000,"[2.7095906734466553, 2.225543737411499, 2.2915501594543457, 2.071528673171997]","[1.9683616161346436, 1.7852412462234497, 1.7064695358276367, 1.5430059432983398]"
1632.0,2011-03-01T00:00:00.000000000,"[2.225543737411499, 2.2915501594543457, 2.071528673171997, 1.9175138473510742]","[2.0601766109466553, 1.8758504390716553, 1.7889113426208496, 1.6262445449829102]"
1632.0,2011-06-01T00:00:00.000000000,"[2.2915501594543457, 2.071528673171997, 1.9175138473510742, 1.5654793977737427]","[1.9469168186187744, 1.716821551322937, 1.5806248188018799, 1.3770575523376465]"
1632.0,2011-09-01T00:00:00.000000000,"[2.071528673171997, 1.9175138473510742, 1.5654793977737427, 1.6754902601242065]","[2.0282959938049316, 1.898040533065796, 1.8318521976470947, 1.7323341369628906]"
1632.0,2011-12-01T00:00:00.000000000,"[1.9175138473510742, 1.5654793977737427, 1.6754902601242065, 2.2915501594543457]","[1.8035849332809448, 1.7907575368881226, 1.7849175930023193, 1.8164454698562622]"
1632.0,2012-03-01T00:00:00.000000000,"[1.5654793977737427, 1.6754902601242065, 2.2915501594543457, 2.4675674438476562]","[1.7613122463226318, 1.7686831951141357, 1.7577204704284668, 1.812361240386963]"
1632.0,2012-06-01T00:00:00.000000000,"[1.6754902601242065, 2.2915501594543457, 2.4675674438476562, 2.4675674438476562]","[1.8652663230895996, 1.8013801574707031, 1.7668075561523438, 1.746424913406372]"
1632.0,2012-09-01T00:00:00.000000000,"[2.2915501594543457, 2.4675674438476562, 2.4675674438476562, 2.6875884532928467]","[1.768322467803955, 1.7297582626342773, 1.7123842239379883, 1.7203826904296875]"
1632.0,2012-12-01T00:00:00.000000000,"[2.4675674438476562, 2.4675674438476562, 2.6875884532928467, 3.083627223968506]","[2.0945277214050293, 2.08683443069458, 2.0975379943847656, 2.1298959255218506]"
1632.0,2013-03-01T00:00:00.000000000,"[2.4675674438476562, 2.6875884532928467, 3.083627223968506, 3.1056292057037354]","[2.2321667671203613, 2.232037305831909, 2.2355103492736816, 2.276561975479126]"
1690.0,2006-06-01T00:00:00.000000000,"[0.003327556187286973, 0.08033503592014313, 0.9824227690696716, 0.5808836817741394]","[0.05857646465301514, 0.03407245874404907, 0.025923579931259155, 0.017870992422103882]"
1690.0,2006-09-01T00:00:00.000000000,"[0.08033503592014313, 0.9824227690696716, 0.5808836817741394, 0.31685808300971985]","[-0.029558420181274414, -0.05888259410858154, -0.08519583940505981, -0.09523612260818481]"
1690.0,2006-12-01T00:00:00.000000000,"[0.9824227690696716, 0.5808836817741394, 0.31685808300971985, 0.37736397981643677]","[-0.022309690713882446, -0.024833858013153076, -0.023935526609420776, -0.00530049204826355]"
1690.0,2007-03-01T00:00:00.000000000,"[0.5808836817741394, 0.31685808300971985, 0.37736397981643677, 1.103434681892395]","[0.3228117823600769, 0.3133848309516907, 0.32783615589141846, 0.3299158811569214]"
1690.0,2007-06-01T00:00:00.000000000,"[0.31685808300971985, 0.37736397981643677, 1.103434681892395, 0.34436073899269104]","[0.3104132413864136, 0.2639428377151489, 0.2480745166540146, 0.21866555511951447]"
1690.0,2007-09-01T00:00:00.000000000,"[0.37736397981643677, 1.103434681892395, 0.34436073899269104, 0.08033503592014313]","[0.20656780898571014, 0.14656247198581696, 0.10031135380268097, 0.06063452363014221]"
1690.0,2007-12-01T00:00:00.000000000,"[1.103434681892395, 0.34436073899269104, 0.08033503592014313, 0.21784842014312744]","[0.19703000783920288, 0.17313030362129211, 0.16379019618034363, 0.16360697150230408]"
1690.0,2008-03-01T00:00:00.000000000,"[0.34436073899269104, 0.08033503592014313, 0.21784842014312744, 1.147438883781433]","[0.4929599463939667, 0.48434707522392273, 0.49759820103645325, 0.5052893161773682]"
1690.0,2008-06-01T00:00:00.000000000,"[0.08033503592014313, 0.21784842014312744, 1.147438883781433, 0.4543713927268982]","[0.32521384954452515, 0.2901475429534912, 0.2703785002231598, 0.2598177194595337]"
1690.0,2008-09-01T00:00:00.000000000,"[0.21784842014312744, 1.147438883781433, 0.4543713927268982, 0.21784842014312744]","[0.17461764812469482, 0.15740162134170532, 0.1274591088294983, 0.13961002230644226]"
1690.0,2008-12-01T00:00:00.000000000,"[1.147438883781433, 0.4543713927268982, 0.21784842014312744, 0.4378698170185089]","[0.21212506294250488, 0.2089163362979889, 0.21421876549720764, 0.24050189554691315]"
1690.0,2009-03-01T00:00:00.000000000,"[0.4543713927268982, 0.21784842014312744, 0.4378698170185089, 1.4389673471450806]","[0.5630645155906677, 0.5612233281135559, 0.5720942616462708, 0.5992939472198486]"
1690.0,2009-06-01T00:00:00.000000000,"[0.21784842014312744, 0.4378698170185089, 1.4389673471450806, 0.800905168056488]","[0.4511636197566986, 0.44936567544937134, 0.4542161822319031, 0.4786842465400696]"
1690.0,2009-09-01T00:00:00.000000000,"[0.4378698170185089, 1.4389673471450806, 0.800905168056488, 0.5863842368125916]","[0.31649696826934814, 0.3127477169036865, 0.29149943590164185, 0.3172975778579712]"
1690.0,2009-12-01T00:00:00.000000000,"[1.4389673471450806, 0.800905168056488, 0.5863842368125916, 0.8999148011207581]","[0.504611074924469, 0.49662840366363525, 0.5088284015655518, 0.5251791477203369]"
1690.0,2010-03-01T00:00:00.000000000,"[0.800905168056488, 0.5863842368125916, 0.8999148011207581, 1.598482608795166]","[0.8649235367774963, 0.8638610243797302, 0.8806549310684204, 0.9153337478637695]"
1690.0,2010-06-01T00:00:00.000000000,"[0.5863842368125916, 0.8999148011207581, 1.598482608795166, 0.652390718460083]","[0.7612696886062622, 0.7286611795425415, 0.7204365730285645, 0.7083829641342163]"
1690.0,2010-09-01T00:00:00.000000000,"[0.8999148011207581, 1.598482608795166, 0.652390718460083, 0.4983757734298706]","[0.6153269410133362, 0.5838279724121094, 0.5506595969200134, 0.5436148047447205]"
1690.0,2010-12-01T00:00:00.000000000,"[1.598482608795166, 0.652390718460083, 0.4983757734298706, 0.96592116355896]","[0.7952176332473755, 0.7708001136779785, 0.785205066204071, 0.7819778919219971]"
1690.0,2011-03-01T00:00:00.000000000,"[0.652390718460083, 0.4983757734298706, 0.96592116355896, 2.0440258979797363]","[1.032655954360962, 1.026329517364502, 1.0461015701293945, 1.0690349340438843]"
1690.0,2011-06-01T00:00:00.000000000,"[0.4983757734298706, 0.96592116355896, 2.0440258979797363, 0.7018954753875732]","[0.821743369102478, 0.7815835475921631, 0.7606273889541626, 0.7439220547676086]"
1690.0,2011-09-01T00:00:00.000000000,"[0.96592116355896, 2.0440258979797363, 0.7018954753875732, 0.7183970808982849]","[0.7081536054611206, 0.64467453956604, 0.5972706079483032, 0.559333324432373]"
1690.0,2011-12-01T00:00:00.000000000,"[2.0440258979797363, 0.7018954753875732, 0.7183970808982849, 0.9054153561592102]","[0.9245965480804443, 0.9100139141082764, 0.9324065446853638, 0.9398338794708252]"
1690.0,2012-03-01T00:00:00.000000000,"[0.7018954753875732, 0.7183970808982849, 0.9054153561592102, 2.9956183433532715]","[1.2392969131469727, 1.236048936843872, 1.247452974319458, 1.3473093509674072]"
1690.0,2012-06-01T00:00:00.000000000,"[0.7183970808982849, 0.9054153561592102, 2.9956183433532715, 2.379558563232422]","[0.8001351952552795, 0.7933838367462158, 0.7867244482040405, 0.8125683665275574]"
1690.0,2012-09-01T00:00:00.000000000,"[0.9054153561592102, 2.9956183433532715, 2.379558563232422, 2.1595370769500732]","[0.8177911043167114, 0.7799438238143921, 0.7502999305725098, 0.7435615062713623]"
1690.0,2012-12-01T00:00:00.000000000,"[2.9956183433532715, 2.379558563232422, 2.1595370769500732, 2.027524471282959]","[0.949063777923584, 0.9348694086074829, 0.9574734568595886, 0.9718707799911499]"
1690.0,2013-03-01T00:00:00.000000000,"[2.379558563232422, 2.1595370769500732, 2.027524471282959, 3.919708251953125]","[1.4991624355316162, 1.4805021286010742, 1.483342170715332, 1.7322016954421997]"
1704.0,2006-06-01T00:00:00.000000000,"[-0.08468098938465118, -0.08468098938465118, -0.10668310523033142, -0.10668310523033142]","[-0.23089899122714996, -0.22277776896953583, -0.21714097261428833, -0.1958838701248169]"
1704.0,2006-09-01T00:00:00.000000000,"[-0.08468098938465118, -0.10668310523033142, -0.10668310523033142, -0.06267886608839035]","[-0.12412281334400177, -0.12127199023962021, -0.12529034912586212, -0.10476246476173401]"
1704.0,2006-12-01T00:00:00.000000000,"[-0.10668310523033142, -0.10668310523033142, -0.06267886608839035, 0.025329740718007088]","[-0.13809674978256226, -0.13440653681755066, -0.13978345692157745, -0.1176270991563797]"
1704.0,2007-03-01T00:00:00.000000000,"[-0.10668310523033142, -0.06267886608839035, 0.025329740718007088, -0.06267886608839035]","[-0.13669909536838531, -0.13214802742004395, -0.13927754759788513, -0.11586585640907288]"
1704.0,2007-06-01T00:00:00.000000000,"[-0.06267886608839035, 0.025329740718007088, -0.06267886608839035, -0.12868529558181763]","[-0.1509723663330078, -0.14684322476387024, -0.1520172655582428, -0.1282225102186203]"
1704.0,2007-09-01T00:00:00.000000000,"[0.025329740718007088, -0.06267886608839035, -0.12868529558181763, 0.047331858426332474]","[-0.10219830274581909, -0.10006685554981232, -0.10197271406650543, -0.08188264071941376]"
1704.0,2007-12-01T00:00:00.000000000,"[-0.06267886608839035, -0.12868529558181763, 0.047331858426332474, 0.3993660807609558]","[-0.09218183159828186, -0.0898825079202652, -0.09289741516113281, -0.07297052443027496]"
1704.0,2008-03-01T00:00:00.000000000,"[-0.12868529558181763, 0.047331858426332474, 0.3993660807609558, 0.7514004111289978]","[-0.11547630280256271, -0.11119678616523743, -0.11610041558742523, -0.09350311756134033]"
1704.0,2008-06-01T00:00:00.000000000,"[0.047331858426332474, 0.3993660807609558, 0.7514004111289978, 0.7734025120735168]","[-0.08322493731975555, -0.09641323983669281, -0.10632828623056412, -0.10357314348220825]"
1704.0,2008-09-01T00:00:00.000000000,"[0.3993660807609558, 0.7514004111289978, 0.7734025120735168, 1.0374282598495483]","[-0.012908264994621277, -0.024109750986099243, -0.029210925102233887, -0.025918155908584595]"
1704.0,2008-12-01T00:00:00.000000000,"[0.7514004111289978, 0.7734025120735168, 1.0374282598495483, 1.1914430856704712]","[0.112956702709198, 0.10406994819641113, 0.11420619487762451, 0.11778846383094788]"
1704.0,2009-03-01T00:00:00.000000000,"[0.7734025120735168, 1.0374282598495483, 1.1914430856704712, 1.3454581499099731]","[0.2747389078140259, 0.23611842095851898, 0.23109816014766693, 0.20294781029224396]"
1704.0,2009-06-01T00:00:00.000000000,"[1.0374282598495483, 1.1914430856704712, 1.3454581499099731, 1.6314857006072998]","[0.4224832355976105, 0.31425759196281433, 0.2728508412837982, 0.17222800850868225]"
1704.0,2009-09-01T00:00:00.000000000,"[1.1914430856704712, 1.3454581499099731, 1.6314857006072998, 1.9835201501846313]","[0.5973945260047913, 0.47442394495010376, 0.42001962661743164, 0.3031516671180725]"
1704.0,2009-12-01T00:00:00.000000000,"[1.3454581499099731, 1.6314857006072998, 1.9835201501846313, 1.9395159482955933]","[0.5431161522865295, 0.41755983233451843, 0.35935044288635254, 0.24761590361595154]"
1704.0,2010-03-01T00:00:00.000000000,"[1.6314857006072998, 1.9835201501846313, 1.9395159482955933, 1.4334666728973389]","[0.6503551006317139, 0.5141545534133911, 0.44708362221717834, 0.3268709182739258]"
1704.0,2010-06-01T00:00:00.000000000,"[1.9835201501846313, 1.9395159482955933, 1.4334666728973389, 1.0814324617385864]","[0.8956353068351746, 0.7812532186508179, 0.736282229423523, 0.6331785917282104]"
1704.0,2010-09-01T00:00:00.000000000,"[1.9395159482955933, 1.4334666728973389, 1.0814324617385864, 0.8394088745117188]","[1.0065261125564575, 0.8442584276199341, 0.765205979347229, 0.62091064453125]"
1704.0,2010-12-01T00:00:00.000000000,"[1.4334666728973389, 1.0814324617385864, 0.8394088745117188, 0.9274174571037292]","[1.1682782173156738, 0.9504392743110657, 0.8356543779373169, 0.6347416639328003]"
1704.0,2011-03-01T00:00:00.000000000,"[1.0814324617385864, 0.8394088745117188, 0.9274174571037292, 1.0594303607940674]","[1.0553498268127441, 0.8340356349945068, 0.7026410102844238, 0.5049622058868408]"
1704.0,2011-06-01T00:00:00.000000000,"[0.8394088745117188, 0.9274174571037292, 1.0594303607940674, 1.455468773841858]","[0.9403678178787231, 0.7830711603164673, 0.6826520562171936, 0.5572651028633118]"
1704.0,2011-09-01T00:00:00.000000000,"[0.9274174571037292, 1.0594303607940674, 1.455468773841858, 1.2574495077133179]","[0.9292590618133545, 0.8598077297210693, 0.8234590291976929, 0.7908133268356323]"
1704.0,2011-12-01T00:00:00.000000000,"[1.0594303607940674, 1.455468773841858, 1.2574495077133179, 1.6314857006072998]","[0.8233627080917358, 0.801447868347168, 0.759211540222168, 0.8241481781005859]"
1704.0,2012-03-01T00:00:00.000000000,"[1.455468773841858, 1.2574495077133179, 1.6314857006072998, 2.0495264530181885]","[0.9827486276626587, 0.9668298363685608, 0.9430071115493774, 0.9968655109405518]"
1704.0,2012-06-01T00:00:00.000000000,"[1.2574495077133179, 1.6314857006072998, 2.0495264530181885, 2.3575565814971924]","[1.2377667427062988, 1.2269341945648193, 1.2369966506958008, 1.260756254196167]"
1704.0,2012-09-01T00:00:00.000000000,"[1.6314857006072998, 2.0495264530181885, 2.3575565814971924, 2.885607957839966]","[1.3183376789093018, 1.3050404787063599, 1.3139687776565552, 1.3267078399658203]"
1704.0,2012-12-01T00:00:00.000000000,"[2.0495264530181885, 2.3575565814971924, 2.885607957839966, 3.479665517807007]","[1.3507602214813232, 1.2889970541000366, 1.2543635368347168, 1.2260713577270508]"
1704.0,2013-03-01T00:00:00.000000000,"[2.3575565814971924, 2.885607957839966, 3.479665517807007, 3.567674398422241]","[1.615225076675415, 1.529285192489624, 1.4989148378372192, 1.4425861835479736]"
1878.0,2005-09-01T00:00:00.000000000,"[0.003327556187286973, 0.06933397799730301, -0.15068741142749786, -0.15068741142749786]","[0.21911859512329102, 0.2263769805431366, 0.2342643141746521, 0.24761807918548584]"
1878.0,2005-12-01T00:00:00.000000000,"[0.06933397799730301, -0.15068741142749786, -0.15068741142749786, -0.04067668318748474]","[0.05075904726982117, 0.0720849484205246, 0.0987861305475235, 0.11368453502655029]"
1878.0,2006-03-01T00:00:00.000000000,"[-0.15068741142749786, -0.15068741142749786, -0.04067668318748474, -0.28270024061203003]","[0.05449790507555008, 0.0763520896434784, 0.09451010078191757, 0.12470139563083649]"
1878.0,2006-06-01T00:00:00.000000000,"[-0.15068741142749786, -0.04067668318748474, -0.28270024061203003, -0.39271095395088196]","[-0.04636618494987488, -0.008986324071884155, 0.03252007067203522, 0.06127261370420456]"
1878.0,2006-09-01T00:00:00.000000000,"[-0.04067668318748474, -0.28270024061203003, -0.39271095395088196, -0.23869597911834717]","[-0.03779187798500061, -3.993511199951172e-05, 0.03638698160648346, 0.07551690936088562]"
1878.0,2007-09-01T00:00:00.000000000,"[-0.28270024061203003, -0.39271095395088196, -0.23869597911834717, -0.920762300491333]","[-0.004939675331115723, 0.02268098294734955, 0.05617636442184448, 0.07470987737178802]"
1878.0,2007-12-01T00:00:00.000000000,"[-0.39271095395088196, -0.23869597911834717, -0.920762300491333, -0.5907301902770996]","[-0.08504308760166168, -0.0451207160949707, 0.005410432815551758, 0.02474847435951233]"
1878.0,2008-03-01T00:00:00.000000000,"[-0.23869597911834717, -0.920762300491333, -0.5907301902770996, -1.096779465675354]","[-0.16833633184432983, -0.11295536160469055, -0.0499921590089798, -0.013079166412353516]"
1878.0,2008-06-01T00:00:00.000000000,"[-0.920762300491333, -0.5907301902770996, -1.096779465675354, -1.316800832748413]","[-0.14073199033737183, -0.09291025251150131, -0.036323390901088715, -0.006824217736721039]"
1878.0,2008-09-01T00:00:00.000000000,"[-0.5907301902770996, -1.096779465675354, -1.316800832748413, -1.0527751445770264]","[-0.34582772850990295, -0.27252185344696045, -0.1710512638092041, -0.15599524974822998]"
1878.0,2008-12-01T00:00:00.000000000,"[-1.096779465675354, -1.316800832748413, -1.0527751445770264, -0.942764401435852]","[-0.28439217805862427, -0.22124440968036652, -0.14417850971221924, -0.10976514220237732]"
1878.0,2009-03-01T00:00:00.000000000,"[-1.316800832748413, -1.0527751445770264, -0.942764401435852, -0.9647666215896606]","[-0.43787795305252075, -0.35951685905456543, -0.25256216526031494, -0.23171108961105347]"
1878.0,2009-06-01T00:00:00.000000000,"[-1.0527751445770264, -0.942764401435852, -0.9647666215896606, -0.898760199546814]","[-0.5731573700904846, -0.47427576780319214, -0.3532736301422119, -0.3032371699810028]"
1878.0,2009-09-01T00:00:00.000000000,"[-0.942764401435852, -0.9647666215896606, -0.898760199546814, -0.5687280893325806]","[-0.5032632946968079, -0.426411509513855, -0.3281458616256714, -0.29184335470199585]"
1878.0,2009-12-01T00:00:00.000000000,"[-0.9647666215896606, -0.898760199546814, -0.5687280893325806, -0.28270024061203003]","[-0.5219007134437561, -0.4485507309436798, -0.35587796568870544, -0.31785133481025696]"
1878.0,2010-03-01T00:00:00.000000000,"[-0.898760199546814, -0.5687280893325806, -0.28270024061203003, -0.06267886608839035]","[-0.5706720948219299, -0.4978793263435364, -0.401808500289917, -0.37105607986450195]"
1878.0,2010-06-01T00:00:00.000000000,"[-0.5687280893325806, -0.28270024061203003, -0.06267886608839035, 0.3113575577735901]","[-0.5715086460113525, -0.5023326873779297, -0.41229569911956787, -0.3791203200817108]"
1878.0,2010-09-01T00:00:00.000000000,"[-0.28270024061203003, -0.06267886608839035, 0.3113575577735901, 0.2893553674221039]","[-0.48806142807006836, -0.43330633640289307, -0.3655589818954468, -0.32842016220092773]"
1878.0,2010-12-01T00:00:00.000000000,"[-0.06267886608839035, 0.3113575577735901, 0.2893553674221039, 0.7293981313705444]","[-0.4367549419403076, -0.39016368985176086, -0.33631205558776855, -0.29448172450065613]"
1878.0,2011-03-01T00:00:00.000000000,"[0.3113575577735901, 0.2893553674221039, 0.7293981313705444, 1.0154259204864502]","[-0.27958282828330994, -0.2465842366218567, -0.2169322669506073, -0.1755490005016327]"
1878.0,2011-06-01T00:00:00.000000000,"[0.2893553674221039, 0.7293981313705444, 1.0154259204864502, 1.323456048965454]","[0.05877499282360077, 0.047427207231521606, 0.03687475621700287, 0.059631794691085815]"
1878.0,2011-09-01T00:00:00.000000000,"[0.7293981313705444, 1.0154259204864502, 1.323456048965454, 1.1694409847259521]","[0.16713352501392365, 0.10109575092792511, 0.06265068054199219, 0.0261317640542984]"
1878.0,2011-12-01T00:00:00.000000000,"[1.0154259204864502, 1.323456048965454, 1.1694409847259521, 1.455468773841858]","[0.35607385635375977, 0.28134244680404663, 0.23306149244308472, 0.1828436553478241]"
1878.0,2012-03-01T00:00:00.000000000,"[1.323456048965454, 1.1694409847259521, 1.455468773841858, 1.5874814987182617]","[0.5110735297203064, 0.3527708947658539, 0.26431789994239807, 0.12681755423545837]"
1878.0,2012-06-01T00:00:00.000000000,"[1.1694409847259521, 1.455468773841858, 1.5874814987182617, 1.8955113887786865]","[0.7042571902275085, 0.49362748861312866, 0.3730852007865906, 0.18006937205791473]"
1878.0,2012-09-01T00:00:00.000000000,"[1.455468773841858, 1.5874814987182617, 1.8955113887786865, 1.5654793977737427]","[0.6853733658790588, 0.4337805509567261, 0.28460007905960083, 0.05355904623866081]"
1878.0,2012-12-01T00:00:00.000000000,"[1.5874814987182617, 1.8955113887786865, 1.5654793977737427, 1.9615180492401123]","[0.7171828746795654, 0.488228976726532, 0.32854822278022766, 0.1224399283528328]"
1878.0,2013-03-01T00:00:00.000000000,"[1.8955113887786865, 1.5654793977737427, 1.9615180492401123, 2.2277438640594482]","[0.8682485222816467, 0.5881494879722595, 0.42711102962493896, 0.1709553450345993]"
1891.0,2006-06-01T00:00:00.000000000,"[0.6853939294815063, 0.6633917689323425, 0.8394088745117188, 1.5874814987182617]","[1.0390193462371826, 1.051201343536377, 1.0528697967529297, 1.1088390350341797]"
1891.0,2006-09-01T00:00:00.000000000,"[0.6633917689323425, 0.8394088745117188, 1.5874814987182617, 0.5093768239021301]","[0.8827458620071411, 0.8625127673149109, 0.8482598066329956, 0.8504078388214111]"
1891.0,2006-12-01T00:00:00.000000000,"[0.8394088745117188, 1.5874814987182617, 0.5093768239021301, 0.7954046130180359]","[0.7796466946601868, 0.7766632437705994, 0.7513809204101562, 0.7777984738349915]"
1891.0,2007-03-01T00:00:00.000000000,"[1.5874814987182617, 0.5093768239021301, 0.7954046130180359, 0.8834132552146912]","[0.9096310138702393, 0.9023566842079163, 0.934173583984375, 0.9412482976913452]"
1891.0,2007-06-01T00:00:00.000000000,"[0.5093768239021301, 0.7954046130180359, 0.8834132552146912, 1.8735092878341675]","[1.0443617105484009, 1.0776851177215576, 1.0747673511505127, 1.1847456693649292]"
1891.0,2007-09-01T00:00:00.000000000,"[0.7954046130180359, 0.8834132552146912, 1.8735092878341675, 0.8174067735671997]","[0.8219769597053528, 0.8319027423858643, 0.8586548566818237, 0.8787857294082642]"
1891.0,2007-12-01T00:00:00.000000000,"[0.8834132552146912, 1.8735092878341675, 0.8174067735671997, 1.1914430856704712]","[0.8715084195137024, 0.8813753724098206, 0.8771659135818481, 0.9084224700927734]"
1891.0,2008-03-01T00:00:00.000000000,"[1.8735092878341675, 0.8174067735671997, 1.1914430856704712, 1.2134451866149902]","[0.9241322875022888, 0.9210258722305298, 0.9423696994781494, 0.9588412642478943]"
1891.0,2008-06-01T00:00:00.000000000,"[0.8174067735671997, 1.1914430856704712, 1.2134451866149902, 2.181539297103882]","[1.1045422554016113, 1.1404420137405396, 1.1294060945510864, 1.2649425268173218]"
1891.0,2008-09-01T00:00:00.000000000,"[1.1914430856704712, 1.2134451866149902, 2.181539297103882, 0.7514004111289978]","[1.1405736207962036, 1.1366877555847168, 1.1599206924438477, 1.1701624393463135]"
1891.0,2008-12-01T00:00:00.000000000,"[1.2134451866149902, 2.181539297103882, 0.7514004111289978, 1.301453948020935]","[1.2191109657287598, 1.2048158645629883, 1.192312240600586, 1.2028553485870361]"
1891.0,2009-03-01T00:00:00.000000000,"[2.181539297103882, 0.7514004111289978, 1.301453948020935, 1.477470874786377]","[1.1410014629364014, 1.1055347919464111, 1.1051104068756104, 1.092977523803711]"
1891.0,2009-06-01T00:00:00.000000000,"[0.7514004111289978, 1.301453948020935, 1.477470874786377, 2.6435842514038086]","[1.280205488204956, 1.333742618560791, 1.3218320608139038, 1.4786512851715088]"
1891.0,2009-09-01T00:00:00.000000000,"[1.301453948020935, 1.477470874786377, 2.6435842514038086, 1.323456048965454]","[1.1175183057785034, 1.0739320516586304, 1.065534234046936, 1.0334808826446533]"
1891.0,2009-12-01T00:00:00.000000000,"[1.477470874786377, 2.6435842514038086, 1.323456048965454, 1.9395159482955933]","[1.249245047569275, 1.2189902067184448, 1.1796926259994507, 1.1936166286468506]"
1891.0,2010-03-01T00:00:00.000000000,"[2.6435842514038086, 1.323456048965454, 1.9395159482955933, 2.2475459575653076]","[1.3824936151504517, 1.3490058183670044, 1.379913330078125, 1.3850865364074707]"
1891.0,2010-06-01T00:00:00.000000000,"[1.323456048965454, 1.9395159482955933, 2.2475459575653076, 3.1936378479003906]","[1.6301066875457764, 1.660953402519226, 1.6606130599975586, 1.807713508605957]"
1891.0,2010-09-01T00:00:00.000000000,"[1.9395159482955933, 2.2475459575653076, 3.1936378479003906, 1.8075029850006104]","[1.538056492805481, 1.4194256067276, 1.366883635520935, 1.2712007761001587]"
1891.0,2010-12-01T00:00:00.000000000,"[2.2475459575653076, 3.1936378479003906, 1.8075029850006104, 2.2475459575653076]","[1.6892447471618652, 1.5754868984222412, 1.506263017654419, 1.411134123802185]"
1891.0,2011-03-01T00:00:00.000000000,"[3.1936378479003906, 1.8075029850006104, 2.2475459575653076, 2.6435842514038086]","[1.88002347946167, 1.770573616027832, 1.7481629848480225, 1.658005714416504]"
1891.0,2011-06-01T00:00:00.000000000,"[1.8075029850006104, 2.2475459575653076, 2.6435842514038086, 3.523669719696045]","[2.0117294788360596, 1.9623465538024902, 1.90901780128479, 1.9377217292785645]"
1891.0,2011-09-01T00:00:00.000000000,"[2.2475459575653076, 2.6435842514038086, 3.523669719696045, 1.8075029850006104]","[1.8494012355804443, 1.651224970817566, 1.5420610904693604, 1.3685157299041748]"
1891.0,2011-12-01T00:00:00.000000000,"[2.6435842514038086, 3.523669719696045, 1.8075029850006104, 2.4015607833862305]","[1.9412751197814941, 1.7769052982330322, 1.6698405742645264, 1.5316925048828125]"
1891.0,2012-03-01T00:00:00.000000000,"[3.523669719696045, 1.8075029850006104, 2.4015607833862305, 2.6435842514038086]","[2.2389743328094482, 2.1674816608428955, 2.1887378692626953, 2.1447033882141113]"
1891.0,2012-06-01T00:00:00.000000000,"[1.8075029850006104, 2.4015607833862305, 2.6435842514038086, 3.4576635360717773]","[2.447415351867676, 2.415379524230957, 2.399549961090088, 2.4422285556793213]"
1891.0,2012-09-01T00:00:00.000000000,"[2.4015607833862305, 2.6435842514038086, 3.4576635360717773, 1.9395159482955933]","[2.170424699783325, 2.048755168914795, 1.993988275527954, 1.9086213111877441]"
1891.0,2012-12-01T00:00:00.000000000,"[2.6435842514038086, 3.4576635360717773, 1.9395159482955933, 2.929612159729004]","[2.2722535133361816, 2.1995346546173096, 2.1586410999298096, 2.120424747467041]"
1891.0,2013-03-01T00:00:00.000000000,"[3.4576635360717773, 1.9395159482955933, 2.929612159729004, 2.929612159729004]","[2.5212013721466064, 2.4541611671447754, 2.4925179481506348, 2.4594151973724365]"
2136.0,2006-06-01T00:00:00.000000000,"[1.301453948020935, 1.2574495077133179, 0.8614109754562378, 1.5434772968292236]","[1.0005478858947754, 1.04634690284729, 0.9007740020751953, 0.9874221086502075]"
2136.0,2006-09-01T00:00:00.000000000,"[1.2574495077133179, 0.8614109754562378, 1.5434772968292236, 1.5874814987182617]","[0.9963133335113525, 0.8775478005409241, 0.9185003638267517, 0.9384326338768005]"
2136.0,2006-12-01T00:00:00.000000000,"[0.8614109754562378, 1.5434772968292236, 1.5874814987182617, 1.5874814987182617]","[0.9019222855567932, 0.9212350845336914, 0.8713657259941101, 0.8477833867073059]"
2136.0,2007-03-01T00:00:00.000000000,"[1.5434772968292236, 1.5874814987182617, 1.5874814987182617, 1.2574495077133179]","[0.845372200012207, 0.9165065884590149, 0.9112082719802856, 0.6452083587646484]"
2136.0,2007-06-01T00:00:00.000000000,"[1.5874814987182617, 1.5874814987182617, 1.2574495077133179, 1.6314857006072998]","[1.3640084266662598, 1.3882527351379395, 1.1770031452178955, 1.4150629043579102]"
2136.0,2007-09-01T00:00:00.000000000,"[1.5874814987182617, 1.2574495077133179, 1.6314857006072998, 1.3674603700637817]","[1.3572112321853638, 1.2296202182769775, 1.4072867631912231, 1.4768271446228027]"
2136.0,2007-12-01T00:00:00.000000000,"[1.2574495077133179, 1.6314857006072998, 1.3674603700637817, 1.5214751958847046]","[1.3343706130981445, 1.4312074184417725, 1.3825169801712036, 1.3368372917175293]"
2136.0,2008-03-01T00:00:00.000000000,"[1.6314857006072998, 1.3674603700637817, 1.5214751958847046, 1.1914430856704712]","[1.3423669338226318, 1.4236114025115967, 1.3952494859695435, 1.1716675758361816]"
2136.0,2008-06-01T00:00:00.000000000,"[1.3674603700637817, 1.5214751958847046, 1.1914430856704712, 1.3894624710083008]","[1.548753261566162, 1.5467561483383179, 1.458317518234253, 1.719512701034546]"
2136.0,2008-09-01T00:00:00.000000000,"[1.5214751958847046, 1.1914430856704712, 1.3894624710083008, 1.4114645719528198]","[1.4084651470184326, 1.2382938861846924, 1.4979770183563232, 1.4969866275787354]"
2136.0,2008-12-01T00:00:00.000000000,"[1.1914430856704712, 1.3894624710083008, 1.4114645719528198, 1.455468773841858]","[1.4928224086761475, 1.612494945526123, 1.5033890008926392, 1.562793254852295]"
2136.0,2009-03-01T00:00:00.000000000,"[1.3894624710083008, 1.4114645719528198, 1.455468773841858, 1.1914430856704712]","[1.4921032190322876, 1.4737823009490967, 1.4570248126983643, 1.3225888013839722]"
2136.0,2009-06-01T00:00:00.000000000,"[1.4114645719528198, 1.455468773841858, 1.1914430856704712, 1.8735092878341675]","[1.4552336931228638, 1.5322632789611816, 1.4074454307556152, 1.5512816905975342]"
2136.0,2009-09-01T00:00:00.000000000,"[1.455468773841858, 1.1914430856704712, 1.8735092878341675, 1.9395159482955933]","[1.5581848621368408, 1.3341341018676758, 1.6519551277160645, 1.622920274734497]"
2136.0,2009-12-01T00:00:00.000000000,"[1.1914430856704712, 1.8735092878341675, 1.9395159482955933, 1.9835201501846313]","[1.582480549812317, 1.6775031089782715, 1.5757298469543457, 1.5598716735839844]"
2136.0,2010-03-01T00:00:00.000000000,"[1.8735092878341675, 1.9395159482955933, 1.9835201501846313, 1.7634987831115723]","[1.270317792892456, 1.2321704626083374, 1.2145559787750244, 1.19976806640625]"
2136.0,2010-06-01T00:00:00.000000000,"[1.9395159482955933, 1.9835201501846313, 1.7634987831115723, 1.9395159482955933]","[1.5210299491882324, 1.506471037864685, 1.5151400566101074, 1.519726037979126]"
2136.0,2010-09-01T00:00:00.000000000,"[1.9835201501846313, 1.7634987831115723, 1.9395159482955933, 2.0055222511291504]","[1.5443291664123535, 1.535799503326416, 1.54964017868042, 1.5630319118499756]"
2136.0,2010-12-01T00:00:00.000000000,"[1.7634987831115723, 1.9395159482955933, 2.0055222511291504, 2.0495264530181885]","[1.7677686214447021, 1.7020347118377686, 1.6707100868225098, 1.6198575496673584]"
2136.0,2011-03-01T00:00:00.000000000,"[1.9395159482955933, 2.0055222511291504, 2.0495264530181885, 1.7855008840560913]","[1.7427353858947754, 1.6218868494033813, 1.5664689540863037, 1.46151602268219]"
2136.0,2011-06-01T00:00:00.000000000,"[2.0055222511291504, 2.0495264530181885, 1.7855008840560913, 2.071528673171997]","[1.7881520986557007, 1.6992928981781006, 1.6604745388031006, 1.5888413190841675]"
2136.0,2011-09-01T00:00:00.000000000,"[2.0495264530181885, 1.7855008840560913, 2.071528673171997, 1.8955113887786865]","[1.767296314239502, 1.7600386142730713, 1.7705819606781006, 1.7866315841674805]"
2136.0,2011-12-01T00:00:00.000000000,"[1.7855008840560913, 2.071528673171997, 1.8955113887786865, 2.0495264530181885]","[1.9334015846252441, 1.856640338897705, 1.8130769729614258, 1.750894546508789]"
2136.0,2012-03-01T00:00:00.000000000,"[2.071528673171997, 1.8955113887786865, 2.0495264530181885, 1.9615180492401123]","[1.9148707389831543, 1.8625571727752686, 1.845928430557251, 1.8131392002105713]"
2136.0,2012-06-01T00:00:00.000000000,"[1.8955113887786865, 2.0495264530181885, 1.9615180492401123, 2.181539297103882]","[1.9739713668823242, 1.9596858024597168, 1.9635422229766846, 1.968958854675293]"
2136.0,2012-09-01T00:00:00.000000000,"[2.0495264530181885, 1.9615180492401123, 2.181539297103882, 2.313552141189575]","[1.944568395614624, 1.9325106143951416, 1.9352400302886963, 1.944936990737915]"
2136.0,2012-12-01T00:00:00.000000000,"[1.9615180492401123, 2.181539297103882, 2.313552141189575, 2.4015607833862305]","[1.954176664352417, 1.929485559463501, 1.9129729270935059, 1.9098936319351196]"
2136.0,2013-03-01T00:00:00.000000000,"[2.181539297103882, 2.313552141189575, 2.4015607833862305, 2.181539297103882]","[1.9852304458618164, 1.9242885112762451, 1.897940993309021, 1.8568309545516968]"
2285.0,2006-06-01T00:00:00.000000000,"[4.227738380432129, 4.007717132568359, 4.381753444671631, 3.633680582046509]","[2.9018478393554688, 2.7971646785736084, 2.7421212196350098, 2.7281312942504883]"
2285.0,2006-09-01T00:00:00.000000000,"[4.007717132568359, 4.381753444671631, 3.633680582046509, 2.8636057376861572]","[3.3384389877319336, 3.224278688430786, 3.216531753540039, 3.1872198581695557]"
2285.0,2006-12-01T00:00:00.000000000,"[4.381753444671631, 3.633680582046509, 2.8636057376861572, 4.8437981605529785]","[3.550492763519287, 3.3539206981658936, 3.2929611206054688, 3.1762776374816895]"
2285.0,2007-03-01T00:00:00.000000000,"[3.633680582046509, 2.8636057376861572, 4.8437981605529785, 2.819601535797119]","[3.920375347137451, 3.702181100845337, 3.606590747833252, 3.4605793952941895]"
2285.0,2007-06-01T00:00:00.000000000,"[2.8636057376861572, 4.8437981605529785, 2.819601535797119, 3.127631425857544]","[3.6155362129211426, 3.41129732131958, 3.3112101554870605, 3.193673610687256]"
2285.0,2007-09-01T00:00:00.000000000,"[4.8437981605529785, 2.819601535797119, 3.127631425857544, -1.6688350439071655]","[2.71783185005188, 2.648638963699341, 2.5598630905151367, 2.607219696044922]"
2285.0,2007-12-01T00:00:00.000000000,"[2.819601535797119, 3.127631425857544, -1.6688350439071655, 7.022010326385498]","[3.7982418537139893, 3.734238624572754, 3.7625083923339844, 3.790593147277832]"
2285.0,2008-03-01T00:00:00.000000000,"[3.127631425857544, -1.6688350439071655, 7.022010326385498, 4.733787536621094]","[3.2654876708984375, 3.257868766784668, 3.259338855743408, 3.3626315593719482]"
2285.0,2008-06-01T00:00:00.000000000,"[-1.6688350439071655, 7.022010326385498, 4.733787536621094, 3.721689224243164]","[3.109161853790283, 3.1318535804748535, 3.106435537338257, 3.2467634677886963]"
2285.0,2008-09-01T00:00:00.000000000,"[7.022010326385498, 4.733787536621094, 3.721689224243164, 4.909804821014404]","[0.9007960557937622, 1.1317027807235718, 1.393838882446289, 1.583952784538269]"
2285.0,2008-12-01T00:00:00.000000000,"[4.733787536621094, 3.721689224243164, 4.909804821014404, 5.283841133117676]","[3.8853213787078857, 3.8588132858276367, 3.9026050567626953, 3.982663154602051]"
2285.0,2009-03-01T00:00:00.000000000,"[3.721689224243164, 4.909804821014404, 5.283841133117676, 6.031913757324219]","[4.589532852172852, 4.532733917236328, 4.619024753570557, 4.665024757385254]"
2285.0,2009-06-01T00:00:00.000000000,"[4.909804821014404, 5.283841133117676, 6.031913757324219, 7.308038234710693]","[4.052626609802246, 4.090380668640137, 4.046458721160889, 4.188252925872803]"
2285.0,2009-09-01T00:00:00.000000000,"[5.283841133117676, 6.031913757324219, 7.308038234710693, 6.62597131729126]","[4.34975528717041, 4.320392608642578, 4.366708755493164, 4.45194673538208]"
2285.0,2009-12-01T00:00:00.000000000,"[6.031913757324219, 7.308038234710693, 6.62597131729126, 7.176024913787842]","[5.198896408081055, 4.971207618713379, 4.915657043457031, 4.7755537033081055]"
2285.0,2010-03-01T00:00:00.000000000,"[7.308038234710693, 6.62597131729126, 7.176024913787842, 11.35643196105957]","[5.311675071716309, 5.291533470153809, 5.318727493286133, 5.393206596374512]"
2285.0,2010-06-01T00:00:00.000000000,"[6.62597131729126, 7.176024913787842, 11.35643196105957, 6.2519354820251465]","[5.9716315269470215, 5.9310503005981445, 5.996499538421631, 6.044451713562012]"
2285.0,2010-09-01T00:00:00.000000000,"[7.176024913787842, 11.35643196105957, 6.2519354820251465, -13.505987167358398]","[5.724410057067871, 5.3352508544921875, 5.16241455078125, 4.8686113357543945]"
2285.0,2010-12-01T00:00:00.000000000,"[11.35643196105957, 6.2519354820251465, -13.505987167358398, 2.4895694255828857]","[5.993488311767578, 5.758038520812988, 5.688872337341309, 5.522080421447754]"
2285.0,2011-03-01T00:00:00.000000000,"[6.2519354820251465, -13.505987167358398, 2.4895694255828857, -5.827239513397217]","[7.956357955932617, 7.765149116516113, 7.845192909240723, 7.619220733642578]"
2285.0,2011-06-01T00:00:00.000000000,"[-13.505987167358398, 2.4895694255828857, -5.827239513397217, -4.441104888916016]","[6.864014625549316, 6.457402229309082, 6.283140659332275, 5.910370826721191]"
2285.0,2011-09-01T00:00:00.000000000,"[2.4895694255828857, -5.827239513397217, -4.441104888916016, -11.239766120910645]","[-0.567824125289917, 0.12847137451171875, 0.9922056198120117, 1.3521032333374023]"
2285.0,2011-12-01T00:00:00.000000000,"[-5.827239513397217, -4.441104888916016, -11.239766120910645, -3.7590384483337402]","[1.933735966682434, 2.4118549823760986, 2.4969096183776855, 3.698306083679199]"
2285.0,2012-03-01T00:00:00.000000000,"[-4.441104888916016, -11.239766120910645, -3.7590384483337402, -9.919637680053711]","[0.11962723731994629, 0.5476555824279785, 1.282612681388855, 1.5306648015975952]"
2285.0,2012-06-01T00:00:00.000000000,"[-11.239766120910645, -3.7590384483337402, -9.919637680053711, -4.067068576812744]","[-0.2314302921295166, 0.42389941215515137, 1.051742434501648, 1.7575464248657227]"
2285.0,2012-09-01T00:00:00.000000000,"[-3.7590384483337402, -9.919637680053711, -4.067068576812744, 0.17934469878673553]","[-3.4472193717956543, -2.4227333068847656, -1.0188660621643066, -0.7589037418365479]"
2285.0,2012-12-01T00:00:00.000000000,"[-9.919637680053711, -4.067068576812744, 0.17934469878673553, -2.020869493484497]","[-1.3819351196289062, -0.5864002704620361, 0.14168810844421387, 1.054466724395752]"
2285.0,2013-03-01T00:00:00.000000000,"[-4.067068576812744, 0.17934469878673553, -2.020869493484497, -17.620386123657227]","[-3.5903379917144775, -2.6184804439544678, -1.314091682434082, -0.9847707748413086]"
2574.0,2006-06-01T00:00:00.000000000,"[-0.31196311116218567, -0.3267045319080353, -0.3414459824562073, -0.37070879340171814]","[-0.3935251533985138, -0.40333107113838196, -0.40888914465904236, -0.4131978452205658]"
2574.0,2006-09-01T00:00:00.000000000,"[-0.3267045319080353, -0.3414459824562073, -0.37070879340171814, -0.28996095061302185]","[-0.3765261769294739, -0.38174501061439514, -0.3851391673088074, -0.3836056590080261]"
2574.0,2006-12-01T00:00:00.000000000,"[-0.3414459824562073, -0.37070879340171814, -0.28996095061302185, -0.31944382190704346]","[-0.3546837866306305, -0.35931655764579773, -0.3595177233219147, -0.36063382029533386]"
2574.0,2007-03-01T00:00:00.000000000,"[-0.37070879340171814, -0.28996095061302185, -0.31944382190704346, -0.3487066924571991]","[-0.36058616638183594, -0.37166252732276917, -0.37935566902160645, -0.3869200646877289]"
2574.0,2007-06-01T00:00:00.000000000,"[-0.28996095061302185, -0.31944382190704346, -0.3487066924571991, -0.4294545352458954]","[-0.37193846702575684, -0.3823683261871338, -0.38875776529312134, -0.39514225721359253]"
2574.0,2007-09-01T00:00:00.000000000,"[-0.31944382190704346, -0.3487066924571991, -0.4294545352458954, -0.35596737265586853]","[-0.33769920468330383, -0.3443600833415985, -0.34646788239479065, -0.34980952739715576]"
2574.0,2007-12-01T00:00:00.000000000,"[-0.3487066924571991, -0.4294545352458954, -0.35596737265586853, -0.3487066924571991]","[-0.3471301198005676, -0.3479856550693512, -0.3468717038631439, -0.3436093330383301]"
2574.0,2008-03-01T00:00:00.000000000,"[-0.4294545352458954, -0.35596737265586853, -0.3487066924571991, -0.3414459824562073]","[-0.3509184420108795, -0.3564099967479706, -0.3612841069698334, -0.362901896238327]"
2574.0,2008-06-01T00:00:00.000000000,"[-0.35596737265586853, -0.3487066924571991, -0.3414459824562073, -0.3267045319080353]","[-0.3874801993370056, -0.3890848755836487, -0.39142489433288574, -0.3879769742488861]"
2574.0,2008-09-01T00:00:00.000000000,"[-0.3487066924571991, -0.3414459824562073, -0.3267045319080353, -0.23143525421619415]","[-0.3809987008571625, -0.37903809547424316, -0.3794310390949249, -0.36939743161201477]"
2574.0,2008-12-01T00:00:00.000000000,"[-0.3414459824562073, -0.3267045319080353, -0.23143525421619415, -0.3267045319080353]","[-0.35516777634620667, -0.3554462790489197, -0.3547837734222412, -0.3506307005882263]"
2574.0,2009-03-01T00:00:00.000000000,"[-0.3267045319080353, -0.23143525421619415, -0.3267045319080353, -0.23143525421619415]","[-0.3518475890159607, -0.3549579679965973, -0.3577987551689148, -0.35693299770355225]"
2574.0,2009-06-01T00:00:00.000000000,"[-0.23143525421619415, -0.3267045319080353, -0.23143525421619415, -0.12868529558181763]","[-0.33713120222091675, -0.34624937176704407, -0.35075828433036804, -0.35643404722213745]"
2574.0,2009-09-01T00:00:00.000000000,"[-0.3267045319080353, -0.23143525421619415, -0.12868529558181763, 0.04007112979888916]","[-0.2980230748653412, -0.30707478523254395, -0.31042858958244324, -0.31411460041999817]"
2574.0,2009-12-01T00:00:00.000000000,"[-0.23143525421619415, -0.12868529558181763, 0.04007112979888916, 0.06933397799730301]","[-0.3172488808631897, -0.32566195726394653, -0.3297160267829895, -0.33467409014701843]"
2574.0,2010-03-01T00:00:00.000000000,"[-0.12868529558181763, 0.04007112979888916, 0.06933397799730301, 0.04007112979888916]","[-0.29262039065361023, -0.30270180106163025, -0.30817312002182007, -0.31524553894996643]"
2574.0,2010-06-01T00:00:00.000000000,"[0.04007112979888916, 0.06933397799730301, 0.04007112979888916, 0.047331858426332474]","[-0.24502457678318024, -0.2602037489414215, -0.2635091245174408, -0.27639955282211304]"
2574.0,2010-09-01T00:00:00.000000000,"[0.06933397799730301, 0.04007112979888916, 0.047331858426332474, 0.09133616089820862]","[-0.18751214444637299, -0.19712130725383759, -0.1977154016494751, -0.20744742453098297]"
2574.0,2010-12-01T00:00:00.000000000,"[0.04007112979888916, 0.047331858426332474, 0.09133616089820862, 0.09133616089820862]","[-0.12920993566513062, -0.16910983622074127, -0.1869274377822876, -0.2267540693283081]"
2574.0,2011-03-01T00:00:00.000000000,"[0.047331858426332474, 0.09133616089820862, 0.09133616089820862, 0.025329740718007088]","[-0.1308063268661499, -0.17968997359275818, -0.20481258630752563, -0.251309871673584]"
2574.0,2011-06-01T00:00:00.000000000,"[0.09133616089820862, 0.09133616089820862, 0.025329740718007088, 0.03259040787816048]","[-0.11706623435020447, -0.16758956015110016, -0.1922246813774109, -0.23873206973075867]"
2574.0,2011-09-01T00:00:00.000000000,"[0.09133616089820862, 0.025329740718007088, 0.03259040787816048, -0.22395452857017517]","[-0.05154266953468323, -0.07343997061252594, -0.07863737642765045, -0.0964106023311615]"
2574.0,2011-12-01T00:00:00.000000000,"[0.025329740718007088, 0.03259040787816048, -0.22395452857017517, 0.003327556187286973]","[-0.06452605128288269, -0.09616227447986603, -0.10982155799865723, -0.13564418256282806]"
2574.0,2012-03-01T00:00:00.000000000,"[0.03259040787816048, -0.22395452857017517, 0.003327556187286973, 0.06207331269979477]","[-0.06233063340187073, -0.10342605412006378, -0.12419690191745758, -0.1590212881565094]"
2574.0,2012-06-01T00:00:00.000000000,"[-0.22395452857017517, 0.003327556187286973, 0.06207331269979477, -0.018674563616514206]","[-0.04889214038848877, -0.0857846736907959, -0.10238562524318695, -0.13243919610977173]"
2574.0,2012-09-01T00:00:00.000000000,"[0.003327556187286973, 0.06207331269979477, -0.018674563616514206, 0.15734252333641052]","[-0.15665671229362488, -0.1858460009098053, -0.21107926964759827, -0.22572220861911774]"
2574.0,2012-12-01T00:00:00.000000000,"[0.06207331269979477, -0.018674563616514206, 0.15734252333641052, 0.2453511357307434]","[-0.079830601811409, -0.08460471034049988, -0.0888805091381073, -0.07950860261917114]"
2574.0,2013-03-01T00:00:00.000000000,"[-0.018674563616514206, 0.15734252333641052, 0.2453511357307434, 0.2233489453792572]","[0.010820269584655762, 0.0018810778856277466, 0.005398645997047424, 0.0037804841995239258]"
2817.0,2006-06-01T00:00:00.000000000,"[3.017620801925659, 3.083627223968506, 2.269547939300537, 3.083627223968506]","[2.381075620651245, 2.389873504638672, 2.3713271617889404, 2.4820556640625]"
2817.0,2006-09-01T00:00:00.000000000,"[3.083627223968506, 2.269547939300537, 3.083627223968506, 2.0935308933258057]","[3.11415958404541, 3.1212480068206787, 3.108039140701294, 3.1832666397094727]"
2817.0,2006-12-01T00:00:00.000000000,"[2.269547939300537, 3.083627223968506, 2.0935308933258057, 0.9494196176528931]","[3.1597533226013184, 3.1484124660491943, 3.1625165939331055, 3.221208095550537]"
2817.0,2007-03-01T00:00:00.000000000,"[3.083627223968506, 2.0935308933258057, 0.9494196176528931, 0.9274174571037292]","[2.6240017414093018, 2.642385721206665, 2.613828182220459, 2.7206943035125732]"
2817.0,2007-06-01T00:00:00.000000000,"[2.0935308933258057, 0.9494196176528931, 0.9274174571037292, 0.7734025120735168]","[2.9148707389831543, 2.919703960418701, 2.9139633178710938, 2.9980902671813965]"
2817.0,2007-09-01T00:00:00.000000000,"[0.9494196176528931, 0.9274174571037292, 0.7734025120735168, 1.6974923610687256]","[2.542738437652588, 2.5583620071411133, 2.564983367919922, 2.6594622135162354]"
2817.0,2007-12-01T00:00:00.000000000,"[0.9274174571037292, 0.7734025120735168, 1.6974923610687256, 1.1694409847259521]","[1.263989806175232, 1.466890811920166, 1.7169311046600342, 1.825857162475586]"
2817.0,2008-03-01T00:00:00.000000000,"[0.7734025120735168, 1.6974923610687256, 1.1694409847259521, 1.125436782836914]","[1.2709347009658813, 1.473963737487793, 1.7056128978729248, 1.8516310453414917]"
2817.0,2008-06-01T00:00:00.000000000,"[1.6974923610687256, 1.1694409847259521, 1.125436782836914, 2.115532875061035]","[1.2067030668258667, 1.3984735012054443, 1.6531789302825928, 1.7294883728027344]"
2817.0,2008-09-01T00:00:00.000000000,"[1.1694409847259521, 1.125436782836914, 2.115532875061035, 2.577577829360962]","[1.7504061460494995, 1.8534090518951416, 1.9734514951705933, 2.0686228275299072]"
2817.0,2008-12-01T00:00:00.000000000,"[1.125436782836914, 2.115532875061035, 2.577577829360962, 3.5896763801574707]","[1.6848950386047363, 1.793869137763977, 1.9207289218902588, 2.0193679332733154]"
2817.0,2009-03-01T00:00:00.000000000,"[2.115532875061035, 2.577577829360962, 3.5896763801574707, 4.051721572875977]","[1.478705644607544, 1.6221303939819336, 1.781274437904358, 1.9097098112106323]"
2817.0,2009-06-01T00:00:00.000000000,"[2.577577829360962, 3.5896763801574707, 4.051721572875977, 5.503862380981445]","[1.9014335870742798, 1.9677077531814575, 2.028412342071533, 2.138962507247925]"
2817.0,2009-09-01T00:00:00.000000000,"[3.5896763801574707, 4.051721572875977, 5.503862380981445, 5.833894729614258]","[2.5395240783691406, 2.5534417629241943, 2.534421443939209, 2.6412627696990967]"
2817.0,2009-12-01T00:00:00.000000000,"[4.051721572875977, 5.503862380981445, 5.833894729614258, 5.5918707847595215]","[3.231025218963623, 3.235294818878174, 3.2276530265808105, 3.3032095432281494]"
2817.0,2010-03-01T00:00:00.000000000,"[5.503862380981445, 5.833894729614258, 5.5918707847595215, 4.909804821014404]","[3.802405834197998, 3.75494384765625, 3.745776891708374, 3.7548418045043945]"
2817.0,2010-06-01T00:00:00.000000000,"[5.833894729614258, 5.5918707847595215, 4.909804821014404, 5.76788854598999]","[4.474699020385742, 4.26094388961792, 4.1692681312561035, 3.9932126998901367]"
2817.0,2010-09-01T00:00:00.000000000,"[5.5918707847595215, 4.909804821014404, 5.76788854598999, 5.525864601135254]","[4.676817893981934, 4.392085075378418, 4.250093460083008, 3.975527286529541]"
2817.0,2010-12-01T00:00:00.000000000,"[4.909804821014404, 5.76788854598999, 5.525864601135254, 5.151828289031982]","[4.584881782531738, 4.266892433166504, 4.085971832275391, 3.81783390045166]"
2817.0,2011-03-01T00:00:00.000000000,"[5.76788854598999, 5.525864601135254, 5.151828289031982, 5.085822105407715]","[4.52241325378418, 4.198298454284668, 4.034361362457275, 3.7655692100524902]"
2817.0,2011-06-01T00:00:00.000000000,"[5.525864601135254, 5.151828289031982, 5.085822105407715, 2.819601535797119]","[4.831461429595947, 4.54567813873291, 4.430325984954834, 4.195934772491455]"
2817.0,2011-09-01T00:00:00.000000000,"[5.151828289031982, 5.085822105407715, 2.819601535797119, 1.5654793977737427]","[4.533614158630371, 4.2688775062561035, 4.136651992797852, 3.941063404083252]"
2817.0,2011-12-01T00:00:00.000000000,"[5.085822105407715, 2.819601535797119, 1.5654793977737427, 2.2475459575653076]","[5.051223278045654, 4.69170618057251, 4.491493225097656, 4.184377193450928]"
2817.0,2012-03-01T00:00:00.000000000,"[2.819601535797119, 1.5654793977737427, 2.2475459575653076, 3.963712453842163]","[4.739031791687012, 4.33180046081543, 4.078225612640381, 3.7354092597961426]"
2817.0,2012-06-01T00:00:00.000000000,"[1.5654793977737427, 2.2475459575653076, 3.963712453842163, 5.61387300491333]","[3.482234001159668, 3.2507553100585938, 3.0799853801727295, 2.9066405296325684]"
2817.0,2012-09-01T00:00:00.000000000,"[2.2475459575653076, 3.963712453842163, 5.61387300491333, 5.019815444946289]","[2.0427675247192383, 2.2712905406951904, 2.520514965057373, 2.7166929244995117]"
2817.0,2012-12-01T00:00:00.000000000,"[3.963712453842163, 5.61387300491333, 5.019815444946289, 5.151828289031982]","[2.3775315284729004, 2.5337514877319336, 2.7067999839782715, 2.85617733001709]"
2817.0,2013-03-01T00:00:00.000000000,"[5.61387300491333, 5.019815444946289, 5.151828289031982, 5.217834949493408]","[3.5527772903442383, 3.6260008811950684, 3.669614553451538, 3.8609061241149902]"
2968.0,2006-06-01T00:00:00.000000000,"[2.5115716457366943, 2.2915501594543457, 1.9175138473510742, 2.4895694255828857]","[2.062501907348633, 1.9848618507385254, 1.9489145278930664, 1.9188728332519531]"
2968.0,2006-09-01T00:00:00.000000000,"[2.2915501594543457, 1.9175138473510742, 2.4895694255828857, 2.6875884532928467]","[2.2749786376953125, 2.18928861618042, 2.1493301391601562, 2.1056203842163086]"
2968.0,2006-12-01T00:00:00.000000000,"[1.9175138473510742, 2.4895694255828857, 2.6875884532928467, 2.9956183433532715]","[2.268246650695801, 2.2134921550750732, 2.202497959136963, 2.194727659225464]"
2968.0,2007-03-01T00:00:00.000000000,"[2.4895694255828857, 2.6875884532928467, 2.9956183433532715, 2.2035415172576904]","[2.169753074645996, 2.1420984268188477, 2.1174349784851074, 2.140409469604492]"
2968.0,2007-06-01T00:00:00.000000000,"[2.6875884532928467, 2.9956183433532715, 2.2035415172576904, 2.269547939300537]","[2.3439807891845703, 2.3413004875183105, 2.3481924533843994, 2.3926405906677246]"
2968.0,2007-09-01T00:00:00.000000000,"[2.9956183433532715, 2.2035415172576904, 2.269547939300537, 2.7095906734466553]","[2.423891067504883, 2.3848564624786377, 2.393040657043457, 2.402122735977173]"
2968.0,2007-12-01T00:00:00.000000000,"[2.2035415172576904, 2.269547939300537, 2.7095906734466553, 2.775597333908081]","[2.676661491394043, 2.540229320526123, 2.456461191177368, 2.3584342002868652]"
2968.0,2008-03-01T00:00:00.000000000,"[2.269547939300537, 2.7095906734466553, 2.775597333908081, 2.775597333908081]","[2.4928245544433594, 2.3763444423675537, 2.3214645385742188, 2.252166986465454]"
2968.0,2008-06-01T00:00:00.000000000,"[2.7095906734466553, 2.775597333908081, 2.775597333908081, 2.929612159729004]","[2.427931308746338, 2.374011516571045, 2.35056734085083, 2.3479678630828857]"
2968.0,2008-09-01T00:00:00.000000000,"[2.775597333908081, 2.775597333908081, 2.929612159729004, 3.0616250038146973]","[2.6523051261901855, 2.637831926345825, 2.659651517868042, 2.69288969039917]"
2968.0,2008-12-01T00:00:00.000000000,"[2.775597333908081, 2.929612159729004, 3.0616250038146973, 3.171635627746582]","[2.6668646335601807, 2.6627721786499023, 2.6682322025299072, 2.713318347930908]"
2968.0,2009-03-01T00:00:00.000000000,"[2.929612159729004, 3.0616250038146973, 3.171635627746582, 3.171635627746582]","[3.0756993293762207, 3.0596256256103516, 3.0873780250549316, 3.1094720363616943]"
2968.0,2009-06-01T00:00:00.000000000,"[3.0616250038146973, 3.171635627746582, 3.171635627746582, 4.271742820739746]","[3.1168270111083984, 3.101360559463501, 3.1261520385742188, 3.1496129035949707]"
2968.0,2009-09-01T00:00:00.000000000,"[3.171635627746582, 3.171635627746582, 4.271742820739746, 4.337749004364014]","[2.8707237243652344, 2.8616414070129395, 2.8776466846466064, 2.9175944328308105]"
2968.0,2009-12-01T00:00:00.000000000,"[3.171635627746582, 4.271742820739746, 4.337749004364014, 4.447759628295898]","[3.1379451751708984, 3.1224522590637207, 3.1435444355010986, 3.1641340255737305]"
2968.0,2010-03-01T00:00:00.000000000,"[4.271742820739746, 4.337749004364014, 4.447759628295898, 3.6556828022003174]","[2.9748799800872803, 2.9563748836517334, 2.9548864364624023, 2.974146604537964]"
2968.0,2010-06-01T00:00:00.000000000,"[4.337749004364014, 4.447759628295898, 3.6556828022003174, 5.129826545715332]","[3.39762544631958, 3.38204026222229, 3.4032182693481445, 3.416081428527832]"
2968.0,2010-09-01T00:00:00.000000000,"[4.447759628295898, 3.6556828022003174, 5.129826545715332, 4.82179594039917]","[3.4011411666870117, 3.3138365745544434, 3.287987232208252, 3.2285404205322266]"
2968.0,2010-12-01T00:00:00.000000000,"[3.6556828022003174, 5.129826545715332, 4.82179594039917, 5.1958327293396]","[3.627413749694824, 3.486231803894043, 3.421200752258301, 3.3051464557647705]"
2968.0,2011-03-01T00:00:00.000000000,"[5.129826545715332, 4.82179594039917, 5.1958327293396, 4.953808784484863]","[3.5622782707214355, 3.4119343757629395, 3.3454325199127197, 3.223188877105713]"
2968.0,2011-06-01T00:00:00.000000000,"[4.82179594039917, 5.1958327293396, 4.953808784484863, 1.0154259204864502]","[4.058393478393555, 3.967390537261963, 3.965682029724121, 3.897171974182129]"
2968.0,2011-09-01T00:00:00.000000000,"[5.1958327293396, 4.953808784484863, 1.0154259204864502, 2.335554361343384]","[4.072484016418457, 3.9239232540130615, 3.8863635063171387, 3.767493486404419]"
2968.0,2011-12-01T00:00:00.000000000,"[4.953808784484863, 1.0154259204864502, 2.335554361343384, 5.723884105682373]","[4.044186592102051, 3.871394634246826, 3.777937412261963, 3.641407012939453]"
2968.0,2012-03-01T00:00:00.000000000,"[1.0154259204864502, 2.335554361343384, 5.723884105682373, 7.638070106506348]","[4.214018821716309, 3.9056241512298584, 3.750731945037842, 3.4758572578430176]"
2968.0,2012-06-01T00:00:00.000000000,"[2.335554361343384, 5.723884105682373, 7.638070106506348, 9.398241996765137]","[2.6052277088165283, 2.553812026977539, 2.5246734619140625, 2.5350849628448486]"
2968.0,2012-09-01T00:00:00.000000000,"[5.723884105682373, 7.638070106506348, 9.398241996765137, 7.616067886352539]","[2.475633144378662, 2.5946807861328125, 2.636289358139038, 2.909843921661377]"
2968.0,2012-12-01T00:00:00.000000000,"[7.638070106506348, 9.398241996765137, 7.616067886352539, 7.528059482574463]","[4.243959903717041, 4.219854831695557, 4.277001857757568, 4.429412841796875]"
2968.0,2013-03-01T00:00:00.000000000,"[9.398241996765137, 7.616067886352539, 7.528059482574463, 6.62597131729126]","[5.0110273361206055, 4.973037242889404, 5.02938175201416, 5.043798446655273]"
2991.0,2006-06-01T00:00:00.000000000,"[5.855896949768066, 5.789890289306641, 3.369654893875122, 0.9714217185974121]","[4.93942403793335, 4.984299659729004, 5.022361755371094, 5.14890718460083]"
2991.0,2006-09-01T00:00:00.000000000,"[5.789890289306641, 3.369654893875122, 0.9714217185974121, 1.4334666728973389]","[5.487821102142334, 5.49744176864624, 5.486642837524414, 5.612202167510986]"
2991.0,2006-12-01T00:00:00.000000000,"[3.369654893875122, 0.9714217185974121, 1.4334666728973389, 1.6974923610687256]","[5.8066182136535645, 5.801880359649658, 5.810402870178223, 5.909688472747803]"
2991.0,2007-03-01T00:00:00.000000000,"[0.9714217185974121, 1.4334666728973389, 1.6974923610687256, -0.12868529558181763]","[4.190940856933594, 4.331921577453613, 4.477867126464844, 4.610706329345703]"
2991.0,2007-06-01T00:00:00.000000000,"[1.4334666728973389, 1.6974923610687256, -0.12868529558181763, -0.942764401435852]","[2.8497490882873535, 3.200888156890869, 3.5776147842407227, 3.8619844913482666]"
2991.0,2007-09-01T00:00:00.000000000,"[1.6974923610687256, -0.12868529558181763, -0.942764401435852, 0.06933397799730301]","[2.9827873706817627, 3.318767547607422, 3.6285719871520996, 3.9996042251586914]"
2991.0,2007-12-01T00:00:00.000000000,"[-0.12868529558181763, -0.942764401435852, 0.06933397799730301, 0.37736397981643677]","[2.788851261138916, 3.117905616760254, 3.4827139377593994, 3.7382545471191406]"
2991.0,2008-03-01T00:00:00.000000000,"[-0.942764401435852, 0.06933397799730301, 0.37736397981643677, -0.23869597911834717]","[2.150965452194214, 2.56955885887146, 3.065046787261963, 3.3170723915100098]"
2991.0,2008-06-01T00:00:00.000000000,"[0.06933397799730301, 0.37736397981643677, -0.23869597911834717, 2.0055222511291504]","[1.580531120300293, 2.0999295711517334, 2.675386428833008, 3.0470798015594482]"
2991.0,2008-09-01T00:00:00.000000000,"[0.37736397981643677, -0.23869597911834717, 2.0055222511291504, 1.301453948020935]","[2.0559184551239014, 2.433048725128174, 2.9101083278656006, 3.1020545959472656]"
2991.0,2008-12-01T00:00:00.000000000,"[-0.23869597911834717, 2.0055222511291504, 1.301453948020935, 1.1694409847259521]","[2.321286916732788, 2.636826992034912, 3.031062364578247, 3.220172882080078]"
2991.0,2009-03-01T00:00:00.000000000,"[2.0055222511291504, 1.301453948020935, 1.1694409847259521, 0.8834132552146912]","[1.6680192947387695, 2.0645859241485596, 2.590604066848755, 2.7509288787841797]"
2991.0,2009-06-01T00:00:00.000000000,"[1.301453948020935, 1.1694409847259521, 0.8834132552146912, 3.479665517807007]","[2.2512402534484863, 2.5445189476013184, 2.907179832458496, 3.1021950244903564]"
2991.0,2009-09-01T00:00:00.000000000,"[1.1694409847259521, 0.8834132552146912, 3.479665517807007, 3.21563982963562]","[2.3067145347595215, 2.5708460807800293, 2.8909597396850586, 3.0898263454437256]"
2991.0,2009-12-01T00:00:00.000000000,"[0.8834132552146912, 3.479665517807007, 3.21563982963562, 3.9417104721069336]","[1.7829972505569458, 2.117833137512207, 2.505307197570801, 2.7597227096557617]"
2991.0,2010-03-01T00:00:00.000000000,"[3.479665517807007, 3.21563982963562, 3.9417104721069336, 3.5896763801574707]","[1.6465708017349243, 1.9732401371002197, 2.3887765407562256, 2.572739839553833]"
2991.0,2010-06-01T00:00:00.000000000,"[3.21563982963562, 3.9417104721069336, 3.5896763801574707, 2.3575565814971924]","[2.82388973236084, 2.9702818393707275, 3.1190037727355957, 3.328683853149414]"
2991.0,2010-09-01T00:00:00.000000000,"[3.9417104721069336, 3.5896763801574707, 2.3575565814971924, 3.1936378479003906]","[2.892169952392578, 3.0380327701568604, 3.182713508605957, 3.396411180496216]"
2991.0,2010-12-01T00:00:00.000000000,"[3.5896763801574707, 2.3575565814971924, 3.1936378479003906, 2.7095906734466553]","[3.8591551780700684, 3.928788423538208, 3.95656681060791, 4.168554306030273]"
2991.0,2011-03-01T00:00:00.000000000,"[2.3575565814971924, 3.1936378479003906, 2.7095906734466553, 2.577577829360962]","[2.7754619121551514, 2.9899303913116455, 3.259852409362793, 3.439734935760498]"
2991.0,2011-06-01T00:00:00.000000000,"[3.1936378479003906, 2.7095906734466553, 2.577577829360962, 2.1375350952148438]","[1.9818705320358276, 2.2715818881988525, 2.635251522064209, 2.819349765777588]"
2991.0,2011-09-01T00:00:00.000000000,"[2.7095906734466553, 2.577577829360962, 2.1375350952148438, -4.1990814208984375]","[2.7566070556640625, 2.9182791709899902, 3.0803446769714355, 3.2912111282348633]"
2991.0,2011-12-01T00:00:00.000000000,"[2.577577829360962, 2.1375350952148438, -4.1990814208984375, -0.45871737599372864]","[2.9522922039031982, 3.074920654296875, 3.1842339038848877, 3.4016623497009277]"
2991.0,2012-03-01T00:00:00.000000000,"[2.1375350952148438, -4.1990814208984375, -0.45871737599372864, -0.722743034362793]","[2.4270992279052734, 2.6239004135131836, 2.8468050956726074, 3.0486693382263184]"
2991.0,2012-06-01T00:00:00.000000000,"[-4.1990814208984375, -0.45871737599372864, -0.722743034362793, 1.279451608657837]","[2.236196517944336, 2.4466848373413086, 2.6898422241210938, 2.886303424835205]"
2991.0,2012-09-01T00:00:00.000000000,"[-0.45871737599372864, -0.722743034362793, 1.279451608657837, 3.0616250038146973]","[-0.36277198791503906, 0.21348786354064941, 1.0053489208221436, 1.144249677658081]"
2991.0,2012-12-01T00:00:00.000000000,"[-0.722743034362793, 1.279451608657837, 3.0616250038146973, 5.811892509460449]","[0.7486939430236816, 1.177290439605713, 1.5746469497680664, 2.0528931617736816]"
2991.0,2013-03-01T00:00:00.000000000,"[1.279451608657837, 3.0616250038146973, 5.811892509460449, 4.931806564331055]","[0.22561335563659668, 0.6739006042480469, 1.198382019996643, 1.4966050386428833]"
3062.0,2006-06-01T00:00:00.000000000,"[0.9714217185974121, 1.0154259204864502, 1.1914430856704712, 1.1694409847259521]","[0.682304859161377, 0.6269113421440125, 0.5993982553482056, 0.551535427570343]"
3062.0,2006-09-01T00:00:00.000000000,"[1.0154259204864502, 1.1914430856704712, 1.1694409847259521, 1.1914430856704712]","[0.7841130495071411, 0.735579252243042, 0.713992714881897, 0.6718642711639404]"
3062.0,2006-12-01T00:00:00.000000000,"[1.1914430856704712, 1.1694409847259521, 1.1914430856704712, 1.3454581499099731]","[0.8287748098373413, 0.7713938355445862, 0.7482161521911621, 0.6977471709251404]"
3062.0,2007-03-01T00:00:00.000000000,"[1.1694409847259521, 1.1914430856704712, 1.3454581499099731, 1.5654793977737427]","[0.8964023590087891, 0.8368463516235352, 0.8072742223739624, 0.755059003829956]"
3062.0,2007-06-01T00:00:00.000000000,"[1.1914430856704712, 1.3454581499099731, 1.5654793977737427, 1.6094835996627808]","[0.9535877704620361, 0.870913028717041, 0.8331409692764282, 0.7578965425491333]"
3062.0,2007-09-01T00:00:00.000000000,"[1.3454581499099731, 1.5654793977737427, 1.6094835996627808, 1.6754902601242065]","[0.9000099897384644, 0.7944564819335938, 0.7312843799591064, 0.6362040042877197]"
3062.0,2007-12-01T00:00:00.000000000,"[1.5654793977737427, 1.6094835996627808, 1.6754902601242065, 2.071528673171997]","[0.9836059808731079, 0.8786523342132568, 0.8222702741622925, 0.7283722162246704]"
3062.0,2008-03-01T00:00:00.000000000,"[1.6094835996627808, 1.6754902601242065, 2.071528673171997, 1.7855008840560913]","[1.1469004154205322, 1.076026201248169, 1.0475213527679443, 0.9877884387969971]"
3062.0,2008-06-01T00:00:00.000000000,"[1.6754902601242065, 2.071528673171997, 1.7855008840560913, 1.7414965629577637]","[1.2107309103012085, 1.0829414129257202, 1.0217006206512451, 0.9051006436347961]"
3062.0,2008-09-01T00:00:00.000000000,"[2.071528673171997, 1.7855008840560913, 1.7414965629577637, 0.9494196176528931]","[1.2413331270217896, 1.1088753938674927, 1.038787603378296, 0.9201193451881409]"
3062.0,2008-12-01T00:00:00.000000000,"[1.7855008840560913, 1.7414965629577637, 0.9494196176528931, 2.4895694255828857]","[1.4244041442871094, 1.28885817527771, 1.2276709079742432, 1.1062567234039307]"
3062.0,2009-03-01T00:00:00.000000000,"[1.7414965629577637, 0.9494196176528931, 2.4895694255828857, 2.181539297103882]","[1.4948596954345703, 1.351635456085205, 1.2710844278335571, 1.1428807973861694]"
3062.0,2009-06-01T00:00:00.000000000,"[0.9494196176528931, 2.4895694255828857, 2.181539297103882, 2.313552141189575]","[1.5349328517913818, 1.4278597831726074, 1.3792343139648438, 1.2901811599731445]"
3062.0,2009-09-01T00:00:00.000000000,"[2.4895694255828857, 2.181539297103882, 2.313552141189575, 3.1936378479003906]","[1.2178725004196167, 1.142849087715149, 1.0993621349334717, 1.0542703866958618]"
3062.0,2009-12-01T00:00:00.000000000,"[2.181539297103882, 2.313552141189575, 3.1936378479003906, 3.5456719398498535]","[1.785722017288208, 1.7665674686431885, 1.7969913482666016, 1.7965219020843506]"
3062.0,2010-03-01T00:00:00.000000000,"[2.313552141189575, 3.1936378479003906, 3.5456719398498535, 3.171635627746582]","[1.8240445852279663, 1.7131776809692383, 1.6928677558898926, 1.6035231351852417]"
3062.0,2010-06-01T00:00:00.000000000,"[3.1936378479003906, 3.5456719398498535, 3.171635627746582, 3.3476529121398926]","[1.9741017818450928, 1.8988651037216187, 1.865842342376709, 1.809399127960205]"
3062.0,2010-09-01T00:00:00.000000000,"[3.5456719398498535, 3.171635627746582, 3.3476529121398926, 3.8537018299102783]","[2.336544990539551, 2.285216808319092, 2.2995076179504395, 2.258023262023926]"
3062.0,2010-12-01T00:00:00.000000000,"[3.171635627746582, 3.3476529121398926, 3.8537018299102783, 4.403755187988281]","[2.6378188133239746, 2.5506038665771484, 2.549004077911377, 2.4473609924316406]"
3062.0,2011-03-01T00:00:00.000000000,"[3.3476529121398926, 3.8537018299102783, 4.403755187988281, 4.2937445640563965]","[2.5230231285095215, 2.3368477821350098, 2.253133773803711, 2.0946288108825684]"
3062.0,2011-06-01T00:00:00.000000000,"[3.8537018299102783, 4.403755187988281, 4.2937445640563965, 4.051721572875977]","[2.5257372856140137, 2.248481512069702, 2.0999209880828857, 1.8525054454803467]"
3062.0,2011-09-01T00:00:00.000000000,"[4.403755187988281, 4.2937445640563965, 4.051721572875977, 2.269547939300537]","[2.7662863731384277, 2.5524868965148926, 2.4603004455566406, 2.2790350914001465]"
3062.0,2011-12-01T00:00:00.000000000,"[4.2937445640563965, 4.051721572875977, 2.269547939300537, 5.415853977203369]","[3.112555503845215, 2.866990327835083, 2.7584807872772217, 2.5449070930480957]"
3062.0,2012-03-01T00:00:00.000000000,"[4.051721572875977, 2.269547939300537, 5.415853977203369, 5.063819408416748]","[3.295409679412842, 3.0718979835510254, 2.9619016647338867, 2.7749247550964355]"
3062.0,2012-06-01T00:00:00.000000000,"[2.269547939300537, 5.415853977203369, 5.063819408416748, 4.513765811920166]","[3.1879966259002686, 2.83075213432312, 2.612131118774414, 2.296287775039673]"
3062.0,2012-09-01T00:00:00.000000000,"[5.415853977203369, 5.063819408416748, 4.513765811920166, 4.733787536621094]","[2.641669988632202, 2.4141685962677, 2.26117205619812, 2.0975189208984375]"
3062.0,2012-12-01T00:00:00.000000000,"[5.063819408416748, 4.513765811920166, 4.733787536621094, 6.1419243812561035]","[3.6607553958892822, 3.5862536430358887, 3.583282947540283, 3.6107640266418457]"
3062.0,2013-03-01T00:00:00.000000000,"[4.513765811920166, 4.733787536621094, 6.1419243812561035, 5.371849536895752]","[3.960437774658203, 3.739471197128296, 3.6496376991271973, 3.4754953384399414]"
3144.0,2006-06-01T00:00:00.000000000,"[0.7073960304260254, 0.4653724431991577, 0.26735323667526245, 0.35536178946495056]","[0.37758558988571167, 0.3684628903865814, 0.3682008683681488, 0.3720121383666992]"
3144.0,2006-09-01T00:00:00.000000000,"[0.4653724431991577, 0.26735323667526245, 0.35536178946495056, 0.6853939294815063]","[0.4737217128276825, 0.47971487045288086, 0.4853465259075165, 0.5198015570640564]"
3144.0,2006-12-01T00:00:00.000000000,"[0.26735323667526245, 0.35536178946495056, 0.6853939294815063, 0.42136821150779724]","[0.4724512994289398, 0.463004469871521, 0.4637811779975891, 0.46576857566833496]"
3144.0,2007-03-01T00:00:00.000000000,"[0.35536178946495056, 0.6853939294815063, 0.42136821150779724, 0.13534040749073029]","[0.3797072768211365, 0.38017070293426514, 0.3806372880935669, 0.3863217830657959]"
3144.0,2007-06-01T00:00:00.000000000,"[0.6853939294815063, 0.42136821150779724, 0.13534040749073029, 0.2893553674221039]","[0.39930230379104614, 0.40091457962989807, 0.4094553589820862, 0.4199128746986389]"
3144.0,2007-09-01T00:00:00.000000000,"[0.42136821150779724, 0.13534040749073029, 0.2893553674221039, 0.6193875670433044]","[0.4972692131996155, 0.5034475326538086, 0.5075350403785706, 0.5417298674583435]"
3144.0,2007-12-01T00:00:00.000000000,"[0.13534040749073029, 0.2893553674221039, 0.6193875670433044, 0.37736397981643677]","[0.4507467746734619, 0.45109835267066956, 0.4505539834499359, 0.4640493392944336]"
3144.0,2008-03-01T00:00:00.000000000,"[0.2893553674221039, 0.6193875670433044, 0.37736397981643677, 0.11333828419446945]","[0.28709253668785095, 0.3009587824344635, 0.3154394030570984, 0.32814088463783264]"
3144.0,2008-06-01T00:00:00.000000000,"[0.6193875670433044, 0.37736397981643677, 0.11333828419446945, 0.2453511357307434]","[0.34414634108543396, 0.3485039472579956, 0.36190077662467957, 0.37303194403648376]"
3144.0,2008-09-01T00:00:00.000000000,"[0.37736397981643677, 0.11333828419446945, 0.2453511357307434, 0.5973852872848511]","[0.42922443151474, 0.4378604292869568, 0.44083845615386963, 0.4823811948299408]"
3144.0,2008-12-01T00:00:00.000000000,"[0.11333828419446945, 0.2453511357307434, 0.5973852872848511, 0.3993660807609558]","[0.46225011348724365, 0.4610866606235504, 0.4630205035209656, 0.4744965434074402]"
3144.0,2009-03-01T00:00:00.000000000,"[0.2453511357307434, 0.5973852872848511, 0.3993660807609558, 0.15734252333641052]","[0.2334977090358734, 0.2577304244041443, 0.2794164717197418, 0.2961975038051605]"
3144.0,2009-06-01T00:00:00.000000000,"[0.5973852872848511, 0.3993660807609558, 0.15734252333641052, 0.33335965871810913]","[0.2719864845275879, 0.28657156229019165, 0.30447152256965637, 0.32331544160842896]"
3144.0,2009-09-01T00:00:00.000000000,"[0.3993660807609558, 0.15734252333641052, 0.33335965871810913, 0.6413896679878235]","[0.3987009525299072, 0.4105999767780304, 0.40898188948631287, 0.45234641432762146]"
3144.0,2009-12-01T00:00:00.000000000,"[0.15734252333641052, 0.33335965871810913, 0.6413896679878235, 0.575383186340332]","[0.46994662284851074, 0.4689129590988159, 0.4706491231918335, 0.48190099000930786]"
3144.0,2010-03-01T00:00:00.000000000,"[0.33335965871810913, 0.6413896679878235, 0.575383186340332, 0.2453511357307434]","[0.263358473777771, 0.2877601683139801, 0.3152691721916199, 0.3284473419189453]"
3144.0,2010-06-01T00:00:00.000000000,"[0.6413896679878235, 0.575383186340332, 0.2453511357307434, 0.35536178946495056]","[0.3510850667953491, 0.36046504974365234, 0.37920084595680237, 0.38882339000701904]"
3144.0,2010-09-01T00:00:00.000000000,"[0.575383186340332, 0.2453511357307434, 0.35536178946495056, 0.6853939294815063]","[0.44711729884147644, 0.4578821361064911, 0.45852890610694885, 0.5025029182434082]"
3144.0,2010-12-01T00:00:00.000000000,"[0.2453511357307434, 0.35536178946495056, 0.6853939294815063, 0.5313789248466492]","[0.5360338091850281, 0.5339047312736511, 0.5372044444084167, 0.5455536842346191]"
3144.0,2011-03-01T00:00:00.000000000,"[0.35536178946495056, 0.6853939294815063, 0.5313789248466492, 0.26735323667526245]","[0.3670283555984497, 0.36467063426971436, 0.37177136540412903, 0.3650733232498169]"
3144.0,2011-06-01T00:00:00.000000000,"[0.6853939294815063, 0.5313789248466492, 0.26735323667526245, 0.42136821150779724]","[0.38326966762542725, 0.3814224302768707, 0.3889767527580261, 0.38961243629455566]"
3144.0,2011-09-01T00:00:00.000000000,"[0.5313789248466492, 0.26735323667526245, 0.42136821150779724, 0.2233489453792572]","[0.47437307238578796, 0.48070666193962097, 0.4805307388305664, 0.5404171347618103]"
3144.0,2011-12-01T00:00:00.000000000,"[0.26735323667526245, 0.42136821150779724, 0.2233489453792572, 0.5093768239021301]","[0.5152020454406738, 0.517359733581543, 0.5146341323852539, 0.5279091596603394]"
3144.0,2012-03-01T00:00:00.000000000,"[0.42136821150779724, 0.2233489453792572, 0.5093768239021301, 0.33335965871810913]","[0.3697868287563324, 0.3618905246257782, 0.36139434576034546, 0.35330086946487427]"
3144.0,2012-06-01T00:00:00.000000000,"[0.2233489453792572, 0.5093768239021301, 0.33335965871810913, 0.5093768239021301]","[0.4459390342235565, 0.43395358324050903, 0.4303760826587677, 0.4301178455352783]"
3144.0,2012-09-01T00:00:00.000000000,"[0.5093768239021301, 0.33335965871810913, 0.5093768239021301, 0.7954046130180359]","[0.2858629524707794, 0.30992186069488525, 0.33066457509994507, 0.3616718053817749]"
3144.0,2012-12-01T00:00:00.000000000,"[0.33335965871810913, 0.5093768239021301, 0.7954046130180359, 0.7293981313705444]","[0.41068780422210693, 0.421619713306427, 0.4248570501804352, 0.45339998602867126]"
3144.0,2013-03-01T00:00:00.000000000,"[0.5093768239021301, 0.7954046130180359, 0.7293981313705444, 0.2893553674221039]","[0.3672114610671997, 0.37748128175735474, 0.3946843147277832, 0.40583688020706177]"
3226.0,2006-06-01T00:00:00.000000000,"[0.13534040749073029, 0.10233722627162933, 0.11333828419446945, 0.19034576416015625]","[-0.0019356608390808105, -0.038235604763031006, 5.5670738220214844e-05, -0.010308712720870972]"
3226.0,2006-09-01T00:00:00.000000000,"[0.10233722627162933, 0.11333828419446945, 0.19034576416015625, 0.2343500703573227]","[0.03216826915740967, 0.04246005415916443, 0.05013343691825867, 0.10191729664802551]"
3226.0,2006-12-01T00:00:00.000000000,"[0.11333828419446945, 0.19034576416015625, 0.2343500703573227, 0.17934469878673553]","[0.09001672267913818, 0.053828656673431396, 0.0976099967956543, 0.08562380075454712]"
3226.0,2007-03-01T00:00:00.000000000,"[0.19034576416015625, 0.2343500703573227, 0.17934469878673553, 0.168343648314476]","[0.07867756485939026, 0.1048896312713623, 0.08332231640815735, 0.09628397226333618]"
3226.0,2007-06-01T00:00:00.000000000,"[0.2343500703573227, 0.17934469878673553, 0.168343648314476, 0.25635218620300293]","[0.17171639204025269, 0.1383855938911438, 0.20215508341789246, 0.20207837224006653]"
3226.0,2007-09-01T00:00:00.000000000,"[0.17934469878673553, 0.168343648314476, 0.25635218620300293, 0.2123478800058365]","[0.1779259294271469, 0.19402171671390533, 0.2061767727136612, 0.23938770592212677]"
3226.0,2007-12-01T00:00:00.000000000,"[0.168343648314476, 0.25635218620300293, 0.2123478800058365, 0.3113575577735901]","[0.2080443948507309, 0.16065262258052826, 0.1965252310037613, 0.17360778152942657]"
3226.0,2008-03-01T00:00:00.000000000,"[0.25635218620300293, 0.2123478800058365, 0.3113575577735901, 0.27835431694984436]","[0.15898394584655762, 0.18137824535369873, 0.1626121699810028, 0.18172767758369446]"
3226.0,2008-06-01T00:00:00.000000000,"[0.2123478800058365, 0.3113575577735901, 0.27835431694984436, 0.4653724431991577]","[0.27572423219680786, 0.23848392069339752, 0.31318897008895874, 0.31801265478134155]"
3226.0,2008-09-01T00:00:00.000000000,"[0.3113575577735901, 0.27835431694984436, 0.4653724431991577, 0.44337034225463867]","[0.22408424317836761, 0.21647830307483673, 0.23975174129009247, 0.2531375288963318]"
3226.0,2008-12-01T00:00:00.000000000,"[0.27835431694984436, 0.4653724431991577, 0.44337034225463867, 0.44337034225463867]","[0.324080228805542, 0.29950040578842163, 0.3218724727630615, 0.30867862701416016]"
3226.0,2009-03-01T00:00:00.000000000,"[0.4653724431991577, 0.44337034225463867, 0.44337034225463867, 0.37736397981643677]","[0.2997143268585205, 0.2874451279640198, 0.2977653741836548, 0.2944745421409607]"
3226.0,2009-06-01T00:00:00.000000000,"[0.44337034225463867, 0.44337034225463867, 0.37736397981643677, 0.6633917689323425]","[0.43096625804901123, 0.4257667660713196, 0.4407818913459778, 0.43409794569015503]"
3226.0,2009-09-01T00:00:00.000000000,"[0.44337034225463867, 0.37736397981643677, 0.6633917689323425, 0.7293981313705444]","[0.2519489824771881, 0.2320493757724762, 0.22336983680725098, 0.21465277671813965]"
3226.0,2009-12-01T00:00:00.000000000,"[0.37736397981643677, 0.6633917689323425, 0.7293981313705444, 0.7293981313705444]","[0.3916880786418915, 0.34223106503486633, 0.32167598605155945, 0.27917277812957764]"
3226.0,2010-03-01T00:00:00.000000000,"[0.6633917689323425, 0.7293981313705444, 0.7293981313705444, 0.7073960304260254]","[0.319458931684494, 0.28698965907096863, 0.27546972036361694, 0.2538365423679352]"
3226.0,2010-06-01T00:00:00.000000000,"[0.7293981313705444, 0.7293981313705444, 0.7073960304260254, 0.9714217185974121]","[0.44847291707992554, 0.42095664143562317, 0.4207589030265808, 0.4023599624633789]"
3226.0,2010-09-01T00:00:00.000000000,"[0.7293981313705444, 0.7073960304260254, 0.9714217185974121, 1.0154259204864502]","[0.46386754512786865, 0.43237513303756714, 0.4246566891670227, 0.4039038121700287]"
3226.0,2010-12-01T00:00:00.000000000,"[0.7073960304260254, 0.9714217185974121, 1.0154259204864502, 1.0374282598495483]","[0.4996076226234436, 0.410332590341568, 0.3614778220653534, 0.28168556094169617]"
3226.0,2011-03-01T00:00:00.000000000,"[0.9714217185974121, 1.0154259204864502, 1.0374282598495483, 1.0374282598495483]","[0.5179061889648438, 0.464567631483078, 0.43825164437294006, 0.39679497480392456]"
3226.0,2011-06-01T00:00:00.000000000,"[1.0154259204864502, 1.0374282598495483, 1.0374282598495483, 0.8614109754562378]","[0.6364638805389404, 0.5896293520927429, 0.5741699934005737, 0.538585901260376]"
3226.0,2011-09-01T00:00:00.000000000,"[1.0374282598495483, 1.0374282598495483, 0.8614109754562378, 0.8174067735671997]","[0.6984400153160095, 0.646530270576477, 0.6252730488777161, 0.5852310061454773]"
3226.0,2011-12-01T00:00:00.000000000,"[1.0374282598495483, 0.8614109754562378, 0.8174067735671997, 0.7293981313705444]","[0.7591736912727356, 0.6869460940361023, 0.6581948399543762, 0.5979533195495605]"
3226.0,2012-03-01T00:00:00.000000000,"[0.8614109754562378, 0.8174067735671997, 0.7293981313705444, 0.5313789248466492]","[0.8177099227905273, 0.7562187910079956, 0.7313952445983887, 0.6824522018432617]"
3226.0,2012-06-01T00:00:00.000000000,"[0.8174067735671997, 0.7293981313705444, 0.5313789248466492, 0.9714217185974121]","[0.7728685736656189, 0.7208595275878906, 0.6966213583946228, 0.6599870920181274]"
3226.0,2012-09-01T00:00:00.000000000,"[0.7293981313705444, 0.5313789248466492, 0.9714217185974121, 1.147438883781433]","[0.693801999092102, 0.6461682319641113, 0.6144337058067322, 0.587270975112915]"
3226.0,2012-12-01T00:00:00.000000000,"[0.5313789248466492, 0.9714217185974121, 1.147438883781433, 1.2134451866149902]","[0.668272852897644, 0.6236992478370667, 0.6005104780197144, 0.5761297345161438]"
3226.0,2013-03-01T00:00:00.000000000,"[0.9714217185974121, 1.147438883781433, 1.2134451866149902, 0.9934238195419312]","[0.6344311237335205, 0.6121343374252319, 0.5975490808486938, 0.5969724655151367]"
3980.0,2006-06-01T00:00:00.000000000,"[2.115532875061035, 1.2574495077133179, 2.0935308933258057, 2.0055222511291504]","[1.850022554397583, 1.427939772605896, 1.9099431037902832, 1.8655824661254883]"
3980.0,2006-09-01T00:00:00.000000000,"[1.2574495077133179, 2.0935308933258057, 2.0055222511291504, 2.4895694255828857]","[1.3554277420043945, 1.675027847290039, 1.5185863971710205, 2.071183681488037]"
3980.0,2006-12-01T00:00:00.000000000,"[2.0935308933258057, 2.0055222511291504, 2.4895694255828857, 1.9395159482955933]","[1.5168060064315796, 1.4616546630859375, 1.9488434791564941, 1.3160520792007446]"
3980.0,2007-03-01T00:00:00.000000000,"[2.0055222511291504, 2.4895694255828857, 1.9395159482955933, 2.885607957839966]","[1.6421706676483154, 2.199403762817383, 1.5991973876953125, 2.1855294704437256]"
3980.0,2007-06-01T00:00:00.000000000,"[2.4895694255828857, 1.9395159482955933, 2.885607957839966, 2.2915501594543457]","[2.2733328342437744, 1.7602925300598145, 2.36549711227417, 2.2804226875305176]"
3980.0,2007-09-01T00:00:00.000000000,"[1.9395159482955933, 2.885607957839966, 2.2915501594543457, 2.8636057376861572]","[1.764918565750122, 2.1566178798675537, 1.911193609237671, 2.4921603202819824]"
3980.0,2007-12-01T00:00:00.000000000,"[2.885607957839966, 2.2915501594543457, 2.8636057376861572, 1.7194944620132446]","[2.2488293647766113, 2.0562562942504883, 2.537111759185791, 2.0272650718688965]"
3980.0,2008-03-01T00:00:00.000000000,"[2.2915501594543457, 2.8636057376861572, 1.7194944620132446, 2.7095906734466553]","[2.337813377380371, 2.8415369987487793, 2.378462553024292, 2.9237568378448486]"
3980.0,2008-06-01T00:00:00.000000000,"[2.8636057376861572, 1.7194944620132446, 2.7095906734466553, 2.5995800495147705]","[2.5977954864501953, 2.1222963333129883, 2.6803038120269775, 2.550079584121704]"
3980.0,2008-09-01T00:00:00.000000000,"[1.7194944620132446, 2.7095906734466553, 2.5995800495147705, 2.775597333908081]","[2.1900877952575684, 2.6439952850341797, 2.2787530422210693, 2.926389455795288]"
3980.0,2008-12-01T00:00:00.000000000,"[2.7095906734466553, 2.5995800495147705, 2.775597333908081, 1.6534881591796875]","[2.221156597137451, 1.9965691566467285, 2.59615421295166, 2.06526517868042]"
3980.0,2009-03-01T00:00:00.000000000,"[2.5995800495147705, 2.775597333908081, 1.6534881591796875, 3.4576635360717773]","[2.421491861343384, 3.067805767059326, 2.4304304122924805, 3.0369515419006348]"
3980.0,2009-06-01T00:00:00.000000000,"[2.775597333908081, 1.6534881591796875, 3.4576635360717773, 3.3476529121398926]","[3.0263681411743164, 2.4514079093933105, 3.2694811820983887, 3.1717123985290527]"
3980.0,2009-09-01T00:00:00.000000000,"[1.6534881591796875, 3.4576635360717773, 3.3476529121398926, 3.4136593341827393]","[2.4224843978881836, 2.894498348236084, 2.474069356918335, 2.71793270111084]"
3980.0,2009-12-01T00:00:00.000000000,"[3.4576635360717773, 3.3476529121398926, 3.4136593341827393, 2.5555758476257324]","[2.0985000133514404, 1.8270279169082642, 2.2838635444641113, 1.8315598964691162]"
3980.0,2010-03-01T00:00:00.000000000,"[3.3476529121398926, 3.4136593341827393, 2.5555758476257324, 3.3476529121398926]","[2.878680467605591, 3.317018508911133, 2.7984769344329834, 3.681619167327881]"
3980.0,2010-06-01T00:00:00.000000000,"[3.4136593341827393, 2.5555758476257324, 3.3476529121398926, 2.8416035175323486]","[3.624183177947998, 3.0153541564941406, 3.9058570861816406, 3.754512310028076]"
3980.0,2010-09-01T00:00:00.000000000,"[2.5555758476257324, 3.3476529121398926, 2.8416035175323486, 2.269547939300537]","[2.7948288917541504, 3.407316207885742, 2.757777690887451, 2.9583842754364014]"
3980.0,2010-12-01T00:00:00.000000000,"[3.3476529121398926, 2.8416035175323486, 2.269547939300537, 1.6534881591796875]","[3.0636556148529053, 2.673820972442627, 2.962908983230591, 2.5583975315093994]"
3980.0,2011-03-01T00:00:00.000000000,"[2.8416035175323486, 2.269547939300537, 1.6534881591796875, 2.665586471557617]","[2.9376490116119385, 3.347594738006592, 2.908296585083008, 3.621488571166992]"
3980.0,2011-06-01T00:00:00.000000000,"[2.269547939300537, 1.6534881591796875, 2.665586471557617, 0.6193875670433044]","[3.315714120864868, 2.564764976501465, 3.488236904144287, 3.3377583026885986]"
3980.0,2011-09-01T00:00:00.000000000,"[1.6534881591796875, 2.665586471557617, 0.6193875670433044, -0.5247237682342529]","[2.597797393798828, 2.644671678543091, 2.6191396713256836, 2.7792296409606934]"
3980.0,2011-12-01T00:00:00.000000000,"[2.665586471557617, 0.6193875670433044, -0.5247237682342529, -1.1407837867736816]","[2.016322135925293, 2.046306848526001, 2.072880506515503, 2.1418616771698]"
3980.0,2012-03-01T00:00:00.000000000,"[0.6193875670433044, -0.5247237682342529, -1.1407837867736816, 0.003327556187286973]","[2.4289674758911133, 2.455685615539551, 2.4477696418762207, 2.5714914798736572]"
3980.0,2012-06-01T00:00:00.000000000,"[-0.5247237682342529, -1.1407837867736816, 0.003327556187286973, 1.0374282598495483]","[1.3699578046798706, 1.4752895832061768, 1.6083749532699585, 1.671262502670288]"
3980.0,2012-09-01T00:00:00.000000000,"[-1.1407837867736816, 0.003327556187286973, 1.0374282598495483, 1.0594303607940674]","[0.7448298931121826, 0.9797930121421814, 1.2182605266571045, 1.423936367034912]"
3980.0,2012-12-01T00:00:00.000000000,"[0.003327556187286973, 1.0374282598495483, 1.0594303607940674, 0.11333828419446945]","[0.40515196323394775, 0.6783393621444702, 0.9979085922241211, 1.1378424167633057]"
3980.0,2013-03-01T00:00:00.000000000,"[1.0374282598495483, 1.0594303607940674, 0.11333828419446945, 1.6314857006072998]","[0.7357732057571411, 0.9670675992965698, 1.180527687072754, 1.428581714630127]"
5568.0,2004-09-01T00:00:00.000000000,"[1.2134451866149902, 1.279451608657837, 1.477470874786377, 0.26735323667526245]","[1.1923861503601074, 1.2433369159698486, 1.3541233539581299, 1.0791268348693848]"
5568.0,2004-12-01T00:00:00.000000000,"[1.279451608657837, 1.477470874786377, 0.26735323667526245, 0.6633917689323425]","[1.2234151363372803, 1.3580598831176758, 1.1610065698623657, 1.220155119895935]"
5568.0,2005-03-01T00:00:00.000000000,"[1.477470874786377, 0.26735323667526245, 0.6633917689323425, 0.9054153561592102]","[1.3670716285705566, 1.089559555053711, 1.2464573383331299, 1.3826167583465576]"
5568.0,2005-06-01T00:00:00.000000000,"[0.26735323667526245, 0.6633917689323425, 0.9054153561592102, 1.1694409847259521]","[1.294147253036499, 1.3546910285949707, 1.3945491313934326, 1.5396385192871094]"
5568.0,2005-09-01T00:00:00.000000000,"[0.6633917689323425, 0.9054153561592102, 1.1694409847259521, 1.125436782836914]","[0.668164074420929, 0.6782304048538208, 0.6928197145462036, 0.7041534185409546]"
5568.0,2005-12-01T00:00:00.000000000,"[0.9054153561592102, 1.1694409847259521, 1.125436782836914, 1.301453948020935]","[0.7269484400749207, 0.7516872882843018, 0.7649555802345276, 0.8169589638710022]"
5568.0,2006-03-01T00:00:00.000000000,"[1.1694409847259521, 1.125436782836914, 1.301453948020935, 1.147438883781433]","[0.904167652130127, 0.9057795405387878, 0.9112175703048706, 0.9439085721969604]"
5568.0,2006-06-01T00:00:00.000000000,"[1.125436782836914, 1.301453948020935, 1.147438883781433, 1.455468773841858]","[1.0411332845687866, 1.0430408716201782, 1.0404632091522217, 1.0611432790756226]"
5568.0,2006-09-01T00:00:00.000000000,"[1.301453948020935, 1.147438883781433, 1.455468773841858, 1.125436782836914]","[1.127375602722168, 1.124352216720581, 1.129888892173767, 1.1432106494903564]"
5568.0,2006-12-01T00:00:00.000000000,"[1.147438883781433, 1.455468773841858, 1.125436782836914, 1.279451608657837]","[1.219183325767517, 1.1984211206436157, 1.1863102912902832, 1.1785480976104736]"
5568.0,2007-03-01T00:00:00.000000000,"[1.455468773841858, 1.125436782836914, 1.279451608657837, 1.2574495077133179]","[1.1436593532562256, 1.1228529214859009, 1.1097291707992554, 1.1047660112380981]"
5568.0,2007-06-01T00:00:00.000000000,"[1.125436782836914, 1.279451608657837, 1.2574495077133179, 1.499472975730896]","[1.2476162910461426, 1.2485363483428955, 1.2475090026855469, 1.2715866565704346]"
5568.0,2007-09-01T00:00:00.000000000,"[1.279451608657837, 1.2574495077133179, 1.499472975730896, 1.0154259204864502]","[1.2132375240325928, 1.1571109294891357, 1.1281359195709229, 1.0858234167099]"
5568.0,2007-12-01T00:00:00.000000000,"[1.2574495077133179, 1.499472975730896, 1.0154259204864502, 1.147438883781433]","[1.2641141414642334, 1.2474862337112427, 1.2381750345230103, 1.2351982593536377]"
5568.0,2008-03-01T00:00:00.000000000,"[1.499472975730896, 1.0154259204864502, 1.147438883781433, 0.7514004111289978]","[1.232076644897461, 1.2282272577285767, 1.235642910003662, 1.2477493286132812]"
5568.0,2008-06-01T00:00:00.000000000,"[1.0154259204864502, 1.147438883781433, 0.7514004111289978, 0.8174067735671997]","[1.2897157669067383, 1.2809162139892578, 1.2694343328475952, 1.2928986549377441]"
5568.0,2008-09-01T00:00:00.000000000,"[1.147438883781433, 0.7514004111289978, 0.8174067735671997, 0.8834132552146912]","[1.1406593322753906, 1.1016020774841309, 1.078088641166687, 1.056594729423523]"
5568.0,2008-12-01T00:00:00.000000000,"[0.7514004111289978, 0.8174067735671997, 0.8834132552146912, 0.575383186340332]","[1.2144908905029297, 1.183539867401123, 1.165195107460022, 1.152665615081787]"
5568.0,2009-03-01T00:00:00.000000000,"[0.8174067735671997, 0.8834132552146912, 0.575383186340332, 1.0594303607940674]","[0.8801618814468384, 0.9093344211578369, 0.9393302202224731, 0.9707993865013123]"
5568.0,2009-06-01T00:00:00.000000000,"[0.8834132552146912, 0.575383186340332, 1.0594303607940674, 0.8394088745117188]","[0.8643127083778381, 0.9040517807006836, 0.9301737546920776, 0.9958645105361938]"
5568.0,2009-09-01T00:00:00.000000000,"[0.575383186340332, 1.0594303607940674, 0.8394088745117188, 1.0594303607940674]","[0.892984926700592, 0.9189051985740662, 0.9493495225906372, 0.9710708260536194]"
5568.0,2009-12-01T00:00:00.000000000,"[1.0594303607940674, 0.8394088745117188, 1.0594303607940674, 0.8834132552146912]","[0.8147347569465637, 0.8520632982254028, 0.899789035320282, 0.9199908971786499]"
5568.0,2010-03-01T00:00:00.000000000,"[0.8394088745117188, 1.0594303607940674, 0.8834132552146912, 1.0154259204864502]","[0.974866509437561, 0.985692024230957, 0.9934968948364258, 1.0186930894851685]"
5568.0,2010-06-01T00:00:00.000000000,"[1.0594303607940674, 0.8834132552146912, 1.0154259204864502, 0.7293981313705444]","[0.9478440880775452, 0.9673407077789307, 0.9758968353271484, 1.0220650434494019]"
5568.0,2010-09-01T00:00:00.000000000,"[0.8834132552146912, 1.0154259204864502, 0.7293981313705444, 1.0374282598495483]","[0.9635541439056396, 0.9900357127189636, 1.0020780563354492, 1.0371071100234985]"
5680.0,2006-06-01T00:00:00.000000000,"[1.4114645719528198, 2.6435842514038086, 1.7414965629577637, 1.499472975730896]","[1.105074405670166, 1.0008349418640137, 0.9314865469932556, 0.8497183322906494]"
5680.0,2006-09-01T00:00:00.000000000,"[2.6435842514038086, 1.7414965629577637, 1.499472975730896, 1.8515071868896484]","[1.1563482284545898, 1.0547369718551636, 1.0125287771224976, 0.9349619746208191]"
5680.0,2006-12-01T00:00:00.000000000,"[1.7414965629577637, 1.499472975730896, 1.8515071868896484, 3.0616250038146973]","[1.5901299715042114, 1.5799410343170166, 1.607469916343689, 1.626194953918457]"
5680.0,2007-03-01T00:00:00.000000000,"[1.499472975730896, 1.8515071868896484, 3.0616250038146973, 2.2915501594543457]","[1.601318597793579, 1.4772932529449463, 1.4279119968414307, 1.3079546689987183]"
5680.0,2007-06-01T00:00:00.000000000,"[1.8515071868896484, 3.0616250038146973, 2.2915501594543457, 1.8735092878341675]","[1.542328953742981, 1.3824917078018188, 1.291766881942749, 1.1538903713226318]"
5680.0,2007-09-01T00:00:00.000000000,"[3.0616250038146973, 2.2915501594543457, 1.8735092878341675, 2.4675674438476562]","[1.5876555442810059, 1.4729331731796265, 1.4452146291732788, 1.3570420742034912]"
5680.0,2007-12-01T00:00:00.000000000,"[2.2915501594543457, 1.8735092878341675, 2.4675674438476562, 3.633680582046509]","[1.9422667026519775, 1.9052705764770508, 1.9111897945404053, 1.9221360683441162]"
5680.0,2008-03-01T00:00:00.000000000,"[1.8735092878341675, 2.4675674438476562, 3.633680582046509, 2.819601535797119]","[1.9980599880218506, 1.9035799503326416, 1.882819414138794, 1.815891981124878]"
5680.0,2008-06-01T00:00:00.000000000,"[2.4675674438476562, 3.633680582046509, 2.819601535797119, 2.4675674438476562]","[1.927248477935791, 1.8042237758636475, 1.7452380657196045, 1.6522339582443237]"
5680.0,2008-09-01T00:00:00.000000000,"[3.633680582046509, 2.819601535797119, 2.4675674438476562, 2.973616361618042]","[2.159295082092285, 2.0446341037750244, 2.0345373153686523, 1.9488084316253662]"
5680.0,2008-12-01T00:00:00.000000000,"[2.819601535797119, 2.4675674438476562, 2.973616361618042, 4.2497406005859375]","[2.5254249572753906, 2.4268789291381836, 2.4198660850524902, 2.365252733230591]"
5680.0,2009-03-01T00:00:00.000000000,"[2.4675674438476562, 2.973616361618042, 4.2497406005859375, 3.4136593341827393]","[2.363346815109253, 2.1555190086364746, 2.0463976860046387, 1.8468700647354126]"
5680.0,2009-06-01T00:00:00.000000000,"[2.973616361618042, 4.2497406005859375, 3.4136593341827393, 3.017620801925659]","[2.268437623977661, 2.035660982131958, 1.8852869272232056, 1.6911194324493408]"
5680.0,2009-09-01T00:00:00.000000000,"[4.2497406005859375, 3.4136593341827393, 3.017620801925659, 3.875704050064087]","[2.4882779121398926, 2.339771270751953, 2.2612829208374023, 2.152348518371582]"
5680.0,2009-12-01T00:00:00.000000000,"[3.4136593341827393, 3.017620801925659, 3.875704050064087, 6.00991153717041]","[2.8698973655700684, 2.85866641998291, 2.8910903930664062, 2.9324254989624023]"
5680.0,2010-03-01T00:00:00.000000000,"[3.017620801925659, 3.875704050064087, 6.00991153717041, 4.82179594039917]","[3.136693000793457, 2.9799208641052246, 2.9437637329101562, 2.814500331878662]"
5680.0,2010-06-01T00:00:00.000000000,"[3.875704050064087, 6.00991153717041, 4.82179594039917, 4.2497406005859375]","[3.046489715576172, 2.8572402000427246, 2.7747180461883545, 2.6259841918945312]"
5680.0,2010-09-01T00:00:00.000000000,"[6.00991153717041, 4.82179594039917, 4.2497406005859375, 4.2937445640563965]","[3.335448741912842, 3.187549591064453, 3.1589510440826416, 3.05072283744812]"
5680.0,2010-12-01T00:00:00.000000000,"[4.82179594039917, 4.2497406005859375, 4.2937445640563965, 6.273937702178955]","[4.0242509841918945, 3.993553638458252, 4.058104991912842, 4.0937581062316895]"
5680.0,2011-03-01T00:00:00.000000000,"[4.2497406005859375, 4.2937445640563965, 6.273937702178955, 4.865800380706787]","[3.8371055126190186, 3.440319061279297, 3.230602741241455, 2.8774120807647705]"
5680.0,2011-06-01T00:00:00.000000000,"[4.2937445640563965, 6.273937702178955, 4.865800380706787, 4.315746784210205]","[3.6834113597869873, 3.236184597015381, 2.9551429748535156, 2.5580294132232666]"
5680.0,2011-09-01T00:00:00.000000000,"[6.273937702178955, 4.865800380706787, 4.315746784210205, 3.875704050064087]","[3.7931246757507324, 3.58304762840271, 3.511813163757324, 3.3640007972717285]"
5680.0,2011-12-01T00:00:00.000000000,"[4.865800380706787, 4.315746784210205, 3.875704050064087, 8.144119262695312]","[4.347605228424072, 4.250785827636719, 4.243381500244141, 4.205038070678711]"
5680.0,2012-03-01T00:00:00.000000000,"[4.315746784210205, 3.875704050064087, 8.144119262695312, 6.295939922332764]","[4.43314266204834, 4.311476707458496, 4.296425819396973, 4.240530967712402]"
5680.0,2012-06-01T00:00:00.000000000,"[3.875704050064087, 8.144119262695312, 6.295939922332764, 5.129826545715332]","[4.290824890136719, 4.1476593017578125, 4.076778411865234, 4.003951072692871]"
5680.0,2012-09-01T00:00:00.000000000,"[8.144119262695312, 6.295939922332764, 5.129826545715332, 7.792084693908691]","[3.9833788871765137, 3.689818859100342, 3.5380382537841797, 3.3188695907592773]"
5680.0,2012-12-01T00:00:00.000000000,"[6.295939922332764, 5.129826545715332, 7.792084693908691, 9.266228675842285]","[5.19709587097168, 5.202407360076904, 5.274582862854004, 5.42636775970459]"
5680.0,2013-03-01T00:00:00.000000000,"[5.129826545715332, 7.792084693908691, 9.266228675842285, 7.924098014831543]","[5.685459613800049, 5.459451675415039, 5.416892051696777, 5.252263069152832]"
6008.0,2006-06-01T00:00:00.000000000,"[0.5093768239021301, 0.7514004111289978, 0.9274174571037292, 0.20134682953357697]","[0.2599058151245117, 0.23042497038841248, 0.20104676485061646, 0.1982695609331131]"
6008.0,2006-09-01T00:00:00.000000000,"[0.7514004111289978, 0.9274174571037292, 0.20134682953357697, 0.5093768239021301]","[0.4796116352081299, 0.48256462812423706, 0.488115131855011, 0.5250737071037292]"
6008.0,2006-12-01T00:00:00.000000000,"[0.9274174571037292, 0.20134682953357697, 0.5093768239021301, 0.7073960304260254]","[0.5509980320930481, 0.5462440252304077, 0.5531207323074341, 0.5685364007949829]"
6008.0,2007-03-01T00:00:00.000000000,"[0.20134682953357697, 0.5093768239021301, 0.7073960304260254, 0.9274174571037292]","[0.7984849214553833, 0.7676531672477722, 0.7633561491966248, 0.7460747957229614]"
6008.0,2007-06-01T00:00:00.000000000,"[0.5093768239021301, 0.7073960304260254, 0.9274174571037292, 0.4873746931552887]","[0.5290570259094238, 0.4875197410583496, 0.4560962915420532, 0.4365543723106384]"
6008.0,2007-09-01T00:00:00.000000000,"[0.7073960304260254, 0.9274174571037292, 0.4873746931552887, 0.5973852872848511]","[0.4976372718811035, 0.44311562180519104, 0.4051591157913208, 0.37263816595077515]"
6008.0,2007-12-01T00:00:00.000000000,"[0.9274174571037292, 0.4873746931552887, 0.5973852872848511, 1.0594303607940674]","[0.5724179148674011, 0.5672633647918701, 0.5685364603996277, 0.6007499694824219]"
6008.0,2008-03-01T00:00:00.000000000,"[0.4873746931552887, 0.5973852872848511, 1.0594303607940674, 1.0374282598495483]","[0.8011537790298462, 0.7948247194290161, 0.8038080930709839, 0.8145580291748047]"
6008.0,2008-06-01T00:00:00.000000000,"[0.5973852872848511, 1.0594303607940674, 1.0374282598495483, 0.7514004111289978]","[0.6828087568283081, 0.680974006652832, 0.685157835483551, 0.7048638463020325]"
6008.0,2008-09-01T00:00:00.000000000,"[1.0594303607940674, 1.0374282598495483, 0.7514004111289978, 0.8834132552146912]","[0.6523435115814209, 0.5941558480262756, 0.5599694848060608, 0.5220258831977844]"
6008.0,2008-12-01T00:00:00.000000000,"[1.0374282598495483, 0.7514004111289978, 0.8834132552146912, 1.5214751958847046]","[0.7847617864608765, 0.7773960828781128, 0.7879605889320374, 0.8016195297241211]"
6008.0,2009-03-01T00:00:00.000000000,"[0.7514004111289978, 0.8834132552146912, 1.5214751958847046, 1.6754902601242065]","[0.9469447135925293, 0.8970924615859985, 0.87743079662323, 0.8420209288597107]"
6008.0,2009-06-01T00:00:00.000000000,"[0.8834132552146912, 1.5214751958847046, 1.6754902601242065, 1.2134451866149902]","[0.8678687214851379, 0.7914866209030151, 0.7422681450843811, 0.6826292276382446]"
6008.0,2009-09-01T00:00:00.000000000,"[1.5214751958847046, 1.6754902601242065, 1.2134451866149902, 1.5874814987182617]","[0.8425574898719788, 0.8123549222946167, 0.7870209217071533, 0.7835317850112915]"
6008.0,2009-12-01T00:00:00.000000000,"[1.6754902601242065, 1.2134451866149902, 1.5874814987182617, 2.379558563232422]","[1.0591002702713013, 1.049579381942749, 1.0627546310424805, 1.0709147453308105]"
6008.0,2010-03-01T00:00:00.000000000,"[1.2134451866149902, 1.5874814987182617, 2.379558563232422, 2.115532875061035]","[1.2343506813049316, 1.1469345092773438, 1.1122472286224365, 1.036961317062378]"
6008.0,2010-06-01T00:00:00.000000000,"[1.5874814987182617, 2.379558563232422, 2.115532875061035, 1.2574495077133179]","[1.1310169696807861, 1.0001029968261719, 0.9233510494232178, 0.8063676357269287]"
6008.0,2010-09-01T00:00:00.000000000,"[2.379558563232422, 2.115532875061035, 1.2574495077133179, 1.6314857006072998]","[1.1561580896377563, 1.0929392576217651, 1.064565896987915, 1.0159529447555542]"
6008.0,2010-12-01T00:00:00.000000000,"[2.115532875061035, 1.2574495077133179, 1.6314857006072998, 2.42356276512146]","[1.4850887060165405, 1.4413392543792725, 1.4496304988861084, 1.420072078704834]"
6008.0,2011-03-01T00:00:00.000000000,"[1.2574495077133179, 1.6314857006072998, 2.42356276512146, 2.6435842514038086]","[1.4970881938934326, 1.3556560277938843, 1.2817875146865845, 1.1556529998779297]"
6008.0,2011-06-01T00:00:00.000000000,"[1.6314857006072998, 2.42356276512146, 2.6435842514038086, 2.4895694255828857]","[1.2479575872421265, 1.0962079763412476, 0.9947418570518494, 0.8662828803062439]"
6008.0,2011-09-01T00:00:00.000000000,"[2.42356276512146, 2.6435842514038086, 2.4895694255828857, 2.0055222511291504]","[1.3878676891326904, 1.3194494247436523, 1.290192723274231, 1.2456519603729248]"
6008.0,2011-12-01T00:00:00.000000000,"[2.6435842514038086, 2.4895694255828857, 2.0055222511291504, 1.7414965629577637]","[1.640597939491272, 1.5472638607025146, 1.5072742700576782, 1.4581313133239746]"
6008.0,2012-03-01T00:00:00.000000000,"[2.4895694255828857, 2.0055222511291504, 1.7414965629577637, 2.6435842514038086]","[1.8710601329803467, 1.717566967010498, 1.6384673118591309, 1.494985580444336]"
6008.0,2012-06-01T00:00:00.000000000,"[2.0055222511291504, 1.7414965629577637, 2.6435842514038086, 2.3575565814971924]","[1.9438741207122803, 1.7191553115844727, 1.592297077178955, 1.3743971586227417]"
6008.0,2012-09-01T00:00:00.000000000,"[1.7414965629577637, 2.6435842514038086, 2.3575565814971924, 2.115532875061035]","[1.9420727491378784, 1.817680835723877, 1.670616865158081, 1.534605622291565]"
6008.0,2012-12-01T00:00:00.000000000,"[2.6435842514038086, 2.3575565814971924, 2.115532875061035, 3.0616250038146973]","[1.5299081802368164, 1.5123859643936157, 1.48738431930542, 1.513736605644226]"
6008.0,2013-03-01T00:00:00.000000000,"[2.3575565814971924, 2.115532875061035, 3.0616250038146973, 1.6974923610687256]","[1.9474871158599854, 1.9306774139404297, 1.942365288734436, 1.9623100757598877]"
6066.0,2006-06-01T00:00:00.000000000,"[8.804183959960938, 7.3960466384887695, 12.082502365112305, 5.7018818855285645]","[7.648438453674316, 7.187745094299316, 6.939504623413086, 6.606751918792725]"
6066.0,2006-09-01T00:00:00.000000000,"[7.3960466384887695, 12.082502365112305, 5.7018818855285645, 7.748080730438232]","[8.016118049621582, 7.946236610412598, 7.8719282150268555, 7.99627685546875]"
6066.0,2006-12-01T00:00:00.000000000,"[12.082502365112305, 5.7018818855285645, 7.748080730438232, 6.647973537445068]","[7.921629905700684, 7.828075408935547, 7.975202560424805, 8.027985572814941]"
6066.0,2007-03-01T00:00:00.000000000,"[5.7018818855285645, 7.748080730438232, 6.647973537445068, 9.948295593261719]","[8.380867004394531, 8.50202465057373, 8.471115112304688, 8.989763259887695]"
6066.0,2007-06-01T00:00:00.000000000,"[7.748080730438232, 6.647973537445068, 9.948295593261719, 4.469761848449707]","[7.309144020080566, 7.288514137268066, 7.324753284454346, 7.488902568817139]"
6066.0,2007-09-01T00:00:00.000000000,"[6.647973537445068, 9.948295593261719, 4.469761848449707, 5.789890289306641]","[7.964560031890869, 7.97878360748291, 7.953989028930664, 8.127015113830566]"
6066.0,2007-12-01T00:00:00.000000000,"[9.948295593261719, 4.469761848449707, 5.789890289306641, 6.537962913513184]","[7.9011969566345215, 7.855158805847168, 7.925341606140137, 8.0381441116333]"
6066.0,2008-03-01T00:00:00.000000000,"[4.469761848449707, 5.789890289306641, 6.537962913513184, 10.322331428527832]","[8.174108505249023, 8.325669288635254, 8.298548698425293, 8.856924057006836]"
6066.0,2008-06-01T00:00:00.000000000,"[5.789890289306641, 6.537962913513184, 10.322331428527832, 4.535768508911133]","[5.941415786743164, 6.115680694580078, 6.471921920776367, 6.596234321594238]"
6066.0,2008-09-01T00:00:00.000000000,"[6.537962913513184, 10.322331428527832, 4.535768508911133, 5.437856197357178]","[6.149272441864014, 6.371311187744141, 6.460596561431885, 6.81992244720459]"
6066.0,2008-12-01T00:00:00.000000000,"[10.322331428527832, 4.535768508911133, 5.437856197357178, 6.559965133666992]","[6.9836907386779785, 7.01597261428833, 7.220479488372803, 7.333376407623291]"
6066.0,2009-03-01T00:00:00.000000000,"[4.535768508911133, 5.437856197357178, 6.559965133666992, 10.696367263793945]","[7.907954692840576, 8.107074737548828, 8.029338836669922, 8.667941093444824]"
6066.0,2009-06-01T00:00:00.000000000,"[5.437856197357178, 6.559965133666992, 10.696367263793945, 4.689783573150635]","[6.233977794647217, 6.416009426116943, 6.7202653884887695, 6.860151290893555]"
6066.0,2009-09-01T00:00:00.000000000,"[6.559965133666992, 10.696367263793945, 4.689783573150635, 6.075918197631836]","[5.848351955413818, 6.122287273406982, 6.283000469207764, 6.644703388214111]"
6066.0,2009-12-01T00:00:00.000000000,"[10.696367263793945, 4.689783573150635, 6.075918197631836, 6.823991298675537]","[6.880311489105225, 6.961864471435547, 7.176961421966553, 7.30401611328125]"
6066.0,2010-03-01T00:00:00.000000000,"[4.689783573150635, 6.075918197631836, 6.823991298675537, 10.014301300048828]","[7.84916353225708, 8.07352066040039, 7.984674453735352, 8.685749053955078]"
6066.0,2010-06-01T00:00:00.000000000,"[6.075918197631836, 6.823991298675537, 10.014301300048828, 4.2497406005859375]","[6.339251518249512, 6.527644157409668, 6.848413467407227, 6.982391357421875]"
6066.0,2010-09-01T00:00:00.000000000,"[6.823991298675537, 10.014301300048828, 4.2497406005859375, 6.273937702178955]","[6.254577159881592, 6.503052711486816, 6.639126300811768, 6.9769463539123535]"
6066.0,2010-12-01T00:00:00.000000000,"[10.014301300048828, 4.2497406005859375, 6.273937702178955, 5.1958327293396]","[7.14599609375, 7.234940528869629, 7.441699981689453, 7.568638801574707]"
6066.0,2011-03-01T00:00:00.000000000,"[4.2497406005859375, 6.273937702178955, 5.1958327293396, 9.662266731262207]","[7.568244934082031, 7.806219100952148, 7.691154956817627, 8.407367706298828]"
6066.0,2011-06-01T00:00:00.000000000,"[6.273937702178955, 5.1958327293396, 9.662266731262207, 3.3476529121398926]","[5.647787094116211, 5.932605743408203, 6.311912536621094, 6.471550941467285]"
6066.0,2011-09-01T00:00:00.000000000,"[5.1958327293396, 9.662266731262207, 3.3476529121398926, 4.0957255363464355]","[6.157144546508789, 6.421428203582764, 6.625362396240234, 6.958569049835205]"
6066.0,2011-12-01T00:00:00.000000000,"[9.662266731262207, 3.3476529121398926, 4.0957255363464355, 4.975811004638672]","[5.804603576660156, 6.07827615737915, 6.381504535675049, 6.563742160797119]"
6066.0,2012-03-01T00:00:00.000000000,"[3.3476529121398926, 4.0957255363464355, 4.975811004638672, 3.8537018299102783]","[7.099836826324463, 7.372525215148926, 7.254317283630371, 8.079800605773926]"
6066.0,2012-06-01T00:00:00.000000000,"[4.0957255363464355, 4.975811004638672, 3.8537018299102783, 3.1936378479003906]","[5.139353275299072, 5.503823280334473, 5.9815826416015625, 6.141382217407227]"
6066.0,2012-09-01T00:00:00.000000000,"[4.975811004638672, 3.8537018299102783, 3.1936378479003906, 4.42575740814209]","[5.054049491882324, 5.458605766296387, 5.908190727233887, 6.224151134490967]"
6066.0,2012-12-01T00:00:00.000000000,"[3.8537018299102783, 3.1936378479003906, 4.42575740814209, 4.8437981605529785]","[5.425523281097412, 5.73227071762085, 6.113177299499512, 6.294241428375244]"
6066.0,2013-03-01T00:00:00.000000000,"[3.1936378479003906, 4.42575740814209, 4.8437981605529785, 6.669975757598877]","[5.318719863891602, 5.718988418579102, 5.983644962310791, 6.628268718719482]"
6266.0,2006-06-01T00:00:00.000000000,"[2.9516141414642334, 2.5995800495147705, 2.0935308933258057, 2.7315926551818848]","[2.3252832889556885, 2.3313348293304443, 2.338657855987549, 2.3817267417907715]"
6266.0,2006-09-01T00:00:00.000000000,"[2.5995800495147705, 2.0935308933258057, 2.7315926551818848, 3.0616250038146973]","[2.514101982116699, 2.4884302616119385, 2.508876323699951, 2.5001220703125]"
6266.0,2006-12-01T00:00:00.000000000,"[2.0935308933258057, 2.7315926551818848, 3.0616250038146973, 2.577577829360962]","[2.4879913330078125, 2.4655048847198486, 2.4587321281433105, 2.4544036388397217]"
6266.0,2007-03-01T00:00:00.000000000,"[2.7315926551818848, 3.0616250038146973, 2.577577829360962, 2.4675674438476562]","[2.3158135414123535, 2.2706100940704346, 2.25166916847229, 2.228182315826416]"
6266.0,2007-06-01T00:00:00.000000000,"[3.0616250038146973, 2.577577829360962, 2.4675674438476562, 2.9956183433532715]","[2.40442156791687, 2.412583827972412, 2.420302391052246, 2.4744527339935303]"
6266.0,2007-09-01T00:00:00.000000000,"[2.577577829360962, 2.4675674438476562, 2.9956183433532715, 3.127631425857544]","[2.636584758758545, 2.619715452194214, 2.6420722007751465, 2.6435112953186035]"
6266.0,2007-12-01T00:00:00.000000000,"[2.4675674438476562, 2.9956183433532715, 3.127631425857544, 2.9956183433532715]","[2.5373013019561768, 2.4971354007720947, 2.4681508541107178, 2.4482269287109375]"
6266.0,2008-03-01T00:00:00.000000000,"[2.9956183433532715, 3.127631425857544, 2.9956183433532715, 2.775597333908081]","[2.5707802772521973, 2.526615858078003, 2.5107030868530273, 2.485116481781006]"
6266.0,2008-06-01T00:00:00.000000000,"[3.127631425857544, 2.9956183433532715, 2.775597333908081, 3.325650691986084]","[2.6746602058410645, 2.673870086669922, 2.6846301555633545, 2.7103781700134277]"
6266.0,2008-09-01T00:00:00.000000000,"[2.9956183433532715, 2.775597333908081, 3.325650691986084, 3.325650691986084]","[2.840301513671875, 2.801180839538574, 2.8100767135620117, 2.787480115890503]"
6266.0,2008-12-01T00:00:00.000000000,"[2.775597333908081, 3.325650691986084, 3.325650691986084, 3.479665517807007]","[2.756732225418091, 2.7560245990753174, 2.7577362060546875, 2.7788872718811035]"
6266.0,2009-03-01T00:00:00.000000000,"[3.325650691986084, 3.325650691986084, 3.479665517807007, 3.127631425857544]","[2.8029866218566895, 2.690973997116089, 2.644035577774048, 2.548682451248169]"
6266.0,2009-06-01T00:00:00.000000000,"[3.325650691986084, 3.479665517807007, 3.127631425857544, 3.831699848175049]","[2.8988051414489746, 2.8616600036621094, 2.8563921451568604, 2.852850914001465]"
6266.0,2009-09-01T00:00:00.000000000,"[3.479665517807007, 3.127631425857544, 3.831699848175049, 3.919708251953125]","[3.0203185081481934, 3.004348039627075, 3.0273053646087646, 3.03635835647583]"
6266.0,2009-12-01T00:00:00.000000000,"[3.127631425857544, 3.831699848175049, 3.919708251953125, 3.8096976280212402]","[3.1637682914733887, 3.059725046157837, 3.0140562057495117, 2.925532102584839]"
6266.0,2010-03-01T00:00:00.000000000,"[3.831699848175049, 3.919708251953125, 3.8096976280212402, 3.633680582046509]","[3.025073289871216, 2.896219491958618, 2.8342645168304443, 2.7253403663635254]"
6266.0,2010-06-01T00:00:00.000000000,"[3.919708251953125, 3.8096976280212402, 3.633680582046509, 3.919708251953125]","[3.200127363204956, 3.1316680908203125, 3.106637477874756, 3.0596728324890137]"
6266.0,2010-09-01T00:00:00.000000000,"[3.8096976280212402, 3.633680582046509, 3.919708251953125, 4.975811004638672]","[3.497013568878174, 3.378612995147705, 3.3407819271087646, 3.2308976650238037]"
6266.0,2010-12-01T00:00:00.000000000,"[3.633680582046509, 3.919708251953125, 4.975811004638672, 3.963712453842163]","[3.409191131591797, 3.2760751247406006, 3.2070438861846924, 3.095083713531494]"
6266.0,2011-03-01T00:00:00.000000000,"[3.919708251953125, 4.975811004638672, 3.963712453842163, 3.4356613159179688]","[3.448838472366333, 3.3587846755981445, 3.3302345275878906, 3.2638607025146484]"
6266.0,2011-06-01T00:00:00.000000000,"[4.975811004638672, 3.963712453842163, 3.4356613159179688, 4.359751224517822]","[3.4940803050994873, 3.464468240737915, 3.46724796295166, 3.46468448638916]"
6266.0,2011-09-01T00:00:00.000000000,"[3.963712453842163, 3.4356613159179688, 4.359751224517822, 2.973616361618042]","[4.000969886779785, 3.9289510250091553, 3.947762966156006, 3.897073745727539]"
6266.0,2011-12-01T00:00:00.000000000,"[3.4356613159179688, 4.359751224517822, 2.973616361618042, 4.139729976654053]","[3.761575937271118, 3.5948898792266846, 3.4959657192230225, 3.356156826019287]"
6266.0,2012-03-01T00:00:00.000000000,"[4.359751224517822, 2.973616361618042, 4.139729976654053, 3.3916571140289307]","[3.645570755004883, 3.4849767684936523, 3.3886258602142334, 3.2587714195251465]"
6266.0,2012-06-01T00:00:00.000000000,"[2.973616361618042, 4.139729976654053, 3.3916571140289307, 4.9978132247924805]","[3.868889093399048, 3.8285460472106934, 3.836268901824951, 3.8373751640319824]"
6266.0,2012-09-01T00:00:00.000000000,"[4.139729976654053, 3.3916571140289307, 4.9978132247924805, 4.755789756774902]","[3.1040072441101074, 3.1134581565856934, 3.103858709335327, 3.171475648880005]"
6266.0,2012-12-01T00:00:00.000000000,"[3.3916571140289307, 4.9978132247924805, 4.755789756774902, 5.019815444946289]","[4.044907569885254, 4.044506072998047, 4.055886268615723, 4.1001787185668945]"
6266.0,2013-03-01T00:00:00.000000000,"[4.9978132247924805, 4.755789756774902, 5.019815444946289, 3.98571515083313]","[3.7600228786468506, 3.7238454818725586, 3.7480998039245605, 3.7511518001556396]"
6304.0,2005-12-01T00:00:00.000000000,"[1.0594303607940674, 0.33335965871810913, 0.7954046130180359, 1.147438883781433]","[1.7379167079925537, 1.7223917245864868, 1.7465040683746338, 1.7788326740264893]"
6304.0,2006-03-01T00:00:00.000000000,"[0.33335965871810913, 0.7954046130180359, 1.147438883781433, 1.477470874786377]","[1.2883901596069336, 1.2332197427749634, 1.18259596824646, 1.1886703968048096]"
6304.0,2006-06-01T00:00:00.000000000,"[0.7954046130180359, 1.147438883781433, 1.477470874786377, 0.8614109754562378]","[0.6930968761444092, 0.6957806348800659, 0.6936824321746826, 0.723537802696228]"
6304.0,2007-03-01T00:00:00.000000000,"[1.147438883781433, 1.477470874786377, 0.8614109754562378, 1.5874814987182617]","[0.788398265838623, 0.8453238606452942, 0.9258570075035095, 0.9899901151657104]"
6304.0,2007-06-01T00:00:00.000000000,"[1.477470874786377, 0.8614109754562378, 1.5874814987182617, 1.8295050859451294]","[1.1205248832702637, 1.130927562713623, 1.1205477714538574, 1.2060580253601074]"
6304.0,2007-09-01T00:00:00.000000000,"[0.8614109754562378, 1.5874814987182617, 1.8295050859451294, 3.1936378479003906]","[1.1803544759750366, 1.1969120502471924, 1.1726855039596558, 1.257609248161316]"
6304.0,2007-12-01T00:00:00.000000000,"[1.5874814987182617, 1.8295050859451294, 3.1936378479003906, 1.8515071868896484]","[0.9578889012336731, 0.9898973703384399, 0.9786508083343506, 1.0700888633728027]"
6304.0,2008-03-01T00:00:00.000000000,"[1.8295050859451294, 3.1936378479003906, 1.8515071868896484, 2.6435842514038086]","[1.6108653545379639, 1.616431713104248, 1.6178197860717773, 1.672758936882019]"
6304.0,2008-06-01T00:00:00.000000000,"[3.1936378479003906, 1.8515071868896484, 2.6435842514038086, 2.8636057376861572]","[1.6059324741363525, 1.602130651473999, 1.6101019382476807, 1.6641603708267212]"
6304.0,2008-09-01T00:00:00.000000000,"[1.8515071868896484, 2.6435842514038086, 2.8636057376861572, 2.9076099395751953]","[2.233574151992798, 2.141710042953491, 2.084256649017334, 2.0556273460388184]"
6304.0,2008-12-01T00:00:00.000000000,"[2.6435842514038086, 2.8636057376861572, 2.9076099395751953, 3.259644031524658]","[2.0107510089874268, 1.799543857574463, 1.6615649461746216, 1.4956581592559814]"
6304.0,2009-03-01T00:00:00.000000000,"[2.8636057376861572, 2.9076099395751953, 3.259644031524658, 3.633680582046509]","[2.0229907035827637, 1.9321858882904053, 1.860604166984558, 1.8229624032974243]"
6304.0,2009-06-01T00:00:00.000000000,"[2.9076099395751953, 3.259644031524658, 3.633680582046509, 3.7436912059783936]","[2.3044371604919434, 2.254830837249756, 2.2496867179870605, 2.251950979232788]"
6304.0,2009-09-01T00:00:00.000000000,"[3.259644031524658, 3.633680582046509, 3.7436912059783936, 4.18373441696167]","[2.5497827529907227, 2.4941835403442383, 2.4749536514282227, 2.467097759246826]"
6304.0,2009-12-01T00:00:00.000000000,"[3.633680582046509, 3.7436912059783936, 4.18373441696167, 4.711785793304443]","[2.758302927017212, 2.677565097808838, 2.657470703125, 2.622727870941162]"
6304.0,2010-03-01T00:00:00.000000000,"[3.7436912059783936, 4.18373441696167, 4.711785793304443, 4.667781352996826]","[2.9777274131774902, 2.7533435821533203, 2.648305892944336, 2.461665630340576]"
6304.0,2010-06-01T00:00:00.000000000,"[4.18373441696167, 4.711785793304443, 4.667781352996826, 3.259644031524658]","[3.006737232208252, 2.7439050674438477, 2.6079843044281006, 2.381333112716675]"
6304.0,2010-09-01T00:00:00.000000000,"[4.711785793304443, 4.667781352996826, 3.259644031524658, 3.21563982963562]","[3.0298633575439453, 2.7578301429748535, 2.5945637226104736, 2.3604867458343506]"
6304.0,2010-12-01T00:00:00.000000000,"[4.667781352996826, 3.259644031524658, 3.21563982963562, 4.755789756774902]","[3.414752960205078, 3.0822699069976807, 2.90665864944458, 2.6078884601593018]"
6304.0,2011-03-01T00:00:00.000000000,"[3.259644031524658, 3.21563982963562, 4.755789756774902, 5.151828289031982]","[3.633234977722168, 3.2748947143554688, 3.070514678955078, 2.745018720626831]"
6304.0,2011-06-01T00:00:00.000000000,"[3.21563982963562, 4.755789756774902, 5.151828289031982, 4.733787536621094]","[2.9740896224975586, 2.664607048034668, 2.4393577575683594, 2.1863131523132324]"
6304.0,2011-09-01T00:00:00.000000000,"[4.755789756774902, 5.151828289031982, 4.733787536621094, 5.305843353271484]","[2.9437174797058105, 2.749129295349121, 2.6145684719085693, 2.4938066005706787]"
6304.0,2011-12-01T00:00:00.000000000,"[5.151828289031982, 4.733787536621094, 5.305843353271484, 5.965907573699951]","[3.827728271484375, 3.658783435821533, 3.632534980773926, 3.511137008666992]"
6304.0,2012-03-01T00:00:00.000000000,"[4.733787536621094, 5.305843353271484, 5.965907573699951, 6.427952289581299]","[4.557724952697754, 4.338718414306641, 4.296693325042725, 4.109984397888184]"
6304.0,2012-06-01T00:00:00.000000000,"[5.305843353271484, 5.965907573699951, 6.427952289581299, 7.770082950592041]","[4.17287540435791, 3.874302387237549, 3.7240805625915527, 3.472930431365967]"
6304.0,2012-09-01T00:00:00.000000000,"[5.965907573699951, 6.427952289581299, 7.770082950592041, 9.0462064743042]","[4.12242317199707, 3.8699283599853516, 3.734344959259033, 3.541513681411743]"
6304.0,2012-12-01T00:00:00.000000000,"[6.427952289581299, 7.770082950592041, 9.0462064743042, 9.508252143859863]","[4.6694536209106445, 4.380688190460205, 4.266590595245361, 4.032196044921875]"
6304.0,2013-03-01T00:00:00.000000000,"[7.770082950592041, 9.0462064743042, 9.508252143859863, 11.598455429077148]","[5.219376564025879, 4.672564506530762, 4.368222236633301, 3.859954833984375]"
6565.0,2005-09-01T00:00:00.000000000,"[2.0495264530181885, 1.4114645719528198, 1.9175138473510742, 2.379558563232422]","[1.7584757804870605, 1.597649335861206, 1.4576399326324463, 1.3560078144073486]"
6565.0,2005-12-01T00:00:00.000000000,"[1.4114645719528198, 1.9175138473510742, 2.379558563232422, 2.5995800495147705]","[1.8487815856933594, 1.6160399913787842, 1.4227774143218994, 1.2425730228424072]"
6565.0,2006-03-01T00:00:00.000000000,"[1.9175138473510742, 2.379558563232422, 2.5995800495147705, 3.3036487102508545]","[1.5397593975067139, 1.3047031164169312, 1.0829410552978516, 0.9152519106864929]"
6565.0,2006-06-01T00:00:00.000000000,"[2.379558563232422, 2.5995800495147705, 3.3036487102508545, 2.7535951137542725]","[1.6638586521148682, 1.4802500009536743, 1.2961286306381226, 1.205314040184021]"
6565.0,2006-09-01T00:00:00.000000000,"[2.5995800495147705, 3.3036487102508545, 2.7535951137542725, 1.8955113887786865]","[1.9344303607940674, 1.7542872428894043, 1.592642068862915, 1.4969050884246826]"
6565.0,2006-12-01T00:00:00.000000000,"[3.3036487102508545, 2.7535951137542725, 1.8955113887786865, 3.259644031524658]","[2.157104015350342, 1.8958613872528076, 1.6846764087677002, 1.4752285480499268]"
6565.0,2007-03-01T00:00:00.000000000,"[2.7535951137542725, 1.8955113887786865, 3.259644031524658, 3.281646251678467]","[2.5182275772094727, 2.175980806350708, 1.9279046058654785, 1.6295366287231445]"
6565.0,2007-06-01T00:00:00.000000000,"[1.8955113887786865, 3.259644031524658, 3.281646251678467, 4.227738380432129]","[2.3994197845458984, 2.002365827560425, 1.7032201290130615, 1.357717514038086]"
6565.0,2008-06-01T00:00:00.000000000,"[3.259644031524658, 3.281646251678467, 4.227738380432129, 5.459857940673828]","[1.9861093759536743, 1.6324193477630615, 1.3232580423355103, 1.0340495109558105]"
6565.0,2008-09-01T00:00:00.000000000,"[3.281646251678467, 4.227738380432129, 5.459857940673828, 6.1419243812561035]","[2.643791675567627, 2.4118733406066895, 2.2845940589904785, 2.1084554195404053]"
6565.0,2008-12-01T00:00:00.000000000,"[4.227738380432129, 5.459857940673828, 6.1419243812561035, 6.911999702453613]","[2.908848285675049, 2.6484084129333496, 2.5211403369903564, 2.313840866088867]"
6565.0,2009-03-01T00:00:00.000000000,"[5.459857940673828, 6.1419243812561035, 6.911999702453613, 8.848188400268555]","[3.3678698539733887, 3.1570658683776855, 3.057929515838623, 2.896477699279785]"
6565.0,2009-06-01T00:00:00.000000000,"[6.1419243812561035, 6.911999702453613, 8.848188400268555, 9.838284492492676]","[3.492772102355957, 3.263725996017456, 3.1908860206604004, 3.022425651550293]"
6565.0,2009-09-01T00:00:00.000000000,"[6.911999702453613, 8.848188400268555, 9.838284492492676, 10.98239517211914]","[3.8556456565856934, 3.383835792541504, 3.127232551574707, 2.7136330604553223]"
6565.0,2009-12-01T00:00:00.000000000,"[8.848188400268555, 9.838284492492676, 10.98239517211914, 6.6919779777526855]","[4.205049514770508, 3.6532511711120605, 3.3445637226104736, 2.858262538909912]"
6565.0,2010-03-01T00:00:00.000000000,"[9.838284492492676, 10.98239517211914, 6.6919779777526855, 7.8140869140625]","[5.4595184326171875, 4.872318267822266, 4.589324951171875, 4.057109832763672]"
6565.0,2010-06-01T00:00:00.000000000,"[10.98239517211914, 6.6919779777526855, 7.8140869140625, 7.440051078796387]","[5.692440509796143, 5.0029683113098145, 4.606990337371826, 3.9899535179138184]"
6565.0,2010-09-01T00:00:00.000000000,"[6.6919779777526855, 7.8140869140625, 7.440051078796387, 7.264033317565918]","[6.1727495193481445, 5.600637435913086, 5.2892045974731445, 4.813613414764404]"
6565.0,2010-12-01T00:00:00.000000000,"[7.8140869140625, 7.440051078796387, 7.264033317565918, 6.295939922332764]","[4.98681116104126, 4.3866729736328125, 3.961301326751709, 3.502788782119751]"
6565.0,2011-03-01T00:00:00.000000000,"[7.440051078796387, 7.264033317565918, 6.295939922332764, 8.12211799621582]","[5.9293012619018555, 5.355257034301758, 5.035110950469971, 4.583154678344727]"
6565.0,2011-06-01T00:00:00.000000000,"[7.264033317565918, 6.295939922332764, 8.12211799621582, 8.056110382080078]","[6.273958206176758, 5.883063316345215, 5.719684600830078, 5.458514213562012]"
6565.0,2011-09-01T00:00:00.000000000,"[6.295939922332764, 8.12211799621582, 8.056110382080078, 9.816282272338867]","[6.180728912353516, 5.646527290344238, 5.324028015136719, 4.930455684661865]"
6565.0,2011-12-01T00:00:00.000000000,"[8.12211799621582, 8.056110382080078, 9.816282272338867, 11.7744722366333]","[5.899380207061768, 5.452672958374023, 5.187572479248047, 4.900973320007324]"
6565.0,2012-03-01T00:00:00.000000000,"[8.056110382080078, 9.816282272338867, 11.7744722366333, 12.566550254821777]","[7.314058303833008, 7.127809524536133, 7.067614555358887, 7.014005661010742]"
6565.0,2012-06-01T00:00:00.000000000,"[9.816282272338867, 11.7744722366333, 12.566550254821777, 15.778861045837402]","[7.0820231437683105, 6.812587261199951, 6.688695907592773, 6.570001602172852]"
6565.0,2012-09-01T00:00:00.000000000,"[11.7744722366333, 12.566550254821777, 15.778861045837402, 17.09899139404297]","[8.796923637390137, 8.667115211486816, 8.690587043762207, 8.67756175994873]"
6565.0,2012-12-01T00:00:00.000000000,"[12.566550254821777, 15.778861045837402, 17.09899139404297, 17.69304847717285]","[9.888654708862305, 9.61426067352295, 9.619937896728516, 9.451364517211914]"
6565.0,2013-03-01T00:00:00.000000000,"[15.778861045837402, 17.09899139404297, 17.69304847717285, 18.06708526611328]","[10.20816421508789, 9.383671760559082, 8.971890449523926, 8.244241714477539]"
7154.0,2006-06-01T00:00:00.000000000,"[2.379558563232422, 2.2915501594543457, 1.7855008840560913, 1.5214751958847046]","[2.187774181365967, 2.1083428859710693, 2.0673253536224365, 2.0225472450256348]"
7154.0,2006-09-01T00:00:00.000000000,"[2.2915501594543457, 1.7855008840560913, 1.5214751958847046, 2.1375350952148438]","[2.1533329486846924, 2.1338796615600586, 2.1325855255126953, 2.1503138542175293]"
7154.0,2006-12-01T00:00:00.000000000,"[1.7855008840560913, 1.5214751958847046, 2.1375350952148438, 2.379558563232422]","[2.258974075317383, 2.2568373680114746, 2.261768102645874, 2.297492265701294]"
7154.0,2007-03-01T00:00:00.000000000,"[1.5214751958847046, 2.1375350952148438, 2.379558563232422, 2.181539297103882]","[2.11398983001709, 2.1154277324676514, 2.1102793216705322, 2.1488101482391357]"
7154.0,2007-06-01T00:00:00.000000000,"[2.1375350952148438, 2.379558563232422, 2.181539297103882, 2.0055222511291504]","[1.8696496486663818, 1.8905047178268433, 1.8944697380065918, 1.9617787599563599]"
7154.0,2007-09-01T00:00:00.000000000,"[2.379558563232422, 2.181539297103882, 2.0055222511291504, 2.4895694255828857]","[2.1426990032196045, 2.153639316558838, 2.1608738899230957, 2.2354063987731934]"
7154.0,2007-12-01T00:00:00.000000000,"[2.181539297103882, 2.0055222511291504, 2.4895694255828857, 2.8636057376861572]","[2.1893887519836426, 2.193614959716797, 2.1986377239227295, 2.2502288818359375]"
7154.0,2008-03-01T00:00:00.000000000,"[2.0055222511291504, 2.4895694255828857, 2.8636057376861572, 2.4455649852752686]","[2.286282777786255, 2.2869622707366943, 2.2855918407440186, 2.3153059482574463]"
7154.0,2008-06-01T00:00:00.000000000,"[2.4895694255828857, 2.8636057376861572, 2.4455649852752686, 2.533573627471924]","[2.211399555206299, 2.2134828567504883, 2.2102761268615723, 2.2419509887695312]"
7154.0,2008-09-01T00:00:00.000000000,"[2.8636057376861572, 2.4455649852752686, 2.533573627471924, 3.1056292057037354]","[2.475031614303589, 2.4685733318328857, 2.4770421981811523, 2.49029278755188]"
7154.0,2008-12-01T00:00:00.000000000,"[2.4455649852752686, 2.533573627471924, 3.1056292057037354, 3.171635627746582]","[2.5630898475646973, 2.5556020736694336, 2.567225933074951, 2.580622911453247]"
7154.0,2009-03-01T00:00:00.000000000,"[2.533573627471924, 3.1056292057037354, 3.171635627746582, 3.0616250038146973]","[2.558462142944336, 2.5459792613983154, 2.556452989578247, 2.5628581047058105]"
7154.0,2009-06-01T00:00:00.000000000,"[3.1056292057037354, 3.171635627746582, 3.0616250038146973, 3.2376420497894287]","[2.5936520099639893, 2.5564122200012207, 2.551645517349243, 2.530808448791504]"
7154.0,2009-09-01T00:00:00.000000000,"[3.171635627746582, 3.0616250038146973, 3.2376420497894287, 3.677685022354126]","[2.7595925331115723, 2.6955206394195557, 2.6825456619262695, 2.6309456825256348]"
7154.0,2009-12-01T00:00:00.000000000,"[3.0616250038146973, 3.2376420497894287, 3.677685022354126, 3.919708251953125]","[2.8029985427856445, 2.778323173522949, 2.775939702987671, 2.7669215202331543]"
7154.0,2010-03-01T00:00:00.000000000,"[3.2376420497894287, 3.677685022354126, 3.919708251953125, 3.633680582046509]","[2.777531147003174, 2.7431020736694336, 2.7289297580718994, 2.71323823928833]"
7154.0,2010-06-01T00:00:00.000000000,"[3.677685022354126, 3.919708251953125, 3.633680582046509, 3.21563982963562]","[2.8926424980163574, 2.8440520763397217, 2.832076072692871, 2.7988333702087402]"
7154.0,2010-09-01T00:00:00.000000000,"[3.919708251953125, 3.633680582046509, 3.21563982963562, 3.8096976280212402]","[3.0858025550842285, 2.959789752960205, 2.9083824157714844, 2.7944676876068115]"
7154.0,2010-12-01T00:00:00.000000000,"[3.633680582046509, 3.21563982963562, 3.8096976280212402, 3.9417104721069336]","[3.1436047554016113, 3.0609917640686035, 3.026214122772217, 2.96187162399292]"
7154.0,2011-03-01T00:00:00.000000000,"[3.21563982963562, 3.8096976280212402, 3.9417104721069336, 3.633680582046509]","[3.2519400119781494, 3.094874382019043, 3.0177817344665527, 2.8766655921936035]"
7154.0,2011-06-01T00:00:00.000000000,"[3.8096976280212402, 3.9417104721069336, 3.633680582046509, 2.533573627471924]","[3.1595077514648438, 2.997901439666748, 2.9117236137390137, 2.7700467109680176]"
7154.0,2011-09-01T00:00:00.000000000,"[3.9417104721069336, 3.633680582046509, 2.533573627471924, 0.7514004111289978]","[3.2483510971069336, 3.1144332885742188, 3.0493545532226562, 2.936866521835327]"
7154.0,2011-12-01T00:00:00.000000000,"[3.633680582046509, 2.533573627471924, 0.7514004111289978, 4.18373441696167]","[3.4504950046539307, 3.3291282653808594, 3.2692551612854004, 3.192079544067383]"
7154.0,2012-03-01T00:00:00.000000000,"[2.533573627471924, 0.7514004111289978, 4.18373441696167, 3.0396230220794678]","[3.3182125091552734, 3.1402640342712402, 3.0256876945495605, 2.8718318939208984]"
7154.0,2012-06-01T00:00:00.000000000,"[0.7514004111289978, 4.18373441696167, 3.0396230220794678, 3.523669719696045]","[2.83011794090271, 2.6955792903900146, 2.6002132892608643, 2.49038028717041]"
7154.0,2012-09-01T00:00:00.000000000,"[4.18373441696167, 3.0396230220794678, 3.523669719696045, 4.513765811920166]","[1.8841782808303833, 2.0173797607421875, 2.170830726623535, 2.261409282684326]"
7154.0,2012-12-01T00:00:00.000000000,"[3.0396230220794678, 3.523669719696045, 4.513765811920166, 5.371849536895752]","[3.0206942558288574, 3.062807083129883, 3.0780458450317383, 3.271165370941162]"
7154.0,2013-03-01T00:00:00.000000000,"[3.523669719696045, 4.513765811920166, 5.371849536895752, 4.20573616027832]","[3.246248245239258, 3.2260918617248535, 3.258237361907959, 3.283907175064087]"
7257.0,2006-06-01T00:00:00.000000000,"[1.1694409847259521, 1.279451608657837, 1.2134451866149902, 1.1694409847259521]","[1.2710845470428467, 1.2757850885391235, 1.2740206718444824, 1.3034837245941162]"
7257.0,2006-09-01T00:00:00.000000000,"[1.279451608657837, 1.2134451866149902, 1.1694409847259521, 1.1914430856704712]","[1.2560687065124512, 1.26261305809021, 1.2733646631240845, 1.287423849105835]"
7257.0,2006-12-01T00:00:00.000000000,"[1.2134451866149902, 1.1694409847259521, 1.1914430856704712, 1.4114645719528198]","[1.2790212631225586, 1.27804696559906, 1.2794831991195679, 1.2948681116104126]"
7257.0,2007-03-01T00:00:00.000000000,"[1.1694409847259521, 1.1914430856704712, 1.4114645719528198, 1.3454581499099731]","[1.3307249546051025, 1.32863187789917, 1.3319088220596313, 1.3442862033843994]"
7257.0,2007-06-01T00:00:00.000000000,"[1.1914430856704712, 1.4114645719528198, 1.3454581499099731, 1.2574495077133179]","[1.256043791770935, 1.2604200839996338, 1.2614809274673462, 1.279160737991333]"
7257.0,2007-09-01T00:00:00.000000000,"[1.4114645719528198, 1.3454581499099731, 1.2574495077133179, 1.3454581499099731]","[1.1989986896514893, 1.2181411981582642, 1.2308775186538696, 1.2692158222198486]"
7257.0,2007-12-01T00:00:00.000000000,"[1.3454581499099731, 1.2574495077133179, 1.3454581499099731, 1.6534881591796875]","[1.3667360544204712, 1.3680588006973267, 1.3698846101760864, 1.386895775794983]"
7257.0,2008-03-01T00:00:00.000000000,"[1.2574495077133179, 1.3454581499099731, 1.6534881591796875, 1.2574495077133179]","[1.3453869819641113, 1.3434501886367798, 1.3464769124984741, 1.3527474403381348]"
7257.0,2008-06-01T00:00:00.000000000,"[1.3454581499099731, 1.6534881591796875, 1.2574495077133179, 1.2354472875595093]","[1.300394058227539, 1.3018066883087158, 1.3005168437957764, 1.3116085529327393]"
7257.0,2008-09-01T00:00:00.000000000,"[1.6534881591796875, 1.2574495077133179, 1.2354472875595093, 1.5214751958847046]","[1.3153499364852905, 1.316462516784668, 1.3158000707626343, 1.3274147510528564]"
7257.0,2008-12-01T00:00:00.000000000,"[1.2574495077133179, 1.2354472875595093, 1.5214751958847046, 1.7414965629577637]","[1.4767074584960938, 1.4741313457489014, 1.4806164503097534, 1.4867920875549316]"
7257.0,2009-03-01T00:00:00.000000000,"[1.2354472875595093, 1.5214751958847046, 1.7414965629577637, 1.455468773841858]","[1.371075987815857, 1.370405912399292, 1.3719031810760498, 1.3799819946289062]"
7257.0,2009-06-01T00:00:00.000000000,"[1.5214751958847046, 1.7414965629577637, 1.455468773841858, 1.6094835996627808]","[1.3128750324249268, 1.316977620124817, 1.3182207345962524, 1.3289599418640137]"
7257.0,2009-09-01T00:00:00.000000000,"[1.7414965629577637, 1.455468773841858, 1.6094835996627808, 1.6314857006072998]","[1.453192114830017, 1.4480059146881104, 1.457279086112976, 1.4596965312957764]"
7257.0,2009-12-01T00:00:00.000000000,"[1.455468773841858, 1.6094835996627808, 1.6314857006072998, 1.9175138473510742]","[1.5042634010314941, 1.5011177062988281, 1.5053889751434326, 1.5088306665420532]"
7257.0,2010-03-01T00:00:00.000000000,"[1.6094835996627808, 1.6314857006072998, 1.9175138473510742, 1.5874814987182617]","[1.483045220375061, 1.4614533185958862, 1.4524985551834106, 1.43825101852417]"
7257.0,2010-06-01T00:00:00.000000000,"[1.6314857006072998, 1.9175138473510742, 1.5874814987182617, 1.9835201501846313]","[1.5133742094039917, 1.4866036176681519, 1.4734749794006348, 1.4530839920043945]"
7257.0,2010-09-01T00:00:00.000000000,"[1.9175138473510742, 1.5874814987182617, 1.9835201501846313, 2.1595370769500732]","[1.506723403930664, 1.4840261936187744, 1.4778738021850586, 1.4630521535873413]"
7257.0,2010-12-01T00:00:00.000000000,"[1.5874814987182617, 1.9835201501846313, 2.1595370769500732, 2.621582269668579]","[1.6079084873199463, 1.5900235176086426, 1.5825889110565186, 1.5714375972747803]"
7257.0,2011-03-01T00:00:00.000000000,"[1.9835201501846313, 2.1595370769500732, 2.621582269668579, 1.8515071868896484]","[1.5633111000061035, 1.5129178762435913, 1.483215093612671, 1.440612554550171]"
7257.0,2011-06-01T00:00:00.000000000,"[2.1595370769500732, 2.621582269668579, 1.8515071868896484, 2.5995800495147705]","[1.6871417760849, 1.6394915580749512, 1.6151123046875, 1.5744000673294067]"
7257.0,2011-09-01T00:00:00.000000000,"[2.621582269668579, 1.8515071868896484, 2.5995800495147705, 2.313552141189575]","[1.8236740827560425, 1.7884209156036377, 1.7873541116714478, 1.7527711391448975]"
7257.0,2011-12-01T00:00:00.000000000,"[1.8515071868896484, 2.5995800495147705, 2.313552141189575, 3.127631425857544]","[1.9649401903152466, 1.924915075302124, 1.9144010543823242, 1.8823106288909912]"
7257.0,2012-03-01T00:00:00.000000000,"[2.5995800495147705, 2.313552141189575, 3.127631425857544, 2.2035415172576904]","[1.7863526344299316, 1.7041525840759277, 1.6603158712387085, 1.5918920040130615]"
7257.0,2012-06-01T00:00:00.000000000,"[2.313552141189575, 3.127631425857544, 2.2035415172576904, 2.379558563232422]","[2.0101165771484375, 1.9515200853347778, 1.9310967922210693, 1.8817726373672485]"
7257.0,2012-09-01T00:00:00.000000000,"[3.127631425857544, 2.2035415172576904, 2.379558563232422, 2.181539297103882]","[2.049220561981201, 1.959549069404602, 1.9272092580795288, 1.8509230613708496]"
7257.0,2012-12-01T00:00:00.000000000,"[2.2035415172576904, 2.379558563232422, 2.181539297103882, 3.1496336460113525]","[2.288215160369873, 2.2254538536071777, 2.2028918266296387, 2.1520981788635254]"
7257.0,2013-03-01T00:00:00.000000000,"[2.379558563232422, 2.181539297103882, 3.1496336460113525, 3.259644031524658]","[2.090087413787842, 1.981994390487671, 1.9280072450637817, 1.8409521579742432]"
7343.0,2006-06-01T00:00:00.000000000,"[1.0374282598495483, 1.103434681892395, 1.4334666728973389, 1.0814324617385864]","[0.46702611446380615, 0.24366998672485352, 0.1564723253250122, -0.04490095376968384]"
7343.0,2006-09-01T00:00:00.000000000,"[1.103434681892395, 1.4334666728973389, 1.0814324617385864, 0.4873746931552887]","[0.41059041023254395, 0.17676901817321777, 0.06002908945083618, -0.14507794380187988]"
7343.0,2006-12-01T00:00:00.000000000,"[1.4334666728973389, 1.0814324617385864, 0.4873746931552887, 0.11333828419446945]","[0.40000754594802856, 0.2020953893661499, 0.09013241529464722, -0.07214975357055664]"
7343.0,2007-03-01T00:00:00.000000000,"[1.0814324617385864, 0.4873746931552887, 0.11333828419446945, -0.1726895570755005]","[0.5955104827880859, 0.41984450817108154, 0.3311903476715088, 0.19299542903900146]"
7343.0,2007-06-01T00:00:00.000000000,"[0.4873746931552887, 0.11333828419446945, -0.1726895570755005, -0.8107516169548035]","[0.5984057188034058, 0.2625507712364197, 0.06827467679977417, -0.23105564713478088]"
7343.0,2007-09-01T00:00:00.000000000,"[0.11333828419446945, -0.1726895570755005, -0.8107516169548035, -0.8767580389976501]","[0.4338521957397461, 0.2161218523979187, 0.07724779844284058, -0.09277012944221497]"
7343.0,2007-12-01T00:00:00.000000000,"[-0.1726895570755005, -0.8107516169548035, -0.8767580389976501, -0.8107516169548035]","[0.2715166211128235, 0.09215348958969116, -0.0231015682220459, -0.1484149992465973]"
7343.0,2008-03-01T00:00:00.000000000,"[-0.8107516169548035, -0.8767580389976501, -0.8107516169548035, 0.003327556187286973]","[0.14283251762390137, 0.06496655941009521, 0.012007594108581543, 0.0011357665061950684]"
7343.0,2008-06-01T00:00:00.000000000,"[-0.8767580389976501, -0.8107516169548035, 0.003327556187286973, 1.279451608657837]","[-0.5047004222869873, -0.4363774061203003, -0.3836762309074402, -0.2869153618812561]"
7343.0,2008-09-01T00:00:00.000000000,"[-0.8107516169548035, 0.003327556187286973, 1.279451608657837, 2.8636057376861572]","[-0.7654625177383423, -0.6927298307418823, -0.6443954706192017, -0.5491176247596741]"
7343.0,2008-12-01T00:00:00.000000000,"[0.003327556187286973, 1.279451608657837, 2.8636057376861572, 3.7436912059783936]","[-0.8047714233398438, -0.7383775115013123, -0.6840969324111938, -0.5923858880996704]"
7343.0,2009-03-01T00:00:00.000000000,"[1.279451608657837, 2.8636057376861572, 3.7436912059783936, 4.689783573150635]","[-0.29169368743896484, -0.27594834566116333, -0.299676775932312, -0.20427337288856506]"
7343.0,2009-06-01T00:00:00.000000000,"[2.8636057376861572, 3.7436912059783936, 4.689783573150635, 5.503862380981445]","[0.5159494876861572, 0.5073265433311462, 0.520361065864563, 0.5709201097488403]"
7343.0,2009-09-01T00:00:00.000000000,"[3.7436912059783936, 4.689783573150635, 5.503862380981445, 6.229933261871338]","[1.5335850715637207, 1.5066139698028564, 1.5407816171646118, 1.5525357723236084]"
7343.0,2009-12-01T00:00:00.000000000,"[4.689783573150635, 5.503862380981445, 6.229933261871338, 7.066014289855957]","[2.4635138511657715, 2.278127431869507, 2.2651467323303223, 2.038695812225342]"
7343.0,2010-03-01T00:00:00.000000000,"[5.503862380981445, 6.229933261871338, 7.066014289855957, 5.833894729614258]","[2.941047430038452, 2.637208938598633, 2.548802137374878, 2.202906847000122]"
7343.0,2010-06-01T00:00:00.000000000,"[6.229933261871338, 7.066014289855957, 5.833894729614258, 3.0616250038146973]","[2.805117607116699, 2.4863998889923096, 2.3430607318878174, 2.060335636138916]"
7343.0,2010-09-01T00:00:00.000000000,"[7.066014289855957, 5.833894729614258, 3.0616250038146973, 1.6094835996627808]","[3.3969035148620605, 2.818732261657715, 2.540210247039795, 2.0112316608428955]"
7343.0,2010-12-01T00:00:00.000000000,"[5.833894729614258, 3.0616250038146973, 1.6094835996627808, 0.5313789248466492]","[4.002684593200684, 3.1076371669769287, 2.6274619102478027, 1.7804172039031982]"
7343.0,2011-03-01T00:00:00.000000000,"[3.0616250038146973, 1.6094835996627808, 0.5313789248466492, 0.35536178946495056]","[3.892648696899414, 2.943861484527588, 2.389488458633423, 1.5052036046981812]"
7343.0,2011-06-01T00:00:00.000000000,"[1.6094835996627808, 0.5313789248466492, 0.35536178946495056, 0.2893553674221039]","[3.125263214111328, 2.535799741744995, 2.1580843925476074, 1.6750972270965576]"
7343.0,2011-09-01T00:00:00.000000000,"[0.5313789248466492, 0.35536178946495056, 0.2893553674221039, 1.103434681892395]","[2.400878667831421, 1.9284086227416992, 1.5956904888153076, 1.2711248397827148]"
7343.0,2011-12-01T00:00:00.000000000,"[0.35536178946495056, 0.2893553674221039, 1.103434681892395, 1.6754902601242065]","[1.7351984977722168, 1.7437653541564941, 1.730089545249939, 1.9157711267471313]"
7343.0,2012-03-01T00:00:00.000000000,"[0.2893553674221039, 1.103434681892395, 1.6754902601242065, 1.0154259204864502]","[1.0323337316513062, 1.115936040878296, 1.1623070240020752, 1.375091552734375]"
7343.0,2012-06-01T00:00:00.000000000,"[1.103434681892395, 1.6754902601242065, 1.0154259204864502, 1.455468773841858]","[0.6099258661270142, 0.747614860534668, 0.8542117476463318, 1.0652930736541748]"
7343.0,2012-09-01T00:00:00.000000000,"[1.6754902601242065, 1.0154259204864502, 1.455468773841858, 3.4356613159179688]","[1.0449708700180054, 1.137641191482544, 1.1310309171676636, 1.3605133295059204]"
7343.0,2012-12-01T00:00:00.000000000,"[1.0154259204864502, 1.455468773841858, 3.4356613159179688, 4.623776912689209]","[2.175980567932129, 2.1997032165527344, 2.197937250137329, 2.366637945175171]"
7343.0,2013-03-01T00:00:00.000000000,"[1.455468773841858, 3.4356613159179688, 4.623776912689209, 4.051721572875977]","[1.7871371507644653, 1.8624141216278076, 1.8979816436767578, 2.0765953063964844]"
7435.0,2006-06-01T00:00:00.000000000,"[3.5016677379608154, 3.6556828022003174, 3.281646251678467, 3.5896763801574707]","[3.0187251567840576, 2.9876575469970703, 2.9874534606933594, 2.9756128787994385]"
7435.0,2006-09-01T00:00:00.000000000,"[3.6556828022003174, 3.281646251678467, 3.5896763801574707, 3.7436912059783936]","[3.178149461746216, 3.1455788612365723, 3.1617298126220703, 3.1482715606689453]"
7435.0,2006-12-01T00:00:00.000000000,"[3.281646251678467, 3.5896763801574707, 3.7436912059783936, 3.8096976280212402]","[3.2792603969573975, 3.228071451187134, 3.21677303314209, 3.1833949089050293]"
7435.0,2007-03-01T00:00:00.000000000,"[3.5896763801574707, 3.7436912059783936, 3.8096976280212402, 2.9516141414642334]","[3.23775053024292, 3.15020489692688, 3.1185169219970703, 3.0516443252563477]"
7435.0,2007-06-01T00:00:00.000000000,"[3.7436912059783936, 3.8096976280212402, 2.9516141414642334, 3.8096976280212402]","[3.327998161315918, 3.2723796367645264, 3.2591476440429688, 3.225126266479492]"
7435.0,2007-09-01T00:00:00.000000000,"[3.8096976280212402, 2.9516141414642334, 3.8096976280212402, 3.875704050064087]","[3.4238739013671875, 3.377810001373291, 3.3828678131103516, 3.3595216274261475]"
7435.0,2007-12-01T00:00:00.000000000,"[2.9516141414642334, 3.8096976280212402, 3.875704050064087, 4.029719352722168]","[3.4961166381835938, 3.4445106983184814, 3.4308080673217773, 3.4011213779449463]"
7435.0,2008-03-01T00:00:00.000000000,"[3.8096976280212402, 3.875704050064087, 4.029719352722168, 3.4356613159179688]","[3.2530221939086914, 3.1904897689819336, 3.16245436668396, 3.13075590133667]"
7435.0,2008-06-01T00:00:00.000000000,"[3.875704050064087, 4.029719352722168, 3.4356613159179688, 4.051721572875977]","[3.5376932621002197, 3.525404453277588, 3.545222520828247, 3.558534860610962]"
7435.0,2008-09-01T00:00:00.000000000,"[4.029719352722168, 3.4356613159179688, 4.051721572875977, 4.2497406005859375]","[3.653909683227539, 3.6335573196411133, 3.6651387214660645, 3.671065092086792]"
7435.0,2008-12-01T00:00:00.000000000,"[3.4356613159179688, 4.051721572875977, 4.2497406005859375, 4.42575740814209]","[3.738223075866699, 3.7111401557922363, 3.7100634574890137, 3.7079110145568848]"
7435.0,2009-03-01T00:00:00.000000000,"[4.051721572875977, 4.2497406005859375, 4.42575740814209, 3.919708251953125]","[3.6261215209960938, 3.560718297958374, 3.542428731918335, 3.5067014694213867]"
7435.0,2009-06-01T00:00:00.000000000,"[4.2497406005859375, 4.42575740814209, 3.919708251953125, 4.7997941970825195]","[3.8589017391204834, 3.827749013900757, 3.8391051292419434, 3.8345696926116943]"
7435.0,2009-09-01T00:00:00.000000000,"[4.42575740814209, 3.919708251953125, 4.7997941970825195, 4.9978132247924805]","[3.9761743545532227, 3.956693172454834, 3.988981008529663, 3.997326374053955]"
7435.0,2009-12-01T00:00:00.000000000,"[3.919708251953125, 4.7997941970825195, 4.9978132247924805, 4.975811004638672]","[4.079346656799316, 4.0522661209106445, 4.057068824768066, 4.056463241577148]"
7435.0,2010-03-01T00:00:00.000000000,"[4.7997941970825195, 4.9978132247924805, 4.975811004638672, 4.381753444671631]","[3.985222101211548, 3.916377305984497, 3.8968756198883057, 3.8574600219726562]"
7435.0,2010-06-01T00:00:00.000000000,"[4.9978132247924805, 4.975811004638672, 4.381753444671631, 4.20573616027832]","[4.259279727935791, 4.222362518310547, 4.234362602233887, 4.219018936157227]"
7435.0,2010-09-01T00:00:00.000000000,"[4.975811004638672, 4.381753444671631, 4.20573616027832, 4.139729976654053]","[4.41072940826416, 4.357081413269043, 4.373173236846924, 4.342629432678223]"
7435.0,2010-12-01T00:00:00.000000000,"[4.381753444671631, 4.20573616027832, 4.139729976654053, 4.975811004638672]","[4.481266021728516, 4.390442848205566, 4.35614538192749, 4.2888264656066895]"
7435.0,2011-03-01T00:00:00.000000000,"[4.20573616027832, 4.139729976654053, 4.975811004638672, 4.029719352722168]","[4.380166053771973, 4.257236003875732, 4.208521842956543, 4.113687515258789]"
7435.0,2011-06-01T00:00:00.000000000,"[4.139729976654053, 4.975811004638672, 4.029719352722168, 4.051721572875977]","[4.249970436096191, 4.197659492492676, 4.176760196685791, 4.158608436584473]"
7435.0,2011-09-01T00:00:00.000000000,"[4.975811004638672, 4.029719352722168, 4.051721572875977, 3.21563982963562]","[4.215002059936523, 4.205361843109131, 4.22055196762085, 4.251209259033203]"
7435.0,2011-12-01T00:00:00.000000000,"[4.029719352722168, 4.051721572875977, 3.21563982963562, 4.645779132843018]","[4.601088523864746, 4.597975730895996, 4.618940830230713, 4.667942047119141]"
7435.0,2012-03-01T00:00:00.000000000,"[4.051721572875977, 3.21563982963562, 4.645779132843018, 4.535768508911133]","[4.423327922821045, 4.41038703918457, 4.432034969329834, 4.455129623413086]"
7435.0,2012-06-01T00:00:00.000000000,"[3.21563982963562, 4.645779132843018, 4.535768508911133, 5.3938517570495605]","[4.2972822189331055, 4.297776222229004, 4.295499324798584, 4.334049701690674]"
7435.0,2012-09-01T00:00:00.000000000,"[4.645779132843018, 4.535768508911133, 5.3938517570495605, 4.9978132247924805]","[3.6577560901641846, 3.7005884647369385, 3.7487385272979736, 3.823765516281128]"
7435.0,2012-12-01T00:00:00.000000000,"[4.535768508911133, 5.3938517570495605, 4.9978132247924805, 4.689783573150635]","[4.30159854888916, 4.333933353424072, 4.336434841156006, 4.472142219543457]"
7435.0,2013-03-01T00:00:00.000000000,"[5.3938517570495605, 4.9978132247924805, 4.689783573150635, 4.381753444671631]","[4.662604808807373, 4.637333869934082, 4.6756911277771, 4.679582118988037]"
7906.0,2006-06-01T00:00:00.000000000,"[0.15734252333641052, 0.4983757734298706, 0.11333828419446945, 0.27835431694984436]","[0.0470544695854187, 0.02824096381664276, 0.016050323843955994, 0.00758303701877594]"
7906.0,2006-09-01T00:00:00.000000000,"[0.4983757734298706, 0.11333828419446945, 0.27835431694984436, 0.37736397981643677]","[0.09314653277397156, 0.07681411504745483, 0.07810923457145691, 0.06716717779636383]"
7906.0,2006-12-01T00:00:00.000000000,"[0.11333828419446945, 0.27835431694984436, 0.37736397981643677, 0.7734025120735168]","[0.22044213116168976, 0.20768626034259796, 0.2070322185754776, 0.19987444579601288]"
7906.0,2007-03-01T00:00:00.000000000,"[0.27835431694984436, 0.37736397981643677, 0.7734025120735168, 0.2893553674221039]","[0.14781111478805542, 0.11473946273326874, 0.10444103181362152, 0.07821103930473328]"
7906.0,2007-06-01T00:00:00.000000000,"[0.37736397981643677, 0.7734025120735168, 0.2893553674221039, 0.5093768239021301]","[0.17469601333141327, 0.15252523124217987, 0.11927653849124908, 0.10504759848117828]"
7906.0,2007-09-01T00:00:00.000000000,"[0.7734025120735168, 0.2893553674221039, 0.5093768239021301, 0.37736397981643677]","[0.2124222218990326, 0.20016422867774963, 0.20845216512680054, 0.20402371883392334]"
7906.0,2007-12-01T00:00:00.000000000,"[0.2893553674221039, 0.5093768239021301, 0.37736397981643677, 0.9054153561592102]","[0.3686016798019409, 0.3539706766605377, 0.358180433511734, 0.3506208658218384]"
7906.0,2008-03-01T00:00:00.000000000,"[0.5093768239021301, 0.37736397981643677, 0.9054153561592102, 0.3993660807609558]","[0.2766708731651306, 0.230129674077034, 0.21217834949493408, 0.1750672161579132]"
7906.0,2008-06-01T00:00:00.000000000,"[0.37736397981643677, 0.9054153561592102, 0.3993660807609558, 0.7954046130180359]","[0.27451616525650024, 0.23059973120689392, 0.20535296201705933, 0.17179033160209656]"
7906.0,2008-09-01T00:00:00.000000000,"[0.9054153561592102, 0.3993660807609558, 0.7954046130180359, 0.6193875670433044]","[0.3162260949611664, 0.282216876745224, 0.26985737681388855, 0.24591884016990662]"
7906.0,2008-12-01T00:00:00.000000000,"[0.3993660807609558, 0.7954046130180359, 0.6193875670433044, 0.553381085395813]","[0.5117093920707703, 0.4913092255592346, 0.4809545874595642, 0.48179054260253906]"
7906.0,2009-03-01T00:00:00.000000000,"[0.7954046130180359, 0.6193875670433044, 0.553381085395813, 0.3113575577735901]","[0.3727293908596039, 0.31808245182037354, 0.29345470666885376, 0.2514480948448181]"
7906.0,2009-06-01T00:00:00.000000000,"[0.6193875670433044, 0.553381085395813, 0.3113575577735901, 0.7954046130180359]","[0.5107403993606567, 0.47876429557800293, 0.46630340814590454, 0.44520366191864014]"
7906.0,2009-09-01T00:00:00.000000000,"[0.553381085395813, 0.3113575577735901, 0.7954046130180359, 0.8174067735671997]","[0.47348490357398987, 0.46599289774894714, 0.47687828540802, 0.4844825863838196]"
7906.0,2009-12-01T00:00:00.000000000,"[0.3113575577735901, 0.7954046130180359, 0.8174067735671997, 0.7734025120735168]","[0.4547976851463318, 0.4546712636947632, 0.45067745447158813, 0.46656471490859985]"
7906.0,2010-03-01T00:00:00.000000000,"[0.7954046130180359, 0.8174067735671997, 0.7734025120735168, 0.44337034225463867]","[0.43624213337898254, 0.43418413400650024, 0.4382241368293762, 0.4536939561367035]"
7906.0,2010-06-01T00:00:00.000000000,"[0.8174067735671997, 0.7734025120735168, 0.44337034225463867, 0.7954046130180359]","[0.6147040128707886, 0.6042215824127197, 0.6103445291519165, 0.622772216796875]"
7906.0,2010-09-01T00:00:00.000000000,"[0.7734025120735168, 0.44337034225463867, 0.7954046130180359, 0.6633917689323425]","[0.6956612467765808, 0.6679649353027344, 0.6661957502365112, 0.6444858312606812]"
7906.0,2010-12-01T00:00:00.000000000,"[0.44337034225463867, 0.7954046130180359, 0.6633917689323425, 1.1914430856704712]","[0.6840099096298218, 0.6488016843795776, 0.6241089105606079, 0.595067024230957]"
7906.0,2011-03-01T00:00:00.000000000,"[0.7954046130180359, 0.6633917689323425, 1.1914430856704712, 0.8394088745117188]","[0.5417969226837158, 0.4984535574913025, 0.47236770391464233, 0.44602155685424805]"
7906.0,2011-06-01T00:00:00.000000000,"[0.6633917689323425, 1.1914430856704712, 0.8394088745117188, 1.0154259204864502]","[0.6933776140213013, 0.6812986135482788, 0.6861658096313477, 0.6894183158874512]"
7906.0,2011-09-01T00:00:00.000000000,"[1.1914430856704712, 0.8394088745117188, 1.0154259204864502, -1.8228501081466675]","[0.7526206374168396, 0.7415671348571777, 0.758266031742096, 0.7608073949813843]"
7906.0,2011-12-01T00:00:00.000000000,"[0.8394088745117188, 1.0154259204864502, -1.8228501081466675, 1.3894624710083008]","[0.9280643463134766, 0.9242857694625854, 0.9367818832397461, 0.9535717964172363]"
7906.0,2012-03-01T00:00:00.000000000,"[1.0154259204864502, -1.8228501081466675, 1.3894624710083008, 1.0154259204864502]","[0.8157485127449036, 0.7665086984634399, 0.7430895566940308, 0.7074605226516724]"
7906.0,2012-06-01T00:00:00.000000000,"[-1.8228501081466675, 1.3894624710083008, 1.0154259204864502, 1.279451608657837]","[0.8591223955154419, 0.8084850907325745, 0.7800837159156799, 0.7426362037658691]"
7906.0,2012-09-01T00:00:00.000000000,"[1.3894624710083008, 1.0154259204864502, 1.279451608657837, 1.3454581499099731]","[-0.28681445121765137, -0.16939210891723633, -0.031465500593185425, 0.03879997134208679]"
7906.0,2012-12-01T00:00:00.000000000,"[1.0154259204864502, 1.279451608657837, 1.3454581499099731, 1.8515071868896484]","[0.4731656610965729, 0.5275044441223145, 0.5144618153572083, 0.7673999667167664]"
7906.0,2013-03-01T00:00:00.000000000,"[1.279451608657837, 1.3454581499099731, 1.8515071868896484, 1.125436782836914]","[1.0530837774276733, 0.9881808757781982, 1.0542173385620117, 1.024181842803955]"
7977.0,2006-03-01T00:00:00.000000000,"[0.15734252333641052, 0.9054153561592102, 0.15734252333641052, 0.3113575577735901]","[0.38306108117103577, 0.38580435514450073, 0.3872966766357422, 0.4163319170475006]"
7977.0,2006-06-01T00:00:00.000000000,"[0.9054153561592102, 0.15734252333641052, 0.3113575577735901, 0.15734252333641052]","[0.2999618649482727, 0.293521523475647, 0.30444616079330444, 0.3219127953052521]"
7977.0,2006-09-01T00:00:00.000000000,"[0.15734252333641052, 0.3113575577735901, 0.15734252333641052, 1.147438883781433]","[0.505970299243927, 0.5121049880981445, 0.5115801095962524, 0.54671710729599]"
7977.0,2006-12-01T00:00:00.000000000,"[0.3113575577735901, 0.15734252333641052, 1.147438883781433, 0.20134682953357697]","[0.2678074836730957, 0.2636842131614685, 0.2580370306968689, 0.2801644504070282]"
7977.0,2007-03-01T00:00:00.000000000,"[0.15734252333641052, 1.147438883781433, 0.20134682953357697, 0.33335965871810913]","[0.3048154413700104, 0.29449665546417236, 0.2728443443775177, 0.28629544377326965]"
7977.0,2007-06-01T00:00:00.000000000,"[1.147438883781433, 0.20134682953357697, 0.33335965871810913, 0.15734252333641052]","[0.2133152335882187, 0.21887175738811493, 0.23946498334407806, 0.254484087228775]"
7977.0,2007-09-01T00:00:00.000000000,"[0.20134682953357697, 0.33335965871810913, 0.15734252333641052, 1.279451608657837]","[0.542101263999939, 0.560960054397583, 0.5557483434677124, 0.676598310470581]"
7977.0,2007-12-01T00:00:00.000000000,"[0.33335965871810913, 0.15734252333641052, 1.279451608657837, 0.2893553674221039]","[0.45707109570503235, 0.4365438222885132, 0.4266875088214874, 0.4286440908908844]"
7977.0,2008-03-01T00:00:00.000000000,"[0.15734252333641052, 1.279451608657837, 0.2893553674221039, 0.33335965871810913]","[0.4135452210903168, 0.3990399241447449, 0.36192718148231506, 0.38406136631965637]"
7977.0,2008-09-01T00:00:00.000000000,"[1.279451608657837, 0.2893553674221039, 0.33335965871810913, 0.2893553674221039]","[0.3501516580581665, 0.3079041838645935, 0.3418842852115631, 0.33641499280929565]"
7977.0,2008-12-01T00:00:00.000000000,"[0.2893553674221039, 0.33335965871810913, 0.2893553674221039, 1.4334666728973389]","[0.5854753255844116, 0.611424446105957, 0.6066097021102905, 0.721706748008728]"
7977.0,2009-03-01T00:00:00.000000000,"[0.33335965871810913, 0.2893553674221039, 1.4334666728973389, 0.2233489453792572]","[0.5842815637588501, 0.5823216438293457, 0.6076952815055847, 0.6180867552757263]"
7977.0,2009-06-01T00:00:00.000000000,"[0.2893553674221039, 1.4334666728973389, 0.2233489453792572, 0.553381085395813]","[0.47720837593078613, 0.5026145577430725, 0.5061559677124023, 0.5605978965759277]"
7977.0,2009-09-01T00:00:00.000000000,"[1.4334666728973389, 0.2233489453792572, 0.553381085395813, 0.44337034225463867]","[0.4288904666900635, 0.4134703576564789, 0.4239637851715088, 0.4286012053489685]"
7977.0,2009-12-01T00:00:00.000000000,"[0.2233489453792572, 0.553381085395813, 0.44337034225463867, 1.4114645719528198]","[0.6103923320770264, 0.646700382232666, 0.6356491446495056, 0.8138410449028015]"
7977.0,2010-03-01T00:00:00.000000000,"[0.553381085395813, 0.44337034225463867, 1.4114645719528198, 0.2233489453792572]","[0.614568829536438, 0.609687328338623, 0.6371980905532837, 0.6496031284332275]"
7977.0,2010-06-01T00:00:00.000000000,"[0.44337034225463867, 1.4114645719528198, 0.2233489453792572, 0.6413896679878235]","[0.6583576202392578, 0.6656268835067749, 0.6599017381668091, 0.6961805820465088]"
7977.0,2010-09-01T00:00:00.000000000,"[1.4114645719528198, 0.2233489453792572, 0.6413896679878235, 0.3113575577735901]","[0.5942880511283875, 0.5821672677993774, 0.6040011644363403, 0.6190047860145569]"
7977.0,2010-12-01T00:00:00.000000000,"[0.2233489453792572, 0.6413896679878235, 0.3113575577735901, 1.5214751958847046]","[0.6770294904708862, 0.7174447774887085, 0.7072800993919373, 0.8429107666015625]"
7977.0,2011-03-01T00:00:00.000000000,"[0.6413896679878235, 0.3113575577735901, 1.5214751958847046, 0.5313789248466492]","[0.5543824434280396, 0.5533974170684814, 0.5762734413146973, 0.5993790626525879]"
7977.0,2011-06-01T00:00:00.000000000,"[0.3113575577735901, 1.5214751958847046, 0.5313789248466492, 0.5313789248466492]","[0.6103994846343994, 0.6137915253639221, 0.5978320837020874, 0.6416457891464233]"
7977.0,2011-09-01T00:00:00.000000000,"[1.5214751958847046, 0.5313789248466492, 0.5313789248466492, 0.4873746931552887]","[0.5187622904777527, 0.5182656645774841, 0.5236040949821472, 0.5558937191963196]"
7977.0,2011-12-01T00:00:00.000000000,"[0.5313789248466492, 0.5313789248466492, 0.4873746931552887, 1.8075029850006104]","[0.7437592148780823, 0.7897640466690063, 0.7762971520423889, 0.9379494190216064]"
7977.0,2012-03-01T00:00:00.000000000,"[0.5313789248466492, 0.4873746931552887, 1.8075029850006104, 0.4873746931552887]","[0.8463467359542847, 0.8364098072052002, 0.869645357131958, 0.8789846897125244]"
7977.0,2012-06-01T00:00:00.000000000,"[0.4873746931552887, 1.8075029850006104, 0.4873746931552887, 0.7734025120735168]","[0.7391704320907593, 0.736777663230896, 0.7293721437454224, 0.7509010434150696]"
7977.0,2012-09-01T00:00:00.000000000,"[1.8075029850006104, 0.4873746931552887, 0.7734025120735168, 0.575383186340332]","[0.6399670243263245, 0.615523099899292, 0.6227885484695435, 0.6254302263259888]"
7977.0,2012-12-01T00:00:00.000000000,"[0.4873746931552887, 0.7734025120735168, 0.575383186340332, 1.7855008840560913]","[0.8689013123512268, 0.9153008460998535, 0.9130021333694458, 1.0655155181884766]"
7977.0,2013-03-01T00:00:00.000000000,"[0.7734025120735168, 0.575383186340332, 1.7855008840560913, 0.575383186340332]","[0.7401365041732788, 0.7421602010726929, 0.7684956789016724, 0.7929317355155945]"
8402.0,2006-06-01T00:00:00.000000000,"[0.17934469878673553, 0.33335965871810913, 0.33335965871810913, 0.3113575577735901]","[0.22936540842056274, 0.21272969245910645, 0.20443227887153625, 0.19080767035484314]"
8402.0,2006-09-01T00:00:00.000000000,"[0.33335965871810913, 0.33335965871810913, 0.3113575577735901, 0.26735323667526245]","[0.20876885950565338, 0.20085972547531128, 0.19784033298492432, 0.19368910789489746]"
8402.0,2006-12-01T00:00:00.000000000,"[0.33335965871810913, 0.3113575577735901, 0.26735323667526245, 0.44337034225463867]","[0.2507150173187256, 0.2493787407875061, 0.251329630613327, 0.25310319662094116]"
8402.0,2007-03-01T00:00:00.000000000,"[0.3113575577735901, 0.26735323667526245, 0.44337034225463867, 0.44337034225463867]","[0.25259092450141907, 0.2378236949443817, 0.23204302787780762, 0.2204018086194992]"
8402.0,2007-06-01T00:00:00.000000000,"[0.26735323667526245, 0.44337034225463867, 0.44337034225463867, 0.2233489453792572]","[0.270020067691803, 0.252530038356781, 0.2426806092262268, 0.22802552580833435]"
8402.0,2007-09-01T00:00:00.000000000,"[0.44337034225463867, 0.44337034225463867, 0.2233489453792572, 0.37736397981643677]","[0.2418786585330963, 0.21684247255325317, 0.20342235267162323, 0.18216784298419952]"
8402.0,2007-12-01T00:00:00.000000000,"[0.44337034225463867, 0.2233489453792572, 0.37736397981643677, 0.6193875670433044]","[0.2903452515602112, 0.27750152349472046, 0.2726783752441406, 0.2658064365386963]"
8402.0,2008-03-01T00:00:00.000000000,"[0.2233489453792572, 0.37736397981643677, 0.6193875670433044, 0.5313789248466492]","[0.3222339153289795, 0.3005165457725525, 0.2928229570388794, 0.27481013536453247]"
8402.0,2008-06-01T00:00:00.000000000,"[0.37736397981643677, 0.6193875670433044, 0.5313789248466492, 0.5093768239021301]","[0.2369081676006317, 0.2120060920715332, 0.19224263727664948, 0.17354634404182434]"
8402.0,2008-09-01T00:00:00.000000000,"[0.6193875670433044, 0.5313789248466492, 0.5093768239021301, 0.4873746931552887]","[0.29005104303359985, 0.2729579210281372, 0.2658495008945465, 0.2543390393257141]"
8402.0,2008-12-01T00:00:00.000000000,"[0.5313789248466492, 0.5093768239021301, 0.4873746931552887, 0.6633917689323425]","[0.37969011068344116, 0.371440589427948, 0.3760310709476471, 0.37290799617767334]"
8402.0,2009-03-01T00:00:00.000000000,"[0.5093768239021301, 0.4873746931552887, 0.6633917689323425, 0.5973852872848511]","[0.40949535369873047, 0.3758343458175659, 0.3606012463569641, 0.33154428005218506]"
8402.0,2009-06-01T00:00:00.000000000,"[0.4873746931552887, 0.6633917689323425, 0.5973852872848511, 0.6853939294815063]","[0.424773246049881, 0.3871637284755707, 0.3663445711135864, 0.33363354206085205]"
8402.0,2009-09-01T00:00:00.000000000,"[0.6633917689323425, 0.5973852872848511, 0.6853939294815063, 0.6413896679878235]","[0.3956097662448883, 0.3585805296897888, 0.33772438764572144, 0.3072437047958374]"
8402.0,2009-12-01T00:00:00.000000000,"[0.5973852872848511, 0.6853939294815063, 0.6413896679878235, 0.7734025120735168]","[0.4580021798610687, 0.43199849128723145, 0.41841286420822144, 0.3986971378326416]"
8402.0,2010-03-01T00:00:00.000000000,"[0.6853939294815063, 0.6413896679878235, 0.7734025120735168, 0.7293981313705444]","[0.496110737323761, 0.45652127265930176, 0.43724197149276733, 0.4034271836280823]"
8402.0,2010-06-01T00:00:00.000000000,"[0.6413896679878235, 0.7734025120735168, 0.7293981313705444, 1.2574495077133179]","[0.5808101892471313, 0.5418959259986877, 0.5249398350715637, 0.4898751676082611]"
8402.0,2010-09-01T00:00:00.000000000,"[0.7734025120735168, 0.7293981313705444, 1.2574495077133179, 0.6853939294815063]","[0.535765528678894, 0.4921063780784607, 0.4719340205192566, 0.43547847867012024]"
8402.0,2010-12-01T00:00:00.000000000,"[0.7293981313705444, 1.2574495077133179, 0.6853939294815063, 0.8614109754562378]","[0.5766468644142151, 0.5418401956558228, 0.5245769619941711, 0.4972887933254242]"
8402.0,2011-03-01T00:00:00.000000000,"[1.2574495077133179, 0.6853939294815063, 0.8614109754562378, 0.8394088745117188]","[0.5567713379859924, 0.5147331953048706, 0.4894293546676636, 0.45662981271743774]"
8402.0,2011-06-01T00:00:00.000000000,"[0.6853939294815063, 0.8614109754562378, 0.8394088745117188, 1.4334666728973389]","[0.8119577765464783, 0.7777609825134277, 0.7716615200042725, 0.7420907616615295]"
8402.0,2011-09-01T00:00:00.000000000,"[0.8614109754562378, 0.8394088745117188, 1.4334666728973389, 0.6413896679878235]","[0.6615358591079712, 0.5931428670883179, 0.5534364581108093, 0.4861032962799072]"
8402.0,2011-12-01T00:00:00.000000000,"[0.8394088745117188, 1.4334666728973389, 0.6413896679878235, 0.6853939294815063]","[0.6377539038658142, 0.5953139066696167, 0.5558905601501465, 0.5347585082054138]"
8402.0,2012-03-01T00:00:00.000000000,"[1.4334666728973389, 0.6413896679878235, 0.6853939294815063, 0.9054153561592102]","[0.7556871175765991, 0.7232116460800171, 0.7171857357025146, 0.6961635947227478]"
8402.0,2012-06-01T00:00:00.000000000,"[0.6413896679878235, 0.6853939294815063, 0.9054153561592102, 1.4114645719528198]","[1.0276931524276733, 0.9876427054405212, 0.9797338247299194, 0.9532996416091919]"
8402.0,2012-09-01T00:00:00.000000000,"[0.6853939294815063, 0.9054153561592102, 1.4114645719528198, 0.8834132552146912]","[0.7958006262779236, 0.724723219871521, 0.6833546757698059, 0.6251904964447021]"
8402.0,2012-12-01T00:00:00.000000000,"[0.9054153561592102, 1.4114645719528198, 0.8834132552146912, 1.2574495077133179]","[0.7109712362289429, 0.6786993741989136, 0.6414741277694702, 0.6383394002914429]"
8402.0,2013-03-01T00:00:00.000000000,"[1.4114645719528198, 0.8834132552146912, 1.2574495077133179, 1.301453948020935]","[0.7946171164512634, 0.7854326963424683, 0.8010132312774658, 0.810413122177124]"
8479.0,2006-06-01T00:00:00.000000000,"[2.2035415172576904, 2.2915501594543457, 1.7634987831115723, 1.125436782836914]","[1.4094759225845337, 1.3627128601074219, 1.3477832078933716, 1.3075307607650757]"
8479.0,2006-09-01T00:00:00.000000000,"[2.2915501594543457, 1.7634987831115723, 1.125436782836914, 2.2035415172576904]","[1.826080322265625, 1.8230493068695068, 1.8364102840423584, 1.866398811340332]"
8479.0,2006-12-01T00:00:00.000000000,"[1.7634987831115723, 1.125436782836914, 2.2035415172576904, 2.269547939300537]","[1.9692180156707764, 1.9585076570510864, 1.9739104509353638, 1.9858664274215698]"
8479.0,2007-03-01T00:00:00.000000000,"[1.125436782836914, 2.2035415172576904, 2.269547939300537, 1.6314857006072998]","[1.8692011833190918, 1.8227077722549438, 1.7817600965499878, 1.7595853805541992]"
8479.0,2007-06-01T00:00:00.000000000,"[2.2035415172576904, 2.269547939300537, 1.6314857006072998, 1.2574495077133179]","[1.379995584487915, 1.350902795791626, 1.34482741355896, 1.3115456104278564]"
8479.0,2007-09-01T00:00:00.000000000,"[2.269547939300537, 1.6314857006072998, 1.2574495077133179, 2.269547939300537]","[1.8163535594940186, 1.8230758905410767, 1.830357551574707, 1.8803577423095703]"
8479.0,2007-12-01T00:00:00.000000000,"[1.6314857006072998, 1.2574495077133179, 2.269547939300537, 2.379558563232422]","[1.9896399974822998, 1.981339454650879, 1.9962936639785767, 2.016418933868408]"
8479.0,2008-03-01T00:00:00.000000000,"[1.2574495077133179, 2.269547939300537, 2.379558563232422, 1.9395159482955933]","[1.9649558067321777, 1.9721627235412598, 1.967719316482544, 1.9869346618652344]"
8479.0,2008-06-01T00:00:00.000000000,"[2.269547939300537, 2.379558563232422, 1.9395159482955933, 1.3674603700637817]","[1.4815417528152466, 1.5087746381759644, 1.5570052862167358, 1.5644816160202026]"
8479.0,2008-09-01T00:00:00.000000000,"[2.379558563232422, 1.9395159482955933, 1.3674603700637817, 2.4675674438476562]","[1.897233247756958, 1.9036120176315308, 1.9097440242767334, 1.957505702972412]"
8479.0,2008-12-01T00:00:00.000000000,"[1.9395159482955933, 1.3674603700637817, 2.4675674438476562, 2.5555758476257324]","[2.0346250534057617, 2.028501272201538, 2.0436017513275146, 2.0711569786071777]"
8479.0,2009-03-01T00:00:00.000000000,"[1.3674603700637817, 2.4675674438476562, 2.5555758476257324, 2.181539297103882]","[2.0569920539855957, 2.029414415359497, 2.014667510986328, 2.012346029281616]"
8479.0,2009-06-01T00:00:00.000000000,"[2.4675674438476562, 2.5555758476257324, 2.181539297103882, 1.4114645719528198]","[1.611216425895691, 1.5823278427124023, 1.600687026977539, 1.5607753992080688]"
8479.0,2009-09-01T00:00:00.000000000,"[2.5555758476257324, 2.181539297103882, 1.4114645719528198, 2.8416035175323486]","[2.119436740875244, 2.1169118881225586, 2.1315436363220215, 2.1666197776794434]"
8479.0,2009-12-01T00:00:00.000000000,"[2.181539297103882, 1.4114645719528198, 2.8416035175323486, 2.7975993156433105]","[2.2204513549804688, 2.2261223793029785, 2.2376670837402344, 2.291515827178955]"
8479.0,2010-03-01T00:00:00.000000000,"[1.4114645719528198, 2.8416035175323486, 2.7975993156433105, 2.577577829360962]","[2.273347854614258, 2.2337234020233154, 2.2120542526245117, 2.194746971130371]"
8479.0,2010-06-01T00:00:00.000000000,"[2.8416035175323486, 2.7975993156433105, 2.577577829360962, 1.4334666728973389]","[1.7666330337524414, 1.7312220335006714, 1.7464574575424194, 1.6969118118286133]"
8479.0,2010-09-01T00:00:00.000000000,"[2.7975993156433105, 2.577577829360962, 1.4334666728973389, 2.6875884532928467]","[2.2670438289642334, 2.26607346534729, 2.2802720069885254, 2.3143720626831055]"
8479.0,2010-12-01T00:00:00.000000000,"[2.577577829360962, 1.4334666728973389, 2.6875884532928467, 2.7315926551818848]","[2.4541242122650146, 2.440793514251709, 2.4605109691619873, 2.470989942550659]"
8479.0,2011-03-01T00:00:00.000000000,"[1.4334666728973389, 2.6875884532928467, 2.7315926551818848, 2.4895694255828857]","[2.3681483268737793, 2.282304048538208, 2.2150566577911377, 2.1538259983062744]"
8479.0,2011-06-01T00:00:00.000000000,"[2.6875884532928467, 2.7315926551818848, 2.4895694255828857, 1.6534881591796875]","[1.7368308305740356, 1.6571086645126343, 1.6312991380691528, 1.5398080348968506]"
8479.0,2011-09-01T00:00:00.000000000,"[2.7315926551818848, 2.4895694255828857, 1.6534881591796875, 2.2035415172576904]","[2.288442850112915, 2.2939579486846924, 2.3000190258026123, 2.3497016429901123]"
8479.0,2011-12-01T00:00:00.000000000,"[2.4895694255828857, 1.6534881591796875, 2.2035415172576904, 2.9516141414642334]","[2.3731706142425537, 2.40093994140625, 2.4103646278381348, 2.532109022140503]"
8479.0,2012-03-01T00:00:00.000000000,"[1.6534881591796875, 2.2035415172576904, 2.9516141414642334, 2.533573627471924]","[2.3622121810913086, 2.2965729236602783, 2.239968776702881, 2.2046995162963867]"
8479.0,2012-06-01T00:00:00.000000000,"[2.2035415172576904, 2.9516141414642334, 2.533573627471924, 1.9615180492401123]","[1.9272178411483765, 1.8264682292938232, 1.7767479419708252, 1.6834570169448853]"
8479.0,2012-09-01T00:00:00.000000000,"[2.9516141414642334, 2.533573627471924, 1.9615180492401123, 3.083627223968506]","[2.078369379043579, 2.110504627227783, 2.096792459487915, 2.224055528640747]"
8479.0,2012-12-01T00:00:00.000000000,"[2.533573627471924, 1.9615180492401123, 3.083627223968506, 3.2376420497894287]","[2.4217405319213867, 2.4256739616394043, 2.441685676574707, 2.5049033164978027]"
8479.0,2013-03-01T00:00:00.000000000,"[1.9615180492401123, 3.083627223968506, 3.2376420497894287, 2.665586471557617]","[2.5748836994171143, 2.5695972442626953, 2.5773253440856934, 2.601130485534668]"
8539.0,2006-06-01T00:00:00.000000000,"[0.42136821150779724, 1.0154259204864502, 0.35536178946495056, 0.8614109754562378]","[1.140976071357727, 1.2587693929672241, 1.1806740760803223, 1.3147226572036743]"
8539.0,2006-09-01T00:00:00.000000000,"[1.0154259204864502, 0.35536178946495056, 0.8614109754562378, 0.5973852872848511]","[1.0877752304077148, 1.1067123413085938, 1.1708662509918213, 1.1715929508209229]"
8539.0,2006-12-01T00:00:00.000000000,"[0.35536178946495056, 0.8614109754562378, 0.5973852872848511, 1.125436782836914]","[1.0040338039398193, 1.0712506771087646, 1.0463446378707886, 1.3226619958877563]"
8539.0,2007-03-01T00:00:00.000000000,"[0.8614109754562378, 0.5973852872848511, 1.125436782836914, 0.13534040749073029]","[0.7348732352256775, 0.7883445620536804, 1.0315519571304321, 0.8860762119293213]"
8539.0,2007-06-01T00:00:00.000000000,"[0.5973852872848511, 1.125436782836914, 0.13534040749073029, 0.7954046130180359]","[1.076352834701538, 1.1883878707885742, 1.1235297918319702, 1.3103110790252686]"
8539.0,2007-09-01T00:00:00.000000000,"[1.125436782836914, 0.13534040749073029, 0.7954046130180359, 0.7293981313705444]","[0.895327091217041, 0.8985919952392578, 0.9987055063247681, 0.9725658893585205]"
8539.0,2007-12-01T00:00:00.000000000,"[0.13534040749073029, 0.7954046130180359, 0.7293981313705444, 1.301453948020935]","[1.018617868423462, 1.0995370149612427, 1.0482391119003296, 1.2415357828140259]"
8539.0,2008-03-01T00:00:00.000000000,"[0.7954046130180359, 0.7293981313705444, 1.301453948020935, 0.26735323667526245]","[0.5489157438278198, 0.6276974678039551, 0.8951109647750854, 0.7615435123443604]"
8539.0,2008-06-01T00:00:00.000000000,"[0.7293981313705444, 1.301453948020935, 0.26735323667526245, 0.7293981313705444]","[1.029503583908081, 1.1021876335144043, 1.0856293439865112, 1.3087407350540161]"
8539.0,2008-09-01T00:00:00.000000000,"[1.301453948020935, 0.26735323667526245, 0.7293981313705444, 0.4873746931552887]","[1.001089096069336, 0.9636324048042297, 0.9929240942001343, 1.0140340328216553]"
8539.0,2008-12-01T00:00:00.000000000,"[0.26735323667526245, 0.7293981313705444, 0.4873746931552887, 1.1694409847259521]","[1.0661495923995972, 1.132561445236206, 1.0929874181747437, 1.2084836959838867]"
8539.0,2009-03-01T00:00:00.000000000,"[0.7293981313705444, 0.4873746931552887, 1.1694409847259521, 0.5093768239021301]","[0.5129783749580383, 0.5930711030960083, 0.871445894241333, 0.7122873067855835]"
8539.0,2009-06-01T00:00:00.000000000,"[0.4873746931552887, 1.1694409847259521, 0.5093768239021301, 1.4114645719528198]","[0.8216210007667542, 0.988527238368988, 0.9255064725875854, 1.1746852397918701]"
8539.0,2009-09-01T00:00:00.000000000,"[1.1694409847259521, 0.5093768239021301, 1.4114645719528198, 0.8614109754562378]","[0.852834165096283, 0.762973427772522, 0.8974081873893738, 0.8446301221847534]"
8539.0,2009-12-01T00:00:00.000000000,"[0.5093768239021301, 1.4114645719528198, 0.8614109754562378, 1.2354472875595093]","[0.8552087545394897, 0.9741454720497131, 0.9238334894180298, 1.1613010168075562]"
8539.0,2010-03-01T00:00:00.000000000,"[1.4114645719528198, 0.8614109754562378, 1.2354472875595093, 0.575383186340332]","[0.6624079346656799, 0.617358922958374, 0.9005591869354248, 0.6986159086227417]"
8539.0,2010-06-01T00:00:00.000000000,"[0.8614109754562378, 1.2354472875595093, 0.575383186340332, 1.2134451866149902]","[0.9209789633750916, 1.1543275117874146, 0.9606934189796448, 1.170699119567871]"
8539.0,2010-09-01T00:00:00.000000000,"[1.2354472875595093, 0.575383186340332, 1.2134451866149902, 0.6193875670433044]","[1.0813064575195312, 0.8854137659072876, 1.0980161428451538, 0.9233323931694031]"
8539.0,2010-12-01T00:00:00.000000000,"[0.575383186340332, 1.2134451866149902, 0.6193875670433044, 1.323456048965454]","[0.9369831085205078, 1.2035460472106934, 1.0241891145706177, 1.1880080699920654]"
8539.0,2011-03-01T00:00:00.000000000,"[1.2134451866149902, 0.6193875670433044, 1.323456048965454, 1.125436782836914]","[0.8946443200111389, 0.7984391450881958, 1.0549556016921997, 0.843013346195221]"
8539.0,2011-06-01T00:00:00.000000000,"[0.6193875670433044, 1.323456048965454, 1.125436782836914, 1.2134451866149902]","[0.8664808869361877, 1.1348859071731567, 0.8499743938446045, 1.1821541786193848]"
8539.0,2011-09-01T00:00:00.000000000,"[1.323456048965454, 1.125436782836914, 1.2134451866149902, 0.5093768239021301]","[1.0885828733444214, 0.736569344997406, 1.019323706626892, 0.8314733505249023]"
8539.0,2011-12-01T00:00:00.000000000,"[1.125436782836914, 1.2134451866149902, 0.5093768239021301, 1.5874814987182617]","[0.8205868601799011, 1.032007098197937, 0.8661507368087769, 1.281651258468628]"
8539.0,2012-03-01T00:00:00.000000000,"[1.2134451866149902, 0.5093768239021301, 1.5874814987182617, 0.9714217185974121]","[1.107484221458435, 1.0986599922180176, 1.1129400730133057, 1.1330411434173584]"
8539.0,2012-06-01T00:00:00.000000000,"[0.5093768239021301, 1.5874814987182617, 0.9714217185974121, -0.8327537775039673]","[1.0941805839538574, 1.0868680477142334, 1.070046067237854, 1.0871710777282715]"
8539.0,2012-09-01T00:00:00.000000000,"[1.5874814987182617, 0.9714217185974121, -0.8327537775039673, 1.2574495077133179]","[0.6891782283782959, 0.7123718857765198, 0.7563055157661438, 0.7699427008628845]"
8539.0,2012-12-01T00:00:00.000000000,"[0.9714217185974121, -0.8327537775039673, 1.2574495077133179, 1.6974923610687256]","[1.1259305477142334, 1.1507463455200195, 1.1490662097930908, 1.2341772317886353]"
8539.0,2013-03-01T00:00:00.000000000,"[-0.8327537775039673, 1.2574495077133179, 1.6974923610687256, 1.279451608657837]","[1.089177131652832, 1.084710955619812, 1.1194154024124146, 1.1245540380477905]"
8762.0,2006-06-01T00:00:00.000000000,"[1.3894624710083008, 1.6534881591796875, 1.6314857006072998, 1.323456048965454]","[1.8107197284698486, 1.8014661073684692, 1.8152354955673218, 1.8325550556182861]"
8762.0,2006-09-01T00:00:00.000000000,"[1.6534881591796875, 1.6314857006072998, 1.323456048965454, 1.499472975730896]","[1.6241497993469238, 1.6310232877731323, 1.644711971282959, 1.671978235244751]"
8762.0,2006-12-01T00:00:00.000000000,"[1.6314857006072998, 1.323456048965454, 1.499472975730896, 1.455468773841858]","[1.6954070329666138, 1.6892985105514526, 1.698531985282898, 1.7213457822799683]"
8762.0,2007-03-01T00:00:00.000000000,"[1.323456048965454, 1.499472975730896, 1.455468773841858, 1.5874814987182617]","[1.5735363960266113, 1.593575119972229, 1.5821986198425293, 1.6582664251327515]"
8762.0,2007-06-01T00:00:00.000000000,"[1.499472975730896, 1.455468773841858, 1.5874814987182617, 1.1914430856704712]","[1.5106236934661865, 1.5323752164840698, 1.5638551712036133, 1.5909347534179688]"
8762.0,2007-09-01T00:00:00.000000000,"[1.455468773841858, 1.5874814987182617, 1.1914430856704712, 1.0374282598495483]","[1.4927760362625122, 1.524914026260376, 1.5688440799713135, 1.5928233861923218]"
8762.0,2007-12-01T00:00:00.000000000,"[1.5874814987182617, 1.1914430856704712, 1.0374282598495483, 1.5654793977737427]","[1.4715282917022705, 1.4946365356445312, 1.5267661809921265, 1.5534647703170776]"
8762.0,2008-03-01T00:00:00.000000000,"[1.1914430856704712, 1.0374282598495483, 1.5654793977737427, 1.6754902601242065]","[1.490871548652649, 1.516067385673523, 1.5000008344650269, 1.5852001905441284]"
8762.0,2008-06-01T00:00:00.000000000,"[1.0374282598495483, 1.5654793977737427, 1.6754902601242065, 1.4114645719528198]","[1.3142070770263672, 1.3467071056365967, 1.3886810541152954, 1.4193334579467773]"
8762.0,2008-09-01T00:00:00.000000000,"[1.5654793977737427, 1.6754902601242065, 1.4114645719528198, 1.1694409847259521]","[1.1833460330963135, 1.2362180948257446, 1.3046231269836426, 1.3315800428390503]"
8762.0,2008-12-01T00:00:00.000000000,"[1.6754902601242065, 1.4114645719528198, 1.1694409847259521, 1.6974923610687256]","[1.4450393915176392, 1.4568818807601929, 1.4628121852874756, 1.4984759092330933]"
8762.0,2009-03-01T00:00:00.000000000,"[1.4114645719528198, 1.1694409847259521, 1.6974923610687256, 1.9175138473510742]","[1.4844943284988403, 1.517017126083374, 1.5008443593978882, 1.6062724590301514]"
8762.0,2009-06-01T00:00:00.000000000,"[1.1694409847259521, 1.6974923610687256, 1.9175138473510742, 1.499472975730896]","[1.488439679145813, 1.5080925226211548, 1.523074984550476, 1.5557591915130615]"
8762.0,2009-09-01T00:00:00.000000000,"[1.6974923610687256, 1.9175138473510742, 1.499472975730896, 1.3674603700637817]","[1.2300690412521362, 1.2783201932907104, 1.3392913341522217, 1.3681190013885498]"
8762.0,2009-12-01T00:00:00.000000000,"[1.9175138473510742, 1.499472975730896, 1.3674603700637817, 1.7634987831115723]","[1.5448435544967651, 1.5468454360961914, 1.5496090650558472, 1.5818201303482056]"
8762.0,2010-03-01T00:00:00.000000000,"[1.499472975730896, 1.3674603700637817, 1.7634987831115723, 2.0495264530181885]","[1.6016366481781006, 1.614527702331543, 1.608957290649414, 1.662663221359253]"
8762.0,2010-06-01T00:00:00.000000000,"[1.3674603700637817, 1.7634987831115723, 2.0495264530181885, 1.6314857006072998]","[1.617545485496521, 1.6199722290039062, 1.619126796722412, 1.6443556547164917]"
8762.0,2010-09-01T00:00:00.000000000,"[1.7634987831115723, 2.0495264530181885, 1.6314857006072998, 1.7194944620132446]","[1.428998589515686, 1.4547909498214722, 1.487218976020813, 1.5095082521438599]"
8762.0,2010-12-01T00:00:00.000000000,"[2.0495264530181885, 1.6314857006072998, 1.7194944620132446, 2.313552141189575]","[1.6714911460876465, 1.666623592376709, 1.6748194694519043, 1.6923123598098755]"
8762.0,2011-03-01T00:00:00.000000000,"[1.6314857006072998, 1.7194944620132446, 2.313552141189575, 2.42356276512146]","[1.7267118692398071, 1.7341734170913696, 1.7352721691131592, 1.7731313705444336]"
8762.0,2011-06-01T00:00:00.000000000,"[1.7194944620132446, 2.313552141189575, 2.42356276512146, 1.8735092878341675]","[1.7213168144226074, 1.6993260383605957, 1.6869134902954102, 1.6805219650268555]"
8762.0,2011-09-01T00:00:00.000000000,"[2.313552141189575, 2.42356276512146, 1.8735092878341675, 1.8515071868896484]","[1.7642297744750977, 1.7319722175598145, 1.7181203365325928, 1.699156403541565]"
8762.0,2011-12-01T00:00:00.000000000,"[2.42356276512146, 1.8735092878341675, 1.8515071868896484, 2.885607957839966]","[1.9445801973342896, 1.9312448501586914, 1.9489634037017822, 1.9546918869018555]"
8762.0,2012-03-01T00:00:00.000000000,"[1.8735092878341675, 1.8515071868896484, 2.885607957839966, 2.9076099395751953]","[1.9409966468811035, 1.9079185724258423, 1.8931964635849, 1.880027413368225]"
8762.0,2012-06-01T00:00:00.000000000,"[1.8515071868896484, 2.885607957839966, 2.9076099395751953, 2.071528673171997]","[1.8535486459732056, 1.7685425281524658, 1.7128020524978638, 1.6429095268249512]"
8762.0,2012-09-01T00:00:00.000000000,"[2.885607957839966, 2.9076099395751953, 2.071528673171997, 1.7855008840560913]","[1.9378761053085327, 1.853737711906433, 1.8094924688339233, 1.7383655309677124]"
8762.0,2012-12-01T00:00:00.000000000,"[2.9076099395751953, 2.071528673171997, 1.7855008840560913, 2.8416035175323486]","[2.26885986328125, 2.2300498485565186, 2.242461919784546, 2.212622880935669]"
8762.0,2013-03-01T00:00:00.000000000,"[2.071528673171997, 1.7855008840560913, 2.8416035175323486, 2.9516141414642334]","[2.3663299083709717, 2.3411142826080322, 2.3542046546936035, 2.3332881927490234]"
9248.0,2006-06-01T00:00:00.000000000,"[0.5643821358680725, 0.553381085395813, 0.3223586082458496, 0.6193875670433044]","[0.23282462358474731, 0.1929306983947754, 0.17614325881004333, 0.1505299210548401]"
9248.0,2006-09-01T00:00:00.000000000,"[0.553381085395813, 0.3223586082458496, 0.6193875670433044, 0.7624014616012573]","[0.34943604469299316, 0.30283766984939575, 0.2904195785522461, 0.2556105852127075]"
9248.0,2006-12-01T00:00:00.000000000,"[0.3223586082458496, 0.6193875670433044, 0.7624014616012573, 0.6853939294815063]","[0.39028114080429077, 0.30867403745651245, 0.2623944878578186, 0.19149716198444366]"
9248.0,2007-03-01T00:00:00.000000000,"[0.6193875670433044, 0.7624014616012573, 0.6853939294815063, 0.4653724431991577]","[0.35517629981040955, 0.26679474115371704, 0.22176232933998108, 0.14594167470932007]"
9248.0,2007-06-01T00:00:00.000000000,"[0.7624014616012573, 0.6853939294815063, 0.4653724431991577, 0.7514004111289978]","[0.4498843550682068, 0.41419464349746704, 0.41048866510391235, 0.3878331780433655]"
9248.0,2007-09-01T00:00:00.000000000,"[0.6853939294815063, 0.4653724431991577, 0.7514004111289978, 0.9054153561592102]","[0.5630910992622375, 0.5214686393737793, 0.5230878591537476, 0.4936956465244293]"
9248.0,2007-12-01T00:00:00.000000000,"[0.4653724431991577, 0.7514004111289978, 0.9054153561592102, 0.8614109754562378]","[0.5158933997154236, 0.4391770660877228, 0.39741483330726624, 0.33411476016044617]"
9248.0,2008-03-01T00:00:00.000000000,"[0.7514004111289978, 0.9054153561592102, 0.8614109754562378, 0.6633917689323425]","[0.4674982726573944, 0.3788786828517914, 0.320859432220459, 0.24703386425971985]"
9248.0,2008-06-01T00:00:00.000000000,"[0.9054153561592102, 0.8614109754562378, 0.6633917689323425, 0.9934238195419312]","[0.5835983157157898, 0.5638058185577393, 0.5629062056541443, 0.5587992668151855]"
9248.0,2008-09-01T00:00:00.000000000,"[0.8614109754562378, 0.6633917689323425, 0.9934238195419312, 1.103434681892395]","[0.6968374848365784, 0.6742734909057617, 0.6797666549682617, 0.671534538269043]"
9248.0,2008-12-01T00:00:00.000000000,"[0.6633917689323425, 0.9934238195419312, 1.103434681892395, 1.103434681892395]","[0.741146445274353, 0.6932775378227234, 0.6800937056541443, 0.6456290483474731]"
9248.0,2009-03-01T00:00:00.000000000,"[0.9934238195419312, 1.103434681892395, 1.103434681892395, 0.8834132552146912]","[0.6532489657402039, 0.5647384524345398, 0.5097945928573608, 0.4360722303390503]"
9248.0,2009-06-01T00:00:00.000000000,"[1.103434681892395, 1.103434681892395, 0.8834132552146912, 1.455468773841858]","[0.7304074168205261, 0.6656297445297241, 0.6350091695785522, 0.5850176215171814]"
9248.0,2009-09-01T00:00:00.000000000,"[1.103434681892395, 0.8834132552146912, 1.455468773841858, 1.323456048965454]","[0.8234338760375977, 0.7536600828170776, 0.7252444624900818, 0.6699756383895874]"
9248.0,2009-12-01T00:00:00.000000000,"[0.8834132552146912, 1.455468773841858, 1.323456048965454, 1.5874814987182617]","[0.9267668724060059, 0.8369387984275818, 0.7868837118148804, 0.7085397243499756]"
9248.0,2010-03-01T00:00:00.000000000,"[1.455468773841858, 1.323456048965454, 1.5874814987182617, 1.301453948020935]","[0.8646047115325928, 0.7855890989303589, 0.7396275997161865, 0.675420880317688]"
9248.0,2010-06-01T00:00:00.000000000,"[1.323456048965454, 1.5874814987182617, 1.301453948020935, 1.7855008840560913]","[1.0779656171798706, 1.0235079526901245, 1.019684910774231, 0.9783502817153931]"
9248.0,2010-09-01T00:00:00.000000000,"[1.5874814987182617, 1.301453948020935, 1.7855008840560913, 1.8295050859451294]","[1.0946550369262695, 1.0238404273986816, 1.0101232528686523, 0.9536542892456055]"
9248.0,2010-12-01T00:00:00.000000000,"[1.301453948020935, 1.7855008840560913, 1.8295050859451294, 1.8075029850006104]","[1.181725263595581, 1.1345698833465576, 1.1161959171295166, 1.0846123695373535]"
9248.0,2011-03-01T00:00:00.000000000,"[1.7855008840560913, 1.8295050859451294, 1.8075029850006104, 1.5654793977737427]","[1.1898422241210938, 1.0803853273391724, 1.0380775928497314, 0.9434065222740173]"
9248.0,2011-06-01T00:00:00.000000000,"[1.8295050859451294, 1.8075029850006104, 1.5654793977737427, 2.115532875061035]","[1.3633242845535278, 1.2826836109161377, 1.2474126815795898, 1.1815801858901978]"
9248.0,2011-09-01T00:00:00.000000000,"[1.8075029850006104, 1.5654793977737427, 2.115532875061035, -2.614927291870117]","[1.4368892908096313, 1.347804307937622, 1.314018726348877, 1.240875482559204]"
9248.0,2011-12-01T00:00:00.000000000,"[1.5654793977737427, 2.115532875061035, -2.614927291870117, -0.5687280893325806]","[1.464540958404541, 1.383779764175415, 1.349311113357544, 1.2869592905044556]"
9248.0,2012-03-01T00:00:00.000000000,"[2.115532875061035, -2.614927291870117, -0.5687280893325806, 1.5434772968292236]","[1.3754397630691528, 1.3039822578430176, 1.2728211879730225, 1.2241071462631226]"
9248.0,2012-06-01T00:00:00.000000000,"[-2.614927291870117, -0.5687280893325806, 1.5434772968292236, 0.7734025120735168]","[1.702641487121582, 1.6075387001037598, 1.589586853981018, 1.5129384994506836]"
9248.0,2012-09-01T00:00:00.000000000,"[-0.5687280893325806, 1.5434772968292236, 0.7734025120735168, 2.2475459575653076]","[-0.23047930002212524, -0.05026435852050781, 0.1503804326057434, 0.2789270281791687]"
9248.0,2012-12-01T00:00:00.000000000,"[1.5434772968292236, 0.7734025120735168, 2.2475459575653076, 2.3575565814971924]","[-0.013931453227996826, 0.15255200862884521, 0.27344760298728943, 0.513457179069519]"
9248.0,2013-03-01T00:00:00.000000000,"[0.7734025120735168, 2.2475459575653076, 2.3575565814971924, 1.6974923610687256]","[1.0473328828811646, 1.049119234085083, 1.0784416198730469, 1.1767501831054688]"
9667.0,2006-06-01T00:00:00.000000000,"[1.455468773841858, 1.7562381029129028, 0.3040968179702759, 0.3113575577735901]","[0.37432441115379333, 0.3260009288787842, 0.31355929374694824, 0.27321746945381165]"
9667.0,2006-09-01T00:00:00.000000000,"[1.7562381029129028, 0.3040968179702759, 0.3113575577735901, 2.0127828121185303]","[0.7860701084136963, 0.7692925333976746, 0.7854678630828857, 0.8993844985961914]"
9667.0,2006-12-01T00:00:00.000000000,"[0.3040968179702759, 0.3113575577735901, 2.0127828121185303, 2.2108023166656494]","[1.0151406526565552, 0.9864915609359741, 0.9947608709335327, 0.9948409795761108]"
9667.0,2007-03-01T00:00:00.000000000,"[0.3113575577735901, 2.0127828121185303, 2.2108023166656494, 0.8541504144668579]","[0.728789210319519, 0.6585144996643066, 0.6164994239807129, 0.573804497718811]"
9667.0,2007-06-01T00:00:00.000000000,"[2.0127828121185303, 2.2108023166656494, 0.8541504144668579, 0.6266481280326843]","[0.5394513010978699, 0.49387094378471375, 0.474731981754303, 0.44904232025146484]"
9667.0,2007-09-01T00:00:00.000000000,"[2.2108023166656494, 0.8541504144668579, 0.6266481280326843, 2.276808500289917]","[1.162935733795166, 1.1263315677642822, 1.1604242324829102, 1.2061933279037476]"
9667.0,2007-12-01T00:00:00.000000000,"[0.8541504144668579, 0.6266481280326843, 2.276808500289917, 2.4015607833862305]","[1.3821043968200684, 1.3433791399002075, 1.3595598936080933, 1.3433380126953125]"
9667.0,2008-03-01T00:00:00.000000000,"[0.6266481280326843, 2.276808500289917, 2.4015607833862305, 1.0741716623306274]","[1.0533192157745361, 0.9241835474967957, 0.8514899015426636, 0.7534587979316711]"
9667.0,2008-06-01T00:00:00.000000000,"[2.276808500289917, 2.4015607833862305, 1.0741716623306274, 0.9641609787940979]","[0.8578908443450928, 0.7440370321273804, 0.6770994663238525, 0.602069616317749]"
9667.0,2008-09-01T00:00:00.000000000,"[2.4015607833862305, 1.0741716623306274, 0.9641609787940979, 2.61432147026062]","[1.2523982524871826, 1.2460078001022339, 1.271623134613037, 1.3201649188995361]"
9667.0,2008-12-01T00:00:00.000000000,"[1.0741716623306274, 0.9641609787940979, 2.61432147026062, 2.782857894897461]","[1.593792200088501, 1.582747220993042, 1.610672950744629, 1.6586284637451172]"
9667.0,2009-03-01T00:00:00.000000000,"[0.9641609787940979, 2.61432147026062, 2.782857894897461, 1.6167445182800293]","[1.4744257926940918, 1.3408633470535278, 1.2669554948806763, 1.1654523611068726]"
9667.0,2009-06-01T00:00:00.000000000,"[2.61432147026062, 2.782857894897461, 1.6167445182800293, 1.9175138473510742]","[1.3143386840820312, 1.2009265422821045, 1.1419212818145752, 1.067573070526123]"
9667.0,2009-09-01T00:00:00.000000000,"[2.782857894897461, 1.6167445182800293, 1.9175138473510742, 3.5016677379608154]","[1.7474894523620605, 1.7214620113372803, 1.7602269649505615, 1.7666938304901123]"
9667.0,2009-12-01T00:00:00.000000000,"[1.6167445182800293, 1.9175138473510742, 3.5016677379608154, 3.4649243354797363]","[2.0487802028656006, 2.0251545906066895, 2.0594632625579834, 2.069310188293457]"
9667.0,2010-03-01T00:00:00.000000000,"[1.9175138473510742, 3.5016677379608154, 3.4649243354797363, 1.8955113887786865]","[1.8444547653198242, 1.6495494842529297, 1.5374693870544434, 1.3567761182785034]"
9667.0,2010-06-01T00:00:00.000000000,"[3.5016677379608154, 3.4649243354797363, 1.8955113887786865, 1.9395159482955933]","[1.8639569282531738, 1.6748018264770508, 1.576629877090454, 1.4231884479522705]"
9667.0,2010-09-01T00:00:00.000000000,"[3.4649243354797363, 1.8955113887786865, 1.9395159482955933, 4.117727756500244]","[2.3340368270874023, 2.317580223083496, 2.3550703525543213, 2.3816075325012207]"
9667.0,2010-12-01T00:00:00.000000000,"[1.8955113887786865, 1.9395159482955933, 4.117727756500244, 4.176473617553711]","[2.478898525238037, 2.337242603302002, 2.292620897293091, 2.188614845275879]"
9667.0,2011-03-01T00:00:00.000000000,"[1.9395159482955933, 4.117727756500244, 4.176473617553711, 2.430823802947998]","[2.2519209384918213, 1.9905858039855957, 1.8295198678970337, 1.6090563535690308]"
9667.0,2011-06-01T00:00:00.000000000,"[4.117727756500244, 4.176473617553711, 2.430823802947998, 2.2915501594543457]","[2.1402125358581543, 1.9364068508148193, 1.822983980178833, 1.6661410331726074]"
9667.0,2011-09-01T00:00:00.000000000,"[4.176473617553711, 2.430823802947998, 2.2915501594543457, 4.506505489349365]","[2.6250851154327393, 2.607283115386963, 2.6509475708007812, 2.73238468170166]"
9667.0,2011-12-01T00:00:00.000000000,"[2.430823802947998, 2.2915501594543457, 4.506505489349365, 5.379110336303711]","[3.0168113708496094, 2.937537670135498, 2.9362964630126953, 2.9019007682800293]"
9667.0,2012-03-01T00:00:00.000000000,"[2.2915501594543457, 4.506505489349365, 5.379110336303711, 3.0323619842529297]","[2.6216020584106445, 2.4242146015167236, 2.3105692863464355, 2.1682252883911133]"
9667.0,2012-06-01T00:00:00.000000000,"[4.506505489349365, 5.379110336303711, 3.0323619842529297, 3.831699848175049]","[2.404266834259033, 2.255173444747925, 2.173140048980713, 2.088454008102417]"
9667.0,2012-09-01T00:00:00.000000000,"[5.379110336303711, 3.0323619842529297, 3.831699848175049, 5.129826545715332]","[3.1498775482177734, 3.113534450531006, 3.168649911880493, 3.186347007751465]"
9667.0,2012-12-01T00:00:00.000000000,"[3.0323619842529297, 3.831699848175049, 5.129826545715332, 3.8977060317993164]","[3.7228870391845703, 3.6538310050964355, 3.655086040496826, 3.6630969047546387]"
9667.0,2013-03-01T00:00:00.000000000,"[3.831699848175049, 5.129826545715332, 3.8977060317993164, 2.2475459575653076]","[3.5020391941070557, 3.1940135955810547, 3.022942066192627, 2.765211582183838]"
10499.0,2006-06-01T00:00:00.000000000,"[0.6633917689323425, 0.9714217185974121, 0.8174067735671997, 0.6413896679878235]","[0.2536407709121704, 0.2670750617980957, 0.28593161702156067, 0.30067646503448486]"
10499.0,2006-09-01T00:00:00.000000000,"[0.9714217185974121, 0.8174067735671997, 0.6413896679878235, 0.7293981313705444]","[0.5744878053665161, 0.5692752003669739, 0.5769110918045044, 0.5870466828346252]"
10499.0,2006-12-01T00:00:00.000000000,"[0.8174067735671997, 0.6413896679878235, 0.7293981313705444, 0.9714217185974121]","[0.6401733160018921, 0.5994464159011841, 0.5872136354446411, 0.5609462857246399]"
10499.0,2007-03-01T00:00:00.000000000,"[0.6413896679878235, 0.7293981313705444, 0.9714217185974121, 0.8614109754562378]","[0.7386300563812256, 0.7050682902336121, 0.6917738914489746, 0.6710593104362488]"
10499.0,2007-06-01T00:00:00.000000000,"[0.7293981313705444, 0.9714217185974121, 0.8614109754562378, 0.7293981313705444]","[0.6986427307128906, 0.6398558616638184, 0.6088482141494751, 0.5639057755470276]"
10499.0,2007-09-01T00:00:00.000000000,"[0.9714217185974121, 0.8614109754562378, 0.7293981313705444, 0.9714217185974121]","[0.6961570382118225, 0.6648885607719421, 0.6540048122406006, 0.6386439800262451]"
10499.0,2007-12-01T00:00:00.000000000,"[0.8614109754562378, 0.7293981313705444, 0.9714217185974121, 1.3674603700637817]","[0.7876783609390259, 0.7756360769271851, 0.7813581228256226, 0.7848082780838013]"
10499.0,2008-03-01T00:00:00.000000000,"[0.7293981313705444, 0.9714217185974121, 1.3674603700637817, 1.2134451866149902]","[0.8070844411849976, 0.7775269150733948, 0.7677209377288818, 0.75346839427948]"
10499.0,2008-06-01T00:00:00.000000000,"[0.9714217185974121, 1.3674603700637817, 1.2134451866149902, 1.1694409847259521]","[0.7894532680511475, 0.7432388067245483, 0.7205638885498047, 0.690212607383728]"
10499.0,2008-09-01T00:00:00.000000000,"[1.3674603700637817, 1.2134451866149902, 1.1694409847259521, 1.5654793977737427]","[0.8647837042808533, 0.8359527587890625, 0.8315020203590393, 0.8184151649475098]"
10499.0,2008-12-01T00:00:00.000000000,"[1.2134451866149902, 1.1694409847259521, 1.5654793977737427, 2.071528673171997]","[1.034609079360962, 1.0120550394058228, 1.0197703838348389, 1.011176347732544]"
10499.0,2009-03-01T00:00:00.000000000,"[1.1694409847259521, 1.5654793977737427, 2.071528673171997, 1.6974923610687256]","[1.07855224609375, 1.0214558839797974, 1.0027071237564087, 0.9593570828437805]"
10499.0,2009-06-01T00:00:00.000000000,"[1.5654793977737427, 2.071528673171997, 1.6974923610687256, 2.269547939300537]","[1.110703945159912, 1.0333383083343506, 1.000670075416565, 0.9368690252304077]"
10499.0,2009-09-01T00:00:00.000000000,"[2.071528673171997, 1.6974923610687256, 2.269547939300537, 2.379558563232422]","[1.2370421886444092, 1.1842589378356934, 1.1762218475341797, 1.1378494501113892]"
10499.0,2009-12-01T00:00:00.000000000,"[1.6974923610687256, 2.269547939300537, 2.379558563232422, 2.775597333908081]","[1.444364309310913, 1.3949742317199707, 1.3941740989685059, 1.3600695133209229]"
10499.0,2010-03-01T00:00:00.000000000,"[2.269547939300537, 2.379558563232422, 2.775597333908081, 2.0935308933258057]","[1.4116369485855103, 1.319370150566101, 1.278557300567627, 1.1997506618499756]"
10499.0,2010-06-01T00:00:00.000000000,"[2.379558563232422, 2.775597333908081, 2.0935308933258057, 1.9835201501846313]","[1.6394717693328857, 1.5326855182647705, 1.4952325820922852, 1.4005321264266968]"
10499.0,2010-09-01T00:00:00.000000000,"[2.775597333908081, 2.0935308933258057, 1.9835201501846313, 2.2915501594543457]","[1.7356857061386108, 1.6222138404846191, 1.5856515169143677, 1.4867115020751953]"
10499.0,2010-12-01T00:00:00.000000000,"[2.0935308933258057, 1.9835201501846313, 2.2915501594543457, 2.577577829360962]","[1.9364111423492432, 1.803703784942627, 1.7517590522766113, 1.6348981857299805]"
10499.0,2011-03-01T00:00:00.000000000,"[1.9835201501846313, 2.2915501594543457, 2.577577829360962, 1.7634987831115723]","[1.8129374980926514, 1.6652498245239258, 1.5933279991149902, 1.4692621231079102]"
10499.0,2011-06-01T00:00:00.000000000,"[2.2915501594543457, 2.577577829360962, 1.7634987831115723, 2.027524471282959]","[1.8288012742996216, 1.6994333267211914, 1.6366852521896362, 1.534045934677124]"
10499.0,2011-09-01T00:00:00.000000000,"[2.577577829360962, 1.7634987831115723, 2.027524471282959, 2.5555758476257324]","[1.9629170894622803, 1.8920634984970093, 1.8841180801391602, 1.84238600730896]"
10499.0,2011-12-01T00:00:00.000000000,"[1.7634987831115723, 2.027524471282959, 2.5555758476257324, 2.4895694255828857]","[2.167778730392456, 2.106841802597046, 2.1044840812683105, 2.0712289810180664]"
10499.0,2012-03-01T00:00:00.000000000,"[2.027524471282959, 2.5555758476257324, 2.4895694255828857, 2.9076099395751953]","[1.8272578716278076, 1.6676199436187744, 1.5619149208068848, 1.4382405281066895]"
10499.0,2012-06-01T00:00:00.000000000,"[2.5555758476257324, 2.4895694255828857, 2.9076099395751953, 3.369654893875122]","[1.9232304096221924, 1.7967491149902344, 1.7181181907653809, 1.6277189254760742]"
10499.0,2012-09-01T00:00:00.000000000,"[2.4895694255828857, 2.9076099395751953, 3.369654893875122, 3.8096976280212402]","[2.1400325298309326, 2.0374369621276855, 1.997864007949829, 1.929807186126709]"
10499.0,2012-12-01T00:00:00.000000000,"[2.9076099395751953, 3.369654893875122, 3.8096976280212402, 3.8537018299102783]","[2.2887046337127686, 2.2345447540283203, 2.229855537414551, 2.2091622352600098]"
10499.0,2013-03-01T00:00:00.000000000,"[3.369654893875122, 3.8096976280212402, 3.8537018299102783, 4.2937445640563965]","[2.5390586853027344, 2.4450626373291016, 2.4248552322387695, 2.3610239028930664]"
10903.0,2006-06-01T00:00:00.000000000,"[2.42356276512146, 2.885607957839966, 2.7095906734466553, 2.5115716457366943]","[1.9751719236373901, 1.931795597076416, 1.9035656452178955, 1.8913867473602295]"
10903.0,2006-09-01T00:00:00.000000000,"[2.885607957839966, 2.7095906734466553, 2.5115716457366943, 2.9076099395751953]","[2.1969053745269775, 2.1890218257904053, 2.2024991512298584, 2.221100091934204]"
10903.0,2006-12-01T00:00:00.000000000,"[2.7095906734466553, 2.5115716457366943, 2.9076099395751953, 2.929612159729004]","[2.3569116592407227, 2.347064256668091, 2.3604555130004883, 2.375586748123169]"
10903.0,2007-03-01T00:00:00.000000000,"[2.5115716457366943, 2.9076099395751953, 2.929612159729004, 2.379558563232422]","[2.4092588424682617, 2.3492565155029297, 2.3312273025512695, 2.296851634979248]"
10903.0,2007-06-01T00:00:00.000000000,"[2.9076099395751953, 2.929612159729004, 2.379558563232422, 3.1496336460113525]","[2.326014995574951, 2.2489776611328125, 2.210049629211426, 2.160675287246704]"
10903.0,2007-09-01T00:00:00.000000000,"[2.929612159729004, 2.379558563232422, 3.1496336460113525, 3.6116786003112793]","[2.5007145404815674, 2.4781877994537354, 2.4898931980133057, 2.4957966804504395]"
10903.0,2007-12-01T00:00:00.000000000,"[2.379558563232422, 3.1496336460113525, 3.6116786003112793, 4.073723793029785]","[2.5376455783843994, 2.4956459999084473, 2.4831366539001465, 2.4704298973083496]"
10903.0,2008-03-01T00:00:00.000000000,"[3.1496336460113525, 3.6116786003112793, 4.073723793029785, 3.9417104721069336]","[2.4412877559661865, 2.4185593128204346, 2.413682222366333, 2.425149917602539]"
10903.0,2008-06-01T00:00:00.000000000,"[3.6116786003112793, 4.073723793029785, 3.9417104721069336, 4.513765811920166]","[2.7238402366638184, 2.7101759910583496, 2.7303712368011475, 2.7455062866210938]"
10903.0,2008-09-01T00:00:00.000000000,"[4.073723793029785, 3.9417104721069336, 4.513765811920166, 4.711785793304443]","[3.071153163909912, 3.0005064010620117, 3.00374698638916, 2.9529435634613037]"
10903.0,2008-12-01T00:00:00.000000000,"[3.9417104721069336, 4.513765811920166, 4.711785793304443, 5.151828289031982]","[3.2631492614746094, 3.2053191661834717, 3.2030367851257324, 3.170015335083008]"
10903.0,2009-03-01T00:00:00.000000000,"[4.513765811920166, 4.711785793304443, 5.151828289031982, 4.9978132247924805]","[3.3941047191619873, 3.271390676498413, 3.230776309967041, 3.1308541297912598]"
10903.0,2009-06-01T00:00:00.000000000,"[4.711785793304443, 5.151828289031982, 4.9978132247924805, 5.987909317016602]","[3.611921548843384, 3.5047945976257324, 3.474949836730957, 3.3944201469421387]"
10903.0,2009-09-01T00:00:00.000000000,"[5.151828289031982, 4.9978132247924805, 5.987909317016602, 6.207931041717529]","[3.8236396312713623, 3.713278293609619, 3.6961240768432617, 3.6151771545410156]"
10903.0,2009-12-01T00:00:00.000000000,"[4.9978132247924805, 5.987909317016602, 6.207931041717529, 6.8019890785217285]","[3.9724583625793457, 3.8845019340515137, 3.871466875076294, 3.81801700592041]"
10903.0,2010-03-01T00:00:00.000000000,"[5.987909317016602, 6.207931041717529, 6.8019890785217285, 6.515960693359375]","[4.38941764831543, 4.218906879425049, 4.195779800415039, 4.023820877075195]"
10903.0,2010-06-01T00:00:00.000000000,"[6.207931041717529, 6.8019890785217285, 6.515960693359375, 7.506057262420654]","[4.807079792022705, 4.660974025726318, 4.6614837646484375, 4.531703948974609]"
10903.0,2010-09-01T00:00:00.000000000,"[6.8019890785217285, 6.515960693359375, 7.506057262420654, 7.220029354095459]","[4.84781551361084, 4.540658950805664, 4.400982856750488, 4.110402584075928]"
10903.0,2010-12-01T00:00:00.000000000,"[6.515960693359375, 7.506057262420654, 7.220029354095459, 7.836089611053467]","[5.249680519104004, 5.049467086791992, 4.982254981994629, 4.7865095138549805]"
10903.0,2011-03-01T00:00:00.000000000,"[7.506057262420654, 7.220029354095459, 7.836089611053467, 7.880094051361084]","[5.148958683013916, 4.978789329528809, 4.918937683105469, 4.8040618896484375]"
10903.0,2011-06-01T00:00:00.000000000,"[7.220029354095459, 7.836089611053467, 7.880094051361084, 7.484055042266846]","[5.617454528808594, 5.476977348327637, 5.442456245422363, 5.359848976135254]"
10903.0,2011-09-01T00:00:00.000000000,"[7.836089611053467, 7.880094051361084, 7.484055042266846, 14.96478271484375]","[5.8557000160217285, 5.568892478942871, 5.456500053405762, 5.228996753692627]"
10903.0,2011-12-01T00:00:00.000000000,"[7.880094051361084, 7.484055042266846, 14.96478271484375, 7.022010326385498]","[6.025191307067871, 5.8002824783325195, 5.692911148071289, 5.537667751312256]"
10903.0,2012-03-01T00:00:00.000000000,"[7.484055042266846, 14.96478271484375, 7.022010326385498, 4.8437981605529785]","[6.7206645011901855, 6.446386337280273, 6.36648416519165, 6.154291152954102]"
10903.0,2012-06-01T00:00:00.000000000,"[14.96478271484375, 7.022010326385498, 4.8437981605529785, 10.98239517211914]","[6.7809343338012695, 6.5136308670043945, 6.412234306335449, 6.213859558105469]"
10903.0,2012-09-01T00:00:00.000000000,"[7.022010326385498, 4.8437981605529785, 10.98239517211914, 9.640264511108398]","[9.114899635314941, 8.919522285461426, 8.99924373626709, 8.839433670043945]"
10903.0,2012-12-01T00:00:00.000000000,"[4.8437981605529785, 10.98239517211914, 9.640264511108398, 9.244226455688477]","[7.584921836853027, 7.207975387573242, 7.033763885498047, 6.725784778594971]"
10903.0,2013-03-01T00:00:00.000000000,"[10.98239517211914, 9.640264511108398, 9.244226455688477, 9.156217575073242]","[6.13346529006958, 5.688406944274902, 5.362196445465088, 5.0776801109313965]"
11259.0,2006-06-01T00:00:00.000000000,"[1.7194944620132446, 1.9615180492401123, 1.8295050859451294, 2.8416035175323486]","[2.259945869445801, 2.2815301418304443, 2.286647319793701, 2.3780531883239746]"
11259.0,2006-09-01T00:00:00.000000000,"[1.9615180492401123, 1.8295050859451294, 2.8416035175323486, 1.5654793977737427]","[2.0759434700012207, 2.066624402999878, 2.080216646194458, 2.100135564804077]"
11259.0,2006-12-01T00:00:00.000000000,"[1.8295050859451294, 2.8416035175323486, 1.5654793977737427, 1.6754902601242065]","[2.0100302696228027, 1.9766502380371094, 1.952571988105774, 1.9481161832809448]"
11259.0,2007-03-01T00:00:00.000000000,"[2.8416035175323486, 1.5654793977737427, 1.6754902601242065, 1.477470874786377]","[1.9256370067596436, 1.9149606227874756, 1.9294686317443848, 1.952852725982666]"
11259.0,2007-06-01T00:00:00.000000000,"[1.5654793977737427, 1.6754902601242065, 1.477470874786377, 2.577577829360962]","[2.1417527198791504, 2.1762948036193848, 2.168843984603882, 2.287503957748413]"
11259.0,2007-09-01T00:00:00.000000000,"[1.6754902601242065, 1.477470874786377, 2.577577829360962, 1.455468773841858]","[1.9143704175949097, 1.910430669784546, 1.9099507331848145, 1.944024920463562]"
11259.0,2007-12-01T00:00:00.000000000,"[1.477470874786377, 2.577577829360962, 1.455468773841858, 1.6534881591796875]","[1.9271150827407837, 1.9418085813522339, 1.9249005317687988, 1.9831418991088867]"
11259.0,2008-03-01T00:00:00.000000000,"[2.577577829360962, 1.455468773841858, 1.6534881591796875, 1.455468773841858]","[1.8304896354675293, 1.8323593139648438, 1.840773344039917, 1.8774195909500122]"
11259.0,2008-06-01T00:00:00.000000000,"[1.455468773841858, 1.6534881591796875, 1.455468773841858, 2.1595370769500732]","[2.1238772869110107, 2.1604254245758057, 2.1580724716186523, 2.2913827896118164]"
11259.0,2008-09-01T00:00:00.000000000,"[1.6534881591796875, 1.455468773841858, 2.1595370769500732, 1.499472975730896]","[1.9084395170211792, 1.9172290563583374, 1.958107352256775, 1.9814478158950806]"
11259.0,2008-12-01T00:00:00.000000000,"[1.455468773841858, 2.1595370769500732, 1.499472975730896, 1.6754902601242065]","[1.7600260972976685, 1.8041716814041138, 1.8272924423217773, 1.9089034795761108]"
11259.0,2009-03-01T00:00:00.000000000,"[2.1595370769500732, 1.499472975730896, 1.6754902601242065, 1.499472975730896]","[1.6261330842971802, 1.6683670282363892, 1.7581113576889038, 1.7764843702316284]"
11259.0,2009-06-01T00:00:00.000000000,"[1.499472975730896, 1.6754902601242065, 1.499472975730896, 2.225543737411499]","[1.8924641609191895, 1.953348159790039, 1.9307235479354858, 2.1137142181396484]"
11259.0,2009-09-01T00:00:00.000000000,"[1.6754902601242065, 1.499472975730896, 2.225543737411499, 1.8075029850006104]","[1.69913911819458, 1.7436726093292236, 1.8218706846237183, 1.843414068222046]"
11259.0,2009-12-01T00:00:00.000000000,"[1.499472975730896, 2.225543737411499, 1.8075029850006104, 2.1375350952148438]","[1.7503329515457153, 1.7998713254928589, 1.8069554567337036, 1.8980458974838257]"
11259.0,2010-03-01T00:00:00.000000000,"[2.225543737411499, 1.8075029850006104, 2.1375350952148438, 1.6754902601242065]","[1.583932876586914, 1.6235820055007935, 1.6825250387191772, 1.7146881818771362]"
11259.0,2010-06-01T00:00:00.000000000,"[1.8075029850006104, 2.1375350952148438, 1.6754902601242065, 2.4015607833862305]","[1.8081673383712769, 1.873349905014038, 1.8491219282150269, 2.043806314468384]"
11259.0,2010-09-01T00:00:00.000000000,"[2.1375350952148438, 1.6754902601242065, 2.4015607833862305, 1.7855008840560913]","[1.9107890129089355, 1.923054575920105, 1.9549652338027954, 1.9806244373321533]"
11259.0,2010-12-01T00:00:00.000000000,"[1.6754902601242065, 2.4015607833862305, 1.7855008840560913, 2.0935308933258057]","[2.1145095825195312, 2.1198859214782715, 2.110928535461426, 2.1443824768066406]"
11259.0,2011-03-01T00:00:00.000000000,"[2.4015607833862305, 1.7855008840560913, 2.0935308933258057, 1.8515071868896484]","[1.8152803182601929, 1.8359804153442383, 1.8714573383331299, 1.9015719890594482]"
11259.0,2011-06-01T00:00:00.000000000,"[1.7855008840560913, 2.0935308933258057, 1.8515071868896484, 2.335554361343384]","[1.9333218336105347, 1.9904632568359375, 1.9667961597442627, 2.1351583003997803]"
11259.0,2011-09-01T00:00:00.000000000,"[2.0935308933258057, 1.8515071868896484, 2.335554361343384, 1.8955113887786865]","[1.9233025312423706, 1.9339114427566528, 1.958738923072815, 1.9870078563690186]"
11259.0,2011-12-01T00:00:00.000000000,"[1.8515071868896484, 2.335554361343384, 1.8955113887786865, 2.7315926551818848]","[2.0451929569244385, 2.0570626258850098, 2.0399222373962402, 2.0839550495147705]"
11259.0,2012-03-01T00:00:00.000000000,"[2.335554361343384, 1.8955113887786865, 2.7315926551818848, 2.2475459575653076]","[1.9806514978408813, 1.994110107421875, 2.04370379447937, 2.0600521564483643]"
11259.0,2012-06-01T00:00:00.000000000,"[1.8955113887786865, 2.7315926551818848, 2.2475459575653076, 2.5115716457366943]","[1.9741344451904297, 2.011214256286621, 1.987840175628662, 2.097672700881958]"
11259.0,2012-09-01T00:00:00.000000000,"[2.7315926551818848, 2.2475459575653076, 2.5115716457366943, 3.017620801925659]","[2.0082385540008545, 2.0127904415130615, 2.0262410640716553, 2.0546135902404785]"
11259.0,2012-12-01T00:00:00.000000000,"[2.2475459575653076, 2.5115716457366943, 3.017620801925659, 3.21563982963562]","[2.347437858581543, 2.350675582885742, 2.343139171600342, 2.394381284713745]"
11259.0,2013-03-01T00:00:00.000000000,"[2.5115716457366943, 3.017620801925659, 3.21563982963562, 2.4895694255828857]","[2.4096157550811768, 2.342749834060669, 2.329124927520752, 2.2828147411346436]"
12540.0,2006-06-01T00:00:00.000000000,"[0.11333828419446945, -0.08468098938465118, 0.09133616089820862, 0.26735323667526245]","[0.06329061090946198, 0.09970590472221375, 0.13925963640213013, 0.1711527705192566]"
12540.0,2006-09-01T00:00:00.000000000,"[-0.08468098938465118, 0.09133616089820862, 0.26735323667526245, 0.35536178946495056]","[0.10903668403625488, 0.13741105794906616, 0.1686086356639862, 0.19529283046722412]"
12540.0,2006-12-01T00:00:00.000000000,"[0.09133616089820862, 0.26735323667526245, 0.35536178946495056, 0.4873746931552887]","[0.026953235268592834, 0.06726408004760742, 0.11956745386123657, 0.13801294565200806]"
12540.0,2007-03-01T00:00:00.000000000,"[0.26735323667526245, 0.35536178946495056, 0.4873746931552887, 0.6633917689323425]","[0.06633979082107544, 0.10673336684703827, 0.14460372924804688, 0.1894359290599823]"
12540.0,2007-06-01T00:00:00.000000000,"[0.35536178946495056, 0.4873746931552887, 0.6633917689323425, 0.7514004111289978]","[0.17180413007736206, 0.1915065348148346, 0.21704040467739105, 0.2350989282131195]"
12540.0,2007-09-01T00:00:00.000000000,"[0.4873746931552887, 0.6633917689323425, 0.7514004111289978, 0.8614109754562378]","[0.2911761999130249, 0.3044506907463074, 0.30002444982528687, 0.33559590578079224]"
12540.0,2007-12-01T00:00:00.000000000,"[0.6633917689323425, 0.7514004111289978, 0.8614109754562378, 0.9494196176528931]","[0.3916015923023224, 0.39490607380867004, 0.3900826573371887, 0.41019725799560547]"
12540.0,2008-03-01T00:00:00.000000000,"[0.7514004111289978, 0.8614109754562378, 0.9494196176528931, 1.279451608657837]","[0.498529314994812, 0.4936884939670563, 0.4879838824272156, 0.4965539872646332]"
12540.0,2008-06-01T00:00:00.000000000,"[0.8614109754562378, 0.9494196176528931, 1.279451608657837, 1.3674603700637817]","[0.5894445180892944, 0.5478945374488831, 0.5242717266082764, 0.4933328628540039]"
12540.0,2008-09-01T00:00:00.000000000,"[0.9494196176528931, 1.279451608657837, 1.3674603700637817, 1.5434772968292236]","[0.7061307430267334, 0.6230658888816833, 0.5761459469795227, 0.49966540932655334]"
12540.0,2008-12-01T00:00:00.000000000,"[1.279451608657837, 1.3674603700637817, 1.5434772968292236, 1.7194944620132446]","[0.7263782620429993, 0.6661396026611328, 0.6351337432861328, 0.5841719508171082]"
12540.0,2009-03-01T00:00:00.000000000,"[1.3674603700637817, 1.5434772968292236, 1.7194944620132446, 2.071528673171997]","[0.8049978017807007, 0.7456956505775452, 0.7106730937957764, 0.6617434024810791]"
12540.0,2009-06-01T00:00:00.000000000,"[1.5434772968292236, 1.7194944620132446, 2.071528673171997, 2.7095906734466553]","[0.9094664454460144, 0.8205345869064331, 0.7726457118988037, 0.6941031217575073]"
12540.0,2009-09-01T00:00:00.000000000,"[1.7194944620132446, 2.071528673171997, 2.7095906734466553, 2.9516141414642334]","[1.0128684043884277, 0.8707610368728638, 0.7901351451873779, 0.6580053567886353]"
12540.0,2009-12-01T00:00:00.000000000,"[2.071528673171997, 2.7095906734466553, 2.9516141414642334, 3.1056292057037354]","[1.1908981800079346, 1.0642788410186768, 1.0062830448150635, 0.890192985534668]"
12540.0,2010-03-01T00:00:00.000000000,"[2.7095906734466553, 2.9516141414642334, 3.1056292057037354, 3.479665517807007]","[1.3349390029907227, 1.1954845190048218, 1.1329002380371094, 1.004777193069458]"
12540.0,2010-06-01T00:00:00.000000000,"[2.9516141414642334, 3.1056292057037354, 3.479665517807007, 2.929612159729004]","[1.6634083986282349, 1.4970070123672485, 1.4355626106262207, 1.2657642364501953]"
12540.0,2010-09-01T00:00:00.000000000,"[3.1056292057037354, 3.479665517807007, 2.929612159729004, 3.325650691986084]","[1.9466288089752197, 1.742485761642456, 1.657698154449463, 1.428296446800232]"
12540.0,2010-12-01T00:00:00.000000000,"[3.479665517807007, 2.929612159729004, 3.325650691986084, 3.8096976280212402]","[1.8474738597869873, 1.64113450050354, 1.5389251708984375, 1.3597159385681152]"
12540.0,2011-03-01T00:00:00.000000000,"[2.929612159729004, 3.325650691986084, 3.8096976280212402, 4.337749004364014]","[2.2207844257354736, 1.9328677654266357, 1.8018414974212646, 1.538485050201416]"
12540.0,2011-06-01T00:00:00.000000000,"[3.325650691986084, 3.8096976280212402, 4.337749004364014, 4.139729976654053]","[2.1735777854919434, 1.8650048971176147, 1.7108001708984375, 1.4345042705535889]"
12540.0,2011-09-01T00:00:00.000000000,"[3.8096976280212402, 4.337749004364014, 4.139729976654053, 4.689783573150635]","[2.535504102706909, 2.2501206398010254, 2.117767810821533, 1.8619745969772339]"
12540.0,2011-12-01T00:00:00.000000000,"[4.337749004364014, 4.139729976654053, 4.689783573150635, 4.953808784484863]","[2.800337314605713, 2.5795812606811523, 2.499274730682373, 2.312821388244629]"
12540.0,2012-03-01T00:00:00.000000000,"[4.139729976654053, 4.689783573150635, 4.953808784484863, 5.481860160827637]","[2.898221969604492, 2.465498447418213, 2.243358850479126, 1.8470640182495117]"
12540.0,2012-06-01T00:00:00.000000000,"[4.689783573150635, 4.953808784484863, 5.481860160827637, 6.207931041717529]","[2.9771552085876465, 2.4882731437683105, 2.2249884605407715, 1.7782437801361084]"
12540.0,2012-09-01T00:00:00.000000000,"[4.953808784484863, 5.481860160827637, 6.207931041717529, 5.965907573699951]","[3.724973678588867, 3.471078872680664, 3.277827739715576, 2.9995532035827637]"
12540.0,2012-12-01T00:00:00.000000000,"[5.481860160827637, 6.207931041717529, 5.965907573699951, 6.1419243812561035]","[3.4174036979675293, 3.3195786476135254, 3.286098003387451, 3.253723621368408]"
12540.0,2013-03-01T00:00:00.000000000,"[6.207931041717529, 5.965907573699951, 6.1419243812561035, 6.339943885803223]","[4.165445327758789, 3.840343952178955, 3.6907365322113037, 3.3855063915252686]"
13421.0,2006-03-01T00:00:00.000000000,"[-0.23869597911834717, -0.12868529558181763, -0.10668310523033142, -0.19469167292118073]","[-0.31295815110206604, -0.3426751494407654, -0.3754100203514099, -0.38453975319862366]"
13421.0,2006-06-01T00:00:00.000000000,"[-0.12868529558181763, -0.10668310523033142, -0.19469167292118073, -0.10668310523033142]","[-0.24559864401817322, -0.2728416919708252, -0.29451555013656616, -0.3042929768562317]"
13421.0,2006-09-01T00:00:00.000000000,"[-0.10668310523033142, -0.19469167292118073, -0.10668310523033142, -0.08468098938465118]","[-0.1832095831632614, -0.20379148423671722, -0.21978506445884705, -0.22285982966423035]"
13421.0,2006-12-01T00:00:00.000000000,"[-0.19469167292118073, -0.10668310523033142, -0.08468098938465118, -0.018674563616514206]","[-0.17814858257770538, -0.1929885298013687, -0.20496021211147308, -0.20193448662757874]"
13421.0,2007-03-01T00:00:00.000000000,"[-0.10668310523033142, -0.08468098938465118, -0.018674563616514206, -0.08468098938465118]","[-0.2323540598154068, -0.24663129448890686, -0.26824623346328735, -0.26355475187301636]"
13421.0,2007-06-01T00:00:00.000000000,"[-0.08468098938465118, -0.018674563616514206, -0.08468098938465118, -0.06267886608839035]","[-0.08924277126789093, -0.14400331676006317, -0.1783774346113205, -0.22026297450065613]"
13421.0,2007-09-01T00:00:00.000000000,"[-0.018674563616514206, -0.08468098938465118, -0.06267886608839035, -0.04067668318748474]","[-0.14140184223651886, -0.14289288222789764, -0.1461767554283142, -0.1303759217262268]"
13421.0,2007-12-01T00:00:00.000000000,"[-0.08468098938465118, -0.06267886608839035, -0.04067668318748474, 0.047331858426332474]","[-0.11203153431415558, -0.11405880749225616, -0.11531735956668854, -0.10064619779586792]"
13421.0,2008-03-01T00:00:00.000000000,"[-0.06267886608839035, -0.04067668318748474, 0.047331858426332474, 0.003327556187286973]","[-0.14349041879177094, -0.14603206515312195, -0.15308405458927155, -0.13898134231567383]"
13421.0,2008-06-01T00:00:00.000000000,"[-0.04067668318748474, 0.047331858426332474, 0.003327556187286973, 0.047331858426332474]","[-0.1283242106437683, -0.15904788672924042, -0.17240068316459656, -0.18726959824562073]"
13421.0,2008-09-01T00:00:00.000000000,"[0.047331858426332474, 0.003327556187286973, 0.047331858426332474, 0.06933397799730301]","[-0.07418844103813171, -0.1071426123380661, -0.12469157576560974, -0.14389494061470032]"
13421.0,2008-12-01T00:00:00.000000000,"[0.003327556187286973, 0.047331858426332474, 0.06933397799730301, 0.15734252333641052]","[-0.07029363512992859, -0.07327127456665039, -0.06781080365180969, -0.05586177110671997]"
13421.0,2009-03-01T00:00:00.000000000,"[0.047331858426332474, 0.06933397799730301, 0.15734252333641052, 0.17934469878673553]","[-0.0799531638622284, -0.08120179176330566, -0.07822868227958679, -0.0659746527671814]"
13421.0,2009-06-01T00:00:00.000000000,"[0.06933397799730301, 0.15734252333641052, 0.17934469878673553, 0.2893553674221039]","[0.0026017725467681885, -0.024728477001190186, -0.034699469804763794, -0.0512121319770813]"
13421.0,2009-09-01T00:00:00.000000000,"[0.15734252333641052, 0.17934469878673553, 0.2893553674221039, 0.37736397981643677]","[-0.02790936827659607, -0.05726581811904907, -0.07326105237007141, -0.08991016447544098]"
13421.0,2009-12-01T00:00:00.000000000,"[0.17934469878673553, 0.2893553674221039, 0.37736397981643677, 0.44337034225463867]","[0.03897595405578613, 0.016335636377334595, 0.004300028085708618, -0.00793561339378357]"
13421.0,2010-03-01T00:00:00.000000000,"[0.2893553674221039, 0.37736397981643677, 0.44337034225463867, 0.4873746931552887]","[0.06483358144760132, 0.03805595636367798, 0.0235501229763031, 0.006774574518203735]"
13421.0,2010-06-01T00:00:00.000000000,"[0.37736397981643677, 0.44337034225463867, 0.4873746931552887, 0.553381085395813]","[0.1320170909166336, 0.09120641648769379, 0.06466732919216156, 0.03674127161502838]"
13421.0,2010-09-01T00:00:00.000000000,"[0.44337034225463867, 0.4873746931552887, 0.553381085395813, 0.4873746931552887]","[0.19617882370948792, 0.1544255018234253, 0.13781526684761047, 0.1031632125377655]"
13421.0,2011-03-01T00:00:00.000000000,"[0.4873746931552887, 0.553381085395813, 0.4873746931552887, 0.4873746931552887]","[0.19977401196956635, 0.13799361884593964, 0.10570557415485382, 0.05192844569683075]"
13421.0,2011-06-01T00:00:00.000000000,"[0.553381085395813, 0.4873746931552887, 0.4873746931552887, 0.6193875670433044]","[0.23894742131233215, 0.1705392301082611, 0.13425680994987488, 0.07428915798664093]"
13421.0,2011-09-01T00:00:00.000000000,"[0.4873746931552887, 0.4873746931552887, 0.6193875670433044, 0.7514004111289978]","[0.3432219624519348, 0.27845966815948486, 0.25207164883613586, 0.19439780712127686]"
13421.0,2011-12-01T00:00:00.000000000,"[0.4873746931552887, 0.6193875670433044, 0.7514004111289978, 0.8394088745117188]","[0.25945162773132324, 0.1967054009437561, 0.16173040866851807, 0.11012015491724014]"
13421.0,2012-03-01T00:00:00.000000000,"[0.6193875670433044, 0.7514004111289978, 0.8394088745117188, 1.125436782836914]","[0.2833816707134247, 0.21046999096870422, 0.15922784805297852, 0.10185287147760391]"
13421.0,2012-06-01T00:00:00.000000000,"[0.7514004111289978, 0.8394088745117188, 1.125436782836914, 1.125436782836914]","[0.3716944754123688, 0.2973639965057373, 0.2528853714466095, 0.18935810029506683]"
13421.0,2012-09-01T00:00:00.000000000,"[0.8394088745117188, 1.125436782836914, 1.125436782836914, 1.1914430856704712]","[0.48575735092163086, 0.4208061993122101, 0.39249932765960693, 0.3364212214946747]"
13421.0,2012-12-01T00:00:00.000000000,"[1.125436782836914, 1.125436782836914, 1.1914430856704712, 1.0594303607940674]","[0.5201346278190613, 0.46217676997184753, 0.43542149662971497, 0.38791894912719727]"
13421.0,2013-03-01T00:00:00.000000000,"[1.125436782836914, 1.1914430856704712, 1.0594303607940674, 1.103434681892395]","[0.675430178642273, 0.60539311170578, 0.5751780867576599, 0.5147283673286438]"
14225.0,2006-06-01T00:00:00.000000000,"[-0.21669383347034454, -0.20569276809692383, -0.2606981098651886, -0.22769489884376526]","[-0.31647300720214844, -0.3221155107021332, -0.32233691215515137, -0.3238498866558075]"
14225.0,2006-09-01T00:00:00.000000000,"[-0.20569276809692383, -0.2606981098651886, -0.22769489884376526, -0.1726895570755005]","[-0.2777835726737976, -0.289355993270874, -0.29034024477005005, -0.29850244522094727]"
14225.0,2006-12-01T00:00:00.000000000,"[-0.2606981098651886, -0.22769489884376526, -0.1726895570755005, -0.1836906224489212]","[-0.24692021310329437, -0.25817281007766724, -0.2618659734725952, -0.2716471552848816]"
14225.0,2007-03-01T00:00:00.000000000,"[-0.22769489884376526, -0.1726895570755005, -0.1836906224489212, -0.2716991901397705]","[-0.26432764530181885, -0.2884189188480377, -0.30177944898605347, -0.3225524127483368]"
14225.0,2007-06-01T00:00:00.000000000,"[-0.1726895570755005, -0.1836906224489212, -0.2716991901397705, -0.21669383347034454]","[-0.25641247630119324, -0.27500587701797485, -0.2846357822418213, -0.29954397678375244]"
14225.0,2007-09-01T00:00:00.000000000,"[-0.1836906224489212, -0.2716991901397705, -0.21669383347034454, -0.20569276809692383]","[-0.2535891830921173, -0.2543325126171112, -0.252971887588501, -0.24964389204978943]"
14225.0,2007-12-01T00:00:00.000000000,"[-0.2716991901397705, -0.21669383347034454, -0.20569276809692383, -0.21669383347034454]","[-0.24949301779270172, -0.2613951563835144, -0.2683362364768982, -0.2754109799861908]"
14225.0,2008-03-01T00:00:00.000000000,"[-0.21669383347034454, -0.20569276809692383, -0.21669383347034454, -0.2606981098651886]","[-0.2550002932548523, -0.27993395924568176, -0.29596030712127686, -0.3162795305252075]"
14225.0,2008-06-01T00:00:00.000000000,"[-0.20569276809692383, -0.21669383347034454, -0.2606981098651886, -0.19469167292118073]","[-0.2397354692220688, -0.2572101950645447, -0.26702603697776794, -0.27999526262283325]"
14225.0,2008-09-01T00:00:00.000000000,"[-0.21669383347034454, -0.2606981098651886, -0.19469167292118073, -0.12868529558181763]","[-0.23301857709884644, -0.23803675174713135, -0.2382226586341858, -0.2378934621810913]"
14225.0,2008-12-01T00:00:00.000000000,"[-0.2606981098651886, -0.19469167292118073, -0.12868529558181763, -0.15068741142749786]","[-0.2393813580274582, -0.24846944212913513, -0.2582641541957855, -0.2581232786178589]"
14225.0,2009-03-01T00:00:00.000000000,"[-0.19469167292118073, -0.12868529558181763, -0.15068741142749786, -0.20569276809692383]","[-0.21927371621131897, -0.23181813955307007, -0.23663398623466492, -0.24423015117645264]"
14225.0,2009-06-01T00:00:00.000000000,"[-0.12868529558181763, -0.15068741142749786, -0.20569276809692383, -0.029675621539354324]","[-0.1910874992609024, -0.1997235268354416, -0.20028232038021088, -0.20441623032093048]"
14225.0,2009-09-01T00:00:00.000000000,"[-0.15068741142749786, -0.20569276809692383, -0.029675621539354324, -0.05167780816555023]","[-0.16687044501304626, -0.16977272927761078, -0.16500206291675568, -0.16337458789348602]"
14225.0,2009-12-01T00:00:00.000000000,"[-0.20569276809692383, -0.029675621539354324, -0.05167780816555023, 0.05833292007446289]","[-0.15142422914505005, -0.16745799779891968, -0.17266269028186798, -0.18474692106246948]"
14225.0,2010-03-01T00:00:00.000000000,"[-0.029675621539354324, -0.05167780816555023, 0.05833292007446289, -0.05167780816555023]","[-0.16187094151973724, -0.17518116533756256, -0.1789160817861557, -0.1876945048570633]"
14225.0,2010-06-01T00:00:00.000000000,"[-0.05167780816555023, 0.05833292007446289, -0.05167780816555023, 0.047331858426332474]","[-0.0973663479089737, -0.10612939298152924, -0.10224944353103638, -0.10778336226940155]"
14225.0,2010-09-01T00:00:00.000000000,"[0.05833292007446289, -0.05167780816555023, 0.047331858426332474, 0.09133616089820862]","[-0.11619614064693451, -0.1291622817516327, -0.13270512223243713, -0.14154769480228424]"
14225.0,2010-12-01T00:00:00.000000000,"[-0.05167780816555023, 0.047331858426332474, 0.09133616089820862, 0.11333828419446945]","[-0.07063721120357513, -0.08311896026134491, -0.1005387157201767, -0.11270737648010254]"
14225.0,2011-03-01T00:00:00.000000000,"[0.047331858426332474, 0.09133616089820862, 0.11333828419446945, -0.018674563616514206]","[-0.09790994226932526, -0.12838929891586304, -0.14337927103042603, -0.16966822743415833]"
14225.0,2011-06-01T00:00:00.000000000,"[0.09133616089820862, 0.11333828419446945, -0.018674563616514206, 0.06933397799730301]","[-0.06384672224521637, -0.09084916114807129, -0.10393574833869934, -0.12717881798744202]"
14225.0,2011-09-01T00:00:00.000000000,"[0.11333828419446945, -0.018674563616514206, 0.06933397799730301, 0.2233489453792572]","[-0.05269502103328705, -0.07247713208198547, -0.08013255894184113, -0.09530951082706451]"
14225.0,2011-12-01T00:00:00.000000000,"[-0.018674563616514206, 0.06933397799730301, 0.2233489453792572, 0.13534040749073029]","[0.019214332103729248, -0.005006149411201477, -0.012523844838142395, -0.040797919034957886]"
14225.0,2012-03-01T00:00:00.000000000,"[0.06933397799730301, 0.2233489453792572, 0.13534040749073029, 0.047331858426332474]","[-0.05060490965843201, -0.09440315514802933, -0.11983969807624817, -0.15864147245883942]"
14225.0,2012-06-01T00:00:00.000000000,"[0.2233489453792572, 0.13534040749073029, 0.047331858426332474, 0.11333828419446945]","[-0.022836834192276, -0.05760492384433746, -0.0765230730175972, -0.10626885294914246]"
14225.0,2012-09-01T00:00:00.000000000,"[0.13534040749073029, 0.047331858426332474, 0.11333828419446945, 0.2233489453792572]","[0.05113223195075989, 0.030136138200759888, 0.02435263991355896, 0.007848963141441345]"
14225.0,2012-12-01T00:00:00.000000000,"[0.047331858426332474, 0.11333828419446945, 0.2233489453792572, 0.2233489453792572]","[0.07666575908660889, 0.04408024251461029, 0.02994827926158905, 0.0015046000480651855]"
14225.0,2013-03-01T00:00:00.000000000,"[0.11333828419446945, 0.2233489453792572, 0.2233489453792572, 0.17934469878673553]","[0.04005730152130127, 0.0037523359060287476, -0.016728028655052185, -0.04740866273641586]"
16721.0,2006-06-01T00:00:00.000000000,"[-0.28270024061203003, 0.9054153561592102, 1.9835201501846313, 0.15734252333641052]","[0.5114367008209229, 0.4417669177055359, 0.41984856128692627, 0.3996862769126892]"
16721.0,2006-09-01T00:00:00.000000000,"[0.9054153561592102, 1.9835201501846313, 0.15734252333641052, -0.37070879340171814]","[0.13889001309871674, -0.023812219500541687, -0.11967477202415466, -0.26115137338638306]"
16721.0,2006-12-01T00:00:00.000000000,"[1.9835201501846313, 0.15734252333641052, -0.37070879340171814, 0.7293981313705444]","[0.4709738492965698, 0.3797645568847656, 0.36981284618377686, 0.3323228359222412]"
16721.0,2007-03-01T00:00:00.000000000,"[0.15734252333641052, -0.37070879340171814, 0.7293981313705444, 3.325650691986084]","[0.6553827524185181, 0.6921544671058655, 0.7024670839309692, 0.8648831248283386]"
16721.0,2007-06-01T00:00:00.000000000,"[-0.37070879340171814, 0.7293981313705444, 3.325650691986084, 0.3993660807609558]","[0.4016346335411072, 0.25775447487831116, 0.1659661829471588, 0.07968372106552124]"
16721.0,2007-09-01T00:00:00.000000000,"[0.7293981313705444, 3.325650691986084, 0.3993660807609558, -0.5467259287834167]","[0.054760634899139404, -0.09302540868520737, -0.18658025562763214, -0.2956444025039673]"
16721.0,2007-12-01T00:00:00.000000000,"[3.325650691986084, 0.3993660807609558, -0.5467259287834167, 0.5313789248466492]","[0.6081281900405884, 0.5840643644332886, 0.622499942779541, 0.6570476293563843]"
16721.0,2008-03-01T00:00:00.000000000,"[0.3993660807609558, -0.5467259287834167, 0.5313789248466492, 4.755789756774902]","[1.3615666627883911, 1.3801332712173462, 1.4120714664459229, 1.555168867111206]"
16721.0,2008-06-01T00:00:00.000000000,"[-0.5467259287834167, 0.5313789248466492, 4.755789756774902, 1.1694409847259521]","[1.0716803073883057, 1.0058104991912842, 0.9908462166786194, 0.9814267754554749]"
16721.0,2008-09-01T00:00:00.000000000,"[0.5313789248466492, 4.755789756774902, 1.1694409847259521, 0.09133616089820862]","[0.16492125391960144, 0.1421036571264267, 0.1727219820022583, 0.1252778023481369]"
16721.0,2008-12-01T00:00:00.000000000,"[4.755789756774902, 1.1694409847259521, 0.09133616089820862, 0.7293981313705444]","[0.5423176884651184, 0.5151447653770447, 0.5469969511032104, 0.5955718755722046]"
16721.0,2009-03-01T00:00:00.000000000,"[1.1694409847259521, 0.09133616089820862, 0.7293981313705444, 4.0957255363464355]","[1.576700210571289, 1.5979751348495483, 1.6114262342453003, 2.105358600616455]"
16721.0,2009-06-01T00:00:00.000000000,"[0.09133616089820862, 0.7293981313705444, 4.0957255363464355, 2.181539297103882]","[1.2907952070236206, 1.100683569908142, 0.9930049777030945, 0.8726693987846375]"
16721.0,2009-09-01T00:00:00.000000000,"[0.7293981313705444, 4.0957255363464355, 2.181539297103882, -0.4147131145000458]","[0.651228666305542, 0.39251190423965454, 0.17772504687309265, -0.02175542712211609]"
16721.0,2009-12-01T00:00:00.000000000,"[4.0957255363464355, 2.181539297103882, -0.4147131145000458, 1.1914430856704712]","[0.9625306725502014, 0.9285435080528259, 0.982818603515625, 1.037824034690857]"
16721.0,2010-03-01T00:00:00.000000000,"[2.181539297103882, -0.4147131145000458, 1.1914430856704712, 3.5896763801574707]","[2.1121442317962646, 2.1392695903778076, 2.186044216156006, 2.448748826980591]"
16721.0,2010-06-01T00:00:00.000000000,"[-0.4147131145000458, 1.1914430856704712, 3.5896763801574707, 2.181539297103882]","[1.9575204849243164, 1.8159282207489014, 1.760962963104248, 1.6873159408569336]"
16721.0,2010-09-01T00:00:00.000000000,"[1.1914430856704712, 3.5896763801574707, 2.181539297103882, -0.15068741142749786]","[0.7170107960700989, 0.561560332775116, 0.45647838711738586, 0.3284469246864319]"
16721.0,2010-12-01T00:00:00.000000000,"[3.5896763801574707, 2.181539297103882, -0.15068741142749786, 1.4334666728973389]","[1.245780348777771, 1.1676362752914429, 1.1534528732299805, 1.1689846515655518]"
16721.0,2011-03-01T00:00:00.000000000,"[2.181539297103882, -0.15068741142749786, 1.4334666728973389, 4.8437981605529785]","[1.785670280456543, 1.8529646396636963, 1.8978393077850342, 2.23052978515625]"
16721.0,2011-06-01T00:00:00.000000000,"[-0.15068741142749786, 1.4334666728973389, 4.8437981605529785, 1.6754902601242065]","[2.1182124614715576, 2.0737457275390625, 2.0994412899017334, 2.1367764472961426]"
16721.0,2011-09-01T00:00:00.000000000,"[1.4334666728973389, 4.8437981605529785, 1.6754902601242065, 2.42356276512146]","[0.9329677820205688, 0.830405592918396, 0.8153047561645508, 0.7313463687896729]"
16721.0,2011-12-01T00:00:00.000000000,"[4.8437981605529785, 1.6754902601242065, 2.42356276512146, -0.5907301902770996]","[1.4493300914764404, 1.4119290113449097, 1.3907989263534546, 1.4596422910690308]"
16721.0,2012-03-01T00:00:00.000000000,"[1.6754902601242065, 2.42356276512146, -0.5907301902770996, 6.031913757324219]","[2.161670446395874, 2.2420969009399414, 2.274233341217041, 2.614682197570801]"
16721.0,2012-06-01T00:00:00.000000000,"[2.42356276512146, -0.5907301902770996, 6.031913757324219, 2.0055222511291504]","[2.5420210361480713, 2.5218262672424316, 2.554007053375244, 2.6209797859191895]"
16721.0,2012-09-01T00:00:00.000000000,"[-0.5907301902770996, 6.031913757324219, 2.0055222511291504, 1.0374282598495483]","[2.859600782394409, 2.6873650550842285, 2.6064906120300293, 2.504330635070801]"
16721.0,2012-12-01T00:00:00.000000000,"[6.031913757324219, 2.0055222511291504, 1.0374282598495483, 2.775597333908081]","[0.5500484704971313, 0.6698869466781616, 0.889384388923645, 0.9791325926780701]"
16721.0,2013-03-01T00:00:00.000000000,"[2.0055222511291504, 1.0374282598495483, 2.775597333908081, 6.339943885803223]","[2.6744675636291504, 2.7873151302337646, 2.788878917694092, 3.346156358718872]"
20779.0,2006-06-01T00:00:00.000000000,"[0.42136821150779724, 0.5093768239021301, 0.4873746931552887, 0.4653724431991577]","[0.344280481338501, 0.3232571482658386, 0.3113403022289276, 0.298289954662323]"
20779.0,2006-09-01T00:00:00.000000000,"[0.5093768239021301, 0.4873746931552887, 0.4653724431991577, 0.4873746931552887]","[0.3548889756202698, 0.3366847634315491, 0.32321250438690186, 0.314273476600647]"
20779.0,2006-12-01T00:00:00.000000000,"[0.4873746931552887, 0.4653724431991577, 0.4873746931552887, 0.5973852872848511]","[0.4101346731185913, 0.39227819442749023, 0.3850046992301941, 0.3737104535102844]"
20779.0,2007-03-01T00:00:00.000000000,"[0.4653724431991577, 0.4873746931552887, 0.5973852872848511, 0.5973852872848511]","[0.4015798270702362, 0.3859691321849823, 0.37785911560058594, 0.3698235750198364]"
20779.0,2007-06-01T00:00:00.000000000,"[0.4873746931552887, 0.5973852872848511, 0.5973852872848511, 0.553381085395813]","[0.4235506057739258, 0.39336496591567993, 0.37640145421028137, 0.3527519106864929]"
20779.0,2007-09-01T00:00:00.000000000,"[0.5973852872848511, 0.5973852872848511, 0.553381085395813, 0.553381085395813]","[0.4462401270866394, 0.4376671314239502, 0.43670356273651123, 0.43453627824783325]"
20779.0,2007-12-01T00:00:00.000000000,"[0.5973852872848511, 0.553381085395813, 0.553381085395813, 0.6853939294815063]","[0.5031171441078186, 0.4959608316421509, 0.4998616874217987, 0.4936028718948364]"
20779.0,2008-03-01T00:00:00.000000000,"[0.553381085395813, 0.553381085395813, 0.6853939294815063, 0.6413896679878235]","[0.49819087982177734, 0.46902230381965637, 0.45409095287323, 0.4311091899871826]"
20779.0,2008-06-01T00:00:00.000000000,"[0.553381085395813, 0.6853939294815063, 0.6413896679878235, 0.553381085395813]","[0.49615398049354553, 0.4800214171409607, 0.4736033082008362, 0.4648164212703705]"
20779.0,2008-09-01T00:00:00.000000000,"[0.6853939294815063, 0.6413896679878235, 0.553381085395813, 0.6193875670433044]","[0.4633170962333679, 0.4453514814376831, 0.43158239126205444, 0.4221431314945221]"
20779.0,2008-12-01T00:00:00.000000000,"[0.6413896679878235, 0.553381085395813, 0.6193875670433044, 0.6413896679878235]","[0.5228574872016907, 0.5078551769256592, 0.4999380111694336, 0.49327054619789124]"
20779.0,2009-03-01T00:00:00.000000000,"[0.553381085395813, 0.6193875670433044, 0.6413896679878235, 0.6413896679878235]","[0.5680317282676697, 0.5506073236465454, 0.5442907810211182, 0.5344439148902893]"
20779.0,2009-06-01T00:00:00.000000000,"[0.6193875670433044, 0.6413896679878235, 0.6413896679878235, 0.6853939294815063]","[0.5497724413871765, 0.5292338132858276, 0.5191654562950134, 0.5071223974227905]"
20779.0,2009-09-01T00:00:00.000000000,"[0.6413896679878235, 0.6413896679878235, 0.6853939294815063, 0.7514004111289978]","[0.5786610841751099, 0.5615047812461853, 0.5569090247154236, 0.5478388667106628]"
20779.0,2009-12-01T00:00:00.000000000,"[0.6413896679878235, 0.6853939294815063, 0.7514004111289978, 0.8394088745117188]","[0.6055711507797241, 0.5923702716827393, 0.5921757817268372, 0.5873540043830872]"
20779.0,2010-03-01T00:00:00.000000000,"[0.6853939294815063, 0.7514004111289978, 0.8394088745117188, 0.9494196176528931]","[0.6128295063972473, 0.60425865650177, 0.6007598042488098, 0.6009585857391357]"
20779.0,2010-06-01T00:00:00.000000000,"[0.7514004111289978, 0.8394088745117188, 0.9494196176528931, 0.9054153561592102]","[0.618362307548523, 0.5958710312843323, 0.5836068391799927, 0.5691495537757874]"
20779.0,2010-09-01T00:00:00.000000000,"[0.8394088745117188, 0.9494196176528931, 0.9054153561592102, 1.0154259204864502]","[0.6773794889450073, 0.6708363890647888, 0.6719391345977783, 0.6725422143936157]"
20779.0,2010-12-01T00:00:00.000000000,"[0.9494196176528931, 0.9054153561592102, 1.0154259204864502, 1.125436782836914]","[0.7244769334793091, 0.7122673392295837, 0.711837649345398, 0.7028173208236694]"
20779.0,2011-03-01T00:00:00.000000000,"[0.9054153561592102, 1.0154259204864502, 1.125436782836914, 1.147438883781433]","[0.7614444494247437, 0.7462581396102905, 0.7442664504051208, 0.735400915145874]"
20779.0,2011-06-01T00:00:00.000000000,"[1.0154259204864502, 1.125436782836914, 1.147438883781433, 0.9934238195419312]","[0.7652091383934021, 0.7370968461036682, 0.724938690662384, 0.70377516746521]"
20779.0,2011-09-01T00:00:00.000000000,"[1.125436782836914, 1.147438883781433, 0.9934238195419312, 1.0374282598495483]","[0.8410220742225647, 0.8042289614677429, 0.7908205986022949, 0.76036137342453]"
20779.0,2011-12-01T00:00:00.000000000,"[1.147438883781433, 0.9934238195419312, 1.0374282598495483, 1.0594303607940674]","[0.9035768508911133, 0.8663895726203918, 0.8564844131469727, 0.8256697654724121]"
20779.0,2012-03-01T00:00:00.000000000,"[0.9934238195419312, 1.0374282598495483, 1.0594303607940674, 0.9714217185974121]","[0.9361722469329834, 0.8639222383499146, 0.827763557434082, 0.7614997625350952]"
20779.0,2012-06-01T00:00:00.000000000,"[1.0374282598495483, 1.0594303607940674, 0.9714217185974121, 1.0374282598495483]","[0.8875609040260315, 0.8394511938095093, 0.8118231892585754, 0.7727465033531189]"
20779.0,2012-09-01T00:00:00.000000000,"[1.0594303607940674, 0.9714217185974121, 1.0374282598495483, 1.125436782836914]","[0.9164462089538574, 0.8737291097640991, 0.8518995046615601, 0.8185758590698242]"
20779.0,2012-12-01T00:00:00.000000000,"[0.9714217185974121, 1.0374282598495483, 1.125436782836914, 1.147438883781433]","[0.9453457593917847, 0.9118385314941406, 0.8986607789993286, 0.8748517632484436]"
20779.0,2013-03-01T00:00:00.000000000,"[1.0374282598495483, 1.125436782836914, 1.147438883781433, 1.103434681892395]","[0.9141439199447632, 0.8962621688842773, 0.8854390382766724, 0.8790433406829834]"
24197.0,2006-03-01T00:00:00.000000000,"[0.5093768239021301, 0.4543713927268982, 0.34436073899269104, 0.37736397981643677]","[0.17503878474235535, 0.14153507351875305, 0.12687534093856812, 0.10271162539720535]"
24197.0,2006-06-01T00:00:00.000000000,"[0.4543713927268982, 0.34436073899269104, 0.37736397981643677, 0.6193875670433044]","[0.2500866651535034, 0.24746595323085785, 0.2512432932853699, 0.2583487629890442]"
24197.0,2006-09-01T00:00:00.000000000,"[0.34436073899269104, 0.37736397981643677, 0.6193875670433044, 0.4873746931552887]","[0.2672443985939026, 0.25283604860305786, 0.24710774421691895, 0.24287617206573486]"
24197.0,2006-12-01T00:00:00.000000000,"[0.37736397981643677, 0.6193875670433044, 0.4873746931552887, 0.35536178946495056]","[0.26283034682273865, 0.23245500028133392, 0.2117689847946167, 0.19171032309532166]"
24197.0,2007-03-01T00:00:00.000000000,"[0.6193875670433044, 0.4873746931552887, 0.35536178946495056, 0.42136821150779724]","[0.27239811420440674, 0.255049467086792, 0.24630537629127502, 0.24038735032081604]"
24197.0,2007-06-01T00:00:00.000000000,"[0.4873746931552887, 0.35536178946495056, 0.42136821150779724, 0.9274174571037292]","[0.40901121497154236, 0.38580387830734253, 0.37846964597702026, 0.37475648522377014]"
24197.0,2007-12-01T00:00:00.000000000,"[0.35536178946495056, 0.42136821150779724, 0.9274174571037292, 0.6633917689323425]","[0.4228200316429138, 0.37652823328971863, 0.35508331656455994, 0.31722232699394226]"
24197.0,2008-03-01T00:00:00.000000000,"[0.42136821150779724, 0.9274174571037292, 0.6633917689323425, 0.575383186340332]","[0.3642822802066803, 0.31945255398750305, 0.28868040442466736, 0.2543207108974457]"
24197.0,2008-06-01T00:00:00.000000000,"[0.9274174571037292, 0.6633917689323425, 0.575383186340332, 0.9934238195419312]","[0.3828386068344116, 0.3538486361503601, 0.3399726152420044, 0.32188382744789124]"
24197.0,2008-09-01T00:00:00.000000000,"[0.6633917689323425, 0.575383186340332, 0.9934238195419312, 1.3894624710083008]","[0.5074435472488403, 0.5039762854576111, 0.5109751224517822, 0.5170018672943115]"
24197.0,2008-12-01T00:00:00.000000000,"[0.575383186340332, 0.9934238195419312, 1.3894624710083008, 1.0374282598495483]","[0.5936940908432007, 0.5568950176239014, 0.5542266368865967, 0.5095310211181641]"
24197.0,2009-03-01T00:00:00.000000000,"[0.9934238195419312, 1.3894624710083008, 1.0374282598495483, 0.9934238195419312]","[0.4669942259788513, 0.3926555812358856, 0.3366895020008087, 0.2740170359611511]"
24197.0,2009-06-01T00:00:00.000000000,"[1.3894624710083008, 1.0374282598495483, 0.9934238195419312, 1.5214751958847046]","[0.6173868775367737, 0.5577977895736694, 0.5300042629241943, 0.4810708165168762]"
24197.0,2009-09-01T00:00:00.000000000,"[1.0374282598495483, 0.9934238195419312, 1.5214751958847046, 2.0055222511291504]","[0.8363940119743347, 0.8074585795402527, 0.8072035312652588, 0.7871138453483582]"
24197.0,2009-12-01T00:00:00.000000000,"[0.9934238195419312, 1.5214751958847046, 2.0055222511291504, 1.6094835996627808]","[0.8132034540176392, 0.7180572748184204, 0.670287549495697, 0.5864410400390625]"
24197.0,2010-03-01T00:00:00.000000000,"[1.5214751958847046, 2.0055222511291504, 1.6094835996627808, 1.455468773841858]","[0.7710776329040527, 0.6583459377288818, 0.5897307395935059, 0.4903126358985901]"
24197.0,2010-06-01T00:00:00.000000000,"[2.0055222511291504, 1.6094835996627808, 1.455468773841858, 1.8735092878341675]","[0.980680525302887, 0.8859344720840454, 0.8504246473312378, 0.7681127190589905]"
24197.0,2010-09-01T00:00:00.000000000,"[1.6094835996627808, 1.455468773841858, 1.8735092878341675, 2.4455649852752686]","[1.1952978372573853, 1.1687496900558472, 1.1730693578720093, 1.1580233573913574]"
24197.0,2010-12-01T00:00:00.000000000,"[1.455468773841858, 1.8735092878341675, 2.4455649852752686, 2.027524471282959]","[1.1811169385910034, 1.0797832012176514, 1.029274582862854, 0.9422174692153931]"
24197.0,2011-03-01T00:00:00.000000000,"[1.8735092878341675, 2.4455649852752686, 2.027524471282959, 1.5874814987182617]","[1.3071221113204956, 1.209834337234497, 1.1660776138305664, 1.0848608016967773]"
24197.0,2011-06-01T00:00:00.000000000,"[2.4455649852752686, 2.027524471282959, 1.5874814987182617, 2.1375350952148438]","[1.4836407899856567, 1.4218271970748901, 1.4198384284973145, 1.374692678451538]"
24197.0,2011-09-01T00:00:00.000000000,"[2.027524471282959, 1.5874814987182617, 2.1375350952148438, 3.083627223968506]","[1.5383410453796387, 1.3667066097259521, 1.2799394130706787, 1.1270616054534912]"
24197.0,2011-12-01T00:00:00.000000000,"[1.5874814987182617, 2.1375350952148438, 3.083627223968506, 3.017620801925659]","[1.6225450038909912, 1.4947614669799805, 1.4300026893615723, 1.3233706951141357]"
24197.0,2012-03-01T00:00:00.000000000,"[2.1375350952148438, 3.083627223968506, 3.017620801925659, 3.721689224243164]","[1.4441192150115967, 1.3110771179199219, 1.2324169874191284, 1.128063678741455]"
24197.0,2012-06-01T00:00:00.000000000,"[3.083627223968506, 3.017620801925659, 3.721689224243164, 4.469761848449707]","[1.6396443843841553, 1.5611414909362793, 1.5420260429382324, 1.4926271438598633]"
24197.0,2012-09-01T00:00:00.000000000,"[3.017620801925659, 3.721689224243164, 4.469761848449707, 4.447759628295898]","[2.1363365650177, 2.0848288536071777, 2.0961709022521973, 2.0677554607391357]"
24197.0,2012-12-01T00:00:00.000000000,"[3.721689224243164, 4.469761848449707, 4.447759628295898, 3.765693426132202]","[2.337653398513794, 2.1322853565216064, 2.049473285675049, 1.8643934726715088]"
24197.0,2013-03-01T00:00:00.000000000,"[4.469761848449707, 4.447759628295898, 3.765693426132202, 3.4576635360717773]","[2.6957969665527344, 2.438356876373291, 2.335689067840576, 2.0962307453155518]"
24316.0,2007-09-01T00:00:00.000000000,"[-0.38170990347862244, -0.4514566659927368, -0.40745237469673157, -0.3377055823802948]","[-0.4711531400680542, -0.4822441041469574, -0.48678889870643616, -0.49487102031707764]"
24316.0,2007-12-01T00:00:00.000000000,"[-0.4514566659927368, -0.40745237469673157, -0.3377055823802948, -0.3229641616344452]","[-0.44944247603416443, -0.46235793828964233, -0.466867595911026, -0.47689077258110046]"
24316.0,2008-03-01T00:00:00.000000000,"[-0.40745237469673157, -0.3377055823802948, -0.3229641616344452, -0.30470237135887146]","[-0.4606243073940277, -0.47858718037605286, -0.48844900727272034, -0.5031880140304565]"
24316.0,2008-06-01T00:00:00.000000000,"[-0.3377055823802948, -0.3229641616344452, -0.30470237135887146, -0.3487066924571991]","[-0.4454650282859802, -0.4615262746810913, -0.4689342677593231, -0.481840044260025]"
24316.0,2008-09-01T00:00:00.000000000,"[-0.3229641616344452, -0.30470237135887146, -0.3487066924571991, -0.2716991901397705]","[-0.41940173506736755, -0.43099042773246765, -0.433725506067276, -0.4421054720878601]"
24316.0,2008-12-01T00:00:00.000000000,"[-0.30470237135887146, -0.3487066924571991, -0.2716991901397705, -0.2606981098651886]","[-0.3996821939945221, -0.4169848561286926, -0.4243839979171753, -0.43857136368751526]"
24316.0,2009-03-01T00:00:00.000000000,"[-0.3487066924571991, -0.2716991901397705, -0.2606981098651886, -0.39271095395088196]","[-0.3748323917388916, -0.4001263380050659, -0.4116809070110321, -0.4341334402561188]"
24316.0,2009-06-01T00:00:00.000000000,"[-0.2716991901397705, -0.2606981098651886, -0.39271095395088196, -0.2716991901397705]","[-0.3877943456172943, -0.4133053123950958, -0.4263187348842621, -0.448283314704895]"
24316.0,2009-09-01T00:00:00.000000000,"[-0.2606981098651886, -0.39271095395088196, -0.2716991901397705, -0.1726895570755005]","[-0.36626136302948, -0.38456225395202637, -0.3925827145576477, -0.40698182582855225]"
24316.0,2009-12-01T00:00:00.000000000,"[-0.39271095395088196, -0.2716991901397705, -0.1726895570755005, -0.15068741142749786]","[-0.34725069999694824, -0.36676308512687683, -0.3747495710849762, -0.3902057707309723]"
24316.0,2010-03-01T00:00:00.000000000,"[-0.2716991901397705, -0.1726895570755005, -0.15068741142749786, -0.22769489884376526]","[-0.3843194246292114, -0.4064996838569641, -0.42036181688308716, -0.43777164816856384]"
24316.0,2010-06-01T00:00:00.000000000,"[-0.1726895570755005, -0.15068741142749786, -0.22769489884376526, -0.15068741142749786]","[-0.3395504355430603, -0.3567787706851959, -0.36320310831069946, -0.3762814998626709]"
24316.0,2010-09-01T00:00:00.000000000,"[-0.15068741142749786, -0.22769489884376526, -0.15068741142749786, -0.11768423020839691]","[-0.2938888669013977, -0.3075883388519287, -0.3088086247444153, -0.3185728192329407]"
24316.0,2010-12-01T00:00:00.000000000,"[-0.22769489884376526, -0.15068741142749786, -0.11768423020839691, -0.0956820473074913]","[-0.2648125886917114, -0.29008185863494873, -0.3007326126098633, -0.3229432702064514]"
24316.0,2011-03-01T00:00:00.000000000,"[-0.15068741142749786, -0.11768423020839691, -0.0956820473074913, -0.1836906224489212]","[-0.28098082542419434, -0.3139216899871826, -0.3318730890750885, -0.36040693521499634]"
24316.0,2011-06-01T00:00:00.000000000,"[-0.11768423020839691, -0.0956820473074913, -0.1836906224489212, -0.08468098938465118]","[-0.2503018081188202, -0.28019070625305176, -0.29370182752609253, -0.3192344009876251]"
24316.0,2011-09-01T00:00:00.000000000,"[-0.0956820473074913, -0.1836906224489212, -0.08468098938465118, -0.05167780816555023]","[-0.2328023910522461, -0.2576611638069153, -0.2675844728946686, -0.28747355937957764]"
24316.0,2011-12-01T00:00:00.000000000,"[-0.1836906224489212, -0.08468098938465118, -0.05167780816555023, 0.014328615739941597]","[-0.20622733235359192, -0.2362099289894104, -0.2505204677581787, -0.2756350636482239]"
24316.0,2012-03-01T00:00:00.000000000,"[-0.08468098938465118, -0.05167780816555023, 0.014328615739941597, -0.018674563616514206]","[-0.22314660251140594, -0.2560497522354126, -0.27380481362342834, -0.3010207712650299]"
24316.0,2012-06-01T00:00:00.000000000,"[-0.05167780816555023, 0.014328615739941597, -0.018674563616514206, -0.05167780816555023]","[-0.18046778440475464, -0.209247425198555, -0.22160287201404572, -0.24508510529994965]"
24316.0,2012-09-01T00:00:00.000000000,"[0.014328615739941597, -0.018674563616514206, -0.05167780816555023, 0.12433934211730957]","[-0.16188082098960876, -0.18612132966518402, -0.19499191641807556, -0.2133750319480896]"
24316.0,2012-12-01T00:00:00.000000000,"[-0.018674563616514206, -0.05167780816555023, 0.12433934211730957, -0.007673503365367651]","[-0.11797156929969788, -0.1488102525472641, -0.1624411791563034, -0.18790845572948456]"
24316.0,2013-03-01T00:00:00.000000000,"[-0.05167780816555023, 0.12433934211730957, -0.007673503365367651, -0.04067668318748474]","[-0.10772882401943207, -0.14655539393424988, -0.1650545299053192, -0.19828586280345917]"
24344.0,2006-06-01T00:00:00.000000000,"[-2.1968863010406494, -2.284895181655884, -2.328899383544922, -2.526918411254883]","[-2.365621566772461, -2.2765443325042725, -2.176409959793091, -2.082736015319824]"
24344.0,2006-09-01T00:00:00.000000000,"[-2.284895181655884, -2.328899383544922, -2.526918411254883, -1.8888564109802246]","[-2.275892734527588, -2.1868324279785156, -2.1256232261657715, -1.9607367515563965]"
24344.0,2006-12-01T00:00:00.000000000,"[-2.328899383544922, -2.526918411254883, -1.8888564109802246, -0.9867687225341797]","[-1.9524141550064087, -1.9084962606430054, -1.8104382753372192, -1.743046760559082]"
24344.0,2007-03-01T00:00:00.000000000,"[-2.526918411254883, -1.8888564109802246, -0.9867687225341797, -0.3267045319080353]","[-2.180925130844116, -2.1255788803100586, -2.0748672485351562, -1.9781413078308105]"
24344.0,2007-06-01T00:00:00.000000000,"[-1.8888564109802246, -0.9867687225341797, -0.3267045319080353, -0.5027216672897339]","[-2.38655424118042, -2.3008241653442383, -2.2062318325042725, -2.1118717193603516]"
24344.0,2007-09-01T00:00:00.000000000,"[-0.9867687225341797, -0.3267045319080353, -0.5027216672897339, -0.1726895570755005]","[-2.2873685359954834, -2.2021896839141846, -2.13429856300354, -2.0147416591644287]"
24344.0,2007-12-01T00:00:00.000000000,"[-0.3267045319080353, -0.5027216672897339, -0.1726895570755005, -0.3487066924571991]","[-1.2893719673156738, -1.2592692375183105, -1.2784435749053955, -1.1410553455352783]"
24344.0,2008-03-01T00:00:00.000000000,"[-0.5027216672897339, -0.1726895570755005, -0.3487066924571991, 0.06933397799730301]","[-0.8234844207763672, -0.8319103717803955, -0.8193190097808838, -0.7643049955368042]"
24344.0,2008-06-01T00:00:00.000000000,"[-0.1726895570755005, -0.3487066924571991, 0.06933397799730301, 0.20134682953357697]","[-0.6437081098556519, -0.6525894403457642, -0.6345193386077881, -0.582680344581604]"
24344.0,2008-09-01T00:00:00.000000000,"[-0.3487066924571991, 0.06933397799730301, 0.20134682953357697, 0.15734252333641052]","[-0.24015498161315918, -0.255046010017395, -0.23809480667114258, -0.20238304138183594]"
24344.0,2008-12-01T00:00:00.000000000,"[0.06933397799730301, 0.20134682953357697, 0.15734252333641052, 0.4653724431991577]","[-0.7689216136932373, -0.8399375081062317, -0.8783054947853088, -0.8794947266578674]"
24344.0,2009-03-01T00:00:00.000000000,"[0.20134682953357697, 0.15734252333641052, 0.4653724431991577, 0.6413896679878235]","[-0.5004154443740845, -0.6322104930877686, -0.717414915561676, -0.7885915637016296]"
24344.0,2009-06-01T00:00:00.000000000,"[0.15734252333641052, 0.4653724431991577, 0.6413896679878235, 0.9714217185974121]","[-0.2710704803466797, -0.4379533529281616, -0.5273534059524536, -0.634867250919342]"
24344.0,2009-09-01T00:00:00.000000000,"[0.4653724431991577, 0.6413896679878235, 0.9714217185974121, 1.3674603700637817]","[-0.19206571578979492, -0.3394838571548462, -0.4169628620147705, -0.5025830268859863]"
24344.0,2009-12-01T00:00:00.000000000,"[0.6413896679878235, 0.9714217185974121, 1.3674603700637817, 1.6974923610687256]","[-0.0052073001861572266, -0.07798409461975098, -0.09634613990783691, -0.10580122470855713]"
24344.0,2010-03-01T00:00:00.000000000,"[0.9714217185974121, 1.3674603700637817, 1.6974923610687256, 2.1595370769500732]","[0.12507808208465576, -0.021274566650390625, -0.0972900390625, -0.18286919593811035]"
24344.0,2010-06-01T00:00:00.000000000,"[1.3674603700637817, 1.6974923610687256, 2.1595370769500732, 1.8075029850006104]","[0.4448568820953369, 0.25240278244018555, 0.1616886854171753, 0.023433446884155273]"
24344.0,2010-09-01T00:00:00.000000000,"[1.6974923610687256, 2.1595370769500732, 1.8075029850006104, 2.071528673171997]","[0.5421568155288696, 0.40437793731689453, 0.361283540725708, 0.28377342224121094]"
24344.0,2010-12-01T00:00:00.000000000,"[2.1595370769500732, 1.8075029850006104, 2.071528673171997, 2.0055222511291504]","[0.986481785774231, 0.7762095928192139, 0.6878387928009033, 0.528193473815918]"
24344.0,2011-03-01T00:00:00.000000000,"[1.8075029850006104, 2.071528673171997, 2.0055222511291504, 3.0396230220794678]","[1.0288755893707275, 0.8546533584594727, 0.7638306617736816, 0.6486109495162964]"
24344.0,2011-06-01T00:00:00.000000000,"[2.071528673171997, 2.0055222511291504, 3.0396230220794678, 4.931806564331055]","[1.1338577270507812, 0.9092685580253601, 0.7878066897392273, 0.6241274476051331]"
24344.0,2011-09-01T00:00:00.000000000,"[2.0055222511291504, 3.0396230220794678, 4.931806564331055, 5.0418171882629395]","[1.3552899360656738, 1.0917177200317383, 0.9485608339309692, 0.7435252666473389]"
24344.0,2011-12-01T00:00:00.000000000,"[3.0396230220794678, 4.931806564331055, 5.0418171882629395, 5.107824325561523]","[1.0189030170440674, 0.6936085820198059, 0.4977065324783325, 0.2446773648262024]"
24344.0,2012-03-01T00:00:00.000000000,"[4.931806564331055, 5.0418171882629395, 5.107824325561523, 4.82179594039917]","[1.7502632141113281, 1.5084788799285889, 1.3934227228164673, 1.2279049158096313]"
24344.0,2012-06-01T00:00:00.000000000,"[5.0418171882629395, 5.107824325561523, 4.82179594039917, 5.855896949768066]","[2.7649712562561035, 2.410069704055786, 2.292545795440674, 1.9824132919311523]"
24344.0,2012-09-01T00:00:00.000000000,"[5.107824325561523, 4.82179594039917, 5.855896949768066, 6.1419243812561035]","[3.2016031742095947, 2.643160104751587, 2.391324996948242, 1.874377965927124]"
24344.0,2012-12-01T00:00:00.000000000,"[4.82179594039917, 5.855896949768066, 6.1419243812561035, 7.132020950317383]","[3.3769400119781494, 2.8161935806274414, 2.5653343200683594, 2.0570030212402344]"
24344.0,2013-03-01T00:00:00.000000000,"[5.855896949768066, 6.1419243812561035, 7.132020950317383, 6.713980197906494]","[2.8618340492248535, 2.3336105346679688, 2.0123612880706787, 1.5668388605117798]"
24468.0,2006-06-01T00:00:00.000000000,"[6.647973537445068, 7.660072326660156, 8.298134803771973, 7.704076290130615]","[3.578272819519043, 3.2411794662475586, 3.0176525115966797, 2.7222325801849365]"
24468.0,2006-09-01T00:00:00.000000000,"[7.660072326660156, 8.298134803771973, 7.704076290130615, 8.584161758422852]","[4.633750915527344, 4.415637493133545, 4.360054016113281, 4.17753791809082]"
24468.0,2006-12-01T00:00:00.000000000,"[8.298134803771973, 7.704076290130615, 8.584161758422852, 9.156217575073242]","[5.3762617111206055, 4.9130048751831055, 4.723549842834473, 4.197264671325684]"
24468.0,2007-03-01T00:00:00.000000000,"[7.704076290130615, 8.584161758422852, 9.156217575073242, 9.20022201538086]","[5.884003639221191, 5.453372001647949, 5.2484588623046875, 4.749327659606934]"
24468.0,2007-06-01T00:00:00.000000000,"[8.584161758422852, 9.156217575073242, 9.20022201538086, 9.838284492492676]","[5.8180623054504395, 5.301851272583008, 5.060571670532227, 4.580748081207275]"
24468.0,2007-09-01T00:00:00.000000000,"[9.156217575073242, 9.20022201538086, 9.838284492492676, 10.762373924255371]","[5.909282684326172, 5.272599220275879, 4.932982444763184, 4.368406772613525]"
24468.0,2007-12-01T00:00:00.000000000,"[9.20022201538086, 9.838284492492676, 10.762373924255371, 10.718369483947754]","[6.93563175201416, 6.253783702850342, 5.961783409118652, 5.34202241897583]"
24468.0,2008-03-01T00:00:00.000000000,"[9.838284492492676, 10.762373924255371, 10.718369483947754, 10.388337135314941]","[7.024713516235352, 6.2975311279296875, 5.906458854675293, 5.254651069641113]"
24468.0,2008-06-01T00:00:00.000000000,"[10.762373924255371, 10.718369483947754, 10.388337135314941, 10.740371704101562]","[7.489808082580566, 6.750704765319824, 6.363499641418457, 5.706264019012451]"
24468.0,2008-09-01T00:00:00.000000000,"[10.718369483947754, 10.388337135314941, 10.740371704101562, 10.388337135314941]","[8.0979585647583, 7.421849250793457, 7.145150184631348, 6.560154914855957]"
24468.0,2008-12-01T00:00:00.000000000,"[10.388337135314941, 10.740371704101562, 10.388337135314941, 13.182609558105469]","[8.800395965576172, 8.079540252685547, 7.687918663024902, 7.004408836364746]"
24468.0,2009-03-01T00:00:00.000000000,"[10.740371704101562, 10.388337135314941, 13.182609558105469, 10.872385025024414]","[8.612846374511719, 8.03217887878418, 7.753664493560791, 7.288720607757568]"
24468.0,2009-06-01T00:00:00.000000000,"[10.388337135314941, 13.182609558105469, 10.872385025024414, 12.610553741455078]","[8.971818923950195, 8.456104278564453, 8.23313045501709, 7.841973304748535]"
24468.0,2009-09-01T00:00:00.000000000,"[13.182609558105469, 10.872385025024414, 12.610553741455078, 12.060501098632812]","[9.486572265625, 8.992827415466309, 8.795456886291504, 8.424491882324219]"
24468.0,2009-12-01T00:00:00.000000000,"[10.872385025024414, 12.610553741455078, 12.060501098632812, 15.580842971801758]","[9.886453628540039, 9.851984024047852, 9.950555801391602, 9.889236450195312]"
24468.0,2010-03-01T00:00:00.000000000,"[12.610553741455078, 12.060501098632812, 15.580842971801758, 14.678754806518555]","[10.022905349731445, 9.700489044189453, 9.57512378692627, 9.402891159057617]"
24468.0,2010-06-01T00:00:00.000000000,"[12.060501098632812, 15.580842971801758, 14.678754806518555, 14.656752586364746]","[10.748741149902344, 10.466108322143555, 10.354768753051758, 10.218050003051758]"
24468.0,2010-09-01T00:00:00.000000000,"[15.580842971801758, 14.678754806518555, 14.656752586364746, 19.431217193603516]","[11.280060768127441, 10.922866821289062, 10.836957931518555, 10.620647430419922]"
24468.0,2010-12-01T00:00:00.000000000,"[14.678754806518555, 14.656752586364746, 19.431217193603516, 19.475223541259766]","[11.537250518798828, 10.792795181274414, 10.425029754638672, 9.828522682189941]"
24468.0,2011-03-01T00:00:00.000000000,"[14.656752586364746, 19.431217193603516, 19.475223541259766, 17.649045944213867]","[12.138562202453613, 11.167657852172852, 10.624530792236328, 9.797462463378906]"
24468.0,2011-06-01T00:00:00.000000000,"[19.431217193603516, 19.475223541259766, 17.649045944213867, 19.409217834472656]","[12.343900680541992, 11.295266151428223, 10.633280754089355, 9.735706329345703]"
24468.0,2011-09-01T00:00:00.000000000,"[19.475223541259766, 17.649045944213867, 19.409217834472656, 18.74915313720703]","[14.174341201782227, 13.169790267944336, 12.636368751525879, 11.770318984985352]"
24468.0,2011-12-01T00:00:00.000000000,"[17.649045944213867, 19.409217834472656, 18.74915313720703, 9.376238822937012]","[15.815582275390625, 14.918794631958008, 14.491613388061523, 13.72426986694336]"
24468.0,2012-03-01T00:00:00.000000000,"[19.409217834472656, 18.74915313720703, 9.376238822937012, 11.048401832580566]","[15.64752197265625, 14.714815139770508, 14.182342529296875, 13.407041549682617]"
24468.0,2012-06-01T00:00:00.000000000,"[18.74915313720703, 9.376238822937012, 11.048401832580566, 11.79647445678711]","[16.370241165161133, 15.609621047973633, 15.240589141845703, 14.651885986328125]"
24468.0,2012-09-01T00:00:00.000000000,"[9.376238822937012, 11.048401832580566, 11.79647445678711, 9.794280052185059]","[16.141746520996094, 15.740203857421875, 15.665542602539062, 15.48421859741211]"
24468.0,2012-12-01T00:00:00.000000000,"[11.048401832580566, 11.79647445678711, 9.794280052185059, 6.757984638214111]","[13.015558242797852, 12.570582389831543, 12.224672317504883, 12.088525772094727]"
24617.0,2006-06-01T00:00:00.000000000,"[0.5606417655944824, 0.6193875670433044, 0.4873746931552887, 0.37010324001312256]","[0.06953161954879761, 0.024546951055526733, -0.01819320023059845, -0.06167572736740112]"
24617.0,2006-09-01T00:00:00.000000000,"[0.6193875670433044, 0.4873746931552887, 0.37010324001312256, 0.7661417722702026]","[0.1775997132062912, 0.1376791149377823, 0.12955494225025177, 0.09703965485095978]"
24617.0,2006-12-01T00:00:00.000000000,"[0.4873746931552887, 0.37010324001312256, 0.7661417722702026, 0.7514004111289978]","[0.3458135724067688, 0.2577948570251465, 0.22455433011054993, 0.14289039373397827]"
24617.0,2007-03-01T00:00:00.000000000,"[0.37010324001312256, 0.7661417722702026, 0.7514004111289978, 0.5461203455924988]","[0.2942773699760437, 0.19981883466243744, 0.1486537903547287, 0.06357339024543762]"
24617.0,2007-06-01T00:00:00.000000000,"[0.7661417722702026, 0.7514004111289978, 0.5461203455924988, 0.35536178946495056]","[0.26064324378967285, 0.1675189584493637, 0.11892230808734894, 0.03794586658477783]"
24617.0,2007-09-01T00:00:00.000000000,"[0.7514004111289978, 0.5461203455924988, 0.35536178946495056, 0.7366588711738586]","[0.40018150210380554, 0.32762718200683594, 0.29717203974723816, 0.23577788472175598]"
24617.0,2007-12-01T00:00:00.000000000,"[0.5461203455924988, 0.35536178946495056, 0.7366588711738586, 0.8101460337638855]","[0.48781898617744446, 0.48101404309272766, 0.4388243854045868, 0.4092509150505066]"
24617.0,2008-03-01T00:00:00.000000000,"[0.35536178946495056, 0.7366588711738586, 0.8101460337638855, 0.5166375637054443]","[0.4830701947212219, 0.37625473737716675, 0.31506460905075073, 0.21169695258140564]"
24617.0,2008-06-01T00:00:00.000000000,"[0.7366588711738586, 0.8101460337638855, 0.5166375637054443, 0.4726331830024719]","[0.41102874279022217, 0.3167620301246643, 0.2622429132461548, 0.18401192128658295]"
24617.0,2008-09-01T00:00:00.000000000,"[0.8101460337638855, 0.5166375637054443, 0.4726331830024719, 1.0446888208389282]","[0.4780508577823639, 0.4291289746761322, 0.4138009250164032, 0.3830483853816986]"
24617.0,2008-12-01T00:00:00.000000000,"[0.5166375637054443, 0.4726331830024719, 1.0446888208389282, 1.1181758642196655]","[0.602863609790802, 0.5754234194755554, 0.5801683664321899, 0.5701744556427002]"
24617.0,2009-03-01T00:00:00.000000000,"[0.4726331830024719, 1.0446888208389282, 1.1181758642196655, 1.0446888208389282]","[0.5195682644844055, 0.44649049639701843, 0.3961805999279022, 0.34168732166290283]"
24617.0,2009-06-01T00:00:00.000000000,"[1.0446888208389282, 1.1181758642196655, 1.0446888208389282, 1.2501888275146484]","[0.49746936559677124, 0.43074724078178406, 0.38781559467315674, 0.3413298428058624]"
24617.0,2009-09-01T00:00:00.000000000,"[1.1181758642196655, 1.0446888208389282, 1.2501888275146484, 2.21828293800354]","[0.7634260058403015, 0.71616131067276, 0.7102519869804382, 0.6798768639564514]"
24617.0,2009-12-01T00:00:00.000000000,"[1.0446888208389282, 1.2501888275146484, 2.21828293800354, 2.4088215827941895]","[0.8803547620773315, 0.8253354430198669, 0.8108892440795898, 0.770788848400116]"
24617.0,2010-03-01T00:00:00.000000000,"[1.2501888275146484, 2.21828293800354, 2.4088215827941895, 2.1595370769500732]","[0.9326417446136475, 0.8532013893127441, 0.8122148513793945, 0.7474792003631592]"
24617.0,2010-06-01T00:00:00.000000000,"[2.21828293800354, 2.4088215827941895, 2.1595370769500732, 1.7047529220581055]","[1.0281860828399658, 0.9394130706787109, 0.9030939936637878, 0.8277779221534729]"
24617.0,2010-09-01T00:00:00.000000000,"[2.4088215827941895, 2.1595370769500732, 1.7047529220581055, 2.4675674438476562]","[1.3293726444244385, 1.2082501649856567, 1.1599819660186768, 1.0568019151687622]"
24617.0,2010-12-01T00:00:00.000000000,"[2.1595370769500732, 1.7047529220581055, 2.4675674438476562, 2.3062915802001953]","[1.5154855251312256, 1.353054165840149, 1.2806177139282227, 1.1318539381027222]"
24617.0,2011-03-01T00:00:00.000000000,"[1.7047529220581055, 2.4675674438476562, 2.3062915802001953, 1.9395159482955933]","[1.516114354133606, 1.30732262134552, 1.1964778900146484, 1.0053293704986572]"
24617.0,2011-06-01T00:00:00.000000000,"[2.4675674438476562, 2.3062915802001953, 1.9395159482955933, 1.8735092878341675]","[1.3917443752288818, 1.1930489540100098, 1.0844392776489258, 0.9104568958282471]"
24617.0,2011-09-01T00:00:00.000000000,"[2.3062915802001953, 1.9395159482955933, 1.8735092878341675, 2.0495264530181885]","[1.6551756858825684, 1.520982265472412, 1.4683756828308105, 1.3585498332977295]"
24617.0,2011-12-01T00:00:00.000000000,"[1.9395159482955933, 1.8735092878341675, 2.0495264530181885, 3.0616250038146973]","[1.7533283233642578, 1.59749436378479, 1.532867670059204, 1.4039692878723145]"
24617.0,2012-03-01T00:00:00.000000000,"[1.8735092878341675, 2.0495264530181885, 3.0616250038146973, 2.8416035175323486]","[1.7164183855056763, 1.5388216972351074, 1.437425136566162, 1.2890868186950684]"
24617.0,2012-06-01T00:00:00.000000000,"[2.0495264530181885, 3.0616250038146973, 2.8416035175323486, 3.0396230220794678]","[1.7196744680404663, 1.5683550834655762, 1.4953678846359253, 1.376706838607788]"
24617.0,2012-09-01T00:00:00.000000000,"[3.0616250038146973, 2.8416035175323486, 3.0396230220794678, 4.381753444671631]","[1.7918519973754883, 1.6978967189788818, 1.6618895530700684, 1.602874517440796]"
24617.0,2012-12-01T00:00:00.000000000,"[2.8416035175323486, 3.0396230220794678, 4.381753444671631, 4.733787536621094]","[2.239243984222412, 2.1462180614471436, 2.1323609352111816, 2.067866802215576]"
24617.0,2013-03-01T00:00:00.000000000,"[3.0396230220794678, 4.381753444671631, 4.733787536621094, 4.601775169372559]","[2.360856533050537, 2.180879592895508, 2.10599422454834, 1.9532628059387207]"
24856.0,2006-06-01T00:00:00.000000000,"[4.491764068603516, 3.8096976280212402, 4.645779132843018, 5.76788854598999]","[1.0282179117202759, 1.0017465353012085, 1.025580883026123, 1.086747169494629]"
24856.0,2006-09-01T00:00:00.000000000,"[3.8096976280212402, 4.645779132843018, 5.76788854598999, 6.229933261871338]","[1.839843511581421, 1.7405078411102295, 1.7540968656539917, 1.6909139156341553]"
24856.0,2006-12-01T00:00:00.000000000,"[4.645779132843018, 5.76788854598999, 6.229933261871338, 6.38394832611084]","[2.3406152725219727, 1.9281864166259766, 1.7380009889602661, 1.2766127586364746]"
24856.0,2007-03-01T00:00:00.000000000,"[5.76788854598999, 6.229933261871338, 6.38394832611084, 6.603969573974609]","[2.325615406036377, 1.955125093460083, 1.764754295349121, 1.427998661994934]"
24856.0,2007-06-01T00:00:00.000000000,"[6.229933261871338, 6.38394832611084, 6.603969573974609, 5.965907573699951]","[2.873018264770508, 2.5002617835998535, 2.343289375305176, 2.0136871337890625]"
24856.0,2007-09-01T00:00:00.000000000,"[6.38394832611084, 6.603969573974609, 5.965907573699951, 6.075918197631836]","[3.470487594604492, 2.8432576656341553, 2.4767560958862305, 1.8890254497528076]"
24856.0,2007-12-01T00:00:00.000000000,"[6.603969573974609, 5.965907573699951, 6.075918197631836, 5.349847793579102]","[4.262157440185547, 3.696326732635498, 3.4477667808532715, 2.9238176345825195]"
24856.0,2008-03-01T00:00:00.000000000,"[5.965907573699951, 6.075918197631836, 5.349847793579102, 5.239837169647217]","[4.440291881561279, 3.9235689640045166, 3.7086069583892822, 3.2521495819091797]"
24856.0,2008-06-01T00:00:00.000000000,"[6.075918197631836, 5.349847793579102, 5.239837169647217, 4.20573616027832]","[4.455915451049805, 3.9744138717651367, 3.7646965980529785, 3.3596949577331543]"
24856.0,2008-09-01T00:00:00.000000000,"[5.349847793579102, 5.239837169647217, 4.20573616027832, 4.931806564331055]","[4.7017645835876465, 4.271631240844727, 4.050395488739014, 3.703075408935547]"
24856.0,2008-12-01T00:00:00.000000000,"[5.239837169647217, 4.20573616027832, 4.931806564331055, 4.2937445640563965]","[4.025829315185547, 3.5941479206085205, 3.3124687671661377, 2.9951250553131104]"
24856.0,2009-03-01T00:00:00.000000000,"[4.20573616027832, 4.931806564331055, 4.2937445640563965, 3.21563982963562]","[4.572783470153809, 4.045705795288086, 3.733388662338257, 3.3047127723693848]"
24856.0,2009-06-01T00:00:00.000000000,"[4.931806564331055, 4.2937445640563965, 3.21563982963562, 2.5555758476257324]","[4.2412261962890625, 3.83441162109375, 3.5816993713378906, 3.2934484481811523]"
24856.0,2009-09-01T00:00:00.000000000,"[4.2937445640563965, 3.21563982963562, 2.5555758476257324, 3.5016677379608154]","[4.574671745300293, 4.526279449462891, 4.562490940093994, 4.642433166503906]"
24856.0,2009-12-01T00:00:00.000000000,"[3.21563982963562, 2.5555758476257324, 3.5016677379608154, 3.3476529121398926]","[4.765080451965332, 4.491490364074707, 4.348206520080566, 4.2002692222595215]"
24856.0,2010-03-01T00:00:00.000000000,"[2.5555758476257324, 3.5016677379608154, 3.3476529121398926, 2.4675674438476562]","[4.306180953979492, 4.281078815460205, 4.242835521697998, 4.362383842468262]"
24856.0,2010-06-01T00:00:00.000000000,"[3.5016677379608154, 3.3476529121398926, 2.4675674438476562, 3.171635627746582]","[3.5211706161499023, 3.581955909729004, 3.6397056579589844, 3.7949724197387695]"
24856.0,2010-09-01T00:00:00.000000000,"[3.3476529121398926, 2.4675674438476562, 3.171635627746582, 3.3036487102508545]","[3.613342523574829, 3.6689467430114746, 3.620771884918213, 3.8851022720336914]"
24856.0,2010-12-01T00:00:00.000000000,"[2.4675674438476562, 3.171635627746582, 3.3036487102508545, 3.1496336460113525]","[3.756317138671875, 3.7715954780578613, 3.750504970550537, 3.9285225868225098]"
24856.0,2011-03-01T00:00:00.000000000,"[3.171635627746582, 3.3036487102508545, 3.1496336460113525, 2.1595370769500732]","[3.029331684112549, 3.1111056804656982, 3.130019426345825, 3.332545280456543]"
24856.0,2011-06-01T00:00:00.000000000,"[3.3036487102508545, 3.1496336460113525, 2.1595370769500732, 2.9956183433532715]","[3.391080856323242, 3.428032875061035, 3.4165310859680176, 3.6026864051818848]"
24856.0,2011-09-01T00:00:00.000000000,"[3.1496336460113525, 2.1595370769500732, 2.9956183433532715, 1.7414965629577637]","[3.6734201908111572, 3.757894277572632, 3.821803092956543, 4.0541276931762695]"
24856.0,2011-12-01T00:00:00.000000000,"[2.1595370769500732, 2.9956183433532715, 1.7414965629577637, 3.9417104721069336]","[3.3817360401153564, 3.435159921646118, 3.379585027694702, 3.633368492126465]"
24856.0,2012-03-01T00:00:00.000000000,"[2.9956183433532715, 1.7414965629577637, 3.9417104721069336, 4.117727756500244]","[2.6951754093170166, 2.806936740875244, 2.878183126449585, 3.070927858352661]"
24856.0,2012-06-01T00:00:00.000000000,"[1.7414965629577637, 3.9417104721069336, 4.117727756500244, 3.875704050064087]","[3.101500988006592, 3.172708034515381, 3.1901910305023193, 3.4007225036621094]"
24856.0,2012-09-01T00:00:00.000000000,"[3.9417104721069336, 4.117727756500244, 3.875704050064087, 3.4136593341827393]","[2.0880303382873535, 2.355241060256958, 2.52827787399292, 2.9018547534942627]"
24856.0,2012-12-01T00:00:00.000000000,"[4.117727756500244, 3.875704050064087, 3.4136593341827393, 5.129826545715332]","[3.7488913536071777, 3.7815821170806885, 3.740138530731201, 3.920182704925537]"
24856.0,2013-03-01T00:00:00.000000000,"[3.875704050064087, 3.4136593341827393, 5.129826545715332, 0.8174067735671997]","[4.295558452606201, 4.29378604888916, 4.300465106964111, 4.434511661529541]"
24925.0,2006-06-01T00:00:00.000000000,"[2.7315926551818848, 2.7095906734466553, 3.369654893875122, 2.7095906734466553]","[2.279968023300171, 2.1097207069396973, 2.034907579421997, 1.8870234489440918]"
24925.0,2006-09-01T00:00:00.000000000,"[2.7095906734466553, 3.369654893875122, 2.7095906734466553, 3.0396230220794678]","[2.245832920074463, 2.1608307361602783, 2.1159253120422363, 2.0603816509246826]"
24925.0,2006-12-01T00:00:00.000000000,"[3.369654893875122, 2.7095906734466553, 3.0396230220794678, 2.8416035175323486]","[2.3308565616607666, 2.164794445037842, 2.083425760269165, 1.9505822658538818]"
24925.0,2007-03-01T00:00:00.000000000,"[2.7095906734466553, 3.0396230220794678, 2.8416035175323486, 3.3036487102508545]","[2.35290789604187, 2.2286934852600098, 2.155982732772827, 2.065222978591919]"
24925.0,2007-06-01T00:00:00.000000000,"[3.0396230220794678, 2.8416035175323486, 3.3036487102508545, 2.5995800495147705]","[2.2773005962371826, 2.1048386096954346, 2.000307083129883, 1.8659509420394897]"
24925.0,2007-09-01T00:00:00.000000000,"[2.8416035175323486, 3.3036487102508545, 2.5995800495147705, 2.7315926551818848]","[2.6373701095581055, 2.4932594299316406, 2.406834125518799, 2.2960853576660156]"
24925.0,2007-12-01T00:00:00.000000000,"[3.3036487102508545, 2.5995800495147705, 2.7315926551818848, 2.929612159729004]","[2.593122959136963, 2.5316474437713623, 2.5118842124938965, 2.487050771713257]"
24925.0,2008-03-01T00:00:00.000000000,"[2.5995800495147705, 2.7315926551818848, 2.929612159729004, 3.3916571140289307]","[2.8624660968780518, 2.7638235092163086, 2.723027229309082, 2.667722702026367]"
24925.0,2008-06-01T00:00:00.000000000,"[2.7315926551818848, 2.929612159729004, 3.3916571140289307, 3.9417104721069336]","[2.7428457736968994, 2.609311819076538, 2.552830696105957, 2.4556219577789307]"
24925.0,2008-09-01T00:00:00.000000000,"[2.929612159729004, 3.3916571140289307, 3.9417104721069336, 4.227738380432129]","[2.748159885406494, 2.6338720321655273, 2.557781934738159, 2.496936321258545]"
24925.0,2008-12-01T00:00:00.000000000,"[3.3916571140289307, 3.9417104721069336, 4.227738380432129, 4.491764068603516]","[2.816507339477539, 2.759943723678589, 2.7492825984954834, 2.730879545211792]"
24925.0,2009-03-01T00:00:00.000000000,"[3.9417104721069336, 4.227738380432129, 4.491764068603516, 5.239837169647217]","[3.23549222946167, 3.2263503074645996, 3.253664493560791, 3.2894835472106934]"
24925.0,2009-06-01T00:00:00.000000000,"[4.227738380432129, 4.491764068603516, 5.239837169647217, 5.0418171882629395]","[3.6434154510498047, 3.5522875785827637, 3.5617122650146484, 3.4924120903015137]"
24925.0,2009-09-01T00:00:00.000000000,"[4.491764068603516, 5.239837169647217, 5.0418171882629395, 5.6578779220581055]","[3.698021650314331, 3.529900074005127, 3.46317195892334, 3.318389415740967]"
24925.0,2009-12-01T00:00:00.000000000,"[5.239837169647217, 5.0418171882629395, 5.6578779220581055, 6.097919940948486]","[3.9095168113708496, 3.665193557739258, 3.570882797241211, 3.3490753173828125]"
24925.0,2010-03-01T00:00:00.000000000,"[5.0418171882629395, 5.6578779220581055, 6.097919940948486, 6.38394832611084]","[4.204346179962158, 3.9921417236328125, 3.911942958831787, 3.7241694927215576]"
24925.0,2010-06-01T00:00:00.000000000,"[5.6578779220581055, 6.097919940948486, 6.38394832611084, 6.559965133666992]","[4.362470626831055, 4.07798433303833, 3.96051025390625, 3.7026662826538086]"
24925.0,2010-09-01T00:00:00.000000000,"[6.097919940948486, 6.38394832611084, 6.559965133666992, 6.053915977478027]","[4.586129665374756, 4.3774733543396, 4.305453300476074, 4.128414630889893]"
24925.0,2010-12-01T00:00:00.000000000,"[6.38394832611084, 6.559965133666992, 6.053915977478027, 6.537962913513184]","[4.971111297607422, 4.6846604347229, 4.490644454956055, 4.179471969604492]"
24925.0,2011-03-01T00:00:00.000000000,"[6.559965133666992, 6.053915977478027, 6.537962913513184, 6.757984638214111]","[5.266550064086914, 4.904976844787598, 4.770803451538086, 4.4391770362854]"
24925.0,2011-06-01T00:00:00.000000000,"[6.053915977478027, 6.537962913513184, 6.757984638214111, 6.00991153717041]","[5.556253433227539, 5.140237331390381, 4.989638805389404, 4.604323863983154]"
24925.0,2011-09-01T00:00:00.000000000,"[6.537962913513184, 6.757984638214111, 6.00991153717041, 5.76788854598999]","[5.131426811218262, 4.6920552253723145, 4.423521995544434, 4.047243595123291]"
24925.0,2011-12-01T00:00:00.000000000,"[6.757984638214111, 6.00991153717041, 5.76788854598999, 6.273937702178955]","[5.627853870391846, 5.2455058097839355, 5.065754413604736, 4.7281365394592285]"
24925.0,2012-03-01T00:00:00.000000000,"[6.00991153717041, 5.76788854598999, 6.273937702178955, 7.132020950317383]","[5.653379440307617, 5.608903884887695, 5.61948299407959, 5.631284713745117]"
24925.0,2012-06-01T00:00:00.000000000,"[5.76788854598999, 6.273937702178955, 7.132020950317383, 7.220029354095459]","[5.619776248931885, 5.532871723175049, 5.513239860534668, 5.495102882385254]"
24925.0,2012-09-01T00:00:00.000000000,"[6.273937702178955, 7.132020950317383, 7.220029354095459, 7.57206392288208]","[5.409377098083496, 5.347826957702637, 5.3395209312438965, 5.3605732917785645]"
24925.0,2012-12-01T00:00:00.000000000,"[7.132020950317383, 7.220029354095459, 7.57206392288208, 7.902095794677734]","[5.972402572631836, 5.914251327514648, 5.911376476287842, 5.960855484008789]"
24925.0,2013-03-01T00:00:00.000000000,"[7.220029354095459, 7.57206392288208, 7.902095794677734, 7.506057262420654]","[6.158031940460205, 6.053111553192139, 5.969473838806152, 6.007103443145752]"
24975.0,2005-06-01T00:00:00.000000000,"[0.7293981313705444, 0.7293981313705444, 0.7073960304260254, 1.0594303607940674]","[0.4933105409145355, 0.42351263761520386, 0.4806242287158966, 0.4681929647922516]"
24975.0,2005-09-01T00:00:00.000000000,"[0.7293981313705444, 0.7073960304260254, 1.0594303607940674, 0.7954046130180359]","[0.6901249885559082, 0.5986968278884888, 0.6362954378128052, 0.5540229082107544]"
24975.0,2005-12-01T00:00:00.000000000,"[0.7073960304260254, 1.0594303607940674, 0.7954046130180359, 0.6853939294815063]","[0.6817539930343628, 0.6463453769683838, 0.6304799914360046, 0.6101969480514526]"
24975.0,2006-03-01T00:00:00.000000000,"[1.0594303607940674, 0.7954046130180359, 0.6853939294815063, 0.7734025120735168]","[0.6799265146255493, 0.6383993029594421, 0.6171090602874756, 0.5901541113853455]"
24975.0,2006-06-01T00:00:00.000000000,"[0.7954046130180359, 0.6853939294815063, 0.7734025120735168, 0.7954046130180359]","[0.7747243046760559, 0.768438994884491, 0.7756515145301819, 0.7842257022857666]"
24975.0,2006-09-01T00:00:00.000000000,"[0.6853939294815063, 0.7734025120735168, 0.7954046130180359, 1.0814324617385864]","[0.7082399129867554, 0.6633926630020142, 0.6436849236488342, 0.6149195432662964]"
24975.0,2006-12-01T00:00:00.000000000,"[0.7734025120735168, 0.7954046130180359, 1.0814324617385864, 0.9714217185974121]","[0.6841652393341064, 0.6798837184906006, 0.6761258840560913, 0.6892663240432739]"
24975.0,2007-03-01T00:00:00.000000000,"[0.7954046130180359, 1.0814324617385864, 0.9714217185974121, 0.9934238195419312]","[0.7153316736221313, 0.7109271883964539, 0.7168478965759277, 0.7283167243003845]"
24975.0,2007-06-01T00:00:00.000000000,"[1.0814324617385864, 0.9714217185974121, 0.9934238195419312, 1.3674603700637817]","[0.7479212284088135, 0.7170460224151611, 0.7031859159469604, 0.6866685152053833]"
24975.0,2007-09-01T00:00:00.000000000,"[0.9714217185974121, 0.9934238195419312, 1.3674603700637817, 1.2354472875595093]","[0.8443931341171265, 0.8330776691436768, 0.8373270034790039, 0.8391629457473755]"
24975.0,2007-12-01T00:00:00.000000000,"[0.9934238195419312, 1.3674603700637817, 1.2354472875595093, 1.323456048965454]","[0.8577044010162354, 0.8271293640136719, 0.8106464743614197, 0.7815030813217163]"
24975.0,2008-03-01T00:00:00.000000000,"[1.3674603700637817, 1.2354472875595093, 1.323456048965454, 0.8174067735671997]","[0.8489214181900024, 0.8140561580657959, 0.7891746163368225, 0.7644584774971008]"
24975.0,2008-06-01T00:00:00.000000000,"[1.2354472875595093, 1.323456048965454, 0.8174067735671997, 1.7194944620132446]","[1.0158846378326416, 0.9905800819396973, 0.9917887449264526, 0.9775075316429138]"
24975.0,2008-12-01T00:00:00.000000000,"[1.323456048965454, 0.8174067735671997, 1.7194944620132446, 1.6754902601242065]","[1.0153131484985352, 0.9361717104911804, 0.8947227597236633, 0.8265153765678406]"
24975.0,2009-03-01T00:00:00.000000000,"[0.8174067735671997, 1.7194944620132446, 1.6754902601242065, 1.3894624710083008]","[1.0948500633239746, 1.0053813457489014, 0.9566826820373535, 0.8770753741264343]"
24975.0,2009-06-01T00:00:00.000000000,"[1.7194944620132446, 1.6754902601242065, 1.3894624710083008, 1.0154259204864502]","[0.9035357236862183, 0.8313553929328918, 0.7850176095962524, 0.7297231554985046]"
24975.0,2009-12-01T00:00:00.000000000,"[1.6754902601242065, 1.3894624710083008, 1.0154259204864502, 1.6754902601242065]","[1.1807730197906494, 1.1498944759368896, 1.1423087120056152, 1.1249265670776367]"
24975.0,2010-03-01T00:00:00.000000000,"[1.3894624710083008, 1.0154259204864502, 1.6754902601242065, 1.8515071868896484]","[1.379784345626831, 1.3343071937561035, 1.3380470275878906, 1.2968326807022095]"
24975.0,2010-06-01T00:00:00.000000000,"[1.0154259204864502, 1.6754902601242065, 1.8515071868896484, 1.8955113887786865]","[1.2712123394012451, 1.1537647247314453, 1.078575849533081, 0.9744960069656372]"
24975.0,2010-09-01T00:00:00.000000000,"[1.6754902601242065, 1.8515071868896484, 1.8955113887786865, 1.8295050859451294]","[1.084603190422058, 0.9920586347579956, 0.9286482930183411, 0.8569200038909912]"
24975.0,2011-03-01T00:00:00.000000000,"[1.8515071868896484, 1.8955113887786865, 1.8295050859451294, 1.5214751958847046]","[1.2947039604187012, 1.2895437479019165, 1.2981109619140625, 1.3143731355667114]"
24975.0,2011-06-01T00:00:00.000000000,"[1.8955113887786865, 1.8295050859451294, 1.5214751958847046, 1.9835201501846313]","[1.442749261856079, 1.3882107734680176, 1.3774986267089844, 1.3399901390075684]"
24975.0,2011-12-01T00:00:00.000000000,"[1.8295050859451294, 1.5214751958847046, 1.9835201501846313, 3.127631425857544]","[1.6038758754730225, 1.519404411315918, 1.480945110321045, 1.4103327989578247]"
24975.0,2012-03-01T00:00:00.000000000,"[1.5214751958847046, 1.9835201501846313, 3.127631425857544, 2.775597333908081]","[1.6092829704284668, 1.503515362739563, 1.4551095962524414, 1.3644347190856934]"
24975.0,2012-06-01T00:00:00.000000000,"[1.9835201501846313, 3.127631425857544, 2.775597333908081, 2.6435842514038086]","[1.5252565145492554, 1.5241246223449707, 1.533005952835083, 1.5304768085479736]"
24975.0,2012-09-01T00:00:00.000000000,"[3.127631425857544, 2.775597333908081, 2.6435842514038086, 3.0396230220794678]","[1.6462457180023193, 1.5952439308166504, 1.5795435905456543, 1.5467021465301514]"
24975.0,2012-12-01T00:00:00.000000000,"[2.775597333908081, 2.6435842514038086, 3.0396230220794678, 3.281646251678467]","[2.184762716293335, 2.1257081031799316, 2.1341686248779297, 2.084359884262085]"
24975.0,2013-03-01T00:00:00.000000000,"[2.6435842514038086, 3.0396230220794678, 3.281646251678467, 3.3036487102508545]","[2.289917469024658, 2.127509593963623, 2.0668933391571045, 1.8954018354415894]"
25124.0,2006-06-01T00:00:00.000000000,"[2.775597333908081, 2.8636057376861572, 2.7535951137542725, 2.4455649852752686]","[2.7178826332092285, 2.5831551551818848, 2.6242177486419678, 2.53072452545166]"
25124.0,2006-09-01T00:00:00.000000000,"[2.8636057376861572, 2.7535951137542725, 2.4455649852752686, 2.4895694255828857]","[2.67698335647583, 2.680649757385254, 2.6356306076049805, 2.6426351070404053]"
25124.0,2006-12-01T00:00:00.000000000,"[2.7535951137542725, 2.4455649852752686, 2.4895694255828857, 2.5115716457366943]","[2.8095703125, 2.656515121459961, 2.821521759033203, 2.7985734939575195]"
25124.0,2007-03-01T00:00:00.000000000,"[2.4455649852752686, 2.4895694255828857, 2.5115716457366943, 2.533573627471924]","[2.7739157676696777, 2.720158100128174, 2.681814670562744, 2.622799873352051]"
25124.0,2007-06-01T00:00:00.000000000,"[2.4895694255828857, 2.5115716457366943, 2.533573627471924, 2.115532875061035]","[2.535686731338501, 2.405433177947998, 2.4119961261749268, 2.336225748062134]"
25124.0,2007-09-01T00:00:00.000000000,"[2.5115716457366943, 2.533573627471924, 2.115532875061035, 2.3575565814971924]","[2.4118664264678955, 2.4022819995880127, 2.4387893676757812, 2.5160953998565674]"
25124.0,2007-12-01T00:00:00.000000000,"[2.533573627471924, 2.115532875061035, 2.3575565814971924, 2.4015607833862305]","[2.4728047847747803, 2.312854528427124, 2.5334439277648926, 2.524998664855957]"
25124.0,2008-03-01T00:00:00.000000000,"[2.115532875061035, 2.3575565814971924, 2.4015607833862305, 2.4015607833862305]","[2.480358362197876, 2.5091848373413086, 2.494617462158203, 2.4499025344848633]"
25124.0,2008-06-01T00:00:00.000000000,"[2.3575565814971924, 2.4015607833862305, 2.4015607833862305, 2.313552141189575]","[2.252474069595337, 2.27603816986084, 2.269171953201294, 2.260216474533081]"
25124.0,2008-09-01T00:00:00.000000000,"[2.4015607833862305, 2.4015607833862305, 2.313552141189575, 2.5115716457366943]","[2.280390739440918, 2.2440576553344727, 2.170827865600586, 2.3396265506744385]"
25124.0,2008-12-01T00:00:00.000000000,"[2.4015607833862305, 2.313552141189575, 2.5115716457366943, 2.5995800495147705]","[2.3700523376464844, 2.300152063369751, 2.4124677181243896, 2.398674964904785]"
25124.0,2009-03-01T00:00:00.000000000,"[2.313552141189575, 2.5115716457366943, 2.5995800495147705, 2.6435842514038086]","[2.465628147125244, 2.5148065090179443, 2.5046205520629883, 2.4727120399475098]"
25124.0,2009-06-01T00:00:00.000000000,"[2.5115716457366943, 2.5995800495147705, 2.6435842514038086, 2.929612159729004]","[2.3803131580352783, 2.4105398654937744, 2.40315580368042, 2.3957958221435547]"
25124.0,2009-09-01T00:00:00.000000000,"[2.5995800495147705, 2.6435842514038086, 2.929612159729004, 3.083627223968506]","[2.435554265975952, 2.466378688812256, 2.4477763175964355, 2.4626502990722656]"
25124.0,2009-12-01T00:00:00.000000000,"[2.6435842514038086, 2.929612159729004, 3.083627223968506, 3.017620801925659]","[2.4988656044006348, 2.5220043659210205, 2.5387163162231445, 2.5110790729522705]"
25434.0,2006-06-01T00:00:00.000000000,"[0.047331858426332474, 0.11333828419446945, 0.17934469878673553, 0.025329740718007088]","[-0.1505562663078308, -0.18861955404281616, -0.2112697958946228, -0.24290457367897034]"
25434.0,2006-09-01T00:00:00.000000000,"[0.11333828419446945, 0.17934469878673553, 0.025329740718007088, 0.2233489453792572]","[-0.0759081244468689, -0.09526185691356659, -0.10232372581958771, -0.11569094657897949]"
25434.0,2006-12-01T00:00:00.000000000,"[0.17934469878673553, 0.025329740718007088, 0.2233489453792572, 0.2453511357307434]","[-0.012239038944244385, -0.035769373178482056, -0.03752261400222778, -0.05548161268234253]"
25434.0,2007-03-01T00:00:00.000000000,"[0.025329740718007088, 0.2233489453792572, 0.2453511357307434, 0.3113575577735901]","[0.024383515119552612, -0.0010154247283935547, -0.009207665920257568, -0.02870655059814453]"
25434.0,2007-06-01T00:00:00.000000000,"[0.2233489453792572, 0.2453511357307434, 0.3113575577735901, 0.15734252333641052]","[0.01041191816329956, -0.032425254583358765, -0.05147413909435272, -0.08741365373134613]"
25434.0,2007-09-01T00:00:00.000000000,"[0.2453511357307434, 0.3113575577735901, 0.15734252333641052, 0.37736397981643677]","[0.0626489520072937, 0.034589797258377075, 0.015472352504730225, -0.012112796306610107]"
25434.0,2007-12-01T00:00:00.000000000,"[0.3113575577735901, 0.15734252333641052, 0.37736397981643677, 0.5313789248466492]","[0.13503073155879974, 0.11183111369609833, 0.11351527273654938, 0.08695016801357269]"
25434.0,2008-03-01T00:00:00.000000000,"[0.15734252333641052, 0.37736397981643677, 0.5313789248466492, 0.44337034225463867]","[0.17086784541606903, 0.1548442393541336, 0.14471431076526642, 0.1262671798467636]"
25434.0,2008-06-01T00:00:00.000000000,"[0.37736397981643677, 0.5313789248466492, 0.44337034225463867, 0.2893553674221039]","[0.11432185769081116, 0.05355444550514221, 0.024432629346847534, -0.027537867426872253]"
25434.0,2008-09-01T00:00:00.000000000,"[0.5313789248466492, 0.44337034225463867, 0.2893553674221039, 0.5093768239021301]","[0.20559591054916382, 0.1638621687889099, 0.14985913038253784, 0.11644405126571655]"
25434.0,2008-12-01T00:00:00.000000000,"[0.44337034225463867, 0.2893553674221039, 0.5093768239021301, 0.5093768239021301]","[0.31814175844192505, 0.2705788016319275, 0.26192203164100647, 0.22061681747436523]"
25434.0,2009-03-01T00:00:00.000000000,"[0.2893553674221039, 0.5093768239021301, 0.5093768239021301, 0.575383186340332]","[0.3134646415710449, 0.25695091485977173, 0.23137547075748444, 0.18463735282421112]"
25434.0,2009-06-01T00:00:00.000000000,"[0.5093768239021301, 0.5093768239021301, 0.575383186340332, 0.4653724431991577]","[0.2576940059661865, 0.21540382504463196, 0.1898646354675293, 0.15953654050827026]"
25434.0,2009-09-01T00:00:00.000000000,"[0.5093768239021301, 0.575383186340332, 0.4653724431991577, 0.6633917689323425]","[0.31725797057151794, 0.27410629391670227, 0.2546716034412384, 0.22287297248840332]"
25434.0,2009-12-01T00:00:00.000000000,"[0.575383186340332, 0.4653724431991577, 0.6633917689323425, 0.6633917689323425]","[0.351423442363739, 0.3089156448841095, 0.2966430187225342, 0.265938401222229]"
25434.0,2010-03-01T00:00:00.000000000,"[0.4653724431991577, 0.6633917689323425, 0.6633917689323425, 0.7954046130180359]","[0.385638952255249, 0.3407594561576843, 0.31960639357566833, 0.2864464819431305]"
25434.0,2010-06-01T00:00:00.000000000,"[0.6633917689323425, 0.6633917689323425, 0.7954046130180359, 0.6193875670433044]","[0.41241002082824707, 0.3571621775627136, 0.3303488492965698, 0.286324679851532]"
25434.0,2010-09-01T00:00:00.000000000,"[0.6633917689323425, 0.7954046130180359, 0.6193875670433044, 1.0154259204864502]","[0.5419672131538391, 0.49873483180999756, 0.4894959032535553, 0.4552621841430664]"
25434.0,2010-12-01T00:00:00.000000000,"[0.7954046130180359, 0.6193875670433044, 1.0154259204864502, 0.8394088745117188]","[0.5121186375617981, 0.4457849860191345, 0.41580092906951904, 0.36031362414360046]"
25434.0,2011-03-01T00:00:00.000000000,"[0.6193875670433044, 1.0154259204864502, 0.8394088745117188, 1.0374282598495483]","[0.5758482217788696, 0.5077229738235474, 0.4717892110347748, 0.4136033356189728]"
25434.0,2011-06-01T00:00:00.000000000,"[1.0154259204864502, 0.8394088745117188, 1.0374282598495483, 0.003327556187286973]","[0.5768764019012451, 0.5136978030204773, 0.4830853343009949, 0.43185025453567505]"
25434.0,2011-09-01T00:00:00.000000000,"[0.8394088745117188, 1.0374282598495483, 0.003327556187286973, -1.7128393650054932]","[0.7431544065475464, 0.7021106481552124, 0.6998780965805054, 0.6691921949386597]"
25434.0,2011-12-01T00:00:00.000000000,"[1.0374282598495483, 0.003327556187286973, -1.7128393650054932, 0.42136821150779724]","[0.7230427861213684, 0.6525077223777771, 0.6268702149391174, 0.5679287314414978]"
25434.0,2012-03-01T00:00:00.000000000,"[0.003327556187286973, -1.7128393650054932, 0.42136821150779724, 0.6413896679878235]","[0.8073393702507019, 0.7392501831054688, 0.7088190317153931, 0.6513128280639648]"
25434.0,2012-06-01T00:00:00.000000000,"[-1.7128393650054932, 0.42136821150779724, 0.6413896679878235, 0.6633917689323425]","[0.37220680713653564, 0.3217916786670685, 0.2842954099178314, 0.2558424472808838]"
25434.0,2012-09-01T00:00:00.000000000,"[0.42136821150779724, 0.6413896679878235, 0.6633917689323425, 1.5214751958847046]","[-0.46545499563217163, -0.33258336782455444, -0.19744525849819183, -0.08349423110485077]"
25434.0,2012-12-01T00:00:00.000000000,"[0.6413896679878235, 0.6633917689323425, 1.5214751958847046, 1.499472975730896]","[0.08633074164390564, 0.14435654878616333, 0.15581101179122925, 0.31301331520080566]"
25434.0,2013-03-01T00:00:00.000000000,"[0.6633917689323425, 1.5214751958847046, 1.499472975730896, 0.8834132552146912]","[0.4641684293746948, 0.4682518243789673, 0.48108720779418945, 0.5409440994262695]"
27928.0,2006-06-01T00:00:00.000000000,"[7.066014289855957, -0.722743034362793, -0.920762300491333, -0.8327537775039673]","[0.2571430504322052, 0.30105653405189514, 0.33232414722442627, 0.49232226610183716]"
27928.0,2006-09-01T00:00:00.000000000,"[-0.722743034362793, -0.920762300491333, -0.8327537775039673, 5.569868564605713]","[2.249028205871582, 2.316765785217285, 2.2771248817443848, 3.3147332668304443]"
27928.0,2006-12-01T00:00:00.000000000,"[-0.920762300491333, -0.8327537775039673, 5.569868564605713, -0.8107516169548035]","[1.2786977291107178, 1.3179261684417725, 1.5085632801055908, 1.5929148197174072]"
27928.0,2007-03-01T00:00:00.000000000,"[-0.8327537775039673, 5.569868564605713, -0.8107516169548035, -0.5027216672897339]","[0.06889879703521729, 0.061797767877578735, 0.050139427185058594, 0.06673288345336914]"
27928.0,2007-06-01T00:00:00.000000000,"[5.569868564605713, -0.8107516169548035, -0.5027216672897339, -0.15068741142749786]","[0.4184044301509857, 0.5061675906181335, 0.6612149477005005, 0.8006410002708435]"
27928.0,2007-09-01T00:00:00.000000000,"[-0.8107516169548035, -0.5027216672897339, -0.15068741142749786, 6.8459930419921875]","[1.5915549993515015, 1.8218657970428467, 1.7926177978515625, 2.5371124744415283]"
27928.0,2007-12-01T00:00:00.000000000,"[-0.5027216672897339, -0.15068741142749786, 6.8459930419921875, -0.5247237682342529]","[1.0326088666915894, 1.0836399793624878, 1.275720477104187, 1.3892803192138672]"
27928.0,2008-03-01T00:00:00.000000000,"[-0.15068741142749786, 6.8459930419921875, -0.5247237682342529, -0.5687280893325806]","[-0.16859066486358643, 0.16387850046157837, 0.33653226494789124, 0.7598598003387451]"
27928.0,2008-06-01T00:00:00.000000000,"[6.8459930419921875, -0.5247237682342529, -0.5687280893325806, -0.12868529558181763]","[0.3356778621673584, 0.4699353575706482, 0.7752152681350708, 0.8833905458450317]"
27928.0,2008-09-01T00:00:00.000000000,"[-0.5247237682342529, -0.5687280893325806, -0.12868529558181763, 7.880094051361084]","[1.7580881118774414, 2.066835403442383, 1.986809253692627, 2.996574878692627]"
27928.0,2008-12-01T00:00:00.000000000,"[-0.5687280893325806, -0.12868529558181763, 7.880094051361084, -0.2606981098651886]","[0.9807923436164856, 1.0285415649414062, 1.2062618732452393, 1.2854094505310059]"
27928.0,2009-03-01T00:00:00.000000000,"[-0.12868529558181763, 7.880094051361084, -0.2606981098651886, -0.45871737599372864]","[0.23824501037597656, 0.3583835959434509, 0.4495047926902771, 0.5927122831344604]"
27928.0,2009-06-01T00:00:00.000000000,"[7.880094051361084, -0.2606981098651886, -0.45871737599372864, 0.06933397799730301]","[0.4139767289161682, 0.522392749786377, 0.6814910173416138, 0.8694910407066345]"
27928.0,2009-09-01T00:00:00.000000000,"[-0.2606981098651886, -0.45871737599372864, 0.06933397799730301, 9.904291152954102]","[2.1343069076538086, 2.3096752166748047, 2.1825103759765625, 3.6900291442871094]"
27928.0,2009-12-01T00:00:00.000000000,"[-0.45871737599372864, 0.06933397799730301, 9.904291152954102, 0.003327556187286973]","[1.7406892776489258, 1.768599271774292, 1.9352473020553589, 2.079143524169922]"
27928.0,2010-03-01T00:00:00.000000000,"[0.06933397799730301, 9.904291152954102, 0.003327556187286973, -0.06267886608839035]","[0.37637728452682495, 0.256186842918396, 0.17459839582443237, 0.08541631698608398]"
27928.0,2010-06-01T00:00:00.000000000,"[9.904291152954102, 0.003327556187286973, -0.06267886608839035, 1.499472975730896]","[0.8498340845108032, 0.9506295323371887, 1.1872389316558838, 1.3506460189819336]"
27928.0,2010-09-01T00:00:00.000000000,"[0.003327556187286973, -0.06267886608839035, 1.499472975730896, 11.51044750213623]","[2.8036856651306152, 3.0999152660369873, 3.0309431552886963, 4.355195999145508]"
27928.0,2010-12-01T00:00:00.000000000,"[-0.06267886608839035, 1.499472975730896, 11.51044750213623, -0.898760199546814]","[2.37363862991333, 2.206435203552246, 2.1994428634643555, 2.2154412269592285]"
27928.0,2011-03-01T00:00:00.000000000,"[1.499472975730896, 11.51044750213623, -0.898760199546814, 0.20134682953357697]","[1.328391671180725, 1.3375600576400757, 1.3308733701705933, 1.4446229934692383]"
27928.0,2011-06-01T00:00:00.000000000,"[11.51044750213623, -0.898760199546814, 0.20134682953357697, 1.8515071868896484]","[2.807555675506592, 2.6500911712646484, 2.8001017570495605, 2.9128684997558594]"
27928.0,2011-09-01T00:00:00.000000000,"[-0.898760199546814, 0.20134682953357697, 1.8515071868896484, 9.17821979522705]","[4.464543342590332, 4.463314056396484, 4.342411994934082, 6.215579032897949]"
27928.0,2011-12-01T00:00:00.000000000,"[0.20134682953357697, 1.8515071868896484, 9.17821979522705, 3.281646251678467]","[3.4562325477600098, 3.432903528213501, 3.528322696685791, 3.647888660430908]"
27928.0,2012-03-01T00:00:00.000000000,"[1.8515071868896484, 9.17821979522705, 3.281646251678467, 1.3674603700637817]","[0.8740001916885376, 0.864570140838623, 0.8177473545074463, 0.8966371417045593]"
27928.0,2012-06-01T00:00:00.000000000,"[9.17821979522705, 3.281646251678467, 1.3674603700637817, 0.7954046130180359]","[3.030613660812378, 2.9762847423553467, 3.161846160888672, 3.314131736755371]"
27928.0,2012-09-01T00:00:00.000000000,"[3.281646251678467, 1.3674603700637817, 0.7954046130180359, 12.654558181762695]","[3.9705381393432617, 4.3334503173828125, 4.274216651916504, 5.415927410125732]"
27928.0,2012-12-01T00:00:00.000000000,"[1.3674603700637817, 0.7954046130180359, 12.654558181762695, 3.633680582046509]","[4.857712745666504, 4.79750394821167, 4.9900078773498535, 5.068412780761719]"
27928.0,2013-03-01T00:00:00.000000000,"[0.7954046130180359, 12.654558181762695, 3.633680582046509, 2.665586471557617]","[2.8047752380371094, 2.53878116607666, 2.369521141052246, 2.1925835609436035]"
27965.0,2006-06-01T00:00:00.000000000,"[0.047331858426332474, 0.036330800503492355, 0.003327556187286973, 0.047331858426332474]","[-0.07701164484024048, -0.11392951011657715, -0.138121098279953, -0.16955217719078064]"
27965.0,2006-09-01T00:00:00.000000000,"[0.036330800503492355, 0.003327556187286973, 0.047331858426332474, 0.05833292007446289]","[-0.0559820681810379, -0.09350723028182983, -0.11666440963745117, -0.14858746528625488]"
27965.0,2006-12-01T00:00:00.000000000,"[0.003327556187286973, 0.047331858426332474, 0.05833292007446289, 0.025329740718007088]","[-0.062271296977996826, -0.09704696387052536, -0.1179199069738388, -0.1458498239517212]"
27965.0,2007-03-01T00:00:00.000000000,"[0.047331858426332474, 0.05833292007446289, 0.025329740718007088, 0.003327556187286973]","[-0.041588231921195984, -0.07349695265293121, -0.09357094764709473, -0.11872034519910812]"
27965.0,2007-06-01T00:00:00.000000000,"[0.05833292007446289, 0.025329740718007088, 0.003327556187286973, 0.06933397799730301]","[-0.041788920760154724, -0.06677787005901337, -0.08098851889371872, -0.09816261380910873]"
27965.0,2007-09-01T00:00:00.000000000,"[0.025329740718007088, 0.003327556187286973, 0.06933397799730301, 0.2233489453792572]","[-0.03067047894001007, -0.053198203444480896, -0.06571909785270691, -0.08000350743532181]"
27965.0,2007-12-01T00:00:00.000000000,"[0.003327556187286973, 0.06933397799730301, 0.2233489453792572, 0.33335965871810913]","[-0.03019021451473236, -0.030655771493911743, -0.03194695711135864, -0.023001879453659058]"
27965.0,2008-03-01T00:00:00.000000000,"[0.06933397799730301, 0.2233489453792572, 0.33335965871810913, 0.4543713927268982]","[-0.01032988727092743, -0.012577801942825317, -0.01327204704284668, -0.006411254405975342]"
27965.0,2008-06-01T00:00:00.000000000,"[0.2233489453792572, 0.33335965871810913, 0.4543713927268982, 0.575383186340332]","[0.009415626525878906, -0.02299608290195465, -0.04081165790557861, -0.06518084555864334]"
27965.0,2008-09-01T00:00:00.000000000,"[0.33335965871810913, 0.4543713927268982, 0.575383186340332, 0.740399181842804]","[0.08130930364131927, 0.04644636809825897, 0.03068205714225769, 0.002717047929763794]"
27965.0,2008-12-01T00:00:00.000000000,"[0.4543713927268982, 0.575383186340332, 0.740399181842804, 0.8504099249839783]","[0.16802550852298737, 0.12591715157032013, 0.10405652225017548, 0.06697613000869751]"
27965.0,2009-03-01T00:00:00.000000000,"[0.575383186340332, 0.740399181842804, 0.8504099249839783, 0.7954046130180359]","[0.23064664006233215, 0.18699193000793457, 0.1663798689842224, 0.12853318452835083]"
27965.0,2009-06-01T00:00:00.000000000,"[0.740399181842804, 0.8504099249839783, 0.7954046130180359, 0.8394088745117188]","[0.3238222002983093, 0.25334590673446655, 0.22406361997127533, 0.15861180424690247]"
27965.0,2009-09-01T00:00:00.000000000,"[0.8504099249839783, 0.7954046130180359, 0.8394088745117188, 1.0704313516616821]","[0.40472060441970825, 0.32515501976013184, 0.29195067286491394, 0.2182190865278244]"
27965.0,2009-12-01T00:00:00.000000000,"[0.7954046130180359, 0.8394088745117188, 1.0704313516616821, 1.2904525995254517]","[0.42377108335494995, 0.32246243953704834, 0.2684962749481201, 0.1753464639186859]"
27965.0,2010-03-01T00:00:00.000000000,"[0.8394088745117188, 1.0704313516616821, 1.2904525995254517, 1.125436782836914]","[0.47071242332458496, 0.3707009255886078, 0.3169788122177124, 0.2261674404144287]"
27965.0,2010-06-01T00:00:00.000000000,"[1.0704313516616821, 1.2904525995254517, 1.125436782836914, 0.9274174571037292]","[0.4489334225654602, 0.34141677618026733, 0.27847447991371155, 0.18285410106182098]"
27965.0,2010-09-01T00:00:00.000000000,"[1.2904525995254517, 1.125436782836914, 0.9274174571037292, 0.8504099249839783]","[0.5543540716171265, 0.4493516683578491, 0.3933609127998352, 0.3005789518356323]"
27965.0,2010-12-01T00:00:00.000000000,"[1.125436782836914, 0.9274174571037292, 0.8504099249839783, 0.8724120259284973]","[0.8196130990982056, 0.7101335525512695, 0.6596472263336182, 0.5565066337585449]"
27965.0,2011-03-01T00:00:00.000000000,"[0.9274174571037292, 0.8504099249839783, 0.8724120259284973, 0.7514004111289978]","[0.8092774152755737, 0.7038393616676331, 0.6525835990905762, 0.5590314865112305]"
27965.0,2011-06-01T00:00:00.000000000,"[0.8504099249839783, 0.8724120259284973, 0.7514004111289978, 0.9054153561592102]","[0.6780696511268616, 0.5775088667869568, 0.49458974599838257, 0.4049498438835144]"
27965.0,2011-09-01T00:00:00.000000000,"[0.8724120259284973, 0.7514004111289978, 0.9054153561592102, 1.0154259204864502]","[0.6450730562210083, 0.5725592970848083, 0.5200695395469666, 0.47588151693344116]"
27965.0,2011-12-01T00:00:00.000000000,"[0.7514004111289978, 0.9054153561592102, 1.0154259204864502, 1.0154259204864502]","[0.8129755258560181, 0.7651163339614868, 0.7509183883666992, 0.7223135232925415]"
27965.0,2012-03-01T00:00:00.000000000,"[0.9054153561592102, 1.0154259204864502, 1.0154259204864502, 1.0814324617385864]","[0.742694616317749, 0.6710484027862549, 0.6265203952789307, 0.5752736330032349]"
27965.0,2012-06-01T00:00:00.000000000,"[1.0154259204864502, 1.0154259204864502, 1.0814324617385864, 1.3344571590423584]","[0.8086380958557129, 0.8066613674163818, 0.809995174407959, 0.831153154373169]"
27965.0,2012-09-01T00:00:00.000000000,"[1.0154259204864502, 1.0814324617385864, 1.3344571590423584, 1.477470874786377]","[0.8839763402938843, 0.8796783685684204, 0.8856892585754395, 0.9038017988204956]"
27965.0,2012-12-01T00:00:00.000000000,"[1.0814324617385864, 1.3344571590423584, 1.477470874786377, 1.6534881591796875]","[0.9578284025192261, 0.9023292064666748, 0.8762496709823608, 0.8402842283248901]"
27965.0,2013-03-01T00:00:00.000000000,"[1.3344571590423584, 1.477470874786377, 1.6534881591796875, 1.9395159482955933]","[0.9690521955490112, 0.9439351558685303, 0.9352360963821411, 0.9316726922988892]"
28180.0,2006-06-01T00:00:00.000000000,"[3.5016677379608154, 3.831699848175049, 3.171635627746582, 3.831699848175049]","[2.158343553543091, 2.0424699783325195, 1.9960315227508545, 1.9145472049713135]"
28180.0,2006-09-01T00:00:00.000000000,"[3.831699848175049, 3.171635627746582, 3.831699848175049, 4.57977294921875]","[2.260655403137207, 2.0392098426818848, 1.9340238571166992, 1.7501091957092285]"
28180.0,2006-12-01T00:00:00.000000000,"[3.171635627746582, 3.831699848175049, 4.57977294921875, 4.865800380706787]","[3.0006086826324463, 2.785050868988037, 2.722121238708496, 2.53254771232605]"
28180.0,2007-03-01T00:00:00.000000000,"[3.831699848175049, 4.57977294921875, 4.865800380706787, 4.117727756500244]","[2.6566269397735596, 2.3167667388916016, 2.122171401977539, 1.8179514408111572]"
28180.0,2007-06-01T00:00:00.000000000,"[4.57977294921875, 4.865800380706787, 4.117727756500244, 4.9978132247924805]","[2.8821840286254883, 2.587329149246216, 2.4288411140441895, 2.172173261642456]"
28180.0,2007-09-01T00:00:00.000000000,"[4.865800380706787, 4.117727756500244, 4.9978132247924805, 5.129826545715332]","[3.2064733505249023, 3.0235671997070312, 2.9664087295532227, 2.8283965587615967]"
28180.0,2007-12-01T00:00:00.000000000,"[4.117727756500244, 4.9978132247924805, 5.129826545715332, 5.679879665374756]","[3.511906147003174, 3.320344924926758, 3.2275450229644775, 3.081468105316162]"
28180.0,2008-03-01T00:00:00.000000000,"[4.9978132247924805, 5.129826545715332, 5.679879665374756, 4.9978132247924805]","[3.5254626274108887, 3.239380359649658, 3.097926378250122, 2.861006498336792]"
28180.0,2008-06-01T00:00:00.000000000,"[5.129826545715332, 5.679879665374756, 4.9978132247924805, 5.019815444946289]","[3.8661789894104004, 3.6402106285095215, 3.5510051250457764, 3.3761353492736816]"
28180.0,2008-09-01T00:00:00.000000000,"[5.679879665374756, 4.9978132247924805, 5.019815444946289, 5.987909317016602]","[4.05709171295166, 3.837521553039551, 3.742222785949707, 3.577566385269165]"
28180.0,2008-12-01T00:00:00.000000000,"[4.9978132247924805, 5.019815444946289, 5.987909317016602, 6.38394832611084]","[4.748274803161621, 4.476951599121094, 4.397580146789551, 4.170858383178711]"
28180.0,2009-03-01T00:00:00.000000000,"[5.019815444946289, 5.987909317016602, 6.38394832611084, 5.679879665374756]","[4.434510231018066, 4.213877201080322, 4.114190101623535, 3.954902172088623]"
28180.0,2009-06-01T00:00:00.000000000,"[5.987909317016602, 6.38394832611084, 5.679879665374756, 7.242031574249268]","[4.450006484985352, 4.286018371582031, 4.20266580581665, 4.106996059417725]"
28180.0,2009-09-01T00:00:00.000000000,"[6.38394832611084, 5.679879665374756, 7.242031574249268, 8.716175079345703]","[4.660100936889648, 4.456955909729004, 4.391419410705566, 4.259768009185791]"
28180.0,2009-12-01T00:00:00.000000000,"[5.679879665374756, 7.242031574249268, 8.716175079345703, 9.20022201538086]","[5.322321891784668, 5.0245466232299805, 4.883655071258545, 4.6423492431640625]"
28180.0,2010-03-01T00:00:00.000000000,"[7.242031574249268, 8.716175079345703, 9.20022201538086, 7.484055042266846]","[5.367316246032715, 4.845792770385742, 4.579469680786133, 4.111782073974609]"
28180.0,2010-06-01T00:00:00.000000000,"[8.716175079345703, 9.20022201538086, 7.484055042266846, 8.210125923156738]","[5.9512200355529785, 5.470529556274414, 5.257823944091797, 4.82697868347168]"
28180.0,2010-09-01T00:00:00.000000000,"[9.20022201538086, 7.484055042266846, 8.210125923156738, 9.222225189208984]","[6.611340522766113, 6.0711350440979, 5.834330081939697, 5.341794013977051]"
28180.0,2010-12-01T00:00:00.000000000,"[7.484055042266846, 8.210125923156738, 9.222225189208984, 10.476346015930176]","[6.806867599487305, 6.276429653167725, 5.986608505249023, 5.517397880554199]"
28180.0,2011-03-01T00:00:00.000000000,"[8.210125923156738, 9.222225189208984, 10.476346015930176, 8.650168418884277]","[6.870410919189453, 6.228095054626465, 5.887084007263184, 5.310050964355469]"
28180.0,2011-06-01T00:00:00.000000000,"[9.222225189208984, 10.476346015930176, 8.650168418884277, 8.034109115600586]","[7.107592582702637, 6.595917701721191, 6.345335006713867, 5.90372896194458]"
28180.0,2011-09-01T00:00:00.000000000,"[10.476346015930176, 8.650168418884277, 8.034109115600586, 14.920778274536133]","[7.292984962463379, 6.888368606567383, 6.722162246704102, 6.4066877365112305]"
28180.0,2011-12-01T00:00:00.000000000,"[8.650168418884277, 8.034109115600586, 14.920778274536133, 14.854772567749023]","[8.178068161010742, 7.929447174072266, 7.879701614379883, 7.718112945556641]"
28180.0,2012-03-01T00:00:00.000000000,"[8.034109115600586, 14.920778274536133, 14.854772567749023, 11.180415153503418]","[8.293170928955078, 7.705945014953613, 7.403528690338135, 6.8947978019714355]"
28180.0,2012-06-01T00:00:00.000000000,"[14.920778274536133, 14.854772567749023, 11.180415153503418, 14.832769393920898]","[7.962447166442871, 7.504693031311035, 7.236105918884277, 6.875493049621582]"
28180.0,2012-09-01T00:00:00.000000000,"[14.854772567749023, 11.180415153503418, 14.832769393920898, 17.627042770385742]","[9.971226692199707, 9.581966400146484, 9.557026863098145, 9.233341217041016]"
28180.0,2012-12-01T00:00:00.000000000,"[11.180415153503418, 14.832769393920898, 17.627042770385742, 17.05498504638672]","[10.855469703674316, 10.074111938476562, 9.781806945800781, 9.089771270751953]"
28180.0,2013-03-01T00:00:00.000000000,"[14.832769393920898, 17.627042770385742, 17.05498504638672, 16.10889434814453]","[10.864032745361328, 10.807823181152344, 9.919361114501953, 9.315786361694336]"
28320.0,2000-06-01T00:00:00.000000000,"[0.7734025120735168, 0.7073960304260254, 0.5973852872848511, 0.5313789248466492]","[0.5522280931472778, 0.5803589820861816, 0.6045463681221008, 0.6659248471260071]"
28320.0,2000-09-01T00:00:00.000000000,"[0.7073960304260254, 0.5973852872848511, 0.5313789248466492, 1.0814324617385864]","[0.7300186157226562, 0.7538610696792603, 0.7684542536735535, 0.8105390071868896]"
28320.0,2000-12-01T00:00:00.000000000,"[0.5973852872848511, 0.5313789248466492, 1.0814324617385864, 1.147438883781433]","[0.803117573261261, 0.8187379240989685, 0.8379823565483093, 0.8638163208961487]"
28320.0,2001-03-01T00:00:00.000000000,"[0.5313789248466492, 1.0814324617385864, 1.147438883781433, 0.9054153561592102]","[0.6645581722259521, 0.6914459466934204, 0.712860107421875, 0.7494394183158875]"
28320.0,2001-06-01T00:00:00.000000000,"[1.0814324617385864, 1.147438883781433, 0.9054153561592102, 0.7734025120735168]","[0.5623193383216858, 0.5975589752197266, 0.6363751888275146, 0.6726349592208862]"
28320.0,2001-09-01T00:00:00.000000000,"[1.147438883781433, 0.9054153561592102, 0.7734025120735168, 1.3454581499099731]","[0.9230831861495972, 0.9232593774795532, 0.9228367209434509, 0.9481362104415894]"
28320.0,2001-12-01T00:00:00.000000000,"[0.9054153561592102, 0.7734025120735168, 1.3454581499099731, 1.4334666728973389]","[1.0970371961593628, 1.0937247276306152, 1.0987128019332886, 1.1162078380584717]"
28320.0,2002-03-01T00:00:00.000000000,"[0.7734025120735168, 1.3454581499099731, 1.4334666728973389, 1.1914430856704712]","[0.9691771268844604, 0.9729360938072205, 0.9674659371376038, 0.9961076974868774]"
28320.0,2002-06-01T00:00:00.000000000,"[1.3454581499099731, 1.4334666728973389, 1.1914430856704712, 0.9494196176528931]","[0.8358544707298279, 0.8482200503349304, 0.8536037802696228, 0.8848782777786255]"
28320.0,2002-09-01T00:00:00.000000000,"[1.4334666728973389, 1.1914430856704712, 0.9494196176528931, 1.5654793977737427]","[1.1360101699829102, 1.134894847869873, 1.1386529207229614, 1.1604558229446411]"
28320.0,2002-12-01T00:00:00.000000000,"[1.1914430856704712, 0.9494196176528931, 1.5654793977737427, 1.6754902601242065]","[1.250891089439392, 1.2475931644439697, 1.2535308599472046, 1.2675633430480957]"
28320.0,2003-03-01T00:00:00.000000000,"[0.9494196176528931, 1.5654793977737427, 1.6754902601242065, 1.477470874786377]","[1.2336220741271973, 1.1937081813812256, 1.157173752784729, 1.1337581872940063]"
28320.0,2003-06-01T00:00:00.000000000,"[1.5654793977737427, 1.6754902601242065, 1.477470874786377, 1.6094835996627808]","[1.075277328491211, 1.0408169031143188, 1.0083935260772705, 0.9899916052818298]"
28320.0,2003-09-01T00:00:00.000000000,"[1.6754902601242065, 1.477470874786377, 1.6094835996627808, 2.335554361343384]","[1.3517675399780273, 1.3490163087844849, 1.35332453250885, 1.3622653484344482]"
28320.0,2003-12-01T00:00:00.000000000,"[1.477470874786377, 1.6094835996627808, 2.335554361343384, 2.42356276512146]","[1.4440438747406006, 1.4325544834136963, 1.4429892301559448, 1.4472572803497314]"
28320.0,2004-03-01T00:00:00.000000000,"[1.6094835996627808, 2.335554361343384, 2.42356276512146, 2.2035415172576904]","[1.3564833402633667, 1.3197834491729736, 1.2947428226470947, 1.2759876251220703]"
28320.0,2004-06-01T00:00:00.000000000,"[2.335554361343384, 2.42356276512146, 2.2035415172576904, 2.027524471282959]","[1.4020763635635376, 1.354498028755188, 1.3299002647399902, 1.2998472452163696]"
28320.0,2004-09-01T00:00:00.000000000,"[2.42356276512146, 2.2035415172576904, 2.027524471282959, 2.819601535797119]","[1.7101280689239502, 1.6372106075286865, 1.5984485149383545, 1.550452709197998]"
28320.0,2004-12-01T00:00:00.000000000,"[2.2035415172576904, 2.027524471282959, 2.819601535797119, 3.0396230220794678]","[1.8116357326507568, 1.7230029106140137, 1.6928372383117676, 1.6185333728790283]"
28320.0,2005-03-01T00:00:00.000000000,"[2.027524471282959, 2.819601535797119, 3.0396230220794678, 2.7535951137542725]","[1.813805103302002, 1.6390379667282104, 1.534346580505371, 1.3737126588821411]"
28320.0,2005-06-01T00:00:00.000000000,"[2.819601535797119, 3.0396230220794678, 2.7535951137542725, 2.335554361343384]","[1.7562243938446045, 1.5866421461105347, 1.4857738018035889, 1.335029125213623]"
28320.0,2005-09-01T00:00:00.000000000,"[3.0396230220794678, 2.7535951137542725, 2.335554361343384, 2.7315926551818848]","[2.070767641067505, 1.970949649810791, 1.93727707862854, 1.856197714805603]"
28320.0,2005-12-01T00:00:00.000000000,"[2.7535951137542725, 2.335554361343384, 2.7315926551818848, 3.325650691986084]","[2.2119803428649902, 2.0583724975585938, 1.9933562278747559, 1.8594768047332764]"
28320.0,2006-03-01T00:00:00.000000000,"[2.335554361343384, 2.7315926551818848, 3.325650691986084, 3.3036487102508545]","[2.2018213272094727, 1.9909911155700684, 1.8693642616271973, 1.6808664798736572]"
28320.0,2006-06-01T00:00:00.000000000,"[2.7315926551818848, 3.325650691986084, 3.3036487102508545, 3.127631425857544]","[2.053187370300293, 1.851424217224121, 1.7301440238952637, 1.5586004257202148]"
28320.0,2006-09-01T00:00:00.000000000,"[3.325650691986084, 3.3036487102508545, 3.127631425857544, 3.7436912059783936]","[2.1852352619171143, 2.034219741821289, 1.9408974647521973, 1.8212538957595825]"
28320.0,2006-12-01T00:00:00.000000000,"[3.3036487102508545, 3.127631425857544, 3.7436912059783936, 3.98571515083313]","[2.5863208770751953, 2.4730348587036133, 2.433241844177246, 2.347374677658081]"
28320.0,2007-03-01T00:00:00.000000000,"[3.127631425857544, 3.7436912059783936, 3.98571515083313, 3.875704050064087]","[2.7482144832611084, 2.565497398376465, 2.47998046875, 2.3230369091033936]"
28877.0,2007-12-01T00:00:00.000000000,"[1.125436782836914, -0.04067668318748474, -0.04067668318748474, -0.15068741142749786]","[1.145216464996338, 1.0740243196487427, 1.0374425649642944, 1.0049084424972534]"
28877.0,2008-03-01T00:00:00.000000000,"[-0.04067668318748474, -0.04067668318748474, -0.15068741142749786, -0.04067668318748474]","[1.082331657409668, 1.0732977390289307, 1.0694835186004639, 1.1185963153839111]"
28877.0,2008-06-01T00:00:00.000000000,"[-0.04067668318748474, -0.15068741142749786, -0.04067668318748474, 0.003327556187286973]","[0.5882471203804016, 0.5663804411888123, 0.5252294540405273, 0.5600910782814026]"
28877.0,2008-09-01T00:00:00.000000000,"[-0.15068741142749786, -0.04067668318748474, 0.003327556187286973, 0.06933397799730301]","[0.14140614867210388, 0.22167910635471344, 0.28366243839263916, 0.38993024826049805]"
28877.0,2008-12-01T00:00:00.000000000,"[-0.04067668318748474, 0.003327556187286973, 0.06933397799730301, -0.06267886608839035]","[-2.5093555450439453e-05, 0.08283525705337524, 0.17103995382785797, 0.26076579093933105]"
28877.0,2009-03-01T00:00:00.000000000,"[0.003327556187286973, 0.06933397799730301, -0.06267886608839035, 0.025329740718007088]","[0.056658655405044556, 0.12787598371505737, 0.19464455544948578, 0.285695880651474]"
28877.0,2009-06-01T00:00:00.000000000,"[0.06933397799730301, -0.06267886608839035, 0.025329740718007088, 0.15734252333641052]","[-0.0890633761882782, 0.0219266414642334, 0.11351814866065979, 0.26276543736457825]"
28877.0,2009-09-01T00:00:00.000000000,"[-0.06267886608839035, 0.025329740718007088, 0.15734252333641052, 0.15734252333641052]","[0.16356149315834045, 0.23173439502716064, 0.2775074243545532, 0.387325644493103]"
28877.0,2009-12-01T00:00:00.000000000,"[0.025329740718007088, 0.15734252333641052, 0.15734252333641052, 0.025329740718007088]","[0.10714244842529297, 0.18150809407234192, 0.24549126625061035, 0.34585481882095337]"
28877.0,2010-03-01T00:00:00.000000000,"[0.15734252333641052, 0.15734252333641052, 0.025329740718007088, 0.13534040749073029]","[0.15687409043312073, 0.21411001682281494, 0.2805944085121155, 0.33560097217559814]"
28877.0,2010-06-01T00:00:00.000000000,"[0.15734252333641052, 0.025329740718007088, 0.13534040749073029, 0.26735323667526245]","[0.20868971943855286, 0.2681790590286255, 0.3184257745742798, 0.4083935618400574]"
28877.0,2010-09-01T00:00:00.000000000,"[0.025329740718007088, 0.13534040749073029, 0.26735323667526245, 0.2893553674221039]","[0.1893598437309265, 0.24670934677124023, 0.3136363625526428, 0.366975873708725]"
29028.0,2006-06-01T00:00:00.000000000,"[1.6534881591796875, 2.775597333908081, 1.7634987831115723, 2.0495264530181885]","[1.5205289125442505, 1.4514491558074951, 1.4015825986862183, 1.3572030067443848]"
29028.0,2006-09-01T00:00:00.000000000,"[2.775597333908081, 1.7634987831115723, 2.0495264530181885, 1.8735092878341675]","[1.5507080554962158, 1.52116858959198, 1.533254861831665, 1.5310983657836914]"
29028.0,2006-12-01T00:00:00.000000000,"[1.7634987831115723, 2.0495264530181885, 1.8735092878341675, 3.1056292057037354]","[1.90330171585083, 1.9090638160705566, 1.9171314239501953, 1.966334342956543]"
29028.0,2007-03-01T00:00:00.000000000,"[2.0495264530181885, 1.8735092878341675, 3.1056292057037354, 1.6974923610687256]","[1.7843444347381592, 1.7240407466888428, 1.708216667175293, 1.6746031045913696]"
29028.0,2007-06-01T00:00:00.000000000,"[1.8735092878341675, 3.1056292057037354, 1.6974923610687256, 2.027524471282959]","[1.9055739641189575, 1.8225042819976807, 1.7589147090911865, 1.7053860425949097]"
29028.0,2007-09-01T00:00:00.000000000,"[3.1056292057037354, 1.6974923610687256, 2.027524471282959, 2.027524471282959]","[1.8070281744003296, 1.7108439207077026, 1.6799333095550537, 1.6117091178894043]"
29028.0,2007-12-01T00:00:00.000000000,"[1.6974923610687256, 2.027524471282959, 2.027524471282959, 3.1936378479003906]","[2.0928220748901367, 2.0900304317474365, 2.0654830932617188, 2.1511194705963135]"
29028.0,2008-03-01T00:00:00.000000000,"[2.027524471282959, 2.027524471282959, 3.1936378479003906, 1.8735092878341675]","[1.8987433910369873, 1.7705237865447998, 1.6993976831436157, 1.6024054288864136]"
29028.0,2008-06-01T00:00:00.000000000,"[2.027524471282959, 3.1936378479003906, 1.8735092878341675, 1.8735092878341675]","[2.001762628555298, 1.9284298419952393, 1.8733015060424805, 1.836512565612793]"
29028.0,2008-09-01T00:00:00.000000000,"[3.1936378479003906, 1.8735092878341675, 1.8735092878341675, 2.379558563232422]","[1.9315149784088135, 1.907379388809204, 1.927295207977295, 1.940201759338379]"
29028.0,2008-12-01T00:00:00.000000000,"[1.8735092878341675, 1.8735092878341675, 2.379558563232422, 3.875704050064087]","[2.270923137664795, 2.282090663909912, 2.286153793334961, 2.3538029193878174]"
29028.0,2009-03-01T00:00:00.000000000,"[1.8735092878341675, 2.379558563232422, 3.875704050064087, 2.2915501594543457]","[2.046535015106201, 1.99648118019104, 1.978346586227417, 1.9669468402862549]"
29028.0,2009-06-01T00:00:00.000000000,"[2.379558563232422, 3.875704050064087, 2.2915501594543457, 2.42356276512146]","[2.1028850078582764, 2.0252552032470703, 1.979551911354065, 1.9369680881500244]"
29028.0,2009-09-01T00:00:00.000000000,"[3.875704050064087, 2.2915501594543457, 2.42356276512146, 3.0396230220794678]","[2.294981002807617, 2.2691009044647217, 2.290835380554199, 2.2989141941070557]"
29028.0,2009-12-01T00:00:00.000000000,"[2.2915501594543457, 2.42356276512146, 3.0396230220794678, 4.491764068603516]","[2.7064661979675293, 2.7450265884399414, 2.752573251724243, 2.9033265113830566]"
29028.0,2010-03-01T00:00:00.000000000,"[2.42356276512146, 3.0396230220794678, 4.491764068603516, 2.8416035175323486]","[2.5884790420532227, 2.475153923034668, 2.4251596927642822, 2.3285231590270996]"
29028.0,2010-06-01T00:00:00.000000000,"[3.0396230220794678, 4.491764068603516, 2.8416035175323486, 3.721689224243164]","[2.41569447517395, 2.316582202911377, 2.237700939178467, 2.184800386428833]"
29028.0,2010-09-01T00:00:00.000000000,"[4.491764068603516, 2.8416035175323486, 3.721689224243164, 3.4576635360717773]","[2.6947338581085205, 2.6231143474578857, 2.6128671169281006, 2.57356858253479]"
29028.0,2010-12-01T00:00:00.000000000,"[2.8416035175323486, 3.721689224243164, 3.4576635360717773, 5.217834949493408]","[3.3040425777435303, 3.3221898078918457, 3.3498435020446777, 3.460672378540039]"
29028.0,2011-03-01T00:00:00.000000000,"[3.721689224243164, 3.4576635360717773, 5.217834949493408, 3.1056292057037354]","[3.1837048530578613, 3.0497140884399414, 3.018402338027954, 2.878599166870117]"
29028.0,2011-06-01T00:00:00.000000000,"[3.4576635360717773, 5.217834949493408, 3.1056292057037354, 3.919708251953125]","[3.153569459915161, 2.992060899734497, 2.899381160736084, 2.7688608169555664]"
29028.0,2011-09-01T00:00:00.000000000,"[5.217834949493408, 3.1056292057037354, 3.919708251953125, 3.4576635360717773]","[3.101900577545166, 3.009594440460205, 3.0119714736938477, 2.9599945545196533]"
29028.0,2011-12-01T00:00:00.000000000,"[3.1056292057037354, 3.919708251953125, 3.4576635360717773, 5.987909317016602]","[3.6294779777526855, 3.5756678581237793, 3.5398740768432617, 3.5674142837524414]"
29028.0,2012-03-01T00:00:00.000000000,"[3.919708251953125, 3.4576635360717773, 5.987909317016602, 4.359751224517822]","[3.2912416458129883, 3.080033302307129, 2.975576400756836, 2.808133602142334]"
29028.0,2012-06-01T00:00:00.000000000,"[3.4576635360717773, 5.987909317016602, 4.359751224517822, 4.007717132568359]","[3.647268295288086, 3.5103158950805664, 3.440525531768799, 3.3387467861175537]"
29028.0,2012-09-01T00:00:00.000000000,"[5.987909317016602, 4.359751224517822, 4.007717132568359, 5.349847793579102]","[3.4646553993225098, 3.4493930339813232, 3.477808713912964, 3.5034475326538086]"
29028.0,2012-12-01T00:00:00.000000000,"[4.359751224517822, 4.007717132568359, 5.349847793579102, 7.880094051361084]","[4.294101238250732, 4.31671142578125, 4.339232921600342, 4.516740322113037]"
29028.0,2013-03-01T00:00:00.000000000,"[4.007717132568359, 5.349847793579102, 7.880094051361084, 5.855896949768066]","[4.356420516967773, 4.179505348205566, 4.1496734619140625, 3.9673986434936523]"
29901.0,2006-03-01T00:00:00.000000000,"[-0.5742285847663879, -0.593590497970581, -0.5907301902770996, -0.5907301902770996]","[-0.5869153141975403, -0.5977607369422913, -0.588426411151886, -0.5885279178619385]"
29901.0,2006-06-01T00:00:00.000000000,"[-0.593590497970581, -0.5907301902770996, -0.5907301902770996, -0.5797291398048401]","[-0.590071439743042, -0.5848215222358704, -0.5856311917304993, -0.5692226886749268]"
29901.0,2006-09-01T00:00:00.000000000,"[-0.5907301902770996, -0.5907301902770996, -0.5797291398048401, -0.5880899429321289]","[-0.5850586891174316, -0.5924209952354431, -0.5756708383560181, -0.5875881314277649]"
29901.0,2007-03-01T00:00:00.000000000,"[-0.5907301902770996, -0.5797291398048401, -0.5880899429321289, -0.5852296352386475]","[-0.5871394872665405, -0.57370924949646, -0.5888411402702332, -0.5862546563148499]"
29901.0,2007-06-01T00:00:00.000000000,"[-0.5797291398048401, -0.5880899429321289, -0.5852296352386475, -0.5687280893325806]","[-0.5779670476913452, -0.589637279510498, -0.5778675675392151, -0.5772565007209778]"
29901.0,2007-09-01T00:00:00.000000000,"[-0.5880899429321289, -0.5852296352386475, -0.5687280893325806, -0.5247237682342529]","[-0.5902342796325684, -0.5861455202102661, -0.5863780975341797, -0.575664758682251]"
29901.0,2007-12-01T00:00:00.000000000,"[-0.5852296352386475, -0.5687280893325806, -0.5247237682342529, -0.5302243232727051]","[-0.5784592628479004, -0.5892666578292847, -0.5773518085479736, -0.5840372443199158]"
29901.0,2008-03-01T00:00:00.000000000,"[-0.5687280893325806, -0.5247237682342529, -0.5302243232727051, -0.544085681438446]","[-0.5805221199989319, -0.5712366104125977, -0.5834324955940247, -0.5823174118995667]"
29901.0,2008-06-01T00:00:00.000000000,"[-0.5247237682342529, -0.5302243232727051, -0.544085681438446, -0.5412254333496094]","[-0.5808307528495789, -0.5838919878005981, -0.5842024683952332, -0.5863369107246399]"
29901.0,2008-09-01T00:00:00.000000000,"[-0.5302243232727051, -0.544085681438446, -0.5412254333496094, -0.49722111225128174]","[-0.5672287940979004, -0.5702769160270691, -0.5706957578659058, -0.5728830099105835]"
29901.0,2008-12-01T00:00:00.000000000,"[-0.544085681438446, -0.5412254333496094, -0.49722111225128174, -0.5082221627235413]","[-0.5612179040908813, -0.5687315464019775, -0.5717836618423462, -0.5784508585929871]"
29901.0,2009-03-01T00:00:00.000000000,"[-0.5412254333496094, -0.49722111225128174, -0.5082221627235413, -0.4642179012298584]","[-0.5629552602767944, -0.5711795091629028, -0.5758046507835388, -0.583001971244812]"
29901.0,2009-06-01T00:00:00.000000000,"[-0.49722111225128174, -0.5082221627235413, -0.4642179012298584, -0.4422157406806946]","[-0.5623200535774231, -0.5715822577476501, -0.5764573216438293, -0.5845585465431213]"
29901.0,2009-09-01T00:00:00.000000000,"[-0.5082221627235413, -0.4642179012298584, -0.4422157406806946, -0.4147131145000458]","[-0.545579731464386, -0.5497503876686096, -0.5511454343795776, -0.5540928244590759]"
29901.0,2009-12-01T00:00:00.000000000,"[-0.4642179012298584, -0.4422157406806946, -0.4147131145000458, -0.46971845626831055]","[-0.5384313464164734, -0.5460566878318787, -0.5494753122329712, -0.5558744668960571]"
29901.0,2010-03-01T00:00:00.000000000,"[-0.4422157406806946, -0.4147131145000458, -0.46971845626831055, -0.4422157406806946]","[-0.5136667490005493, -0.5263845324516296, -0.5326038599014282, -0.5445554256439209]"
29901.0,2010-06-01T00:00:00.000000000,"[-0.4147131145000458, -0.46971845626831055, -0.4422157406806946, -0.4147131145000458]","[-0.502190113067627, -0.5175502300262451, -0.5246067643165588, -0.5390042662620544]"
29901.0,2010-09-01T00:00:00.000000000,"[-0.46971845626831055, -0.4422157406806946, -0.4147131145000458, -0.3377055823802948]","[-0.4852411150932312, -0.49874526262283325, -0.5041956305503845, -0.5166409015655518]"
29901.0,2010-12-01T00:00:00.000000000,"[-0.4422157406806946, -0.4147131145000458, -0.3377055823802948, -0.37070879340171814]","[-0.4964417815208435, -0.5119042992591858, -0.5194624066352844, -0.5330793261528015]"
29901.0,2011-03-01T00:00:00.000000000,"[-0.4147131145000458, -0.3377055823802948, -0.37070879340171814, -0.34320613741874695]","[-0.4851381778717041, -0.5012072920799255, -0.5099141001701355, -0.5241792798042297]"
29901.0,2011-06-01T00:00:00.000000000,"[-0.3377055823802948, -0.37070879340171814, -0.34320613741874695, -0.34320613741874695]","[-0.47053858637809753, -0.47465044260025024, -0.48802751302719116, -0.496115505695343]"
29901.0,2011-09-01T00:00:00.000000000,"[-0.37070879340171814, -0.34320613741874695, -0.34320613741874695, -0.38170990347862244]","[-0.43999528884887695, -0.44828855991363525, -0.4497305750846863, -0.45583534240722656]"
29901.0,2011-12-01T00:00:00.000000000,"[-0.34320613741874695, -0.34320613741874695, -0.38170990347862244, -0.3212040066719055]","[-0.43543586134910583, -0.4500150680541992, -0.4555899500846863, -0.46761104464530945]"
29901.0,2012-03-01T00:00:00.000000000,"[-0.34320613741874695, -0.38170990347862244, -0.3212040066719055, -0.26619863510131836]","[-0.420891135931015, -0.4424480199813843, -0.45400574803352356, -0.473183274269104]"
29901.0,2012-06-01T00:00:00.000000000,"[-0.38170990347862244, -0.3212040066719055, -0.26619863510131836, -0.2606981098651886]","[-0.4130024313926697, -0.4289708435535431, -0.4342063069343567, -0.44709888100624084]"
29901.0,2012-09-01T00:00:00.000000000,"[-0.3212040066719055, -0.26619863510131836, -0.2606981098651886, -0.10118257254362106]","[-0.4231964945793152, -0.4366358816623688, -0.44414788484573364, -0.45381268858909607]"
29901.0,2012-12-01T00:00:00.000000000,"[-0.26619863510131836, -0.2606981098651886, -0.10118257254362106, -0.1341858208179474]","[-0.3923186957836151, -0.40372756123542786, -0.40745705366134644, -0.4153137803077698]"
29901.0,2013-03-01T00:00:00.000000000,"[-0.2606981098651886, -0.10118257254362106, -0.1341858208179474, -0.11218363791704178]","[-0.35340744256973267, -0.36380890011787415, -0.3645889163017273, -0.37172120809555054]"
62689.0,2006-06-01T00:00:00.000000000,"[3.5456719398498535, 5.0418171882629395, 6.053915977478027, 4.865800380706787]","[4.319537162780762, 4.208380699157715, 4.170910358428955, 4.134697914123535]"
62689.0,2006-09-01T00:00:00.000000000,"[5.0418171882629395, 6.053915977478027, 4.865800380706787, 4.623776912689209]","[3.5550920963287354, 3.4265120029449463, 3.3301124572753906, 3.3023459911346436]"
62689.0,2006-12-01T00:00:00.000000000,"[6.053915977478027, 4.865800380706787, 4.623776912689209, 5.745886325836182]","[3.9775474071502686, 3.9194283485412598, 3.8867835998535156, 3.9194259643554688]"
62689.0,2007-03-01T00:00:00.000000000,"[4.865800380706787, 4.623776912689209, 5.745886325836182, 5.679879665374756]","[4.52813196182251, 4.4905290603637695, 4.541769027709961, 4.585990905761719]"
62689.0,2007-06-01T00:00:00.000000000,"[4.623776912689209, 5.745886325836182, 5.679879665374756, 4.42575740814209]","[4.279538154602051, 4.161314487457275, 4.082617282867432, 4.053411483764648]"
62689.0,2007-09-01T00:00:00.000000000,"[5.745886325836182, 5.679879665374756, 4.42575740814209, 4.139729976654053]","[4.200618743896484, 4.051210880279541, 3.9601526260375977, 3.9054248332977295]"
62689.0,2007-12-01T00:00:00.000000000,"[5.679879665374756, 4.42575740814209, 4.139729976654053, 4.57977294921875]","[4.640064716339111, 4.576833724975586, 4.582948207855225, 4.611710071563721]"
62689.0,2008-03-01T00:00:00.000000000,"[4.42575740814209, 4.139729976654053, 4.57977294921875, 6.339943885803223]","[4.735753536224365, 4.679417133331299, 4.678960800170898, 4.717873573303223]"
62689.0,2008-06-01T00:00:00.000000000,"[4.139729976654053, 4.57977294921875, 6.339943885803223, 5.789890289306641]","[4.237518787384033, 4.194547653198242, 4.136198043823242, 4.205817699432373]"
62689.0,2008-09-01T00:00:00.000000000,"[4.57977294921875, 6.339943885803223, 5.789890289306641, 3.523669719696045]","[4.152528762817383, 4.156091213226318, 4.15863561630249, 4.282718658447266]"
62689.0,2008-12-01T00:00:00.000000000,"[6.339943885803223, 5.789890289306641, 3.523669719696045, 1.301453948020935]","[4.3692121505737305, 4.360940456390381, 4.375850677490234, 4.482788562774658]"
62689.0,2009-03-01T00:00:00.000000000,"[5.789890289306641, 3.523669719696045, 1.301453948020935, 4.315746784210205]","[5.0877604484558105, 5.068164825439453, 5.098138809204102, 5.178083896636963]"
62689.0,2009-06-01T00:00:00.000000000,"[3.523669719696045, 1.301453948020935, 4.315746784210205, 4.711785793304443]","[5.093400001525879, 5.086359024047852, 5.09696102142334, 5.194486141204834]"
62689.0,2009-09-01T00:00:00.000000000,"[1.301453948020935, 4.315746784210205, 4.711785793304443, 3.281646251678467]","[4.205776214599609, 4.24154806137085, 4.2513813972473145, 4.39738130569458]"
62689.0,2009-12-01T00:00:00.000000000,"[4.315746784210205, 4.711785793304443, 3.281646251678467, 4.887802600860596]","[2.677919387817383, 2.843672752380371, 3.0383310317993164, 3.183332681655884]"
62689.0,2010-03-01T00:00:00.000000000,"[4.711785793304443, 3.281646251678467, 4.887802600860596, 3.98571515083313]","[3.5938374996185303, 3.6384825706481934, 3.6397581100463867, 3.8590521812438965]"
62689.0,2010-06-01T00:00:00.000000000,"[3.281646251678467, 4.887802600860596, 3.98571515083313, 5.525864601135254]","[4.22937536239624, 4.234230041503906, 4.230641841888428, 4.370938301086426]"
62689.0,2010-09-01T00:00:00.000000000,"[4.887802600860596, 3.98571515083313, 5.525864601135254, 3.7436912059783936]","[3.6912484169006348, 3.7773780822753906, 3.8564984798431396, 3.9991872310638428]"
62689.0,2010-12-01T00:00:00.000000000,"[3.98571515083313, 5.525864601135254, 3.7436912059783936, 2.4455649852752686]","[5.032007217407227, 5.052701473236084, 5.082028388977051, 5.179093360900879]"
62689.0,2011-03-01T00:00:00.000000000,"[5.525864601135254, 3.7436912059783936, 2.4455649852752686, 6.603969573974609]","[4.331508636474609, 4.35409688949585, 4.418039321899414, 4.528294563293457]"
62689.0,2011-06-01T00:00:00.000000000,"[3.7436912059783936, 2.4455649852752686, 6.603969573974609, 5.063819408416748]","[4.914323329925537, 4.982458114624023, 4.961324691772461, 5.243852615356445]"
62689.0,2011-09-01T00:00:00.000000000,"[2.4455649852752686, 6.603969573974609, 5.063819408416748, -1.1407837867736816]","[4.321593284606934, 4.404079914093018, 4.585278034210205, 4.63185453414917]"
62689.0,2011-12-01T00:00:00.000000000,"[6.603969573974609, 5.063819408416748, -1.1407837867736816, 6.163926601409912]","[2.988548517227173, 3.20556640625, 3.3771674633026123, 3.6415398120880127]"
62689.0,2012-03-01T00:00:00.000000000,"[5.063819408416748, -1.1407837867736816, 6.163926601409912, 10.102309226989746]","[5.622378826141357, 5.587976455688477, 5.638493061065674, 5.70180606842041]"
62689.0,2012-06-01T00:00:00.000000000,"[-1.1407837867736816, 6.163926601409912, 10.102309226989746, 5.305843353271484]","[5.474196910858154, 5.468177795410156, 5.476539611816406, 5.576212406158447]"
62689.0,2012-09-01T00:00:00.000000000,"[6.163926601409912, 10.102309226989746, 5.305843353271484, 6.889997482299805]","[2.396906852722168, 2.6854093074798584, 3.070498466491699, 3.176396131515503]"
62689.0,2012-12-01T00:00:00.000000000,"[10.102309226989746, 5.305843353271484, 6.889997482299805, 5.019815444946289]","[4.530890464782715, 4.608089447021484, 4.641725063323975, 5.011221885681152]"
62689.0,2013-03-01T00:00:00.000000000,"[5.305843353271484, 6.889997482299805, 5.019815444946289, 10.740371704101562]","[6.467560291290283, 6.3830976486206055, 6.51361083984375, 6.515565872192383]"
64768.0,2006-06-01T00:00:00.000000000,"[-0.7304438352584839, -0.8052510619163513, -0.6512360572814941, -0.7139422297477722]","[-0.6854085922241211, -0.684958279132843, -0.6582759618759155, -0.6762095093727112]"
64768.0,2006-09-01T00:00:00.000000000,"[-0.8052510619163513, -0.6512360572814941, -0.7139422297477722, -0.6798388957977295]","[-0.6958637237548828, -0.6912181973457336, -0.6850664615631104, -0.6832245588302612]"
64768.0,2006-12-01T00:00:00.000000000,"[-0.6512360572814941, -0.7139422297477722, -0.6798388957977295, -0.6820390820503235]","[-0.7294966578483582, -0.7198668718338013, -0.7064234018325806, -0.704809844493866]"
64768.0,2007-03-01T00:00:00.000000000,"[-0.7139422297477722, -0.6798388957977295, -0.6820390820503235, -0.5907301902770996]","[-0.679350733757019, -0.6761894226074219, -0.6765221357345581, -0.6664609909057617]"
64768.0,2007-06-01T00:00:00.000000000,"[-0.6798388957977295, -0.6820390820503235, -0.5907301902770996, -0.5830294489860535]","[-0.688814640045166, -0.6858507394790649, -0.6825052499771118, -0.6794899106025696]"
64768.0,2007-09-01T00:00:00.000000000,"[-0.6820390820503235, -0.5907301902770996, -0.5830294489860535, -0.5049218535423279]","[-0.6844281554222107, -0.680580198764801, -0.6784786581993103, -0.6737122535705566]"
64768.0,2007-12-01T00:00:00.000000000,"[-0.5907301902770996, -0.5830294489860535, -0.5049218535423279, -0.6435353755950928]","[-0.685491681098938, -0.6825592517852783, -0.6780469417572021, -0.6756799817085266]"
64768.0,2008-03-01T00:00:00.000000000,"[-0.5830294489860535, -0.5049218535423279, -0.6435353755950928, -0.5313244462013245]","[-0.6441263556480408, -0.6437140703201294, -0.6441286206245422, -0.6410683393478394]"
64768.0,2008-06-01T00:00:00.000000000,"[-0.5049218535423279, -0.6435353755950928, -0.5313244462013245, -0.5379250645637512]","[-0.6201612949371338, -0.6232120394706726, -0.6233980059623718, -0.624599039554596]"
64768.0,2008-09-01T00:00:00.000000000,"[-0.6435353755950928, -0.5313244462013245, -0.5379250645637512, -0.6567366123199463]","[-0.5800254940986633, -0.5890992879867554, -0.592779815196991, -0.6006988286972046]"
64768.0,2008-12-01T00:00:00.000000000,"[-0.5313244462013245, -0.5379250645637512, -0.6567366123199463, -0.6435353755950928]","[-0.6275935769081116, -0.639392614364624, -0.6458025574684143, -0.6549404859542847]"
64768.0,2009-03-01T00:00:00.000000000,"[-0.5379250645637512, -0.6567366123199463, -0.6435353755950928, -0.463117778301239]","[-0.6049757599830627, -0.6139453649520874, -0.6221732497215271, -0.6258315443992615]"
64768.0,2009-06-01T00:00:00.000000000,"[-0.6567366123199463, -0.6435353755950928, -0.463117778301239, -0.34100592136383057]","[-0.5867659449577332, -0.5995879173278809, -0.6054548621177673, -0.6158947944641113]"
64768.0,2009-09-01T00:00:00.000000000,"[-0.6435353755950928, -0.463117778301239, -0.34100592136383057, -0.14298662543296814]","[-0.6195651888847351, -0.6293720602989197, -0.6370381116867065, -0.643580973148346]"
64768.0,2009-12-01T00:00:00.000000000,"[-0.463117778301239, -0.34100592136383057, -0.14298662543296814, -0.06817939877510071]","[-0.6451507210731506, -0.6474806070327759, -0.6469825506210327, -0.6473848819732666]"
64768.0,2010-03-01T00:00:00.000000000,"[-0.34100592136383057, -0.14298662543296814, -0.06817939877510071, -0.03627631068229675]","[-0.5748421549797058, -0.5759817957878113, -0.5737020969390869, -0.5685636401176453]"
64768.0,2010-06-01T00:00:00.000000000,"[-0.14298662543296814, -0.06817939877510071, -0.03627631068229675, 0.07923494279384613]","[-0.5140535831451416, -0.5204594135284424, -0.5192771553993225, -0.5230273008346558]"
64768.0,2010-09-01T00:00:00.000000000,"[-0.06817939877510071, -0.03627631068229675, 0.07923494279384613, -0.12648503482341766]","[-0.397304892539978, -0.4216412305831909, -0.4275882840156555, -0.4558647572994232]"
64768.0,2010-12-01T00:00:00.000000000,"[-0.03627631068229675, 0.07923494279384613, -0.12648503482341766, -0.2353956401348114]","[-0.3563697934150696, -0.3924069404602051, -0.40478867292404175, -0.4435456395149231]"
64768.0,2011-03-01T00:00:00.000000000,"[0.07923494279384613, -0.12648503482341766, -0.2353956401348114, 0.01102833729237318]","[-0.3256552219390869, -0.38988208770751953, -0.4240385591983795, -0.48449259996414185]"
64768.0,2011-06-01T00:00:00.000000000,"[-0.12648503482341766, -0.2353956401348114, 0.01102833729237318, -0.14958731830120087]","[-0.2619759142398834, -0.3301459550857544, -0.36350777745246887, -0.4266952574253082]"
64768.0,2011-09-01T00:00:00.000000000,"[-0.2353956401348114, 0.01102833729237318, -0.14958731830120087, 0.43236926198005676]","[-0.27361735701560974, -0.32101160287857056, -0.3445223569869995, -0.3843836188316345]"
64768.0,2011-12-01T00:00:00.000000000,"[0.01102833729237318, -0.14958731830120087, 0.43236926198005676, 0.6600914597511292]","[-0.32712286710739136, -0.3877236545085907, -0.4277845621109009, -0.47889643907546997]"
64768.0,2012-03-01T00:00:00.000000000,"[-0.14958731830120087, 0.43236926198005676, 0.6600914597511292, 0.8493099212646484]","[-0.24274152517318726, -0.2834581732749939, -0.3000304698944092, -0.33091408014297485]"
64768.0,2012-06-01T00:00:00.000000000,"[0.43236926198005676, 0.6600914597511292, 0.8493099212646484, 1.0363280773162842]","[-0.2470618486404419, -0.2934315800666809, -0.31617850065231323, -0.3517794609069824]"
64768.0,2012-09-01T00:00:00.000000000,"[0.6600914597511292, 0.8493099212646484, 1.0363280773162842, 0.9626208543777466]","[-0.028378576040267944, -0.064246267080307, -0.0734664797782898, -0.10090059041976929]"
64768.0,2012-12-01T00:00:00.000000000,"[0.8493099212646484, 1.0363280773162842, 0.9626208543777466, -0.02747543714940548]","[0.19026467204093933, 0.12380853295326233, 0.11311259865760803, 0.03861767053604126]"
64768.0,2013-03-01T00:00:00.000000000,"[1.0363280773162842, 0.9626208543777466, -0.02747543714940548, -0.06267886608839035]","[0.30188193917274475, 0.20302942395210266, 0.1616089642047882, 0.06549334526062012]"
111534.0,2006-03-01T00:00:00.000000000,"[-2.7029356956481934, 1.3894624710083008, 3.677685022354126, 3.2376420497894287]","[-0.3356214761734009, -0.08737480640411377, 0.24794232845306396, 0.3252890706062317]"
111534.0,2006-06-01T00:00:00.000000000,"[1.3894624710083008, 3.677685022354126, 3.2376420497894287, 3.5896763801574707]","[-1.1879844665527344, -0.8010802268981934, -0.3053487539291382, -0.15981972217559814]"
111534.0,2006-09-01T00:00:00.000000000,"[3.677685022354126, 3.2376420497894287, 3.5896763801574707, 3.831699848175049]","[0.26441490650177, 0.40185827016830444, 0.555875301361084, 0.6867506504058838]"
111534.0,2006-12-01T00:00:00.000000000,"[3.2376420497894287, 3.5896763801574707, 3.831699848175049, 6.735982418060303]","[1.235629916191101, 1.2660880088806152, 1.222369909286499, 1.3734445571899414]"
111534.0,2007-03-01T00:00:00.000000000,"[3.5896763801574707, 3.831699848175049, 6.735982418060303, 2.027524471282959]","[2.0076239109039307, 2.024048328399658, 1.9997694492340088, 2.1145811080932617]"
111534.0,2007-06-01T00:00:00.000000000,"[3.831699848175049, 6.735982418060303, 2.027524471282959, 2.9076099395751953]","[2.465686798095703, 2.233400344848633, 2.0531210899353027, 1.9010188579559326]"
111534.0,2007-09-01T00:00:00.000000000,"[6.735982418060303, 2.027524471282959, 2.9076099395751953, 4.381753444671631]","[2.456977605819702, 2.2419450283050537, 2.08758544921875, 1.9544744491577148]"
111534.0,2007-12-01T00:00:00.000000000,"[2.027524471282959, 2.9076099395751953, 4.381753444671631, 5.217834949493408]","[3.305281162261963, 3.172945976257324, 3.071749210357666, 3.0119450092315674]"
111534.0,2008-03-01T00:00:00.000000000,"[2.9076099395751953, 4.381753444671631, 5.217834949493408, 2.115532875061035]","[2.1008236408233643, 1.873807668685913, 1.6723524332046509, 1.5394212007522583]"
111534.0,2008-06-01T00:00:00.000000000,"[4.381753444671631, 5.217834949493408, 2.115532875061035, 1.4114645719528198]","[2.0782699584960938, 1.9101946353912354, 1.7340338230133057, 1.6653825044631958]"
111534.0,2008-09-01T00:00:00.000000000,"[5.217834949493408, 2.115532875061035, 1.4114645719528198, 2.7315926551818848]","[2.75034236907959, 2.7451157569885254, 2.7701520919799805, 2.87062668800354]"
111534.0,2009-03-01T00:00:00.000000000,"[2.115532875061035, 1.4114645719528198, 2.7315926551818848, 2.7095906734466553]","[3.1676290035247803, 3.187079429626465, 3.1602325439453125, 3.2945218086242676]"
111534.0,2009-06-01T00:00:00.000000000,"[1.4114645719528198, 2.7315926551818848, 2.7095906734466553, -0.37070879340171814]","[2.042705535888672, 2.004105567932129, 1.97550368309021, 2.001377820968628]"
111534.0,2009-09-01T00:00:00.000000000,"[2.7315926551818848, 2.7095906734466553, -0.37070879340171814, 3.083627223968506]","[0.9223175644874573, 1.0767796039581299, 1.1767748594284058, 1.337627649307251]"
111534.0,2009-12-01T00:00:00.000000000,"[2.7095906734466553, -0.37070879340171814, 3.083627223968506, 3.3916571140289307]","[1.68453049659729, 1.7517249584197998, 1.8192936182022095, 1.9787521362304688]"
111534.0,2010-03-01T00:00:00.000000000,"[-0.37070879340171814, 3.083627223968506, 3.3916571140289307, 11.004398345947266]","[1.8537954092025757, 1.9159990549087524, 1.844551682472229, 2.0606865882873535]"
111864.0,2006-06-01T00:00:00.000000000,"[0.6413896679878235, 0.575383186340332, 0.7734025120735168, 0.8614109754562378]","[0.5099116563796997, 0.4963768720626831, 0.49851471185684204, 0.4875642657279968]"
111864.0,2006-09-01T00:00:00.000000000,"[0.575383186340332, 0.7734025120735168, 0.8614109754562378, 1.0374282598495483]","[0.5780194401741028, 0.5452777743339539, 0.5797802209854126, 0.5681368112564087]"
111864.0,2006-12-01T00:00:00.000000000,"[0.7734025120735168, 0.8614109754562378, 1.0374282598495483, 0.9714217185974121]","[0.3734527826309204, 0.329550564289093, 0.3050800561904907, 0.2753298282623291]"
111864.0,2007-03-01T00:00:00.000000000,"[0.8614109754562378, 1.0374282598495483, 0.9714217185974121, 1.0594303607940674]","[0.521518886089325, 0.44424811005592346, 0.40138739347457886, 0.32591620087623596]"
111864.0,2007-06-01T00:00:00.000000000,"[1.0374282598495483, 0.9714217185974121, 1.0594303607940674, 1.0594303607940674]","[0.6064724326133728, 0.521103024482727, 0.4775641858577728, 0.3885326087474823]"
111864.0,2007-09-01T00:00:00.000000000,"[0.9714217185974121, 1.0594303607940674, 1.0594303607940674, 1.2134451866149902]","[0.7097204923629761, 0.6716889142990112, 0.6627842783927917, 0.6369746327400208]"
111864.0,2007-12-01T00:00:00.000000000,"[1.0594303607940674, 1.0594303607940674, 1.2134451866149902, 1.1914430856704712]","[0.7848135232925415, 0.7002972364425659, 0.6671417355537415, 0.5894268751144409]"
111864.0,2008-03-01T00:00:00.000000000,"[1.0594303607940674, 1.2134451866149902, 1.1914430856704712, 1.2134451866149902]","[0.758097231388092, 0.6796478033065796, 0.6344606280326843, 0.5744287967681885]"
111864.0,2008-06-01T00:00:00.000000000,"[1.2134451866149902, 1.1914430856704712, 1.2134451866149902, 1.147438883781433]","[0.7960693836212158, 0.7197182178497314, 0.6762417554855347, 0.6244032979011536]"
111864.0,2008-09-01T00:00:00.000000000,"[1.1914430856704712, 1.2134451866149902, 1.147438883781433, 1.3454581499099731]","[0.8884642124176025, 0.8423018455505371, 0.8219927549362183, 0.7922226190567017]"
111864.0,2008-12-01T00:00:00.000000000,"[1.2134451866149902, 1.147438883781433, 1.3454581499099731, 1.455468773841858]","[0.9772642850875854, 0.9234946966171265, 0.9088912010192871, 0.8713314533233643]"
111864.0,2009-03-01T00:00:00.000000000,"[1.147438883781433, 1.3454581499099731, 1.455468773841858, 1.5654793977737427]","[1.0063799619674683, 0.9494578838348389, 0.9247798919677734, 0.8849897384643555]"
111864.0,2009-06-01T00:00:00.000000000,"[1.3454581499099731, 1.455468773841858, 1.5654793977737427, 1.6314857006072998]","[1.0122612714767456, 0.9621831178665161, 0.9415402412414551, 0.9104501008987427]"
111864.0,2009-09-01T00:00:00.000000000,"[1.455468773841858, 1.5654793977737427, 1.6314857006072998, 1.9175138473510742]","[1.124732255935669, 1.0579687356948853, 1.0242233276367188, 0.9793069958686829]"
111864.0,2009-12-01T00:00:00.000000000,"[1.5654793977737427, 1.6314857006072998, 1.9175138473510742, 1.9175138473510742]","[1.2532424926757812, 1.2156355381011963, 1.2153664827346802, 1.1956062316894531]"
111864.0,2010-03-01T00:00:00.000000000,"[1.6314857006072998, 1.9175138473510742, 1.9175138473510742, 1.7855008840560913]","[1.3419990539550781, 1.3254384994506836, 1.3406660556793213, 1.3168137073516846]"
111864.0,2010-06-01T00:00:00.000000000,"[1.9175138473510742, 1.9175138473510742, 1.7855008840560913, 1.301453948020935]","[1.4070875644683838, 1.3829355239868164, 1.3942420482635498, 1.3638640642166138]"
111864.0,2010-09-01T00:00:00.000000000,"[1.9175138473510742, 1.7855008840560913, 1.301453948020935, 1.3674603700637817]","[1.4930064678192139, 1.4142277240753174, 1.382784366607666, 1.3214404582977295]"
111864.0,2010-12-01T00:00:00.000000000,"[1.7855008840560913, 1.301453948020935, 1.3674603700637817, 1.6754902601242065]","[1.4632059335708618, 1.3453694581985474, 1.2708735466003418, 1.191716194152832]"
111864.0,2011-03-01T00:00:00.000000000,"[1.301453948020935, 1.3674603700637817, 1.6754902601242065, 1.6534881591796875]","[1.5299137830734253, 1.4025139808654785, 1.336411476135254, 1.229765772819519]"
111864.0,2011-06-01T00:00:00.000000000,"[1.3674603700637817, 1.6754902601242065, 1.6534881591796875, 1.4114645719528198]","[1.3516080379486084, 1.2512333393096924, 1.1914969682693481, 1.1185359954833984]"
111864.0,2011-09-01T00:00:00.000000000,"[1.6754902601242065, 1.6534881591796875, 1.4114645719528198, 1.103434681892395]","[1.3299520015716553, 1.2585647106170654, 1.2155513763427734, 1.1743040084838867]"
111864.0,2011-12-01T00:00:00.000000000,"[1.6534881591796875, 1.4114645719528198, 1.103434681892395, 1.4334666728973389]","[1.5385355949401855, 1.5283880233764648, 1.5435888767242432, 1.560248851776123]"
111864.0,2012-03-01T00:00:00.000000000,"[1.4114645719528198, 1.103434681892395, 1.4334666728973389, 0.7734025120735168]","[1.614937663078308, 1.5890820026397705, 1.5833895206451416, 1.5822997093200684]"
111864.0,2012-06-01T00:00:00.000000000,"[1.103434681892395, 1.4334666728973389, 0.7734025120735168, 1.4334666728973389]","[1.5238187313079834, 1.4908661842346191, 1.4695007801055908, 1.4639114141464233]"
111864.0,2012-09-01T00:00:00.000000000,"[1.4334666728973389, 0.7734025120735168, 1.4334666728973389, 1.477470874786377]","[1.3622186183929443, 1.3644514083862305, 1.3609395027160645, 1.4030342102050781]"
111864.0,2012-12-01T00:00:00.000000000,"[0.7734025120735168, 1.4334666728973389, 1.477470874786377, 1.6314857006072998]","[1.4387092590332031, 1.4516677856445312, 1.4519860744476318, 1.5184284448623657]"
111864.0,2013-03-01T00:00:00.000000000,"[1.4334666728973389, 1.477470874786377, 1.6314857006072998, 1.7194944620132446]","[0.9810218214988708, 1.0259132385253906, 1.0583748817443848, 1.1302244663238525]"
112111.0,2006-06-01T00:00:00.000000000,"[-0.5247237682342529, -0.5093222856521606, -0.49612101912498474, -0.6259335875511169]","[-0.5783088803291321, -0.5913164019584656, -0.5980277061462402, -0.6107617020606995]"
112111.0,2006-09-01T00:00:00.000000000,"[-0.5093222856521606, -0.49612101912498474, -0.6259335875511169, -0.6831392049789429]","[-0.5621500015258789, -0.5747318267822266, -0.5796884894371033, -0.5911902785301208]"
112111.0,2006-12-01T00:00:00.000000000,"[-0.49612101912498474, -0.6259335875511169, -0.6831392049789429, -0.5841295719146729]","[-0.5614904761314392, -0.5708683729171753, -0.5745669603347778, -0.5823341608047485]"
112111.0,2007-03-01T00:00:00.000000000,"[-0.6259335875511169, -0.6831392049789429, -0.5841295719146729, -0.45871737599372864]","[-0.5450112223625183, -0.5569992661476135, -0.5625191926956177, -0.5730383396148682]"
112111.0,2007-06-01T00:00:00.000000000,"[-0.6831392049789429, -0.5841295719146729, -0.45871737599372864, -0.491720587015152]","[-0.5885787010192871, -0.5979290008544922, -0.6045527458190918, -0.6109533309936523]"
112111.0,2007-09-01T00:00:00.000000000,"[-0.5841295719146729, -0.45871737599372864, -0.491720587015152, -0.5005214810371399]","[-0.644137978553772, -0.6392711997032166, -0.635587215423584, -0.6288740038871765]"
112111.0,2007-12-01T00:00:00.000000000,"[-0.45871737599372864, -0.491720587015152, -0.5005214810371399, -0.45651715993881226]","[-0.5870521664619446, -0.5878586173057556, -0.5853844881057739, -0.5812485218048096]"
112111.0,2008-03-01T00:00:00.000000000,"[-0.491720587015152, -0.5005214810371399, -0.45651715993881226, -0.41691333055496216]","[-0.5396908521652222, -0.5384858846664429, -0.5360398888587952, -0.5271199345588684]"
112111.0,2008-06-01T00:00:00.000000000,"[-0.5005214810371399, -0.45651715993881226, -0.41691333055496216, -0.5115225315093994]","[-0.5169445872306824, -0.5283840894699097, -0.5323964357376099, -0.5420130491256714]"
112111.0,2008-09-01T00:00:00.000000000,"[-0.45651715993881226, -0.41691333055496216, -0.5115225315093994, -0.3905107378959656]","[-0.5227561593055725, -0.541569173336029, -0.5520760416984558, -0.5690023303031921]"
112111.0,2008-12-01T00:00:00.000000000,"[-0.41691333055496216, -0.5115225315093994, -0.3905107378959656, -0.4257141649723053]","[-0.5124658942222595, -0.5306805372238159, -0.5404373407363892, -0.5562947392463684]"
112111.0,2009-03-01T00:00:00.000000000,"[-0.5115225315093994, -0.3905107378959656, -0.4257141649723053, -0.3377055823802948]","[-0.481455534696579, -0.4987611472606659, -0.5072007775306702, -0.5224817395210266]"
112111.0,2009-06-01T00:00:00.000000000,"[-0.3905107378959656, -0.4257141649723053, -0.3377055823802948, -0.3355053961277008]","[-0.5161060094833374, -0.5336236953735352, -0.543604850769043, -0.5579750537872314]"
112111.0,2009-09-01T00:00:00.000000000,"[-0.4257141649723053, -0.3377055823802948, -0.3355053961277008, -0.22549466788768768]","[-0.47059744596481323, -0.49250394105911255, -0.5035447478294373, -0.5231673717498779]"
112111.0,2009-12-01T00:00:00.000000000,"[-0.3377055823802948, -0.3355053961277008, -0.22549466788768768, -0.08248080313205719]","[-0.4765152335166931, -0.48751798272132874, -0.49015703797340393, -0.4976983070373535]"
112111.0,2010-03-01T00:00:00.000000000,"[-0.3355053961277008, -0.22549466788768768, -0.08248080313205719, -0.1440867930650711]","[-0.44109219312667847, -0.4537523090839386, -0.45871788263320923, -0.4682598114013672]"
112111.0,2010-06-01T00:00:00.000000000,"[-0.22549466788768768, -0.08248080313205719, -0.1440867930650711, -0.2100931704044342]","[-0.42760545015335083, -0.44783350825309753, -0.4570549428462982, -0.4812007546424866]"
112111.0,2010-09-01T00:00:00.000000000,"[-0.08248080313205719, -0.1440867930650711, -0.2100931704044342, -0.12648503482341766]","[-0.3760754466056824, -0.40454035997390747, -0.41815483570098877, -0.44380488991737366]"
112111.0,2010-12-01T00:00:00.000000000,"[-0.1440867930650711, -0.2100931704044342, -0.12648503482341766, -0.08028054982423782]","[-0.29105091094970703, -0.33636218309402466, -0.3552970290184021, -0.39852410554885864]"
112111.0,2011-03-01T00:00:00.000000000,"[-0.2100931704044342, -0.12648503482341766, -0.08028054982423782, -0.16388869285583496]","[-0.28950923681259155, -0.34679216146469116, -0.37727606296539307, -0.43158382177352905]"
112111.0,2011-06-01T00:00:00.000000000,"[-0.12648503482341766, -0.08028054982423782, -0.16388869285583496, -0.18589083850383759]","[-0.3183287978172302, -0.3455524742603302, -0.35985124111175537, -0.3812178373336792]"
112111.0,2011-09-01T00:00:00.000000000,"[-0.08028054982423782, -0.16388869285583496, -0.18589083850383759, -0.20349255204200745]","[-0.2731797695159912, -0.29988813400268555, -0.3095904588699341, -0.33149343729019165]"
112111.0,2011-12-01T00:00:00.000000000,"[-0.16388869285583496, -0.18589083850383759, -0.20349255204200745, -0.07367992401123047]","[-0.2372892051935196, -0.28167569637298584, -0.30211934447288513, -0.3410056233406067]"
112111.0,2012-03-01T00:00:00.000000000,"[-0.18589083850383759, -0.20349255204200745, -0.07367992401123047, -0.0956820473074913]","[-0.25202053785324097, -0.29893583059310913, -0.32605108618736267, -0.3663954436779022]"
112111.0,2012-06-01T00:00:00.000000000,"[-0.20349255204200745, -0.07367992401123047, -0.0956820473074913, -0.12868529558181763]","[-0.23325331509113312, -0.2750585675239563, -0.30023664236068726, -0.33433112502098083]"
112111.0,2012-09-01T00:00:00.000000000,"[-0.07367992401123047, -0.0956820473074913, -0.12868529558181763, -0.15068741142749786]","[-0.2518085837364197, -0.2694225311279297, -0.27919331192970276, -0.2884232699871063]"
112111.0,2012-12-01T00:00:00.000000000,"[-0.0956820473074913, -0.12868529558181763, -0.15068741142749786, 0.06933397799730301]","[-0.15416333079338074, -0.1731286197900772, -0.17360395193099976, -0.18619902431964874]"
117768.0,2006-03-01T00:00:00.000000000,"[-0.5852296352386475, -0.5797291398048401, -0.5302243232727051, -0.5082221627235413]","[-0.5920405983924866, -0.5899801850318909, -0.5902400016784668, -0.5835250616073608]"
117768.0,2006-06-01T00:00:00.000000000,"[-0.5797291398048401, -0.5302243232727051, -0.5082221627235413, -0.5687280893325806]","[-0.578832745552063, -0.5748835802078247, -0.5716742277145386, -0.5664615631103516]"
117768.0,2006-09-01T00:00:00.000000000,"[-0.5302243232727051, -0.5082221627235413, -0.5687280893325806, -0.607231855392456]","[-0.5912405252456665, -0.5885408520698547, -0.5883870720863342, -0.5816526412963867]"
117768.0,2007-03-01T00:00:00.000000000,"[-0.5082221627235413, -0.5687280893325806, -0.607231855392456, -0.45871737599372864]","[-0.5385345220565796, -0.5372817516326904, -0.5376927852630615, -0.5303483605384827]"
117768.0,2007-06-01T00:00:00.000000000,"[-0.5687280893325806, -0.607231855392456, -0.45871737599372864, -0.5082221627235413]","[-0.5193729400634766, -0.5192694067955017, -0.5191901922225952, -0.5153091549873352]"
117768.0,2007-09-01T00:00:00.000000000,"[-0.607231855392456, -0.45871737599372864, -0.5082221627235413, -0.5192232131958008]","[-0.5626046061515808, -0.5627061724662781, -0.5656428337097168, -0.5605040192604065]"
117768.0,2007-12-01T00:00:00.000000000,"[-0.45871737599372864, -0.5082221627235413, -0.5192232131958008, -0.48071953654289246]","[-0.595538318157196, -0.5939680933952332, -0.593028724193573, -0.5887449979782104]"
117768.0,2008-03-01T00:00:00.000000000,"[-0.5082221627235413, -0.5192232131958008, -0.48071953654289246, -0.23869597911834717]","[-0.5404244065284729, -0.5385631322860718, -0.5388513803482056, -0.5292555093765259]"
117768.0,2008-06-01T00:00:00.000000000,"[-0.5192232131958008, -0.48071953654289246, -0.23869597911834717, -0.15618793666362762]","[-0.5326443314552307, -0.5363147854804993, -0.538699209690094, -0.5378120541572571]"
117768.0,2008-09-01T00:00:00.000000000,"[-0.48071953654289246, -0.23869597911834717, -0.15618793666362762, -0.26619863510131836]","[-0.5150202512741089, -0.5223165154457092, -0.5276598930358887, -0.5311055183410645]"
117768.0,2008-12-01T00:00:00.000000000,"[-0.23869597911834717, -0.15618793666362762, -0.26619863510131836, -0.19469167292118073]","[-0.5049275159835815, -0.5160886645317078, -0.5198937654495239, -0.5273961424827576]"
117768.0,2009-03-01T00:00:00.000000000,"[-0.15618793666362762, -0.26619863510131836, -0.19469167292118073, 0.030830271542072296]","[-0.41985636949539185, -0.4338309168815613, -0.43866196274757385, -0.4489699602127075]"
117768.0,2009-06-01T00:00:00.000000000,"[-0.26619863510131836, -0.19469167292118073, 0.030830271542072296, 0.16284312307834625]","[-0.34534192085266113, -0.37925320863723755, -0.39032989740371704, -0.4333500862121582]"
117768.0,2009-09-01T00:00:00.000000000,"[-0.19469167292118073, 0.030830271542072296, 0.16284312307834625, 0.426868736743927]","[-0.3743114471435547, -0.42337900400161743, -0.45066171884536743, -0.503300666809082]"
117768.0,2009-12-01T00:00:00.000000000,"[0.030830271542072296, 0.16284312307834625, 0.426868736743927, 0.36636292934417725]","[-0.36048638820648193, -0.3880067467689514, -0.40206390619277954, -0.42522862553596497]"
117768.0,2010-03-01T00:00:00.000000000,"[0.16284312307834625, 0.426868736743927, 0.36636292934417725, 0.3113575577735901]","[-0.2734660804271698, -0.3090822100639343, -0.32132065296173096, -0.3530939221382141]"
117768.0,2010-06-01T00:00:00.000000000,"[0.426868736743927, 0.36636292934417725, 0.3113575577735901, -0.2606981098651886]","[-0.18600007891654968, -0.24101728200912476, -0.26440972089767456, -0.31494712829589844]"
117768.0,2010-09-01T00:00:00.000000000,"[0.36636292934417725, 0.3113575577735901, -0.2606981098651886, -0.21669383347034454]","[-0.029646962881088257, -0.0938582718372345, -0.11737591028213501, -0.1900254786014557]"
117768.0,2010-12-01T00:00:00.000000000,"[0.3113575577735901, -0.2606981098651886, -0.21669383347034454, -0.018674563616514206]","[-0.05268010497093201, -0.15980136394500732, -0.2173318862915039, -0.3174666166305542]"
117768.0,2011-03-01T00:00:00.000000000,"[-0.2606981098651886, -0.21669383347034454, -0.018674563616514206, 0.27835431694984436]","[0.03570115566253662, -0.05667641758918762, -0.10128450393676758, -0.18604673445224762]"
117768.0,2011-06-01T00:00:00.000000000,"[-0.21669383347034454, -0.018674563616514206, 0.27835431694984436, 0.3388602137565613]","[-0.1596086025238037, -0.22517473995685577, -0.2655608654022217, -0.3121623992919922]"
117768.0,2011-09-01T00:00:00.000000000,"[-0.018674563616514206, 0.27835431694984436, 0.3388602137565613, 0.2893553674221039]","[-0.22021806240081787, -0.24104143679141998, -0.2570435106754303, -0.25948089361190796]"
117768.0,2011-12-01T00:00:00.000000000,"[0.27835431694984436, 0.3388602137565613, 0.2893553674221039, 0.4983757734298706]","[-0.05492430925369263, -0.061448097229003906, -0.049945056438446045, -0.041174471378326416]"
117768.0,2012-03-01T00:00:00.000000000,"[0.3388602137565613, 0.2893553674221039, 0.4983757734298706, 0.8999148011207581]","[0.08159127831459045, 0.07552081346511841, 0.08585000038146973, 0.09240421652793884]"
117768.0,2012-06-01T00:00:00.000000000,"[0.2893553674221039, 0.4983757734298706, 0.8999148011207581, 1.0044249296188354]","[0.15824314951896667, 0.12158828973770142, 0.11243796348571777, 0.08709794282913208]"
117768.0,2012-09-01T00:00:00.000000000,"[0.4983757734298706, 0.8999148011207581, 1.0044249296188354, 1.3124550580978394]","[0.13057494163513184, 0.07471957802772522, 0.04800179600715637, 0.005401909351348877]"
117768.0,2012-12-01T00:00:00.000000000,"[0.8999148011207581, 1.0044249296188354, 1.3124550580978394, 1.5874814987182617]","[0.29179176688194275, 0.23173364996910095, 0.2176576852798462, 0.16858679056167603]"
117768.0,2013-03-01T00:00:00.000000000,"[1.0044249296188354, 1.3124550580978394, 1.5874814987182617, 1.8735092878341675]","[0.4049919545650482, 0.3207347095012665, 0.28900840878486633, 0.21522486209869385]"
126136.0,2004-03-01T00:00:00.000000000,"[-1.7227402925491333, -1.8930367231369019, -1.8688346147537231, -2.47697377204895]","[-1.3986760377883911, -1.5606696605682373, -1.6503204107284546, -1.7338612079620361]"
126136.0,2004-06-01T00:00:00.000000000,"[-1.8930367231369019, -1.8688346147537231, -2.47697377204895, -1.0901788473129272]","[-1.4642891883850098, -1.782240390777588, -2.013702392578125, -2.257493019104004]"
126136.0,2004-12-01T00:00:00.000000000,"[-1.8688346147537231, -2.47697377204895, -1.0901788473129272, 0.9051952958106995]","[-1.999220848083496, -2.1406826972961426, -2.2765891551971436, -2.2817606925964355]"
126136.0,2005-03-01T00:00:00.000000000,"[-2.47697377204895, -1.0901788473129272, 0.9051952958106995, -3.3530988693237305]","[-1.7489640712738037, -1.9465045928955078, -2.054807186126709, -2.1690948009490967]"
126136.0,2005-06-01T00:00:00.000000000,"[-1.0901788473129272, 0.9051952958106995, -3.3530988693237305, -4.78873872756958]","[-2.046795606613159, -2.184523105621338, -2.273425817489624, -2.3337154388427734]"
126136.0,2005-09-01T00:00:00.000000000,"[0.9051952958106995, -3.3530988693237305, -4.78873872756958, 0.8174067735671997]","[-1.365743637084961, -1.3824340105056763, -1.35673189163208, -1.295885443687439]"
126136.0,2005-12-01T00:00:00.000000000,"[-3.3530988693237305, -4.78873872756958, 0.8174067735671997, 2.973616361618042]","[-0.5272922515869141, -0.6820704936981201, -0.7251965999603271, -0.7524276971817017]"
126136.0,2006-03-01T00:00:00.000000000,"[-4.78873872756958, 0.8174067735671997, 2.973616361618042, 0.553381085395813]","[-2.1829781532287598, -2.343418836593628, -2.4534173011779785, -2.532503128051758]"
126136.0,2006-06-01T00:00:00.000000000,"[0.8174067735671997, 2.973616361618042, 0.553381085395813, 0.44337034225463867]","[-3.696474075317383, -3.5430662631988525, -3.406693696975708, -3.161241054534912]"
126136.0,2006-12-01T00:00:00.000000000,"[2.973616361618042, 0.553381085395813, 0.44337034225463867, -0.28270024061203003]","[-1.0138343572616577, -1.0153249502182007, -0.9432171583175659, -0.7686762809753418]"
126136.0,2007-06-01T00:00:00.000000000,"[0.553381085395813, 0.44337034225463867, -0.28270024061203003, 1.8075029850006104]","[0.3031015396118164, 0.16759943962097168, 0.22521471977233887, 0.15526843070983887]"
126136.0,2007-09-01T00:00:00.000000000,"[0.44337034225463867, -0.28270024061203003, 1.8075029850006104, 0.8394088745117188]","[-0.023829936981201172, -0.4949599504470825, -0.7588982582092285, -1.1587270498275757]"
126136.0,2007-12-01T00:00:00.000000000,"[-0.28270024061203003, 1.8075029850006104, 0.8394088745117188, 1.8295050859451294]","[-0.5345706939697266, -0.8294600248336792, -1.0362029075622559, -1.2308626174926758]"
126136.0,2008-03-01T00:00:00.000000000,"[1.8075029850006104, 0.8394088745117188, 1.8295050859451294, 2.2915501594543457]","[-0.04786539077758789, -0.39749157428741455, -0.4974759817123413, -0.7554073333740234]"
126136.0,2008-06-01T00:00:00.000000000,"[0.8394088745117188, 1.8295050859451294, 2.2915501594543457, 2.1375350952148438]","[0.5428110361099243, 0.22820031642913818, 0.09267961978912354, -0.14030134677886963]"
126136.0,2008-09-01T00:00:00.000000000,"[1.8295050859451294, 2.2915501594543457, 2.1375350952148438, 1.7414965629577637]","[0.37325894832611084, 0.01774013042449951, -0.1559673547744751, -0.417705774307251]"
126136.0,2008-12-01T00:00:00.000000000,"[2.2915501594543457, 2.1375350952148438, 1.7414965629577637, 2.3575565814971924]","[1.1507418155670166, 0.8464970588684082, 0.7041661739349365, 0.5064799785614014]"
126136.0,2010-09-01T00:00:00.000000000,"[2.1375350952148438, 1.7414965629577637, 2.3575565814971924, 3.127631425857544]","[1.5613964796066284, 1.1997827291488647, 1.0962122678756714, 0.8130048513412476]"
126136.0,2010-12-01T00:00:00.000000000,"[1.7414965629577637, 2.3575565814971924, 3.127631425857544, 6.515960693359375]","[1.6531243324279785, 1.13200044631958, 0.854588508605957, 0.41056954860687256]"
126136.0,2011-03-01T00:00:00.000000000,"[2.3575565814971924, 3.127631425857544, 6.515960693359375, 3.3916571140289307]","[1.4105336666107178, 0.9549686908721924, 0.7032582759857178, 0.3432948589324951]"
126136.0,2011-06-01T00:00:00.000000000,"[3.127631425857544, 6.515960693359375, 3.3916571140289307, 7.286036014556885]","[1.8361303806304932, 1.5529203414916992, 1.4329757690429688, 1.245610237121582]"
126136.0,2011-09-01T00:00:00.000000000,"[6.515960693359375, 3.3916571140289307, 7.286036014556885, 7.880094051361084]","[2.2377305030822754, 1.7770663499832153, 1.5667465925216675, 1.1667683124542236]"
126136.0,2011-12-01T00:00:00.000000000,"[3.3916571140289307, 7.286036014556885, 7.880094051361084, 12.610553741455078]","[3.5378336906433105, 3.1023478507995605, 2.9441776275634766, 2.5621838569641113]"
126136.0,2012-03-01T00:00:00.000000000,"[7.286036014556885, 7.880094051361084, 12.610553741455078, 8.34213924407959]","[2.884608507156372, 2.254647970199585, 1.8989862203598022, 1.3468058109283447]"
126136.0,2012-06-01T00:00:00.000000000,"[7.880094051361084, 12.610553741455078, 8.34213924407959, 10.938390731811523]","[3.9659597873687744, 3.6024954319000244, 3.4950599670410156, 3.2181546688079834]"
126136.0,2012-09-01T00:00:00.000000000,"[12.610553741455078, 8.34213924407959, 10.938390731811523, 13.6006498336792]","[4.638040065765381, 3.8462412357330322, 3.4960336685180664, 2.786238670349121]"
126136.0,2012-12-01T00:00:00.000000000,"[8.34213924407959, 10.938390731811523, 13.6006498336792, 18.947172164916992]","[7.128515243530273, 6.228105068206787, 5.829185485839844, 4.939431190490723]"
134932.0,2006-06-01T00:00:00.000000000,"[-0.2606981098651886, -0.23869597911834717, -0.3267045319080353, -0.2606981098651886]","[-0.33965784311294556, -0.3326190114021301, -0.3321148455142975, -0.3179991841316223]"
134932.0,2006-09-01T00:00:00.000000000,"[-0.23869597911834717, -0.3267045319080353, -0.2606981098651886, -0.21669383347034454]","[-0.29337078332901, -0.2906908392906189, -0.2947410047054291, -0.2817021906375885]"
134932.0,2006-12-01T00:00:00.000000000,"[-0.3267045319080353, -0.2606981098651886, -0.21669383347034454, -0.19469167292118073]","[-0.2821519374847412, -0.2797272503376007, -0.2832654118537903, -0.2708718478679657]"
134932.0,2007-03-01T00:00:00.000000000,"[-0.2606981098651886, -0.21669383347034454, -0.19469167292118073, -0.28270024061203003]","[-0.326880544424057, -0.3200913965702057, -0.31945186853408813, -0.30604004859924316]"
134932.0,2007-06-01T00:00:00.000000000,"[-0.21669383347034454, -0.19469167292118073, -0.28270024061203003, -0.3267045319080353]","[-0.2911880612373352, -0.2871823012828827, -0.28733041882514954, -0.2754370868206024]"
134932.0,2007-09-01T00:00:00.000000000,"[-0.19469167292118073, -0.28270024061203003, -0.3267045319080353, -0.23869597911834717]","[-0.2551186978816986, -0.25394365191459656, -0.2548559904098511, -0.24438264966011047]"
134932.0,2007-12-01T00:00:00.000000000,"[-0.28270024061203003, -0.3267045319080353, -0.23869597911834717, -0.1726895570755005]","[-0.24510154128074646, -0.24371108412742615, -0.24682456254959106, -0.23658502101898193]"
134932.0,2008-03-01T00:00:00.000000000,"[-0.3267045319080353, -0.23869597911834717, -0.1726895570755005, -0.06267886608839035]","[-0.2732677161693573, -0.2764918804168701, -0.28372761607170105, -0.2776878774166107]"
134932.0,2008-06-01T00:00:00.000000000,"[-0.23869597911834717, -0.1726895570755005, -0.06267886608839035, -0.19469167292118073]","[-0.3228146433830261, -0.3197999894618988, -0.31979548931121826, -0.3117063045501709]"
134932.0,2008-09-01T00:00:00.000000000,"[-0.1726895570755005, -0.06267886608839035, -0.19469167292118073, -0.12868529558181763]","[-0.26947107911109924, -0.26832836866378784, -0.2697438895702362, -0.25912362337112427]"
134932.0,2008-12-01T00:00:00.000000000,"[-0.06267886608839035, -0.19469167292118073, -0.12868529558181763, -0.018674563616514206]","[-0.23710370063781738, -0.236049085855484, -0.2376035749912262, -0.2280181348323822]"
134932.0,2009-03-01T00:00:00.000000000,"[-0.19469167292118073, -0.12868529558181763, -0.018674563616514206, 0.15734252333641052]","[-0.16450649499893188, -0.16943150758743286, -0.17155326902866364, -0.16988185048103333]"
134932.0,2009-06-01T00:00:00.000000000,"[-0.12868529558181763, -0.018674563616514206, 0.15734252333641052, 0.17934469878673553]","[-0.1831374168395996, -0.20240041613578796, -0.21499907970428467, -0.22738105058670044]"
134932.0,2009-09-01T00:00:00.000000000,"[-0.018674563616514206, 0.15734252333641052, 0.17934469878673553, 0.3113575577735901]","[-0.17644351720809937, -0.19298696517944336, -0.2052813470363617, -0.21481257677078247]"
134932.0,2009-12-01T00:00:00.000000000,"[0.15734252333641052, 0.17934469878673553, 0.3113575577735901, 0.553381085395813]","[-0.13904008269309998, -0.14514049887657166, -0.14686982333660126, -0.14595286548137665]"
134932.0,2010-03-01T00:00:00.000000000,"[0.17934469878673553, 0.3113575577735901, 0.553381085395813, 0.4653724431991577]","[-0.052752986550331116, -0.06868614256381989, -0.07500877976417542, -0.08523419499397278]"
134932.0,2010-06-01T00:00:00.000000000,"[0.3113575577735901, 0.553381085395813, 0.4653724431991577, 0.2453511357307434]","[-0.022559434175491333, -0.060900330543518066, -0.08175870776176453, -0.11526139080524445]"
134932.0,2010-09-01T00:00:00.000000000,"[0.553381085395813, 0.4653724431991577, 0.2453511357307434, 0.2233489453792572]","[0.019371435046195984, -0.02744695544242859, -0.05383342504501343, -0.09557229280471802]"
134932.0,2010-12-01T00:00:00.000000000,"[0.4653724431991577, 0.2453511357307434, 0.2233489453792572, 0.025329740718007088]","[0.11416062712669373, 0.06351783871650696, 0.03888788819313049, -0.007299959659576416]"
134932.0,2011-03-01T00:00:00.000000000,"[0.2453511357307434, 0.2233489453792572, 0.025329740718007088, -0.04067668318748474]","[0.14889667928218842, 0.0740961879491806, 0.03254881501197815, -0.035098642110824585]"
134932.0,2011-06-01T00:00:00.000000000,"[0.2233489453792572, 0.025329740718007088, -0.04067668318748474, -0.48071953654289246]","[0.08624210953712463, 0.010326430201530457, -0.04055483639240265, -0.10631512105464935]"
134932.0,2011-09-01T00:00:00.000000000,"[0.025329740718007088, -0.04067668318748474, -0.48071953654289246, -0.4367152154445648]","[0.06801000237464905, 0.017960622906684875, -0.01522110402584076, -0.052438460290431976]"
134932.0,2011-12-01T00:00:00.000000000,"[-0.04067668318748474, -0.48071953654289246, -0.4367152154445648, -0.10668310523033142]","[0.008316799998283386, -0.016833201050758362, -0.037313707172870636, -0.04657594859600067]"
134932.0,2012-03-01T00:00:00.000000000,"[-0.48071953654289246, -0.4367152154445648, -0.10668310523033142, 0.06933397799730301]","[-0.004569992423057556, -0.011875376105308533, -0.02186085283756256, -0.011954858899116516]"
134932.0,2012-06-01T00:00:00.000000000,"[-0.4367152154445648, -0.10668310523033142, 0.06933397799730301, 0.06933397799730301]","[-0.3012455701828003, -0.2757757008075714, -0.2453579604625702, -0.2241135835647583]"
134932.0,2012-09-01T00:00:00.000000000,"[-0.10668310523033142, 0.06933397799730301, 0.06933397799730301, 0.6853939294815063]","[-0.3533531427383423, -0.3171655833721161, -0.27954012155532837, -0.24403265118598938]"
134932.0,2012-12-01T00:00:00.000000000,"[0.06933397799730301, 0.06933397799730301, 0.6853939294815063, 1.2134451866149902]","[-0.2063819319009781, -0.19227764010429382, -0.1896439790725708, -0.1474575400352478]"
134932.0,2013-03-01T00:00:00.000000000,"[0.06933397799730301, 0.6853939294815063, 1.2134451866149902, 1.6974923610687256]","[-0.030660763382911682, -0.02733193337917328, -0.03224474936723709, -0.009904131293296814]"
136725.0,2006-06-01T00:00:00.000000000,"[0.03259040787816048, 0.25767233967781067, 0.5021160840988159, 0.17208397388458252]","[0.02440144121646881, -0.012618839740753174, -0.037893518805503845, -0.05610024929046631]"
136725.0,2006-09-01T00:00:00.000000000,"[0.25767233967781067, 0.5021160840988159, 0.17208397388458252, 0.41652771830558777]","[0.046780332922935486, 0.026259198784828186, 0.0042894333600997925, 0.011927366256713867]"
136725.0,2006-12-01T00:00:00.000000000,"[0.5021160840988159, 0.17208397388458252, 0.41652771830558777, 0.392105370759964]","[0.18280331790447235, 0.17782317101955414, 0.18588976562023163, 0.19636307656764984]"
136725.0,2007-03-01T00:00:00.000000000,"[0.17208397388458252, 0.41652771830558777, 0.392105370759964, 0.7390791177749634]","[0.2487555593252182, 0.22514252364635468, 0.2179860919713974, 0.20871539413928986]"
136725.0,2007-06-01T00:00:00.000000000,"[0.41652771830558777, 0.392105370759964, 0.7390791177749634, 0.3797842264175415]","[0.16530272364616394, 0.11396972090005875, 0.08110136538743973, 0.04653563350439072]"
136725.0,2007-09-01T00:00:00.000000000,"[0.392105370759964, 0.7390791177749634, 0.3797842264175415, 0.6730727553367615]","[0.2583916187286377, 0.23551926016807556, 0.21920999884605408, 0.21175339818000793]"
136725.0,2007-12-01T00:00:00.000000000,"[0.7390791177749634, 0.3797842264175415, 0.6730727553367615, 0.8125662803649902]","[0.3352087140083313, 0.3104853928089142, 0.2993827760219574, 0.2995806634426117]"
136725.0,2008-03-01T00:00:00.000000000,"[0.3797842264175415, 0.6730727553367615, 0.8125662803649902, 0.7881438732147217]","[0.4541672468185425, 0.44568437337875366, 0.44884076714515686, 0.45232221484184265]"
136725.0,2008-06-01T00:00:00.000000000,"[0.6730727553367615, 0.8125662803649902, 0.7881438732147217, 0.543700098991394]","[0.36727502942085266, 0.333748459815979, 0.31754615902900696, 0.2990189790725708]"
136725.0,2008-09-01T00:00:00.000000000,"[0.8125662803649902, 0.7881438732147217, 0.543700098991394, 0.7538204789161682]","[0.49870818853378296, 0.47344058752059937, 0.4637378454208374, 0.45038366317749023]"
136725.0,2008-12-01T00:00:00.000000000,"[0.7881438732147217, 0.543700098991394, 0.7538204789161682, 1.3307167291641235]","[0.5154559016227722, 0.4676063656806946, 0.4525403380393982, 0.4183497428894043]"
136725.0,2009-03-01T00:00:00.000000000,"[0.543700098991394, 0.7538204789161682, 1.3307167291641235, 1.1621804237365723]","[0.5813259482383728, 0.5542648434638977, 0.5398908257484436, 0.5233595967292786]"
136725.0,2009-06-01T00:00:00.000000000,"[0.7538204789161682, 1.3307167291641235, 1.1621804237365723, 1.0886931419372559]","[0.5134888887405396, 0.4785304367542267, 0.45652294158935547, 0.4375476837158203]"
136725.0,2009-09-01T00:00:00.000000000,"[1.3307167291641235, 1.1621804237365723, 1.0886931419372559, 1.323456048965454]","[0.5589825510978699, 0.4953935444355011, 0.45507675409317017, 0.40556493401527405]"
136725.0,2009-12-01T00:00:00.000000000,"[1.1621804237365723, 1.0886931419372559, 1.323456048965454, 1.3747209310531616]","[0.7953290343284607, 0.7745218276977539, 0.7916204333305359, 0.7848725318908691]"
136725.0,2010-03-01T00:00:00.000000000,"[1.0886931419372559, 1.323456048965454, 1.3747209310531616, 1.5874814987182617]","[0.8148468732833862, 0.7519638538360596, 0.7245022058486938, 0.6761081218719482]"
136725.0,2010-06-01T00:00:00.000000000,"[1.323456048965454, 1.3747209310531616, 1.5874814987182617, 1.2134451866149902]","[0.812496542930603, 0.7286388874053955, 0.6840029954910278, 0.6148940324783325]"
136725.0,2010-09-01T00:00:00.000000000,"[1.3747209310531616, 1.5874814987182617, 1.2134451866149902, 1.6827508211135864]","[0.9961401224136353, 0.8774358034133911, 0.8226283192634583, 0.7139716148376465]"
136725.0,2010-12-01T00:00:00.000000000,"[1.5874814987182617, 1.2134451866149902, 1.6827508211135864, 1.8147637844085693]","[0.9878665208816528, 0.8844138383865356, 0.8334128856658936, 0.7445360422134399]"
136725.0,2011-03-01T00:00:00.000000000,"[1.2134451866149902, 1.6827508211135864, 1.8147637844085693, 1.8515071868896484]","[1.1558270454406738, 1.0359787940979004, 0.9772800803184509, 0.8700055480003357]"
136725.0,2011-06-01T00:00:00.000000000,"[1.6827508211135864, 1.8147637844085693, 1.8515071868896484, 1.2721909284591675]","[1.088411808013916, 0.9529621601104736, 0.881388783454895, 0.7617807388305664]"
136725.0,2011-09-01T00:00:00.000000000,"[1.8147637844085693, 1.8515071868896484, 1.2721909284591675, 0.11333828419446945]","[1.2505807876586914, 1.1267619132995605, 1.0601211786270142, 0.9498180150985718]"
136725.0,2011-12-01T00:00:00.000000000,"[1.8515071868896484, 1.2721909284591675, 0.11333828419446945, 1.3307167291641235]","[1.3585143089294434, 1.242416262626648, 1.192880630493164, 1.092574954032898]"
136725.0,2012-03-01T00:00:00.000000000,"[1.2721909284591675, 0.11333828419446945, 1.3307167291641235, 1.924774408340454]","[1.3480017185211182, 1.2392237186431885, 1.175241231918335, 1.0864012241363525]"
136725.0,2012-06-01T00:00:00.000000000,"[0.11333828419446945, 1.3307167291641235, 1.924774408340454, 1.880770206451416]","[1.1707513332366943, 1.0593113899230957, 0.9856568574905396, 0.9008868932723999]"
136725.0,2012-09-01T00:00:00.000000000,"[1.3307167291641235, 1.924774408340454, 1.880770206451416, 2.174278736114502]","[0.6164097785949707, 0.6132999062538147, 0.5998703837394714, 0.6375583410263062]"
136725.0,2012-12-01T00:00:00.000000000,"[1.924774408340454, 1.880770206451416, 2.174278736114502, 1.9175138473510742]","[1.006360650062561, 1.0341206789016724, 1.0398186445236206, 1.161995768547058]"
136725.0,2013-03-01T00:00:00.000000000,"[1.880770206451416, 2.174278736114502, 1.9175138473510742, 2.1595370769500732]","[1.3732260465621948, 1.3760175704956055, 1.3965611457824707, 1.4575750827789307]"
137310.0,2005-09-01T00:00:00.000000000,"[-0.10668310523033142, 0.047331858426332474, -0.06267886608839035, -0.15068741142749786]","[-0.018133461475372314, 0.013034969568252563, 0.04078209400177002, -0.021928995847702026]"
137310.0,2005-12-01T00:00:00.000000000,"[0.047331858426332474, -0.06267886608839035, -0.15068741142749786, -0.4147131145000458]","[-0.037616923451423645, -0.01273144781589508, -0.0197422057390213, -0.035528749227523804]"
137310.0,2006-03-01T00:00:00.000000000,"[-0.06267886608839035, -0.15068741142749786, -0.4147131145000458, -0.4367152154445648]","[0.09958304464817047, 0.02760101854801178, 0.06148628890514374, 0.058010607957839966]"
137310.0,2006-06-01T00:00:00.000000000,"[-0.15068741142749786, -0.4147131145000458, -0.4367152154445648, -0.5907301902770996]","[-0.02995745837688446, -0.024725914001464844, -0.008252441883087158, -0.026605889201164246]"
137310.0,2006-09-01T00:00:00.000000000,"[-0.4147131145000458, -0.4367152154445648, -0.5907301902770996, -0.45871737599372864]","[-0.09187972545623779, -0.0707520842552185, -0.03568783402442932, -0.07706987112760544]"
137310.0,2007-09-01T00:00:00.000000000,"[-0.4367152154445648, -0.5907301902770996, -0.45871737599372864, -0.6787387728691101]","[-0.245884507894516, -0.18992754817008972, -0.1789545714855194, -0.21129506826400757]"
137310.0,2007-12-01T00:00:00.000000000,"[-0.5907301902770996, -0.45871737599372864, -0.6787387728691101, -0.30470237135887146]","[-0.28818923234939575, -0.264407753944397, -0.24273663759231567, -0.16646605730056763]"
137310.0,2008-03-01T00:00:00.000000000,"[-0.45871737599372864, -0.6787387728691101, -0.30470237135887146, -0.2606981098651886]","[-0.3437612056732178, -0.2868412137031555, -0.22611255943775177, -0.1628282368183136]"
137310.0,2008-06-01T00:00:00.000000000,"[-0.6787387728691101, -0.30470237135887146, -0.2606981098651886, -0.21669383347034454]","[-0.2866209149360657, -0.2549658417701721, -0.20944392681121826, -0.17795982956886292]"
137310.0,2008-09-01T00:00:00.000000000,"[-0.30470237135887146, -0.2606981098651886, -0.21669383347034454, -0.1726895570755005]","[-0.3487015962600708, -0.3150665760040283, -0.2372383326292038, -0.25858479738235474]"
137310.0,2008-12-01T00:00:00.000000000,"[-0.2606981098651886, -0.21669383347034454, -0.1726895570755005, -0.04067668318748474]","[-0.2432677447795868, -0.2146749496459961, -0.2219923883676529, -0.12237538397312164]"
137310.0,2009-03-01T00:00:00.000000000,"[-0.21669383347034454, -0.1726895570755005, -0.04067668318748474, 0.047331858426332474]","[-0.3173794746398926, -0.3042207360267639, -0.2581665813922882, -0.23736432194709778]"
137310.0,2009-06-01T00:00:00.000000000,"[-0.1726895570755005, -0.04067668318748474, 0.047331858426332474, 0.003327556187286973]","[-0.2108345627784729, -0.13302597403526306, -0.136940598487854, -0.1889452040195465]"
137310.0,2009-09-01T00:00:00.000000000,"[-0.04067668318748474, 0.047331858426332474, 0.003327556187286973, 0.003327556187286973]","[-0.1768403947353363, -0.17579278349876404, -0.1768466830253601, -0.1616721898317337]"
137310.0,2009-12-01T00:00:00.000000000,"[0.047331858426332474, 0.003327556187286973, 0.003327556187286973, -0.08468098938465118]","[-0.09205638617277145, -0.07569070160388947, -0.08241913467645645, -0.07585261017084122]"
137310.0,2010-03-01T00:00:00.000000000,"[0.003327556187286973, 0.003327556187286973, -0.08468098938465118, 0.025329740718007088]","[-0.028092175722122192, -0.004611477255821228, -0.010816425085067749, -0.023315340280532837]"
137310.0,2010-06-01T00:00:00.000000000,"[0.003327556187286973, -0.08468098938465118, 0.025329740718007088, -0.15068741142749786]","[-0.00999315083026886, 0.008448004722595215, 0.012201517820358276, -0.03441634029150009]"
137310.0,2010-09-01T00:00:00.000000000,"[-0.08468098938465118, 0.025329740718007088, -0.15068741142749786, -0.3487066924571991]","[-0.005458667874336243, -0.04460691660642624, -0.08027513325214386, -0.1678210347890854]"
137310.0,2010-12-01T00:00:00.000000000,"[0.025329740718007088, -0.15068741142749786, -0.3487066924571991, -0.3487066924571991]","[-0.08897919952869415, -0.1158633828163147, -0.134213387966156, -0.13348157703876495]"
137310.0,2011-03-01T00:00:00.000000000,"[-0.15068741142749786, -0.3487066924571991, -0.3487066924571991, -0.3267045319080353]","[-0.07108698785305023, -0.044049203395843506, -0.04091161489486694, -0.030362896621227264]"
137310.0,2011-06-01T00:00:00.000000000,"[-0.3487066924571991, -0.3487066924571991, -0.3267045319080353, -0.3267045319080353]","[-0.1357783079147339, -0.1231907308101654, -0.08079733699560165, -0.11822637170553207]"
137310.0,2011-09-01T00:00:00.000000000,"[-0.3487066924571991, -0.3267045319080353, -0.3267045319080353, -0.30470237135887146]","[-0.2375296652317047, -0.18877199292182922, -0.18271282315254211, -0.2328585386276245]"
137310.0,2011-12-01T00:00:00.000000000,"[-0.3267045319080353, -0.3267045319080353, -0.30470237135887146, -0.23869597911834717]","[-0.15214069187641144, -0.25089994072914124, -0.303941011428833, -0.1832456886768341]"
137310.0,2012-03-01T00:00:00.000000000,"[-0.3267045319080353, -0.30470237135887146, -0.23869597911834717, -0.15068741142749786]","[-0.336586594581604, -0.3281604051589966, -0.3152870833873749, -0.24788671731948853]"
137310.0,2012-06-01T00:00:00.000000000,"[-0.30470237135887146, -0.23869597911834717, -0.15068741142749786, -0.06267886608839035]","[-0.3045780062675476, -0.3071686625480652, -0.27005621790885925, -0.28453314304351807]"
137310.0,2012-09-01T00:00:00.000000000,"[-0.23869597911834717, -0.15068741142749786, -0.06267886608839035, -0.06267886608839035]","[-0.23633724451065063, -0.24086982011795044, -0.24088509380817413, -0.22333773970603943]"
137310.0,2012-12-01T00:00:00.000000000,"[-0.15068741142749786, -0.06267886608839035, -0.06267886608839035, 0.047331858426332474]","[-0.2580956518650055, -0.26578378677368164, -0.27174636721611023, -0.24901576340198517]"
137310.0,2013-03-01T00:00:00.000000000,"[-0.06267886608839035, -0.06267886608839035, 0.047331858426332474, 0.2453511357307434]","[-0.24064861238002777, -0.24497421085834503, -0.24938052892684937, -0.23485952615737915]"
142953.0,2006-06-01T00:00:00.000000000,"[0.17934469878673553, 0.3993660807609558, 0.33335965871810913, 0.20134682953357697]","[0.28723251819610596, 0.2862040400505066, 0.3299998939037323, 0.31018632650375366]"
142953.0,2006-09-01T00:00:00.000000000,"[0.3993660807609558, 0.33335965871810913, 0.20134682953357697, 0.33335965871810913]","[0.18612352013587952, 0.21413113176822662, 0.2038780003786087, 0.3401798903942108]"
142953.0,2006-12-01T00:00:00.000000000,"[0.33335965871810913, 0.20134682953357697, 0.33335965871810913, 0.2233489453792572]","[0.2730805575847626, 0.26764529943466187, 0.2882010042667389, 0.2889977991580963]"
142953.0,2007-03-01T00:00:00.000000000,"[0.20134682953357697, 0.33335965871810913, 0.2233489453792572, 0.3113575577735901]","[0.32812830805778503, 0.39144548773765564, 0.37746915221214294, 0.34229254722595215]"
142953.0,2007-06-01T00:00:00.000000000,"[0.33335965871810913, 0.2233489453792572, 0.3113575577735901, 0.35536178946495056]","[0.29869234561920166, 0.3112737834453583, 0.3479006886482239, 0.33246996998786926]"
142953.0,2007-09-01T00:00:00.000000000,"[0.2233489453792572, 0.3113575577735901, 0.35536178946495056, 0.26735323667526245]","[0.23616904020309448, 0.1740625649690628, 0.12153738737106323, 0.31488358974456787]"
142953.0,2007-12-01T00:00:00.000000000,"[0.3113575577735901, 0.35536178946495056, 0.26735323667526245, 0.44337034225463867]","[0.19192972779273987, 0.164884552359581, 0.2639123797416687, 0.18635870516300201]"
142953.0,2008-03-01T00:00:00.000000000,"[0.35536178946495056, 0.26735323667526245, 0.44337034225463867, 0.33335965871810913]","[0.29766812920570374, 0.39382320642471313, 0.31134095788002014, 0.315451979637146]"
142953.0,2008-06-01T00:00:00.000000000,"[0.26735323667526245, 0.44337034225463867, 0.33335965871810913, 0.4653724431991577]","[0.3496477007865906, 0.2725644111633301, 0.23713208734989166, 0.28894051909446716]"
142953.0,2008-09-01T00:00:00.000000000,"[0.44337034225463867, 0.33335965871810913, 0.4653724431991577, 0.35536178946495056]","[0.2655126452445984, 0.26791658997535706, 0.27700257301330566, 0.30589061975479126]"
142953.0,2008-12-01T00:00:00.000000000,"[0.33335965871810913, 0.4653724431991577, 0.35536178946495056, 0.553381085395813]","[0.29618555307388306, 0.30848774313926697, 0.3009922504425049, 0.3581658601760864]"
142953.0,2009-03-01T00:00:00.000000000,"[0.4653724431991577, 0.35536178946495056, 0.553381085395813, 0.553381085395813]","[0.326252818107605, 0.3346721827983856, 0.37518832087516785, 0.3378866910934448]"
142953.0,2009-06-01T00:00:00.000000000,"[0.35536178946495056, 0.553381085395813, 0.553381085395813, 0.6633917689323425]","[0.433787077665329, 0.4496450424194336, 0.44398683309555054, 0.44194918870925903]"
142953.0,2009-09-01T00:00:00.000000000,"[0.553381085395813, 0.553381085395813, 0.6633917689323425, 0.5313789248466492]","[0.3488868176937103, 0.3553888499736786, 0.3556312918663025, 0.36704152822494507]"
142953.0,2009-12-01T00:00:00.000000000,"[0.553381085395813, 0.6633917689323425, 0.5313789248466492, 0.6633917689323425]","[0.4199275076389313, 0.4552793800830841, 0.4526408910751343, 0.4789500832557678]"
142953.0,2010-03-01T00:00:00.000000000,"[0.6633917689323425, 0.5313789248466492, 0.6633917689323425, 0.6853939294815063]","[0.5381027460098267, 0.5386155843734741, 0.5320287942886353, 0.4961388111114502]"
142953.0,2010-06-01T00:00:00.000000000,"[0.5313789248466492, 0.6633917689323425, 0.6853939294815063, 0.7293981313705444]","[0.5663865804672241, 0.5406774878501892, 0.4835040271282196, 0.4033442735671997]"
142953.0,2010-09-01T00:00:00.000000000,"[0.6633917689323425, 0.6853939294815063, 0.7293981313705444, 0.553381085395813]","[0.5311911702156067, 0.5067674517631531, 0.4909493327140808, 0.47583362460136414]"
142953.0,2010-12-01T00:00:00.000000000,"[0.6853939294815063, 0.7293981313705444, 0.553381085395813, 0.7073960304260254]","[0.5936585664749146, 0.5562891364097595, 0.5378393530845642, 0.5079563856124878]"
142953.0,2011-03-01T00:00:00.000000000,"[0.7293981313705444, 0.553381085395813, 0.7073960304260254, 0.6413896679878235]","[0.5847786664962769, 0.5433920621871948, 0.5212286710739136, 0.4883398115634918]"
142953.0,2011-06-01T00:00:00.000000000,"[0.553381085395813, 0.7073960304260254, 0.6413896679878235, 0.8174067735671997]","[0.6153146624565125, 0.5652976036071777, 0.5362731218338013, 0.4943475127220154]"
142953.0,2011-09-01T00:00:00.000000000,"[0.7073960304260254, 0.6413896679878235, 0.8174067735671997, 0.6853939294815063]","[0.5569275617599487, 0.5118276476860046, 0.4833245873451233, 0.4482053816318512]"
142953.0,2011-12-01T00:00:00.000000000,"[0.6413896679878235, 0.8174067735671997, 0.6853939294815063, 0.6853939294815063]","[0.6087671518325806, 0.5745269060134888, 0.5532286167144775, 0.5295581817626953]"
142953.0,2012-03-01T00:00:00.000000000,"[0.8174067735671997, 0.6853939294815063, 0.6853939294815063, 0.7734025120735168]","[0.6296894550323486, 0.6171773672103882, 0.6144228577613831, 0.6113752722740173]"
142953.0,2012-06-01T00:00:00.000000000,"[0.6853939294815063, 0.6853939294815063, 0.7734025120735168, 0.9934238195419312]","[0.7058236598968506, 0.6874082088470459, 0.6820548176765442, 0.6725152730941772]"
142953.0,2012-09-01T00:00:00.000000000,"[0.6853939294815063, 0.7734025120735168, 0.9934238195419312, 0.7514004111289978]","[0.6209955215454102, 0.5702893733978271, 0.5364428758621216, 0.49592626094818115]"
142953.0,2012-12-01T00:00:00.000000000,"[0.7734025120735168, 0.9934238195419312, 0.7514004111289978, 0.8614109754562378]","[0.6693257689476013, 0.6315430402755737, 0.6110031604766846, 0.582400918006897]"
142953.0,2013-03-01T00:00:00.000000000,"[0.9934238195419312, 0.7514004111289978, 0.8614109754562378, 0.8834132552146912]","[0.7411578893661499, 0.7171120643615723, 0.7170264720916748, 0.7017861604690552]"
143912.0,2007-06-01T00:00:00.000000000,"[-0.4147131145000458, -0.1726895570755005, -0.45871737599372864, -0.2606981098651886]","[-0.6263969540596008, -0.6174376606941223, -0.6066424250602722, -0.5990523099899292]"
143912.0,2007-09-01T00:00:00.000000000,"[-0.1726895570755005, -0.45871737599372864, -0.2606981098651886, -0.5247237682342529]","[-0.521072268486023, -0.5213905572891235, -0.5209923386573792, -0.5147387385368347]"
143912.0,2008-03-01T00:00:00.000000000,"[-0.45871737599372864, -0.2606981098651886, -0.5247237682342529, -0.23869597911834717]","[-0.4131094217300415, -0.4163355231285095, -0.41155993938446045, -0.40952765941619873]"
143912.0,2008-06-01T00:00:00.000000000,"[-0.2606981098651886, -0.5247237682342529, -0.23869597911834717, -0.39271095395088196]","[-0.43721041083335876, -0.471335768699646, -0.49370384216308594, -0.5229954719543457]"
143912.0,2008-09-01T00:00:00.000000000,"[-0.5247237682342529, -0.23869597911834717, -0.39271095395088196, -0.08468098938465118]","[-0.39609163999557495, -0.4331110119819641, -0.4527459740638733, -0.48517945408821106]"
143912.0,2009-03-01T00:00:00.000000000,"[-0.23869597911834717, -0.39271095395088196, -0.08468098938465118, 0.20134682953357697]","[-0.4831477999687195, -0.5028735399246216, -0.5133878588676453, -0.5249292850494385]"
143912.0,2009-06-01T00:00:00.000000000,"[-0.39271095395088196, -0.08468098938465118, 0.20134682953357697, 0.17934469878673553]","[-0.3753911256790161, -0.38823801279067993, -0.3912050426006317, -0.39818984270095825]"
143912.0,2009-09-01T00:00:00.000000000,"[-0.08468098938465118, 0.20134682953357697, 0.17934469878673553, -0.722743034362793]","[-0.3773552179336548, -0.38520967960357666, -0.38088443875312805, -0.3819602131843567]"
143912.0,2009-12-01T00:00:00.000000000,"[0.20134682953357697, 0.17934469878673553, -0.722743034362793, 0.17934469878673553]","[-0.29103562235832214, -0.29823100566864014, -0.29697364568710327, -0.2985538840293884]"
143912.0,2010-03-01T00:00:00.000000000,"[0.17934469878673553, -0.722743034362793, 0.17934469878673553, 1.499472975730896]","[-0.1253405213356018, -0.14836359024047852, -0.1449054777622223, -0.17189443111419678]"
143912.0,2010-06-01T00:00:00.000000000,"[-0.722743034362793, 0.17934469878673553, 1.499472975730896, -0.018674563616514206]","[-0.06505441665649414, -0.11870461702346802, -0.13669997453689575, -0.2031453251838684]"
143912.0,2010-09-01T00:00:00.000000000,"[0.17934469878673553, 1.499472975730896, -0.018674563616514206, 0.13534040749073029]","[-0.4101680517196655, -0.4408585727214813, -0.46627530455589294, -0.48561352491378784]"
143912.0,2010-12-01T00:00:00.000000000,"[1.499472975730896, -0.018674563616514206, 0.13534040749073029, 1.8735092878341675]","[-0.21677611768245697, -0.20380046963691711, -0.21155278384685516, -0.1620027720928192]"
143912.0,2011-03-01T00:00:00.000000000,"[-0.018674563616514206, 0.13534040749073029, 1.8735092878341675, 0.3113575577735901]","[0.3188104033470154, 0.28696906566619873, 0.3097100257873535, 0.3326340913772583]"
147579.0,2006-06-01T00:00:00.000000000,"[-0.3392457664012909, -0.39909157156944275, -0.4743388891220093, -0.45871737599372864]","[-0.4589049220085144, -0.464215487241745, -0.46295204758644104, -0.46296584606170654]"
147579.0,2006-09-01T00:00:00.000000000,"[-0.39909157156944275, -0.4743388891220093, -0.45871737599372864, -0.5687280893325806]","[-0.4163186550140381, -0.422052264213562, -0.42190414667129517, -0.4232809543609619]"
147579.0,2006-12-01T00:00:00.000000000,"[-0.4743388891220093, -0.45871737599372864, -0.5687280893325806, -0.5467259287834167]","[-0.42861607670783997, -0.4451749920845032, -0.45306479930877686, -0.4647427797317505]"
147579.0,2007-03-01T00:00:00.000000000,"[-0.45871737599372864, -0.5687280893325806, -0.5467259287834167, -0.5467259287834167]","[-0.45605066418647766, -0.4686349928379059, -0.47768837213516235, -0.48435449600219727]"
147579.0,2007-06-01T00:00:00.000000000,"[-0.5687280893325806, -0.5467259287834167, -0.5467259287834167, -0.5687280893325806]","[-0.45433366298675537, -0.46175312995910645, -0.46423888206481934, -0.46541348099708557]"
147579.0,2007-09-01T00:00:00.000000000,"[-0.5467259287834167, -0.5467259287834167, -0.5687280893325806, -0.5027216672897339]","[-0.5232205390930176, -0.5201315879821777, -0.5223095417022705, -0.5091679096221924]"
147579.0,2007-12-01T00:00:00.000000000,"[-0.5467259287834167, -0.5687280893325806, -0.5027216672897339, -0.4367152154445648]","[-0.527854859828949, -0.5224010348320007, -0.5200573801994324, -0.5063683986663818]"
147579.0,2008-03-01T00:00:00.000000000,"[-0.5687280893325806, -0.5027216672897339, -0.4367152154445648, -0.37070879340171814]","[-0.5319167375564575, -0.5269213914871216, -0.521421492099762, -0.5136265158653259]"
147579.0,2008-06-01T00:00:00.000000000,"[-0.5027216672897339, -0.4367152154445648, -0.37070879340171814, 0.17934469878673553]","[-0.5629144906997681, -0.5544231534004211, -0.5465273857116699, -0.5377436876296997]"
147579.0,2008-09-01T00:00:00.000000000,"[-0.4367152154445648, -0.37070879340171814, 0.17934469878673553, -0.37070879340171814]","[-0.5191794633865356, -0.5130205154418945, -0.5085350871086121, -0.4949265718460083]"
147579.0,2008-12-01T00:00:00.000000000,"[-0.37070879340171814, 0.17934469878673553, -0.37070879340171814, -0.06267886608839035]","[-0.47174447774887085, -0.4712428152561188, -0.47203555703163147, -0.46475091576576233]"
147579.0,2009-03-01T00:00:00.000000000,"[0.17934469878673553, -0.37070879340171814, -0.06267886608839035, 0.20134682953357697]","[-0.4139788746833801, -0.4130792021751404, -0.4128534197807312, -0.40501898527145386]"
147579.0,2009-06-01T00:00:00.000000000,"[-0.37070879340171814, -0.06267886608839035, 0.20134682953357697, 0.7073960304260254]","[-0.2332386076450348, -0.2468826025724411, -0.2456878274679184, -0.22338923811912537]"
147579.0,2009-09-01T00:00:00.000000000,"[-0.06267886608839035, 0.20134682953357697, 0.7073960304260254, 1.1694409847259521]","[-0.32672083377838135, -0.36576977372169495, -0.38726872205734253, -0.4200027585029602]"
147579.0,2009-12-01T00:00:00.000000000,"[0.20134682953357697, 0.7073960304260254, 1.1694409847259521, 1.2574495077133179]","[-0.26012122631073, -0.2858589291572571, -0.29970309138298035, -0.3201068639755249]"
147579.0,2010-03-01T00:00:00.000000000,"[0.7073960304260254, 1.1694409847259521, 1.2574495077133179, -0.04067668318748474]","[-0.17614337801933289, -0.20909039676189423, -0.2156984806060791, -0.2421775907278061]"
147579.0,2010-06-01T00:00:00.000000000,"[1.1694409847259521, 1.2574495077133179, -0.04067668318748474, 0.9714217185974121]","[0.03738605976104736, -0.025052309036254883, -0.05014881491661072, -0.10793277621269226]"
147579.0,2010-09-01T00:00:00.000000000,"[1.2574495077133179, -0.04067668318748474, 0.9714217185974121, 0.6193875670433044]","[0.32519689202308655, 0.22074201703071594, 0.18215641379356384, 0.07887667417526245]"
147579.0,2010-12-01T00:00:00.000000000,"[-0.04067668318748474, 0.9714217185974121, 0.6193875670433044, 2.533573627471924]","[0.4280025064945221, 0.22844764590263367, 0.12327980995178223, -0.07793095707893372]"
147579.0,2011-03-01T00:00:00.000000000,"[0.9714217185974121, 0.6193875670433044, 2.533573627471924, 2.1595370769500732]","[0.013647109270095825, -0.1505565196275711, -0.267159104347229, -0.40896397829055786]"
147579.0,2011-06-01T00:00:00.000000000,"[0.6193875670433044, 2.533573627471924, 2.1595370769500732, 2.7535951137542725]","[0.27493488788604736, 0.18028682470321655, 0.12529608607292175, 0.06008598208427429]"
147579.0,2011-09-01T00:00:00.000000000,"[2.533573627471924, 2.1595370769500732, 2.7535951137542725, 2.7975993156433105]","[0.3840925097465515, 0.3339860439300537, 0.3344711661338806, 0.3076241612434387]"
147579.0,2011-12-01T00:00:00.000000000,"[2.1595370769500732, 2.7535951137542725, 2.7975993156433105, 3.127631425857544]","[1.1067650318145752, 0.9901717305183411, 0.9672377705574036, 0.8601171374320984]"
147579.0,2012-03-01T00:00:00.000000000,"[2.7535951137542725, 2.7975993156433105, 3.127631425857544, 1.9175138473510742]","[1.1862335205078125, 0.9673869013786316, 0.8820090293884277, 0.6822096705436707]"
147579.0,2012-06-01T00:00:00.000000000,"[2.7975993156433105, 3.127631425857544, 1.9175138473510742, 7.5500617027282715]","[1.4616249799728394, 1.195132851600647, 1.0604681968688965, 0.8152256608009338]"
147579.0,2012-09-01T00:00:00.000000000,"[3.127631425857544, 1.9175138473510742, 7.5500617027282715, 5.833894729614258]","[1.6406558752059937, 1.2906750440597534, 1.1063414812088013, 0.780095100402832]"
147579.0,2012-12-01T00:00:00.000000000,"[1.9175138473510742, 7.5500617027282715, 5.833894729614258, 6.317941665649414]","[1.7923327684402466, 1.5807751417160034, 1.4900023937225342, 1.3144699335098267]"
147579.0,2013-03-01T00:00:00.000000000,"[7.5500617027282715, 5.833894729614258, 6.317941665649414, 2.225543737411499]","[1.4853603839874268, 1.2267022132873535, 1.0781276226043701, 0.868209183216095]"
157855.0,2006-06-01T00:00:00.000000000,"[-0.45871737599372864, -0.4147131145000458, -0.39271095395088196, -0.39271095395088196]","[-0.5250672101974487, -0.5387210845947266, -0.5195173025131226, -0.5198464393615723]"
157855.0,2006-09-01T00:00:00.000000000,"[-0.4147131145000458, -0.39271095395088196, -0.39271095395088196, -0.3487066924571991]","[-0.4629562497138977, -0.45464053750038147, -0.44977712631225586, -0.4397825002670288]"
157855.0,2006-12-01T00:00:00.000000000,"[-0.39271095395088196, -0.39271095395088196, -0.3487066924571991, -0.28270024061203003]","[-0.4457307457923889, -0.4480045437812805, -0.4457675814628601, -0.4452606439590454]"
157855.0,2007-03-01T00:00:00.000000000,"[-0.39271095395088196, -0.3487066924571991, -0.28270024061203003, -0.23869597911834717]","[-0.4402134418487549, -0.4547235667705536, -0.4619411826133728, -0.4737533628940582]"
157855.0,2007-06-01T00:00:00.000000000,"[-0.3487066924571991, -0.28270024061203003, -0.23869597911834717, -0.28270024061203003]","[-0.43878626823425293, -0.45712020993232727, -0.46733811497688293, -0.4827703535556793]"
157855.0,2007-09-01T00:00:00.000000000,"[-0.28270024061203003, -0.23869597911834717, -0.28270024061203003, -0.1726895570755005]","[-0.41363176703453064, -0.4244117736816406, -0.4264359772205353, -0.43424955010414124]"
157855.0,2007-12-01T00:00:00.000000000,"[-0.23869597911834717, -0.28270024061203003, -0.1726895570755005, -0.1726895570755005]","[-0.354459285736084, -0.37565359473228455, -0.3820939064025879, -0.4014948010444641]"
157855.0,2008-03-01T00:00:00.000000000,"[-0.28270024061203003, -0.1726895570755005, -0.1726895570755005, -0.1726895570755005]","[-0.3513083755970001, -0.38131392002105713, -0.3965093493461609, -0.42837685346603394]"
157855.0,2008-06-01T00:00:00.000000000,"[-0.1726895570755005, -0.1726895570755005, -0.1726895570755005, -0.08468098938465118]","[-0.35874682664871216, -0.3926715850830078, -0.41292351484298706, -0.4457915425300598]"
157855.0,2008-09-01T00:00:00.000000000,"[-0.1726895570755005, -0.1726895570755005, -0.08468098938465118, -0.08468098938465118]","[-0.3250029683113098, -0.338239848613739, -0.34388089179992676, -0.35282811522483826]"
157855.0,2008-12-01T00:00:00.000000000,"[-0.1726895570755005, -0.08468098938465118, -0.08468098938465118, 0.025329740718007088]","[-0.2842242121696472, -0.3136443793773651, -0.3267042636871338, -0.355815589427948]"
157855.0,2009-03-01T00:00:00.000000000,"[-0.08468098938465118, -0.08468098938465118, 0.025329740718007088, 0.15734252333641052]","[-0.27603140473365784, -0.3080329895019531, -0.3235551714897156, -0.351198673248291]"
157855.0,2009-06-01T00:00:00.000000000,"[-0.08468098938465118, 0.025329740718007088, 0.15734252333641052, 0.06933397799730301]","[-0.236869215965271, -0.2672870457172394, -0.2794037461280823, -0.3053366541862488]"
157855.0,2009-09-01T00:00:00.000000000,"[0.025329740718007088, 0.15734252333641052, 0.06933397799730301, 0.9274174571037292]","[-0.2212655395269394, -0.256602019071579, -0.273689329624176, -0.3040981590747833]"
157855.0,2009-12-01T00:00:00.000000000,"[0.15734252333641052, 0.06933397799730301, 0.9274174571037292, 0.4653724431991577]","[-0.15861183404922485, -0.18559126555919647, -0.19480352103710175, -0.21666844189167023]"
157855.0,2010-03-01T00:00:00.000000000,"[0.06933397799730301, 0.9274174571037292, 0.4653724431991577, 0.6413896679878235]","[-0.08123043179512024, -0.12690883874893188, -0.1479223370552063, -0.1906949132680893]"
157855.0,2010-06-01T00:00:00.000000000,"[0.9274174571037292, 0.4653724431991577, 0.6413896679878235, 0.8394088745117188]","[-0.08017969131469727, -0.13693656027317047, -0.16905899345874786, -0.22066016495227814]"
157855.0,2010-09-01T00:00:00.000000000,"[0.4653724431991577, 0.6413896679878235, 0.8394088745117188, 1.3454581499099731]","[0.1658894121646881, 0.1437234878540039, 0.1534697413444519, 0.16991832852363586]"
157855.0,2010-12-01T00:00:00.000000000,"[0.6413896679878235, 0.8394088745117188, 1.3454581499099731, 0.7514004111289978]","[0.14252811670303345, 0.07316946983337402, 0.045832157135009766, -0.013179361820220947]"
157855.0,2011-03-01T00:00:00.000000000,"[0.8394088745117188, 1.3454581499099731, 0.7514004111289978, 0.9494196176528931]","[0.29999226331710815, 0.22173607349395752, 0.1835150420665741, 0.096427321434021]"
157855.0,2011-06-01T00:00:00.000000000,"[1.3454581499099731, 0.7514004111289978, 0.9494196176528931, 0.7514004111289978]","[0.3932926058769226, 0.32468801736831665, 0.3082236051559448, 0.24321191012859344]"
157855.0,2011-09-01T00:00:00.000000000,"[0.7514004111289978, 0.9494196176528931, 0.7514004111289978, 0.8394088745117188]","[0.6890063285827637, 0.6030285954475403, 0.5887028574943542, 0.48424726724624634]"
157855.0,2011-12-01T00:00:00.000000000,"[0.9494196176528931, 0.7514004111289978, 0.8394088745117188, 2.4675674438476562]","[0.43935078382492065, 0.3063235282897949, 0.2329789400100708, 0.11722281575202942]"
157855.0,2012-03-01T00:00:00.000000000,"[0.7514004111289978, 0.8394088745117188, 2.4675674438476562, 3.127631425857544]","[0.5030654072761536, 0.3899930417537689, 0.3254154324531555, 0.23170968890190125]"
157855.0,2012-06-01T00:00:00.000000000,"[0.8394088745117188, 2.4675674438476562, 3.127631425857544, 1.5874814987182617]","[0.573958158493042, 0.4862775504589081, 0.457783967256546, 0.39116808772087097]"
157855.0,2012-09-01T00:00:00.000000000,"[2.4675674438476562, 3.127631425857544, 1.5874814987182617, 1.9615180492401123]","[0.6033215522766113, 0.49865156412124634, 0.4393943250179291, 0.3586697578430176]"
157855.0,2012-12-01T00:00:00.000000000,"[3.127631425857544, 1.5874814987182617, 1.9615180492401123, 2.5555758476257324]","[1.2402915954589844, 1.216516375541687, 1.2527590990066528, 1.2334271669387817]"
157855.0,2013-03-01T00:00:00.000000000,"[1.5874814987182617, 1.9615180492401123, 2.5555758476257324, 2.0935308933258057]","[1.7352066040039062, 1.6170384883880615, 1.613308310508728, 1.4632989168167114]"
160329.0,2006-06-01T00:00:00.000000000,"[-0.03187587484717369, -0.002172973472625017, 0.056132733821868896, 0.022029396146535873]","[-0.017408639192581177, -0.026657700538635254, -0.02450460195541382, -0.040395110845565796]"
160329.0,2006-09-01T00:00:00.000000000,"[-0.002172973472625017, 0.056132733821868896, 0.022029396146535873, 0.06823388487100601]","[-0.019421488046646118, -0.03758597373962402, -0.04887735843658447, -0.07217401266098022]"
160329.0,2006-12-01T00:00:00.000000000,"[0.056132733821868896, 0.022029396146535873, 0.06823388487100601, 0.1078377515077591]","[-0.017050862312316895, -0.03018718957901001, -0.030403226613998413, -0.0352899432182312]"
160329.0,2007-03-01T00:00:00.000000000,"[0.022029396146535873, 0.06823388487100601, 0.1078377515077591, 0.25305184721946716]","[0.01808345317840576, -0.007998466491699219, 0.027404963970184326, 0.028199046850204468]"
160329.0,2007-06-01T00:00:00.000000000,"[0.06823388487100601, 0.1078377515077591, 0.25305184721946716, 0.12433934211730957]","[0.017331331968307495, -0.014468967914581299, -0.0018320977687835693, -0.01810935139656067]"
160329.0,2007-09-01T00:00:00.000000000,"[0.1078377515077591, 0.25305184721946716, 0.12433934211730957, 0.22554919123649597]","[0.05345660448074341, 0.04152145981788635, 0.02688094973564148, 0.011042505502700806]"
160329.0,2007-12-01T00:00:00.000000000,"[0.25305184721946716, 0.12433934211730957, 0.22554919123649597, 0.2959560453891754]","[0.081443190574646, 0.05476894974708557, 0.07103589177131653, 0.05966416001319885]"
160329.0,2008-03-01T00:00:00.000000000,"[0.12433934211730957, 0.22554919123649597, 0.2959560453891754, 0.32895922660827637]","[0.0846661776304245, 0.07515875995159149, 0.07912798225879669, 0.07609884440898895]"
160329.0,2008-06-01T00:00:00.000000000,"[0.22554919123649597, 0.2959560453891754, 0.32895922660827637, 0.14964181184768677]","[0.06041894853115082, 0.04304727911949158, 0.03830556571483612, 0.02862510085105896]"
160329.0,2008-09-01T00:00:00.000000000,"[0.2959560453891754, 0.32895922660827637, 0.14964181184768677, -0.14958731830120087]","[0.07899004220962524, 0.0433773398399353, 0.023075535893440247, -0.005228981375694275]"
160329.0,2008-12-01T00:00:00.000000000,"[0.32895922660827637, 0.14964181184768677, -0.14958731830120087, 0.35206151008605957]","[0.15394327044487, 0.10805743932723999, 0.08969555795192719, 0.04955056309700012]"
160329.0,2009-03-01T00:00:00.000000000,"[0.14964181184768677, -0.14958731830120087, 0.35206151008605957, 0.36636292934417725]","[0.1576131284236908, 0.09713906049728394, 0.0655832439661026, 0.01193612813949585]"
160329.0,2009-06-01T00:00:00.000000000,"[-0.14958731830120087, 0.35206151008605957, 0.36636292934417725, 0.3916653096675873]","[0.09891832619905472, 0.03866323083639145, 0.0018916651606559753, -0.04924514889717102]"
160329.0,2009-09-01T00:00:00.000000000,"[0.35206151008605957, 0.36636292934417725, 0.3916653096675873, 0.5918847918510437]","[-0.03121769428253174, -0.04151187092065811, -0.05028495192527771, -0.04531162977218628]"
160329.0,2009-12-01T00:00:00.000000000,"[0.36636292934417725, 0.3916653096675873, 0.5918847918510437, 0.735998809337616]","[0.14556044340133667, 0.14318937063217163, 0.14849209785461426, 0.15862128138542175]"
160329.0,2010-03-01T00:00:00.000000000,"[0.3916653096675873, 0.5918847918510437, 0.735998809337616, 0.7040956616401672]","[0.2021721601486206, 0.18929600715637207, 0.19176974892616272, 0.1882615089416504]"
160329.0,2010-06-01T00:00:00.000000000,"[0.5918847918510437, 0.735998809337616, 0.7040956616401672, 0.6083865165710449]","[0.23658639192581177, 0.19694457948207855, 0.17269666492938995, 0.14134325087070465]"
160329.0,2010-09-01T00:00:00.000000000,"[0.735998809337616, 0.7040956616401672, 0.6083865165710449, 0.862511157989502]","[0.349286824464798, 0.28994423151016235, 0.2659057080745697, 0.21301335096359253]"
160329.0,2010-12-01T00:00:00.000000000,"[0.7040956616401672, 0.6083865165710449, 0.862511157989502, 0.48407435417175293]","[0.40549203753471375, 0.33247074484825134, 0.3004164397716522, 0.23442430794239044]"
160329.0,2011-03-01T00:00:00.000000000,"[0.6083865165710449, 0.862511157989502, 0.48407435417175293, 0.9879233241081238]","[0.42211079597473145, 0.35408931970596313, 0.3208630084991455, 0.26175370812416077]"
160329.0,2011-06-01T00:00:00.000000000,"[0.862511157989502, 0.48407435417175293, 0.9879233241081238, 0.3850646913051605]","[0.40411168336868286, 0.3356778621673584, 0.29870152473449707, 0.24119126796722412]"
160329.0,2011-09-01T00:00:00.000000000,"[0.48407435417175293, 0.9879233241081238, 0.3850646913051605, 0.4136675000190735]","[0.5530203580856323, 0.48225849866867065, 0.4541945457458496, 0.39235347509384155]"
160329.0,2011-12-01T00:00:00.000000000,"[0.9879233241081238, 0.3850646913051605, 0.4136675000190735, 1.103434681892395]","[0.4312921464443207, 0.4144236743450165, 0.4023257791996002, 0.40007901191711426]"
160329.0,2012-03-01T00:00:00.000000000,"[0.3850646913051605, 0.4136675000190735, 1.103434681892395, 1.752497673034668]","[0.6144047975540161, 0.5554099082946777, 0.530463457107544, 0.4821002185344696]"
160329.0,2012-06-01T00:00:00.000000000,"[0.4136675000190735, 1.103434681892395, 1.752497673034668, 2.1914403438568115]","[0.4412723779678345, 0.38627225160598755, 0.3568739891052246, 0.3189108371734619]"
160329.0,2012-09-01T00:00:00.000000000,"[1.103434681892395, 1.752497673034668, 2.1914403438568115, 2.2981507778167725]","[0.4779837131500244, 0.43895357847213745, 0.40866929292678833, 0.38521426916122437]"
160329.0,2012-12-01T00:00:00.000000000,"[1.752497673034668, 2.1914403438568115, 2.2981507778167725, 2.3784584999084473]","[0.7338410019874573, 0.7219647169113159, 0.7390002012252808, 0.7401170134544373]"
160329.0,2013-03-01T00:00:00.000000000,"[2.1914403438568115, 2.2981507778167725, 2.3784584999084473, 2.675487518310547]","[1.0310386419296265, 1.0052103996276855, 1.016086459159851, 0.9878631830215454]"
162887.0,2007-03-01T00:00:00.000000000,"[-0.7942500114440918, -0.7282435894012451, -0.7392446994781494, -0.6897398233413696]","[-0.7349308133125305, -0.7380687594413757, -0.738404393196106, -0.7387236952781677]"
162887.0,2007-06-01T00:00:00.000000000,"[-0.7282435894012451, -0.7392446994781494, -0.6897398233413696, -0.8272532224655151]","[-0.7714963555335999, -0.7749485969543457, -0.7776151895523071, -0.7770310044288635]"
162887.0,2007-09-01T00:00:00.000000000,"[-0.7392446994781494, -0.6897398233413696, -0.8272532224655151, -0.8327537775039673]","[-0.7473479509353638, -0.7550332546234131, -0.7592363357543945, -0.7637088894844055]"
162887.0,2007-12-01T00:00:00.000000000,"[-0.6897398233413696, -0.8272532224655151, -0.8327537775039673, -0.8217527270317078]","[-0.731742262840271, -0.7400659322738647, -0.7420171499252319, -0.7474970817565918]"
162887.0,2008-03-01T00:00:00.000000000,"[-0.8272532224655151, -0.8327537775039673, -0.8217527270317078, -0.7502457499504089]","[-0.7108396291732788, -0.7119343876838684, -0.7102549076080322, -0.708499550819397]"
162887.0,2008-06-01T00:00:00.000000000,"[-0.8327537775039673, -0.8217527270317078, -0.7502457499504089, -0.970267117023468]","[-0.769859790802002, -0.7690032720565796, -0.7675837874412537, -0.7631326913833618]"
162887.0,2008-09-01T00:00:00.000000000,"[-0.8217527270317078, -0.7502457499504089, -0.970267117023468, -0.7887494564056396]","[-0.7979100346565247, -0.796497106552124, -0.7977327108383179, -0.7903172969818115]"
162887.0,2008-12-01T00:00:00.000000000,"[-0.7502457499504089, -0.970267117023468, -0.7887494564056396, -0.722743034362793]","[-0.7992541790008545, -0.7979913949966431, -0.7972924113273621, -0.7898662090301514]"
162887.0,2009-03-01T00:00:00.000000000,"[-0.970267117023468, -0.7887494564056396, -0.722743034362793, -0.6457355618476868]","[-0.7701944708824158, -0.7691880464553833, -0.7704393267631531, -0.7645031213760376]"
162887.0,2009-06-01T00:00:00.000000000,"[-0.7887494564056396, -0.722743034362793, -0.6457355618476868, -0.8767580389976501]","[-0.8685171604156494, -0.8586041331291199, -0.8458694815635681, -0.8406970500946045]"
162887.0,2009-09-01T00:00:00.000000000,"[-0.722743034362793, -0.6457355618476868, -0.8767580389976501, -0.7557463049888611]","[-0.8181318044662476, -0.8119545578956604, -0.8133939504623413, -0.7929725050926208]"
162887.0,2009-12-01T00:00:00.000000000,"[-0.6457355618476868, -0.8767580389976501, -0.7557463049888611, -0.607231855392456]","[-0.745703935623169, -0.7477687001228333, -0.7446019053459167, -0.7431880235671997]"
162887.0,2010-03-01T00:00:00.000000000,"[-0.8767580389976501, -0.7557463049888611, -0.607231855392456, -0.4037120044231415]","[-0.7261595129966736, -0.7255935072898865, -0.7257819771766663, -0.7212404608726501]"
162887.0,2010-06-01T00:00:00.000000000,"[-0.7557463049888611, -0.607231855392456, -0.4037120044231415, -0.7282435894012451]","[-0.797078013420105, -0.795812726020813, -0.7937659025192261, -0.791033923625946]"
162887.0,2010-09-01T00:00:00.000000000,"[-0.607231855392456, -0.4037120044231415, -0.7282435894012451, -0.6567366123199463]","[-0.7789912223815918, -0.7754398584365845, -0.7767773866653442, -0.7636556029319763]"
162887.0,2010-12-01T00:00:00.000000000,"[-0.4037120044231415, -0.7282435894012451, -0.6567366123199463, -0.34320613741874695]","[-0.6952632665634155, -0.6988161206245422, -0.6937819719314575, -0.6932689547538757]"
162887.0,2011-03-01T00:00:00.000000000,"[-0.7282435894012451, -0.6567366123199463, -0.34320613741874695, -0.06817939877510071]","[-0.6150512099266052, -0.6190259456634521, -0.6181030869483948, -0.6168333292007446]"
162887.0,2011-06-01T00:00:00.000000000,"[-0.6567366123199463, -0.34320613741874695, -0.06817939877510071, -0.45871737599372864]","[-0.6636784672737122, -0.6890485286712646, -0.7017439007759094, -0.7254597544670105]"
162887.0,2011-09-01T00:00:00.000000000,"[-0.34320613741874695, -0.06817939877510071, -0.45871737599372864, -0.26619863510131836]","[-0.6995552182197571, -0.7226043939590454, -0.7404159307479858, -0.7583370208740234]"
162887.0,2011-12-01T00:00:00.000000000,"[-0.06817939877510071, -0.45871737599372864, -0.26619863510131836, -0.1836906224489212]","[-0.5721837282180786, -0.5866242051124573, -0.5866677761077881, -0.5966445207595825]"
162887.0,2012-03-01T00:00:00.000000000,"[-0.45871737599372864, -0.26619863510131836, -0.1836906224489212, -0.20019221305847168]","[-0.4342448115348816, -0.4486831724643707, -0.4454319477081299, -0.45954322814941406]"
162887.0,2012-06-01T00:00:00.000000000,"[-0.26619863510131836, -0.1836906224489212, -0.20019221305847168, -0.5192232131958008]","[-0.48578208684921265, -0.5323018431663513, -0.5542386174201965, -0.6040574312210083]"
162887.0,2012-09-01T00:00:00.000000000,"[-0.1836906224489212, -0.20019221305847168, -0.5192232131958008, -0.28270024061203003]","[-0.463265985250473, -0.5016254782676697, -0.5210831761360168, -0.5535308718681335]"
162887.0,2012-12-01T00:00:00.000000000,"[-0.20019221305847168, -0.5192232131958008, -0.28270024061203003, -0.21119330823421478]","[-0.40753576159477234, -0.4461045265197754, -0.4546239972114563, -0.48669886589050293]"
162887.0,2013-03-01T00:00:00.000000000,"[-0.5192232131958008, -0.28270024061203003, -0.21119330823421478, -0.3267045319080353]","[-0.36593174934387207, -0.419971227645874, -0.4468032121658325, -0.4947366714477539]"
164296.0,2006-09-01T00:00:00.000000000,"[0.13534040749073029, 0.11333828419446945, 0.26735323667526245, 0.2453511357307434]","[0.1217847466468811, 0.07328569889068604, 0.04648542404174805, 0.015426039695739746]"
164296.0,2007-03-01T00:00:00.000000000,"[0.11333828419446945, 0.26735323667526245, 0.2453511357307434, 0.047331858426332474]","[0.18302510678768158, 0.13217265903949738, 0.11117316782474518, 0.07653023302555084]"
164296.0,2007-06-01T00:00:00.000000000,"[0.26735323667526245, 0.2453511357307434, 0.047331858426332474, 0.2233489453792572]","[0.15322788059711456, 0.1284112185239792, 0.12656287848949432, 0.12059105932712555]"
164296.0,2007-09-01T00:00:00.000000000,"[0.2453511357307434, 0.047331858426332474, 0.2233489453792572, 0.7514004111289978]","[0.11914055049419403, 0.08894945681095123, 0.061214372515678406, 0.05710478127002716]"
164296.0,2007-12-01T00:00:00.000000000,"[0.047331858426332474, 0.2233489453792572, 0.7514004111289978, 0.09133616089820862]","[0.1750626564025879, 0.17615067958831787, 0.17409074306488037, 0.19519031047821045]"
164296.0,2008-03-01T00:00:00.000000000,"[0.2233489453792572, 0.7514004111289978, 0.09133616089820862, 0.44337034225463867]","[0.12458643317222595, 0.12555009126663208, 0.1250961720943451, 0.14673590660095215]"
164296.0,2008-06-01T00:00:00.000000000,"[0.7514004111289978, 0.09133616089820862, 0.44337034225463867, 0.2453511357307434]","[0.1764034628868103, 0.17473262548446655, 0.1772192120552063, 0.19494551420211792]"
164296.0,2008-09-01T00:00:00.000000000,"[0.09133616089820862, 0.44337034225463867, 0.2453511357307434, 0.7954046130180359]","[0.24014230072498322, 0.23969726264476776, 0.23269040882587433, 0.2682059407234192]"
164296.0,2008-12-01T00:00:00.000000000,"[0.44337034225463867, 0.2453511357307434, 0.7954046130180359, 0.2453511357307434]","[0.3034985363483429, 0.26437392830848694, 0.23817703127861023, 0.21546170115470886]"
164296.0,2009-03-01T00:00:00.000000000,"[0.2453511357307434, 0.7954046130180359, 0.2453511357307434, 0.11333828419446945]","[0.3258191645145416, 0.32404112815856934, 0.32594144344329834, 0.33675336837768555]"
164296.0,2009-06-01T00:00:00.000000000,"[0.7954046130180359, 0.2453511357307434, 0.11333828419446945, 0.4653724431991577]","[0.29333117604255676, 0.2853873670101166, 0.29766765236854553, 0.3041730225086212]"
164296.0,2009-09-01T00:00:00.000000000,"[0.2453511357307434, 0.11333828419446945, 0.4653724431991577, 0.7514004111289978]","[0.4919885993003845, 0.48773014545440674, 0.4996062219142914, 0.5125234723091125]"
164296.0,2009-12-01T00:00:00.000000000,"[0.11333828419446945, 0.4653724431991577, 0.7514004111289978, 0.44337034225463867]","[0.3204299807548523, 0.297659695148468, 0.29015976190567017, 0.282474547624588]"
164296.0,2010-03-01T00:00:00.000000000,"[0.4653724431991577, 0.7514004111289978, 0.44337034225463867, 0.9274174571037292]","[0.24655702710151672, 0.23985320329666138, 0.22469961643218994, 0.23799332976341248]"
164296.0,2010-06-01T00:00:00.000000000,"[0.7514004111289978, 0.44337034225463867, 0.9274174571037292, 1.2134451866149902]","[0.38271811604499817, 0.37433743476867676, 0.3868473172187805, 0.391787588596344]"
164296.0,2010-09-01T00:00:00.000000000,"[0.44337034225463867, 0.9274174571037292, 1.2134451866149902, 1.4334666728973389]","[0.47726690769195557, 0.47942328453063965, 0.4817604422569275, 0.5035733580589294]"
164296.0,2010-12-01T00:00:00.000000000,"[0.9274174571037292, 1.2134451866149902, 1.4334666728973389, 1.2134451866149902]","[0.40622079372406006, 0.3725356459617615, 0.35317933559417725, 0.3328886032104492]"
164296.0,2011-03-01T00:00:00.000000000,"[1.2134451866149902, 1.4334666728973389, 1.2134451866149902, 1.455468773841858]","[0.6048622727394104, 0.550788164138794, 0.5254931449890137, 0.4828028678894043]"
164296.0,2011-06-01T00:00:00.000000000,"[1.4334666728973389, 1.2134451866149902, 1.455468773841858, 1.2134451866149902]","[0.7725381851196289, 0.6870002746582031, 0.6618946194648743, 0.5839838981628418]"
164296.0,2011-09-01T00:00:00.000000000,"[1.2134451866149902, 1.455468773841858, 1.2134451866149902, 0.9934238195419312]","[0.816365122795105, 0.7199364304542542, 0.6684622764587402, 0.5844191312789917]"
164296.0,2011-12-01T00:00:00.000000000,"[1.455468773841858, 1.2134451866149902, 0.9934238195419312, 1.0814324617385864]","[0.8449742197990417, 0.7472056150436401, 0.7004120945930481, 0.6153850555419922]"
164296.0,2012-03-01T00:00:00.000000000,"[1.2134451866149902, 0.9934238195419312, 1.0814324617385864, 0.9714217185974121]","[0.8879231214523315, 0.7953161001205444, 0.7445825934410095, 0.667414665222168]"
164296.0,2012-06-01T00:00:00.000000000,"[0.9934238195419312, 1.0814324617385864, 0.9714217185974121, 0.4653724431991577]","[0.8769064545631409, 0.7740895748138428, 0.7232946157455444, 0.6387251019477844]"
164296.0,2012-09-01T00:00:00.000000000,"[1.0814324617385864, 0.9714217185974121, 0.4653724431991577, 1.2574495077133179]","[0.8669717311859131, 0.7977569103240967, 0.7501778602600098, 0.7014753818511963]"
164296.0,2012-12-01T00:00:00.000000000,"[0.9714217185974121, 0.4653724431991577, 1.2574495077133179, -0.1726895570755005]","[0.8711199760437012, 0.8252451419830322, 0.8036148548126221, 0.7808389663696289]"
164296.0,2013-03-01T00:00:00.000000000,"[0.4653724431991577, 1.2574495077133179, -0.1726895570755005, -0.5247237682342529]","[0.9355651140213013, 0.8347519636154175, 0.7800411581993103, 0.7013709545135498]"
178015.0,2008-09-01T00:00:00.000000000,"[0.13534040749073029, 0.33335965871810913, 1.499472975730896, 0.003327556187286973]","[0.30757030844688416, 0.2556084096431732, 0.23696066439151764, 0.2123391479253769]"
178015.0,2008-12-01T00:00:00.000000000,"[0.33335965871810913, 1.499472975730896, 0.003327556187286973, 0.15734252333641052]","[0.2062918245792389, 0.20550192892551422, 0.1874815821647644, 0.21773409843444824]"
178015.0,2009-03-01T00:00:00.000000000,"[1.499472975730896, 0.003327556187286973, 0.15734252333641052, 0.5313789248466492]","[0.30429738759994507, 0.2928493022918701, 0.3113439679145813, 0.3294251263141632]"
178015.0,2009-06-01T00:00:00.000000000,"[0.003327556187286973, 0.15734252333641052, 0.5313789248466492, 2.225543737411499]","[0.669150173664093, 0.681601345539093, 0.692764937877655, 0.7580994963645935]"
178015.0,2009-09-01T00:00:00.000000000,"[0.15734252333641052, 0.5313789248466492, 2.225543737411499, 0.5093768239021301]","[0.3909565210342407, 0.3747338056564331, 0.3676880896091461, 0.3830687999725342]"
178015.0,2009-12-01T00:00:00.000000000,"[0.5313789248466492, 2.225543737411499, 0.5093768239021301, 0.8614109754562378]","[0.3219229280948639, 0.3008207678794861, 0.25543519854545593, 0.2803068459033966]"
178015.0,2010-03-01T00:00:00.000000000,"[2.225543737411499, 0.5093768239021301, 0.8614109754562378, 0.9494196176528931]","[0.48615679144859314, 0.4741106629371643, 0.493194580078125, 0.5106852650642395]"
178015.0,2010-06-01T00:00:00.000000000,"[0.5093768239021301, 0.8614109754562378, 0.9494196176528931, 3.369654893875122]","[1.0320334434509277, 1.030587911605835, 1.032731056213379, 1.2280128002166748]"
178015.0,2010-09-01T00:00:00.000000000,"[0.8614109754562378, 0.9494196176528931, 3.369654893875122, 0.9274174571037292]","[0.8266123533248901, 0.7471202611923218, 0.7251750826835632, 0.6732336282730103]"
178015.0,2010-12-01T00:00:00.000000000,"[0.9494196176528931, 3.369654893875122, 0.9274174571037292, 1.4114645719528198]","[0.7551236748695374, 0.7056598663330078, 0.65787273645401, 0.6374192237854004]"
178015.0,2011-03-01T00:00:00.000000000,"[3.369654893875122, 0.9274174571037292, 1.4114645719528198, 1.4114645719528198]","[0.7982832193374634, 0.7837332487106323, 0.8096176385879517, 0.826890766620636]"
178015.0,2011-06-01T00:00:00.000000000,"[0.9274174571037292, 1.4114645719528198, 1.4114645719528198, 4.315746784210205]","[1.3950443267822266, 1.4057269096374512, 1.4180409908294678, 1.5982398986816406]"
178015.0,2011-09-01T00:00:00.000000000,"[1.4114645719528198, 1.4114645719528198, 4.315746784210205, -0.21669383347034454]","[1.10092294216156, 0.9520387053489685, 0.8850069642066956, 0.7734227180480957]"
178015.0,2011-12-01T00:00:00.000000000,"[1.4114645719528198, 4.315746784210205, -0.21669383347034454, 0.8174067735671997]","[1.0267255306243896, 0.8889240622520447, 0.7764285802841187, 0.6779643297195435]"
178015.0,2012-03-01T00:00:00.000000000,"[4.315746784210205, -0.21669383347034454, 0.8174067735671997, 1.8515071868896484]","[1.1354594230651855, 1.0309197902679443, 1.0147610902786255, 0.9519237279891968]"
178015.0,2012-06-01T00:00:00.000000000,"[-0.21669383347034454, 0.8174067735671997, 1.8515071868896484, 4.975811004638672]","[1.9801174402236938, 2.0000123977661133, 2.0157599449157715, 2.2398147583007812]"
178015.0,2012-09-01T00:00:00.000000000,"[0.8174067735671997, 1.8515071868896484, 4.975811004638672, 1.8515071868896484]","[1.0901377201080322, 0.9792268872261047, 0.9207966327667236, 0.8722409009933472]"
178015.0,2012-12-01T00:00:00.000000000,"[1.8515071868896484, 4.975811004638672, 1.8515071868896484, 2.929612159729004]","[1.0670639276504517, 1.0986971855163574, 1.0835694074630737, 1.2042039632797241]"
178015.0,2013-03-01T00:00:00.000000000,"[4.975811004638672, 1.8515071868896484, 2.929612159729004, 2.8636057376861572]","[1.5458080768585205, 1.5059075355529785, 1.5777320861816406, 1.5903918743133545]"
179534.0,2009-03-01T00:00:00.000000000,"[1.1914430856704712, 1.1914430856704712, 1.279451608657837, 1.6754902601242065]","[0.8743796944618225, 0.8341326117515564, 0.8204427361488342, 0.7942659854888916]"
179534.0,2009-06-01T00:00:00.000000000,"[1.1914430856704712, 1.279451608657837, 1.6754902601242065, 1.7414965629577637]","[0.8231441378593445, 0.7685993909835815, 0.7384705543518066, 0.7017452120780945]"
179534.0,2009-09-01T00:00:00.000000000,"[1.279451608657837, 1.6754902601242065, 1.7414965629577637, 1.9395159482955933]","[0.985763669013977, 0.9156043529510498, 0.882075309753418, 0.8210567235946655]"
179534.0,2009-12-01T00:00:00.000000000,"[1.6754902601242065, 1.7414965629577637, 1.9395159482955933, 1.9615180492401123]","[0.9105751514434814, 0.8463960886001587, 0.8202065229415894, 0.7759031057357788]"
179534.0,2010-03-01T00:00:00.000000000,"[1.7414965629577637, 1.9395159482955933, 1.9615180492401123, 2.1595370769500732]","[1.0751023292541504, 1.0184500217437744, 1.0026623010635376, 0.965503454208374]"
179534.0,2010-06-01T00:00:00.000000000,"[1.9395159482955933, 1.9615180492401123, 2.1595370769500732, 2.181539297103882]","[1.2812858819961548, 1.2305406332015991, 1.2289066314697266, 1.1919705867767334]"
179534.0,2010-09-01T00:00:00.000000000,"[1.9615180492401123, 2.1595370769500732, 2.181539297103882, 2.313552141189575]","[1.3309309482574463, 1.2427470684051514, 1.2071467638015747, 1.1382043361663818]"
179534.0,2010-12-01T00:00:00.000000000,"[2.1595370769500732, 2.181539297103882, 2.313552141189575, 2.533573627471924]","[1.4235875606536865, 1.2965790033340454, 1.2354198694229126, 1.1100355386734009]"
179534.0,2011-03-01T00:00:00.000000000,"[2.181539297103882, 2.313552141189575, 2.533573627471924, 2.5115716457366943]","[1.52656090259552, 1.4025378227233887, 1.3401765823364258, 1.2235119342803955]"
179534.0,2011-06-01T00:00:00.000000000,"[2.313552141189575, 2.533573627471924, 2.5115716457366943, 2.335554361343384]","[1.6782865524291992, 1.5516259670257568, 1.4998726844787598, 1.3944647312164307]"
179534.0,2011-09-01T00:00:00.000000000,"[2.533573627471924, 2.5115716457366943, 2.335554361343384, 1.6534881591796875]","[1.683319330215454, 1.503263235092163, 1.4106351137161255, 1.254608154296875]"
179534.0,2011-12-01T00:00:00.000000000,"[2.5115716457366943, 2.335554361343384, 1.6534881591796875, 1.7634987831115723]","[2.006119728088379, 1.8812153339385986, 1.8427517414093018, 1.7392070293426514]"
179534.0,2012-03-01T00:00:00.000000000,"[2.335554361343384, 1.6534881591796875, 1.7634987831115723, 2.42356276512146]","[2.0617592334747314, 1.9360650777816772, 1.8901846408843994, 1.7887561321258545]"
179534.0,2012-06-01T00:00:00.000000000,"[1.6534881591796875, 1.7634987831115723, 2.42356276512146, 2.335554361343384]","[1.883127212524414, 1.812206745147705, 1.7731029987335205, 1.7369942665100098]"
179534.0,2012-09-01T00:00:00.000000000,"[1.7634987831115723, 2.42356276512146, 2.335554361343384, 2.577577829360962]","[1.7910046577453613, 1.6847732067108154, 1.6115355491638184, 1.5421518087387085]"
179534.0,2012-12-01T00:00:00.000000000,"[2.42356276512146, 2.335554361343384, 2.577577829360962, 2.8636057376861572]","[1.6874399185180664, 1.598204493522644, 1.5415855646133423, 1.4961298704147339]"
179534.0,2013-03-01T00:00:00.000000000,"[2.335554361343384, 2.577577829360962, 2.8636057376861572, 3.281646251678467]","[1.9809722900390625, 1.9384795427322388, 1.9317452907562256, 1.9367258548736572]"
180652.0,2010-12-01T00:00:00.000000000,"[1.5874814987182617, 1.5654793977737427, 1.7194944620132446, 1.7634987831115723]","[1.3572211265563965, 1.2718679904937744, 1.2375776767730713, 1.1649413108825684]"
180652.0,2011-03-01T00:00:00.000000000,"[1.5654793977737427, 1.7194944620132446, 1.7634987831115723, 1.7855008840560913]","[1.3026576042175293, 1.2706655263900757, 1.250198245048523, 1.2360479831695557]"
180652.0,2011-06-01T00:00:00.000000000,"[1.7194944620132446, 1.7634987831115723, 1.7855008840560913, 1.8735092878341675]","[1.3272221088409424, 1.3041428327560425, 1.2910346984863281, 1.2871472835540771]"
180652.0,2011-09-01T00:00:00.000000000,"[1.7634987831115723, 1.7855008840560913, 1.8735092878341675, 2.1375350952148438]","[1.452950119972229, 1.3985204696655273, 1.385878086090088, 1.3483397960662842]"
180652.0,2011-12-01T00:00:00.000000000,"[1.7855008840560913, 1.8735092878341675, 2.1375350952148438, 2.2035415172576904]","[1.4530525207519531, 1.4050326347351074, 1.3857879638671875, 1.356722354888916]"
180652.0,2012-03-01T00:00:00.000000000,"[1.8735092878341675, 2.1375350952148438, 2.2035415172576904, 2.0935308933258057]","[1.4927127361297607, 1.4051748514175415, 1.355095386505127, 1.2860298156738281]"
180652.0,2012-06-01T00:00:00.000000000,"[2.1375350952148438, 2.2035415172576904, 2.0935308933258057, 2.0055222511291504]","[1.5725313425064087, 1.4808239936828613, 1.4329702854156494, 1.358109712600708]"
180652.0,2012-09-01T00:00:00.000000000,"[2.2035415172576904, 2.0935308933258057, 2.0055222511291504, 1.8735092878341675]","[1.7709059715270996, 1.6494414806365967, 1.5858299732208252, 1.481132984161377]"
180652.0,2012-12-01T00:00:00.000000000,"[2.0935308933258057, 2.0055222511291504, 1.8735092878341675, 2.4675674438476562]","[1.8299919366836548, 1.6969189643859863, 1.6213791370391846, 1.5082244873046875]"
180652.0,2013-03-01T00:00:00.000000000,"[2.0055222511291504, 1.8735092878341675, 2.4675674438476562, 2.533573627471924]","[1.8319950103759766, 1.6896593570709229, 1.6022557020187378, 1.4804179668426514]"
180711.0,2010-12-01T00:00:00.000000000,"[12.170511245727539, 11.51044750213623, 10.762373924255371, 10.652362823486328]","[7.777677536010742, 7.001662254333496, 6.58400297164917, 5.918705463409424]"
180711.0,2011-03-01T00:00:00.000000000,"[11.51044750213623, 10.762373924255371, 10.652362823486328, 11.158411979675293]","[8.423225402832031, 7.456530570983887, 6.924359321594238, 6.072020530700684]"
180711.0,2011-06-01T00:00:00.000000000,"[10.762373924255371, 10.652362823486328, 11.158411979675293, 10.850382804870605]","[8.749292373657227, 7.658834457397461, 7.0238800048828125, 6.057187080383301]"
180711.0,2011-09-01T00:00:00.000000000,"[10.652362823486328, 11.158411979675293, 10.850382804870605, 10.608358383178711]","[8.84518051147461, 7.955673694610596, 7.412991523742676, 6.668543338775635]"
180711.0,2011-12-01T00:00:00.000000000,"[11.158411979675293, 10.850382804870605, 10.608358383178711, 11.180415153503418]","[9.15039348602295, 8.77822494506836, 8.643417358398438, 8.444238662719727]"
180711.0,2012-03-01T00:00:00.000000000,"[10.850382804870605, 10.608358383178711, 11.180415153503418, 13.270617485046387]","[9.655430793762207, 9.169004440307617, 8.915139198303223, 8.595574378967285]"
180711.0,2012-06-01T00:00:00.000000000,"[10.608358383178711, 11.180415153503418, 13.270617485046387, 13.842674255371094]","[9.92382526397705, 9.458578109741211, 9.208771705627441, 8.915718078613281]"
180711.0,2012-09-01T00:00:00.000000000,"[11.180415153503418, 13.270617485046387, 13.842674255371094, 13.864675521850586]","[9.751035690307617, 9.631113052368164, 9.581457138061523, 9.662578582763672]"
180711.0,2012-12-01T00:00:00.000000000,"[13.270617485046387, 13.842674255371094, 13.864675521850586, 14.612749099731445]","[10.65239143371582, 9.866403579711914, 9.47101879119873, 8.838939666748047]"
180711.0,2013-03-01T00:00:00.000000000,"[13.842674255371094, 13.864675521850586, 14.612749099731445, 16.48293113708496]","[11.019779205322266, 10.527753829956055, 10.288137435913086, 10.047049522399902]"
183377.0,2010-12-01T00:00:00.000000000,"[-0.4411156475543976, -0.49832120537757874, -0.44551607966423035, -0.40591222047805786]","[-0.5581967234611511, -0.5657453536987305, -0.5684732794761658, -0.5749420523643494]"
183377.0,2011-03-01T00:00:00.000000000,"[-0.49832120537757874, -0.44551607966423035, -0.40591222047805786, -0.36630839109420776]","[-0.535319447517395, -0.5522501468658447, -0.5604848861694336, -0.5763863921165466]"
183377.0,2011-06-01T00:00:00.000000000,"[-0.44551607966423035, -0.40591222047805786, -0.36630839109420776, -0.4367152154445648]","[-0.5413448214530945, -0.5629515647888184, -0.5748862028121948, -0.5950072407722473]"
183377.0,2011-09-01T00:00:00.000000000,"[-0.40591222047805786, -0.36630839109420776, -0.4367152154445648, -0.3399057984352112]","[-0.5148168802261353, -0.5333858728408813, -0.5427165031433105, -0.5598635077476501]"
183377.0,2011-12-01T00:00:00.000000000,"[-0.36630839109420776, -0.4367152154445648, -0.3399057984352112, -0.313503235578537]","[-0.49434787034988403, -0.5066906213760376, -0.5096610188484192, -0.5200806260108948]"
183377.0,2012-03-01T00:00:00.000000000,"[-0.4367152154445648, -0.3399057984352112, -0.313503235578537, -0.2342955470085144]","[-0.4672992527484894, -0.4836001396179199, -0.48980119824409485, -0.5040557980537415]"
183377.0,2012-06-01T00:00:00.000000000,"[-0.3399057984352112, -0.313503235578537, -0.2342955470085144, -0.34430623054504395]","[-0.47830578684806824, -0.4983888268470764, -0.5079776048660278, -0.5253790020942688]"
183377.0,2012-09-01T00:00:00.000000000,"[-0.313503235578537, -0.2342955470085144, -0.34430623054504395, -0.28270024061203003]","[-0.44333386421203613, -0.46705666184425354, -0.4780582785606384, -0.4994490444660187]"
183377.0,2012-12-01T00:00:00.000000000,"[-0.2342955470085144, -0.34430623054504395, -0.28270024061203003, -0.26509854197502136]","[-0.41565659642219543, -0.43473339080810547, -0.44047844409942627, -0.4566982388496399]"
183377.0,2013-03-01T00:00:00.000000000,"[-0.34430623054504395, -0.28270024061203003, -0.26509854197502136, -0.159488245844841]","[-0.3647806644439697, -0.38926273584365845, -0.3989117741584778, -0.42383331060409546]"
