GVKEY,TGT_START,GROUND_TRUTH,PREDICTIONS
1161.0,2006-06-01T00:00:00.000000000,"[-0.6567366123199463, -0.6347345113754272, -0.7007409334182739, -0.898760199546814]","[-0.6620230078697205, -0.7575474977493286, -0.5399715900421143, -0.9358317852020264]"
1161.0,2006-09-01T00:00:00.000000000,"[-0.6347345113754272, -0.7007409334182739, -0.898760199546814, -1.0747772455215454]","[-0.38807523250579834, -0.44918400049209595, -0.32909655570983887, -0.3865106701850891]"
1161.0,2006-12-01T00:00:00.000000000,"[-0.7007409334182739, -0.898760199546814, -1.0747772455215454, -1.0747772455215454]","[-0.6727603673934937, -0.7024151086807251, -0.5829837918281555, -0.41120463609695435]"
1161.0,2007-03-01T00:00:00.000000000,"[-0.898760199546814, -1.0747772455215454, -1.0747772455215454, -0.920762300491333]","[-0.7625236511230469, -0.728621780872345, -0.41777145862579346, -0.46910402178764343]"
1161.0,2007-06-01T00:00:00.000000000,"[-1.0747772455215454, -1.0747772455215454, -0.920762300491333, -0.9647666215896606]","[-0.6305278539657593, -0.6165704727172852, -0.09661906957626343, -0.5906389355659485]"
1161.0,2007-09-01T00:00:00.000000000,"[-1.0747772455215454, -0.920762300491333, -0.9647666215896606, -0.8107516169548035]","[-0.40624329447746277, -0.5464811325073242, -0.49484968185424805, -0.37700605392456055]"
1161.0,2007-12-01T00:00:00.000000000,"[-0.920762300491333, -0.9647666215896606, -0.8107516169548035, -0.6347345113754272]","[-0.8275184631347656, -0.9524386525154114, -0.8874883651733398, -0.4296100437641144]"
1161.0,2008-03-01T00:00:00.000000000,"[-0.9647666215896606, -0.8107516169548035, -0.6347345113754272, -0.722743034362793]","[-0.8433354496955872, -0.793311595916748, -0.41184860467910767, -0.6258406043052673]"
1161.0,2008-06-01T00:00:00.000000000,"[-0.8107516169548035, -0.6347345113754272, -0.722743034362793, -0.7887494564056396]","[-0.8398876786231995, -0.7022883892059326, -1.2159347534179688e-05, -0.5636458396911621]"
1161.0,2008-09-01T00:00:00.000000000,"[-0.6347345113754272, -0.722743034362793, -0.7887494564056396, -0.6567366123199463]","[-0.6581120491027832, -0.6631264686584473, -0.5500394105911255, -0.5742597579956055]"
1161.0,2008-12-01T00:00:00.000000000,"[-0.722743034362793, -0.7887494564056396, -0.6567366123199463, -0.48071953654289246]","[-0.9533944129943848, -1.0749104022979736, -0.9982885122299194, -0.4999811351299286]"
1161.0,2009-03-01T00:00:00.000000000,"[-0.7887494564056396, -0.6567366123199463, -0.48071953654289246, -0.5247237682342529]","[-0.598671555519104, -0.5764445662498474, -0.31205183267593384, -0.4981060028076172]"
1161.0,2009-06-01T00:00:00.000000000,"[-0.6567366123199463, -0.48071953654289246, -0.5247237682342529, -0.45871737599372864]","[-0.5952925682067871, -0.5426403880119324, -0.2054436206817627, -0.48580360412597656]"
1161.0,2009-09-01T00:00:00.000000000,"[-0.48071953654289246, -0.5247237682342529, -0.45871737599372864, -0.39271095395088196]","[-0.5972934365272522, -0.623324990272522, -0.6326033473014832, -0.5488045811653137]"
1161.0,2009-12-01T00:00:00.000000000,"[-0.5247237682342529, -0.45871737599372864, -0.39271095395088196, -0.4147131145000458]","[-0.4228493571281433, -0.5290212631225586, -0.54083651304245, -0.3542284369468689]"
1161.0,2010-03-01T00:00:00.000000000,"[-0.45871737599372864, -0.39271095395088196, -0.4147131145000458, -0.5247237682342529]","[-0.7354403734207153, -0.7561424970626831, -0.650537371635437, -0.3773675858974457]"
1161.0,2010-06-01T00:00:00.000000000,"[-0.39271095395088196, -0.4147131145000458, -0.5247237682342529, -0.5687280893325806]","[-0.5777140259742737, -0.486689031124115, -0.05814629793167114, -0.40579110383987427]"
1161.0,2010-09-01T00:00:00.000000000,"[-0.4147131145000458, -0.5247237682342529, -0.5687280893325806, -0.5247237682342529]","[-0.6196576356887817, -0.528227686882019, -0.6996451616287231, -0.5081422328948975]"
1161.0,2010-12-01T00:00:00.000000000,"[-0.5247237682342529, -0.5687280893325806, -0.5247237682342529, -0.30470237135887146]","[-0.4308168292045593, -0.7234215140342712, -0.6058744192123413, -0.4529827833175659]"
1161.0,2011-03-01T00:00:00.000000000,"[-0.5687280893325806, -0.5247237682342529, -0.30470237135887146, 0.003327556187286973]","[-0.5980479717254639, -0.6078712344169617, -0.5458977222442627, -0.6128647923469543]"
1161.0,2011-06-01T00:00:00.000000000,"[-0.5247237682342529, -0.30470237135887146, 0.003327556187286973, -0.30470237135887146]","[-0.5792934894561768, -0.6080623269081116, -0.5732983946800232, -0.6419550180435181]"
1161.0,2011-09-01T00:00:00.000000000,"[-0.30470237135887146, 0.003327556187286973, -0.30470237135887146, -0.30470237135887146]","[-0.5430692434310913, -0.5664193630218506, -0.5396748781204224, -0.5561708807945251]"
1161.0,2011-12-01T00:00:00.000000000,"[0.003327556187286973, -0.30470237135887146, -0.30470237135887146, 0.20134682953357697]","[-0.47525539994239807, -0.5189697742462158, -0.4884874224662781, -0.475821316242218]"
1161.0,2012-03-01T00:00:00.000000000,"[-0.30470237135887146, -0.30470237135887146, 0.20134682953357697, 0.44337034225463867]","[-0.43159499764442444, -0.4412522315979004, -0.42208972573280334, -0.43590062856674194]"
1161.0,2012-06-01T00:00:00.000000000,"[-0.30470237135887146, 0.20134682953357697, 0.44337034225463867, 0.44337034225463867]","[-0.4819949269294739, -0.5144864320755005, -0.5212457776069641, -0.6477596759796143]"
1161.0,2012-09-01T00:00:00.000000000,"[0.20134682953357697, 0.44337034225463867, 0.44337034225463867, 0.6853939294815063]","[-0.4141905903816223, -0.45965683460235596, -0.5191701054573059, -0.5567530393600464]"
1161.0,2012-12-01T00:00:00.000000000,"[0.44337034225463867, 0.44337034225463867, 0.6853939294815063, 0.9054153561592102]","[-0.09862834215164185, -0.21648767590522766, -0.23833227157592773, -0.14110609889030457]"
1161.0,2013-03-01T00:00:00.000000000,"[0.44337034225463867, 0.6853939294815063, 0.9054153561592102, 1.323456048965454]","[-0.05773705244064331, -0.22150647640228271, -0.2697380781173706, -0.25430789589881897]"
1300.0,2006-06-01T00:00:00.000000000,"[2.335554361343384, 2.533573627471924, 2.4455649852752686, 2.4015607833862305]","[1.9669296741485596, 2.2190778255462646, 2.1885433197021484, 2.0196709632873535]"
1300.0,2006-09-01T00:00:00.000000000,"[2.533573627471924, 2.4455649852752686, 2.4015607833862305, 2.621582269668579]","[2.280460834503174, 2.42455792427063, 2.0918285846710205, 2.2747323513031006]"
1300.0,2006-12-01T00:00:00.000000000,"[2.4455649852752686, 2.4015607833862305, 2.621582269668579, 2.819601535797119]","[2.311633825302124, 2.146136999130249, 2.34877872467041, 2.420192241668701]"
1300.0,2007-03-01T00:00:00.000000000,"[2.4015607833862305, 2.621582269668579, 2.819601535797119, 2.775597333908081]","[2.0074779987335205, 2.198453664779663, 2.3160195350646973, 2.241903781890869]"
1300.0,2007-06-01T00:00:00.000000000,"[2.621582269668579, 2.819601535797119, 2.775597333908081, 2.665586471557617]","[2.2348766326904297, 2.4403328895568848, 2.399003028869629, 2.2266829013824463]"
1300.0,2007-09-01T00:00:00.000000000,"[2.819601535797119, 2.775597333908081, 2.665586471557617, 2.9516141414642334]","[2.5528831481933594, 2.6567022800445557, 2.3452463150024414, 2.5916056632995605]"
1300.0,2007-12-01T00:00:00.000000000,"[2.775597333908081, 2.665586471557617, 2.9516141414642334, 2.819601535797119]","[2.5450568199157715, 2.341000556945801, 2.556703567504883, 2.703911304473877]"
1300.0,2008-03-01T00:00:00.000000000,"[2.665586471557617, 2.9516141414642334, 2.819601535797119, 3.127631425857544]","[2.264096736907959, 2.4687082767486572, 2.5825862884521484, 2.5250566005706787]"
1300.0,2008-06-01T00:00:00.000000000,"[2.9516141414642334, 2.819601535797119, 3.127631425857544, 2.9516141414642334]","[2.4722394943237305, 2.581475019454956, 2.556389331817627, 2.368901252746582]"
1300.0,2008-09-01T00:00:00.000000000,"[2.819601535797119, 3.127631425857544, 2.9516141414642334, 3.259644031524658]","[2.8434698581695557, 2.8949403762817383, 2.5747318267822266, 2.815682888031006]"
1300.0,2008-12-01T00:00:00.000000000,"[3.127631425857544, 2.9516141414642334, 3.259644031524658, 3.1496336460113525]","[2.741030216217041, 2.389247179031372, 2.6357178688049316, 2.7491416931152344]"
1300.0,2009-03-01T00:00:00.000000000,"[2.9516141414642334, 3.259644031524658, 3.1496336460113525, 3.369654893875122]","[2.668487548828125, 2.853081226348877, 2.901939630508423, 2.7773072719573975]"
1300.0,2009-06-01T00:00:00.000000000,"[3.259644031524658, 3.1496336460113525, 3.369654893875122, 3.5896763801574707]","[2.8289599418640137, 2.7809550762176514, 2.780735731124878, 2.608964204788208]"
1300.0,2009-09-01T00:00:00.000000000,"[3.1496336460113525, 3.369654893875122, 3.5896763801574707, 3.8096976280212402]","[3.195803165435791, 3.242844820022583, 2.8983967304229736, 3.063884735107422]"
1300.0,2009-12-01T00:00:00.000000000,"[3.369654893875122, 3.5896763801574707, 3.8096976280212402, 3.765693426132202]","[3.1441810131073, 2.7738471031188965, 2.985646963119507, 3.149057626724243]"
1300.0,2010-03-01T00:00:00.000000000,"[3.5896763801574707, 3.8096976280212402, 3.765693426132202, 3.5016677379608154]","[2.9976892471313477, 3.2532525062561035, 3.1803736686706543, 3.054072856903076]"
1300.0,2010-06-01T00:00:00.000000000,"[3.8096976280212402, 3.765693426132202, 3.5016677379608154, 3.523669719696045]","[3.249143600463867, 3.401860237121582, 3.3772568702697754, 3.217346668243408]"
1300.0,2010-09-01T00:00:00.000000000,"[3.765693426132202, 3.5016677379608154, 3.523669719696045, 3.919708251953125]","[3.5985870361328125, 3.6497721672058105, 3.384697675704956, 3.549984931945801]"
1300.0,2010-12-01T00:00:00.000000000,"[3.5016677379608154, 3.523669719696045, 3.919708251953125, 3.875704050064087]","[3.5975213050842285, 3.3203041553497314, 3.495095729827881, 3.5807762145996094]"
1300.0,2011-03-01T00:00:00.000000000,"[3.523669719696045, 3.919708251953125, 3.875704050064087, 3.831699848175049]","[3.4182538986206055, 3.5226516723632812, 3.4071435928344727, 3.3749146461486816]"
1300.0,2011-06-01T00:00:00.000000000,"[3.919708251953125, 3.875704050064087, 3.831699848175049, 4.161732196807861]","[3.54081392288208, 3.604752540588379, 3.472310781478882, 3.4767189025878906]"
1300.0,2011-09-01T00:00:00.000000000,"[3.875704050064087, 3.831699848175049, 4.161732196807861, 2.071528673171997]","[3.719015598297119, 3.7340526580810547, 3.598304271697998, 3.6965394020080566]"
1300.0,2011-12-01T00:00:00.000000000,"[3.831699848175049, 4.161732196807861, 2.071528673171997, 2.7315926551818848]","[3.6148526668548584, 3.70497465133667, 3.8437604904174805, 3.7330408096313477]"
1300.0,2012-03-01T00:00:00.000000000,"[4.161732196807861, 2.071528673171997, 2.7315926551818848, 3.8537018299102783]","[3.6282553672790527, 3.9922118186950684, 3.8505489826202393, 3.6880147457122803]"
1300.0,2012-06-01T00:00:00.000000000,"[2.071528673171997, 2.7315926551818848, 3.8537018299102783, 3.523669719696045]","[4.0198516845703125, 4.201350688934326, 3.9094090461730957, 3.987452983856201]"
1300.0,2012-09-01T00:00:00.000000000,"[2.7315926551818848, 3.8537018299102783, 3.523669719696045, 3.7436912059783936]","[3.312390089035034, 3.088348627090454, 3.252068042755127, 3.1202235221862793]"
1300.0,2012-12-01T00:00:00.000000000,"[3.8537018299102783, 3.523669719696045, 3.7436912059783936, 3.7436912059783936]","[3.2831406593322754, 3.3481650352478027, 3.457437515258789, 3.290644407272339]"
1300.0,2013-03-01T00:00:00.000000000,"[3.523669719696045, 3.7436912059783936, 3.7436912059783936, 3.8977060317993164]","[3.646998167037964, 3.6358726024627686, 3.8527982234954834, 3.776587963104248]"
1440.0,2006-06-01T00:00:00.000000000,"[1.0594303607940674, 1.5214751958847046, 0.35536178946495056, 2.115532875061035]","[1.2271214723587036, 1.781752586364746, 1.0055923461914062, 1.5280208587646484]"
1440.0,2006-09-01T00:00:00.000000000,"[1.5214751958847046, 0.35536178946495056, 2.115532875061035, 1.2354472875595093]","[1.239659070968628, 0.9618120193481445, 1.261549711227417, 1.1431033611297607]"
1440.0,2006-12-01T00:00:00.000000000,"[0.35536178946495056, 2.115532875061035, 1.2354472875595093, 1.6314857006072998]","[0.9408539533615112, 1.1836806535720825, 0.8873497843742371, 1.286138653755188]"
1440.0,2007-03-01T00:00:00.000000000,"[2.115532875061035, 1.2354472875595093, 1.6314857006072998, 0.35536178946495056]","[0.7939785718917847, 0.6517882347106934, 1.3135409355163574, 0.675007700920105]"
1440.0,2007-06-01T00:00:00.000000000,"[1.2354472875595093, 1.6314857006072998, 0.35536178946495056, 1.5434772968292236]","[1.3927507400512695, 2.1133241653442383, 1.1932895183563232, 1.5961756706237793]"
1440.0,2007-09-01T00:00:00.000000000,"[1.6314857006072998, 0.35536178946495056, 1.5434772968292236, 1.3894624710083008]","[1.367023229598999, 1.066762089729309, 1.3202255964279175, 1.3076320886611938]"
1440.0,2007-12-01T00:00:00.000000000,"[0.35536178946495056, 1.5434772968292236, 1.3894624710083008, 2.1595370769500732]","[0.9022714495658875, 1.1495120525360107, 1.048683524131775, 1.4531079530715942]"
1440.0,2008-03-01T00:00:00.000000000,"[1.5434772968292236, 1.3894624710083008, 2.1595370769500732, 0.7734025120735168]","[0.7335101366043091, 0.6264359354972839, 1.3611385822296143, 0.6268594264984131]"
1440.0,2008-06-01T00:00:00.000000000,"[1.3894624710083008, 2.1595370769500732, 0.7734025120735168, 1.4114645719528198]","[1.2208210229873657, 1.619762659072876, 1.0285793542861938, 1.533123254776001]"
1440.0,2008-09-01T00:00:00.000000000,"[2.1595370769500732, 0.7734025120735168, 1.4114645719528198, 0.9494196176528931]","[1.3269455432891846, 1.1009339094161987, 1.3488460779190063, 1.2995938062667847]"
1440.0,2008-12-01T00:00:00.000000000,"[0.7734025120735168, 1.4114645719528198, 0.9494196176528931, 1.7194944620132446]","[1.1201523542404175, 1.4454421997070312, 1.234432339668274, 1.5223886966705322]"
1440.0,2009-03-01T00:00:00.000000000,"[1.4114645719528198, 0.9494196176528931, 1.7194944620132446, 1.1694409847259521]","[0.9390650987625122, 0.8053299188613892, 1.429741621017456, 0.8023954033851624]"
1440.0,2009-06-01T00:00:00.000000000,"[0.9494196176528931, 1.7194944620132446, 1.1694409847259521, 1.4114645719528198]","[1.3396883010864258, 1.9548122882843018, 1.0848478078842163, 1.5786845684051514]"
1440.0,2009-09-01T00:00:00.000000000,"[1.7194944620132446, 1.1694409847259521, 1.4114645719528198, 1.5214751958847046]","[1.370033860206604, 1.0651055574417114, 1.2949496507644653, 1.234781265258789]"
1440.0,2009-12-01T00:00:00.000000000,"[1.1694409847259521, 1.4114645719528198, 1.5214751958847046, 2.071528673171997]","[0.942317545413971, 1.1436620950698853, 1.0968586206436157, 1.5332592725753784]"
1440.0,2010-03-01T00:00:00.000000000,"[1.4114645719528198, 1.5214751958847046, 2.071528673171997, 0.8834132552146912]","[0.9833475947380066, 0.8859061002731323, 1.5728814601898193, 0.8720908164978027]"
1440.0,2010-06-01T00:00:00.000000000,"[1.5214751958847046, 2.071528673171997, 0.8834132552146912, 1.9175138473510742]","[1.4230830669403076, 2.073472738265991, 1.1880747079849243, 1.5919080972671509]"
1440.0,2010-09-01T00:00:00.000000000,"[2.071528673171997, 0.8834132552146912, 1.9175138473510742, 1.499472975730896]","[1.4911153316497803, 1.1874947547912598, 1.3799275159835815, 1.3844552040100098]"
1440.0,2010-12-01T00:00:00.000000000,"[0.8834132552146912, 1.9175138473510742, 1.499472975730896, 2.5115716457366943]","[0.9905126690864563, 1.0990993976593018, 1.146316647529602, 1.5907409191131592]"
1440.0,2011-03-01T00:00:00.000000000,"[1.9175138473510742, 1.499472975730896, 2.5115716457366943, 0.6193875670433044]","[0.9386208057403564, 0.9002009034156799, 1.6497241258621216, 0.9151104688644409]"
1440.0,2011-06-01T00:00:00.000000000,"[1.499472975730896, 2.5115716457366943, 0.6193875670433044, 1.5434772968292236]","[1.610061764717102, 2.280186653137207, 1.3913486003875732, 1.8144166469573975]"
1440.0,2011-09-01T00:00:00.000000000,"[2.5115716457366943, 0.6193875670433044, 1.5434772968292236, 1.6754902601242065]","[1.5669807195663452, 1.2787747383117676, 1.4881205558776855, 1.5150178670883179]"
1440.0,2011-12-01T00:00:00.000000000,"[0.6193875670433044, 1.5434772968292236, 1.6754902601242065, 2.533573627471924]","[1.2235838174819946, 1.5415892601013184, 1.3894191980361938, 1.724329948425293]"
1440.0,2012-03-01T00:00:00.000000000,"[1.5434772968292236, 1.6754902601242065, 2.533573627471924, 1.2134451866149902]","[0.9891675710678101, 0.9027111530303955, 1.7212358713150024, 0.9414081573486328]"
1440.0,2012-06-01T00:00:00.000000000,"[1.6754902601242065, 2.533573627471924, 1.2134451866149902, 1.8295050859451294]","[1.6076455116271973, 2.3440170288085938, 1.39500892162323, 1.8472646474838257]"
1440.0,2012-09-01T00:00:00.000000000,"[2.533573627471924, 1.2134451866149902, 1.8295050859451294, 1.8955113887786865]","[1.6905840635299683, 1.3875735998153687, 1.6387019157409668, 1.6650879383087158]"
1440.0,2012-12-01T00:00:00.000000000,"[1.2134451866149902, 1.8295050859451294, 1.8955113887786865, 2.4455649852752686]","[1.3077210187911987, 1.7407861948013306, 1.5906177759170532, 1.842489242553711]"
1440.0,2013-03-01T00:00:00.000000000,"[1.8295050859451294, 1.8955113887786865, 2.4455649852752686, 1.455468773841858]","[1.2017508745193481, 1.1703321933746338, 1.9602117538452148, 1.1614904403686523]"
1447.0,2006-06-01T00:00:00.000000000,"[2.335554361343384, 2.379558563232422, 1.9835201501846313, 2.5555758476257324]","[1.95296049118042, 1.7553144693374634, 1.626375675201416, 1.7192038297653198]"
1447.0,2006-09-01T00:00:00.000000000,"[2.379558563232422, 1.9835201501846313, 2.5555758476257324, 2.42356276512146]","[2.069654941558838, 1.7785382270812988, 1.9898176193237305, 2.06864070892334]"
1447.0,2006-12-01T00:00:00.000000000,"[1.9835201501846313, 2.5555758476257324, 2.42356276512146, 2.027524471282959]","[1.977344036102295, 1.9786946773529053, 1.9895306825637817, 1.957324743270874]"
1447.0,2007-03-01T00:00:00.000000000,"[2.5555758476257324, 2.42356276512146, 2.027524471282959, 2.0055222511291504]","[1.9476206302642822, 1.780893325805664, 1.8111670017242432, 1.6795215606689453]"
1447.0,2007-06-01T00:00:00.000000000,"[2.42356276512146, 2.027524471282959, 2.0055222511291504, 2.4455649852752686]","[2.2059288024902344, 2.0945816040039062, 1.8882651329040527, 2.008380174636841]"
1447.0,2007-09-01T00:00:00.000000000,"[2.027524471282959, 2.0055222511291504, 2.4455649852752686, 3.919708251953125]","[2.2583274841308594, 1.950833797454834, 2.136644124984741, 2.1874279975891113]"
1447.0,2007-12-01T00:00:00.000000000,"[2.0055222511291504, 2.4455649852752686, 3.919708251953125, 1.9395159482955933]","[2.0539140701293945, 1.9552030563354492, 1.8784031867980957, 1.8541561365127563]"
1447.0,2008-03-01T00:00:00.000000000,"[2.4455649852752686, 3.919708251953125, 1.9395159482955933, 1.2354472875595093]","[2.1357367038726807, 1.7813197374343872, 1.8629064559936523, 1.8006556034088135]"
1447.0,2008-06-01T00:00:00.000000000,"[3.919708251953125, 1.9395159482955933, 1.2354472875595093, 2.2475459575653076]","[2.318936586380005, 2.0869786739349365, 1.9863123893737793, 2.0735697746276855]"
1447.0,2008-09-01T00:00:00.000000000,"[1.9395159482955933, 1.2354472875595093, 2.2475459575653076, 2.533573627471924]","[3.143073558807373, 2.6538915634155273, 2.9416847229003906, 3.154658794403076]"
1447.0,2008-12-01T00:00:00.000000000,"[1.2354472875595093, 2.2475459575653076, 2.533573627471924, 2.5995800495147705]","[2.278648853302002, 2.252140998840332, 2.4166643619537354, 2.2337851524353027]"
1447.0,2009-03-01T00:00:00.000000000,"[2.2475459575653076, 2.533573627471924, 2.5995800495147705, 2.775597333908081]","[2.156891107559204, 1.9670008420944214, 1.9633634090423584, 1.8042454719543457]"
1447.0,2009-06-01T00:00:00.000000000,"[2.533573627471924, 2.5995800495147705, 2.775597333908081, 3.3916571140289307]","[2.4385781288146973, 2.093500852584839, 2.1432483196258545, 2.3671016693115234]"
1447.0,2009-09-01T00:00:00.000000000,"[2.5995800495147705, 2.775597333908081, 3.3916571140289307, 3.3476529121398926]","[2.559053659439087, 2.3454325199127197, 2.5627214908599854, 2.552849531173706]"
1447.0,2009-12-01T00:00:00.000000000,"[2.775597333908081, 3.3916571140289307, 3.3476529121398926, 3.4356613159179688]","[2.323948621749878, 2.434818744659424, 2.639291286468506, 2.34511137008667]"
1447.0,2010-03-01T00:00:00.000000000,"[3.3916571140289307, 3.3476529121398926, 3.4356613159179688, 3.127631425857544]","[2.352865219116211, 2.3786559104919434, 2.466930389404297, 2.2943949699401855]"
1447.0,2010-06-01T00:00:00.000000000,"[3.3476529121398926, 3.4356613159179688, 3.127631425857544, 3.721689224243164]","[2.74056339263916, 2.5328855514526367, 2.6819238662719727, 2.72653865814209]"
1447.0,2010-09-01T00:00:00.000000000,"[3.4356613159179688, 3.127631425857544, 3.721689224243164, 3.8537018299102783]","[2.9794938564300537, 2.805624485015869, 3.15360689163208, 3.121080160140991]"
1447.0,2010-12-01T00:00:00.000000000,"[3.127631425857544, 3.721689224243164, 3.8537018299102783, 3.875704050064087]","[2.8245255947113037, 3.437523126602173, 3.5530543327331543, 3.062889337539673]"
1447.0,2011-03-01T00:00:00.000000000,"[3.721689224243164, 3.8537018299102783, 3.875704050064087, 3.765693426132202]","[3.070787191390991, 3.575364112854004, 3.081702709197998, 2.982182264328003]"
1447.0,2011-06-01T00:00:00.000000000,"[3.8537018299102783, 3.875704050064087, 3.765693426132202, 0.20134682953357697]","[3.606299877166748, 3.5794677734375, 3.3396759033203125, 3.6292386054992676]"
1447.0,2011-09-01T00:00:00.000000000,"[3.875704050064087, 3.765693426132202, 0.20134682953357697, -0.06267886608839035]","[3.3249335289001465, 3.1588754653930664, 3.5255789756774902, 3.7256920337677]"
1447.0,2011-12-01T00:00:00.000000000,"[3.765693426132202, 0.20134682953357697, -0.06267886608839035, 2.1595370769500732]","[3.2754616737365723, 3.845498561859131, 3.9834516048431396, 3.5450870990753174]"
1447.0,2012-03-01T00:00:00.000000000,"[0.20134682953357697, -0.06267886608839035, 2.1595370769500732, 3.171635627746582]","[3.6557044982910156, 4.145151138305664, 3.605285167694092, 3.578803062438965]"
1447.0,2012-06-01T00:00:00.000000000,"[-0.06267886608839035, 2.1595370769500732, 3.171635627746582, 5.327845573425293]","[2.453580617904663, 1.9997832775115967, 2.190955877304077, 2.207728385925293]"
1447.0,2012-09-01T00:00:00.000000000,"[2.1595370769500732, 3.171635627746582, 5.327845573425293, 5.459857940673828]","[1.5624892711639404, 1.4519429206848145, 1.9829022884368896, 2.294652223587036]"
1447.0,2012-12-01T00:00:00.000000000,"[3.171635627746582, 5.327845573425293, 5.459857940673828, 4.2937445640563965]","[2.2049977779388428, 2.304380178451538, 3.044219970703125, 2.798671245574951]"
1447.0,2013-03-01T00:00:00.000000000,"[5.327845573425293, 5.459857940673828, 4.2937445640563965, 4.0957255363464355]","[2.970010757446289, 2.854896068572998, 3.181640386581421, 3.1729702949523926]"
1602.0,2006-06-01T00:00:00.000000000,"[4.513765811920166, 4.359751224517822, 4.051721572875977, 4.755789756774902]","[3.507854461669922, 3.643441677093506, 3.199183940887451, 3.5237631797790527]"
1602.0,2006-09-01T00:00:00.000000000,"[4.359751224517822, 4.051721572875977, 4.755789756774902, 4.953808784484863]","[3.7662272453308105, 3.4087331295013428, 3.8136415481567383, 4.058213233947754]"
1602.0,2006-12-01T00:00:00.000000000,"[4.051721572875977, 4.755789756774902, 4.953808784484863, 5.283841133117676]","[3.3917012214660645, 3.7344882488250732, 4.099379539489746, 3.813876152038574]"
1602.0,2007-03-01T00:00:00.000000000,"[4.755789756774902, 4.953808784484863, 5.283841133117676, 5.0418171882629395]","[3.641251564025879, 4.1956305503845215, 3.8604750633239746, 3.561105489730835]"
1602.0,2007-06-01T00:00:00.000000000,"[4.953808784484863, 5.283841133117676, 5.0418171882629395, 5.679879665374756]","[4.353122234344482, 4.323380470275879, 3.8557686805725098, 4.348514556884766]"
1602.0,2007-09-01T00:00:00.000000000,"[5.283841133117676, 5.0418171882629395, 5.679879665374756, 5.5478668212890625]","[4.371039867401123, 3.8712539672851562, 4.426795959472656, 4.73001766204834]"
1602.0,2007-12-01T00:00:00.000000000,"[5.0418171882629395, 5.679879665374756, 5.5478668212890625, 5.943905353546143]","[4.207881927490234, 4.628618240356445, 4.853877067565918, 4.61462926864624]"
1602.0,2008-03-01T00:00:00.000000000,"[5.679879665374756, 5.5478668212890625, 5.943905353546143, 5.6578779220581055]","[4.558087348937988, 4.932613372802734, 4.6715216636657715, 4.440326690673828]"
1602.0,2008-06-01T00:00:00.000000000,"[5.5478668212890625, 5.943905353546143, 5.6578779220581055, 6.229933261871338]","[5.29655647277832, 5.339014053344727, 4.739345550537109, 5.211392402648926]"
1602.0,2008-09-01T00:00:00.000000000,"[5.943905353546143, 5.6578779220581055, 6.229933261871338, 6.493958950042725]","[5.155332565307617, 4.627812385559082, 5.190406322479248, 5.493539333343506]"
1602.0,2008-12-01T00:00:00.000000000,"[5.6578779220581055, 6.229933261871338, 6.493958950042725, 6.493958950042725]","[4.97804069519043, 5.44541072845459, 5.582903861999512, 5.435950756072998]"
1602.0,2009-03-01T00:00:00.000000000,"[6.229933261871338, 6.493958950042725, 6.493958950042725, 5.6578779220581055]","[5.317357540130615, 5.74110746383667, 5.632796764373779, 5.397768020629883]"
1602.0,2009-06-01T00:00:00.000000000,"[6.493958950042725, 6.493958950042725, 5.6578779220581055, 6.934001922607422]","[6.078244686126709, 6.3422651290893555, 5.562043190002441, 6.0076494216918945]"
1602.0,2009-09-01T00:00:00.000000000,"[6.493958950042725, 5.6578779220581055, 6.934001922607422, 7.726078510284424]","[6.034970760345459, 5.452795505523682, 6.006091117858887, 6.3377885818481445]"
1602.0,2009-12-01T00:00:00.000000000,"[5.6578779220581055, 6.934001922607422, 7.726078510284424, 7.418048858642578]","[5.672845840454102, 6.205305099487305, 6.383604049682617, 6.121129989624023]"
1602.0,2010-03-01T00:00:00.000000000,"[6.934001922607422, 7.726078510284424, 7.418048858642578, 6.823991298675537]","[5.757894515991211, 6.287101745605469, 6.067031383514404, 5.63887882232666]"
1602.0,2010-06-01T00:00:00.000000000,"[7.726078510284424, 7.418048858642578, 6.823991298675537, 7.132020950317383]","[6.776187419891357, 7.051910400390625, 6.200563430786133, 6.7260589599609375]"
1602.0,2010-09-01T00:00:00.000000000,"[7.418048858642578, 6.823991298675537, 7.132020950317383, 8.034109115600586]","[6.967194080352783, 6.192930221557617, 7.006130695343018, 7.252573013305664]"
1602.0,2010-12-01T00:00:00.000000000,"[6.823991298675537, 7.132020950317383, 8.034109115600586, 7.3520426750183105]","[6.490735054016113, 7.210173606872559, 7.336440086364746, 6.8721771240234375]"
1602.0,2011-03-01T00:00:00.000000000,"[7.132020950317383, 8.034109115600586, 7.3520426750183105, 7.308038234710693]","[6.810196876525879, 7.363644599914551, 6.884618282318115, 6.636385917663574]"
1602.0,2011-06-01T00:00:00.000000000,"[8.034109115600586, 7.3520426750183105, 7.308038234710693, 8.474151611328125]","[7.3634467124938965, 7.391258239746094, 6.788755416870117, 7.299440383911133]"
1602.0,2011-09-01T00:00:00.000000000,"[7.3520426750183105, 7.308038234710693, 8.474151611328125, 8.650168418884277]","[7.510351181030273, 7.074420928955078, 7.61052131652832, 7.749611854553223]"
1602.0,2011-12-01T00:00:00.000000000,"[7.308038234710693, 8.474151611328125, 8.650168418884277, 8.914194107055664]","[6.91683292388916, 7.557823181152344, 7.751618385314941, 7.253914833068848]"
1602.0,2012-03-01T00:00:00.000000000,"[8.474151611328125, 8.650168418884277, 8.914194107055664, 7.682074069976807]","[7.350774765014648, 8.118392944335938, 7.34562349319458, 7.012439727783203]"
1602.0,2012-06-01T00:00:00.000000000,"[8.650168418884277, 8.914194107055664, 7.682074069976807, 7.440051078796387]","[8.05966567993164, 8.04263973236084, 7.522138595581055, 8.027647018432617]"
1602.0,2012-09-01T00:00:00.000000000,"[8.914194107055664, 7.682074069976807, 7.440051078796387, 8.936196327209473]","[7.967335224151611, 7.609854698181152, 8.244287490844727, 8.239861488342285]"
1602.0,2012-12-01T00:00:00.000000000,"[7.682074069976807, 7.440051078796387, 8.936196327209473, 9.574258804321289]","[7.7768964767456055, 8.694944381713867, 8.734552383422852, 8.09200382232666]"
1602.0,2013-03-01T00:00:00.000000000,"[7.440051078796387, 8.936196327209473, 9.574258804321289, 8.892192840576172]","[7.91117000579834, 8.487215042114258, 7.876094818115234, 7.497047424316406]"
1632.0,2006-06-01T00:00:00.000000000,"[0.5973852872848511, 0.6853939294815063, 0.8174067735671997, 0.6853939294815063]","[0.49664556980133057, 0.5606769919395447, 0.623990535736084, 0.4884476065635681]"
1632.0,2006-09-01T00:00:00.000000000,"[0.6853939294815063, 0.8174067735671997, 0.6853939294815063, 0.9054153561592102]","[0.5170215368270874, 0.4918195307254791, 0.46916189789772034, 0.58404541015625]"
1632.0,2006-12-01T00:00:00.000000000,"[0.8174067735671997, 0.6853939294815063, 0.9054153561592102, 0.9934238195419312]","[0.5918719172477722, 0.5213256478309631, 0.6419485211372375, 0.6911092400550842]"
1632.0,2007-03-01T00:00:00.000000000,"[0.6853939294815063, 0.9054153561592102, 0.9934238195419312, 1.5654793977737427]","[0.6534556150436401, 0.6629137992858887, 0.7781187891960144, 0.7136381268501282]"
1632.0,2007-06-01T00:00:00.000000000,"[0.9054153561592102, 0.9934238195419312, 1.5654793977737427, 0.5313789248466492]","[0.6314105987548828, 0.6544111967086792, 0.6854997873306274, 0.5768247246742249]"
1632.0,2007-09-01T00:00:00.000000000,"[0.9934238195419312, 1.5654793977737427, 0.5313789248466492, 0.7073960304260254]","[0.759300708770752, 0.6517068147659302, 0.6072307229042053, 0.6629011631011963]"
1632.0,2007-12-01T00:00:00.000000000,"[1.5654793977737427, 0.5313789248466492, 0.7073960304260254, 1.103434681892395]","[0.8552311658859253, 0.7324851751327515, 0.8506449460983276, 0.8931434154510498]"
1632.0,2008-03-01T00:00:00.000000000,"[0.5313789248466492, 0.7073960304260254, 1.103434681892395, 1.6094835996627808]","[1.1028510332107544, 1.0494470596313477, 1.142479419708252, 1.1514151096343994]"
1632.0,2008-06-01T00:00:00.000000000,"[0.7073960304260254, 1.103434681892395, 1.6094835996627808, 1.3674603700637817]","[0.7204241752624512, 0.7265123724937439, 0.8687406778335571, 0.6323095560073853]"
1632.0,2008-09-01T00:00:00.000000000,"[1.103434681892395, 1.6094835996627808, 1.3674603700637817, 1.5654793977737427]","[0.7922975420951843, 0.7687928080558777, 0.5397170782089233, 0.6554194688796997]"
1632.0,2008-12-01T00:00:00.000000000,"[1.6094835996627808, 1.3674603700637817, 1.5654793977737427, 2.071528673171997]","[1.0158336162567139, 0.8631343841552734, 0.9893456697463989, 1.0691572427749634]"
1632.0,2009-03-01T00:00:00.000000000,"[1.3674603700637817, 1.5654793977737427, 2.071528673171997, 2.4895694255828857]","[1.0745553970336914, 1.0619815587997437, 1.1993173360824585, 1.253468632698059]"
1632.0,2009-06-01T00:00:00.000000000,"[1.5654793977737427, 2.071528673171997, 2.4895694255828857, 2.42356276512146]","[1.0840723514556885, 1.268652081489563, 1.3963489532470703, 1.1284229755401611]"
1632.0,2009-09-01T00:00:00.000000000,"[2.071528673171997, 2.4895694255828857, 2.42356276512146, 2.4895694255828857]","[1.3312699794769287, 1.4304107427597046, 1.0153347253799438, 1.0174806118011475]"
1632.0,2009-12-01T00:00:00.000000000,"[2.4895694255828857, 2.42356276512146, 2.4895694255828857, 2.665586471557617]","[1.7526006698608398, 1.3483071327209473, 1.3986976146697998, 1.5810205936431885]"
1632.0,2010-03-01T00:00:00.000000000,"[2.42356276512146, 2.4895694255828857, 2.665586471557617, 2.7095906734466553]","[1.7114458084106445, 1.4931700229644775, 1.5400311946868896, 1.525674819946289]"
1632.0,2010-06-01T00:00:00.000000000,"[2.4895694255828857, 2.665586471557617, 2.7095906734466553, 2.225543737411499]","[1.7759552001953125, 1.7709558010101318, 1.6787294149398804, 1.2775845527648926]"
1632.0,2010-09-01T00:00:00.000000000,"[2.665586471557617, 2.7095906734466553, 2.225543737411499, 2.2915501594543457]","[1.965899109840393, 1.8797523975372314, 1.37539803981781, 1.4675018787384033]"
1632.0,2010-12-01T00:00:00.000000000,"[2.7095906734466553, 2.225543737411499, 2.2915501594543457, 2.071528673171997]","[2.0415377616882324, 1.5984359979629517, 1.626413345336914, 1.8656890392303467]"
1632.0,2011-03-01T00:00:00.000000000,"[2.225543737411499, 2.2915501594543457, 2.071528673171997, 1.9175138473510742]","[1.8834508657455444, 1.8205947875976562, 1.8984804153442383, 1.9430887699127197]"
1632.0,2011-06-01T00:00:00.000000000,"[2.2915501594543457, 2.071528673171997, 1.9175138473510742, 1.5654793977737427]","[1.9630732536315918, 2.115064859390259, 2.0447075366973877, 1.7007498741149902]"
1632.0,2011-09-01T00:00:00.000000000,"[2.071528673171997, 1.9175138473510742, 1.5654793977737427, 1.6754902601242065]","[2.221008539199829, 2.2138431072235107, 1.6480906009674072, 1.7370796203613281]"
1632.0,2011-12-01T00:00:00.000000000,"[1.9175138473510742, 1.5654793977737427, 1.6754902601242065, 2.2915501594543457]","[2.204859972000122, 1.689529538154602, 1.779690146446228, 1.9675157070159912]"
1632.0,2012-03-01T00:00:00.000000000,"[1.5654793977737427, 1.6754902601242065, 2.2915501594543457, 2.4675674438476562]","[1.991990089416504, 1.9783434867858887, 2.035799264907837, 1.9704092741012573]"
1632.0,2012-06-01T00:00:00.000000000,"[1.6754902601242065, 2.2915501594543457, 2.4675674438476562, 2.4675674438476562]","[1.9562016725540161, 1.9085983037948608, 1.886054515838623, 1.6403199434280396]"
1632.0,2012-09-01T00:00:00.000000000,"[2.2915501594543457, 2.4675674438476562, 2.4675674438476562, 2.6875884532928467]","[2.1133570671081543, 2.077378749847412, 1.678216576576233, 1.7377455234527588]"
1632.0,2012-12-01T00:00:00.000000000,"[2.4675674438476562, 2.4675674438476562, 2.6875884532928467, 3.083627223968506]","[2.2862143516540527, 1.9547454118728638, 2.1771326065063477, 2.290087938308716]"
1632.0,2013-03-01T00:00:00.000000000,"[2.4675674438476562, 2.6875884532928467, 3.083627223968506, 3.1056292057037354]","[2.120917320251465, 2.173093557357788, 2.4900388717651367, 2.4002678394317627]"
1690.0,2006-06-01T00:00:00.000000000,"[0.003327556187286973, 0.08033503592014313, 0.9824227690696716, 0.5808836817741394]","[0.11401316523551941, 0.15149468183517456, 0.3395858108997345, 0.22848007082939148]"
1690.0,2006-09-01T00:00:00.000000000,"[0.08033503592014313, 0.9824227690696716, 0.5808836817741394, 0.31685808300971985]","[0.0673573911190033, 0.3017571270465851, 0.1146729588508606, -0.0016386210918426514]"
1690.0,2006-12-01T00:00:00.000000000,"[0.9824227690696716, 0.5808836817741394, 0.31685808300971985, 0.37736397981643677]","[0.2014445960521698, 0.1446218192577362, 0.027498245239257812, 0.08976444602012634]"
1690.0,2007-03-01T00:00:00.000000000,"[0.5808836817741394, 0.31685808300971985, 0.37736397981643677, 1.103434681892395]","[0.5352327823638916, 0.42284339666366577, 0.4585152864456177, 0.6409745812416077]"
1690.0,2007-06-01T00:00:00.000000000,"[0.31685808300971985, 0.37736397981643677, 1.103434681892395, 0.34436073899269104]","[0.3357175588607788, 0.3877151608467102, 0.6954845786094666, 0.5033701062202454]"
1690.0,2007-09-01T00:00:00.000000000,"[0.37736397981643677, 1.103434681892395, 0.34436073899269104, 0.08033503592014313]","[0.28255200386047363, 0.6574355959892273, 0.3935055136680603, 0.24464796483516693]"
1690.0,2007-12-01T00:00:00.000000000,"[1.103434681892395, 0.34436073899269104, 0.08033503592014313, 0.21784842014312744]","[0.46527478098869324, 0.3401530385017395, 0.254742830991745, 0.35939469933509827]"
1690.0,2008-03-01T00:00:00.000000000,"[0.34436073899269104, 0.08033503592014313, 0.21784842014312744, 1.147438883781433]","[0.7535598874092102, 0.5846877694129944, 0.6493015289306641, 0.8647832274436951]"
1690.0,2008-06-01T00:00:00.000000000,"[0.08033503592014313, 0.21784842014312744, 1.147438883781433, 0.4543713927268982]","[0.39941635727882385, 0.5073382258415222, 0.8683212995529175, 0.5953797101974487]"
1690.0,2008-09-01T00:00:00.000000000,"[0.21784842014312744, 1.147438883781433, 0.4543713927268982, 0.21784842014312744]","[0.307375431060791, 0.7477242350578308, 0.346484899520874, 0.13498708605766296]"
1690.0,2008-12-01T00:00:00.000000000,"[1.147438883781433, 0.4543713927268982, 0.21784842014312744, 0.4378698170185089]","[0.4649185538291931, 0.2417784184217453, 0.17624236643314362, 0.2505369186401367]"
1690.0,2009-03-01T00:00:00.000000000,"[0.4543713927268982, 0.21784842014312744, 0.4378698170185089, 1.4389673471450806]","[0.7578128576278687, 0.5339635610580444, 0.6785516142845154, 0.8923889398574829]"
1690.0,2009-06-01T00:00:00.000000000,"[0.21784842014312744, 0.4378698170185089, 1.4389673471450806, 0.800905168056488]","[0.42242807149887085, 0.5909569263458252, 1.015496015548706, 0.6494273543357849]"
1690.0,2009-09-01T00:00:00.000000000,"[0.4378698170185089, 1.4389673471450806, 0.800905168056488, 0.5863842368125916]","[0.3891296982765198, 1.003912329673767, 0.4445681869983673, 0.20100310444831848]"
1690.0,2009-12-01T00:00:00.000000000,"[1.4389673471450806, 0.800905168056488, 0.5863842368125916, 0.8999148011207581]","[0.59287428855896, 0.40127772092819214, 0.3386894166469574, 0.4291195571422577]"
1690.0,2010-03-01T00:00:00.000000000,"[0.800905168056488, 0.5863842368125916, 0.8999148011207581, 1.598482608795166]","[0.8965687155723572, 0.6223680973052979, 0.8165481090545654, 1.0938198566436768]"
1690.0,2010-06-01T00:00:00.000000000,"[0.5863842368125916, 0.8999148011207581, 1.598482608795166, 0.652390718460083]","[0.5532193779945374, 0.7944304943084717, 1.2926678657531738, 0.8344966173171997]"
1690.0,2010-09-01T00:00:00.000000000,"[0.8999148011207581, 1.598482608795166, 0.652390718460083, 0.4983757734298706]","[0.6114115715026855, 1.4332374334335327, 0.7604497671127319, 0.5166842937469482]"
1690.0,2010-12-01T00:00:00.000000000,"[1.598482608795166, 0.652390718460083, 0.4983757734298706, 0.96592116355896]","[0.9766162037849426, 0.8188833594322205, 0.7164981365203857, 0.875556468963623]"
1690.0,2011-03-01T00:00:00.000000000,"[0.652390718460083, 0.4983757734298706, 0.96592116355896, 2.0440258979797363]","[1.0247714519500732, 0.7352856993675232, 0.9573093056678772, 1.353668451309204]"
1690.0,2011-06-01T00:00:00.000000000,"[0.4983757734298706, 0.96592116355896, 2.0440258979797363, 0.7018954753875732]","[0.5851244926452637, 0.9133591651916504, 1.4598275423049927, 0.9191070795059204]"
1690.0,2011-09-01T00:00:00.000000000,"[0.96592116355896, 2.0440258979797363, 0.7018954753875732, 0.7183970808982849]","[0.676079511642456, 1.5254123210906982, 0.8046402931213379, 0.5447271466255188]"
1690.0,2011-12-01T00:00:00.000000000,"[2.0440258979797363, 0.7018954753875732, 0.7183970808982849, 0.9054153561592102]","[1.1166236400604248, 0.8711191415786743, 0.7731260061264038, 0.9274502992630005]"
1690.0,2012-03-01T00:00:00.000000000,"[0.7018954753875732, 0.7183970808982849, 0.9054153561592102, 2.9956183433532715]","[1.0539319515228271, 0.7554276585578918, 0.9983930587768555, 1.608476161956787]"
1690.0,2012-06-01T00:00:00.000000000,"[0.7183970808982849, 0.9054153561592102, 2.9956183433532715, 2.379558563232422]","[0.532921314239502, 0.8882684707641602, 1.6497232913970947, 0.9336181879043579]"
1690.0,2012-09-01T00:00:00.000000000,"[0.9054153561592102, 2.9956183433532715, 2.379558563232422, 2.1595370769500732]","[0.7439157962799072, 1.7342441082000732, 0.9077296853065491, 0.5906791687011719]"
1690.0,2012-12-01T00:00:00.000000000,"[2.9956183433532715, 2.379558563232422, 2.1595370769500732, 2.027524471282959]","[1.1723836660385132, 0.7134941816329956, 0.7045317888259888, 0.8775738477706909]"
1690.0,2013-03-01T00:00:00.000000000,"[2.379558563232422, 2.1595370769500732, 2.027524471282959, 3.919708251953125]","[1.4658617973327637, 1.0615346431732178, 1.3441420793533325, 2.116483211517334]"
1704.0,2006-06-01T00:00:00.000000000,"[-0.08468098938465118, -0.08468098938465118, -0.10668310523033142, -0.10668310523033142]","[-0.18542557954788208, -0.207016721367836, -0.20009993016719818, -0.20662112534046173]"
1704.0,2006-09-01T00:00:00.000000000,"[-0.08468098938465118, -0.10668310523033142, -0.10668310523033142, -0.06267886608839035]","[-0.10120967030525208, -0.1458299458026886, -0.1403442621231079, -0.08536599576473236]"
1704.0,2006-12-01T00:00:00.000000000,"[-0.10668310523033142, -0.10668310523033142, -0.06267886608839035, 0.025329740718007088]","[-0.09261827170848846, -0.12454830855131149, -0.07487818598747253, -0.07209146022796631]"
1704.0,2007-03-01T00:00:00.000000000,"[-0.10668310523033142, -0.06267886608839035, 0.025329740718007088, -0.06267886608839035]","[-0.11816111952066422, -0.12727326154708862, -0.09183405339717865, -0.12194107472896576]"
1704.0,2007-06-01T00:00:00.000000000,"[-0.06267886608839035, 0.025329740718007088, -0.06267886608839035, -0.12868529558181763]","[-0.0798681378364563, -0.09795436263084412, -0.059745803475379944, -0.0871172845363617]"
1704.0,2007-09-01T00:00:00.000000000,"[0.025329740718007088, -0.06267886608839035, -0.12868529558181763, 0.047331858426332474]","[-0.031295046210289, -0.07766541838645935, -0.0486578643321991, -0.028331369161605835]"
1704.0,2007-12-01T00:00:00.000000000,"[-0.06267886608839035, -0.12868529558181763, 0.047331858426332474, 0.3993660807609558]","[-0.028856828808784485, -0.06781783699989319, -0.003356456756591797, -0.017709404230117798]"
1704.0,2008-03-01T00:00:00.000000000,"[-0.12868529558181763, 0.047331858426332474, 0.3993660807609558, 0.7514004111289978]","[-0.059241488575935364, -0.08012200891971588, -0.03517219424247742, -0.07040171325206757]"
1704.0,2008-06-01T00:00:00.000000000,"[0.047331858426332474, 0.3993660807609558, 0.7514004111289978, 0.7734025120735168]","[-0.048281267285346985, -0.07628355920314789, -0.03439837694168091, -0.057046324014663696]"
1704.0,2008-09-01T00:00:00.000000000,"[0.3993660807609558, 0.7514004111289978, 0.7734025120735168, 1.0374282598495483]","[0.01849725842475891, -0.049472659826278687, -0.019666656851768494, 0.02419482171535492]"
1704.0,2008-12-01T00:00:00.000000000,"[0.7514004111289978, 0.7734025120735168, 1.0374282598495483, 1.1914430856704712]","[0.17016443610191345, 0.0523352324962616, 0.09558489918708801, 0.17469939589500427]"
1704.0,2009-03-01T00:00:00.000000000,"[0.7734025120735168, 1.0374282598495483, 1.1914430856704712, 1.3454581499099731]","[0.29226458072662354, 0.22574679553508759, 0.17874063551425934, 0.17921574413776398]"
1704.0,2009-06-01T00:00:00.000000000,"[1.0374282598495483, 1.1914430856704712, 1.3454581499099731, 1.6314857006072998]","[0.4209197461605072, 0.2741679549217224, 0.2605332136154175, 0.21120208501815796]"
1704.0,2009-09-01T00:00:00.000000000,"[1.1914430856704712, 1.3454581499099731, 1.6314857006072998, 1.9835201501846313]","[0.6191348433494568, 0.32991325855255127, 0.12715306878089905, 0.14707109332084656]"
1704.0,2009-12-01T00:00:00.000000000,"[1.3454581499099731, 1.6314857006072998, 1.9835201501846313, 1.9395159482955933]","[0.6675564050674438, 0.22640955448150635, 0.16817036271095276, 0.23755842447280884]"
1704.0,2010-03-01T00:00:00.000000000,"[1.6314857006072998, 1.9835201501846313, 1.9395159482955933, 1.4334666728973389]","[0.7841448187828064, 0.5467028021812439, 0.4255914092063904, 0.34975144267082214]"
1704.0,2010-06-01T00:00:00.000000000,"[1.9835201501846313, 1.9395159482955933, 1.4334666728973389, 1.0814324617385864]","[1.0225880146026611, 0.8373175859451294, 0.6214133501052856, 0.5177896618843079]"
1704.0,2010-09-01T00:00:00.000000000,"[1.9395159482955933, 1.4334666728973389, 1.0814324617385864, 0.8394088745117188]","[1.150463342666626, 0.7719674110412598, 0.5324428081512451, 0.5972702503204346]"
1704.0,2010-12-01T00:00:00.000000000,"[1.4334666728973389, 1.0814324617385864, 0.8394088745117188, 0.9274174571037292]","[1.0885138511657715, 0.7242130041122437, 0.6721231341362, 0.650873064994812]"
1704.0,2011-03-01T00:00:00.000000000,"[1.0814324617385864, 0.8394088745117188, 0.9274174571037292, 1.0594303607940674]","[1.0329750776290894, 1.0201022624969482, 0.8923125267028809, 0.770691990852356]"
1704.0,2011-06-01T00:00:00.000000000,"[0.8394088745117188, 0.9274174571037292, 1.0594303607940674, 1.455468773841858]","[1.1479941606521606, 1.094131588935852, 0.8210917711257935, 0.8139488697052002]"
1704.0,2011-09-01T00:00:00.000000000,"[0.9274174571037292, 1.0594303607940674, 1.455468773841858, 1.2574495077133179]","[1.0485751628875732, 0.7378420829772949, 0.6246275305747986, 0.7786427736282349]"
1704.0,2011-12-01T00:00:00.000000000,"[1.0594303607940674, 1.455468773841858, 1.2574495077133179, 1.6314857006072998]","[0.9666895866394043, 0.6722299456596375, 0.7763726711273193, 0.7785317897796631]"
1704.0,2012-03-01T00:00:00.000000000,"[1.455468773841858, 1.2574495077133179, 1.6314857006072998, 2.0495264530181885]","[1.054061770439148, 0.953993022441864, 0.9409788250923157, 0.8195714354515076]"
1704.0,2012-06-01T00:00:00.000000000,"[1.2574495077133179, 1.6314857006072998, 2.0495264530181885, 2.3575565814971924]","[1.3974484205245972, 1.3476941585540771, 1.0582772493362427, 1.1341835260391235]"
1704.0,2012-09-01T00:00:00.000000000,"[1.6314857006072998, 2.0495264530181885, 2.3575565814971924, 2.885607957839966]","[1.3813585042953491, 1.1277109384536743, 1.1323236227035522, 1.213681697845459]"
1704.0,2012-12-01T00:00:00.000000000,"[2.0495264530181885, 2.3575565814971924, 2.885607957839966, 3.479665517807007]","[1.4296982288360596, 1.4541507959365845, 1.5580898523330688, 1.5024198293685913]"
1704.0,2013-03-01T00:00:00.000000000,"[2.3575565814971924, 2.885607957839966, 3.479665517807007, 3.567674398422241]","[1.6147775650024414, 1.74346923828125, 1.8128492832183838, 1.7251899242401123]"
1878.0,2005-09-01T00:00:00.000000000,"[0.003327556187286973, 0.06933397799730301, -0.15068741142749786, -0.15068741142749786]","[0.2794993817806244, 0.25559771060943604, 0.32446154952049255, 0.2931089401245117]"
1878.0,2005-12-01T00:00:00.000000000,"[0.06933397799730301, -0.15068741142749786, -0.15068741142749786, -0.04067668318748474]","[0.23902098834514618, 0.18096216022968292, 0.21327711641788483, 0.2114676535129547]"
1878.0,2006-03-01T00:00:00.000000000,"[-0.15068741142749786, -0.15068741142749786, -0.04067668318748474, -0.28270024061203003]","[0.18174056708812714, 0.1472657173871994, 0.1977892816066742, 0.29594680666923523]"
1878.0,2006-06-01T00:00:00.000000000,"[-0.15068741142749786, -0.04067668318748474, -0.28270024061203003, -0.39271095395088196]","[0.0021860450506210327, 0.0045115649700164795, 0.08473710715770721, 0.11103588342666626]"
1878.0,2006-09-01T00:00:00.000000000,"[-0.04067668318748474, -0.28270024061203003, -0.39271095395088196, -0.23869597911834717]","[0.05404699593782425, 0.0459313839673996, 0.1305686980485916, 0.06714390963315964]"
1878.0,2007-09-01T00:00:00.000000000,"[-0.28270024061203003, -0.39271095395088196, -0.23869597911834717, -0.920762300491333]","[0.07466582208871841, 0.07771475613117218, 0.08569856733083725, 0.11510080099105835]"
1878.0,2007-12-01T00:00:00.000000000,"[-0.39271095395088196, -0.23869597911834717, -0.920762300491333, -0.5907301902770996]","[0.023703627288341522, 0.058273106813430786, 0.11785253137350082, 0.1647682636976242]"
1878.0,2008-03-01T00:00:00.000000000,"[-0.23869597911834717, -0.920762300491333, -0.5907301902770996, -1.096779465675354]","[-0.06288556754589081, 0.010266654193401337, 0.11470212042331696, 0.08996375650167465]"
1878.0,2008-06-01T00:00:00.000000000,"[-0.920762300491333, -0.5907301902770996, -1.096779465675354, -1.316800832748413]","[-0.013407491147518158, 0.041960567235946655, 0.08387753367424011, 0.07416678220033646]"
1878.0,2008-09-01T00:00:00.000000000,"[-0.5907301902770996, -1.096779465675354, -1.316800832748413, -1.0527751445770264]","[-0.04641250520944595, 0.02640477567911148, 0.09523764997720718, 0.001963295042514801]"
1878.0,2008-12-01T00:00:00.000000000,"[-1.096779465675354, -1.316800832748413, -1.0527751445770264, -0.942764401435852]","[-0.11175712943077087, -0.03933211416006088, -0.019295543432235718, -0.01573622226715088]"
1878.0,2009-03-01T00:00:00.000000000,"[-1.316800832748413, -1.0527751445770264, -0.942764401435852, -0.9647666215896606]","[-0.1892467886209488, -0.08199645578861237, 0.01700076460838318, -0.10603074729442596]"
1878.0,2009-06-01T00:00:00.000000000,"[-1.0527751445770264, -0.942764401435852, -0.9647666215896606, -0.898760199546814]","[-0.2186298966407776, -0.11751456558704376, -0.06875021010637283, -0.1661173701286316]"
1878.0,2009-09-01T00:00:00.000000000,"[-0.942764401435852, -0.9647666215896606, -0.898760199546814, -0.5687280893325806]","[-0.19948366284370422, -0.12573736906051636, -0.08954305946826935, -0.15778061747550964]"
1878.0,2009-12-01T00:00:00.000000000,"[-0.9647666215896606, -0.898760199546814, -0.5687280893325806, -0.28270024061203003]","[-0.11394436657428741, -0.10152071714401245, -0.09849325567483902, -0.07466146349906921]"
1878.0,2010-03-01T00:00:00.000000000,"[-0.898760199546814, -0.5687280893325806, -0.28270024061203003, -0.06267886608839035]","[-0.22916877269744873, -0.1764449179172516, -0.15761609375476837, -0.20133236050605774]"
1878.0,2010-06-01T00:00:00.000000000,"[-0.5687280893325806, -0.28270024061203003, -0.06267886608839035, 0.3113575577735901]","[-0.3142373561859131, -0.23856079578399658, -0.1971639096736908, -0.2578269839286804]"
1878.0,2010-09-01T00:00:00.000000000,"[-0.28270024061203003, -0.06267886608839035, 0.3113575577735901, 0.2893553674221039]","[-0.27782177925109863, -0.21727177500724792, -0.1910124272108078, -0.24697904288768768]"
1878.0,2010-12-01T00:00:00.000000000,"[-0.06267886608839035, 0.3113575577735901, 0.2893553674221039, 0.7293981313705444]","[-0.2541787326335907, -0.20903688669204712, -0.19547423720359802, -0.22055423259735107]"
1878.0,2011-03-01T00:00:00.000000000,"[0.3113575577735901, 0.2893553674221039, 0.7293981313705444, 1.0154259204864502]","[-0.21165016293525696, -0.16625329852104187, -0.1317550539970398, -0.18975597620010376]"
1878.0,2011-06-01T00:00:00.000000000,"[0.2893553674221039, 0.7293981313705444, 1.0154259204864502, 1.323456048965454]","[-0.05647686868906021, -0.06355228275060654, -0.02571621537208557, -0.03709423542022705]"
1878.0,2011-09-01T00:00:00.000000000,"[0.7293981313705444, 1.0154259204864502, 1.323456048965454, 1.1694409847259521]","[0.054689690470695496, 0.013296589255332947, 0.060838088393211365, 0.07130633294582367]"
1878.0,2011-12-01T00:00:00.000000000,"[1.0154259204864502, 1.323456048965454, 1.1694409847259521, 1.455468773841858]","[0.15182292461395264, 0.0822104960680008, 0.12798938155174255, 0.16641002893447876]"
1878.0,2012-03-01T00:00:00.000000000,"[1.323456048965454, 1.1694409847259521, 1.455468773841858, 1.5874814987182617]","[0.249367356300354, 0.17244070768356323, 0.2450014054775238, 0.25069496035575867]"
1878.0,2012-06-01T00:00:00.000000000,"[1.1694409847259521, 1.455468773841858, 1.5874814987182617, 1.8955113887786865]","[0.4142717719078064, 0.29358458518981934, 0.3710206151008606, 0.4154772162437439]"
1878.0,2012-09-01T00:00:00.000000000,"[1.455468773841858, 1.5874814987182617, 1.8955113887786865, 1.5654793977737427]","[0.4751780033111572, 0.3124464452266693, 0.3908034861087799, 0.4049510061740875]"
1878.0,2012-12-01T00:00:00.000000000,"[1.5874814987182617, 1.8955113887786865, 1.5654793977737427, 1.9615180492401123]","[0.5821040272712708, 0.315326452255249, 0.37194058299064636, 0.39361223578453064]"
1878.0,2013-03-01T00:00:00.000000000,"[1.8955113887786865, 1.5654793977737427, 1.9615180492401123, 2.2277438640594482]","[0.7383061051368713, 0.35225385427474976, 0.36524975299835205, 0.30824726819992065]"
1891.0,2006-06-01T00:00:00.000000000,"[0.6853939294815063, 0.6633917689323425, 0.8394088745117188, 1.5874814987182617]","[0.7948781251907349, 0.6786970496177673, 0.973432183265686, 1.3320149183273315]"
1891.0,2006-09-01T00:00:00.000000000,"[0.6633917689323425, 0.8394088745117188, 1.5874814987182617, 0.5093768239021301]","[0.4813152849674225, 0.9128625988960266, 1.4420075416564941, 0.7348093390464783]"
1891.0,2006-12-01T00:00:00.000000000,"[0.8394088745117188, 1.5874814987182617, 0.5093768239021301, 0.7954046130180359]","[0.8952597379684448, 1.6322057247161865, 0.7398396730422974, 0.7180688381195068]"
1891.0,2007-03-01T00:00:00.000000000,"[1.5874814987182617, 0.5093768239021301, 0.7954046130180359, 0.8834132552146912]","[1.0624675750732422, 0.7047327756881714, 0.6995487809181213, 0.8611675500869751]"
1891.0,2007-06-01T00:00:00.000000000,"[0.5093768239021301, 0.7954046130180359, 0.8834132552146912, 1.8735092878341675]","[0.7353482842445374, 0.6452612280845642, 0.9303836822509766, 1.312082290649414]"
1891.0,2007-09-01T00:00:00.000000000,"[0.7954046130180359, 0.8834132552146912, 1.8735092878341675, 0.8174067735671997]","[0.5124514102935791, 0.8363474607467651, 1.431985855102539, 0.7122808694839478]"
1891.0,2007-12-01T00:00:00.000000000,"[0.8834132552146912, 1.8735092878341675, 0.8174067735671997, 1.1914430856704712]","[0.966637134552002, 1.765464425086975, 0.8159316778182983, 0.8318922519683838]"
1891.0,2008-03-01T00:00:00.000000000,"[1.8735092878341675, 0.8174067735671997, 1.1914430856704712, 1.2134451866149902]","[1.1016170978546143, 0.7561311721801758, 0.7485328316688538, 0.9097352027893066]"
1891.0,2008-06-01T00:00:00.000000000,"[0.8174067735671997, 1.1914430856704712, 1.2134451866149902, 2.181539297103882]","[0.7853040099143982, 0.712262749671936, 0.9861380457878113, 1.3742733001708984]"
1891.0,2008-09-01T00:00:00.000000000,"[1.1914430856704712, 1.2134451866149902, 2.181539297103882, 0.7514004111289978]","[0.5701595544815063, 0.9205178022384644, 1.6010043621063232, 0.8435420393943787]"
1891.0,2008-12-01T00:00:00.000000000,"[1.2134451866149902, 2.181539297103882, 0.7514004111289978, 1.301453948020935]","[1.1394460201263428, 2.0580697059631348, 1.020721435546875, 1.047258734703064]"
1891.0,2009-03-01T00:00:00.000000000,"[2.181539297103882, 0.7514004111289978, 1.301453948020935, 1.477470874786377]","[1.2967941761016846, 0.917785108089447, 0.9179173111915588, 1.0850409269332886]"
1891.0,2009-06-01T00:00:00.000000000,"[0.7514004111289978, 1.301453948020935, 1.477470874786377, 2.6435842514038086]","[0.9958734512329102, 0.9661757349967957, 1.2055602073669434, 1.6208806037902832]"
1891.0,2009-09-01T00:00:00.000000000,"[1.301453948020935, 1.477470874786377, 2.6435842514038086, 1.323456048965454]","[0.6543533802032471, 0.9803337454795837, 1.742483377456665, 0.9137125611305237]"
1891.0,2009-12-01T00:00:00.000000000,"[1.477470874786377, 2.6435842514038086, 1.323456048965454, 1.9395159482955933]","[1.2978835105895996, 2.320211172103882, 1.1524991989135742, 1.1850351095199585]"
1891.0,2010-03-01T00:00:00.000000000,"[2.6435842514038086, 1.323456048965454, 1.9395159482955933, 2.2475459575653076]","[1.5207693576812744, 1.0943262577056885, 1.110856294631958, 1.3068007230758667]"
1891.0,2010-06-01T00:00:00.000000000,"[1.323456048965454, 1.9395159482955933, 2.2475459575653076, 3.1936378479003906]","[1.2361887693405151, 1.2198164463043213, 1.4922173023223877, 1.9459688663482666]"
1891.0,2010-09-01T00:00:00.000000000,"[1.9395159482955933, 2.2475459575653076, 3.1936378479003906, 1.8075029850006104]","[0.8736380338668823, 1.3211644887924194, 2.1395814418792725, 1.210254430770874]"
1891.0,2010-12-01T00:00:00.000000000,"[2.2475459575653076, 3.1936378479003906, 1.8075029850006104, 2.2475459575653076]","[1.7048530578613281, 2.8572030067443848, 1.5392231941223145, 1.607300043106079]"
1891.0,2011-03-01T00:00:00.000000000,"[3.1936378479003906, 1.8075029850006104, 2.2475459575653076, 2.6435842514038086]","[2.0716402530670166, 1.5733293294906616, 1.6263813972473145, 1.9196231365203857]"
1891.0,2011-06-01T00:00:00.000000000,"[1.8075029850006104, 2.2475459575653076, 2.6435842514038086, 3.523669719696045]","[1.6196173429489136, 1.6342428922653198, 1.9415957927703857, 2.427277088165283]"
1891.0,2011-09-01T00:00:00.000000000,"[2.2475459575653076, 2.6435842514038086, 3.523669719696045, 1.8075029850006104]","[1.2241464853286743, 1.7847012281417847, 2.6474976539611816, 1.6425913572311401]"
1891.0,2011-12-01T00:00:00.000000000,"[2.6435842514038086, 3.523669719696045, 1.8075029850006104, 2.4015607833862305]","[2.0808815956115723, 3.2576208114624023, 1.8444879055023193, 1.9346718788146973]"
1891.0,2012-03-01T00:00:00.000000000,"[3.523669719696045, 1.8075029850006104, 2.4015607833862305, 2.6435842514038086]","[2.533719062805176, 1.905940294265747, 1.9774045944213867, 2.3161349296569824]"
1891.0,2012-06-01T00:00:00.000000000,"[1.8075029850006104, 2.4015607833862305, 2.6435842514038086, 3.4576635360717773]","[1.9577758312225342, 1.9761435985565186, 2.308783531188965, 2.8597395420074463]"
1891.0,2012-09-01T00:00:00.000000000,"[2.4015607833862305, 2.6435842514038086, 3.4576635360717773, 1.9395159482955933]","[1.4658297300338745, 2.0602521896362305, 2.9569621086120605, 1.826282262802124]"
1891.0,2012-12-01T00:00:00.000000000,"[2.6435842514038086, 3.4576635360717773, 1.9395159482955933, 2.929612159729004]","[2.417294502258301, 3.678825616836548, 2.0991737842559814, 2.142197608947754]"
1891.0,2013-03-01T00:00:00.000000000,"[3.4576635360717773, 1.9395159482955933, 2.929612159729004, 2.929612159729004]","[2.7972092628479004, 2.0509841442108154, 2.1255595684051514, 2.439742088317871]"
2136.0,2006-06-01T00:00:00.000000000,"[1.301453948020935, 1.2574495077133179, 0.8614109754562378, 1.5434772968292236]","[0.9071531295776367, 0.8925618529319763, 0.7638856768608093, 0.7805705070495605]"
2136.0,2006-09-01T00:00:00.000000000,"[1.2574495077133179, 0.8614109754562378, 1.5434772968292236, 1.5874814987182617]","[0.9498002529144287, 0.7860040068626404, 0.7321064472198486, 0.8009631633758545]"
2136.0,2006-12-01T00:00:00.000000000,"[0.8614109754562378, 1.5434772968292236, 1.5874814987182617, 1.5874814987182617]","[0.8749638795852661, 0.8089411854743958, 0.7999154925346375, 0.7865272164344788]"
2136.0,2007-03-01T00:00:00.000000000,"[1.5434772968292236, 1.5874814987182617, 1.5874814987182617, 1.2574495077133179]","[0.7608464956283569, 0.7578072547912598, 0.7896919846534729, 0.6483412981033325]"
2136.0,2007-06-01T00:00:00.000000000,"[1.5874814987182617, 1.5874814987182617, 1.2574495077133179, 1.6314857006072998]","[1.1741136312484741, 1.1895792484283447, 0.9527454376220703, 0.9929506182670593]"
2136.0,2007-09-01T00:00:00.000000000,"[1.5874814987182617, 1.2574495077133179, 1.6314857006072998, 1.3674603700637817]","[1.225226640701294, 0.9700625538825989, 0.9437048435211182, 1.0084192752838135]"
2136.0,2007-12-01T00:00:00.000000000,"[1.2574495077133179, 1.6314857006072998, 1.3674603700637817, 1.5214751958847046]","[1.1337884664535522, 1.098581314086914, 1.0354182720184326, 0.9304233193397522]"
2136.0,2008-03-01T00:00:00.000000000,"[1.6314857006072998, 1.3674603700637817, 1.5214751958847046, 1.1914430856704712]","[1.107232689857483, 1.1473658084869385, 1.0527629852294922, 0.899558424949646]"
2136.0,2008-06-01T00:00:00.000000000,"[1.3674603700637817, 1.5214751958847046, 1.1914430856704712, 1.3894624710083008]","[1.4169305562973022, 1.3900706768035889, 1.1450822353363037, 1.2691377401351929]"
2136.0,2008-09-01T00:00:00.000000000,"[1.5214751958847046, 1.1914430856704712, 1.3894624710083008, 1.4114645719528198]","[1.2770652770996094, 1.0466474294662476, 1.1381067037582397, 1.2103517055511475]"
2136.0,2008-12-01T00:00:00.000000000,"[1.1914430856704712, 1.3894624710083008, 1.4114645719528198, 1.455468773841858]","[1.2605020999908447, 1.426109790802002, 1.3923890590667725, 1.2781434059143066]"
2136.0,2009-03-01T00:00:00.000000000,"[1.3894624710083008, 1.4114645719528198, 1.455468773841858, 1.1914430856704712]","[1.2329277992248535, 1.2633031606674194, 1.152607798576355, 1.0452805757522583]"
2136.0,2009-06-01T00:00:00.000000000,"[1.4114645719528198, 1.455468773841858, 1.1914430856704712, 1.8735092878341675]","[1.4394030570983887, 1.399140477180481, 1.1871206760406494, 1.2801017761230469]"
2136.0,2009-09-01T00:00:00.000000000,"[1.455468773841858, 1.1914430856704712, 1.8735092878341675, 1.9395159482955933]","[1.417123556137085, 1.2036648988723755, 1.3465373516082764, 1.3756811618804932]"
2136.0,2009-12-01T00:00:00.000000000,"[1.1914430856704712, 1.8735092878341675, 1.9395159482955933, 1.9835201501846313]","[1.3454160690307617, 1.5132637023925781, 1.5172648429870605, 1.385196566581726]"
2136.0,2010-03-01T00:00:00.000000000,"[1.8735092878341675, 1.9395159482955933, 1.9835201501846313, 1.7634987831115723]","[1.3537648916244507, 1.397762656211853, 1.2897648811340332, 1.1784228086471558]"
2136.0,2010-06-01T00:00:00.000000000,"[1.9395159482955933, 1.9835201501846313, 1.7634987831115723, 1.9395159482955933]","[1.6937665939331055, 1.6881076097488403, 1.5100665092468262, 1.6687620878219604]"
2136.0,2010-09-01T00:00:00.000000000,"[1.9835201501846313, 1.7634987831115723, 1.9395159482955933, 2.0055222511291504]","[1.7088346481323242, 1.5149580240249634, 1.812739372253418, 1.8192906379699707]"
2136.0,2010-12-01T00:00:00.000000000,"[1.7634987831115723, 1.9395159482955933, 2.0055222511291504, 2.0495264530181885]","[1.6393721103668213, 1.899873971939087, 1.9125359058380127, 1.7578157186508179]"
2136.0,2011-03-01T00:00:00.000000000,"[1.9395159482955933, 2.0055222511291504, 2.0495264530181885, 1.7855008840560913]","[1.707383155822754, 1.861284852027893, 1.7246079444885254, 1.6164021492004395]"
2136.0,2011-06-01T00:00:00.000000000,"[2.0055222511291504, 2.0495264530181885, 1.7855008840560913, 2.071528673171997]","[1.894620656967163, 1.8484580516815186, 1.7260798215866089, 1.883896827697754]"
2136.0,2011-09-01T00:00:00.000000000,"[2.0495264530181885, 1.7855008840560913, 2.071528673171997, 1.8955113887786865]","[1.8618741035461426, 1.686751365661621, 1.9826436042785645, 1.9647774696350098]"
2136.0,2011-12-01T00:00:00.000000000,"[1.7855008840560913, 2.071528673171997, 1.8955113887786865, 2.0495264530181885]","[1.7841920852661133, 2.0372743606567383, 2.0472428798675537, 1.8836426734924316]"
2136.0,2012-03-01T00:00:00.000000000,"[2.071528673171997, 1.8955113887786865, 2.0495264530181885, 1.9615180492401123]","[1.843249797821045, 2.021857976913452, 1.8018348217010498, 1.6549686193466187]"
2136.0,2012-06-01T00:00:00.000000000,"[1.8955113887786865, 2.0495264530181885, 1.9615180492401123, 2.181539297103882]","[1.9738507270812988, 1.9613103866577148, 1.83463454246521, 1.981124997138977]"
2136.0,2012-09-01T00:00:00.000000000,"[2.0495264530181885, 1.9615180492401123, 2.181539297103882, 2.313552141189575]","[1.852191686630249, 1.7359040975570679, 1.9972045421600342, 1.9335765838623047]"
2136.0,2012-12-01T00:00:00.000000000,"[1.9615180492401123, 2.181539297103882, 2.313552141189575, 2.4015607833862305]","[1.8104530572891235, 2.1264545917510986, 2.0599331855773926, 1.8806946277618408]"
2136.0,2013-03-01T00:00:00.000000000,"[2.181539297103882, 2.313552141189575, 2.4015607833862305, 2.181539297103882]","[2.0034849643707275, 2.149225950241089, 1.9830358028411865, 1.8702120780944824]"
2285.0,2006-06-01T00:00:00.000000000,"[4.227738380432129, 4.007717132568359, 4.381753444671631, 3.633680582046509]","[2.890850782394409, 2.460585355758667, 2.581245183944702, 2.7372288703918457]"
2285.0,2006-09-01T00:00:00.000000000,"[4.007717132568359, 4.381753444671631, 3.633680582046509, 2.8636057376861572]","[3.5681662559509277, 3.1221165657043457, 3.441737651824951, 3.520435333251953]"
2285.0,2006-12-01T00:00:00.000000000,"[4.381753444671631, 3.633680582046509, 2.8636057376861572, 4.8437981605529785]","[3.4826879501342773, 3.2010912895202637, 3.449599504470825, 3.4111764430999756]"
2285.0,2007-03-01T00:00:00.000000000,"[3.633680582046509, 2.8636057376861572, 4.8437981605529785, 2.819601535797119]","[4.094908714294434, 3.2862086296081543, 3.374056577682495, 4.296261787414551]"
2285.0,2007-06-01T00:00:00.000000000,"[2.8636057376861572, 4.8437981605529785, 2.819601535797119, 3.127631425857544]","[3.0654220581054688, 2.570897340774536, 2.9929542541503906, 2.665465831756592]"
2285.0,2007-09-01T00:00:00.000000000,"[4.8437981605529785, 2.819601535797119, 3.127631425857544, -1.6688350439071655]","[3.117495536804199, 2.8904290199279785, 3.0544168949127197, 3.126002311706543]"
2285.0,2007-12-01T00:00:00.000000000,"[2.819601535797119, 3.127631425857544, -1.6688350439071655, 7.022010326385498]","[3.7537693977355957, 3.4154725074768066, 3.726785659790039, 3.700573444366455]"
2285.0,2008-03-01T00:00:00.000000000,"[3.127631425857544, -1.6688350439071655, 7.022010326385498, 4.733787536621094]","[3.7905821800231934, 3.201286554336548, 3.224933624267578, 3.961958885192871]"
2285.0,2008-06-01T00:00:00.000000000,"[-1.6688350439071655, 7.022010326385498, 4.733787536621094, 3.721689224243164]","[3.5226426124572754, 3.0870418548583984, 3.2090978622436523, 3.4156653881073]"
2285.0,2008-09-01T00:00:00.000000000,"[7.022010326385498, 4.733787536621094, 3.721689224243164, 4.909804821014404]","[1.952358603477478, 1.6840749979019165, 1.5454355478286743, 1.7183687686920166]"
2285.0,2008-12-01T00:00:00.000000000,"[4.733787536621094, 3.721689224243164, 4.909804821014404, 5.283841133117676]","[4.527124404907227, 4.097527503967285, 4.156482696533203, 4.5413994789123535]"
2285.0,2009-03-01T00:00:00.000000000,"[3.721689224243164, 4.909804821014404, 5.283841133117676, 6.031913757324219]","[4.639436721801758, 3.888981342315674, 4.247338771820068, 4.84787654876709]"
2285.0,2009-06-01T00:00:00.000000000,"[4.909804821014404, 5.283841133117676, 6.031913757324219, 7.308038234710693]","[4.358547210693359, 5.174715518951416, 4.893392562866211, 4.515399932861328]"
2285.0,2009-09-01T00:00:00.000000000,"[5.283841133117676, 6.031913757324219, 7.308038234710693, 6.62597131729126]","[4.029653072357178, 3.4925241470336914, 3.7740073204040527, 4.431402683258057]"
2285.0,2009-12-01T00:00:00.000000000,"[6.031913757324219, 7.308038234710693, 6.62597131729126, 7.176024913787842]","[4.526490211486816, 4.179099082946777, 4.671137809753418, 4.383006572723389]"
2285.0,2010-03-01T00:00:00.000000000,"[7.308038234710693, 6.62597131729126, 7.176024913787842, 11.35643196105957]","[4.832870006561279, 4.234716415405273, 4.4729461669921875, 4.870800971984863]"
2285.0,2010-06-01T00:00:00.000000000,"[6.62597131729126, 7.176024913787842, 11.35643196105957, 6.2519354820251465]","[5.644763946533203, 4.938033103942871, 5.991742134094238, 5.896944046020508]"
2285.0,2010-09-01T00:00:00.000000000,"[7.176024913787842, 11.35643196105957, 6.2519354820251465, -13.505987167358398]","[4.8909759521484375, 4.953559875488281, 4.95325231552124, 4.802875518798828]"
2285.0,2010-12-01T00:00:00.000000000,"[11.35643196105957, 6.2519354820251465, -13.505987167358398, 2.4895694255828857]","[6.536447525024414, 5.591907978057861, 5.708215236663818, 6.981924057006836]"
2285.0,2011-03-01T00:00:00.000000000,"[6.2519354820251465, -13.505987167358398, 2.4895694255828857, -5.827239513397217]","[7.700655937194824, 7.445098400115967, 7.690047740936279, 7.314970016479492]"
2285.0,2011-06-01T00:00:00.000000000,"[-13.505987167358398, 2.4895694255828857, -5.827239513397217, -4.441104888916016]","[6.396056175231934, 7.194606781005859, 7.218465328216553, 6.022154808044434]"
2285.0,2011-09-01T00:00:00.000000000,"[2.4895694255828857, -5.827239513397217, -4.441104888916016, -11.239766120910645]","[-1.348484992980957, -1.3902506828308105, 0.4659156799316406, -0.9832549095153809]"
2285.0,2011-12-01T00:00:00.000000000,"[-5.827239513397217, -4.441104888916016, -11.239766120910645, -3.7590384483337402]","[-0.9147746562957764, 0.9289486408233643, 1.0183014869689941, 3.809408187866211]"
2285.0,2012-03-01T00:00:00.000000000,"[-4.441104888916016, -11.239766120910645, -3.7590384483337402, -9.919637680053711]","[1.739597201347351, 2.6141982078552246, 4.952722549438477, 3.15985107421875]"
2285.0,2012-06-01T00:00:00.000000000,"[-11.239766120910645, -3.7590384483337402, -9.919637680053711, -4.067068576812744]","[1.5920838117599487, 2.253174304962158, 2.467343330383301, 2.25787353515625]"
2285.0,2012-09-01T00:00:00.000000000,"[-3.7590384483337402, -9.919637680053711, -4.067068576812744, 0.17934469878673553]","[-0.01747894287109375, 0.5560696125030518, 2.0547914505004883, 0.05587148666381836]"
2285.0,2012-12-01T00:00:00.000000000,"[-9.919637680053711, -4.067068576812744, 0.17934469878673553, -2.020869493484497]","[1.7814750671386719, 1.833872675895691, 1.62693190574646, 3.5252761840820312]"
2285.0,2013-03-01T00:00:00.000000000,"[-4.067068576812744, 0.17934469878673553, -2.020869493484497, -17.620386123657227]","[0.25163018703460693, 1.250798225402832, 2.8805055618286133, 1.3537909984588623]"
2574.0,2006-06-01T00:00:00.000000000,"[-0.31196311116218567, -0.3267045319080353, -0.3414459824562073, -0.37070879340171814]","[-0.3729274868965149, -0.3751548230648041, -0.3847683370113373, -0.38873276114463806]"
2574.0,2006-09-01T00:00:00.000000000,"[-0.3267045319080353, -0.3414459824562073, -0.37070879340171814, -0.28996095061302185]","[-0.3400382399559021, -0.33231502771377563, -0.3459778428077698, -0.3344656825065613]"
2574.0,2006-12-01T00:00:00.000000000,"[-0.3414459824562073, -0.37070879340171814, -0.28996095061302185, -0.31944382190704346]","[-0.35283949971199036, -0.3488815426826477, -0.3071666955947876, -0.3318195343017578]"
2574.0,2007-03-01T00:00:00.000000000,"[-0.37070879340171814, -0.28996095061302185, -0.31944382190704346, -0.3487066924571991]","[-0.3642365336418152, -0.3089304566383362, -0.33909279108047485, -0.3625762462615967]"
2574.0,2007-06-01T00:00:00.000000000,"[-0.28996095061302185, -0.31944382190704346, -0.3487066924571991, -0.4294545352458954]","[-0.3500059247016907, -0.35518598556518555, -0.370347797870636, -0.3744553029537201]"
2574.0,2007-09-01T00:00:00.000000000,"[-0.31944382190704346, -0.3487066924571991, -0.4294545352458954, -0.35596737265586853]","[-0.31253671646118164, -0.3215178847312927, -0.33507320284843445, -0.31146448850631714]"
2574.0,2007-12-01T00:00:00.000000000,"[-0.3487066924571991, -0.4294545352458954, -0.35596737265586853, -0.3487066924571991]","[-0.33840373158454895, -0.33594468235969543, -0.28898343443870544, -0.31868621706962585]"
2574.0,2008-03-01T00:00:00.000000000,"[-0.4294545352458954, -0.35596737265586853, -0.3487066924571991, -0.3414459824562073]","[-0.3637702763080597, -0.30302688479423523, -0.33433887362480164, -0.3658093214035034]"
2574.0,2008-06-01T00:00:00.000000000,"[-0.35596737265586853, -0.3487066924571991, -0.3414459824562073, -0.3267045319080353]","[-0.37000352144241333, -0.394378662109375, -0.3917689025402069, -0.40628328919410706]"
2574.0,2008-09-01T00:00:00.000000000,"[-0.3487066924571991, -0.3414459824562073, -0.3267045319080353, -0.23143525421619415]","[-0.34619981050491333, -0.36988645792007446, -0.35984331369400024, -0.34207719564437866]"
2574.0,2008-12-01T00:00:00.000000000,"[-0.3414459824562073, -0.3267045319080353, -0.23143525421619415, -0.3267045319080353]","[-0.35805362462997437, -0.3650057911872864, -0.3075389266014099, -0.336046040058136]"
2574.0,2009-03-01T00:00:00.000000000,"[-0.3267045319080353, -0.23143525421619415, -0.3267045319080353, -0.23143525421619415]","[-0.36487817764282227, -0.3177875578403473, -0.3269776701927185, -0.36021533608436584]"
2574.0,2009-06-01T00:00:00.000000000,"[-0.23143525421619415, -0.3267045319080353, -0.23143525421619415, -0.12868529558181763]","[-0.33858150243759155, -0.342629998922348, -0.3398749828338623, -0.3481280207633972]"
2574.0,2009-09-01T00:00:00.000000000,"[-0.3267045319080353, -0.23143525421619415, -0.12868529558181763, 0.04007112979888916]","[-0.2943418622016907, -0.32717472314834595, -0.31726521253585815, -0.291666716337204]"
2574.0,2009-12-01T00:00:00.000000000,"[-0.23143525421619415, -0.12868529558181763, 0.04007112979888916, 0.06933397799730301]","[-0.33183878660202026, -0.33795881271362305, -0.29068484902381897, -0.32076311111450195]"
2574.0,2010-03-01T00:00:00.000000000,"[-0.12868529558181763, 0.04007112979888916, 0.06933397799730301, 0.04007112979888916]","[-0.29548606276512146, -0.23251956701278687, -0.2878674268722534, -0.30449140071868896]"
2574.0,2010-06-01T00:00:00.000000000,"[0.04007112979888916, 0.06933397799730301, 0.04007112979888916, 0.047331858426332474]","[-0.20505790412425995, -0.267363965511322, -0.26236870884895325, -0.2501765787601471]"
2574.0,2010-09-01T00:00:00.000000000,"[0.06933397799730301, 0.04007112979888916, 0.047331858426332474, 0.09133616089820862]","[-0.16570445895195007, -0.24270039796829224, -0.24356786906719208, -0.19668325781822205]"
2574.0,2010-12-01T00:00:00.000000000,"[0.04007112979888916, 0.047331858426332474, 0.09133616089820862, 0.09133616089820862]","[-0.1716531366109848, -0.23515424132347107, -0.19260632991790771, -0.24868513643741608]"
2574.0,2011-03-01T00:00:00.000000000,"[0.047331858426332474, 0.09133616089820862, 0.09133616089820862, 0.025329740718007088]","[-0.14867952466011047, -0.14107336103916168, -0.22387444972991943, -0.2681390345096588]"
2574.0,2011-06-01T00:00:00.000000000,"[0.09133616089820862, 0.09133616089820862, 0.025329740718007088, 0.03259040787816048]","[-0.0542772114276886, -0.12185369431972504, -0.2041558474302292, -0.19309329986572266]"
2574.0,2011-09-01T00:00:00.000000000,"[0.09133616089820862, 0.025329740718007088, 0.03259040787816048, -0.22395452857017517]","[-0.05813337862491608, -0.14481674134731293, -0.1805725395679474, -0.09943175315856934]"
2574.0,2011-12-01T00:00:00.000000000,"[0.025329740718007088, 0.03259040787816048, -0.22395452857017517, 0.003327556187286973]","[-0.061727553606033325, -0.08957669138908386, -0.06202109158039093, -0.0940738171339035]"
2574.0,2012-03-01T00:00:00.000000000,"[0.03259040787816048, -0.22395452857017517, 0.003327556187286973, 0.06207331269979477]","[-0.048464059829711914, 0.0051596760749816895, -0.07710771262645721, -0.11470799148082733]"
2574.0,2012-06-01T00:00:00.000000000,"[-0.22395452857017517, 0.003327556187286973, 0.06207331269979477, -0.018674563616514206]","[0.032127171754837036, -0.007187113165855408, -0.08627782762050629, -0.06162425875663757]"
2574.0,2012-09-01T00:00:00.000000000,"[0.003327556187286973, 0.06207331269979477, -0.018674563616514206, 0.15734252333641052]","[-0.1140434592962265, -0.16703157126903534, -0.1639220118522644, -0.09512940049171448]"
2574.0,2012-12-01T00:00:00.000000000,"[0.06207331269979477, -0.018674563616514206, 0.15734252333641052, 0.2453511357307434]","[-0.042037948966026306, -0.011500686407089233, 0.010038584470748901, -0.010864689946174622]"
2574.0,2013-03-01T00:00:00.000000000,"[-0.018674563616514206, 0.15734252333641052, 0.2453511357307434, 0.2233489453792572]","[0.006348058581352234, 0.04537308216094971, 0.026708602905273438, 0.007798835635185242]"
2817.0,2006-06-01T00:00:00.000000000,"[3.017620801925659, 3.083627223968506, 2.269547939300537, 3.083627223968506]","[3.216042995452881, 2.9377877712249756, 3.1514928340911865, 3.2543411254882812]"
2817.0,2006-09-01T00:00:00.000000000,"[3.083627223968506, 2.269547939300537, 3.083627223968506, 2.0935308933258057]","[2.757248640060425, 2.5863804817199707, 2.764378547668457, 3.1434507369995117]"
2817.0,2006-12-01T00:00:00.000000000,"[2.269547939300537, 3.083627223968506, 2.0935308933258057, 0.9494196176528931]","[2.890896797180176, 2.668273687362671, 3.05472993850708, 2.727354049682617]"
2817.0,2007-03-01T00:00:00.000000000,"[3.083627223968506, 2.0935308933258057, 0.9494196176528931, 0.9274174571037292]","[2.7473158836364746, 2.5524938106536865, 2.558932065963745, 2.51904034614563]"
2817.0,2007-06-01T00:00:00.000000000,"[2.0935308933258057, 0.9494196176528931, 0.9274174571037292, 0.7734025120735168]","[3.3279869556427, 3.082429885864258, 3.1903131008148193, 3.3573856353759766]"
2817.0,2007-09-01T00:00:00.000000000,"[0.9494196176528931, 0.9274174571037292, 0.7734025120735168, 1.6974923610687256]","[2.8189444541931152, 2.57171893119812, 2.5848100185394287, 2.7246384620666504]"
2817.0,2007-12-01T00:00:00.000000000,"[0.9274174571037292, 0.7734025120735168, 1.6974923610687256, 1.1694409847259521]","[2.2290661334991455, 2.0838794708251953, 2.283951997756958, 2.1523351669311523]"
2817.0,2008-03-01T00:00:00.000000000,"[0.7734025120735168, 1.6974923610687256, 1.1694409847259521, 1.125436782836914]","[1.987326979637146, 1.8279294967651367, 1.860578179359436, 1.843980073928833]"
2817.0,2008-06-01T00:00:00.000000000,"[1.6974923610687256, 1.1694409847259521, 1.125436782836914, 2.115532875061035]","[2.1519246101379395, 2.1517369747161865, 2.1305649280548096, 2.1298744678497314]"
2817.0,2008-09-01T00:00:00.000000000,"[1.1694409847259521, 1.125436782836914, 2.115532875061035, 2.577577829360962]","[1.979034662246704, 2.024768114089966, 2.04144024848938, 2.4771370887756348]"
2817.0,2008-12-01T00:00:00.000000000,"[1.125436782836914, 2.115532875061035, 2.577577829360962, 3.5896763801574707]","[1.91599440574646, 2.0203609466552734, 2.3681037425994873, 2.2248992919921875]"
2817.0,2009-03-01T00:00:00.000000000,"[2.115532875061035, 2.577577829360962, 3.5896763801574707, 4.051721572875977]","[2.1096291542053223, 2.140381336212158, 2.191077947616577, 2.12097430229187]"
2817.0,2009-06-01T00:00:00.000000000,"[2.577577829360962, 3.5896763801574707, 4.051721572875977, 5.503862380981445]","[2.7263078689575195, 2.568667411804199, 2.571868658065796, 2.7989284992218018]"
2817.0,2009-09-01T00:00:00.000000000,"[3.5896763801574707, 4.051721572875977, 5.503862380981445, 5.833894729614258]","[2.5594089031219482, 2.404247522354126, 2.5560033321380615, 3.052905321121216]"
2817.0,2009-12-01T00:00:00.000000000,"[4.051721572875977, 5.503862380981445, 5.833894729614258, 5.5918707847595215]","[2.8307430744171143, 2.7468016147613525, 3.4734609127044678, 3.218271255493164]"
2817.0,2010-03-01T00:00:00.000000000,"[5.503862380981445, 5.833894729614258, 5.5918707847595215, 4.909804821014404]","[3.1167569160461426, 3.143439769744873, 3.513369083404541, 3.2824196815490723]"
2817.0,2010-06-01T00:00:00.000000000,"[5.833894729614258, 5.5918707847595215, 4.909804821014404, 5.76788854598999]","[4.248485565185547, 3.9019055366516113, 3.9304251670837402, 4.243844032287598]"
2817.0,2010-09-01T00:00:00.000000000,"[5.5918707847595215, 4.909804821014404, 5.76788854598999, 5.525864601135254]","[4.266735553741455, 3.8288755416870117, 4.215338230133057, 4.523575305938721]"
2817.0,2010-12-01T00:00:00.000000000,"[4.909804821014404, 5.76788854598999, 5.525864601135254, 5.151828289031982]","[3.911942481994629, 3.8542897701263428, 4.190309047698975, 3.9101734161376953]"
2817.0,2011-03-01T00:00:00.000000000,"[5.76788854598999, 5.525864601135254, 5.151828289031982, 5.085822105407715]","[3.6783640384674072, 3.8609650135040283, 3.797199010848999, 3.9283699989318848]"
2817.0,2011-06-01T00:00:00.000000000,"[5.525864601135254, 5.151828289031982, 5.085822105407715, 2.819601535797119]","[4.0866851806640625, 3.800701856613159, 3.7637979984283447, 4.456995010375977]"
2817.0,2011-09-01T00:00:00.000000000,"[5.151828289031982, 5.085822105407715, 2.819601535797119, 1.5654793977737427]","[4.139135837554932, 3.7555994987487793, 4.276909351348877, 4.2488322257995605]"
2817.0,2011-12-01T00:00:00.000000000,"[5.085822105407715, 2.819601535797119, 1.5654793977737427, 2.2475459575653076]","[4.132424354553223, 4.1179704666137695, 3.9751267433166504, 3.6043927669525146]"
2817.0,2012-03-01T00:00:00.000000000,"[2.819601535797119, 1.5654793977737427, 2.2475459575653076, 3.963712453842163]","[4.386009693145752, 4.292954444885254, 3.917665719985962, 3.8411223888397217]"
2817.0,2012-06-01T00:00:00.000000000,"[1.5654793977737427, 2.2475459575653076, 3.963712453842163, 5.61387300491333]","[3.814530849456787, 3.3437252044677734, 3.171128511428833, 3.2133400440216064]"
2817.0,2012-09-01T00:00:00.000000000,"[2.2475459575653076, 3.963712453842163, 5.61387300491333, 5.019815444946289]","[3.137866973876953, 2.6386735439300537, 2.6421704292297363, 2.5831685066223145]"
2817.0,2012-12-01T00:00:00.000000000,"[3.963712453842163, 5.61387300491333, 5.019815444946289, 5.151828289031982]","[2.923114776611328, 2.6058461666107178, 2.7604165077209473, 2.4265506267547607]"
2817.0,2013-03-01T00:00:00.000000000,"[5.61387300491333, 5.019815444946289, 5.151828289031982, 5.217834949493408]","[3.8174526691436768, 3.539431095123291, 3.633404016494751, 3.549926280975342]"
2968.0,2006-06-01T00:00:00.000000000,"[2.5115716457366943, 2.2915501594543457, 1.9175138473510742, 2.4895694255828857]","[2.1519389152526855, 1.8170688152313232, 1.8725550174713135, 2.1235201358795166]"
2968.0,2006-09-01T00:00:00.000000000,"[2.2915501594543457, 1.9175138473510742, 2.4895694255828857, 2.6875884532928467]","[2.1382784843444824, 1.89620840549469, 2.152737617492676, 2.017258882522583]"
2968.0,2006-12-01T00:00:00.000000000,"[1.9175138473510742, 2.4895694255828857, 2.6875884532928467, 2.9956183433532715]","[2.0710697174072266, 2.005058526992798, 2.1458582878112793, 1.9629746675491333]"
2968.0,2007-03-01T00:00:00.000000000,"[2.4895694255828857, 2.6875884532928467, 2.9956183433532715, 2.2035415172576904]","[2.183241367340088, 1.9881250858306885, 2.0791239738464355, 2.1580886840820312]"
2968.0,2007-06-01T00:00:00.000000000,"[2.6875884532928467, 2.9956183433532715, 2.2035415172576904, 2.269547939300537]","[2.1591687202453613, 1.8407752513885498, 1.8677693605422974, 1.9084956645965576]"
2968.0,2007-09-01T00:00:00.000000000,"[2.9956183433532715, 2.2035415172576904, 2.269547939300537, 2.7095906734466553]","[2.142878532409668, 1.9312958717346191, 2.158536911010742, 1.8869807720184326]"
2968.0,2007-12-01T00:00:00.000000000,"[2.2035415172576904, 2.269547939300537, 2.7095906734466553, 2.775597333908081]","[2.49245548248291, 2.270833969116211, 2.428553342819214, 2.3718764781951904]"
2968.0,2008-03-01T00:00:00.000000000,"[2.269547939300537, 2.7095906734466553, 2.775597333908081, 2.775597333908081]","[2.49483060836792, 2.2161483764648438, 2.29327654838562, 2.3213236331939697]"
2968.0,2008-06-01T00:00:00.000000000,"[2.7095906734466553, 2.775597333908081, 2.775597333908081, 2.929612159729004]","[2.5137133598327637, 2.1487905979156494, 2.201594591140747, 2.350867748260498]"
2968.0,2008-09-01T00:00:00.000000000,"[2.775597333908081, 2.775597333908081, 2.929612159729004, 3.0616250038146973]","[2.666630268096924, 2.4410629272460938, 2.622321128845215, 2.639192819595337]"
2968.0,2008-12-01T00:00:00.000000000,"[2.775597333908081, 2.929612159729004, 3.0616250038146973, 3.171635627746582]","[2.490905284881592, 2.456052541732788, 2.6874923706054688, 2.496483325958252]"
2968.0,2009-03-01T00:00:00.000000000,"[2.929612159729004, 3.0616250038146973, 3.171635627746582, 3.171635627746582]","[2.5602376461029053, 2.616802215576172, 2.607346296310425, 2.4152143001556396]"
2968.0,2009-06-01T00:00:00.000000000,"[3.0616250038146973, 3.171635627746582, 3.171635627746582, 4.271742820739746]","[2.441567897796631, 2.34649395942688, 2.487934112548828, 2.4209609031677246]"
2968.0,2009-09-01T00:00:00.000000000,"[3.171635627746582, 3.171635627746582, 4.271742820739746, 4.337749004364014]","[2.559506416320801, 2.511699914932251, 2.7243053913116455, 2.4879629611968994]"
2968.0,2009-12-01T00:00:00.000000000,"[3.171635627746582, 4.271742820739746, 4.337749004364014, 4.447759628295898]","[2.6169376373291016, 2.5487570762634277, 2.713390350341797, 2.5703704357147217]"
2968.0,2010-03-01T00:00:00.000000000,"[4.271742820739746, 4.337749004364014, 4.447759628295898, 3.6556828022003174]","[2.810112953186035, 2.72668194770813, 2.9382503032684326, 2.7329931259155273]"
2968.0,2010-06-01T00:00:00.000000000,"[4.337749004364014, 4.447759628295898, 3.6556828022003174, 5.129826545715332]","[3.4269628524780273, 3.265995502471924, 3.3109235763549805, 3.3872931003570557]"
2968.0,2010-09-01T00:00:00.000000000,"[4.447759628295898, 3.6556828022003174, 5.129826545715332, 4.82179594039917]","[3.621548652648926, 3.2339181900024414, 3.590632438659668, 3.6561453342437744]"
2968.0,2010-12-01T00:00:00.000000000,"[3.6556828022003174, 5.129826545715332, 4.82179594039917, 5.1958327293396]","[3.5682473182678223, 3.773250102996826, 3.852083444595337, 3.477522850036621]"
2968.0,2011-03-01T00:00:00.000000000,"[5.129826545715332, 4.82179594039917, 5.1958327293396, 4.953808784484863]","[3.553067207336426, 3.677959442138672, 3.467895030975342, 3.2616658210754395]"
2968.0,2011-06-01T00:00:00.000000000,"[4.82179594039917, 5.1958327293396, 4.953808784484863, 1.0154259204864502]","[4.393136978149414, 4.22183895111084, 3.7756426334381104, 4.295364856719971]"
2968.0,2011-09-01T00:00:00.000000000,"[5.1958327293396, 4.953808784484863, 1.0154259204864502, 2.335554361343384]","[4.096436977386475, 3.6103594303131104, 4.191667079925537, 4.13831901550293]"
2968.0,2011-12-01T00:00:00.000000000,"[4.953808784484863, 1.0154259204864502, 2.335554361343384, 5.723884105682373]","[4.284773349761963, 4.673637390136719, 4.420746803283691, 4.0753173828125]"
2968.0,2012-03-01T00:00:00.000000000,"[1.0154259204864502, 2.335554361343384, 5.723884105682373, 7.638070106506348]","[4.622847080230713, 4.41133975982666, 4.126924514770508, 4.01825475692749]"
2968.0,2012-06-01T00:00:00.000000000,"[2.335554361343384, 5.723884105682373, 7.638070106506348, 9.398241996765137]","[3.3335118293762207, 3.140054941177368, 2.9863574504852295, 3.190892457962036]"
2968.0,2012-09-01T00:00:00.000000000,"[5.723884105682373, 7.638070106506348, 9.398241996765137, 7.616067886352539]","[3.389904737472534, 2.957143545150757, 3.4233415126800537, 3.6030640602111816]"
2968.0,2012-12-01T00:00:00.000000000,"[7.638070106506348, 9.398241996765137, 7.616067886352539, 7.528059482574463]","[4.350042819976807, 4.2061357498168945, 4.726568222045898, 5.133172035217285]"
2968.0,2013-03-01T00:00:00.000000000,"[9.398241996765137, 7.616067886352539, 7.528059482574463, 6.62597131729126]","[5.18472957611084, 5.08897066116333, 5.439327239990234, 5.082627773284912]"
2991.0,2006-06-01T00:00:00.000000000,"[5.855896949768066, 5.789890289306641, 3.369654893875122, 0.9714217185974121]","[5.720595359802246, 5.1977410316467285, 5.544363498687744, 5.731667518615723]"
2991.0,2006-09-01T00:00:00.000000000,"[5.789890289306641, 3.369654893875122, 0.9714217185974121, 1.4334666728973389]","[5.611902713775635, 5.217066764831543, 5.778504371643066, 6.543609619140625]"
2991.0,2006-12-01T00:00:00.000000000,"[3.369654893875122, 0.9714217185974121, 1.4334666728973389, 1.6974923610687256]","[5.274649143218994, 5.18555212020874, 6.191422462463379, 6.118243217468262]"
2991.0,2007-03-01T00:00:00.000000000,"[0.9714217185974121, 1.4334666728973389, 1.6974923610687256, -0.12868529558181763]","[4.872586727142334, 4.822335243225098, 5.767815589904785, 4.892653942108154]"
2991.0,2007-06-01T00:00:00.000000000,"[1.4334666728973389, 1.6974923610687256, -0.12868529558181763, -0.942764401435852]","[4.408520698547363, 3.9203052520751953, 3.768321990966797, 4.1092352867126465]"
2991.0,2007-09-01T00:00:00.000000000,"[1.6974923610687256, -0.12868529558181763, -0.942764401435852, 0.06933397799730301]","[4.0998992919921875, 3.989337682723999, 4.173111915588379, 5.374675750732422]"
2991.0,2007-12-01T00:00:00.000000000,"[-0.12868529558181763, -0.942764401435852, 0.06933397799730301, 0.37736397981643677]","[3.118142604827881, 3.5625691413879395, 4.621547222137451, 4.433570384979248]"
2991.0,2008-03-01T00:00:00.000000000,"[-0.942764401435852, 0.06933397799730301, 0.37736397981643677, -0.23869597911834717]","[3.282390594482422, 3.59735369682312, 4.4522600173950195, 3.6342554092407227]"
2991.0,2008-06-01T00:00:00.000000000,"[0.06933397799730301, 0.37736397981643677, -0.23869597911834717, 2.0055222511291504]","[3.5006728172302246, 3.8352479934692383, 3.961901903152466, 4.067823886871338]"
2991.0,2008-09-01T00:00:00.000000000,"[0.37736397981643677, -0.23869597911834717, 2.0055222511291504, 1.301453948020935]","[3.293135404586792, 3.5720643997192383, 3.93884015083313, 4.340981483459473]"
2991.0,2008-12-01T00:00:00.000000000,"[-0.23869597911834717, 2.0055222511291504, 1.301453948020935, 1.1694409847259521]","[2.7289505004882812, 3.2496304512023926, 3.8854281902313232, 3.871133327484131]"
2991.0,2009-03-01T00:00:00.000000000,"[2.0055222511291504, 1.301453948020935, 1.1694409847259521, 0.8834132552146912]","[2.8989248275756836, 3.460569381713867, 4.197938919067383, 3.419919967651367]"
2991.0,2009-06-01T00:00:00.000000000,"[1.301453948020935, 1.1694409847259521, 0.8834132552146912, 3.479665517807007]","[3.574434280395508, 3.78462815284729, 3.834480047225952, 3.7695531845092773]"
2991.0,2009-09-01T00:00:00.000000000,"[1.1694409847259521, 0.8834132552146912, 3.479665517807007, 3.21563982963562]","[4.002840995788574, 3.79495906829834, 3.60109281539917, 4.682116508483887]"
2991.0,2009-12-01T00:00:00.000000000,"[0.8834132552146912, 3.479665517807007, 3.21563982963562, 3.9417104721069336]","[2.785283088684082, 2.9174904823303223, 3.2271742820739746, 3.379477024078369]"
2991.0,2010-03-01T00:00:00.000000000,"[3.479665517807007, 3.21563982963562, 3.9417104721069336, 3.5896763801574707]","[2.4743876457214355, 2.926236629486084, 3.7107980251312256, 3.2537150382995605]"
2991.0,2010-06-01T00:00:00.000000000,"[3.21563982963562, 3.9417104721069336, 3.5896763801574707, 2.3575565814971924]","[3.087550163269043, 3.202495574951172, 3.28212308883667, 3.913179874420166]"
2991.0,2010-09-01T00:00:00.000000000,"[3.9417104721069336, 3.5896763801574707, 2.3575565814971924, 3.1936378479003906]","[3.1584126949310303, 3.376413106918335, 3.839221715927124, 3.926457643508911]"
2991.0,2010-12-01T00:00:00.000000000,"[3.5896763801574707, 2.3575565814971924, 3.1936378479003906, 2.7095906734466553]","[3.5714125633239746, 3.8372130393981934, 4.377418041229248, 3.8043768405914307]"
2991.0,2011-03-01T00:00:00.000000000,"[2.3575565814971924, 3.1936378479003906, 2.7095906734466553, 2.577577829360962]","[3.623401165008545, 3.799128770828247, 3.9303226470947266, 3.7459328174591064]"
2991.0,2011-06-01T00:00:00.000000000,"[3.1936378479003906, 2.7095906734466553, 2.577577829360962, 2.1375350952148438]","[3.7191126346588135, 3.8178296089172363, 3.9288835525512695, 3.8637423515319824]"
2991.0,2011-09-01T00:00:00.000000000,"[2.7095906734466553, 2.577577829360962, 2.1375350952148438, -4.1990814208984375]","[3.1956777572631836, 3.5568127632141113, 4.410958290100098, 3.675276517868042]"
2991.0,2011-12-01T00:00:00.000000000,"[2.577577829360962, 2.1375350952148438, -4.1990814208984375, -0.45871737599372864]","[3.1043574810028076, 3.2649905681610107, 3.9300060272216797, 3.1608591079711914]"
2991.0,2012-03-01T00:00:00.000000000,"[2.1375350952148438, -4.1990814208984375, -0.45871737599372864, -0.722743034362793]","[3.097538471221924, 3.320828437805176, 3.7002034187316895, 3.246220111846924]"
2991.0,2012-06-01T00:00:00.000000000,"[-4.1990814208984375, -0.45871737599372864, -0.722743034362793, 1.279451608657837]","[3.1119563579559326, 3.398974895477295, 3.8940834999084473, 3.3888680934906006]"
2991.0,2012-09-01T00:00:00.000000000,"[-0.45871737599372864, -0.722743034362793, 1.279451608657837, 3.0616250038146973]","[1.5858131647109985, 2.1549315452575684, 3.310011148452759, 2.8545329570770264]"
2991.0,2012-12-01T00:00:00.000000000,"[-0.722743034362793, 1.279451608657837, 3.0616250038146973, 5.811892509460449]","[1.4425102472305298, 1.9863710403442383, 2.5626015663146973, 2.4178295135498047]"
2991.0,2013-03-01T00:00:00.000000000,"[1.279451608657837, 3.0616250038146973, 5.811892509460449, 4.931806564331055]","[1.4892947673797607, 1.9989116191864014, 2.462911605834961, 2.2574944496154785]"
3062.0,2006-06-01T00:00:00.000000000,"[0.9714217185974121, 1.0154259204864502, 1.1914430856704712, 1.1694409847259521]","[0.70131516456604, 0.6026885509490967, 0.5595033764839172, 0.5614219903945923]"
3062.0,2006-09-01T00:00:00.000000000,"[1.0154259204864502, 1.1914430856704712, 1.1694409847259521, 1.1914430856704712]","[0.6778807044029236, 0.6036277413368225, 0.5878159999847412, 0.7101545333862305]"
3062.0,2006-12-01T00:00:00.000000000,"[1.1914430856704712, 1.1694409847259521, 1.1914430856704712, 1.3454581499099731]","[0.7176820635795593, 0.6343221068382263, 0.7288579344749451, 0.6889839768409729]"
3062.0,2007-03-01T00:00:00.000000000,"[1.1694409847259521, 1.1914430856704712, 1.3454581499099731, 1.5654793977737427]","[0.8238831758499146, 0.8515992164611816, 0.7566445469856262, 0.6977677345275879]"
3062.0,2007-06-01T00:00:00.000000000,"[1.1914430856704712, 1.3454581499099731, 1.5654793977737427, 1.6094835996627808]","[0.951546311378479, 0.7848210334777832, 0.6814231276512146, 0.6603885889053345]"
3062.0,2007-09-01T00:00:00.000000000,"[1.3454581499099731, 1.5654793977737427, 1.6094835996627808, 1.6754902601242065]","[0.9315351247787476, 0.7588183879852295, 0.6775563955307007, 0.7548351883888245]"
3062.0,2007-12-01T00:00:00.000000000,"[1.5654793977737427, 1.6094835996627808, 1.6754902601242065, 2.071528673171997]","[1.0544605255126953, 0.9012949466705322, 0.9309649467468262, 0.8847441673278809]"
3062.0,2008-03-01T00:00:00.000000000,"[1.6094835996627808, 1.6754902601242065, 2.071528673171997, 1.7855008840560913]","[1.1899245977401733, 1.1176429986953735, 0.9734832644462585, 0.9311127066612244]"
3062.0,2008-06-01T00:00:00.000000000,"[1.6754902601242065, 2.071528673171997, 1.7855008840560913, 1.7414965629577637]","[1.3109371662139893, 1.0743749141693115, 0.9625974893569946, 0.9250534772872925]"
3062.0,2008-09-01T00:00:00.000000000,"[2.071528673171997, 1.7855008840560913, 1.7414965629577637, 0.9494196176528931]","[1.3452482223510742, 1.1740963459014893, 1.0607929229736328, 1.0687364339828491]"
3062.0,2008-12-01T00:00:00.000000000,"[1.7855008840560913, 1.7414965629577637, 0.9494196176528931, 2.4895694255828857]","[1.5992013216018677, 1.3917639255523682, 1.3209903240203857, 1.3101141452789307]"
3062.0,2009-03-01T00:00:00.000000000,"[1.7414965629577637, 0.9494196176528931, 2.4895694255828857, 2.181539297103882]","[1.561626672744751, 1.4199820756912231, 1.386376142501831, 1.3567392826080322]"
3062.0,2009-06-01T00:00:00.000000000,"[0.9494196176528931, 2.4895694255828857, 2.181539297103882, 2.313552141189575]","[1.6636919975280762, 1.5922880172729492, 1.451866865158081, 1.484682321548462]"
3062.0,2009-09-01T00:00:00.000000000,"[2.4895694255828857, 2.181539297103882, 2.313552141189575, 3.1936378479003906]","[1.459031581878662, 1.2809947729110718, 1.2438671588897705, 1.2494137287139893]"
3062.0,2009-12-01T00:00:00.000000000,"[2.181539297103882, 2.313552141189575, 3.1936378479003906, 3.5456719398498535]","[2.1056954860687256, 2.101700782775879, 1.9107475280761719, 2.118797779083252]"
3062.0,2010-03-01T00:00:00.000000000,"[2.313552141189575, 3.1936378479003906, 3.5456719398498535, 3.171635627746582]","[1.922493815422058, 1.6909348964691162, 2.1020092964172363, 2.070936441421509]"
3062.0,2010-06-01T00:00:00.000000000,"[3.1936378479003906, 3.5456719398498535, 3.171635627746582, 3.3476529121398926]","[2.0274367332458496, 2.4529569149017334, 2.216371774673462, 2.0956125259399414]"
3062.0,2010-09-01T00:00:00.000000000,"[3.5456719398498535, 3.171635627746582, 3.3476529121398926, 3.8537018299102783]","[2.576554775238037, 2.3901267051696777, 2.244143486022949, 2.3720593452453613]"
3062.0,2010-12-01T00:00:00.000000000,"[3.171635627746582, 3.3476529121398926, 3.8537018299102783, 4.403755187988281]","[2.7761406898498535, 2.4775280952453613, 2.5438647270202637, 2.6452205181121826]"
3062.0,2011-03-01T00:00:00.000000000,"[3.3476529121398926, 3.8537018299102783, 4.403755187988281, 4.2937445640563965]","[2.633124828338623, 2.6269946098327637, 2.8067216873168945, 2.58964204788208]"
3062.0,2011-06-01T00:00:00.000000000,"[3.8537018299102783, 4.403755187988281, 4.2937445640563965, 4.051721572875977]","[2.8975532054901123, 3.0135674476623535, 2.8047876358032227, 2.7602803707122803]"
3062.0,2011-09-01T00:00:00.000000000,"[4.403755187988281, 4.2937445640563965, 4.051721572875977, 2.269547939300537]","[3.3348677158355713, 3.149017810821533, 2.9819765090942383, 3.138105869293213]"
3062.0,2011-12-01T00:00:00.000000000,"[4.2937445640563965, 4.051721572875977, 2.269547939300537, 5.415853977203369]","[3.5561835765838623, 3.3693671226501465, 3.3989579677581787, 3.514666795730591]"
3062.0,2012-03-01T00:00:00.000000000,"[4.051721572875977, 2.269547939300537, 5.415853977203369, 5.063819408416748]","[3.5123038291931152, 3.512946605682373, 3.575803756713867, 3.3744521141052246]"
3062.0,2012-06-01T00:00:00.000000000,"[2.269547939300537, 5.415853977203369, 5.063819408416748, 4.513765811920166]","[3.6185011863708496, 3.8445000648498535, 3.6186447143554688, 3.5784530639648438]"
3062.0,2012-09-01T00:00:00.000000000,"[5.415853977203369, 5.063819408416748, 4.513765811920166, 4.733787536621094]","[3.291801929473877, 3.2642908096313477, 3.131234645843506, 3.153662919998169]"
3062.0,2012-12-01T00:00:00.000000000,"[5.063819408416748, 4.513765811920166, 4.733787536621094, 6.1419243812561035]","[4.541893005371094, 4.5848565101623535, 4.33281135559082, 4.696179389953613]"
3062.0,2013-03-01T00:00:00.000000000,"[4.513765811920166, 4.733787536621094, 6.1419243812561035, 5.371849536895752]","[4.298328876495361, 4.033341884613037, 4.761393070220947, 4.621874809265137]"
3144.0,2006-06-01T00:00:00.000000000,"[0.7073960304260254, 0.4653724431991577, 0.26735323667526245, 0.35536178946495056]","[0.4388677477836609, 0.3522303104400635, 0.26491445302963257, 0.3179933428764343]"
3144.0,2006-09-01T00:00:00.000000000,"[0.4653724431991577, 0.26735323667526245, 0.35536178946495056, 0.6853939294815063]","[0.43114134669303894, 0.3211463689804077, 0.38916081190109253, 0.6202905774116516]"
3144.0,2006-12-01T00:00:00.000000000,"[0.26735323667526245, 0.35536178946495056, 0.6853939294815063, 0.42136821150779724]","[0.3172226846218109, 0.43639957904815674, 0.7271450757980347, 0.4804862141609192]"
3144.0,2007-03-01T00:00:00.000000000,"[0.35536178946495056, 0.6853939294815063, 0.42136821150779724, 0.13534040749073029]","[0.3367651104927063, 0.7386341094970703, 0.46304941177368164, 0.2850259244441986]"
3144.0,2007-06-01T00:00:00.000000000,"[0.6853939294815063, 0.42136821150779724, 0.13534040749073029, 0.2893553674221039]","[0.4784923493862152, 0.3900059163570404, 0.31264784932136536, 0.3737472593784332]"
3144.0,2007-09-01T00:00:00.000000000,"[0.42136821150779724, 0.13534040749073029, 0.2893553674221039, 0.6193875670433044]","[0.4129897952079773, 0.3242246210575104, 0.3857652544975281, 0.6187763810157776]"
3144.0,2007-12-01T00:00:00.000000000,"[0.13534040749073029, 0.2893553674221039, 0.6193875670433044, 0.37736397981643677]","[0.3066040873527527, 0.43290477991104126, 0.7239260673522949, 0.4678349494934082]"
3144.0,2008-03-01T00:00:00.000000000,"[0.2893553674221039, 0.6193875670433044, 0.37736397981643677, 0.11333828419446945]","[0.30203720927238464, 0.6560877561569214, 0.4249640107154846, 0.23375478386878967]"
3144.0,2008-06-01T00:00:00.000000000,"[0.6193875670433044, 0.37736397981643677, 0.11333828419446945, 0.2453511357307434]","[0.4628841280937195, 0.35392916202545166, 0.2804572582244873, 0.34587961435317993]"
3144.0,2008-09-01T00:00:00.000000000,"[0.37736397981643677, 0.11333828419446945, 0.2453511357307434, 0.5973852872848511]","[0.35085025429725647, 0.28864172101020813, 0.34568992257118225, 0.5914615988731384]"
3144.0,2008-12-01T00:00:00.000000000,"[0.11333828419446945, 0.2453511357307434, 0.5973852872848511, 0.3993660807609558]","[0.2581203877925873, 0.3779548406600952, 0.6830940246582031, 0.41943463683128357]"
3144.0,2009-03-01T00:00:00.000000000,"[0.2453511357307434, 0.5973852872848511, 0.3993660807609558, 0.15734252333641052]","[0.2931034564971924, 0.576045036315918, 0.3999268412590027, 0.22438167035579681]"
3144.0,2009-06-01T00:00:00.000000000,"[0.5973852872848511, 0.3993660807609558, 0.15734252333641052, 0.33335965871810913]","[0.44047701358795166, 0.33159133791923523, 0.2618476152420044, 0.3238164186477661]"
3144.0,2009-09-01T00:00:00.000000000,"[0.3993660807609558, 0.15734252333641052, 0.33335965871810913, 0.6413896679878235]","[0.3590135872364044, 0.3023945391178131, 0.3419193923473358, 0.5843674540519714]"
3144.0,2009-12-01T00:00:00.000000000,"[0.15734252333641052, 0.33335965871810913, 0.6413896679878235, 0.575383186340332]","[0.2809610962867737, 0.3863789439201355, 0.6935081481933594, 0.43982619047164917]"
3144.0,2010-03-01T00:00:00.000000000,"[0.33335965871810913, 0.6413896679878235, 0.575383186340332, 0.2453511357307434]","[0.3157428801059723, 0.604834794998169, 0.4329095780849457, 0.2599601149559021]"
3144.0,2010-06-01T00:00:00.000000000,"[0.6413896679878235, 0.575383186340332, 0.2453511357307434, 0.35536178946495056]","[0.459134042263031, 0.34796178340911865, 0.2859381437301636, 0.34955406188964844]"
3144.0,2010-09-01T00:00:00.000000000,"[0.575383186340332, 0.2453511357307434, 0.35536178946495056, 0.6853939294815063]","[0.3399224877357483, 0.29766756296157837, 0.35116520524024963, 0.5939923524856567]"
3144.0,2010-12-01T00:00:00.000000000,"[0.2453511357307434, 0.35536178946495056, 0.6853939294815063, 0.5313789248466492]","[0.28693801164627075, 0.40808767080307007, 0.6895519495010376, 0.446001261472702]"
3144.0,2011-03-01T00:00:00.000000000,"[0.35536178946495056, 0.6853939294815063, 0.5313789248466492, 0.26735323667526245]","[0.33449479937553406, 0.5825695991516113, 0.4415998160839081, 0.27640777826309204]"
3144.0,2011-06-01T00:00:00.000000000,"[0.6853939294815063, 0.5313789248466492, 0.26735323667526245, 0.42136821150779724]","[0.48877689242362976, 0.3875392973423004, 0.31323152780532837, 0.36265113949775696]"
3144.0,2011-09-01T00:00:00.000000000,"[0.5313789248466492, 0.26735323667526245, 0.42136821150779724, 0.2233489453792572]","[0.3739931881427765, 0.32806506752967834, 0.37436699867248535, 0.6248164176940918]"
3144.0,2011-12-01T00:00:00.000000000,"[0.26735323667526245, 0.42136821150779724, 0.2233489453792572, 0.5093768239021301]","[0.28872057795524597, 0.3798523247241974, 0.6520920991897583, 0.4492895305156708]"
3144.0,2012-03-01T00:00:00.000000000,"[0.42136821150779724, 0.2233489453792572, 0.5093768239021301, 0.33335965871810913]","[0.3490981161594391, 0.5409529209136963, 0.4302539527416229, 0.28392577171325684]"
3144.0,2012-06-01T00:00:00.000000000,"[0.2233489453792572, 0.5093768239021301, 0.33335965871810913, 0.5093768239021301]","[0.504292368888855, 0.39068371057510376, 0.33133184909820557, 0.3793727159500122]"
3144.0,2012-09-01T00:00:00.000000000,"[0.5093768239021301, 0.33335965871810913, 0.5093768239021301, 0.7954046130180359]","[0.32540225982666016, 0.2988840639591217, 0.34105345606803894, 0.5261344909667969]"
3144.0,2012-12-01T00:00:00.000000000,"[0.33335965871810913, 0.5093768239021301, 0.7954046130180359, 0.7293981313705444]","[0.28663334250450134, 0.34597793221473694, 0.5770116448402405, 0.4351577162742615]"
3144.0,2013-03-01T00:00:00.000000000,"[0.5093768239021301, 0.7954046130180359, 0.7293981313705444, 0.2893553674221039]","[0.34275156259536743, 0.4008394479751587, 0.3789879381656647, 0.2784339189529419]"
3226.0,2006-06-01T00:00:00.000000000,"[0.13534040749073029, 0.10233722627162933, 0.11333828419446945, 0.19034576416015625]","[-0.0047571659088134766, -0.03731915354728699, -0.044335901737213135, -0.012441098690032959]"
3226.0,2006-09-01T00:00:00.000000000,"[0.10233722627162933, 0.11333828419446945, 0.19034576416015625, 0.2343500703573227]","[0.031759172677993774, 0.029208481311798096, 0.042257487773895264, 0.05592077970504761]"
3226.0,2006-12-01T00:00:00.000000000,"[0.11333828419446945, 0.19034576416015625, 0.2343500703573227, 0.17934469878673553]","[0.01383933424949646, 0.05282402038574219, 0.07875344157218933, 0.05152440071105957]"
3226.0,2007-03-01T00:00:00.000000000,"[0.19034576416015625, 0.2343500703573227, 0.17934469878673553, 0.168343648314476]","[0.05683353543281555, 0.10372942686080933, 0.07319802045822144, 0.07501962780952454]"
3226.0,2007-06-01T00:00:00.000000000,"[0.2343500703573227, 0.17934469878673553, 0.168343648314476, 0.25635218620300293]","[0.13078463077545166, 0.13493415713310242, 0.11635392904281616, 0.1430971324443817]"
3226.0,2007-09-01T00:00:00.000000000,"[0.17934469878673553, 0.168343648314476, 0.25635218620300293, 0.2123478800058365]","[0.15890814363956451, 0.15171729028224945, 0.15533144772052765, 0.18544445931911469]"
3226.0,2007-12-01T00:00:00.000000000,"[0.168343648314476, 0.25635218620300293, 0.2123478800058365, 0.3113575577735901]","[0.1364385336637497, 0.17784152925014496, 0.19725237786769867, 0.17169444262981415]"
3226.0,2008-03-01T00:00:00.000000000,"[0.25635218620300293, 0.2123478800058365, 0.3113575577735901, 0.27835431694984436]","[0.1557699739933014, 0.22835266590118408, 0.16904428601264954, 0.17407479882240295]"
3226.0,2008-06-01T00:00:00.000000000,"[0.2123478800058365, 0.3113575577735901, 0.27835431694984436, 0.4653724431991577]","[0.22988484799861908, 0.24393104016780853, 0.22054354846477509, 0.24259452521800995]"
3226.0,2008-09-01T00:00:00.000000000,"[0.3113575577735901, 0.27835431694984436, 0.4653724431991577, 0.44337034225463867]","[0.20621328055858612, 0.22520215809345245, 0.22134901583194733, 0.23337091505527496]"
3226.0,2008-12-01T00:00:00.000000000,"[0.27835431694984436, 0.4653724431991577, 0.44337034225463867, 0.44337034225463867]","[0.24216972291469574, 0.3070406913757324, 0.2952977418899536, 0.27303892374038696]"
3226.0,2009-03-01T00:00:00.000000000,"[0.4653724431991577, 0.44337034225463867, 0.44337034225463867, 0.37736397981643677]","[0.23666618764400482, 0.30634254217147827, 0.2700852155685425, 0.260800838470459]"
3226.0,2009-06-01T00:00:00.000000000,"[0.44337034225463867, 0.44337034225463867, 0.37736397981643677, 0.6633917689323425]","[0.3561842143535614, 0.4004047214984894, 0.3525857925415039, 0.3679765462875366]"
3226.0,2009-09-01T00:00:00.000000000,"[0.44337034225463867, 0.37736397981643677, 0.6633917689323425, 0.7293981313705444]","[0.35131916403770447, 0.3447991609573364, 0.3750009834766388, 0.38616347312927246]"
3226.0,2009-12-01T00:00:00.000000000,"[0.37736397981643677, 0.6633917689323425, 0.7293981313705444, 0.7293981313705444]","[0.36322203278541565, 0.43391740322113037, 0.4331932067871094, 0.39699316024780273]"
3226.0,2010-03-01T00:00:00.000000000,"[0.6633917689323425, 0.7293981313705444, 0.7293981313705444, 0.7073960304260254]","[0.36016032099723816, 0.4166669547557831, 0.36718258261680603, 0.36989742517471313]"
3226.0,2010-06-01T00:00:00.000000000,"[0.7293981313705444, 0.7293981313705444, 0.7073960304260254, 0.9714217185974121]","[0.5366505980491638, 0.5307178497314453, 0.4910048544406891, 0.5387913584709167]"
3226.0,2010-09-01T00:00:00.000000000,"[0.7293981313705444, 0.7073960304260254, 0.9714217185974121, 1.0154259204864502]","[0.5549495220184326, 0.5194345712661743, 0.5809758901596069, 0.5939861536026001]"
3226.0,2010-12-01T00:00:00.000000000,"[0.7073960304260254, 0.9714217185974121, 1.0154259204864502, 1.0374282598495483]","[0.5710065364837646, 0.6348147988319397, 0.6422532796859741, 0.6039585471153259]"
3226.0,2011-03-01T00:00:00.000000000,"[0.9714217185974121, 1.0154259204864502, 1.0374282598495483, 1.0374282598495483]","[0.6145612001419067, 0.6573324203491211, 0.5916937589645386, 0.6199209094047546]"
3226.0,2011-06-01T00:00:00.000000000,"[1.0154259204864502, 1.0374282598495483, 1.0374282598495483, 0.8614109754562378]","[0.8014917373657227, 0.7482910752296448, 0.7311326861381531, 0.8067845702171326]"
3226.0,2011-09-01T00:00:00.000000000,"[1.0374282598495483, 1.0374282598495483, 0.8614109754562378, 0.8174067735671997]","[0.8003661632537842, 0.7684077024459839, 0.8558382987976074, 0.8606591820716858]"
3226.0,2011-12-01T00:00:00.000000000,"[1.0374282598495483, 0.8614109754562378, 0.8174067735671997, 0.7293981313705444]","[0.8308780789375305, 0.9003481268882751, 0.9005143642425537, 0.8386212587356567]"
3226.0,2012-03-01T00:00:00.000000000,"[0.8614109754562378, 0.8174067735671997, 0.7293981313705444, 0.5313789248466492]","[0.9181946516036987, 0.9688833951950073, 0.863871693611145, 0.8961644172668457]"
3226.0,2012-06-01T00:00:00.000000000,"[0.8174067735671997, 0.7293981313705444, 0.5313789248466492, 0.9714217185974121]","[0.9291025400161743, 0.8873113393783569, 0.8977837562561035, 0.9543113708496094]"
3226.0,2012-09-01T00:00:00.000000000,"[0.7293981313705444, 0.5313789248466492, 0.9714217185974121, 1.147438883781433]","[0.8777478337287903, 0.9473571181297302, 0.9471452832221985, 0.9329653382301331]"
3226.0,2012-12-01T00:00:00.000000000,"[0.5313789248466492, 0.9714217185974121, 1.147438883781433, 1.2134451866149902]","[0.8235044479370117, 0.8960179686546326, 0.8866109848022461, 0.8205101490020752]"
3226.0,2013-03-01T00:00:00.000000000,"[0.9714217185974121, 1.147438883781433, 1.2134451866149902, 0.9934238195419312]","[0.7603388428688049, 0.8266857862472534, 0.7342680096626282, 0.6770383715629578]"
3980.0,2006-06-01T00:00:00.000000000,"[2.115532875061035, 1.2574495077133179, 2.0935308933258057, 2.0055222511291504]","[1.5300049781799316, 1.2430343627929688, 1.4406514167785645, 1.5628236532211304]"
3980.0,2006-09-01T00:00:00.000000000,"[1.2574495077133179, 2.0935308933258057, 2.0055222511291504, 2.4895694255828857]","[1.3232682943344116, 1.5130059719085693, 1.4736050367355347, 1.6900558471679688]"
3980.0,2006-12-01T00:00:00.000000000,"[2.0935308933258057, 2.0055222511291504, 2.4895694255828857, 1.9395159482955933]","[1.1865912675857544, 1.3179559707641602, 1.6954033374786377, 1.3363255262374878]"
3980.0,2007-03-01T00:00:00.000000000,"[2.0055222511291504, 2.4895694255828857, 1.9395159482955933, 2.885607957839966]","[1.6872738599777222, 2.1317877769470215, 1.4377374649047852, 1.7392584085464478]"
3980.0,2007-06-01T00:00:00.000000000,"[2.4895694255828857, 1.9395159482955933, 2.885607957839966, 2.2915501594543457]","[1.8645154237747192, 1.508256196975708, 1.7868261337280273, 1.8960914611816406]"
3980.0,2007-09-01T00:00:00.000000000,"[1.9395159482955933, 2.885607957839966, 2.2915501594543457, 2.8636057376861572]","[1.6930127143859863, 1.9569497108459473, 1.8359401226043701, 2.071028709411621]"
3980.0,2007-12-01T00:00:00.000000000,"[2.885607957839966, 2.2915501594543457, 2.8636057376861572, 1.7194944620132446]","[1.7063310146331787, 1.7322936058044434, 2.087556838989258, 1.8027830123901367]"
3980.0,2008-03-01T00:00:00.000000000,"[2.2915501594543457, 2.8636057376861572, 1.7194944620132446, 2.7095906734466553]","[2.246903896331787, 2.6198086738586426, 1.8571778535842896, 2.2110586166381836]"
3980.0,2008-06-01T00:00:00.000000000,"[2.8636057376861572, 1.7194944620132446, 2.7095906734466553, 2.5995800495147705]","[2.2529478073120117, 1.8327875137329102, 2.2143313884735107, 2.27884840965271]"
3980.0,2008-09-01T00:00:00.000000000,"[1.7194944620132446, 2.7095906734466553, 2.5995800495147705, 2.775597333908081]","[2.1695504188537598, 2.5436973571777344, 2.322514057159424, 2.4939663410186768]"
3980.0,2008-12-01T00:00:00.000000000,"[2.7095906734466553, 2.5995800495147705, 2.775597333908081, 1.6534881591796875]","[1.9689552783966064, 1.790656566619873, 2.177905559539795, 1.869662880897522]"
3980.0,2009-03-01T00:00:00.000000000,"[2.5995800495147705, 2.775597333908081, 1.6534881591796875, 3.4576635360717773]","[2.6028802394866943, 3.128469944000244, 2.3355636596679688, 2.5567221641540527]"
3980.0,2009-06-01T00:00:00.000000000,"[2.775597333908081, 1.6534881591796875, 3.4576635360717773, 3.3476529121398926]","[2.6797962188720703, 2.1931564807891846, 2.511812686920166, 2.6352810859680176]"
3980.0,2009-09-01T00:00:00.000000000,"[1.6534881591796875, 3.4576635360717773, 3.3476529121398926, 3.4136593341827393]","[2.4770941734313965, 2.796341896057129, 2.6514344215393066, 2.7307376861572266]"
3980.0,2009-12-01T00:00:00.000000000,"[3.4576635360717773, 3.3476529121398926, 3.4136593341827393, 2.5555758476257324]","[2.0684332847595215, 2.100527286529541, 2.4057226181030273, 1.9334466457366943]"
3980.0,2010-03-01T00:00:00.000000000,"[3.3476529121398926, 3.4136593341827393, 2.5555758476257324, 3.3476529121398926]","[3.0079855918884277, 3.5355947017669678, 2.6973624229431152, 2.955801486968994]"
3980.0,2010-06-01T00:00:00.000000000,"[3.4136593341827393, 2.5555758476257324, 3.3476529121398926, 2.8416035175323486]","[3.0764408111572266, 2.6537375450134277, 3.2196037769317627, 3.233532428741455]"
3980.0,2010-09-01T00:00:00.000000000,"[2.5555758476257324, 3.3476529121398926, 2.8416035175323486, 2.269547939300537]","[2.833012342453003, 3.321296215057373, 3.159194231033325, 3.1344807147979736]"
3980.0,2010-12-01T00:00:00.000000000,"[3.3476529121398926, 2.8416035175323486, 2.269547939300537, 1.6534881591796875]","[2.62856125831604, 2.755289077758789, 3.0416359901428223, 2.5604331493377686]"
3980.0,2011-03-01T00:00:00.000000000,"[2.8416035175323486, 2.269547939300537, 1.6534881591796875, 2.665586471557617]","[3.161409378051758, 3.6185426712036133, 2.8454318046569824, 3.1728758811950684]"
3980.0,2011-06-01T00:00:00.000000000,"[2.269547939300537, 1.6534881591796875, 2.665586471557617, 0.6193875670433044]","[3.141366720199585, 2.8057568073272705, 3.3576529026031494, 3.270383834838867]"
3980.0,2011-09-01T00:00:00.000000000,"[1.6534881591796875, 2.665586471557617, 0.6193875670433044, -0.5247237682342529]","[2.4756457805633545, 2.9825849533081055, 2.807474136352539, 2.7660770416259766]"
3980.0,2011-12-01T00:00:00.000000000,"[2.665586471557617, 0.6193875670433044, -0.5247237682342529, -1.1407837867736816]","[2.3748254776000977, 2.284888982772827, 2.5772838592529297, 2.065013885498047]"
3980.0,2012-03-01T00:00:00.000000000,"[0.6193875670433044, -0.5247237682342529, -1.1407837867736816, 0.003327556187286973]","[2.6287951469421387, 2.757906436920166, 2.3787930011749268, 2.7002038955688477]"
3980.0,2012-06-01T00:00:00.000000000,"[-0.5247237682342529, -1.1407837867736816, 0.003327556187286973, 1.0374282598495483]","[2.3874683380126953, 2.2260591983795166, 2.7780232429504395, 2.440176010131836]"
3980.0,2012-09-01T00:00:00.000000000,"[-1.1407837867736816, 0.003327556187286973, 1.0374282598495483, 1.0594303607940674]","[0.9849812984466553, 1.4292168617248535, 1.7525347471237183, 1.945378065109253]"
3980.0,2012-12-01T00:00:00.000000000,"[0.003327556187286973, 1.0374282598495483, 1.0594303607940674, 0.11333828419446945]","[0.9417813420295715, 1.0731552839279175, 1.890122652053833, 1.2409875392913818]"
3980.0,2013-03-01T00:00:00.000000000,"[1.0374282598495483, 1.0594303607940674, 0.11333828419446945, 1.6314857006072998]","[1.3769515752792358, 1.4966893196105957, 1.4188988208770752, 1.8719455003738403]"
5568.0,2004-09-01T00:00:00.000000000,"[1.2134451866149902, 1.279451608657837, 1.477470874786377, 0.26735323667526245]","[0.9817302823066711, 1.2176053524017334, 1.2160043716430664, 1.0301082134246826]"
5568.0,2004-12-01T00:00:00.000000000,"[1.279451608657837, 1.477470874786377, 0.26735323667526245, 0.6633917689323425]","[1.1792855262756348, 1.301576852798462, 1.0715926885604858, 1.1018013954162598]"
5568.0,2005-03-01T00:00:00.000000000,"[1.477470874786377, 0.26735323667526245, 0.6633917689323425, 0.9054153561592102]","[1.2248866558074951, 1.0754063129425049, 1.1535391807556152, 1.2964433431625366]"
5568.0,2005-06-01T00:00:00.000000000,"[0.26735323667526245, 0.6633917689323425, 0.9054153561592102, 1.1694409847259521]","[1.2104066610336304, 1.2483851909637451, 1.3867647647857666, 1.3515022993087769]"
5568.0,2005-09-01T00:00:00.000000000,"[0.6633917689323425, 0.9054153561592102, 1.1694409847259521, 1.125436782836914]","[0.7563315629959106, 0.932624101638794, 1.0521125793457031, 0.7062857151031494]"
5568.0,2005-12-01T00:00:00.000000000,"[0.9054153561592102, 1.1694409847259521, 1.125436782836914, 1.301453948020935]","[1.0248559713363647, 1.0703576803207397, 0.822218656539917, 0.8598994016647339]"
5568.0,2006-03-01T00:00:00.000000000,"[1.1694409847259521, 1.125436782836914, 1.301453948020935, 1.147438883781433]","[0.9809234142303467, 0.8206622004508972, 0.8790009617805481, 1.074483871459961]"
5568.0,2006-06-01T00:00:00.000000000,"[1.125436782836914, 1.301453948020935, 1.147438883781433, 1.455468773841858]","[1.0264850854873657, 1.0126373767852783, 1.3275858163833618, 1.2312180995941162]"
5568.0,2006-09-01T00:00:00.000000000,"[1.301453948020935, 1.147438883781433, 1.455468773841858, 1.125436782836914]","[0.9878087639808655, 1.268643856048584, 1.3076313734054565, 1.0421063899993896]"
5568.0,2006-12-01T00:00:00.000000000,"[1.147438883781433, 1.455468773841858, 1.125436782836914, 1.279451608657837]","[1.282538890838623, 1.4211609363555908, 1.157606840133667, 1.2397067546844482]"
5568.0,2007-03-01T00:00:00.000000000,"[1.455468773841858, 1.125436782836914, 1.279451608657837, 1.2574495077133179]","[1.1598947048187256, 1.072189211845398, 1.1939914226531982, 1.277671217918396]"
5568.0,2007-06-01T00:00:00.000000000,"[1.125436782836914, 1.279451608657837, 1.2574495077133179, 1.499472975730896]","[1.0944793224334717, 1.2133328914642334, 1.3434886932373047, 1.3266505002975464]"
5568.0,2007-09-01T00:00:00.000000000,"[1.279451608657837, 1.2574495077133179, 1.499472975730896, 1.0154259204864502]","[1.0841437578201294, 1.340525507926941, 1.462099552154541, 1.1603190898895264]"
5568.0,2007-12-01T00:00:00.000000000,"[1.2574495077133179, 1.499472975730896, 1.0154259204864502, 1.147438883781433]","[1.2848644256591797, 1.5106736421585083, 1.1491456031799316, 1.2309598922729492]"
5568.0,2008-03-01T00:00:00.000000000,"[1.499472975730896, 1.0154259204864502, 1.147438883781433, 0.7514004111289978]","[1.1719493865966797, 1.061939001083374, 1.1363862752914429, 1.2884670495986938]"
5568.0,2008-06-01T00:00:00.000000000,"[1.0154259204864502, 1.147438883781433, 0.7514004111289978, 0.8174067735671997]","[1.1071648597717285, 1.2147657871246338, 1.3946900367736816, 1.3162355422973633]"
5568.0,2008-09-01T00:00:00.000000000,"[1.147438883781433, 0.7514004111289978, 0.8174067735671997, 0.8834132552146912]","[1.0745651721954346, 1.2950243949890137, 1.3979815244674683, 1.0867985486984253]"
5568.0,2008-12-01T00:00:00.000000000,"[0.7514004111289978, 0.8174067735671997, 0.8834132552146912, 0.575383186340332]","[1.2293124198913574, 1.3839423656463623, 1.0709093809127808, 1.1765251159667969]"
5568.0,2009-03-01T00:00:00.000000000,"[0.8174067735671997, 0.8834132552146912, 0.575383186340332, 1.0594303607940674]","[0.991400420665741, 0.88888019323349, 0.9049600958824158, 1.0437748432159424]"
5568.0,2009-06-01T00:00:00.000000000,"[0.8834132552146912, 0.575383186340332, 1.0594303607940674, 0.8394088745117188]","[0.8112635612487793, 0.8559420108795166, 1.0673733949661255, 1.0424888134002686]"
5568.0,2009-09-01T00:00:00.000000000,"[0.575383186340332, 1.0594303607940674, 0.8394088745117188, 1.0594303607940674]","[0.9630725979804993, 0.9309513568878174, 1.1507214307785034, 0.9053722620010376]"
5568.0,2009-12-01T00:00:00.000000000,"[1.0594303607940674, 0.8394088745117188, 1.0594303607940674, 0.8834132552146912]","[1.0436888933181763, 1.097886562347412, 0.9213043451309204, 1.0158244371414185]"
5568.0,2010-03-01T00:00:00.000000000,"[0.8394088745117188, 1.0594303607940674, 0.8834132552146912, 1.0154259204864502]","[1.0618034601211548, 0.9840354323387146, 1.0020816326141357, 1.1641128063201904]"
5568.0,2010-06-01T00:00:00.000000000,"[1.0594303607940674, 0.8834132552146912, 1.0154259204864502, 0.7293981313705444]","[0.8212782144546509, 0.8623214960098267, 1.0066719055175781, 1.1001224517822266]"
5568.0,2010-09-01T00:00:00.000000000,"[0.8834132552146912, 1.0154259204864502, 0.7293981313705444, 1.0374282598495483]","[0.9384766817092896, 0.966976523399353, 1.2493751049041748, 0.9855542778968811]"
5680.0,2006-06-01T00:00:00.000000000,"[1.4114645719528198, 2.6435842514038086, 1.7414965629577637, 1.499472975730896]","[0.788913369178772, 1.2638747692108154, 0.8009767532348633, 0.5592306852340698]"
5680.0,2006-09-01T00:00:00.000000000,"[2.6435842514038086, 1.7414965629577637, 1.499472975730896, 1.8515071868896484]","[1.1567944288253784, 0.8147665858268738, 0.7618278861045837, 0.9544541239738464]"
5680.0,2006-12-01T00:00:00.000000000,"[1.7414965629577637, 1.499472975730896, 1.8515071868896484, 3.0616250038146973]","[1.221781611442566, 0.9635274410247803, 1.115466833114624, 1.746995210647583]"
5680.0,2007-03-01T00:00:00.000000000,"[1.499472975730896, 1.8515071868896484, 3.0616250038146973, 2.2915501594543457]","[0.8995743989944458, 1.1441233158111572, 1.8430724143981934, 1.2383167743682861]"
5680.0,2007-06-01T00:00:00.000000000,"[1.8515071868896484, 3.0616250038146973, 2.2915501594543457, 1.8735092878341675]","[1.1936215162277222, 1.9289638996124268, 1.133368968963623, 0.9031223058700562]"
5680.0,2007-09-01T00:00:00.000000000,"[3.0616250038146973, 2.2915501594543457, 1.8735092878341675, 2.4675674438476562]","[1.6911356449127197, 1.2821146249771118, 1.1202102899551392, 1.3721911907196045]"
5680.0,2007-12-01T00:00:00.000000000,"[2.2915501594543457, 1.8735092878341675, 2.4675674438476562, 3.633680582046509]","[1.7357826232910156, 1.3279054164886475, 1.5320065021514893, 2.33451771736145]"
5680.0,2008-03-01T00:00:00.000000000,"[1.8735092878341675, 2.4675674438476562, 3.633680582046509, 2.819601535797119]","[1.3447208404541016, 1.7595243453979492, 2.6002769470214844, 1.8185679912567139]"
5680.0,2008-06-01T00:00:00.000000000,"[2.4675674438476562, 3.633680582046509, 2.819601535797119, 2.4675674438476562]","[1.6569085121154785, 2.6769673824310303, 1.6477879285812378, 1.3432376384735107]"
5680.0,2008-09-01T00:00:00.000000000,"[3.633680582046509, 2.819601535797119, 2.4675674438476562, 2.973616361618042]","[2.3767666816711426, 1.866889238357544, 1.684425950050354, 2.0327749252319336]"
5680.0,2008-12-01T00:00:00.000000000,"[2.819601535797119, 2.4675674438476562, 2.973616361618042, 4.2497406005859375]","[2.3554296493530273, 1.8209532499313354, 2.2048168182373047, 3.076051712036133]"
5680.0,2009-03-01T00:00:00.000000000,"[2.4675674438476562, 2.973616361618042, 4.2497406005859375, 3.4136593341827393]","[1.907771348953247, 2.438870668411255, 3.3429932594299316, 2.458087921142578]"
5680.0,2009-06-01T00:00:00.000000000,"[2.973616361618042, 4.2497406005859375, 3.4136593341827393, 3.017620801925659]","[2.3512911796569824, 3.477489948272705, 2.2515854835510254, 1.994054913520813]"
5680.0,2009-09-01T00:00:00.000000000,"[4.2497406005859375, 3.4136593341827393, 3.017620801925659, 3.875704050064087]","[3.0775582790374756, 2.5284719467163086, 2.355644702911377, 2.8018856048583984]"
5680.0,2009-12-01T00:00:00.000000000,"[3.4136593341827393, 3.017620801925659, 3.875704050064087, 6.00991153717041]","[3.0543456077575684, 2.4137825965881348, 3.0033817291259766, 3.7655584812164307]"
5680.0,2010-03-01T00:00:00.000000000,"[3.017620801925659, 3.875704050064087, 6.00991153717041, 4.82179594039917]","[2.504833936691284, 3.2011778354644775, 4.053955078125, 3.102616786956787]"
5680.0,2010-06-01T00:00:00.000000000,"[3.875704050064087, 6.00991153717041, 4.82179594039917, 4.2497406005859375]","[2.9667534828186035, 4.237802028656006, 2.9224472045898438, 2.647880792617798]"
5680.0,2010-09-01T00:00:00.000000000,"[6.00991153717041, 4.82179594039917, 4.2497406005859375, 4.2937445640563965]","[3.877976894378662, 3.394113540649414, 3.2041263580322266, 3.741027355194092]"
5680.0,2010-12-01T00:00:00.000000000,"[4.82179594039917, 4.2497406005859375, 4.2937445640563965, 6.273937702178955]","[4.102228164672852, 3.3339333534240723, 4.0793776512146, 4.927224159240723]"
5680.0,2011-03-01T00:00:00.000000000,"[4.2497406005859375, 4.2937445640563965, 6.273937702178955, 4.865800380706787]","[3.4188737869262695, 4.12972354888916, 5.2279887199401855, 4.141735076904297]"
5680.0,2011-06-01T00:00:00.000000000,"[4.2937445640563965, 6.273937702178955, 4.865800380706787, 4.315746784210205]","[3.9176511764526367, 5.376760005950928, 3.9630517959594727, 3.6978330612182617]"
5680.0,2011-09-01T00:00:00.000000000,"[6.273937702178955, 4.865800380706787, 4.315746784210205, 3.875704050064087]","[4.756599426269531, 4.067331314086914, 3.9267067909240723, 4.522380828857422]"
5680.0,2011-12-01T00:00:00.000000000,"[4.865800380706787, 4.315746784210205, 3.875704050064087, 8.144119262695312]","[4.85433292388916, 4.150302410125732, 4.736746788024902, 5.724186897277832]"
5680.0,2012-03-01T00:00:00.000000000,"[4.315746784210205, 3.875704050064087, 8.144119262695312, 6.295939922332764]","[4.002459526062012, 4.712777137756348, 5.933017253875732, 4.777575492858887]"
5680.0,2012-06-01T00:00:00.000000000,"[3.875704050064087, 8.144119262695312, 6.295939922332764, 5.129826545715332]","[4.463945388793945, 6.154621601104736, 4.42985200881958, 4.029641151428223]"
5680.0,2012-09-01T00:00:00.000000000,"[8.144119262695312, 6.295939922332764, 5.129826545715332, 7.792084693908691]","[4.940380096435547, 4.145211219787598, 3.903165340423584, 4.338443279266357]"
5680.0,2012-12-01T00:00:00.000000000,"[6.295939922332764, 5.129826545715332, 7.792084693908691, 9.266228675842285]","[5.876415252685547, 5.163690567016602, 5.695765495300293, 6.860259056091309]"
5680.0,2013-03-01T00:00:00.000000000,"[5.129826545715332, 7.792084693908691, 9.266228675842285, 7.924098014831543]","[4.8413987159729, 5.475069046020508, 7.198738098144531, 5.811182975769043]"
6008.0,2006-06-01T00:00:00.000000000,"[0.5093768239021301, 0.7514004111289978, 0.9274174571037292, 0.20134682953357697]","[0.3051774799823761, 0.37338918447494507, 0.4553738236427307, 0.3007710874080658]"
6008.0,2006-09-01T00:00:00.000000000,"[0.7514004111289978, 0.9274174571037292, 0.20134682953357697, 0.5093768239021301]","[0.4754791855812073, 0.4073512554168701, 0.335024893283844, 0.3714252710342407]"
6008.0,2006-12-01T00:00:00.000000000,"[0.9274174571037292, 0.20134682953357697, 0.5093768239021301, 0.7073960304260254]","[0.6013565063476562, 0.42044365406036377, 0.4397827386856079, 0.5631641745567322]"
6008.0,2007-03-01T00:00:00.000000000,"[0.20134682953357697, 0.5093768239021301, 0.7073960304260254, 0.9274174571037292]","[0.6121443510055542, 0.5852211713790894, 0.899776041507721, 0.7534356117248535]"
6008.0,2007-06-01T00:00:00.000000000,"[0.5093768239021301, 0.7073960304260254, 0.9274174571037292, 0.4873746931552887]","[0.3613932132720947, 0.5501724481582642, 0.5941877365112305, 0.35007768869400024]"
6008.0,2007-09-01T00:00:00.000000000,"[0.7073960304260254, 0.9274174571037292, 0.4873746931552887, 0.5973852872848511]","[0.5591503977775574, 0.42877423763275146, 0.4299274981021881, 0.48898541927337646]"
6008.0,2007-12-01T00:00:00.000000000,"[0.9274174571037292, 0.4873746931552887, 0.5973852872848511, 1.0594303607940674]","[0.6180891394615173, 0.47431161999702454, 0.49180203676223755, 0.6069867014884949]"
6008.0,2008-03-01T00:00:00.000000000,"[0.4873746931552887, 0.5973852872848511, 1.0594303607940674, 1.0374282598495483]","[0.6247835159301758, 0.5881913900375366, 0.9421374797821045, 0.7631270885467529]"
6008.0,2008-06-01T00:00:00.000000000,"[0.5973852872848511, 1.0594303607940674, 1.0374282598495483, 0.7514004111289978]","[0.464005708694458, 0.6534790992736816, 0.7308986186981201, 0.4531490206718445]"
6008.0,2008-09-01T00:00:00.000000000,"[1.0594303607940674, 1.0374282598495483, 0.7514004111289978, 0.8834132552146912]","[0.6331881284713745, 0.5154592990875244, 0.5390604734420776, 0.6199694871902466]"
6008.0,2008-12-01T00:00:00.000000000,"[1.0374282598495483, 0.7514004111289978, 0.8834132552146912, 1.5214751958847046]","[0.7607172727584839, 0.6264175176620483, 0.6599777340888977, 0.7828495502471924]"
6008.0,2009-03-01T00:00:00.000000000,"[0.7514004111289978, 0.8834132552146912, 1.5214751958847046, 1.6754902601242065]","[0.7540664672851562, 0.7071110010147095, 1.0256681442260742, 0.8249561786651611]"
6008.0,2009-06-01T00:00:00.000000000,"[0.8834132552146912, 1.5214751958847046, 1.6754902601242065, 1.2134451866149902]","[0.6734403371810913, 0.909599781036377, 0.7497615218162537, 0.5456467866897583]"
6008.0,2009-09-01T00:00:00.000000000,"[1.5214751958847046, 1.6754902601242065, 1.2134451866149902, 1.5874814987182617]","[0.7783796191215515, 0.6842519044876099, 0.7341033220291138, 0.784288763999939]"
6008.0,2009-12-01T00:00:00.000000000,"[1.6754902601242065, 1.2134451866149902, 1.5874814987182617, 2.379558563232422]","[1.0066779851913452, 0.8421815633773804, 0.9045721292495728, 1.0174672603607178]"
6008.0,2010-03-01T00:00:00.000000000,"[1.2134451866149902, 1.5874814987182617, 2.379558563232422, 2.115532875061035]","[1.1085162162780762, 0.9724334478378296, 1.247328519821167, 1.1856467723846436]"
6008.0,2010-06-01T00:00:00.000000000,"[1.5874814987182617, 2.379558563232422, 2.115532875061035, 1.2574495077133179]","[0.9196276664733887, 1.2154022455215454, 1.2341675758361816, 0.9549970626831055]"
6008.0,2010-09-01T00:00:00.000000000,"[2.379558563232422, 2.115532875061035, 1.2574495077133179, 1.6314857006072998]","[1.3288474082946777, 1.411405086517334, 1.011383295059204, 1.1410495042800903]"
6008.0,2010-12-01T00:00:00.000000000,"[2.115532875061035, 1.2574495077133179, 1.6314857006072998, 2.42356276512146]","[1.5766496658325195, 1.102186679840088, 1.1267261505126953, 1.4113006591796875]"
6008.0,2011-03-01T00:00:00.000000000,"[1.2574495077133179, 1.6314857006072998, 2.42356276512146, 2.6435842514038086]","[1.2774869203567505, 1.1830466985702515, 1.4217276573181152, 1.2667161226272583]"
6008.0,2011-06-01T00:00:00.000000000,"[1.6314857006072998, 2.42356276512146, 2.6435842514038086, 2.4895694255828857]","[1.1407042741775513, 1.4338328838348389, 1.2830631732940674, 0.8689163327217102]"
6008.0,2011-09-01T00:00:00.000000000,"[2.42356276512146, 2.6435842514038086, 2.4895694255828857, 2.0055222511291504]","[1.6113121509552002, 1.6892355680465698, 1.2706027030944824, 1.370124101638794]"
6008.0,2011-12-01T00:00:00.000000000,"[2.6435842514038086, 2.4895694255828857, 2.0055222511291504, 1.7414965629577637]","[1.8938921689987183, 1.4373862743377686, 1.452996015548706, 1.910299301147461]"
6008.0,2012-03-01T00:00:00.000000000,"[2.4895694255828857, 2.0055222511291504, 1.7414965629577637, 2.6435842514038086]","[1.704482078552246, 1.6518819332122803, 1.9900352954864502, 1.8026176691055298]"
6008.0,2012-06-01T00:00:00.000000000,"[2.0055222511291504, 1.7414965629577637, 2.6435842514038086, 2.3575565814971924]","[1.8391410112380981, 2.290616035461426, 1.9918339252471924, 1.5947613716125488]"
6008.0,2012-09-01T00:00:00.000000000,"[1.7414965629577637, 2.6435842514038086, 2.3575565814971924, 2.115532875061035]","[2.0773415565490723, 2.0572385787963867, 1.6120901107788086, 1.7215940952301025]"
6008.0,2012-12-01T00:00:00.000000000,"[2.6435842514038086, 2.3575565814971924, 2.115532875061035, 3.0616250038146973]","[2.0709214210510254, 1.573287010192871, 1.6505720615386963, 2.094660758972168]"
6008.0,2013-03-01T00:00:00.000000000,"[2.3575565814971924, 2.115532875061035, 3.0616250038146973, 1.6974923610687256]","[2.1405458450317383, 2.209113121032715, 2.560281753540039, 2.4109654426574707]"
6066.0,2006-06-01T00:00:00.000000000,"[8.804183959960938, 7.3960466384887695, 12.082502365112305, 5.7018818855285645]","[5.530432224273682, 7.149003028869629, 10.407137870788574, 6.6251325607299805]"
6066.0,2006-09-01T00:00:00.000000000,"[7.3960466384887695, 12.082502365112305, 5.7018818855285645, 7.748080730438232]","[8.87631607055664, 13.516759872436523, 8.231637954711914, 8.42763900756836]"
6066.0,2006-12-01T00:00:00.000000000,"[12.082502365112305, 5.7018818855285645, 7.748080730438232, 6.647973537445068]","[9.439455032348633, 7.240294456481934, 7.549939155578613, 8.342741012573242]"
6066.0,2007-03-01T00:00:00.000000000,"[5.7018818855285645, 7.748080730438232, 6.647973537445068, 9.948295593261719]","[8.303081512451172, 8.457417488098145, 9.149859428405762, 10.86296558380127]"
6066.0,2007-06-01T00:00:00.000000000,"[7.748080730438232, 6.647973537445068, 9.948295593261719, 4.469761848449707]","[6.124117374420166, 7.849413871765137, 11.081071853637695, 7.161739349365234]"
6066.0,2007-09-01T00:00:00.000000000,"[6.647973537445068, 9.948295593261719, 4.469761848449707, 5.789890289306641]","[8.716405868530273, 13.30432415008545, 7.903923511505127, 7.944091320037842]"
6066.0,2007-12-01T00:00:00.000000000,"[9.948295593261719, 4.469761848449707, 5.789890289306641, 6.537962913513184]","[9.30196762084961, 7.130799770355225, 7.276247501373291, 7.862889766693115]"
6066.0,2008-03-01T00:00:00.000000000,"[4.469761848449707, 5.789890289306641, 6.537962913513184, 10.322331428527832]","[7.225701808929443, 6.952978134155273, 7.986979961395264, 10.05816650390625]"
6066.0,2008-06-01T00:00:00.000000000,"[5.789890289306641, 6.537962913513184, 10.322331428527832, 4.535768508911133]","[5.710908889770508, 7.188594818115234, 10.679290771484375, 6.635348320007324]"
6066.0,2008-09-01T00:00:00.000000000,"[6.537962913513184, 10.322331428527832, 4.535768508911133, 5.437856197357178]","[7.545085430145264, 11.398409843444824, 6.628291130065918, 7.036470413208008]"
6066.0,2008-12-01T00:00:00.000000000,"[10.322331428527832, 4.535768508911133, 5.437856197357178, 6.559965133666992]","[8.762287139892578, 6.707298755645752, 6.781750202178955, 7.228294372558594]"
6066.0,2009-03-01T00:00:00.000000000,"[4.535768508911133, 5.437856197357178, 6.559965133666992, 10.696367263793945]","[6.686322212219238, 6.208775043487549, 7.481853485107422, 9.913393020629883]"
6066.0,2009-06-01T00:00:00.000000000,"[5.437856197357178, 6.559965133666992, 10.696367263793945, 4.689783573150635]","[5.696938991546631, 6.773914337158203, 10.709510803222656, 6.6507673263549805]"
6066.0,2009-09-01T00:00:00.000000000,"[6.559965133666992, 10.696367263793945, 4.689783573150635, 6.075918197631836]","[7.354392051696777, 11.279434204101562, 6.4906744956970215, 7.090959072113037]"
6066.0,2009-12-01T00:00:00.000000000,"[10.696367263793945, 4.689783573150635, 6.075918197631836, 6.823991298675537]","[8.526954650878906, 6.515895843505859, 6.533287048339844, 7.055351257324219]"
6066.0,2010-03-01T00:00:00.000000000,"[4.689783573150635, 6.075918197631836, 6.823991298675537, 10.014301300048828]","[6.44931173324585, 6.109442234039307, 7.325942039489746, 9.842216491699219]"
6066.0,2010-06-01T00:00:00.000000000,"[6.075918197631836, 6.823991298675537, 10.014301300048828, 4.2497406005859375]","[5.551573753356934, 6.324070930480957, 10.604619979858398, 6.51618766784668]"
6066.0,2010-09-01T00:00:00.000000000,"[6.823991298675537, 10.014301300048828, 4.2497406005859375, 6.273937702178955]","[7.648123741149902, 11.735485076904297, 6.923375129699707, 7.476118564605713]"
6066.0,2010-12-01T00:00:00.000000000,"[10.014301300048828, 4.2497406005859375, 6.273937702178955, 5.1958327293396]","[8.383803367614746, 6.4248762130737305, 6.307246685028076, 6.938141345977783]"
6066.0,2011-03-01T00:00:00.000000000,"[4.2497406005859375, 6.273937702178955, 5.1958327293396, 9.662266731262207]","[6.0829901695251465, 5.904867172241211, 6.894573211669922, 9.525967597961426]"
6066.0,2011-06-01T00:00:00.000000000,"[6.273937702178955, 5.1958327293396, 9.662266731262207, 3.3476529121398926]","[5.331833839416504, 5.514524459838867, 9.895820617675781, 6.076382160186768]"
6066.0,2011-09-01T00:00:00.000000000,"[5.1958327293396, 9.662266731262207, 3.3476529121398926, 4.0957255363464355]","[7.614192962646484, 11.13170051574707, 7.001196384429932, 7.397421836853027]"
6066.0,2011-12-01T00:00:00.000000000,"[9.662266731262207, 3.3476529121398926, 4.0957255363464355, 4.975811004638672]","[8.077430725097656, 6.315239429473877, 6.18763542175293, 6.613831520080566]"
6066.0,2012-03-01T00:00:00.000000000,"[3.3476529121398926, 4.0957255363464355, 4.975811004638672, 3.8537018299102783]","[6.248432159423828, 6.079066753387451, 6.743988990783691, 9.334566116333008]"
6066.0,2012-06-01T00:00:00.000000000,"[4.0957255363464355, 4.975811004638672, 3.8537018299102783, 3.1936378479003906]","[5.185296535491943, 5.209074020385742, 8.991870880126953, 5.530045986175537]"
6066.0,2012-09-01T00:00:00.000000000,"[4.975811004638672, 3.8537018299102783, 3.1936378479003906, 4.42575740814209]","[6.719627380371094, 9.081581115722656, 6.659533500671387, 6.706660270690918]"
6066.0,2012-12-01T00:00:00.000000000,"[3.8537018299102783, 3.1936378479003906, 4.42575740814209, 4.8437981605529785]","[7.676644325256348, 6.319114685058594, 6.260796070098877, 6.581675052642822]"
6066.0,2013-03-01T00:00:00.000000000,"[3.1936378479003906, 4.42575740814209, 4.8437981605529785, 6.669975757598877]","[5.7854905128479, 5.843754768371582, 6.292696952819824, 8.240198135375977]"
6266.0,2006-06-01T00:00:00.000000000,"[2.9516141414642334, 2.5995800495147705, 2.0935308933258057, 2.7315926551818848]","[2.3785476684570312, 2.178309202194214, 2.1452691555023193, 2.5218584537506104]"
6266.0,2006-09-01T00:00:00.000000000,"[2.5995800495147705, 2.0935308933258057, 2.7315926551818848, 3.0616250038146973]","[2.4340224266052246, 2.311816453933716, 2.790231704711914, 2.625180721282959]"
6266.0,2006-12-01T00:00:00.000000000,"[2.0935308933258057, 2.7315926551818848, 3.0616250038146973, 2.577577829360962]","[2.1883037090301514, 2.757972002029419, 2.656393527984619, 2.330810070037842]"
6266.0,2007-03-01T00:00:00.000000000,"[2.7315926551818848, 3.0616250038146973, 2.577577829360962, 2.4675674438476562]","[2.3721237182617188, 2.47332501411438, 2.1684324741363525, 2.0642430782318115]"
6266.0,2007-06-01T00:00:00.000000000,"[3.0616250038146973, 2.577577829360962, 2.4675674438476562, 2.9956183433532715]","[2.501408815383911, 2.3357579708099365, 2.2297329902648926, 2.7342019081115723]"
6266.0,2007-09-01T00:00:00.000000000,"[2.577577829360962, 2.4675674438476562, 2.9956183433532715, 3.127631425857544]","[2.553218364715576, 2.4168007373809814, 2.9661598205566406, 2.7819013595581055]"
6266.0,2007-12-01T00:00:00.000000000,"[2.4675674438476562, 2.9956183433532715, 3.127631425857544, 2.9956183433532715]","[2.2296602725982666, 2.8460028171539307, 2.771432876586914, 2.400712251663208]"
6266.0,2008-03-01T00:00:00.000000000,"[2.9956183433532715, 3.127631425857544, 2.9956183433532715, 2.775597333908081]","[2.606043577194214, 2.7568750381469727, 2.3773179054260254, 2.280423164367676]"
6266.0,2008-06-01T00:00:00.000000000,"[3.127631425857544, 2.9956183433532715, 2.775597333908081, 3.325650691986084]","[2.7079708576202393, 2.5379750728607178, 2.4195151329040527, 2.952458143234253]"
6266.0,2008-09-01T00:00:00.000000000,"[2.9956183433532715, 2.775597333908081, 3.325650691986084, 3.325650691986084]","[2.6435341835021973, 2.4806134700775146, 3.0534615516662598, 2.9338676929473877]"
6266.0,2008-12-01T00:00:00.000000000,"[2.775597333908081, 3.325650691986084, 3.325650691986084, 3.479665517807007]","[2.452547550201416, 3.0892715454101562, 3.013871669769287, 2.6361265182495117]"
6266.0,2009-03-01T00:00:00.000000000,"[3.325650691986084, 3.325650691986084, 3.479665517807007, 3.127631425857544]","[2.8381595611572266, 2.963395118713379, 2.6010944843292236, 2.51438570022583]"
6266.0,2009-06-01T00:00:00.000000000,"[3.325650691986084, 3.479665517807007, 3.127631425857544, 3.831699848175049]","[3.015225410461426, 2.8902225494384766, 2.715761184692383, 3.226630210876465]"
6266.0,2009-09-01T00:00:00.000000000,"[3.479665517807007, 3.127631425857544, 3.831699848175049, 3.919708251953125]","[2.9793994426727295, 2.7743661403656006, 3.345890522003174, 3.2042412757873535]"
6266.0,2009-12-01T00:00:00.000000000,"[3.127631425857544, 3.831699848175049, 3.919708251953125, 3.8096976280212402]","[2.8880388736724854, 3.520636558532715, 3.3856167793273926, 3.0619027614593506]"
6266.0,2010-03-01T00:00:00.000000000,"[3.831699848175049, 3.919708251953125, 3.8096976280212402, 3.633680582046509]","[3.186272144317627, 3.287259578704834, 2.9674293994903564, 2.9108824729919434]"
6266.0,2010-06-01T00:00:00.000000000,"[3.919708251953125, 3.8096976280212402, 3.633680582046509, 3.919708251953125]","[3.4572184085845947, 3.384765625, 3.126680612564087, 3.6340746879577637]"
6266.0,2010-09-01T00:00:00.000000000,"[3.8096976280212402, 3.633680582046509, 3.919708251953125, 4.975811004638672]","[3.3834965229034424, 3.131131649017334, 3.749598979949951, 3.6526613235473633]"
6266.0,2010-12-01T00:00:00.000000000,"[3.633680582046509, 3.919708251953125, 4.975811004638672, 3.963712453842163]","[3.2372326850891113, 3.8784050941467285, 3.7971434593200684, 3.439225435256958]"
6266.0,2011-03-01T00:00:00.000000000,"[3.919708251953125, 4.975811004638672, 3.963712453842163, 3.4356613159179688]","[3.630028247833252, 3.7905192375183105, 3.396174907684326, 3.378070831298828]"
6266.0,2011-06-01T00:00:00.000000000,"[4.975811004638672, 3.963712453842163, 3.4356613159179688, 4.359751224517822]","[3.790304183959961, 3.6536307334899902, 3.442199468612671, 3.959293842315674]"
6266.0,2011-09-01T00:00:00.000000000,"[3.963712453842163, 3.4356613159179688, 4.359751224517822, 2.973616361618042]","[3.990285873413086, 3.645498752593994, 4.302522659301758, 4.322848320007324]"
6266.0,2011-12-01T00:00:00.000000000,"[3.4356613159179688, 4.359751224517822, 2.973616361618042, 4.139729976654053]","[3.5341241359710693, 4.097142219543457, 4.2935471534729, 3.8239974975585938]"
6266.0,2012-03-01T00:00:00.000000000,"[4.359751224517822, 2.973616361618042, 4.139729976654053, 3.3916571140289307]","[3.8545641899108887, 4.217342853546143, 3.537440776824951, 3.4453165531158447]"
6266.0,2012-06-01T00:00:00.000000000,"[2.973616361618042, 4.139729976654053, 3.3916571140289307, 4.9978132247924805]","[4.3151750564575195, 4.025532245635986, 3.898293972015381, 4.466691493988037]"
6266.0,2012-09-01T00:00:00.000000000,"[4.139729976654053, 3.3916571140289307, 4.9978132247924805, 4.755789756774902]","[3.5116796493530273, 3.3220767974853516, 3.9643094539642334, 3.856264114379883]"
6266.0,2012-12-01T00:00:00.000000000,"[3.3916571140289307, 4.9978132247924805, 4.755789756774902, 5.019815444946289]","[3.689950466156006, 4.421758651733398, 4.321081161499023, 3.9086055755615234]"
6266.0,2013-03-01T00:00:00.000000000,"[4.9978132247924805, 4.755789756774902, 5.019815444946289, 3.98571515083313]","[3.8798158168792725, 3.9813344478607178, 3.673018455505371, 3.53421688079834]"
6304.0,2005-12-01T00:00:00.000000000,"[1.0594303607940674, 0.33335965871810913, 0.7954046130180359, 1.147438883781433]","[1.7198078632354736, 1.4123930931091309, 1.4747376441955566, 1.7104018926620483]"
6304.0,2006-03-01T00:00:00.000000000,"[0.33335965871810913, 0.7954046130180359, 1.147438883781433, 1.477470874786377]","[1.5623338222503662, 1.3945602178573608, 1.593666672706604, 1.616431713104248]"
6304.0,2006-06-01T00:00:00.000000000,"[0.7954046130180359, 1.147438883781433, 1.477470874786377, 0.8614109754562378]","[1.103290319442749, 0.9623624086380005, 1.1227307319641113, 0.9356772303581238]"
6304.0,2007-03-01T00:00:00.000000000,"[1.147438883781433, 1.477470874786377, 0.8614109754562378, 1.5874814987182617]","[1.0710077285766602, 0.8502179980278015, 0.8118935227394104, 0.7882066369056702]"
6304.0,2007-06-01T00:00:00.000000000,"[1.477470874786377, 0.8614109754562378, 1.5874814987182617, 1.8295050859451294]","[1.3501338958740234, 1.2123695611953735, 1.2347713708877563, 1.3973164558410645]"
6304.0,2007-09-01T00:00:00.000000000,"[0.8614109754562378, 1.5874814987182617, 1.8295050859451294, 3.1936378479003906]","[1.3973973989486694, 1.3105008602142334, 1.4360096454620361, 1.4121679067611694]"
6304.0,2007-12-01T00:00:00.000000000,"[1.5874814987182617, 1.8295050859451294, 3.1936378479003906, 1.8515071868896484]","[1.1288577318191528, 1.058773398399353, 1.119899868965149, 0.9547149538993835]"
6304.0,2008-03-01T00:00:00.000000000,"[1.8295050859451294, 3.1936378479003906, 1.8515071868896484, 2.6435842514038086]","[1.425757646560669, 1.303847312927246, 1.3578115701675415, 1.461111307144165]"
6304.0,2008-06-01T00:00:00.000000000,"[3.1936378479003906, 1.8515071868896484, 2.6435842514038086, 2.8636057376861572]","[1.7723040580749512, 1.5405354499816895, 1.6346184015274048, 1.799595832824707]"
6304.0,2008-09-01T00:00:00.000000000,"[1.8515071868896484, 2.6435842514038086, 2.8636057376861572, 2.9076099395751953]","[2.2209768295288086, 1.8900535106658936, 2.126260757446289, 2.2451047897338867]"
6304.0,2008-12-01T00:00:00.000000000,"[2.6435842514038086, 2.8636057376861572, 2.9076099395751953, 3.259644031524658]","[1.7524797916412354, 1.548614740371704, 1.8492274284362793, 1.5517423152923584]"
6304.0,2009-03-01T00:00:00.000000000,"[2.8636057376861572, 2.9076099395751953, 3.259644031524658, 3.633680582046509]","[2.217616081237793, 2.1950197219848633, 1.98703932762146, 2.049313545227051]"
6304.0,2009-06-01T00:00:00.000000000,"[2.9076099395751953, 3.259644031524658, 3.633680582046509, 3.7436912059783936]","[2.518185615539551, 2.116149663925171, 2.2884232997894287, 2.532383918762207]"
6304.0,2009-09-01T00:00:00.000000000,"[3.259644031524658, 3.633680582046509, 3.7436912059783936, 4.18373441696167]","[2.48807430267334, 2.268860340118408, 2.6049656867980957, 2.543972969055176]"
6304.0,2009-12-01T00:00:00.000000000,"[3.633680582046509, 3.7436912059783936, 4.18373441696167, 4.711785793304443]","[2.289651393890381, 2.6534600257873535, 2.750884532928467, 2.3183722496032715]"
6304.0,2010-03-01T00:00:00.000000000,"[3.7436912059783936, 4.18373441696167, 4.711785793304443, 4.667781352996826]","[2.8390378952026367, 2.6816513538360596, 2.7204113006591797, 2.7920873165130615]"
6304.0,2010-06-01T00:00:00.000000000,"[4.18373441696167, 4.711785793304443, 4.667781352996826, 3.259644031524658]","[3.151793956756592, 2.6930322647094727, 2.9072306156158447, 3.1436100006103516]"
6304.0,2010-09-01T00:00:00.000000000,"[4.711785793304443, 4.667781352996826, 3.259644031524658, 3.21563982963562]","[3.1106128692626953, 3.111267566680908, 3.5170578956604004, 3.504486083984375]"
6304.0,2010-12-01T00:00:00.000000000,"[4.667781352996826, 3.259644031524658, 3.21563982963562, 4.755789756774902]","[3.2359485626220703, 3.8514018058776855, 3.8599796295166016, 3.232034683227539]"
6304.0,2011-03-01T00:00:00.000000000,"[3.259644031524658, 3.21563982963562, 4.755789756774902, 5.151828289031982]","[3.8374924659729004, 4.056901931762695, 3.163891315460205, 3.1255502700805664]"
6304.0,2011-06-01T00:00:00.000000000,"[3.21563982963562, 4.755789756774902, 5.151828289031982, 4.733787536621094]","[3.007920026779175, 2.2853641510009766, 2.394890785217285, 2.876124620437622]"
6304.0,2011-09-01T00:00:00.000000000,"[4.755789756774902, 5.151828289031982, 4.733787536621094, 5.305843353271484]","[2.5455989837646484, 2.300309658050537, 2.725003957748413, 2.92189621925354]"
6304.0,2011-12-01T00:00:00.000000000,"[5.151828289031982, 4.733787536621094, 5.305843353271484, 5.965907573699951]","[3.4939894676208496, 3.706388235092163, 3.965252161026001, 3.574923515319824]"
6304.0,2012-03-01T00:00:00.000000000,"[4.733787536621094, 5.305843353271484, 5.965907573699951, 6.427952289581299]","[4.322995185852051, 4.598569869995117, 3.8008012771606445, 3.901594638824463]"
6304.0,2012-06-01T00:00:00.000000000,"[5.305843353271484, 5.965907573699951, 6.427952289581299, 7.770082950592041]","[4.103184700012207, 3.2828569412231445, 3.135161876678467, 3.393150806427002]"
6304.0,2012-09-01T00:00:00.000000000,"[5.965907573699951, 6.427952289581299, 7.770082950592041, 9.0462064743042]","[3.9722506999969482, 3.786288022994995, 4.188972473144531, 4.486306667327881]"
6304.0,2012-12-01T00:00:00.000000000,"[6.427952289581299, 7.770082950592041, 9.0462064743042, 9.508252143859863]","[4.615944862365723, 5.178962707519531, 5.334982872009277, 4.898533821105957]"
6304.0,2013-03-01T00:00:00.000000000,"[7.770082950592041, 9.0462064743042, 9.508252143859863, 11.598455429077148]","[5.727970600128174, 5.85496711730957, 5.092928409576416, 5.467890739440918]"
6565.0,2005-09-01T00:00:00.000000000,"[2.0495264530181885, 1.4114645719528198, 1.9175138473510742, 2.379558563232422]","[1.5542107820510864, 1.349087119102478, 1.4227248430252075, 1.5917894840240479]"
6565.0,2005-12-01T00:00:00.000000000,"[1.4114645719528198, 1.9175138473510742, 2.379558563232422, 2.5995800495147705]","[1.789966344833374, 1.5452797412872314, 1.6962440013885498, 1.8185099363327026]"
6565.0,2006-03-01T00:00:00.000000000,"[1.9175138473510742, 2.379558563232422, 2.5995800495147705, 3.3036487102508545]","[1.629427433013916, 1.4456186294555664, 1.5530633926391602, 1.6517882347106934]"
6565.0,2006-06-01T00:00:00.000000000,"[2.379558563232422, 2.5995800495147705, 3.3036487102508545, 2.7535951137542725]","[1.7364031076431274, 1.4726488590240479, 1.5610092878341675, 1.6340460777282715]"
6565.0,2006-09-01T00:00:00.000000000,"[2.5995800495147705, 3.3036487102508545, 2.7535951137542725, 1.8955113887786865]","[1.7785699367523193, 1.5896642208099365, 1.778287649154663, 1.8263788223266602]"
6565.0,2006-12-01T00:00:00.000000000,"[3.3036487102508545, 2.7535951137542725, 1.8955113887786865, 3.259644031524658]","[2.052060604095459, 1.8107434511184692, 1.9980738162994385, 2.0605320930480957]"
6565.0,2007-03-01T00:00:00.000000000,"[2.7535951137542725, 1.8955113887786865, 3.259644031524658, 3.281646251678467]","[2.2066922187805176, 1.9629509449005127, 2.162257432937622, 2.1821703910827637]"
6565.0,2007-06-01T00:00:00.000000000,"[1.8955113887786865, 3.259644031524658, 3.281646251678467, 4.227738380432129]","[2.080683469772339, 1.6756951808929443, 1.7961053848266602, 1.6316206455230713]"
6565.0,2008-06-01T00:00:00.000000000,"[3.259644031524658, 3.281646251678467, 4.227738380432129, 5.459857940673828]","[1.9828029870986938, 1.610302209854126, 1.7347384691238403, 1.5655449628829956]"
6565.0,2008-09-01T00:00:00.000000000,"[3.281646251678467, 4.227738380432129, 5.459857940673828, 6.1419243812561035]","[2.718482494354248, 2.3264172077178955, 2.556302070617676, 2.7027230262756348]"
6565.0,2008-12-01T00:00:00.000000000,"[4.227738380432129, 5.459857940673828, 6.1419243812561035, 6.911999702453613]","[2.8918240070343018, 2.439183473587036, 2.6719460487365723, 2.8916070461273193]"
6565.0,2009-03-01T00:00:00.000000000,"[5.459857940673828, 6.1419243812561035, 6.911999702453613, 8.848188400268555]","[3.5584897994995117, 3.103756904602051, 3.238593339920044, 3.5330328941345215]"
6565.0,2009-06-01T00:00:00.000000000,"[6.1419243812561035, 6.911999702453613, 8.848188400268555, 9.838284492492676]","[4.362039089202881, 3.9901366233825684, 4.042242527008057, 4.164053916931152]"
6565.0,2009-09-01T00:00:00.000000000,"[6.911999702453613, 8.848188400268555, 9.838284492492676, 10.98239517211914]","[4.77836275100708, 3.9426045417785645, 3.5442845821380615, 3.5600032806396484]"
6565.0,2009-12-01T00:00:00.000000000,"[8.848188400268555, 9.838284492492676, 10.98239517211914, 6.6919779777526855]","[5.377439498901367, 4.146721839904785, 3.9059669971466064, 3.732828140258789]"
6565.0,2010-03-01T00:00:00.000000000,"[9.838284492492676, 10.98239517211914, 6.6919779777526855, 7.8140869140625]","[6.240494728088379, 5.075662612915039, 4.557579040527344, 4.2761335372924805]"
6565.0,2010-06-01T00:00:00.000000000,"[10.98239517211914, 6.6919779777526855, 7.8140869140625, 7.440051078796387]","[6.320674419403076, 4.805253505706787, 4.454636096954346, 4.198014736175537]"
6565.0,2010-09-01T00:00:00.000000000,"[6.6919779777526855, 7.8140869140625, 7.440051078796387, 7.264033317565918]","[6.7976813316345215, 5.533898830413818, 4.696193218231201, 4.424869060516357]"
6565.0,2010-12-01T00:00:00.000000000,"[7.8140869140625, 7.440051078796387, 7.264033317565918, 6.295939922332764]","[5.726556301116943, 4.924533367156982, 4.877061367034912, 4.464986801147461]"
6565.0,2011-03-01T00:00:00.000000000,"[7.440051078796387, 7.264033317565918, 6.295939922332764, 8.12211799621582]","[6.756941318511963, 6.526963233947754, 5.449444770812988, 5.886505126953125]"
6565.0,2011-06-01T00:00:00.000000000,"[7.264033317565918, 6.295939922332764, 8.12211799621582, 8.056110382080078]","[7.124859809875488, 5.614188194274902, 5.849956512451172, 5.903084754943848]"
6565.0,2011-09-01T00:00:00.000000000,"[6.295939922332764, 8.12211799621582, 8.056110382080078, 9.816282272338867]","[7.247745513916016, 6.950511455535889, 6.248593330383301, 6.080950736999512]"
6565.0,2011-12-01T00:00:00.000000000,"[8.12211799621582, 8.056110382080078, 9.816282272338867, 11.7744722366333]","[6.906163692474365, 5.999294281005859, 5.737322807312012, 5.4774861335754395]"
6565.0,2012-03-01T00:00:00.000000000,"[8.056110382080078, 9.816282272338867, 11.7744722366333, 12.566550254821777]","[8.313633918762207, 8.350979804992676, 6.901906967163086, 7.410515785217285]"
6565.0,2012-06-01T00:00:00.000000000,"[9.816282272338867, 11.7744722366333, 12.566550254821777, 15.778861045837402]","[8.469451904296875, 7.519298553466797, 7.732857704162598, 8.101147651672363]"
6565.0,2012-09-01T00:00:00.000000000,"[11.7744722366333, 12.566550254821777, 15.778861045837402, 17.09899139404297]","[8.88306999206543, 9.578131675720215, 9.462360382080078, 9.386710166931152]"
6565.0,2012-12-01T00:00:00.000000000,"[12.566550254821777, 15.778861045837402, 17.09899139404297, 17.69304847717285]","[9.514013290405273, 10.39284896850586, 10.49043083190918, 10.047372817993164]"
6565.0,2013-03-01T00:00:00.000000000,"[15.778861045837402, 17.09899139404297, 17.69304847717285, 18.06708526611328]","[10.73588752746582, 11.555818557739258, 10.849620819091797, 11.02975082397461]"
7154.0,2006-06-01T00:00:00.000000000,"[2.379558563232422, 2.2915501594543457, 1.7855008840560913, 1.5214751958847046]","[2.1987814903259277, 2.565736770629883, 2.079413414001465, 1.94170343875885]"
7154.0,2006-09-01T00:00:00.000000000,"[2.2915501594543457, 1.7855008840560913, 1.5214751958847046, 2.1375350952148438]","[2.3632490634918213, 2.141221284866333, 2.2171967029571533, 2.3891773223876953]"
7154.0,2006-12-01T00:00:00.000000000,"[1.7855008840560913, 1.5214751958847046, 2.1375350952148438, 2.379558563232422]","[2.1826531887054443, 2.0727438926696777, 2.362173318862915, 2.2796225547790527]"
7154.0,2007-03-01T00:00:00.000000000,"[1.5214751958847046, 2.1375350952148438, 2.379558563232422, 2.181539297103882]","[1.9880945682525635, 2.2913331985473633, 2.488072395324707, 2.104813575744629]"
7154.0,2007-06-01T00:00:00.000000000,"[2.1375350952148438, 2.379558563232422, 2.181539297103882, 2.0055222511291504]","[2.001797676086426, 2.177471399307251, 1.8984360694885254, 1.7620712518692017]"
7154.0,2007-09-01T00:00:00.000000000,"[2.379558563232422, 2.181539297103882, 2.0055222511291504, 2.4895694255828857]","[2.1299259662628174, 2.0327682495117188, 2.079904794692993, 2.148563861846924]"
7154.0,2007-12-01T00:00:00.000000000,"[2.181539297103882, 2.0055222511291504, 2.4895694255828857, 2.8636057376861572]","[2.097405433654785, 2.055581569671631, 2.2724833488464355, 2.1833791732788086]"
7154.0,2008-03-01T00:00:00.000000000,"[2.0055222511291504, 2.4895694255828857, 2.8636057376861572, 2.4455649852752686]","[2.015915632247925, 2.24165678024292, 2.5180416107177734, 2.1283345222473145]"
7154.0,2008-06-01T00:00:00.000000000,"[2.4895694255828857, 2.8636057376861572, 2.4455649852752686, 2.533573627471924]","[2.1098546981811523, 2.3520138263702393, 2.1317458152770996, 2.0352096557617188]"
7154.0,2008-09-01T00:00:00.000000000,"[2.8636057376861572, 2.4455649852752686, 2.533573627471924, 3.1056292057037354]","[2.2900571823120117, 2.1804704666137695, 2.217517852783203, 2.310084581375122]"
7154.0,2008-12-01T00:00:00.000000000,"[2.4455649852752686, 2.533573627471924, 3.1056292057037354, 3.171635627746582]","[2.3483567237854004, 2.2617735862731934, 2.4962518215179443, 2.4543893337249756]"
7154.0,2009-03-01T00:00:00.000000000,"[2.533573627471924, 3.1056292057037354, 3.171635627746582, 3.0616250038146973]","[2.1798012256622314, 2.5244390964508057, 2.763906717300415, 2.3257203102111816]"
7154.0,2009-06-01T00:00:00.000000000,"[3.1056292057037354, 3.171635627746582, 3.0616250038146973, 3.2376420497894287]","[2.44807505607605, 2.847964286804199, 2.387106418609619, 2.305763006210327]"
7154.0,2009-09-01T00:00:00.000000000,"[3.171635627746582, 3.0616250038146973, 3.2376420497894287, 3.677685022354126]","[2.801555871963501, 2.553497791290283, 2.603687286376953, 2.8322596549987793]"
7154.0,2009-12-01T00:00:00.000000000,"[3.0616250038146973, 3.2376420497894287, 3.677685022354126, 3.919708251953125]","[2.702514886856079, 2.543872117996216, 2.7988529205322266, 2.8125908374786377]"
7154.0,2010-03-01T00:00:00.000000000,"[3.2376420497894287, 3.677685022354126, 3.919708251953125, 3.633680582046509]","[2.5304160118103027, 2.9613747596740723, 3.1483986377716064, 2.715362310409546]"
7154.0,2010-06-01T00:00:00.000000000,"[3.677685022354126, 3.919708251953125, 3.633680582046509, 3.21563982963562]","[2.9726433753967285, 3.2844090461730957, 2.72295880317688, 2.6735236644744873]"
7154.0,2010-09-01T00:00:00.000000000,"[3.919708251953125, 3.633680582046509, 3.21563982963562, 3.8096976280212402]","[3.3257484436035156, 2.9162094593048096, 2.866156578063965, 3.1911091804504395]"
7154.0,2010-12-01T00:00:00.000000000,"[3.633680582046509, 3.21563982963562, 3.8096976280212402, 3.9417104721069336]","[3.010953426361084, 2.754106044769287, 3.126779317855835, 3.3225319385528564]"
7154.0,2011-03-01T00:00:00.000000000,"[3.21563982963562, 3.8096976280212402, 3.9417104721069336, 3.633680582046509]","[2.9315507411956787, 3.3620119094848633, 3.5923893451690674, 3.1129326820373535]"
7154.0,2011-06-01T00:00:00.000000000,"[3.8096976280212402, 3.9417104721069336, 3.633680582046509, 2.533573627471924]","[3.2578394412994385, 3.5600733757019043, 2.925725221633911, 2.8599913120269775]"
7154.0,2011-09-01T00:00:00.000000000,"[3.9417104721069336, 3.633680582046509, 2.533573627471924, 0.7514004111289978]","[3.58018159866333, 3.2244653701782227, 3.0848588943481445, 3.5487053394317627]"
7154.0,2011-12-01T00:00:00.000000000,"[3.633680582046509, 2.533573627471924, 0.7514004111289978, 4.18373441696167]","[3.192805767059326, 2.976032257080078, 3.4236512184143066, 3.6944472789764404]"
7154.0,2012-03-01T00:00:00.000000000,"[2.533573627471924, 0.7514004111289978, 4.18373441696167, 3.0396230220794678]","[3.0841307640075684, 3.6636524200439453, 3.837885856628418, 3.3566768169403076]"
7154.0,2012-06-01T00:00:00.000000000,"[0.7514004111289978, 4.18373441696167, 3.0396230220794678, 3.523669719696045]","[3.145418882369995, 3.372622013092041, 2.8072760105133057, 2.6651711463928223]"
7154.0,2012-09-01T00:00:00.000000000,"[4.18373441696167, 3.0396230220794678, 3.523669719696045, 4.513765811920166]","[2.6887688636779785, 2.1725008487701416, 2.0195982456207275, 2.3102939128875732]"
7154.0,2012-12-01T00:00:00.000000000,"[3.0396230220794678, 3.523669719696045, 4.513765811920166, 5.371849536895752]","[3.2866506576538086, 2.9815077781677246, 3.353987693786621, 3.950206995010376]"
7154.0,2013-03-01T00:00:00.000000000,"[3.523669719696045, 4.513765811920166, 5.371849536895752, 4.20573616027832]","[2.7984249591827393, 2.9907338619232178, 3.916616439819336, 3.274665117263794]"
7257.0,2006-06-01T00:00:00.000000000,"[1.1694409847259521, 1.279451608657837, 1.2134451866149902, 1.1694409847259521]","[1.27103590965271, 1.2296134233474731, 1.2442653179168701, 1.2778968811035156]"
7257.0,2006-09-01T00:00:00.000000000,"[1.279451608657837, 1.2134451866149902, 1.1694409847259521, 1.1914430856704712]","[1.17897629737854, 1.2007009983062744, 1.3393642902374268, 1.2292338609695435]"
7257.0,2006-12-01T00:00:00.000000000,"[1.2134451866149902, 1.1694409847259521, 1.1914430856704712, 1.4114645719528198]","[1.2385872602462769, 1.2435826063156128, 1.3392832279205322, 1.241072416305542]"
7257.0,2007-03-01T00:00:00.000000000,"[1.1694409847259521, 1.1914430856704712, 1.4114645719528198, 1.3454581499099731]","[1.3063551187515259, 1.2784323692321777, 1.3093606233596802, 1.303920865058899]"
7257.0,2007-06-01T00:00:00.000000000,"[1.1914430856704712, 1.4114645719528198, 1.3454581499099731, 1.2574495077133179]","[1.2746763229370117, 1.244495153427124, 1.254082441329956, 1.2862755060195923]"
7257.0,2007-09-01T00:00:00.000000000,"[1.4114645719528198, 1.3454581499099731, 1.2574495077133179, 1.3454581499099731]","[1.2424421310424805, 1.246137022972107, 1.271132230758667, 1.2401070594787598]"
7257.0,2007-12-01T00:00:00.000000000,"[1.3454581499099731, 1.2574495077133179, 1.3454581499099731, 1.6534881591796875]","[1.2784546613693237, 1.2808928489685059, 1.3113324642181396, 1.2706586122512817]"
7257.0,2008-03-01T00:00:00.000000000,"[1.2574495077133179, 1.3454581499099731, 1.6534881591796875, 1.2574495077133179]","[1.3094390630722046, 1.3102434873580933, 1.391560673713684, 1.3536503314971924]"
7257.0,2008-06-01T00:00:00.000000000,"[1.3454581499099731, 1.6534881591796875, 1.2574495077133179, 1.2354472875595093]","[1.2834135293960571, 1.3083888292312622, 1.3446975946426392, 1.3495885133743286]"
7257.0,2008-09-01T00:00:00.000000000,"[1.6534881591796875, 1.2574495077133179, 1.2354472875595093, 1.5214751958847046]","[1.2930996417999268, 1.2748159170150757, 1.3145278692245483, 1.3303712606430054]"
7257.0,2008-12-01T00:00:00.000000000,"[1.2574495077133179, 1.2354472875595093, 1.5214751958847046, 1.7414965629577637]","[1.4034721851348877, 1.4079440832138062, 1.4893242120742798, 1.4577946662902832]"
7257.0,2009-03-01T00:00:00.000000000,"[1.2354472875595093, 1.5214751958847046, 1.7414965629577637, 1.455468773841858]","[1.3147151470184326, 1.3463588953018188, 1.4526220560073853, 1.362221360206604]"
7257.0,2009-06-01T00:00:00.000000000,"[1.5214751958847046, 1.7414965629577637, 1.455468773841858, 1.6094835996627808]","[1.3668673038482666, 1.4293419122695923, 1.378358244895935, 1.3349581956863403]"
7257.0,2009-09-01T00:00:00.000000000,"[1.7414965629577637, 1.455468773841858, 1.6094835996627808, 1.6314857006072998]","[1.4549446105957031, 1.3601317405700684, 1.3594942092895508, 1.4907891750335693]"
7257.0,2009-12-01T00:00:00.000000000,"[1.455468773841858, 1.6094835996627808, 1.6314857006072998, 1.9175138473510742]","[1.4312258958816528, 1.3761855363845825, 1.509495496749878, 1.5725593566894531]"
7257.0,2010-03-01T00:00:00.000000000,"[1.6094835996627808, 1.6314857006072998, 1.9175138473510742, 1.5874814987182617]","[1.340191125869751, 1.5096319913864136, 1.6274244785308838, 1.4218076467514038]"
7257.0,2010-06-01T00:00:00.000000000,"[1.6314857006072998, 1.9175138473510742, 1.5874814987182617, 1.9835201501846313]","[1.5164659023284912, 1.6658108234405518, 1.4533032178878784, 1.5045034885406494]"
7257.0,2010-09-01T00:00:00.000000000,"[1.9175138473510742, 1.5874814987182617, 1.9835201501846313, 2.1595370769500732]","[1.5841747522354126, 1.4660805463790894, 1.4849439859390259, 1.6093254089355469]"
7257.0,2010-12-01T00:00:00.000000000,"[1.5874814987182617, 1.9835201501846313, 2.1595370769500732, 2.621582269668579]","[1.5945665836334229, 1.6464790105819702, 1.6949539184570312, 1.706892967224121]"
7257.0,2011-03-01T00:00:00.000000000,"[1.9835201501846313, 2.1595370769500732, 2.621582269668579, 1.8515071868896484]","[1.4851419925689697, 1.5563768148422241, 1.6403446197509766, 1.4770116806030273]"
7257.0,2011-06-01T00:00:00.000000000,"[2.1595370769500732, 2.621582269668579, 1.8515071868896484, 2.5995800495147705]","[1.720203161239624, 1.8127782344818115, 1.5547692775726318, 1.6248902082443237]"
7257.0,2011-09-01T00:00:00.000000000,"[2.621582269668579, 1.8515071868896484, 2.5995800495147705, 2.313552141189575]","[1.812285304069519, 1.6024975776672363, 1.628096342086792, 1.7291386127471924]"
7257.0,2011-12-01T00:00:00.000000000,"[1.8515071868896484, 2.5995800495147705, 2.313552141189575, 3.127631425857544]","[1.889369249343872, 1.7505156993865967, 1.7354233264923096, 1.7162208557128906]"
7257.0,2012-03-01T00:00:00.000000000,"[2.5995800495147705, 2.313552141189575, 3.127631425857544, 2.2035415172576904]","[1.6808332204818726, 1.627569556236267, 1.6954874992370605, 1.4445439577102661]"
7257.0,2012-06-01T00:00:00.000000000,"[2.313552141189575, 3.127631425857544, 2.2035415172576904, 2.379558563232422]","[2.1227681636810303, 2.129859685897827, 1.737963318824768, 1.7709407806396484]"
7257.0,2012-09-01T00:00:00.000000000,"[3.127631425857544, 2.2035415172576904, 2.379558563232422, 2.181539297103882]","[2.1042590141296387, 1.777072548866272, 1.7715225219726562, 1.8435821533203125]"
7257.0,2012-12-01T00:00:00.000000000,"[2.2035415172576904, 2.379558563232422, 2.181539297103882, 3.1496336460113525]","[2.3076376914978027, 2.210324764251709, 2.088304281234741, 2.077977180480957]"
7257.0,2013-03-01T00:00:00.000000000,"[2.379558563232422, 2.181539297103882, 3.1496336460113525, 3.259644031524658]","[2.057245969772339, 1.9777913093566895, 2.1186258792877197, 1.8639501333236694]"
7343.0,2006-06-01T00:00:00.000000000,"[1.0374282598495483, 1.103434681892395, 1.4334666728973389, 1.0814324617385864]","[-0.07457685470581055, -0.1270357370376587, -0.012403368949890137, -0.021395206451416016]"
7343.0,2006-09-01T00:00:00.000000000,"[1.103434681892395, 1.4334666728973389, 1.0814324617385864, 0.4873746931552887]","[0.1599259376525879, -0.268874853849411, -0.37543392181396484, -0.34899604320526123]"
7343.0,2006-12-01T00:00:00.000000000,"[1.4334666728973389, 1.0814324617385864, 0.4873746931552887, 0.11333828419446945]","[0.23074108362197876, -0.35961639881134033, -0.39866694808006287, -0.4397534430027008]"
7343.0,2007-03-01T00:00:00.000000000,"[1.0814324617385864, 0.4873746931552887, 0.11333828419446945, -0.1726895570755005]","[0.3394148349761963, 0.059751689434051514, -0.018594861030578613, -0.005037128925323486]"
7343.0,2007-06-01T00:00:00.000000000,"[0.4873746931552887, 0.11333828419446945, -0.1726895570755005, -0.8107516169548035]","[0.6440743207931519, 0.4598240852355957, 0.2894294261932373, 0.32562321424484253]"
7343.0,2007-09-01T00:00:00.000000000,"[0.11333828419446945, -0.1726895570755005, -0.8107516169548035, -0.8767580389976501]","[0.5753083229064941, 0.3839121460914612, 0.045369863510131836, 0.08702534437179565]"
7343.0,2007-12-01T00:00:00.000000000,"[-0.1726895570755005, -0.8107516169548035, -0.8767580389976501, -0.8107516169548035]","[0.4305071234703064, -0.11901399493217468, -0.1411851942539215, -0.11797493696212769]"
7343.0,2008-03-01T00:00:00.000000000,"[-0.8107516169548035, -0.8767580389976501, -0.8107516169548035, 0.003327556187286973]","[0.33800870180130005, 0.0238226056098938, 0.11186563968658447, 0.004404842853546143]"
7343.0,2008-06-01T00:00:00.000000000,"[-0.8767580389976501, -0.8107516169548035, 0.003327556187286973, 1.279451608657837]","[0.2567037343978882, 0.1218610405921936, 0.2519906759262085, 0.131963849067688]"
7343.0,2008-09-01T00:00:00.000000000,"[-0.8107516169548035, 0.003327556187286973, 1.279451608657837, 2.8636057376861572]","[-0.14802441000938416, -0.45554161071777344, -0.15260040760040283, -0.08096039295196533]"
7343.0,2008-12-01T00:00:00.000000000,"[0.003327556187286973, 1.279451608657837, 2.8636057376861572, 3.7436912059783936]","[-0.4620206356048584, -0.5877707600593567, -0.04072314500808716, -0.2073662281036377]"
7343.0,2009-03-01T00:00:00.000000000,"[1.279451608657837, 2.8636057376861572, 3.7436912059783936, 4.689783573150635]","[-0.08886966109275818, -0.15484175086021423, 0.47618070244789124, 0.12134847044944763]"
7343.0,2009-06-01T00:00:00.000000000,"[2.8636057376861572, 3.7436912059783936, 4.689783573150635, 5.503862380981445]","[0.6446462273597717, 0.566015362739563, 0.9095374941825867, 0.8149866461753845]"
7343.0,2009-09-01T00:00:00.000000000,"[3.7436912059783936, 4.689783573150635, 5.503862380981445, 6.229933261871338]","[1.678001046180725, 1.556541085243225, 1.6443955898284912, 1.7576240301132202]"
7343.0,2009-12-01T00:00:00.000000000,"[4.689783573150635, 5.503862380981445, 6.229933261871338, 7.066014289855957]","[1.9437462091445923, 1.8908182382583618, 2.0432288646698, 1.7348411083221436]"
7343.0,2010-03-01T00:00:00.000000000,"[5.503862380981445, 6.229933261871338, 7.066014289855957, 5.833894729614258]","[2.0797793865203857, 1.6171190738677979, 1.1688826084136963, 1.1535148620605469]"
7343.0,2010-06-01T00:00:00.000000000,"[6.229933261871338, 7.066014289855957, 5.833894729614258, 3.0616250038146973]","[2.726625680923462, 1.6961724758148193, 1.481502652168274, 1.3436168432235718]"
7343.0,2010-09-01T00:00:00.000000000,"[7.066014289855957, 5.833894729614258, 3.0616250038146973, 1.6094835996627808]","[2.9852795600891113, 1.6769607067108154, 1.2635160684585571, 1.3167686462402344]"
7343.0,2010-12-01T00:00:00.000000000,"[5.833894729614258, 3.0616250038146973, 1.6094835996627808, 0.5313789248466492]","[3.8943161964416504, 2.8091518878936768, 2.504380941390991, 1.8327960968017578]"
7343.0,2011-03-01T00:00:00.000000000,"[3.0616250038146973, 1.6094835996627808, 0.5313789248466492, 0.35536178946495056]","[4.1889262199401855, 3.5018389225006104, 2.205967903137207, 1.8260873556137085]"
7343.0,2011-06-01T00:00:00.000000000,"[1.6094835996627808, 0.5313789248466492, 0.35536178946495056, 0.2893553674221039]","[3.907210111618042, 2.6830673217773438, 1.938814640045166, 1.8934533596038818]"
7343.0,2011-09-01T00:00:00.000000000,"[0.5313789248466492, 0.35536178946495056, 0.2893553674221039, 1.103434681892395]","[3.2839109897613525, 2.7486443519592285, 2.204998016357422, 2.6184628009796143]"
7343.0,2011-12-01T00:00:00.000000000,"[0.35536178946495056, 0.2893553674221039, 1.103434681892395, 1.6754902601242065]","[2.607825756072998, 1.48038911819458, 1.7046366930007935, 1.9983413219451904]"
7343.0,2012-03-01T00:00:00.000000000,"[0.2893553674221039, 1.103434681892395, 1.6754902601242065, 1.0154259204864502]","[1.4571788311004639, 0.4136837124824524, 1.0705183744430542, 1.218775749206543]"
7343.0,2012-06-01T00:00:00.000000000,"[1.103434681892395, 1.6754902601242065, 1.0154259204864502, 1.455468773841858]","[1.117214560508728, 0.3103739619255066, 1.1702866554260254, 1.0066261291503906]"
7343.0,2012-09-01T00:00:00.000000000,"[1.6754902601242065, 1.0154259204864502, 1.455468773841858, 3.4356613159179688]","[1.6757652759552002, 0.9640302658081055, 1.7582013607025146, 1.948188066482544]"
7343.0,2012-12-01T00:00:00.000000000,"[1.0154259204864502, 1.455468773841858, 3.4356613159179688, 4.623776912689209]","[1.804081916809082, 1.1062862873077393, 2.046980857849121, 2.328587532043457]"
7343.0,2013-03-01T00:00:00.000000000,"[1.455468773841858, 3.4356613159179688, 4.623776912689209, 4.051721572875977]","[1.0217864513397217, 0.7469512224197388, 1.9577178955078125, 1.991269588470459]"
7435.0,2006-06-01T00:00:00.000000000,"[3.5016677379608154, 3.6556828022003174, 3.281646251678467, 3.5896763801574707]","[3.1166815757751465, 3.2924633026123047, 2.898426055908203, 3.1657824516296387]"
7435.0,2006-09-01T00:00:00.000000000,"[3.6556828022003174, 3.281646251678467, 3.5896763801574707, 3.7436912059783936]","[3.258516311645508, 2.997713327407837, 3.324464797973633, 3.3611345291137695]"
7435.0,2006-12-01T00:00:00.000000000,"[3.281646251678467, 3.5896763801574707, 3.7436912059783936, 3.8096976280212402]","[3.0980873107910156, 3.3341727256774902, 3.4479892253875732, 3.3441038131713867]"
7435.0,2007-03-01T00:00:00.000000000,"[3.5896763801574707, 3.7436912059783936, 3.8096976280212402, 2.9516141414642334]","[3.1516149044036865, 3.4157376289367676, 3.377366781234741, 3.086236000061035]"
7435.0,2007-06-01T00:00:00.000000000,"[3.7436912059783936, 3.8096976280212402, 2.9516141414642334, 3.8096976280212402]","[3.455916166305542, 3.6738433837890625, 3.210559606552124, 3.4940452575683594]"
7435.0,2007-09-01T00:00:00.000000000,"[3.8096976280212402, 2.9516141414642334, 3.8096976280212402, 3.875704050064087]","[3.5185418128967285, 3.218468427658081, 3.533921480178833, 3.6810860633850098]"
7435.0,2007-12-01T00:00:00.000000000,"[2.9516141414642334, 3.8096976280212402, 3.875704050064087, 4.029719352722168]","[3.2738003730773926, 3.5329971313476562, 3.7070765495300293, 3.5530805587768555]"
7435.0,2008-03-01T00:00:00.000000000,"[3.8096976280212402, 3.875704050064087, 4.029719352722168, 3.4356613159179688]","[3.2106385231018066, 3.436065196990967, 3.3783702850341797, 3.017172336578369]"
7435.0,2008-06-01T00:00:00.000000000,"[3.875704050064087, 4.029719352722168, 3.4356613159179688, 4.051721572875977]","[3.7520904541015625, 3.984135150909424, 3.4637837409973145, 3.713635206222534]"
7435.0,2008-09-01T00:00:00.000000000,"[4.029719352722168, 3.4356613159179688, 4.051721572875977, 4.2497406005859375]","[3.6913228034973145, 3.384108543395996, 3.641148567199707, 3.844407081604004]"
7435.0,2008-12-01T00:00:00.000000000,"[3.4356613159179688, 4.051721572875977, 4.2497406005859375, 4.42575740814209]","[3.4664108753204346, 3.762683629989624, 3.9694716930389404, 3.711646556854248]"
7435.0,2009-03-01T00:00:00.000000000,"[4.051721572875977, 4.2497406005859375, 4.42575740814209, 3.919708251953125]","[3.487948417663574, 3.7978405952453613, 3.719125270843506, 3.326929807662964]"
7435.0,2009-06-01T00:00:00.000000000,"[4.2497406005859375, 4.42575740814209, 3.919708251953125, 4.7997941970825195]","[4.050022602081299, 4.332206726074219, 3.8205926418304443, 3.9984652996063232]"
7435.0,2009-09-01T00:00:00.000000000,"[4.42575740814209, 3.919708251953125, 4.7997941970825195, 4.9978132247924805]","[4.0552849769592285, 3.696401596069336, 3.8036859035491943, 4.073257923126221]"
7435.0,2009-12-01T00:00:00.000000000,"[3.919708251953125, 4.7997941970825195, 4.9978132247924805, 4.975811004638672]","[3.8789374828338623, 4.009490013122559, 4.269994735717773, 4.050147533416748]"
7435.0,2010-03-01T00:00:00.000000000,"[4.7997941970825195, 4.9978132247924805, 4.975811004638672, 4.381753444671631]","[3.7594385147094727, 4.285580635070801, 4.163125038146973, 3.7959516048431396]"
7435.0,2010-06-01T00:00:00.000000000,"[4.9978132247924805, 4.975811004638672, 4.381753444671631, 4.20573616027832]","[4.513945579528809, 4.758213996887207, 4.240706443786621, 4.483872413635254]"
7435.0,2010-09-01T00:00:00.000000000,"[4.975811004638672, 4.381753444671631, 4.20573616027832, 4.139729976654053]","[4.470240116119385, 4.095534801483154, 4.564984321594238, 4.7357988357543945]"
7435.0,2010-12-01T00:00:00.000000000,"[4.381753444671631, 4.20573616027832, 4.139729976654053, 4.975811004638672]","[4.221876621246338, 4.657875061035156, 4.862702369689941, 4.517020225524902]"
7435.0,2011-03-01T00:00:00.000000000,"[4.20573616027832, 4.139729976654053, 4.975811004638672, 4.029719352722168]","[4.322016716003418, 4.71528959274292, 4.540907382965088, 4.231560230255127]"
7435.0,2011-06-01T00:00:00.000000000,"[4.139729976654053, 4.975811004638672, 4.029719352722168, 4.051721572875977]","[4.557774543762207, 4.588400840759277, 4.126242637634277, 4.410033702850342]"
7435.0,2011-09-01T00:00:00.000000000,"[4.975811004638672, 4.029719352722168, 4.051721572875977, 3.21563982963562]","[4.40938663482666, 4.087004661560059, 4.4543352127075195, 4.539762496948242]"
7435.0,2011-12-01T00:00:00.000000000,"[4.029719352722168, 4.051721572875977, 3.21563982963562, 4.645779132843018]","[4.340384483337402, 4.782945156097412, 4.888581275939941, 4.579390048980713]"
7435.0,2012-03-01T00:00:00.000000000,"[4.051721572875977, 3.21563982963562, 4.645779132843018, 4.535768508911133]","[4.301239967346191, 4.625794410705566, 4.581875801086426, 4.157495021820068]"
7435.0,2012-06-01T00:00:00.000000000,"[3.21563982963562, 4.645779132843018, 4.535768508911133, 5.3938517570495605]","[4.459208011627197, 4.630672454833984, 4.141141414642334, 4.282003402709961]"
7435.0,2012-09-01T00:00:00.000000000,"[4.645779132843018, 4.535768508911133, 5.3938517570495605, 4.9978132247924805]","[4.035141468048096, 3.8071765899658203, 4.097169876098633, 4.050933361053467]"
7435.0,2012-12-01T00:00:00.000000000,"[4.535768508911133, 5.3938517570495605, 4.9978132247924805, 4.689783573150635]","[4.132631778717041, 4.419225215911865, 4.605015277862549, 4.40056848526001]"
7435.0,2013-03-01T00:00:00.000000000,"[5.3938517570495605, 4.9978132247924805, 4.689783573150635, 4.381753444671631]","[4.334737777709961, 4.6534881591796875, 4.944242000579834, 4.505136966705322]"
7906.0,2006-06-01T00:00:00.000000000,"[0.15734252333641052, 0.4983757734298706, 0.11333828419446945, 0.27835431694984436]","[0.12610957026481628, 0.24488705396652222, 0.07228972017765045, 0.11646294593811035]"
7906.0,2006-09-01T00:00:00.000000000,"[0.4983757734298706, 0.11333828419446945, 0.27835431694984436, 0.37736397981643677]","[0.15353848040103912, 0.06438428163528442, 0.12394945323467255, 0.17394767701625824]"
7906.0,2006-12-01T00:00:00.000000000,"[0.11333828419446945, 0.27835431694984436, 0.37736397981643677, 0.7734025120735168]","[0.16604624688625336, 0.21877698600292206, 0.2622729539871216, 0.2738049030303955]"
7906.0,2007-03-01T00:00:00.000000000,"[0.27835431694984436, 0.37736397981643677, 0.7734025120735168, 0.2893553674221039]","[0.07246387004852295, 0.15727008879184723, 0.2509617209434509, 0.10863150656223297]"
7906.0,2007-06-01T00:00:00.000000000,"[0.37736397981643677, 0.7734025120735168, 0.2893553674221039, 0.5093768239021301]","[0.2598477005958557, 0.4322010278701782, 0.19466133415699005, 0.2517985701560974]"
7906.0,2007-09-01T00:00:00.000000000,"[0.7734025120735168, 0.2893553674221039, 0.5093768239021301, 0.37736397981643677]","[0.3120472729206085, 0.18929480016231537, 0.2697342038154602, 0.36476001143455505]"
7906.0,2007-12-01T00:00:00.000000000,"[0.2893553674221039, 0.5093768239021301, 0.37736397981643677, 0.9054153561592102]","[0.2921971082687378, 0.3366104066371918, 0.3803488314151764, 0.4407121539115906]"
7906.0,2008-03-01T00:00:00.000000000,"[0.5093768239021301, 0.37736397981643677, 0.9054153561592102, 0.3993660807609558]","[0.18381063640117645, 0.3083890676498413, 0.44591599702835083, 0.23472657799720764]"
7906.0,2008-06-01T00:00:00.000000000,"[0.37736397981643677, 0.9054153561592102, 0.3993660807609558, 0.7954046130180359]","[0.41152676939964294, 0.6197780966758728, 0.30027860403060913, 0.40312841534614563]"
7906.0,2008-09-01T00:00:00.000000000,"[0.9054153561592102, 0.3993660807609558, 0.7954046130180359, 0.6193875670433044]","[0.43255606293678284, 0.25603437423706055, 0.3417016565799713, 0.43737325072288513]"
7906.0,2008-12-01T00:00:00.000000000,"[0.3993660807609558, 0.7954046130180359, 0.6193875670433044, 0.553381085395813]","[0.47451990842819214, 0.5866562724113464, 0.5791080594062805, 0.6360940337181091]"
7906.0,2009-03-01T00:00:00.000000000,"[0.7954046130180359, 0.6193875670433044, 0.553381085395813, 0.3113575577735901]","[0.3659898638725281, 0.42836445569992065, 0.5892336368560791, 0.3957517445087433]"
7906.0,2009-06-01T00:00:00.000000000,"[0.6193875670433044, 0.553381085395813, 0.3113575577735901, 0.7954046130180359]","[0.6508660316467285, 0.9245229959487915, 0.5423216223716736, 0.6537075042724609]"
7906.0,2009-09-01T00:00:00.000000000,"[0.553381085395813, 0.3113575577735901, 0.7954046130180359, 0.8174067735671997]","[0.645858883857727, 0.4501282274723053, 0.580051064491272, 0.6543912887573242]"
7906.0,2009-12-01T00:00:00.000000000,"[0.3113575577735901, 0.7954046130180359, 0.8174067735671997, 0.7734025120735168]","[0.49319198727607727, 0.6409164667129517, 0.6237221956253052, 0.6460292935371399]"
7906.0,2010-03-01T00:00:00.000000000,"[0.7954046130180359, 0.8174067735671997, 0.7734025120735168, 0.44337034225463867]","[0.44378986954689026, 0.5126608610153198, 0.6182824373245239, 0.41991961002349854]"
7906.0,2010-06-01T00:00:00.000000000,"[0.8174067735671997, 0.7734025120735168, 0.44337034225463867, 0.7954046130180359]","[0.7356842756271362, 0.9757627248764038, 0.622917652130127, 0.7294207811355591]"
7906.0,2010-09-01T00:00:00.000000000,"[0.7734025120735168, 0.44337034225463867, 0.7954046130180359, 0.6633917689323425]","[0.7379875183105469, 0.5759344100952148, 0.7496129274368286, 0.7914409637451172]"
7906.0,2010-12-01T00:00:00.000000000,"[0.44337034225463867, 0.7954046130180359, 0.6633917689323425, 1.1914430856704712]","[0.6096551418304443, 0.7674764394760132, 0.7852121591567993, 0.742694616317749]"
7906.0,2011-03-01T00:00:00.000000000,"[0.7954046130180359, 0.6633917689323425, 1.1914430856704712, 0.8394088745117188]","[0.5440500974655151, 0.6645951271057129, 0.735152006149292, 0.5188500881195068]"
7906.0,2011-06-01T00:00:00.000000000,"[0.6633917689323425, 1.1914430856704712, 0.8394088745117188, 1.0154259204864502]","[0.7897765636444092, 0.9824651479721069, 0.672659158706665, 0.7610911130905151]"
7906.0,2011-09-01T00:00:00.000000000,"[1.1914430856704712, 0.8394088745117188, 1.0154259204864502, -1.8228501081466675]","[0.7358474731445312, 0.5982788801193237, 0.7638403177261353, 0.7702658176422119]"
7906.0,2011-12-01T00:00:00.000000000,"[0.8394088745117188, 1.0154259204864502, -1.8228501081466675, 1.3894624710083008]","[0.7973380088806152, 0.9426847696304321, 0.9418082237243652, 0.9276795387268066]"
7906.0,2012-03-01T00:00:00.000000000,"[1.0154259204864502, -1.8228501081466675, 1.3894624710083008, 1.0154259204864502]","[0.7318515181541443, 0.8676888942718506, 1.006558895111084, 0.7780479192733765]"
7906.0,2012-06-01T00:00:00.000000000,"[-1.8228501081466675, 1.3894624710083008, 1.0154259204864502, 1.279451608657837]","[0.9431822896003723, 1.1947414875030518, 0.8353447914123535, 0.9177087545394897]"
7906.0,2012-09-01T00:00:00.000000000,"[1.3894624710083008, 1.0154259204864502, 1.279451608657837, 1.3454581499099731]","[0.012800008058547974, -0.16284608840942383, 0.23296807706356049, -0.11956954002380371]"
7906.0,2012-12-01T00:00:00.000000000,"[1.0154259204864502, 1.279451608657837, 1.3454581499099731, 1.8515071868896484]","[0.6467189192771912, 0.687138020992279, 0.6523075699806213, 1.0173388719558716]"
7906.0,2013-03-01T00:00:00.000000000,"[1.279451608657837, 1.3454581499099731, 1.8515071868896484, 1.125436782836914]","[0.8541218042373657, 0.7273812890052795, 1.2643547058105469, 1.0450341701507568]"
7977.0,2006-03-01T00:00:00.000000000,"[0.15734252333641052, 0.9054153561592102, 0.15734252333641052, 0.3113575577735901]","[0.24970467388629913, 0.7344953417778015, 0.417310893535614, 0.23255813121795654]"
7977.0,2006-06-01T00:00:00.000000000,"[0.9054153561592102, 0.15734252333641052, 0.3113575577735901, 0.15734252333641052]","[0.3767235279083252, 0.23605400323867798, 0.19044803082942963, 0.2504430413246155]"
7977.0,2006-09-01T00:00:00.000000000,"[0.15734252333641052, 0.3113575577735901, 0.15734252333641052, 1.147438883781433]","[0.5455842018127441, 0.37783583998680115, 0.4128167927265167, 0.76775062084198]"
7977.0,2006-12-01T00:00:00.000000000,"[0.3113575577735901, 0.15734252333641052, 1.147438883781433, 0.20134682953357697]","[0.013018518686294556, 0.08721879869699478, 0.5779147744178772, 0.21658027172088623]"
7977.0,2007-03-01T00:00:00.000000000,"[0.15734252333641052, 1.147438883781433, 0.20134682953357697, 0.33335965871810913]","[0.24619810283184052, 0.7783200144767761, 0.37155070900917053, 0.1988871544599533]"
7977.0,2007-06-01T00:00:00.000000000,"[1.147438883781433, 0.20134682953357697, 0.33335965871810913, 0.15734252333641052]","[0.4144638180732727, 0.2008236050605774, 0.16138160228729248, 0.2096964716911316]"
7977.0,2007-09-01T00:00:00.000000000,"[0.20134682953357697, 0.33335965871810913, 0.15734252333641052, 1.279451608657837]","[0.5241305828094482, 0.347307026386261, 0.37753963470458984, 0.8682827353477478]"
7977.0,2007-12-01T00:00:00.000000000,"[0.33335965871810913, 0.15734252333641052, 1.279451608657837, 0.2893553674221039]","[0.08175207674503326, 0.19934311509132385, 0.8129338026046753, 0.292824923992157]"
7977.0,2008-03-01T00:00:00.000000000,"[0.15734252333641052, 1.279451608657837, 0.2893553674221039, 0.33335965871810913]","[0.2688588500022888, 0.9707865715026855, 0.35840293765068054, 0.2507997155189514]"
7977.0,2008-09-01T00:00:00.000000000,"[1.279451608657837, 0.2893553674221039, 0.33335965871810913, 0.2893553674221039]","[0.481071799993515, 0.195917546749115, 0.1823151707649231, 0.21792282164096832]"
7977.0,2008-12-01T00:00:00.000000000,"[0.2893553674221039, 0.33335965871810913, 0.2893553674221039, 1.4334666728973389]","[0.4664524495601654, 0.3046835958957672, 0.36172518134117126, 0.939156174659729]"
7977.0,2009-03-01T00:00:00.000000000,"[0.33335965871810913, 0.2893553674221039, 1.4334666728973389, 0.2233489453792572]","[0.10962530970573425, 0.2558474540710449, 0.9811900854110718, 0.3484206795692444]"
7977.0,2009-06-01T00:00:00.000000000,"[0.2893553674221039, 1.4334666728973389, 0.2233489453792572, 0.553381085395813]","[0.4186015725135803, 1.2472405433654785, 0.3828034996986389, 0.37281569838523865]"
7977.0,2009-09-01T00:00:00.000000000,"[1.4334666728973389, 0.2233489453792572, 0.553381085395813, 0.44337034225463867]","[0.5833266973495483, 0.20042777061462402, 0.22266194224357605, 0.24869510531425476]"
7977.0,2009-12-01T00:00:00.000000000,"[0.2233489453792572, 0.553381085395813, 0.44337034225463867, 1.4114645719528198]","[0.5038766860961914, 0.32912972569465637, 0.4190320670604706, 1.0862529277801514]"
7977.0,2010-03-01T00:00:00.000000000,"[0.553381085395813, 0.44337034225463867, 1.4114645719528198, 0.2233489453792572]","[0.16638150811195374, 0.24267910420894623, 1.0909050703048706, 0.4084794521331787]"
7977.0,2010-06-01T00:00:00.000000000,"[0.44337034225463867, 1.4114645719528198, 0.2233489453792572, 0.6413896679878235]","[0.47837895154953003, 1.431654453277588, 0.46715325117111206, 0.5276820063591003]"
7977.0,2010-09-01T00:00:00.000000000,"[1.4114645719528198, 0.2233489453792572, 0.6413896679878235, 0.3113575577735901]","[0.7026772499084473, 0.2899031341075897, 0.31474483013153076, 0.36484962701797485]"
7977.0,2010-12-01T00:00:00.000000000,"[0.2233489453792572, 0.6413896679878235, 0.3113575577735901, 1.5214751958847046]","[0.43087995052337646, 0.2861483693122864, 0.4125538170337677, 1.0924410820007324]"
7977.0,2011-03-01T00:00:00.000000000,"[0.6413896679878235, 0.3113575577735901, 1.5214751958847046, 0.5313789248466492]","[0.17536313831806183, 0.2375815063714981, 1.1335034370422363, 0.4002918004989624]"
7977.0,2011-06-01T00:00:00.000000000,"[0.3113575577735901, 1.5214751958847046, 0.5313789248466492, 0.5313789248466492]","[0.6004084348678589, 1.5567848682403564, 0.5466235280036926, 0.6172924637794495]"
7977.0,2011-09-01T00:00:00.000000000,"[1.5214751958847046, 0.5313789248466492, 0.5313789248466492, 0.4873746931552887]","[0.7202849984169006, 0.2820531725883484, 0.29614633321762085, 0.3560672104358673]"
7977.0,2011-12-01T00:00:00.000000000,"[0.5313789248466492, 0.5313789248466492, 0.4873746931552887, 1.8075029850006104]","[0.4156643748283386, 0.29079121351242065, 0.4346460700035095, 1.1118135452270508]"
7977.0,2012-03-01T00:00:00.000000000,"[0.5313789248466492, 0.4873746931552887, 1.8075029850006104, 0.4873746931552887]","[0.23181262612342834, 0.32022953033447266, 1.255323052406311, 0.4965960383415222]"
7977.0,2012-06-01T00:00:00.000000000,"[0.4873746931552887, 1.8075029850006104, 0.4873746931552887, 0.7734025120735168]","[0.6610643267631531, 1.632134199142456, 0.6023852229118347, 0.6059035658836365]"
7977.0,2012-09-01T00:00:00.000000000,"[1.8075029850006104, 0.4873746931552887, 0.7734025120735168, 0.575383186340332]","[0.8017706871032715, 0.34696775674819946, 0.3495941460132599, 0.4343481957912445]"
7977.0,2012-12-01T00:00:00.000000000,"[0.4873746931552887, 0.7734025120735168, 0.575383186340332, 1.7855008840560913]","[0.5178147554397583, 0.37488821148872375, 0.5350409150123596, 1.252591848373413]"
7977.0,2013-03-01T00:00:00.000000000,"[0.7734025120735168, 0.575383186340332, 1.7855008840560913, 0.575383186340332]","[0.2671288549900055, 0.42702123522758484, 1.404841423034668, 0.5808826088905334]"
8402.0,2006-06-01T00:00:00.000000000,"[0.17934469878673553, 0.33335965871810913, 0.33335965871810913, 0.3113575577735901]","[0.19032225012779236, 0.28889626264572144, 0.25306275486946106, 0.19983883202075958]"
8402.0,2006-09-01T00:00:00.000000000,"[0.33335965871810913, 0.33335965871810913, 0.3113575577735901, 0.26735323667526245]","[0.2024475634098053, 0.22121375799179077, 0.17136777937412262, 0.16378867626190186]"
8402.0,2006-12-01T00:00:00.000000000,"[0.33335965871810913, 0.3113575577735901, 0.26735323667526245, 0.44337034225463867]","[0.2515077590942383, 0.21256694197654724, 0.20651717483997345, 0.28279051184654236]"
8402.0,2007-03-01T00:00:00.000000000,"[0.3113575577735901, 0.26735323667526245, 0.44337034225463867, 0.44337034225463867]","[0.22662460803985596, 0.2194877415895462, 0.3112557828426361, 0.27427828311920166]"
8402.0,2007-06-01T00:00:00.000000000,"[0.26735323667526245, 0.44337034225463867, 0.44337034225463867, 0.2233489453792572]","[0.21908770501613617, 0.3279784917831421, 0.3070639371871948, 0.24526813626289368]"
8402.0,2007-09-01T00:00:00.000000000,"[0.44337034225463867, 0.44337034225463867, 0.2233489453792572, 0.37736397981643677]","[0.2589850127696991, 0.26287469267845154, 0.2020438313484192, 0.19566011428833008]"
8402.0,2007-12-01T00:00:00.000000000,"[0.44337034225463867, 0.2233489453792572, 0.37736397981643677, 0.6193875670433044]","[0.3020150661468506, 0.25215423107147217, 0.23713591694831848, 0.3661440908908844]"
8402.0,2008-03-01T00:00:00.000000000,"[0.2233489453792572, 0.37736397981643677, 0.6193875670433044, 0.5313789248466492]","[0.26974254846572876, 0.23729673027992249, 0.33585357666015625, 0.32569658756256104]"
8402.0,2008-06-01T00:00:00.000000000,"[0.37736397981643677, 0.6193875670433044, 0.5313789248466492, 0.5093768239021301]","[0.19586196541786194, 0.296350359916687, 0.302567720413208, 0.2073184847831726]"
8402.0,2008-09-01T00:00:00.000000000,"[0.6193875670433044, 0.5313789248466492, 0.5093768239021301, 0.4873746931552887]","[0.32542741298675537, 0.344441294670105, 0.26797279715538025, 0.2731388807296753]"
8402.0,2008-12-01T00:00:00.000000000,"[0.5313789248466492, 0.5093768239021301, 0.4873746931552887, 0.6633917689323425]","[0.4337528944015503, 0.32145488262176514, 0.31487226486206055, 0.42817747592926025]"
8402.0,2009-03-01T00:00:00.000000000,"[0.5093768239021301, 0.4873746931552887, 0.6633917689323425, 0.5973852872848511]","[0.3752751350402832, 0.32548919320106506, 0.442632257938385, 0.3914681673049927]"
8402.0,2009-06-01T00:00:00.000000000,"[0.4873746931552887, 0.6633917689323425, 0.5973852872848511, 0.6853939294815063]","[0.37839171290397644, 0.49930185079574585, 0.4346635937690735, 0.36344099044799805]"
8402.0,2009-09-01T00:00:00.000000000,"[0.6633917689323425, 0.5973852872848511, 0.6853939294815063, 0.6413896679878235]","[0.46924829483032227, 0.45564496517181396, 0.386002779006958, 0.4061804413795471]"
8402.0,2009-12-01T00:00:00.000000000,"[0.5973852872848511, 0.6853939294815063, 0.6413896679878235, 0.7734025120735168]","[0.5876064896583557, 0.5052677989006042, 0.4877210855484009, 0.6176995038986206]"
8402.0,2010-03-01T00:00:00.000000000,"[0.6853939294815063, 0.6413896679878235, 0.7734025120735168, 0.7293981313705444]","[0.5091997385025024, 0.4646282196044922, 0.6173211336135864, 0.5839657187461853]"
8402.0,2010-06-01T00:00:00.000000000,"[0.6413896679878235, 0.7734025120735168, 0.7293981313705444, 1.2574495077133179]","[0.5297398567199707, 0.699104368686676, 0.6365179419517517, 0.5681794881820679]"
8402.0,2010-09-01T00:00:00.000000000,"[0.7734025120735168, 0.7293981313705444, 1.2574495077133179, 0.6853939294815063]","[0.6338514089584351, 0.6434581279754639, 0.5629309415817261, 0.5938809514045715]"
8402.0,2010-12-01T00:00:00.000000000,"[0.7293981313705444, 1.2574495077133179, 0.6853939294815063, 0.8614109754562378]","[0.6968334913253784, 0.649640679359436, 0.6091457009315491, 0.7427837252616882]"
8402.0,2011-03-01T00:00:00.000000000,"[1.2574495077133179, 0.6853939294815063, 0.8614109754562378, 0.8394088745117188]","[0.6210927963256836, 0.6030426025390625, 0.758094847202301, 0.702577531337738]"
8402.0,2011-06-01T00:00:00.000000000,"[0.6853939294815063, 0.8614109754562378, 0.8394088745117188, 1.4334666728973389]","[0.843914806842804, 0.9585251808166504, 0.8486106395721436, 0.7872027158737183]"
8402.0,2011-09-01T00:00:00.000000000,"[0.8614109754562378, 0.8394088745117188, 1.4334666728973389, 0.6413896679878235]","[0.7351540327072144, 0.6674625873565674, 0.6978166103363037, 0.6519297361373901]"
8402.0,2011-12-01T00:00:00.000000000,"[0.8394088745117188, 1.4334666728973389, 0.6413896679878235, 0.6853939294815063]","[0.8316802978515625, 0.8919887542724609, 0.7400608062744141, 0.9011756181716919]"
8402.0,2012-03-01T00:00:00.000000000,"[1.4334666728973389, 0.6413896679878235, 0.6853939294815063, 0.9054153561592102]","[0.7893919944763184, 0.6828668117523193, 0.908836841583252, 0.8846609592437744]"
8402.0,2012-06-01T00:00:00.000000000,"[0.6413896679878235, 0.6853939294815063, 0.9054153561592102, 1.4114645719528198]","[1.035616159439087, 1.1866859197616577, 1.0629009008407593, 1.030195951461792]"
8402.0,2012-09-01T00:00:00.000000000,"[0.6853939294815063, 0.9054153561592102, 1.4114645719528198, 0.8834132552146912]","[0.7954093217849731, 0.71699059009552, 0.8342324495315552, 0.7020442485809326]"
8402.0,2012-12-01T00:00:00.000000000,"[0.9054153561592102, 1.4114645719528198, 0.8834132552146912, 1.2574495077133179]","[0.8730200529098511, 1.0227588415145874, 0.7557241916656494, 0.875569760799408]"
8402.0,2013-03-01T00:00:00.000000000,"[1.4114645719528198, 0.8834132552146912, 1.2574495077133179, 1.301453948020935]","[0.9135494232177734, 0.7748616933822632, 0.9632665514945984, 0.986077070236206]"
8479.0,2006-06-01T00:00:00.000000000,"[2.2035415172576904, 2.2915501594543457, 1.7634987831115723, 1.125436782836914]","[1.5719331502914429, 1.956734538078308, 1.3342844247817993, 1.1697183847427368]"
8479.0,2006-09-01T00:00:00.000000000,"[2.2915501594543457, 1.7634987831115723, 1.125436782836914, 2.2035415172576904]","[1.9030120372772217, 1.5913513898849487, 1.5387877225875854, 2.1000795364379883]"
8479.0,2006-12-01T00:00:00.000000000,"[1.7634987831115723, 1.125436782836914, 2.2035415172576904, 2.269547939300537]","[1.6757874488830566, 1.5564463138580322, 2.0880045890808105, 2.1377580165863037]"
8479.0,2007-03-01T00:00:00.000000000,"[1.125436782836914, 2.2035415172576904, 2.269547939300537, 1.6314857006072998]","[1.3931207656860352, 2.2025132179260254, 2.419431447982788, 1.7009186744689941]"
8479.0,2007-06-01T00:00:00.000000000,"[2.2035415172576904, 2.269547939300537, 1.6314857006072998, 1.2574495077133179]","[1.6057050228118896, 2.0159213542938232, 1.3551647663116455, 1.1533781290054321]"
8479.0,2007-09-01T00:00:00.000000000,"[2.269547939300537, 1.6314857006072998, 1.2574495077133179, 2.269547939300537]","[1.8994500637054443, 1.5794657468795776, 1.4861338138580322, 2.131577491760254]"
8479.0,2007-12-01T00:00:00.000000000,"[1.6314857006072998, 1.2574495077133179, 2.269547939300537, 2.379558563232422]","[1.629524827003479, 1.5278964042663574, 2.0605087280273438, 2.141246795654297]"
8479.0,2008-03-01T00:00:00.000000000,"[1.2574495077133179, 2.269547939300537, 2.379558563232422, 1.9395159482955933]","[1.3322784900665283, 2.121563673019409, 2.4000823497772217, 1.6662178039550781]"
8479.0,2008-06-01T00:00:00.000000000,"[2.269547939300537, 2.379558563232422, 1.9395159482955933, 1.3674603700637817]","[1.646429181098938, 2.016420602798462, 1.3654611110687256, 1.1626933813095093]"
8479.0,2008-09-01T00:00:00.000000000,"[2.379558563232422, 1.9395159482955933, 1.3674603700637817, 2.4675674438476562]","[1.905163049697876, 1.5838783979415894, 1.4658465385437012, 2.1105568408966064]"
8479.0,2008-12-01T00:00:00.000000000,"[1.9395159482955933, 1.3674603700637817, 2.4675674438476562, 2.5555758476257324]","[1.6565675735473633, 1.5607836246490479, 2.0814335346221924, 2.190119504928589]"
8479.0,2009-03-01T00:00:00.000000000,"[1.3674603700637817, 2.4675674438476562, 2.5555758476257324, 2.181539297103882]","[1.4046684503555298, 2.1737465858459473, 2.4687280654907227, 1.7449731826782227]"
8479.0,2009-06-01T00:00:00.000000000,"[2.4675674438476562, 2.5555758476257324, 2.181539297103882, 1.4114645719528198]","[1.72157883644104, 2.082888126373291, 1.4466174840927124, 1.2272149324417114]"
8479.0,2009-09-01T00:00:00.000000000,"[2.5555758476257324, 2.181539297103882, 1.4114645719528198, 2.8416035175323486]","[2.05177903175354, 1.7112876176834106, 1.6027051210403442, 2.2354021072387695]"
8479.0,2009-12-01T00:00:00.000000000,"[2.181539297103882, 1.4114645719528198, 2.8416035175323486, 2.7975993156433105]","[1.7726185321807861, 1.661447525024414, 2.1908342838287354, 2.3280093669891357]"
8479.0,2010-03-01T00:00:00.000000000,"[1.4114645719528198, 2.8416035175323486, 2.7975993156433105, 2.577577829360962]","[1.503775954246521, 2.31011962890625, 2.6117303371429443, 1.8555892705917358]"
8479.0,2010-06-01T00:00:00.000000000,"[2.8416035175323486, 2.7975993156433105, 2.577577829360962, 1.4334666728973389]","[1.7980040311813354, 2.182255268096924, 1.5327749252319336, 1.2849788665771484]"
8479.0,2010-09-01T00:00:00.000000000,"[2.7975993156433105, 2.577577829360962, 1.4334666728973389, 2.6875884532928467]","[2.239398717880249, 1.8887200355529785, 1.7844781875610352, 2.5133557319641113]"
8479.0,2010-12-01T00:00:00.000000000,"[2.577577829360962, 1.4334666728973389, 2.6875884532928467, 2.7315926551818848]","[1.8736613988876343, 1.7626371383666992, 2.323847770690918, 2.4878735542297363]"
8479.0,2011-03-01T00:00:00.000000000,"[1.4334666728973389, 2.6875884532928467, 2.7315926551818848, 2.4895694255828857]","[1.6220215559005737, 2.455857038497925, 2.777703046798706, 2.000312328338623]"
8479.0,2011-06-01T00:00:00.000000000,"[2.6875884532928467, 2.7315926551818848, 2.4895694255828857, 1.6534881591796875]","[1.8288822174072266, 2.1844141483306885, 1.5876996517181396, 1.2973285913467407]"
8479.0,2011-09-01T00:00:00.000000000,"[2.7315926551818848, 2.4895694255828857, 1.6534881591796875, 2.2035415172576904]","[2.2735517024993896, 1.9298254251480103, 1.7695139646530151, 2.4997715950012207]"
8479.0,2011-12-01T00:00:00.000000000,"[2.4895694255828857, 1.6534881591796875, 2.2035415172576904, 2.9516141414642334]","[1.9470521211624146, 1.8424865007400513, 2.3956458568573, 2.549053430557251]"
8479.0,2012-03-01T00:00:00.000000000,"[1.6534881591796875, 2.2035415172576904, 2.9516141414642334, 2.533573627471924]","[1.6479415893554688, 2.4569053649902344, 2.7768797874450684, 2.024759531021118]"
8479.0,2012-06-01T00:00:00.000000000,"[2.2035415172576904, 2.9516141414642334, 2.533573627471924, 1.9615180492401123]","[2.0352892875671387, 2.337038516998291, 1.73905348777771, 1.4533758163452148]"
8479.0,2012-09-01T00:00:00.000000000,"[2.9516141414642334, 2.533573627471924, 1.9615180492401123, 3.083627223968506]","[2.233914852142334, 1.8544394969940186, 1.7138031721115112, 2.343944549560547]"
8479.0,2012-12-01T00:00:00.000000000,"[2.533573627471924, 1.9615180492401123, 3.083627223968506, 3.2376420497894287]","[2.114295721054077, 1.9780333042144775, 2.5335757732391357, 2.6834702491760254]"
8479.0,2013-03-01T00:00:00.000000000,"[1.9615180492401123, 3.083627223968506, 3.2376420497894287, 2.665586471557617]","[1.7464951276779175, 2.595018148422241, 2.9072272777557373, 2.130187749862671]"
8539.0,2006-06-01T00:00:00.000000000,"[0.42136821150779724, 1.0154259204864502, 0.35536178946495056, 0.8614109754562378]","[1.1540132761001587, 1.1967123746871948, 1.1944503784179688, 1.266122817993164]"
8539.0,2006-09-01T00:00:00.000000000,"[1.0154259204864502, 0.35536178946495056, 0.8614109754562378, 0.5973852872848511]","[1.0994256734848022, 1.1453237533569336, 1.2233871221542358, 1.2789467573165894]"
8539.0,2006-12-01T00:00:00.000000000,"[0.35536178946495056, 0.8614109754562378, 0.5973852872848511, 1.125436782836914]","[0.9988270998001099, 1.0515457391738892, 1.1578030586242676, 1.3722771406173706]"
8539.0,2007-03-01T00:00:00.000000000,"[0.8614109754562378, 0.5973852872848511, 1.125436782836914, 0.13534040749073029]","[0.9301025867462158, 1.0558196306228638, 1.4398785829544067, 1.1342321634292603]"
8539.0,2007-06-01T00:00:00.000000000,"[0.5973852872848511, 1.125436782836914, 0.13534040749073029, 0.7954046130180359]","[1.0914881229400635, 1.14157235622406, 1.1405003070831299, 1.2446274757385254]"
8539.0,2007-09-01T00:00:00.000000000,"[1.125436782836914, 0.13534040749073029, 0.7954046130180359, 0.7293981313705444]","[1.013426423072815, 1.1094807386398315, 1.234794020652771, 1.1577013731002808]"
8539.0,2007-12-01T00:00:00.000000000,"[0.13534040749073029, 0.7954046130180359, 0.7293981313705444, 1.301453948020935]","[1.0834553241729736, 1.127193808555603, 1.1194143295288086, 1.2217687368392944]"
8539.0,2008-03-01T00:00:00.000000000,"[0.7954046130180359, 0.7293981313705444, 1.301453948020935, 0.26735323667526245]","[0.9606261253356934, 1.069459319114685, 1.2738667726516724, 1.071384310722351]"
8539.0,2008-06-01T00:00:00.000000000,"[0.7293981313705444, 1.301453948020935, 0.26735323667526245, 0.7293981313705444]","[1.021331787109375, 1.0879539251327515, 1.1055933237075806, 1.1237847805023193]"
8539.0,2008-09-01T00:00:00.000000000,"[1.301453948020935, 0.26735323667526245, 0.7293981313705444, 0.4873746931552887]","[0.9775769114494324, 1.068819522857666, 1.1685646772384644, 1.0698773860931396]"
8539.0,2008-12-01T00:00:00.000000000,"[0.26735323667526245, 0.7293981313705444, 0.4873746931552887, 1.1694409847259521]","[1.0757975578308105, 1.0990338325500488, 1.1111764907836914, 1.198278546333313]"
8539.0,2009-03-01T00:00:00.000000000,"[0.7293981313705444, 0.4873746931552887, 1.1694409847259521, 0.5093768239021301]","[0.9048115015029907, 1.0231196880340576, 1.2566888332366943, 1.0121631622314453]"
8539.0,2009-06-01T00:00:00.000000000,"[0.4873746931552887, 1.1694409847259521, 0.5093768239021301, 1.4114645719528198]","[0.9354020357131958, 0.9868677258491516, 0.9853415489196777, 1.0679364204406738]"
8539.0,2009-09-01T00:00:00.000000000,"[1.1694409847259521, 0.5093768239021301, 1.4114645719528198, 0.8614109754562378]","[0.8589378595352173, 0.91441810131073, 1.0158673524856567, 0.9021415710449219]"
8539.0,2009-12-01T00:00:00.000000000,"[0.5093768239021301, 1.4114645719528198, 0.8614109754562378, 1.2354472875595093]","[0.868186891078949, 0.9214004278182983, 0.9663369655609131, 1.0488213300704956]"
8539.0,2010-03-01T00:00:00.000000000,"[1.4114645719528198, 0.8614109754562378, 1.2354472875595093, 0.575383186340332]","[0.8362313508987427, 0.9511117339134216, 1.193113088607788, 0.9561367630958557]"
8539.0,2010-06-01T00:00:00.000000000,"[0.8614109754562378, 1.2354472875595093, 0.575383186340332, 1.2134451866149902]","[1.0207008123397827, 1.0085365772247314, 1.0143542289733887, 1.1105064153671265]"
8539.0,2010-09-01T00:00:00.000000000,"[1.2354472875595093, 0.575383186340332, 1.2134451866149902, 0.6193875670433044]","[0.899193286895752, 0.9087963104248047, 0.9915788769721985, 0.8669532537460327]"
8539.0,2010-12-01T00:00:00.000000000,"[0.575383186340332, 1.2134451866149902, 0.6193875670433044, 1.323456048965454]","[0.8348110914230347, 0.850909948348999, 0.883857250213623, 0.9709818363189697]"
8539.0,2011-03-01T00:00:00.000000000,"[1.2134451866149902, 0.6193875670433044, 1.323456048965454, 1.125436782836914]","[0.8191425800323486, 0.8612436652183533, 1.0581541061401367, 0.8401445150375366]"
8539.0,2011-06-01T00:00:00.000000000,"[0.6193875670433044, 1.323456048965454, 1.125436782836914, 1.2134451866149902]","[0.9104311466217041, 0.8576620221138, 0.8226134181022644, 0.9426981806755066]"
8539.0,2011-09-01T00:00:00.000000000,"[1.323456048965454, 1.125436782836914, 1.2134451866149902, 0.5093768239021301]","[0.7862671613693237, 0.7470636367797852, 0.8133859634399414, 0.7844614386558533]"
8539.0,2011-12-01T00:00:00.000000000,"[1.125436782836914, 1.2134451866149902, 0.5093768239021301, 1.5874814987182617]","[0.7770317196846008, 0.8093932867050171, 0.8839361667633057, 0.9977712631225586]"
8539.0,2012-03-01T00:00:00.000000000,"[1.2134451866149902, 0.5093768239021301, 1.5874814987182617, 0.9714217185974121]","[0.8673416376113892, 0.8891602754592896, 1.0297839641571045, 0.8985615372657776]"
8539.0,2012-06-01T00:00:00.000000000,"[0.5093768239021301, 1.5874814987182617, 0.9714217185974121, -0.8327537775039673]","[1.0045000314712524, 1.1480307579040527, 0.9632399678230286, 1.0781044960021973]"
8539.0,2012-09-01T00:00:00.000000000,"[1.5874814987182617, 0.9714217185974121, -0.8327537775039673, 1.2574495077133179]","[0.8938677906990051, 0.7212634086608887, 0.6628656387329102, 0.6392949819564819]"
8539.0,2012-12-01T00:00:00.000000000,"[0.9714217185974121, -0.8327537775039673, 1.2574495077133179, 1.6974923610687256]","[1.0316615104675293, 1.0652036666870117, 0.8572010397911072, 1.2855292558670044]"
8539.0,2013-03-01T00:00:00.000000000,"[-0.8327537775039673, 1.2574495077133179, 1.6974923610687256, 1.279451608657837]","[0.9242737293243408, 0.8489662408828735, 1.2544536590576172, 0.9640838503837585]"
8762.0,2006-06-01T00:00:00.000000000,"[1.3894624710083008, 1.6534881591796875, 1.6314857006072998, 1.323456048965454]","[1.3322162628173828, 1.9371072053909302, 2.2515130043029785, 1.5570425987243652]"
8762.0,2006-09-01T00:00:00.000000000,"[1.6534881591796875, 1.6314857006072998, 1.323456048965454, 1.499472975730896]","[1.717857837677002, 2.225520610809326, 1.557013988494873, 1.4642372131347656]"
8762.0,2006-12-01T00:00:00.000000000,"[1.6314857006072998, 1.323456048965454, 1.499472975730896, 1.455468773841858]","[1.6936272382736206, 1.4235438108444214, 1.3503222465515137, 1.7335495948791504]"
8762.0,2007-03-01T00:00:00.000000000,"[1.323456048965454, 1.499472975730896, 1.455468773841858, 1.5874814987182617]","[1.4326050281524658, 1.3895790576934814, 1.699847936630249, 1.8906258344650269]"
8762.0,2007-06-01T00:00:00.000000000,"[1.499472975730896, 1.455468773841858, 1.5874814987182617, 1.1914430856704712]","[1.2956229448318481, 1.7329118251800537, 2.119622230529785, 1.5019785165786743]"
8762.0,2007-09-01T00:00:00.000000000,"[1.455468773841858, 1.5874814987182617, 1.1914430856704712, 1.0374282598495483]","[1.668582797050476, 2.1129302978515625, 1.5416120290756226, 1.4823378324508667]"
8762.0,2007-12-01T00:00:00.000000000,"[1.5874814987182617, 1.1914430856704712, 1.0374282598495483, 1.5654793977737427]","[1.6207976341247559, 1.3705329895019531, 1.2680506706237793, 1.6313337087631226]"
8762.0,2008-03-01T00:00:00.000000000,"[1.1914430856704712, 1.0374282598495483, 1.5654793977737427, 1.6754902601242065]","[1.2300468683242798, 1.2418948411941528, 1.462367296218872, 1.7783143520355225]"
8762.0,2008-06-01T00:00:00.000000000,"[1.0374282598495483, 1.5654793977737427, 1.6754902601242065, 1.4114645719528198]","[1.225597858428955, 1.356618881225586, 1.8928544521331787, 1.3614329099655151]"
8762.0,2008-09-01T00:00:00.000000000,"[1.5654793977737427, 1.6754902601242065, 1.4114645719528198, 1.1694409847259521]","[1.4874963760375977, 1.8187365531921387, 1.3634870052337646, 1.2830677032470703]"
8762.0,2008-12-01T00:00:00.000000000,"[1.6754902601242065, 1.4114645719528198, 1.1694409847259521, 1.6974923610687256]","[1.6453380584716797, 1.4028106927871704, 1.3157002925872803, 1.573967456817627]"
8762.0,2009-03-01T00:00:00.000000000,"[1.4114645719528198, 1.1694409847259521, 1.6974923610687256, 1.9175138473510742]","[1.266929030418396, 1.278127908706665, 1.383473515510559, 1.7405593395233154]"
8762.0,2009-06-01T00:00:00.000000000,"[1.1694409847259521, 1.6974923610687256, 1.9175138473510742, 1.499472975730896]","[1.3288379907608032, 1.383366584777832, 1.812515139579773, 1.4272822141647339]"
8762.0,2009-09-01T00:00:00.000000000,"[1.6974923610687256, 1.9175138473510742, 1.499472975730896, 1.3674603700637817]","[1.4222711324691772, 1.7621707916259766, 1.1830682754516602, 1.5709606409072876]"
8762.0,2009-12-01T00:00:00.000000000,"[1.9175138473510742, 1.499472975730896, 1.3674603700637817, 1.7634987831115723]","[1.7625774145126343, 1.3601124286651611, 1.567901372909546, 1.6957210302352905]"
8762.0,2010-03-01T00:00:00.000000000,"[1.499472975730896, 1.3674603700637817, 1.7634987831115723, 2.0495264530181885]","[1.3627572059631348, 1.3408548831939697, 1.4436233043670654, 1.7545751333236694]"
8762.0,2010-06-01T00:00:00.000000000,"[1.3674603700637817, 1.7634987831115723, 2.0495264530181885, 1.6314857006072998]","[1.3562216758728027, 1.4882678985595703, 1.8979952335357666, 1.5273025035858154]"
8762.0,2010-09-01T00:00:00.000000000,"[1.7634987831115723, 2.0495264530181885, 1.6314857006072998, 1.7194944620132446]","[1.4683881998062134, 1.8179223537445068, 1.3059452772140503, 1.5621989965438843]"
8762.0,2010-12-01T00:00:00.000000000,"[2.0495264530181885, 1.6314857006072998, 1.7194944620132446, 2.313552141189575]","[1.7769579887390137, 1.4496915340423584, 1.6182537078857422, 1.7891557216644287]"
8762.0,2011-03-01T00:00:00.000000000,"[1.6314857006072998, 1.7194944620132446, 2.313552141189575, 2.42356276512146]","[1.4590710401535034, 1.4326472282409668, 1.622448205947876, 1.8057498931884766]"
8762.0,2011-06-01T00:00:00.000000000,"[1.7194944620132446, 2.313552141189575, 2.42356276512146, 1.8735092878341675]","[1.32432222366333, 1.5975639820098877, 1.9011225700378418, 1.5200285911560059]"
8762.0,2011-09-01T00:00:00.000000000,"[2.313552141189575, 2.42356276512146, 1.8735092878341675, 1.8515071868896484]","[1.641743779182434, 1.9484940767288208, 1.5293562412261963, 1.470505714416504]"
8762.0,2011-12-01T00:00:00.000000000,"[2.42356276512146, 1.8735092878341675, 1.8515071868896484, 2.885607957839966]","[1.8778679370880127, 1.676312804222107, 1.6405410766601562, 1.9307386875152588]"
8762.0,2012-03-01T00:00:00.000000000,"[1.8735092878341675, 1.8515071868896484, 2.885607957839966, 2.9076099395751953]","[1.6499983072280884, 1.5878057479858398, 1.8534207344055176, 2.0455322265625]"
8762.0,2012-06-01T00:00:00.000000000,"[1.8515071868896484, 2.885607957839966, 2.9076099395751953, 2.071528673171997]","[1.426663875579834, 1.8824093341827393, 2.181610345840454, 1.6661937236785889]"
8762.0,2012-09-01T00:00:00.000000000,"[2.885607957839966, 2.9076099395751953, 2.071528673171997, 1.7855008840560913]","[1.8158323764801025, 2.163012981414795, 1.6452068090438843, 1.583964228630066]"
8762.0,2012-12-01T00:00:00.000000000,"[2.9076099395751953, 2.071528673171997, 1.7855008840560913, 2.8416035175323486]","[2.2682578563690186, 1.947119951248169, 1.9111459255218506, 2.28952956199646]"
8762.0,2013-03-01T00:00:00.000000000,"[2.071528673171997, 1.7855008840560913, 2.8416035175323486, 2.9516141414642334]","[1.8823014497756958, 1.7726349830627441, 2.1658804416656494, 2.3760805130004883]"
9248.0,2006-06-01T00:00:00.000000000,"[0.5643821358680725, 0.553381085395813, 0.3223586082458496, 0.6193875670433044]","[0.39918947219848633, 0.32904279232025146, 0.27212315797805786, 0.4622272849082947]"
9248.0,2006-09-01T00:00:00.000000000,"[0.553381085395813, 0.3223586082458496, 0.6193875670433044, 0.7624014616012573]","[0.3761454224586487, 0.34338104724884033, 0.5412607789039612, 0.47644931077957153]"
9248.0,2006-12-01T00:00:00.000000000,"[0.3223586082458496, 0.6193875670433044, 0.7624014616012573, 0.6853939294815063]","[0.3790709376335144, 0.6271357536315918, 0.558958113193512, 0.44168996810913086]"
9248.0,2007-03-01T00:00:00.000000000,"[0.6193875670433044, 0.7624014616012573, 0.6853939294815063, 0.4653724431991577]","[0.4257068634033203, 0.4536472260951996, 0.27673235535621643, 0.2724779546260834]"
9248.0,2007-06-01T00:00:00.000000000,"[0.7624014616012573, 0.6853939294815063, 0.4653724431991577, 0.7514004111289978]","[0.5606480836868286, 0.501545786857605, 0.4226001501083374, 0.5881901979446411]"
9248.0,2007-09-01T00:00:00.000000000,"[0.6853939294815063, 0.4653724431991577, 0.7514004111289978, 0.9054153561592102]","[0.534801721572876, 0.4810221493244171, 0.7035087943077087, 0.6351616382598877]"
9248.0,2007-12-01T00:00:00.000000000,"[0.4653724431991577, 0.7514004111289978, 0.9054153561592102, 0.8614109754562378]","[0.5188430547714233, 0.7845103740692139, 0.7283506989479065, 0.5876292586326599]"
9248.0,2008-03-01T00:00:00.000000000,"[0.7514004111289978, 0.9054153561592102, 0.8614109754562378, 0.6633917689323425]","[0.5684090256690979, 0.635165810585022, 0.432144433259964, 0.4070684611797333]"
9248.0,2008-06-01T00:00:00.000000000,"[0.9054153561592102, 0.8614109754562378, 0.6633917689323425, 0.9934238195419312]","[0.7014464735984802, 0.6316629648208618, 0.5622356534004211, 0.7060433626174927]"
9248.0,2008-09-01T00:00:00.000000000,"[0.8614109754562378, 0.6633917689323425, 0.9934238195419312, 1.103434681892395]","[0.6915017366409302, 0.6054444313049316, 0.8255087733268738, 0.7770090103149414]"
9248.0,2008-12-01T00:00:00.000000000,"[0.6633917689323425, 0.9934238195419312, 1.103434681892395, 1.103434681892395]","[0.6623597741127014, 0.931182861328125, 0.8993983268737793, 0.7375579476356506]"
9248.0,2009-03-01T00:00:00.000000000,"[0.9934238195419312, 1.103434681892395, 1.103434681892395, 0.8834132552146912]","[0.7261552214622498, 0.8606430888175964, 0.6287393569946289, 0.5807828307151794]"
9248.0,2009-06-01T00:00:00.000000000,"[1.103434681892395, 1.103434681892395, 0.8834132552146912, 1.455468773841858]","[0.88773512840271, 0.8222095966339111, 0.7490614652633667, 0.8925360441207886]"
9248.0,2009-09-01T00:00:00.000000000,"[1.103434681892395, 0.8834132552146912, 1.455468773841858, 1.323456048965454]","[0.8855962753295898, 0.7490715980529785, 0.9864356517791748, 0.9630372524261475]"
9248.0,2009-12-01T00:00:00.000000000,"[0.8834132552146912, 1.455468773841858, 1.323456048965454, 1.5874814987182617]","[0.8509129881858826, 1.124433994293213, 1.1059246063232422, 0.9341246485710144]"
9248.0,2010-03-01T00:00:00.000000000,"[1.455468773841858, 1.323456048965454, 1.5874814987182617, 1.301453948020935]","[0.9174543619155884, 1.0899691581726074, 0.8585418462753296, 0.8089535236358643]"
9248.0,2010-06-01T00:00:00.000000000,"[1.323456048965454, 1.5874814987182617, 1.301453948020935, 1.7855008840560913]","[1.246632695198059, 1.1970521211624146, 1.0650357007980347, 1.2409688234329224]"
9248.0,2010-09-01T00:00:00.000000000,"[1.5874814987182617, 1.301453948020935, 1.7855008840560913, 1.8295050859451294]","[1.0921550989151, 0.9313284158706665, 1.2620397806167603, 1.2179677486419678]"
9248.0,2010-12-01T00:00:00.000000000,"[1.301453948020935, 1.7855008840560913, 1.8295050859451294, 1.8075029850006104]","[1.1557211875915527, 1.4724699258804321, 1.4399144649505615, 1.2634645700454712]"
9248.0,2011-03-01T00:00:00.000000000,"[1.7855008840560913, 1.8295050859451294, 1.8075029850006104, 1.5654793977737427]","[1.2694132328033447, 1.3513157367706299, 1.1911976337432861, 1.1683611869812012]"
9248.0,2011-06-01T00:00:00.000000000,"[1.8295050859451294, 1.8075029850006104, 1.5654793977737427, 2.115532875061035]","[1.6121937036514282, 1.5870959758758545, 1.3829314708709717, 1.6127114295959473]"
9248.0,2011-09-01T00:00:00.000000000,"[1.8075029850006104, 1.5654793977737427, 2.115532875061035, -2.614927291870117]","[1.4761451482772827, 1.268678069114685, 1.6445550918579102, 1.6414530277252197]"
9248.0,2011-12-01T00:00:00.000000000,"[1.5654793977737427, 2.115532875061035, -2.614927291870117, -0.5687280893325806]","[1.4245092868804932, 1.7484675645828247, 1.767079472541809, 1.5666773319244385]"
9248.0,2012-03-01T00:00:00.000000000,"[2.115532875061035, -2.614927291870117, -0.5687280893325806, 1.5434772968292236]","[1.5821959972381592, 1.7268375158309937, 1.515919804573059, 1.4913091659545898]"
9248.0,2012-06-01T00:00:00.000000000,"[-2.614927291870117, -0.5687280893325806, 1.5434772968292236, 0.7734025120735168]","[1.9674651622772217, 1.924773097038269, 1.6893820762634277, 1.9954792261123657]"
9248.0,2012-09-01T00:00:00.000000000,"[-0.5687280893325806, 1.5434772968292236, 0.7734025120735168, 2.2475459575653076]","[0.02460503578186035, -0.09643292427062988, 0.7399507164955139, 0.22539937496185303]"
9248.0,2012-12-01T00:00:00.000000000,"[1.5434772968292236, 0.7734025120735168, 2.2475459575653076, 2.3575565814971924]","[0.003500044345855713, 0.4207279682159424, 0.6898699402809143, 0.7051762938499451]"
9248.0,2013-03-01T00:00:00.000000000,"[0.7734025120735168, 2.2475459575653076, 2.3575565814971924, 1.6974923610687256]","[1.300722599029541, 1.1456706523895264, 1.3043899536132812, 1.4358611106872559]"
9667.0,2006-06-01T00:00:00.000000000,"[1.455468773841858, 1.7562381029129028, 0.3040968179702759, 0.3113575577735901]","[0.47997453808784485, 0.8647340536117554, 0.13726907968521118, 0.13344377279281616]"
9667.0,2006-09-01T00:00:00.000000000,"[1.7562381029129028, 0.3040968179702759, 0.3113575577735901, 2.0127828121185303]","[0.7139625549316406, 0.40331369638442993, 0.38902390003204346, 1.0863053798675537]"
9667.0,2006-12-01T00:00:00.000000000,"[0.3040968179702759, 0.3113575577735901, 2.0127828121185303, 2.2108023166656494]","[0.4683980941772461, 0.4945509433746338, 1.134940505027771, 1.0940041542053223]"
9667.0,2007-03-01T00:00:00.000000000,"[0.3113575577735901, 2.0127828121185303, 2.2108023166656494, 0.8541504144668579]","[0.11550112068653107, 0.9538068771362305, 1.1119322776794434, 0.2989664077758789]"
9667.0,2007-06-01T00:00:00.000000000,"[2.0127828121185303, 2.2108023166656494, 0.8541504144668579, 0.6266481280326843]","[0.6396238803863525, 1.127580165863037, 0.22770006954669952, 0.19500744342803955]"
9667.0,2007-09-01T00:00:00.000000000,"[2.2108023166656494, 0.8541504144668579, 0.6266481280326843, 2.276808500289917]","[1.109787106513977, 0.694807767868042, 0.6432515382766724, 1.4893733263015747]"
9667.0,2007-12-01T00:00:00.000000000,"[0.8541504144668579, 0.6266481280326843, 2.276808500289917, 2.4015607833862305]","[0.7070516347885132, 0.6646557450294495, 1.496209740638733, 1.4656482934951782]"
9667.0,2008-03-01T00:00:00.000000000,"[0.6266481280326843, 2.276808500289917, 2.4015607833862305, 1.0741716623306274]","[0.3010474443435669, 1.4178225994110107, 1.5812745094299316, 0.5786254405975342]"
9667.0,2008-06-01T00:00:00.000000000,"[2.276808500289917, 2.4015607833862305, 1.0741716623306274, 0.9641609787940979]","[0.9425167441368103, 1.4545652866363525, 0.42996442317962646, 0.3739621043205261]"
9667.0,2008-09-01T00:00:00.000000000,"[2.4015607833862305, 1.0741716623306274, 0.9641609787940979, 2.61432147026062]","[1.4864047765731812, 0.940227746963501, 0.8743722438812256, 1.806792140007019]"
9667.0,2008-12-01T00:00:00.000000000,"[1.0741716623306274, 0.9641609787940979, 2.61432147026062, 2.782857894897461]","[0.988762617111206, 0.909009575843811, 1.8799601793289185, 1.821241021156311]"
9667.0,2009-03-01T00:00:00.000000000,"[0.9641609787940979, 2.61432147026062, 2.782857894897461, 1.6167445182800293]","[0.5571852326393127, 1.8875776529312134, 2.009305477142334, 0.8682233691215515]"
9667.0,2009-06-01T00:00:00.000000000,"[2.61432147026062, 2.782857894897461, 1.6167445182800293, 1.9175138473510742]","[1.320359706878662, 1.8715267181396484, 0.719623327255249, 0.6564323306083679]"
9667.0,2009-09-01T00:00:00.000000000,"[2.782857894897461, 1.6167445182800293, 1.9175138473510742, 3.5016677379608154]","[1.9110822677612305, 1.2758193016052246, 1.227483868598938, 2.2291808128356934]"
9667.0,2009-12-01T00:00:00.000000000,"[1.6167445182800293, 1.9175138473510742, 3.5016677379608154, 3.4649243354797363]","[1.3661391735076904, 1.2671442031860352, 2.354036808013916, 2.259758710861206]"
9667.0,2010-03-01T00:00:00.000000000,"[1.9175138473510742, 3.5016677379608154, 3.4649243354797363, 1.8955113887786865]","[0.9528548121452332, 2.513883590698242, 2.6121723651885986, 1.3812282085418701]"
9667.0,2010-06-01T00:00:00.000000000,"[3.5016677379608154, 3.4649243354797363, 1.8955113887786865, 1.9395159482955933]","[1.9732182025909424, 2.6371123790740967, 1.3893412351608276, 1.3949052095413208]"
9667.0,2010-09-01T00:00:00.000000000,"[3.4649243354797363, 1.8955113887786865, 1.9395159482955933, 4.117727756500244]","[2.565802574157715, 1.8761234283447266, 1.8885265588760376, 3.062551498413086]"
9667.0,2010-12-01T00:00:00.000000000,"[1.8955113887786865, 1.9395159482955933, 4.117727756500244, 4.176473617553711]","[1.9079700708389282, 1.8569437265396118, 3.0654244422912598, 2.842617988586426]"
9667.0,2011-03-01T00:00:00.000000000,"[1.9395159482955933, 4.117727756500244, 4.176473617553711, 2.430823802947998]","[1.390820026397705, 3.034999132156372, 3.0730056762695312, 1.7625060081481934]"
9667.0,2011-06-01T00:00:00.000000000,"[4.117727756500244, 4.176473617553711, 2.430823802947998, 2.2915501594543457]","[2.3759047985076904, 2.978895664215088, 1.6685316562652588, 1.6969501972198486]"
9667.0,2011-09-01T00:00:00.000000000,"[4.176473617553711, 2.430823802947998, 2.2915501594543457, 4.506505489349365]","[3.2097792625427246, 2.4131243228912354, 2.47287654876709, 3.703031301498413]"
9667.0,2011-12-01T00:00:00.000000000,"[2.430823802947998, 2.2915501594543457, 4.506505489349365, 5.379110336303711]","[2.4272608757019043, 2.389657974243164, 3.7299346923828125, 3.4664673805236816]"
9667.0,2012-03-01T00:00:00.000000000,"[2.2915501594543457, 4.506505489349365, 5.379110336303711, 3.0323619842529297]","[1.8599494695663452, 3.682377338409424, 3.6990785598754883, 2.240368127822876]"
9667.0,2012-06-01T00:00:00.000000000,"[4.506505489349365, 5.379110336303711, 3.0323619842529297, 3.831699848175049]","[2.8659439086914062, 3.5597734451293945, 2.083759069442749, 2.1094260215759277]"
9667.0,2012-09-01T00:00:00.000000000,"[5.379110336303711, 3.0323619842529297, 3.831699848175049, 5.129826545715332]","[3.6629652976989746, 2.8138999938964844, 2.894711971282959, 4.259681224822998]"
9667.0,2012-12-01T00:00:00.000000000,"[3.0323619842529297, 3.831699848175049, 5.129826545715332, 3.8977060317993164]","[3.015188455581665, 3.000880002975464, 4.444669246673584, 4.21415901184082]"
9667.0,2013-03-01T00:00:00.000000000,"[3.831699848175049, 5.129826545715332, 3.8977060317993164, 2.2475459575653076]","[2.2771072387695312, 4.298440456390381, 4.496913433074951, 2.7915735244750977]"
10499.0,2006-06-01T00:00:00.000000000,"[0.6633917689323425, 0.9714217185974121, 0.8174067735671997, 0.6413896679878235]","[0.3243408203125, 0.34917426109313965, 0.3610997498035431, 0.29307687282562256]"
10499.0,2006-09-01T00:00:00.000000000,"[0.9714217185974121, 0.8174067735671997, 0.6413896679878235, 0.7293981313705444]","[0.5465810298919678, 0.435584157705307, 0.4183429479598999, 0.5892832279205322]"
10499.0,2006-12-01T00:00:00.000000000,"[0.8174067735671997, 0.6413896679878235, 0.7293981313705444, 0.9714217185974121]","[0.5815609693527222, 0.4963908791542053, 0.60291987657547, 0.679138720035553]"
10499.0,2007-03-01T00:00:00.000000000,"[0.6413896679878235, 0.7293981313705444, 0.9714217185974121, 0.8614109754562378]","[0.3991451859474182, 0.5307029485702515, 0.7538317441940308, 0.5326472520828247]"
10499.0,2007-06-01T00:00:00.000000000,"[0.7293981313705444, 0.9714217185974121, 0.8614109754562378, 0.7293981313705444]","[0.588875412940979, 0.6786239147186279, 0.5020224452018738, 0.4567105770111084]"
10499.0,2007-09-01T00:00:00.000000000,"[0.9714217185974121, 0.8614109754562378, 0.7293981313705444, 0.9714217185974121]","[0.68468177318573, 0.554898738861084, 0.5513269901275635, 0.7263950109481812]"
10499.0,2007-12-01T00:00:00.000000000,"[0.8614109754562378, 0.7293981313705444, 0.9714217185974121, 1.3674603700637817]","[0.7318421602249146, 0.6121491193771362, 0.6698324084281921, 0.7971100211143494]"
10499.0,2008-03-01T00:00:00.000000000,"[0.7293981313705444, 0.9714217185974121, 1.3674603700637817, 1.2134451866149902]","[0.5393177270889282, 0.64872145652771, 0.8397592306137085, 0.6071792840957642]"
10499.0,2008-06-01T00:00:00.000000000,"[0.9714217185974121, 1.3674603700637817, 1.2134451866149902, 1.1694409847259521]","[0.6254057884216309, 0.7368093132972717, 0.5938750505447388, 0.5219573974609375]"
10499.0,2008-09-01T00:00:00.000000000,"[1.3674603700637817, 1.2134451866149902, 1.1694409847259521, 1.5654793977737427]","[0.8046600222587585, 0.665176510810852, 0.6724162697792053, 0.8426274061203003]"
10499.0,2008-12-01T00:00:00.000000000,"[1.2134451866149902, 1.1694409847259521, 1.5654793977737427, 2.071528673171997]","[1.053422212600708, 0.865068256855011, 0.9273899793624878, 1.0620238780975342]"
10499.0,2009-03-01T00:00:00.000000000,"[1.1694409847259521, 1.5654793977737427, 2.071528673171997, 1.6974923610687256]","[0.9487254619598389, 1.029806137084961, 1.2184125185012817, 1.0306565761566162]"
10499.0,2009-06-01T00:00:00.000000000,"[1.5654793977737427, 2.071528673171997, 1.6974923610687256, 2.269547939300537]","[1.0984013080596924, 1.3752729892730713, 0.9948265552520752, 0.92994225025177]"
10499.0,2009-09-01T00:00:00.000000000,"[2.071528673171997, 1.6974923610687256, 2.269547939300537, 2.379558563232422]","[1.3517255783081055, 1.091083288192749, 1.1426315307617188, 1.3742643594741821]"
10499.0,2009-12-01T00:00:00.000000000,"[1.6974923610687256, 2.269547939300537, 2.379558563232422, 2.775597333908081]","[1.541409969329834, 1.248644232749939, 1.4452769756317139, 1.5837252140045166]"
10499.0,2010-03-01T00:00:00.000000000,"[2.269547939300537, 2.379558563232422, 2.775597333908081, 2.0935308933258057]","[1.1734731197357178, 1.3674747943878174, 1.6043846607208252, 1.2529971599578857]"
10499.0,2010-06-01T00:00:00.000000000,"[2.379558563232422, 2.775597333908081, 2.0935308933258057, 1.9835201501846313]","[1.6621172428131104, 1.8245277404785156, 1.3729569911956787, 1.192692756652832]"
10499.0,2010-09-01T00:00:00.000000000,"[2.775597333908081, 2.0935308933258057, 1.9835201501846313, 2.2915501594543457]","[1.8343029022216797, 1.3294837474822998, 1.1332149505615234, 1.3805451393127441]"
10499.0,2010-12-01T00:00:00.000000000,"[2.0935308933258057, 1.9835201501846313, 2.2915501594543457, 2.577577829360962]","[1.772923469543457, 1.3707489967346191, 1.4625216722488403, 1.5685019493103027]"
10499.0,2011-03-01T00:00:00.000000000,"[1.9835201501846313, 2.2915501594543457, 2.577577829360962, 1.7634987831115723]","[1.6135482788085938, 1.665724515914917, 1.836463451385498, 1.4732532501220703]"
10499.0,2011-06-01T00:00:00.000000000,"[2.2915501594543457, 2.577577829360962, 1.7634987831115723, 2.027524471282959]","[1.9389026165008545, 2.0905919075012207, 1.4813611507415771, 1.420750617980957]"
10499.0,2011-09-01T00:00:00.000000000,"[2.577577829360962, 1.7634987831115723, 2.027524471282959, 2.5555758476257324]","[2.250187873840332, 1.7732090950012207, 1.7274529933929443, 1.9734647274017334]"
10499.0,2011-12-01T00:00:00.000000000,"[1.7634987831115723, 2.027524471282959, 2.5555758476257324, 2.4895694255828857]","[2.235208511352539, 1.9790444374084473, 2.223273277282715, 2.389143943786621]"
10499.0,2012-03-01T00:00:00.000000000,"[2.027524471282959, 2.5555758476257324, 2.4895694255828857, 2.9076099395751953]","[1.8485572338104248, 1.9770623445510864, 2.139352321624756, 1.8115885257720947]"
10499.0,2012-06-01T00:00:00.000000000,"[2.5555758476257324, 2.4895694255828857, 2.9076099395751953, 3.369654893875122]","[2.2778103351593018, 2.589402437210083, 1.9489414691925049, 1.9509230852127075]"
10499.0,2012-09-01T00:00:00.000000000,"[2.4895694255828857, 2.9076099395751953, 3.369654893875122, 3.8096976280212402]","[2.5968873500823975, 2.293570041656494, 2.1928904056549072, 2.524474620819092]"
10499.0,2012-12-01T00:00:00.000000000,"[2.9076099395751953, 3.369654893875122, 3.8096976280212402, 3.8537018299102783]","[2.3149256706237793, 2.1968135833740234, 2.5937399864196777, 2.5813159942626953]"
10499.0,2013-03-01T00:00:00.000000000,"[3.369654893875122, 3.8096976280212402, 3.8537018299102783, 4.2937445640563965]","[2.3002445697784424, 2.864781618118286, 2.914971113204956, 2.504108428955078]"
10903.0,2006-06-01T00:00:00.000000000,"[2.42356276512146, 2.885607957839966, 2.7095906734466553, 2.5115716457366943]","[2.065934896469116, 2.271928548812866, 2.103200912475586, 1.977952241897583]"
10903.0,2006-09-01T00:00:00.000000000,"[2.885607957839966, 2.7095906734466553, 2.5115716457366943, 2.9076099395751953]","[2.502542018890381, 2.5559866428375244, 2.405207872390747, 2.5113635063171387]"
10903.0,2006-12-01T00:00:00.000000000,"[2.7095906734466553, 2.5115716457366943, 2.9076099395751953, 2.929612159729004]","[2.5660324096679688, 2.4776806831359863, 2.604403495788574, 2.7352771759033203]"
10903.0,2007-03-01T00:00:00.000000000,"[2.5115716457366943, 2.9076099395751953, 2.929612159729004, 2.379558563232422]","[2.3691959381103516, 2.6878561973571777, 2.8532233238220215, 2.5717077255249023]"
10903.0,2007-06-01T00:00:00.000000000,"[2.9076099395751953, 2.929612159729004, 2.379558563232422, 3.1496336460113525]","[2.3751094341278076, 2.6470727920532227, 2.454275131225586, 2.3038852214813232]"
10903.0,2007-09-01T00:00:00.000000000,"[2.929612159729004, 2.379558563232422, 3.1496336460113525, 3.6116786003112793]","[2.824282646179199, 2.7857165336608887, 2.6341896057128906, 2.7882652282714844]"
10903.0,2007-12-01T00:00:00.000000000,"[2.379558563232422, 3.1496336460113525, 3.6116786003112793, 4.073723793029785]","[2.7922863960266113, 2.628464698791504, 2.8037328720092773, 2.940746784210205]"
10903.0,2008-03-01T00:00:00.000000000,"[3.1496336460113525, 3.6116786003112793, 4.073723793029785, 3.9417104721069336]","[2.4571340084075928, 2.7509801387786865, 2.88627552986145, 2.545072078704834]"
10903.0,2008-06-01T00:00:00.000000000,"[3.6116786003112793, 4.073723793029785, 3.9417104721069336, 4.513765811920166]","[2.828456163406372, 3.1004796028137207, 2.7409706115722656, 2.745359420776367]"
10903.0,2008-09-01T00:00:00.000000000,"[4.073723793029785, 3.9417104721069336, 4.513765811920166, 4.711785793304443]","[3.2811217308044434, 3.0031473636627197, 3.086451530456543, 3.265015125274658]"
10903.0,2008-12-01T00:00:00.000000000,"[3.9417104721069336, 4.513765811920166, 4.711785793304443, 5.151828289031982]","[3.4871621131896973, 3.397305727005005, 3.484041929244995, 3.574650764465332]"
10903.0,2009-03-01T00:00:00.000000000,"[4.513765811920166, 4.711785793304443, 5.151828289031982, 4.9978132247924805]","[3.384718656539917, 3.4380640983581543, 3.587876796722412, 3.3312954902648926]"
10903.0,2009-06-01T00:00:00.000000000,"[4.711785793304443, 5.151828289031982, 4.9978132247924805, 5.987909317016602]","[3.852311611175537, 3.959956645965576, 3.497713088989258, 3.5358104705810547]"
10903.0,2009-09-01T00:00:00.000000000,"[5.151828289031982, 4.9978132247924805, 5.987909317016602, 6.207931041717529]","[4.152325630187988, 3.6815273761749268, 3.8653109073638916, 3.9544105529785156]"
10903.0,2009-12-01T00:00:00.000000000,"[4.9978132247924805, 5.987909317016602, 6.207931041717529, 6.8019890785217285]","[4.203005313873291, 4.03257417678833, 4.029682159423828, 4.121973037719727]"
10903.0,2010-03-01T00:00:00.000000000,"[5.987909317016602, 6.207931041717529, 6.8019890785217285, 6.515960693359375]","[4.317602157592773, 4.242556095123291, 4.345389366149902, 4.004912376403809]"
10903.0,2010-06-01T00:00:00.000000000,"[6.207931041717529, 6.8019890785217285, 6.515960693359375, 7.506057262420654]","[4.980236053466797, 5.055566787719727, 4.292126178741455, 4.459962368011475]"
10903.0,2010-09-01T00:00:00.000000000,"[6.8019890785217285, 6.515960693359375, 7.506057262420654, 7.220029354095459]","[5.273686408996582, 4.662504196166992, 4.838825225830078, 4.898714542388916]"
10903.0,2010-12-01T00:00:00.000000000,"[6.515960693359375, 7.506057262420654, 7.220029354095459, 7.836089611053467]","[5.264060020446777, 5.202349662780762, 5.029069423675537, 5.109724998474121]"
10903.0,2011-03-01T00:00:00.000000000,"[7.506057262420654, 7.220029354095459, 7.836089611053467, 7.880094051361084]","[5.569849014282227, 5.443556785583496, 5.499013900756836, 5.18079137802124]"
10903.0,2011-06-01T00:00:00.000000000,"[7.220029354095459, 7.836089611053467, 7.880094051361084, 7.484055042266846]","[6.277409553527832, 6.320378303527832, 5.448911666870117, 5.767568588256836]"
10903.0,2011-09-01T00:00:00.000000000,"[7.836089611053467, 7.880094051361084, 7.484055042266846, 14.96478271484375]","[6.499550819396973, 5.930880546569824, 6.187747955322266, 6.332012176513672]"
10903.0,2011-12-01T00:00:00.000000000,"[7.880094051361084, 7.484055042266846, 14.96478271484375, 7.022010326385498]","[6.570075988769531, 6.720633506774902, 6.516814231872559, 6.666438102722168]"
10903.0,2012-03-01T00:00:00.000000000,"[7.484055042266846, 14.96478271484375, 7.022010326385498, 4.8437981605529785]","[7.000191688537598, 6.874989986419678, 7.0138702392578125, 6.904837131500244]"
10903.0,2012-06-01T00:00:00.000000000,"[14.96478271484375, 7.022010326385498, 4.8437981605529785, 10.98239517211914]","[7.335692405700684, 7.769255638122559, 7.201817512512207, 7.4561004638671875]"
10903.0,2012-09-01T00:00:00.000000000,"[7.022010326385498, 4.8437981605529785, 10.98239517211914, 9.640264511108398]","[10.242721557617188, 8.732507705688477, 7.998403072357178, 8.496692657470703]"
10903.0,2012-12-01T00:00:00.000000000,"[4.8437981605529785, 10.98239517211914, 9.640264511108398, 9.244226455688477]","[7.023034572601318, 6.2847747802734375, 8.256767272949219, 7.502805709838867]"
10903.0,2013-03-01T00:00:00.000000000,"[10.98239517211914, 9.640264511108398, 9.244226455688477, 9.156217575073242]","[6.9254150390625, 8.399328231811523, 7.337903022766113, 6.542793273925781]"
11259.0,2006-06-01T00:00:00.000000000,"[1.7194944620132446, 1.9615180492401123, 1.8295050859451294, 2.8416035175323486]","[2.098252773284912, 2.0802881717681885, 2.0277490615844727, 2.5759811401367188]"
11259.0,2006-09-01T00:00:00.000000000,"[1.9615180492401123, 1.8295050859451294, 2.8416035175323486, 1.5654793977737427]","[1.755230188369751, 1.8708003759384155, 2.6691842079162598, 2.0363054275512695]"
11259.0,2006-12-01T00:00:00.000000000,"[1.8295050859451294, 2.8416035175323486, 1.5654793977737427, 1.6754902601242065]","[2.062495470046997, 3.065239429473877, 1.9921408891677856, 1.957498550415039]"
11259.0,2007-03-01T00:00:00.000000000,"[2.8416035175323486, 1.5654793977737427, 1.6754902601242065, 1.477470874786377]","[2.250826835632324, 1.7983149290084839, 1.8440260887145996, 1.9357088804244995]"
11259.0,2007-06-01T00:00:00.000000000,"[1.5654793977737427, 1.6754902601242065, 1.477470874786377, 2.577577829360962]","[2.1050264835357666, 2.0073909759521484, 2.042159080505371, 2.6182830333709717]"
11259.0,2007-09-01T00:00:00.000000000,"[1.6754902601242065, 1.477470874786377, 2.577577829360962, 1.455468773841858]","[1.7505476474761963, 1.9205777645111084, 2.744962215423584, 2.027117967605591]"
11259.0,2007-12-01T00:00:00.000000000,"[1.477470874786377, 2.577577829360962, 1.455468773841858, 1.6534881591796875]","[2.0016844272613525, 2.9678030014038086, 1.899620771408081, 1.8341349363327026]"
11259.0,2008-03-01T00:00:00.000000000,"[2.577577829360962, 1.455468773841858, 1.6534881591796875, 1.455468773841858]","[2.158040761947632, 1.6887285709381104, 1.7126715183258057, 1.7722585201263428]"
11259.0,2008-06-01T00:00:00.000000000,"[1.455468773841858, 1.6534881591796875, 1.455468773841858, 2.1595370769500732]","[1.8885200023651123, 1.693496823310852, 1.867225170135498, 2.4887897968292236]"
11259.0,2008-09-01T00:00:00.000000000,"[1.6534881591796875, 1.455468773841858, 2.1595370769500732, 1.499472975730896]","[1.6324206590652466, 1.8253536224365234, 2.6983718872070312, 1.9223148822784424]"
11259.0,2008-12-01T00:00:00.000000000,"[1.455468773841858, 2.1595370769500732, 1.499472975730896, 1.6754902601242065]","[1.8903435468673706, 2.809356927871704, 1.7993056774139404, 1.8182014226913452]"
11259.0,2009-03-01T00:00:00.000000000,"[2.1595370769500732, 1.499472975730896, 1.6754902601242065, 1.499472975730896]","[2.097884178161621, 1.6396784782409668, 1.6646130084991455, 1.7007325887680054]"
11259.0,2009-06-01T00:00:00.000000000,"[1.499472975730896, 1.6754902601242065, 1.499472975730896, 2.225543737411499]","[1.70639967918396, 1.5954005718231201, 1.7120990753173828, 2.335221290588379]"
11259.0,2009-09-01T00:00:00.000000000,"[1.6754902601242065, 1.499472975730896, 2.225543737411499, 1.8075029850006104]","[1.604454755783081, 1.659627914428711, 2.5332796573638916, 1.8066561222076416]"
11259.0,2009-12-01T00:00:00.000000000,"[1.499472975730896, 2.225543737411499, 1.8075029850006104, 2.1375350952148438]","[1.8328036069869995, 2.6264634132385254, 1.7529643774032593, 1.8014343976974487]"
11259.0,2010-03-01T00:00:00.000000000,"[2.225543737411499, 1.8075029850006104, 2.1375350952148438, 1.6754902601242065]","[2.054246187210083, 1.6537398099899292, 1.6498439311981201, 1.6901544332504272]"
11259.0,2010-06-01T00:00:00.000000000,"[1.8075029850006104, 2.1375350952148438, 1.6754902601242065, 2.4015607833862305]","[1.673456072807312, 1.5881154537200928, 1.6879206895828247, 2.3090462684631348]"
11259.0,2010-09-01T00:00:00.000000000,"[2.1375350952148438, 1.6754902601242065, 2.4015607833862305, 1.7855008840560913]","[1.613879680633545, 1.6718547344207764, 2.495696544647217, 1.8205842971801758]"
11259.0,2010-12-01T00:00:00.000000000,"[1.6754902601242065, 2.4015607833862305, 1.7855008840560913, 2.0935308933258057]","[1.9545999765396118, 2.7543420791625977, 1.923335075378418, 1.9567887783050537]"
11259.0,2011-03-01T00:00:00.000000000,"[2.4015607833862305, 1.7855008840560913, 2.0935308933258057, 1.8515071868896484]","[2.0842161178588867, 1.6969935894012451, 1.6806758642196655, 1.7238610982894897]"
11259.0,2011-06-01T00:00:00.000000000,"[1.7855008840560913, 2.0935308933258057, 1.8515071868896484, 2.335554361343384]","[1.7691328525543213, 1.6755934953689575, 1.7595882415771484, 2.389488697052002]"
11259.0,2011-09-01T00:00:00.000000000,"[2.0935308933258057, 1.8515071868896484, 2.335554361343384, 1.8955113887786865]","[1.6488889455795288, 1.6799283027648926, 2.415757894515991, 1.7976608276367188]"
11259.0,2011-12-01T00:00:00.000000000,"[1.8515071868896484, 2.335554361343384, 1.8955113887786865, 2.7315926551818848]","[1.9478665590286255, 2.579416275024414, 1.947070837020874, 1.9360753297805786]"
11259.0,2012-03-01T00:00:00.000000000,"[2.335554361343384, 1.8955113887786865, 2.7315926551818848, 2.2475459575653076]","[2.081697940826416, 1.7221647500991821, 1.6873100996017456, 1.7333526611328125]"
11259.0,2012-06-01T00:00:00.000000000,"[1.8955113887786865, 2.7315926551818848, 2.2475459575653076, 2.5115716457366943]","[1.8087491989135742, 1.7351775169372559, 1.7808046340942383, 2.3534433841705322]"
11259.0,2012-09-01T00:00:00.000000000,"[2.7315926551818848, 2.2475459575653076, 2.5115716457366943, 3.017620801925659]","[1.7195745706558228, 1.7346160411834717, 2.2985594272613525, 1.7923301458358765]"
11259.0,2012-12-01T00:00:00.000000000,"[2.2475459575653076, 2.5115716457366943, 3.017620801925659, 3.21563982963562]","[2.079169988632202, 2.5919549465179443, 2.058225631713867, 2.074618339538574]"
11259.0,2013-03-01T00:00:00.000000000,"[2.5115716457366943, 3.017620801925659, 3.21563982963562, 2.4895694255828857]","[2.229440927505493, 1.9287574291229248, 1.888832449913025, 1.9816930294036865]"
12540.0,2006-06-01T00:00:00.000000000,"[0.11333828419446945, -0.08468098938465118, 0.09133616089820862, 0.26735323667526245]","[0.18215829133987427, 0.19482438266277313, 0.3935573101043701, 0.2699596583843231]"
12540.0,2006-09-01T00:00:00.000000000,"[-0.08468098938465118, 0.09133616089820862, 0.26735323667526245, 0.35536178946495056]","[0.2437116950750351, 0.23716524243354797, 0.29122981429100037, 0.2923569977283478]"
12540.0,2006-12-01T00:00:00.000000000,"[0.09133616089820862, 0.26735323667526245, 0.35536178946495056, 0.4873746931552887]","[0.22880969941616058, 0.21993717551231384, 0.2949379086494446, 0.34459981322288513]"
12540.0,2007-03-01T00:00:00.000000000,"[0.26735323667526245, 0.35536178946495056, 0.4873746931552887, 0.6633917689323425]","[0.17729082703590393, 0.1900976151227951, 0.29673072695732117, 0.3914411962032318]"
12540.0,2007-06-01T00:00:00.000000000,"[0.35536178946495056, 0.4873746931552887, 0.6633917689323425, 0.7514004111289978]","[0.2475161999464035, 0.2812827229499817, 0.44834864139556885, 0.3366774916648865]"
12540.0,2007-09-01T00:00:00.000000000,"[0.4873746931552887, 0.6633917689323425, 0.7514004111289978, 0.8614109754562378]","[0.3034825921058655, 0.30338385701179504, 0.3245309591293335, 0.391632080078125]"
12540.0,2007-12-01T00:00:00.000000000,"[0.6633917689323425, 0.7514004111289978, 0.8614109754562378, 0.9494196176528931]","[0.38260021805763245, 0.3459113836288452, 0.391390860080719, 0.481976181268692]"
12540.0,2008-03-01T00:00:00.000000000,"[0.7514004111289978, 0.8614109754562378, 0.9494196176528931, 1.279451608657837]","[0.36395999789237976, 0.34254077076911926, 0.4351999759674072, 0.5002802014350891]"
12540.0,2008-06-01T00:00:00.000000000,"[0.8614109754562378, 0.9494196176528931, 1.279451608657837, 1.3674603700637817]","[0.41838791966438293, 0.4294983744621277, 0.5886448621749878, 0.4826430678367615]"
12540.0,2008-09-01T00:00:00.000000000,"[0.9494196176528931, 1.279451608657837, 1.3674603700637817, 1.5434772968292236]","[0.5613638162612915, 0.6025813817977905, 0.5362561941146851, 0.5560760498046875]"
12540.0,2008-12-01T00:00:00.000000000,"[1.279451608657837, 1.3674603700637817, 1.5434772968292236, 1.7194944620132446]","[0.6786128282546997, 0.5857845544815063, 0.6151310205459595, 0.687364399433136]"
12540.0,2009-03-01T00:00:00.000000000,"[1.3674603700637817, 1.5434772968292236, 1.7194944620132446, 2.071528673171997]","[0.7346196174621582, 0.5924963355064392, 0.6370992660522461, 0.7890245318412781]"
12540.0,2009-06-01T00:00:00.000000000,"[1.5434772968292236, 1.7194944620132446, 2.071528673171997, 2.7095906734466553]","[0.8292753100395203, 0.7094848155975342, 0.8549301624298096, 0.7439568042755127]"
12540.0,2009-09-01T00:00:00.000000000,"[1.7194944620132446, 2.071528673171997, 2.7095906734466553, 2.9516141414642334]","[1.0436737537384033, 1.0555607080459595, 0.7205162048339844, 0.6756341457366943]"
12540.0,2009-12-01T00:00:00.000000000,"[2.071528673171997, 2.7095906734466553, 2.9516141414642334, 3.1056292057037354]","[1.2443886995315552, 0.8736593723297119, 0.6814233660697937, 0.6991438865661621]"
12540.0,2010-03-01T00:00:00.000000000,"[2.7095906734466553, 2.9516141414642334, 3.1056292057037354, 3.479665517807007]","[1.3393337726593018, 0.9294254779815674, 0.794722318649292, 0.9179341197013855]"
12540.0,2010-06-01T00:00:00.000000000,"[2.9516141414642334, 3.1056292057037354, 3.479665517807007, 2.929612159729004]","[1.6439143419265747, 1.2950975894927979, 1.1345211267471313, 1.0157434940338135]"
12540.0,2010-09-01T00:00:00.000000000,"[3.1056292057037354, 3.479665517807007, 2.929612159729004, 3.325650691986084]","[1.845634937286377, 1.4691593647003174, 1.0565435886383057, 0.9313445091247559]"
12540.0,2010-12-01T00:00:00.000000000,"[3.479665517807007, 2.929612159729004, 3.325650691986084, 3.8096976280212402]","[2.030519962310791, 1.5132148265838623, 1.1493723392486572, 1.0944571495056152]"
12540.0,2011-03-01T00:00:00.000000000,"[2.929612159729004, 3.325650691986084, 3.8096976280212402, 4.337749004364014]","[2.236233711242676, 1.6688145399093628, 1.4003490209579468, 1.4467185735702515]"
12540.0,2011-06-01T00:00:00.000000000,"[3.325650691986084, 3.8096976280212402, 4.337749004364014, 4.139729976654053]","[2.2395617961883545, 1.8919963836669922, 1.7982386350631714, 1.6317678689956665]"
12540.0,2011-09-01T00:00:00.000000000,"[3.8096976280212402, 4.337749004364014, 4.139729976654053, 4.689783573150635]","[2.6465554237365723, 2.451380491256714, 1.9341226816177368, 1.8783776760101318]"
12540.0,2011-12-01T00:00:00.000000000,"[4.337749004364014, 4.139729976654053, 4.689783573150635, 4.953808784484863]","[3.066166400909424, 2.47872257232666, 2.1910500526428223, 2.179558515548706]"
12540.0,2012-03-01T00:00:00.000000000,"[4.139729976654053, 4.689783573150635, 4.953808784484863, 5.481860160827637]","[3.2217249870300293, 2.7539963722229004, 2.4351754188537598, 2.519813060760498]"
12540.0,2012-06-01T00:00:00.000000000,"[4.689783573150635, 4.953808784484863, 5.481860160827637, 6.207931041717529]","[3.3300411701202393, 3.0943078994750977, 3.029311418533325, 2.816804885864258]"
12540.0,2012-09-01T00:00:00.000000000,"[4.953808784484863, 5.481860160827637, 6.207931041717529, 5.965907573699951]","[3.842358112335205, 3.839005947113037, 3.2879981994628906, 3.3602752685546875]"
12540.0,2012-12-01T00:00:00.000000000,"[5.481860160827637, 6.207931041717529, 5.965907573699951, 6.1419243812561035]","[4.2510271072387695, 3.754631996154785, 3.6903607845306396, 3.8639512062072754]"
12540.0,2013-03-01T00:00:00.000000000,"[6.207931041717529, 5.965907573699951, 6.1419243812561035, 6.339943885803223]","[4.505576133728027, 4.4297709465026855, 4.236566066741943, 4.366945743560791]"
13421.0,2006-03-01T00:00:00.000000000,"[-0.23869597911834717, -0.12868529558181763, -0.10668310523033142, -0.19469167292118073]","[-0.29360687732696533, -0.3311944603919983, -0.28563857078552246, -0.3528554141521454]"
13421.0,2006-06-01T00:00:00.000000000,"[-0.12868529558181763, -0.10668310523033142, -0.19469167292118073, -0.10668310523033142]","[-0.2799299955368042, -0.2816604971885681, -0.21252362430095673, -0.30795586109161377]"
13421.0,2006-09-01T00:00:00.000000000,"[-0.10668310523033142, -0.19469167292118073, -0.10668310523033142, -0.08468098938465118]","[-0.2088496834039688, -0.22641631960868835, -0.19351795315742493, -0.21211276948451996]"
13421.0,2006-12-01T00:00:00.000000000,"[-0.19469167292118073, -0.10668310523033142, -0.08468098938465118, -0.018674563616514206]","[-0.1467219740152359, -0.18991057574748993, -0.15772996842861176, -0.1466234177350998]"
13421.0,2007-03-01T00:00:00.000000000,"[-0.10668310523033142, -0.08468098938465118, -0.018674563616514206, -0.08468098938465118]","[-0.25717705488204956, -0.34751418232917786, -0.3418601155281067, -0.4204075336456299]"
13421.0,2007-06-01T00:00:00.000000000,"[-0.08468098938465118, -0.018674563616514206, -0.08468098938465118, -0.06267886608839035]","[-0.2882000505924225, -0.31620773673057556, -0.23446498811244965, -0.3541702628135681]"
13421.0,2007-09-01T00:00:00.000000000,"[-0.018674563616514206, -0.08468098938465118, -0.06267886608839035, -0.04067668318748474]","[-0.17556235194206238, -0.19827966392040253, -0.15862813591957092, -0.18051542341709137]"
13421.0,2007-12-01T00:00:00.000000000,"[-0.08468098938465118, -0.06267886608839035, -0.04067668318748474, 0.047331858426332474]","[-0.09685470163822174, -0.15486986935138702, -0.10699595510959625, -0.09075240790843964]"
13421.0,2008-03-01T00:00:00.000000000,"[-0.06267886608839035, -0.04067668318748474, 0.047331858426332474, 0.003327556187286973]","[-0.24145397543907166, -0.3801797032356262, -0.37901628017425537, -0.4756160080432892]"
13421.0,2008-06-01T00:00:00.000000000,"[-0.04067668318748474, 0.047331858426332474, 0.003327556187286973, 0.047331858426332474]","[-0.30688363313674927, -0.30725738406181335, -0.18475130200386047, -0.30236849188804626]"
13421.0,2008-09-01T00:00:00.000000000,"[0.047331858426332474, 0.003327556187286973, 0.047331858426332474, 0.06933397799730301]","[-0.11459629237651825, -0.17676107585430145, -0.1499824821949005, -0.10661397874355316]"
13421.0,2008-12-01T00:00:00.000000000,"[0.003327556187286973, 0.047331858426332474, 0.06933397799730301, 0.15734252333641052]","[-0.04779776930809021, -0.150374636054039, -0.13739746809005737, -0.024015486240386963]"
13421.0,2009-03-01T00:00:00.000000000,"[0.047331858426332474, 0.06933397799730301, 0.15734252333641052, 0.17934469878673553]","[-0.06252041459083557, -0.033953696489334106, -0.113518625497818, -0.13670305907726288]"
13421.0,2009-06-01T00:00:00.000000000,"[0.06933397799730301, 0.15734252333641052, 0.17934469878673553, 0.2893553674221039]","[0.014517903327941895, -0.07084548473358154, -0.010445207357406616, 0.005153238773345947]"
13421.0,2009-09-01T00:00:00.000000000,"[0.15734252333641052, 0.17934469878673553, 0.2893553674221039, 0.37736397981643677]","[-0.03320011496543884, -0.09563924372196198, -0.038906753063201904, -0.04224228858947754]"
13421.0,2009-12-01T00:00:00.000000000,"[0.17934469878673553, 0.2893553674221039, 0.37736397981643677, 0.44337034225463867]","[0.039089322090148926, -0.03810577094554901, 0.025003135204315186, 0.028009533882141113]"
13421.0,2010-03-01T00:00:00.000000000,"[0.2893553674221039, 0.37736397981643677, 0.44337034225463867, 0.4873746931552887]","[0.04010400176048279, 0.026520371437072754, 0.05559760332107544, 0.021017372608184814]"
13421.0,2010-06-01T00:00:00.000000000,"[0.37736397981643677, 0.44337034225463867, 0.4873746931552887, 0.553381085395813]","[0.14952318370342255, 0.15927480161190033, 0.13158826529979706, 0.12471102178096771]"
13421.0,2010-09-01T00:00:00.000000000,"[0.44337034225463867, 0.4873746931552887, 0.553381085395813, 0.4873746931552887]","[0.24467051029205322, 0.19527816772460938, 0.19133099913597107, 0.23672246932983398]"
13421.0,2011-03-01T00:00:00.000000000,"[0.4873746931552887, 0.553381085395813, 0.4873746931552887, 0.4873746931552887]","[0.28423285484313965, 0.24582131206989288, 0.2974127531051636, 0.29845911264419556]"
13421.0,2011-06-01T00:00:00.000000000,"[0.553381085395813, 0.4873746931552887, 0.4873746931552887, 0.6193875670433044]","[0.3306848704814911, 0.33774828910827637, 0.2929506301879883, 0.26237794756889343]"
13421.0,2011-09-01T00:00:00.000000000,"[0.4873746931552887, 0.4873746931552887, 0.6193875670433044, 0.7514004111289978]","[0.4218001365661621, 0.3859540820121765, 0.3241772949695587, 0.3416517376899719]"
13421.0,2011-12-01T00:00:00.000000000,"[0.4873746931552887, 0.6193875670433044, 0.7514004111289978, 0.8394088745117188]","[0.4076288640499115, 0.39373552799224854, 0.40861767530441284, 0.4135144352912903]"
13421.0,2012-03-01T00:00:00.000000000,"[0.6193875670433044, 0.7514004111289978, 0.8394088745117188, 1.125436782836914]","[0.3962791860103607, 0.44113948941230774, 0.4513636827468872, 0.45561596751213074]"
13421.0,2012-06-01T00:00:00.000000000,"[0.7514004111289978, 0.8394088745117188, 1.125436782836914, 1.125436782836914]","[0.4921339750289917, 0.5463168025016785, 0.5454598665237427, 0.5312271118164062]"
13421.0,2012-09-01T00:00:00.000000000,"[0.8394088745117188, 1.125436782836914, 1.125436782836914, 1.1914430856704712]","[0.5960525870323181, 0.6230324506759644, 0.5641264915466309, 0.5879817605018616]"
13421.0,2012-12-01T00:00:00.000000000,"[1.125436782836914, 1.125436782836914, 1.1914430856704712, 1.0594303607940674]","[0.6441016793251038, 0.630074143409729, 0.6383689045906067, 0.6534445881843567]"
13421.0,2013-03-01T00:00:00.000000000,"[1.125436782836914, 1.1914430856704712, 1.0594303607940674, 1.103434681892395]","[0.7576470971107483, 0.7507293820381165, 0.7371506094932556, 0.7430826425552368]"
14225.0,2006-06-01T00:00:00.000000000,"[-0.21669383347034454, -0.20569276809692383, -0.2606981098651886, -0.22769489884376526]","[-0.26814427971839905, -0.2453712821006775, -0.3070419132709503, -0.2784956991672516]"
14225.0,2006-09-01T00:00:00.000000000,"[-0.20569276809692383, -0.2606981098651886, -0.22769489884376526, -0.1726895570755005]","[-0.2492097169160843, -0.28680306673049927, -0.2525765895843506, -0.22585779428482056]"
14225.0,2006-12-01T00:00:00.000000000,"[-0.2606981098651886, -0.22769489884376526, -0.1726895570755005, -0.1836906224489212]","[-0.2760356068611145, -0.2402009218931198, -0.21355099976062775, -0.24064701795578003]"
14225.0,2007-03-01T00:00:00.000000000,"[-0.22769489884376526, -0.1726895570755005, -0.1836906224489212, -0.2716991901397705]","[-0.27544498443603516, -0.2260686159133911, -0.24347449839115143, -0.28182685375213623]"
14225.0,2007-06-01T00:00:00.000000000,"[-0.1726895570755005, -0.1836906224489212, -0.2716991901397705, -0.21669383347034454]","[-0.2230895757675171, -0.20669089257717133, -0.26687124371528625, -0.24196353554725647]"
14225.0,2007-09-01T00:00:00.000000000,"[-0.1836906224489212, -0.2716991901397705, -0.21669383347034454, -0.20569276809692383]","[-0.2001742720603943, -0.24491390585899353, -0.2078474909067154, -0.17965245246887207]"
14225.0,2007-12-01T00:00:00.000000000,"[-0.2716991901397705, -0.21669383347034454, -0.20569276809692383, -0.21669383347034454]","[-0.23607921600341797, -0.20265893638134003, -0.16957733035087585, -0.20256401598453522]"
14225.0,2008-03-01T00:00:00.000000000,"[-0.21669383347034454, -0.20569276809692383, -0.21669383347034454, -0.2606981098651886]","[-0.25571173429489136, -0.2091362178325653, -0.2297690212726593, -0.27730703353881836]"
14225.0,2008-06-01T00:00:00.000000000,"[-0.20569276809692383, -0.21669383347034454, -0.2606981098651886, -0.19469167292118073]","[-0.20604056119918823, -0.20421169698238373, -0.2569224238395691, -0.2379218339920044]"
14225.0,2008-09-01T00:00:00.000000000,"[-0.21669383347034454, -0.2606981098651886, -0.19469167292118073, -0.12868529558181763]","[-0.20266667008399963, -0.25009167194366455, -0.20429688692092896, -0.18780218064785004]"
14225.0,2008-12-01T00:00:00.000000000,"[-0.2606981098651886, -0.19469167292118073, -0.12868529558181763, -0.15068741142749786]","[-0.23888663947582245, -0.2087535560131073, -0.1718563288450241, -0.2081792950630188]"
14225.0,2009-03-01T00:00:00.000000000,"[-0.19469167292118073, -0.12868529558181763, -0.15068741142749786, -0.20569276809692383]","[-0.24889886379241943, -0.21652933955192566, -0.22786220908164978, -0.27527493238449097]"
14225.0,2009-06-01T00:00:00.000000000,"[-0.12868529558181763, -0.15068741142749786, -0.20569276809692383, -0.029675621539354324]","[-0.20643098652362823, -0.21532796323299408, -0.23694968223571777, -0.2280970811843872]"
14225.0,2009-09-01T00:00:00.000000000,"[-0.15068741142749786, -0.20569276809692383, -0.029675621539354324, -0.05167780816555023]","[-0.17059312760829926, -0.21324822306632996, -0.18848639726638794, -0.17076216638088226]"
14225.0,2009-12-01T00:00:00.000000000,"[-0.20569276809692383, -0.029675621539354324, -0.05167780816555023, 0.05833292007446289]","[-0.19900771975517273, -0.18466295301914215, -0.1524626761674881, -0.18539461493492126]"
14225.0,2010-03-01T00:00:00.000000000,"[-0.029675621539354324, -0.05167780816555023, 0.05833292007446289, -0.05167780816555023]","[-0.21275146305561066, -0.1640450805425644, -0.20100542902946472, -0.24103964865207672]"
14225.0,2010-06-01T00:00:00.000000000,"[-0.05167780816555023, 0.05833292007446289, -0.05167780816555023, 0.047331858426332474]","[-0.11862343549728394, -0.14678476750850677, -0.14543674886226654, -0.12099535763263702]"
14225.0,2010-09-01T00:00:00.000000000,"[0.05833292007446289, -0.05167780816555023, 0.047331858426332474, 0.09133616089820862]","[-0.11735202372074127, -0.16105753183364868, -0.13191750645637512, -0.1181294322013855]"
14225.0,2010-12-01T00:00:00.000000000,"[-0.05167780816555023, 0.047331858426332474, 0.09133616089820862, 0.11333828419446945]","[-0.09600350260734558, -0.0514434278011322, -0.028386861085891724, -0.07077634334564209]"
14225.0,2011-03-01T00:00:00.000000000,"[0.047331858426332474, 0.09133616089820862, 0.11333828419446945, -0.018674563616514206]","[-0.0969807356595993, -0.06903678178787231, -0.08192019164562225, -0.12738008797168732]"
14225.0,2011-06-01T00:00:00.000000000,"[0.09133616089820862, 0.11333828419446945, -0.018674563616514206, 0.06933397799730301]","[0.003928840160369873, 0.022087469696998596, -0.0549657940864563, -0.018404409289360046]"
14225.0,2011-09-01T00:00:00.000000000,"[0.11333828419446945, -0.018674563616514206, 0.06933397799730301, 0.2233489453792572]","[0.006387636065483093, -0.06758050620555878, 0.0026491284370422363, 0.038109004497528076]"
14225.0,2011-12-01T00:00:00.000000000,"[-0.018674563616514206, 0.06933397799730301, 0.2233489453792572, 0.13534040749073029]","[-0.03202161192893982, 0.025823742151260376, 0.059876784682273865, 0.016535475850105286]"
14225.0,2012-03-01T00:00:00.000000000,"[0.06933397799730301, 0.2233489453792572, 0.13534040749073029, 0.047331858426332474]","[-0.02961452305316925, 0.030242547392845154, 0.0057756006717681885, -0.04544024169445038]"
14225.0,2012-06-01T00:00:00.000000000,"[0.2233489453792572, 0.13534040749073029, 0.047331858426332474, 0.11333828419446945]","[0.07597659528255463, 0.11591432988643646, 0.01872028410434723, 0.07882659137248993]"
14225.0,2012-09-01T00:00:00.000000000,"[0.13534040749073029, 0.047331858426332474, 0.11333828419446945, 0.2233489453792572]","[0.10026340186595917, 0.015703052282333374, 0.09307603538036346, 0.16189174354076385]"
14225.0,2012-12-01T00:00:00.000000000,"[0.047331858426332474, 0.11333828419446945, 0.2233489453792572, 0.2233489453792572]","[0.02122904360294342, 0.08676332235336304, 0.14481034874916077, 0.09504076838493347]"
14225.0,2013-03-01T00:00:00.000000000,"[0.11333828419446945, 0.2233489453792572, 0.2233489453792572, 0.17934469878673553]","[0.046240612864494324, 0.14635160565376282, 0.08574643731117249, 0.031431183218955994]"
16721.0,2006-06-01T00:00:00.000000000,"[-0.28270024061203003, 0.9054153561592102, 1.9835201501846313, 0.15734252333641052]","[-0.7806327939033508, -0.061729297041893005, 1.2695242166519165, -0.03757929801940918]"
16721.0,2006-09-01T00:00:00.000000000,"[0.9054153561592102, 1.9835201501846313, 0.15734252333641052, -0.37070879340171814]","[-0.22859175503253937, 1.080729603767395, -0.3123515844345093, -0.7307670712471008]"
16721.0,2006-12-01T00:00:00.000000000,"[1.9835201501846313, 0.15734252333641052, -0.37070879340171814, 0.7293981313705444]","[0.4797312021255493, -0.24085021018981934, -0.45846793055534363, 0.14728547632694244]"
16721.0,2007-03-01T00:00:00.000000000,"[0.15734252333641052, -0.37070879340171814, 0.7293981313705444, 3.325650691986084]","[-0.00423237681388855, -0.2650776505470276, 0.16501839458942413, 1.1804759502410889]"
16721.0,2007-06-01T00:00:00.000000000,"[-0.37070879340171814, 0.7293981313705444, 3.325650691986084, 0.3993660807609558]","[-0.6738325953483582, 0.30694425106048584, 1.5525282621383667, 0.09699326753616333]"
16721.0,2007-09-01T00:00:00.000000000,"[0.7293981313705444, 3.325650691986084, 0.3993660807609558, -0.5467259287834167]","[-0.027028441429138184, 1.427929162979126, -0.29083138704299927, -0.7243667840957642]"
16721.0,2007-12-01T00:00:00.000000000,"[3.325650691986084, 0.3993660807609558, -0.5467259287834167, 0.5313789248466492]","[0.643333911895752, -0.16762568056583405, -0.4047110676765442, 0.22206518054008484]"
16721.0,2008-03-01T00:00:00.000000000,"[0.3993660807609558, -0.5467259287834167, 0.5313789248466492, 4.755789756774902]","[0.36811307072639465, -0.017665699124336243, 0.5975845456123352, 1.8484861850738525]"
16721.0,2008-06-01T00:00:00.000000000,"[-0.5467259287834167, 0.5313789248466492, 4.755789756774902, 1.1694409847259521]","[-0.6124581098556519, 0.6144546270370483, 2.1876652240753174, 0.3275998830795288]"
16721.0,2008-09-01T00:00:00.000000000,"[0.5313789248466492, 4.755789756774902, 1.1694409847259521, 0.09133616089820862]","[0.18753117322921753, 2.049370050430298, -0.10560867190361023, -0.6386269330978394]"
16721.0,2008-12-01T00:00:00.000000000,"[4.755789756774902, 1.1694409847259521, 0.09133616089820862, 0.7293981313705444]","[1.123702883720398, 0.0936676561832428, -0.11680284142494202, 0.4626639485359192]"
16721.0,2009-03-01T00:00:00.000000000,"[1.1694409847259521, 0.09133616089820862, 0.7293981313705444, 4.0957255363464355]","[1.0866681337356567, 0.4760531187057495, 1.3434845209121704, 2.896796703338623]"
16721.0,2009-06-01T00:00:00.000000000,"[0.09133616089820862, 0.7293981313705444, 4.0957255363464355, 2.181539297103882]","[-0.10074159502983093, 1.3245017528533936, 3.382520914077759, 1.0546363592147827]"
16721.0,2009-09-01T00:00:00.000000000,"[0.7293981313705444, 4.0957255363464355, 2.181539297103882, -0.4147131145000458]","[0.781928539276123, 3.4800522327423096, 0.4767547845840454, -0.10344810783863068]"
16721.0,2009-12-01T00:00:00.000000000,"[4.0957255363464355, 2.181539297103882, -0.4147131145000458, 1.1914430856704712]","[1.66684091091156, 0.3161289691925049, 0.18049423396587372, 0.8844771981239319]"
16721.0,2010-03-01T00:00:00.000000000,"[2.181539297103882, -0.4147131145000458, 1.1914430856704712, 3.5896763801574707]","[1.2638530731201172, 0.6778377294540405, 1.6332364082336426, 3.1749260425567627]"
16721.0,2010-06-01T00:00:00.000000000,"[-0.4147131145000458, 1.1914430856704712, 3.5896763801574707, 2.181539297103882]","[0.4257640242576599, 1.804445505142212, 3.8272647857666016, 1.6201913356781006]"
16721.0,2010-09-01T00:00:00.000000000,"[1.1914430856704712, 3.5896763801574707, 2.181539297103882, -0.15068741142749786]","[0.7129886150360107, 3.398179769515991, 0.8132306933403015, -0.3114719092845917]"
16721.0,2010-12-01T00:00:00.000000000,"[3.5896763801574707, 2.181539297103882, -0.15068741142749786, 1.4334666728973389]","[1.97003173828125, 0.7770046591758728, 0.3434405028820038, 1.078291893005371]"
16721.0,2011-03-01T00:00:00.000000000,"[2.181539297103882, -0.15068741142749786, 1.4334666728973389, 4.8437981605529785]","[1.1021721363067627, 0.5757997035980225, 1.360730767250061, 3.154616117477417]"
16721.0,2011-06-01T00:00:00.000000000,"[-0.15068741142749786, 1.4334666728973389, 4.8437981605529785, 1.6754902601242065]","[0.32562872767448425, 1.9667972326278687, 4.010079860687256, 1.603541612625122]"
16721.0,2011-09-01T00:00:00.000000000,"[1.4334666728973389, 4.8437981605529785, 1.6754902601242065, 2.42356276512146]","[0.8784167170524597, 3.518442153930664, 1.0939916372299194, -0.11677134037017822]"
16721.0,2011-12-01T00:00:00.000000000,"[4.8437981605529785, 1.6754902601242065, 2.42356276512146, -0.5907301902770996]","[2.2063369750976562, 1.1264405250549316, 0.5417131185531616, 1.191529393196106]"
16721.0,2012-03-01T00:00:00.000000000,"[1.6754902601242065, 2.42356276512146, -0.5907301902770996, 6.031913757324219]","[1.492838978767395, 0.8894177079200745, 1.717136025428772, 3.7088277339935303]"
16721.0,2012-06-01T00:00:00.000000000,"[2.42356276512146, -0.5907301902770996, 6.031913757324219, 2.0055222511291504]","[0.2976536154747009, 2.084364175796509, 4.4546918869018555, 1.7219419479370117]"
16721.0,2012-09-01T00:00:00.000000000,"[-0.5907301902770996, 6.031913757324219, 2.0055222511291504, 1.0374282598495483]","[2.0877537727355957, 5.3197197914123535, 2.0652365684509277, 1.241639256477356]"
16721.0,2012-12-01T00:00:00.000000000,"[6.031913757324219, 2.0055222511291504, 1.0374282598495483, 2.775597333908081]","[2.0744640827178955, 0.5801879167556763, 0.254352867603302, 0.7421896457672119]"
16721.0,2013-03-01T00:00:00.000000000,"[2.0055222511291504, 1.0374282598495483, 2.775597333908081, 6.339943885803223]","[2.24763822555542, 1.4468587636947632, 2.3530454635620117, 4.670266151428223]"
20779.0,2006-06-01T00:00:00.000000000,"[0.42136821150779724, 0.5093768239021301, 0.4873746931552887, 0.4653724431991577]","[0.360504150390625, 0.3959522247314453, 0.39825892448425293, 0.3698686361312866]"
20779.0,2006-09-01T00:00:00.000000000,"[0.5093768239021301, 0.4873746931552887, 0.4653724431991577, 0.4873746931552887]","[0.42852115631103516, 0.48702144622802734, 0.4092848300933838, 0.4191213846206665]"
20779.0,2006-12-01T00:00:00.000000000,"[0.4873746931552887, 0.4653724431991577, 0.4873746931552887, 0.5973852872848511]","[0.4695126414299011, 0.4668232798576355, 0.4670034646987915, 0.47331953048706055]"
20779.0,2007-03-01T00:00:00.000000000,"[0.4653724431991577, 0.4873746931552887, 0.5973852872848511, 0.5973852872848511]","[0.4286971092224121, 0.46864914894104004, 0.47589054703712463, 0.4520930349826813]"
20779.0,2007-06-01T00:00:00.000000000,"[0.4873746931552887, 0.5973852872848511, 0.5973852872848511, 0.553381085395813]","[0.4277285933494568, 0.4967955946922302, 0.48537540435791016, 0.442062109708786]"
20779.0,2007-09-01T00:00:00.000000000,"[0.5973852872848511, 0.5973852872848511, 0.553381085395813, 0.553381085395813]","[0.48718100786209106, 0.5517953634262085, 0.49175846576690674, 0.4944775104522705]"
20779.0,2007-12-01T00:00:00.000000000,"[0.5973852872848511, 0.553381085395813, 0.553381085395813, 0.6853939294815063]","[0.5491600036621094, 0.5503443479537964, 0.5497912168502808, 0.5635982155799866]"
20779.0,2008-03-01T00:00:00.000000000,"[0.553381085395813, 0.553381085395813, 0.6853939294815063, 0.6413896679878235]","[0.4951821267604828, 0.5207988023757935, 0.5499436259269714, 0.5515182018280029]"
20779.0,2008-06-01T00:00:00.000000000,"[0.553381085395813, 0.6853939294815063, 0.6413896679878235, 0.553381085395813]","[0.48892849683761597, 0.5488865375518799, 0.5647751092910767, 0.5021493434906006]"
20779.0,2008-09-01T00:00:00.000000000,"[0.6853939294815063, 0.6413896679878235, 0.553381085395813, 0.6193875670433044]","[0.5515553951263428, 0.5843214988708496, 0.5126913189888, 0.5297073125839233]"
20779.0,2008-12-01T00:00:00.000000000,"[0.6413896679878235, 0.553381085395813, 0.6193875670433044, 0.6413896679878235]","[0.6418554186820984, 0.5825613737106323, 0.5967993140220642, 0.6476907730102539]"
20779.0,2009-03-01T00:00:00.000000000,"[0.553381085395813, 0.6193875670433044, 0.6413896679878235, 0.6413896679878235]","[0.5857540369033813, 0.5867748856544495, 0.6293818354606628, 0.615881621837616]"
20779.0,2009-06-01T00:00:00.000000000,"[0.6193875670433044, 0.6413896679878235, 0.6413896679878235, 0.6853939294815063]","[0.557228147983551, 0.6012922525405884, 0.5887123346328735, 0.5207387208938599]"
20779.0,2009-09-01T00:00:00.000000000,"[0.6413896679878235, 0.6413896679878235, 0.6853939294815063, 0.7514004111289978]","[0.6112149953842163, 0.6065880656242371, 0.5393752455711365, 0.5536781549453735]"
20779.0,2009-12-01T00:00:00.000000000,"[0.6413896679878235, 0.6853939294815063, 0.7514004111289978, 0.8394088745117188]","[0.6494463682174683, 0.578353226184845, 0.60877525806427, 0.6461442708969116]"
20779.0,2010-03-01T00:00:00.000000000,"[0.6853939294815063, 0.7514004111289978, 0.8394088745117188, 0.9494196176528931]","[0.6138114929199219, 0.6254495978355408, 0.626962423324585, 0.6104097962379456]"
20779.0,2010-06-01T00:00:00.000000000,"[0.7514004111289978, 0.8394088745117188, 0.9494196176528931, 0.9054153561592102]","[0.6192567348480225, 0.6704239845275879, 0.6367479562759399, 0.6087812781333923]"
20779.0,2010-09-01T00:00:00.000000000,"[0.8394088745117188, 0.9494196176528931, 0.9054153561592102, 1.0154259204864502]","[0.6607934832572937, 0.6714181900024414, 0.6412381529808044, 0.6510018706321716]"
20779.0,2010-12-01T00:00:00.000000000,"[0.9494196176528931, 0.9054153561592102, 1.0154259204864502, 1.125436782836914]","[0.7224512100219727, 0.7158621549606323, 0.7447713613510132, 0.7397972345352173]"
20779.0,2011-03-01T00:00:00.000000000,"[0.9054153561592102, 1.0154259204864502, 1.125436782836914, 1.147438883781433]","[0.7868222594261169, 0.8199489116668701, 0.8435459136962891, 0.8152397871017456]"
20779.0,2011-06-01T00:00:00.000000000,"[1.0154259204864502, 1.125436782836914, 1.147438883781433, 0.9934238195419312]","[0.8075737953186035, 0.8310351371765137, 0.8179193139076233, 0.7865549921989441]"
20779.0,2011-09-01T00:00:00.000000000,"[1.125436782836914, 1.147438883781433, 0.9934238195419312, 1.0374282598495483]","[0.9148720502853394, 0.8989520072937012, 0.8182629346847534, 0.8681533336639404]"
20779.0,2011-12-01T00:00:00.000000000,"[1.147438883781433, 0.9934238195419312, 1.0374282598495483, 1.0594303607940674]","[0.9776855707168579, 0.8716374635696411, 0.9387828707695007, 0.9684543609619141]"
20779.0,2012-03-01T00:00:00.000000000,"[0.9934238195419312, 1.0374282598495483, 1.0594303607940674, 0.9714217185974121]","[0.9746514558792114, 0.9693728685379028, 0.9750319719314575, 0.9309179186820984]"
20779.0,2012-06-01T00:00:00.000000000,"[1.0374282598495483, 1.0594303607940674, 0.9714217185974121, 1.0374282598495483]","[0.9468350410461426, 0.9799028038978577, 0.9618270397186279, 0.9217686653137207]"
20779.0,2012-09-01T00:00:00.000000000,"[1.0594303607940674, 0.9714217185974121, 1.0374282598495483, 1.125436782836914]","[1.0273469686508179, 1.0917026996612549, 1.0073620080947876, 1.0339725017547607]"
20779.0,2012-12-01T00:00:00.000000000,"[0.9714217185974121, 1.0374282598495483, 1.125436782836914, 1.147438883781433]","[1.0420070886611938, 1.0137778520584106, 1.0467314720153809, 1.0822758674621582]"
20779.0,2013-03-01T00:00:00.000000000,"[1.0374282598495483, 1.125436782836914, 1.147438883781433, 1.103434681892395]","[0.977182149887085, 1.022412896156311, 1.0610334873199463, 1.032889723777771]"
24197.0,2006-03-01T00:00:00.000000000,"[0.5093768239021301, 0.4543713927268982, 0.34436073899269104, 0.37736397981643677]","[0.2884383201599121, 0.2799314856529236, 0.22983971238136292, 0.28537410497665405]"
24197.0,2006-06-01T00:00:00.000000000,"[0.4543713927268982, 0.34436073899269104, 0.37736397981643677, 0.6193875670433044]","[0.3801661729812622, 0.342586874961853, 0.3790026307106018, 0.41090357303619385]"
24197.0,2006-09-01T00:00:00.000000000,"[0.34436073899269104, 0.37736397981643677, 0.6193875670433044, 0.4873746931552887]","[0.29755669832229614, 0.3669334053993225, 0.4629240036010742, 0.3721180856227875]"
24197.0,2006-12-01T00:00:00.000000000,"[0.37736397981643677, 0.6193875670433044, 0.4873746931552887, 0.35536178946495056]","[0.30529338121414185, 0.46979403495788574, 0.35232001543045044, 0.29938751459121704]"
24197.0,2007-03-01T00:00:00.000000000,"[0.6193875670433044, 0.4873746931552887, 0.35536178946495056, 0.42136821150779724]","[0.4083371162414551, 0.4168204963207245, 0.3319820463657379, 0.3884222209453583]"
24197.0,2007-06-01T00:00:00.000000000,"[0.4873746931552887, 0.35536178946495056, 0.42136821150779724, 0.9274174571037292]","[0.5000739693641663, 0.41198602318763733, 0.46812018752098083, 0.5455272197723389]"
24197.0,2007-12-01T00:00:00.000000000,"[0.35536178946495056, 0.42136821150779724, 0.9274174571037292, 0.6633917689323425]","[0.3786625564098358, 0.4475603997707367, 0.5856139659881592, 0.46739938855171204]"
24197.0,2008-03-01T00:00:00.000000000,"[0.42136821150779724, 0.9274174571037292, 0.6633917689323425, 0.575383186340332]","[0.3842158317565918, 0.592894971370697, 0.408640593290329, 0.3397020399570465]"
24197.0,2008-06-01T00:00:00.000000000,"[0.9274174571037292, 0.6633917689323425, 0.575383186340332, 0.9934238195419312]","[0.48843979835510254, 0.460553377866745, 0.3883393704891205, 0.44014808535575867]"
24197.0,2008-09-01T00:00:00.000000000,"[0.6633917689323425, 0.575383186340332, 0.9934238195419312, 1.3894624710083008]","[0.6064114570617676, 0.4961162209510803, 0.5689693689346313, 0.7386932373046875]"
24197.0,2008-12-01T00:00:00.000000000,"[0.575383186340332, 0.9934238195419312, 1.3894624710083008, 1.0374282598495483]","[0.4686283469200134, 0.5608074069023132, 0.8009065985679626, 0.5958588719367981]"
24197.0,2009-03-01T00:00:00.000000000,"[0.9934238195419312, 1.3894624710083008, 1.0374282598495483, 0.9934238195419312]","[0.5307186841964722, 0.8540830016136169, 0.5556527972221375, 0.49321287870407104]"
24197.0,2009-06-01T00:00:00.000000000,"[1.3894624710083008, 1.0374282598495483, 0.9934238195419312, 1.5214751958847046]","[0.8650085926055908, 0.7138794660568237, 0.7214126586914062, 0.8671993017196655]"
24197.0,2009-09-01T00:00:00.000000000,"[1.0374282598495483, 0.9934238195419312, 1.5214751958847046, 2.0055222511291504]","[0.9182052612304688, 0.7479548454284668, 0.9028503894805908, 1.0803139209747314]"
24197.0,2009-12-01T00:00:00.000000000,"[0.9934238195419312, 1.5214751958847046, 2.0055222511291504, 1.6094835996627808]","[0.7452489733695984, 0.8371338844299316, 1.0765700340270996, 0.8457924127578735]"
24197.0,2010-03-01T00:00:00.000000000,"[1.5214751958847046, 2.0055222511291504, 1.6094835996627808, 1.455468773841858]","[0.8726632595062256, 1.1498560905456543, 0.8605205416679382, 0.8055797219276428]"
24197.0,2010-06-01T00:00:00.000000000,"[2.0055222511291504, 1.6094835996627808, 1.455468773841858, 1.8735092878341675]","[1.300370216369629, 1.1025245189666748, 1.0145870447158813, 1.1777229309082031]"
24197.0,2010-09-01T00:00:00.000000000,"[1.6094835996627808, 1.455468773841858, 1.8735092878341675, 2.4455649852752686]","[1.3107969760894775, 1.0363707542419434, 1.1813597679138184, 1.3689942359924316]"
24197.0,2010-12-01T00:00:00.000000000,"[1.455468773841858, 1.8735092878341675, 2.4455649852752686, 2.027524471282959]","[1.141615390777588, 1.209745168685913, 1.4144997596740723, 1.0929633378982544]"
24197.0,2011-03-01T00:00:00.000000000,"[1.8735092878341675, 2.4455649852752686, 2.027524471282959, 1.5874814987182617]","[1.311023235321045, 1.5998682975769043, 1.212085485458374, 1.159120798110962]"
24197.0,2011-06-01T00:00:00.000000000,"[2.4455649852752686, 2.027524471282959, 1.5874814987182617, 2.1375350952148438]","[1.7633345127105713, 1.5752084255218506, 1.45817232131958, 1.7064857482910156]"
24197.0,2011-09-01T00:00:00.000000000,"[2.027524471282959, 1.5874814987182617, 2.1375350952148438, 3.083627223968506]","[1.7290196418762207, 1.4830281734466553, 1.6426680088043213, 1.9322245121002197]"
24197.0,2011-12-01T00:00:00.000000000,"[1.5874814987182617, 2.1375350952148438, 3.083627223968506, 3.017620801925659]","[1.5459792613983154, 1.6931885480880737, 1.9751276969909668, 1.6141598224639893]"
24197.0,2012-03-01T00:00:00.000000000,"[2.1375350952148438, 3.083627223968506, 3.017620801925659, 3.721689224243164]","[1.6275242567062378, 2.055405378341675, 1.59865140914917, 1.526112675666809]"
24197.0,2012-06-01T00:00:00.000000000,"[3.083627223968506, 3.017620801925659, 3.721689224243164, 4.469761848449707]","[2.1780736446380615, 1.997517704963684, 1.8513460159301758, 2.1596179008483887]"
24197.0,2012-09-01T00:00:00.000000000,"[3.017620801925659, 3.721689224243164, 4.469761848449707, 4.447759628295898]","[2.2738821506500244, 2.013108730316162, 2.279369831085205, 2.625460624694824]"
24197.0,2012-12-01T00:00:00.000000000,"[3.721689224243164, 4.469761848449707, 4.447759628295898, 3.765693426132202]","[2.1526126861572266, 2.3953702449798584, 2.7201552391052246, 2.3037455081939697]"
24197.0,2013-03-01T00:00:00.000000000,"[4.469761848449707, 4.447759628295898, 3.765693426132202, 3.4576635360717773]","[2.7578186988830566, 3.0722813606262207, 2.395618438720703, 2.2562642097473145]"
24316.0,2007-09-01T00:00:00.000000000,"[-0.38170990347862244, -0.4514566659927368, -0.40745237469673157, -0.3377055823802948]","[-0.4356779158115387, -0.4660130739212036, -0.45934855937957764, -0.4086368978023529]"
24316.0,2007-12-01T00:00:00.000000000,"[-0.4514566659927368, -0.40745237469673157, -0.3377055823802948, -0.3229641616344452]","[-0.45507165789604187, -0.4485006332397461, -0.38983845710754395, -0.4161585569381714]"
24316.0,2008-03-01T00:00:00.000000000,"[-0.40745237469673157, -0.3377055823802948, -0.3229641616344452, -0.30470237135887146]","[-0.467693954706192, -0.39621609449386597, -0.42157864570617676, -0.4673026502132416]"
24316.0,2008-06-01T00:00:00.000000000,"[-0.3377055823802948, -0.3229641616344452, -0.30470237135887146, -0.3487066924571991]","[-0.4078390598297119, -0.3881402611732483, -0.4470609724521637, -0.43313777446746826]"
24316.0,2008-09-01T00:00:00.000000000,"[-0.3229641616344452, -0.30470237135887146, -0.3487066924571991, -0.2716991901397705]","[-0.3842660188674927, -0.4393016993999481, -0.4137917160987854, -0.356050968170166]"
24316.0,2008-12-01T00:00:00.000000000,"[-0.30470237135887146, -0.3487066924571991, -0.2716991901397705, -0.2606981098651886]","[-0.4073507487773895, -0.3942040205001831, -0.3325735330581665, -0.36909398436546326]"
24316.0,2009-03-01T00:00:00.000000000,"[-0.3487066924571991, -0.2716991901397705, -0.2606981098651886, -0.39271095395088196]","[-0.37412548065185547, -0.2937476634979248, -0.3280833959579468, -0.3706952929496765]"
24316.0,2009-06-01T00:00:00.000000000,"[-0.2716991901397705, -0.2606981098651886, -0.39271095395088196, -0.2716991901397705]","[-0.34671950340270996, -0.34829115867614746, -0.39903679490089417, -0.3773939907550812]"
24316.0,2009-09-01T00:00:00.000000000,"[-0.2606981098651886, -0.39271095395088196, -0.2716991901397705, -0.1726895570755005]","[-0.31238991022109985, -0.37593919038772583, -0.33722609281539917, -0.2939309775829315]"
24316.0,2009-12-01T00:00:00.000000000,"[-0.39271095395088196, -0.2716991901397705, -0.1726895570755005, -0.15068741142749786]","[-0.3537423610687256, -0.32324135303497314, -0.2689898610115051, -0.315248966217041]"
24316.0,2010-03-01T00:00:00.000000000,"[-0.2716991901397705, -0.1726895570755005, -0.15068741142749786, -0.22769489884376526]","[-0.37148207426071167, -0.2967415750026703, -0.32214871048927307, -0.3664315342903137]"
24316.0,2010-06-01T00:00:00.000000000,"[-0.1726895570755005, -0.15068741142749786, -0.22769489884376526, -0.15068741142749786]","[-0.2757132053375244, -0.24882067739963531, -0.31407293677330017, -0.2944822907447815]"
24316.0,2010-09-01T00:00:00.000000000,"[-0.15068741142749786, -0.22769489884376526, -0.15068741142749786, -0.11768423020839691]","[-0.24578630924224854, -0.3095493018627167, -0.2847774624824524, -0.2129920870065689]"
24316.0,2010-12-01T00:00:00.000000000,"[-0.22769489884376526, -0.15068741142749786, -0.11768423020839691, -0.0956820473074913]","[-0.2677391767501831, -0.25311779975891113, -0.18264421820640564, -0.22196514904499054]"
24316.0,2011-03-01T00:00:00.000000000,"[-0.15068741142749786, -0.11768423020839691, -0.0956820473074913, -0.1836906224489212]","[-0.28025928139686584, -0.18113750219345093, -0.21040764451026917, -0.259719580411911]"
24316.0,2011-06-01T00:00:00.000000000,"[-0.11768423020839691, -0.0956820473074913, -0.1836906224489212, -0.08468098938465118]","[-0.17280611395835876, -0.14831599593162537, -0.21839556097984314, -0.17871786653995514]"
24316.0,2011-09-01T00:00:00.000000000,"[-0.0956820473074913, -0.1836906224489212, -0.08468098938465118, -0.05167780816555023]","[-0.17180322110652924, -0.24437259137630463, -0.20131506025791168, -0.13049224019050598]"
24316.0,2011-12-01T00:00:00.000000000,"[-0.1836906224489212, -0.08468098938465118, -0.05167780816555023, 0.014328615739941597]","[-0.19837643206119537, -0.1635836809873581, -0.10225728154182434, -0.14985768496990204]"
24316.0,2012-03-01T00:00:00.000000000,"[-0.08468098938465118, -0.05167780816555023, 0.014328615739941597, -0.018674563616514206]","[-0.20531725883483887, -0.11934453248977661, -0.14932802319526672, -0.19418492913246155]"
24316.0,2012-06-01T00:00:00.000000000,"[-0.05167780816555023, 0.014328615739941597, -0.018674563616514206, -0.05167780816555023]","[-0.09242019057273865, -0.06482884287834167, -0.14718320965766907, -0.10513025522232056]"
24316.0,2012-09-01T00:00:00.000000000,"[0.014328615739941597, -0.018674563616514206, -0.05167780816555023, 0.12433934211730957]","[-0.10246804356575012, -0.16811035573482513, -0.12409506738185883, -0.06090816855430603]"
24316.0,2012-12-01T00:00:00.000000000,"[-0.018674563616514206, -0.05167780816555023, 0.12433934211730957, -0.007673503365367651]","[-0.1128002256155014, -0.06668493151664734, -0.011817216873168945, -0.06380987167358398]"
24316.0,2013-03-01T00:00:00.000000000,"[-0.05167780816555023, 0.12433934211730957, -0.007673503365367651, -0.04067668318748474]","[-0.09059762954711914, 0.0012748539447784424, -0.034231036901474, -0.07233396172523499]"
24344.0,2006-06-01T00:00:00.000000000,"[-2.1968863010406494, -2.284895181655884, -2.328899383544922, -2.526918411254883]","[-2.071345329284668, -2.23459792137146, -1.6390414237976074, -2.100731611251831]"
24344.0,2006-09-01T00:00:00.000000000,"[-2.284895181655884, -2.328899383544922, -2.526918411254883, -1.8888564109802246]","[-1.6605373620986938, -1.6396822929382324, -1.8935428857803345, -2.0328943729400635]"
24344.0,2006-12-01T00:00:00.000000000,"[-2.328899383544922, -2.526918411254883, -1.8888564109802246, -0.9867687225341797]","[-1.833171010017395, -2.3314502239227295, -2.558445930480957, -2.029573678970337]"
24344.0,2007-03-01T00:00:00.000000000,"[-2.526918411254883, -1.8888564109802246, -0.9867687225341797, -0.3267045319080353]","[-2.1070363521575928, -2.281935453414917, -2.132018566131592, -1.7182731628417969]"
24344.0,2007-06-01T00:00:00.000000000,"[-1.8888564109802246, -0.9867687225341797, -0.3267045319080353, -0.5027216672897339]","[-2.3237411975860596, -2.29792857170105, -1.6137733459472656, -2.1780571937561035]"
24344.0,2007-09-01T00:00:00.000000000,"[-0.9867687225341797, -0.3267045319080353, -0.5027216672897339, -0.1726895570755005]","[-1.758419156074524, -2.0728540420532227, -2.172381639480591, -2.1677515506744385]"
24344.0,2007-12-01T00:00:00.000000000,"[-0.3267045319080353, -0.5027216672897339, -0.1726895570755005, -0.3487066924571991]","[-1.2265347242355347, -1.6437437534332275, -1.7146109342575073, -1.2498743534088135]"
24344.0,2008-03-01T00:00:00.000000000,"[-0.5027216672897339, -0.1726895570755005, -0.3487066924571991, 0.06933397799730301]","[-1.1969355344772339, -1.4831359386444092, -1.043472170829773, -0.7930070161819458]"
24344.0,2008-06-01T00:00:00.000000000,"[-0.1726895570755005, -0.3487066924571991, 0.06933397799730301, 0.20134682953357697]","[-1.2433373928070068, -0.8962516188621521, -0.3422114849090576, -0.9531705379486084]"
24344.0,2008-09-01T00:00:00.000000000,"[-0.3487066924571991, 0.06933397799730301, 0.20134682953357697, 0.15734252333641052]","[-0.6680858135223389, -0.5628538131713867, -1.0568265914916992, -1.013753890991211]"
24344.0,2008-12-01T00:00:00.000000000,"[0.06933397799730301, 0.20134682953357697, 0.15734252333641052, 0.4653724431991577]","[-0.43284153938293457, -0.9402334690093994, -0.7462054491043091, -0.5149599313735962]"
24344.0,2009-03-01T00:00:00.000000000,"[0.20134682953357697, 0.15734252333641052, 0.4653724431991577, 0.6413896679878235]","[-0.4046964645385742, -0.7632993459701538, -0.33021068572998047, -0.2540719509124756]"
24344.0,2009-06-01T00:00:00.000000000,"[0.15734252333641052, 0.4653724431991577, 0.6413896679878235, 0.9714217185974121]","[-0.2720273733139038, -0.15550541877746582, 0.2151181697845459, -0.24931704998016357]"
24344.0,2009-09-01T00:00:00.000000000,"[0.4653724431991577, 0.6413896679878235, 0.9714217185974121, 1.3674603700637817]","[0.09178674221038818, 0.3633991479873657, -0.18397045135498047, -0.2355273962020874]"
24344.0,2009-12-01T00:00:00.000000000,"[0.6413896679878235, 0.9714217185974121, 1.3674603700637817, 1.6974923610687256]","[0.24136316776275635, -0.07010900974273682, 0.1618824005126953, 0.4587150812149048]"
24344.0,2010-03-01T00:00:00.000000000,"[0.9714217185974121, 1.3674603700637817, 1.6974923610687256, 2.1595370769500732]","[-0.030840396881103516, -0.20982098579406738, 0.4679698944091797, 0.44929492473602295]"
24344.0,2010-06-01T00:00:00.000000000,"[1.3674603700637817, 1.6974923610687256, 2.1595370769500732, 1.8075029850006104]","[0.24367332458496094, 0.813240647315979, 0.9238497018814087, 0.3453587293624878]"
24344.0,2010-09-01T00:00:00.000000000,"[1.6974923610687256, 2.1595370769500732, 1.8075029850006104, 2.071528673171997]","[0.9962109327316284, 1.3102740049362183, 0.6545026302337646, 0.6416240930557251]"
24344.0,2010-12-01T00:00:00.000000000,"[2.1595370769500732, 1.8075029850006104, 2.071528673171997, 2.0055222511291504]","[1.188557744026184, 0.785886287689209, 0.7175201177597046, 0.8955819606781006]"
24344.0,2011-03-01T00:00:00.000000000,"[1.8075029850006104, 2.071528673171997, 2.0055222511291504, 3.0396230220794678]","[1.1083208322525024, 0.5687159299850464, 1.0864694118499756, 1.1976549625396729]"
24344.0,2011-06-01T00:00:00.000000000,"[2.071528673171997, 2.0055222511291504, 3.0396230220794678, 4.931806564331055]","[1.2438833713531494, 1.739427089691162, 1.8868358135223389, 1.298515796661377]"
24344.0,2011-09-01T00:00:00.000000000,"[2.0055222511291504, 3.0396230220794678, 4.931806564331055, 5.0418171882629395]","[1.6546759605407715, 1.9397785663604736, 1.0991995334625244, 1.0378329753875732]"
24344.0,2011-12-01T00:00:00.000000000,"[3.0396230220794678, 4.931806564331055, 5.0418171882629395, 5.107824325561523]","[1.0181498527526855, 0.23210251331329346, 0.2752761244773865, 0.87339848279953]"
24344.0,2012-03-01T00:00:00.000000000,"[4.931806564331055, 5.0418171882629395, 5.107824325561523, 4.82179594039917]","[0.8664382696151733, 0.543914794921875, 0.9305109977722168, 1.078973412513733]"
24344.0,2012-06-01T00:00:00.000000000,"[5.0418171882629395, 5.107824325561523, 4.82179594039917, 5.855896949768066]","[2.134218454360962, 2.5108816623687744, 2.907745599746704, 2.21234130859375]"
24344.0,2012-09-01T00:00:00.000000000,"[5.107824325561523, 4.82179594039917, 5.855896949768066, 6.1419243812561035]","[3.186933994293213, 2.5144050121307373, 1.544032096862793, 1.3939611911773682]"
24344.0,2012-12-01T00:00:00.000000000,"[4.82179594039917, 5.855896949768066, 6.1419243812561035, 7.132020950317383]","[3.627419948577881, 2.640216827392578, 1.6858201026916504, 1.645445466041565]"
24344.0,2013-03-01T00:00:00.000000000,"[5.855896949768066, 6.1419243812561035, 7.132020950317383, 6.713980197906494]","[3.8219542503356934, 2.3824052810668945, 1.9554988145828247, 2.4965004920959473]"
24468.0,2006-06-01T00:00:00.000000000,"[6.647973537445068, 7.660072326660156, 8.298134803771973, 7.704076290130615]","[4.17657470703125, 4.230600833892822, 4.148070335388184, 4.276989936828613]"
24468.0,2006-09-01T00:00:00.000000000,"[7.660072326660156, 8.298134803771973, 7.704076290130615, 8.584161758422852]","[5.139339447021484, 4.819744110107422, 4.713408946990967, 4.836586952209473]"
24468.0,2006-12-01T00:00:00.000000000,"[8.298134803771973, 7.704076290130615, 8.584161758422852, 9.156217575073242]","[5.541863918304443, 4.844261169433594, 4.916680335998535, 4.731186866760254]"
24468.0,2007-03-01T00:00:00.000000000,"[7.704076290130615, 8.584161758422852, 9.156217575073242, 9.20022201538086]","[5.91757345199585, 5.392724990844727, 4.969305992126465, 4.506951332092285]"
24468.0,2007-06-01T00:00:00.000000000,"[8.584161758422852, 9.156217575073242, 9.20022201538086, 9.838284492492676]","[6.166477203369141, 5.540914058685303, 5.0897650718688965, 5.054325580596924]"
24468.0,2007-09-01T00:00:00.000000000,"[9.156217575073242, 9.20022201538086, 9.838284492492676, 10.762373924255371]","[7.065381050109863, 6.459627628326416, 5.9999284744262695, 6.4180192947387695]"
24468.0,2007-12-01T00:00:00.000000000,"[9.20022201538086, 9.838284492492676, 10.762373924255371, 10.718369483947754]","[7.5575056076049805, 6.837679862976074, 6.92039680480957, 7.033567428588867]"
24468.0,2008-03-01T00:00:00.000000000,"[9.838284492492676, 10.762373924255371, 10.718369483947754, 10.388337135314941]","[7.657320022583008, 7.5696516036987305, 7.144386291503906, 6.975045680999756]"
24468.0,2008-06-01T00:00:00.000000000,"[10.762373924255371, 10.718369483947754, 10.388337135314941, 10.740371704101562]","[8.426128387451172, 8.423439025878906, 7.88870906829834, 7.852298259735107]"
24468.0,2008-09-01T00:00:00.000000000,"[10.718369483947754, 10.388337135314941, 10.740371704101562, 10.388337135314941]","[9.248370170593262, 9.072552680969238, 8.6433687210083, 9.048261642456055]"
24468.0,2008-12-01T00:00:00.000000000,"[10.388337135314941, 10.740371704101562, 10.388337135314941, 13.182609558105469]","[9.344667434692383, 9.110639572143555, 9.344144821166992, 9.69758129119873]"
24468.0,2009-03-01T00:00:00.000000000,"[10.740371704101562, 10.388337135314941, 13.182609558105469, 10.872385025024414]","[9.517297744750977, 10.227874755859375, 10.189499855041504, 10.026763916015625]"
24468.0,2009-06-01T00:00:00.000000000,"[10.388337135314941, 13.182609558105469, 10.872385025024414, 12.610553741455078]","[10.255348205566406, 10.952070236206055, 10.233711242675781, 10.489574432373047]"
24468.0,2009-09-01T00:00:00.000000000,"[13.182609558105469, 10.872385025024414, 12.610553741455078, 12.060501098632812]","[10.55915641784668, 10.484729766845703, 10.283487319946289, 10.672708511352539]"
24468.0,2009-12-01T00:00:00.000000000,"[10.872385025024414, 12.610553741455078, 12.060501098632812, 15.580842971801758]","[11.542108535766602, 11.775714874267578, 11.64607048034668, 11.992856979370117]"
24468.0,2010-03-01T00:00:00.000000000,"[12.610553741455078, 12.060501098632812, 15.580842971801758, 14.678754806518555]","[10.698076248168945, 11.044546127319336, 11.608537673950195, 11.177745819091797]"
24468.0,2010-06-01T00:00:00.000000000,"[12.060501098632812, 15.580842971801758, 14.678754806518555, 14.656752586364746]","[11.875415802001953, 13.469793319702148, 12.02459716796875, 12.047454833984375]"
24468.0,2010-09-01T00:00:00.000000000,"[15.580842971801758, 14.678754806518555, 14.656752586364746, 19.431217193603516]","[12.071756362915039, 11.591291427612305, 11.653067588806152, 12.168050765991211]"
24468.0,2010-12-01T00:00:00.000000000,"[14.678754806518555, 14.656752586364746, 19.431217193603516, 19.475223541259766]","[13.416570663452148, 13.820602416992188, 13.706298828125, 13.885200500488281]"
24468.0,2011-03-01T00:00:00.000000000,"[14.656752586364746, 19.431217193603516, 19.475223541259766, 17.649045944213867]","[13.025318145751953, 13.503315925598145, 14.240476608276367, 13.687177658081055]"
24468.0,2011-06-01T00:00:00.000000000,"[19.431217193603516, 19.475223541259766, 17.649045944213867, 19.409217834472656]","[13.898794174194336, 15.306547164916992, 13.905562400817871, 13.960384368896484]"
24468.0,2011-09-01T00:00:00.000000000,"[19.475223541259766, 17.649045944213867, 19.409217834472656, 18.74915313720703]","[16.49275779724121, 15.797652244567871, 15.672401428222656, 16.644969940185547]"
24468.0,2011-12-01T00:00:00.000000000,"[17.649045944213867, 19.409217834472656, 18.74915313720703, 9.376238822937012]","[16.526630401611328, 15.828557968139648, 17.0562801361084, 17.241615295410156]"
24468.0,2012-03-01T00:00:00.000000000,"[19.409217834472656, 18.74915313720703, 9.376238822937012, 11.048401832580566]","[15.968542098999023, 17.109657287597656, 17.532325744628906, 16.668060302734375]"
24468.0,2012-06-01T00:00:00.000000000,"[18.74915313720703, 9.376238822937012, 11.048401832580566, 11.79647445678711]","[18.02752685546875, 18.69416618347168, 17.156131744384766, 17.924053192138672]"
24468.0,2012-09-01T00:00:00.000000000,"[9.376238822937012, 11.048401832580566, 11.79647445678711, 9.794280052185059]","[18.68303108215332, 17.704986572265625, 17.79943084716797, 18.874183654785156]"
24468.0,2012-12-01T00:00:00.000000000,"[11.048401832580566, 11.79647445678711, 9.794280052185059, 6.757984638214111]","[14.570404052734375, 14.138324737548828, 15.223910331726074, 14.032255172729492]"
24617.0,2006-06-01T00:00:00.000000000,"[0.5606417655944824, 0.6193875670433044, 0.4873746931552887, 0.37010324001312256]","[0.1030299961566925, 0.1656983196735382, -0.024476319551467896, -0.014563605189323425]"
24617.0,2006-09-01T00:00:00.000000000,"[0.6193875670433044, 0.4873746931552887, 0.37010324001312256, 0.7661417722702026]","[0.2919612526893616, 0.12495239078998566, 0.0889820009469986, 0.35816454887390137]"
24617.0,2006-12-01T00:00:00.000000000,"[0.4873746931552887, 0.37010324001312256, 0.7661417722702026, 0.7514004111289978]","[0.2024436593055725, 0.11496064066886902, 0.35181504487991333, 0.32731473445892334]"
24617.0,2007-03-01T00:00:00.000000000,"[0.37010324001312256, 0.7661417722702026, 0.7514004111289978, 0.5461203455924988]","[0.1919013112783432, 0.4404889941215515, 0.37515562772750854, 0.1926645189523697]"
24617.0,2007-06-01T00:00:00.000000000,"[0.7661417722702026, 0.7514004111289978, 0.5461203455924988, 0.35536178946495056]","[0.3452760577201843, 0.35118603706359863, 0.16330330073833466, 0.1840120404958725]"
24617.0,2007-09-01T00:00:00.000000000,"[0.7514004111289978, 0.5461203455924988, 0.35536178946495056, 0.7366588711738586]","[0.556334912776947, 0.38505932688713074, 0.3534364402294159, 0.6589562296867371]"
24617.0,2007-12-01T00:00:00.000000000,"[0.5461203455924988, 0.35536178946495056, 0.7366588711738586, 0.8101460337638855]","[0.4573875367641449, 0.3507363200187683, 0.6411992311477661, 0.6239478588104248]"
24617.0,2008-03-01T00:00:00.000000000,"[0.35536178946495056, 0.7366588711738586, 0.8101460337638855, 0.5166375637054443]","[0.38015228509902954, 0.6807852387428284, 0.6303624510765076, 0.4495614767074585]"
24617.0,2008-06-01T00:00:00.000000000,"[0.7366588711738586, 0.8101460337638855, 0.5166375637054443, 0.4726331830024719]","[0.509525716304779, 0.5147759318351746, 0.29017138481140137, 0.29205822944641113]"
24617.0,2008-09-01T00:00:00.000000000,"[0.8101460337638855, 0.5166375637054443, 0.4726331830024719, 1.0446888208389282]","[0.7041388750076294, 0.5411486029624939, 0.4823043644428253, 0.7640150785446167]"
24617.0,2008-12-01T00:00:00.000000000,"[0.5166375637054443, 0.4726331830024719, 1.0446888208389282, 1.1181758642196655]","[0.6094259023666382, 0.5260623097419739, 0.8253337740898132, 0.7559996843338013]"
24617.0,2009-03-01T00:00:00.000000000,"[0.4726331830024719, 1.0446888208389282, 1.1181758642196655, 1.0446888208389282]","[0.45374423265457153, 0.7892718315124512, 0.7377646565437317, 0.48988381028175354]"
24617.0,2009-06-01T00:00:00.000000000,"[1.0446888208389282, 1.1181758642196655, 1.0446888208389282, 1.2501888275146484]","[0.6188980340957642, 0.7144272327423096, 0.433759480714798, 0.4054467976093292]"
24617.0,2009-09-01T00:00:00.000000000,"[1.1181758642196655, 1.0446888208389282, 1.2501888275146484, 2.21828293800354]","[0.9118199348449707, 0.7154654860496521, 0.7184785604476929, 0.927095353603363]"
24617.0,2009-12-01T00:00:00.000000000,"[1.0446888208389282, 1.2501888275146484, 2.21828293800354, 2.4088215827941895]","[0.8267989754676819, 0.7255193591117859, 1.0379821062088013, 0.9507548809051514]"
24617.0,2010-03-01T00:00:00.000000000,"[1.2501888275146484, 2.21828293800354, 2.4088215827941895, 2.1595370769500732]","[0.7623887062072754, 1.1920523643493652, 1.0847197771072388, 0.8421609401702881]"
24617.0,2010-06-01T00:00:00.000000000,"[2.21828293800354, 2.4088215827941895, 2.1595370769500732, 1.7047529220581055]","[1.0902725458145142, 1.2566016912460327, 0.9942696690559387, 1.0466076135635376]"
24617.0,2010-09-01T00:00:00.000000000,"[2.4088215827941895, 2.1595370769500732, 1.7047529220581055, 2.4675674438476562]","[1.5844953060150146, 1.2838245630264282, 1.2925257682800293, 1.6297369003295898]"
24617.0,2010-12-01T00:00:00.000000000,"[2.1595370769500732, 1.7047529220581055, 2.4675674438476562, 2.3062915802001953]","[1.4618619680404663, 1.1976022720336914, 1.6353915929794312, 1.4818593263626099]"
24617.0,2011-03-01T00:00:00.000000000,"[1.7047529220581055, 2.4675674438476562, 2.3062915802001953, 1.9395159482955933]","[1.429184079170227, 1.6503444910049438, 1.5608439445495605, 1.177734375]"
24617.0,2011-06-01T00:00:00.000000000,"[2.4675674438476562, 2.3062915802001953, 1.9395159482955933, 1.8735092878341675]","[1.688119888305664, 1.6489803791046143, 1.2721045017242432, 1.3187456130981445]"
24617.0,2011-09-01T00:00:00.000000000,"[2.3062915802001953, 1.9395159482955933, 1.8735092878341675, 2.0495264530181885]","[2.10418438911438, 1.8264477252960205, 1.6940507888793945, 2.2218337059020996]"
24617.0,2011-12-01T00:00:00.000000000,"[1.9395159482955933, 1.8735092878341675, 2.0495264530181885, 3.0616250038146973]","[1.792637586593628, 1.6178703308105469, 2.1190712451934814, 2.115802049636841]"
24617.0,2012-03-01T00:00:00.000000000,"[1.8735092878341675, 2.0495264530181885, 3.0616250038146973, 2.8416035175323486]","[1.6918909549713135, 2.2367770671844482, 2.1168155670166016, 1.7903358936309814]"
24617.0,2012-06-01T00:00:00.000000000,"[2.0495264530181885, 3.0616250038146973, 2.8416035175323486, 3.0396230220794678]","[2.0894734859466553, 2.205885887145996, 1.7569844722747803, 1.8401923179626465]"
24617.0,2012-09-01T00:00:00.000000000,"[3.0616250038146973, 2.8416035175323486, 3.0396230220794678, 4.381753444671631]","[2.1916003227233887, 2.042548656463623, 1.8773698806762695, 2.357659101486206]"
24617.0,2012-12-01T00:00:00.000000000,"[2.8416035175323486, 3.0396230220794678, 4.381753444671631, 4.733787536621094]","[2.294889450073242, 2.2418746948242188, 2.6257243156433105, 2.630734920501709]"
24617.0,2013-03-01T00:00:00.000000000,"[3.0396230220794678, 4.381753444671631, 4.733787536621094, 4.601775169372559]","[2.2305867671966553, 2.799718141555786, 2.837287664413452, 2.4708969593048096]"
24856.0,2006-06-01T00:00:00.000000000,"[4.491764068603516, 3.8096976280212402, 4.645779132843018, 5.76788854598999]","[1.2430922985076904, 0.8247959613800049, 0.7990477085113525, 0.8357557654380798]"
24856.0,2006-09-01T00:00:00.000000000,"[3.8096976280212402, 4.645779132843018, 5.76788854598999, 6.229933261871338]","[1.8768916130065918, 1.1147855520248413, 0.7482333779335022, 0.5572072267532349]"
24856.0,2006-12-01T00:00:00.000000000,"[4.645779132843018, 5.76788854598999, 6.229933261871338, 6.38394832611084]","[1.7921867370605469, 1.1915867328643799, 0.6695110201835632, 0.12278759479522705]"
24856.0,2007-03-01T00:00:00.000000000,"[5.76788854598999, 6.229933261871338, 6.38394832611084, 6.603969573974609]","[2.4909508228302, 1.7819383144378662, 0.8149528503417969, 0.6351592540740967]"
24856.0,2007-06-01T00:00:00.000000000,"[6.229933261871338, 6.38394832611084, 6.603969573974609, 5.965907573699951]","[3.2910141944885254, 2.023582935333252, 1.381870985031128, 1.4334757328033447]"
24856.0,2007-09-01T00:00:00.000000000,"[6.38394832611084, 6.603969573974609, 5.965907573699951, 6.075918197631836]","[3.714411497116089, 2.832597494125366, 2.1354427337646484, 1.9285485744476318]"
24856.0,2007-12-01T00:00:00.000000000,"[6.603969573974609, 5.965907573699951, 6.075918197631836, 5.349847793579102]","[4.124761581420898, 3.503936767578125, 2.6187314987182617, 2.217846393585205]"
24856.0,2008-03-01T00:00:00.000000000,"[5.965907573699951, 6.075918197631836, 5.349847793579102, 5.239837169647217]","[4.712646007537842, 4.021719455718994, 2.9848227500915527, 2.992403984069824]"
24856.0,2008-06-01T00:00:00.000000000,"[6.075918197631836, 5.349847793579102, 5.239837169647217, 4.20573616027832]","[4.865908145904541, 4.151717185974121, 3.5767455101013184, 3.892361640930176]"
24856.0,2008-09-01T00:00:00.000000000,"[5.349847793579102, 5.239837169647217, 4.20573616027832, 4.931806564331055]","[5.186081886291504, 5.027413845062256, 4.61387300491333, 4.836345195770264]"
24856.0,2008-12-01T00:00:00.000000000,"[5.239837169647217, 4.20573616027832, 4.931806564331055, 4.2937445640563965]","[5.1571431159973145, 5.135502815246582, 4.866105079650879, 4.7626118659973145]"
24856.0,2009-03-01T00:00:00.000000000,"[4.20573616027832, 4.931806564331055, 4.2937445640563965, 3.21563982963562]","[5.350649833679199, 5.568100452423096, 4.96444034576416, 5.110116958618164]"
24856.0,2009-06-01T00:00:00.000000000,"[4.931806564331055, 4.2937445640563965, 3.21563982963562, 2.5555758476257324]","[4.979519367218018, 4.758774757385254, 4.532904624938965, 4.626915454864502]"
24856.0,2009-09-01T00:00:00.000000000,"[4.2937445640563965, 3.21563982963562, 2.5555758476257324, 3.5016677379608154]","[5.211357116699219, 5.394959926605225, 5.159030914306641, 5.189029216766357]"
24856.0,2009-12-01T00:00:00.000000000,"[3.21563982963562, 2.5555758476257324, 3.5016677379608154, 3.3476529121398926]","[4.901156425476074, 4.871626853942871, 5.027423858642578, 4.622743606567383]"
24856.0,2010-03-01T00:00:00.000000000,"[2.5555758476257324, 3.5016677379608154, 3.3476529121398926, 2.4675674438476562]","[4.60992431640625, 4.691134452819824, 4.551281929016113, 4.210015773773193]"
24856.0,2010-06-01T00:00:00.000000000,"[3.5016677379608154, 3.3476529121398926, 2.4675674438476562, 3.171635627746582]","[4.156109809875488, 3.5944292545318604, 4.055283069610596, 3.913146495819092]"
24856.0,2010-09-01T00:00:00.000000000,"[3.3476529121398926, 2.4675674438476562, 3.171635627746582, 3.3036487102508545]","[4.016015529632568, 3.359595775604248, 4.311183929443359, 4.226433277130127]"
24856.0,2010-12-01T00:00:00.000000000,"[2.4675674438476562, 3.171635627746582, 3.3036487102508545, 3.1496336460113525]","[3.909390687942505, 3.470449447631836, 4.871364593505859, 4.304792404174805]"
24856.0,2011-03-01T00:00:00.000000000,"[3.171635627746582, 3.3036487102508545, 3.1496336460113525, 2.1595370769500732]","[3.651796340942383, 3.333493709564209, 4.522389888763428, 3.975745439529419]"
24856.0,2011-06-01T00:00:00.000000000,"[3.3036487102508545, 3.1496336460113525, 2.1595370769500732, 2.9956183433532715]","[3.784332752227783, 3.3224263191223145, 4.114780902862549, 3.8087048530578613]"
24856.0,2011-09-01T00:00:00.000000000,"[3.1496336460113525, 2.1595370769500732, 2.9956183433532715, 1.7414965629577637]","[3.4346461296081543, 3.1583476066589355, 4.106595993041992, 3.800750732421875]"
24856.0,2011-12-01T00:00:00.000000000,"[2.1595370769500732, 2.9956183433532715, 1.7414965629577637, 3.9417104721069336]","[3.5455880165100098, 3.579216718673706, 4.950157165527344, 4.227663993835449]"
24856.0,2012-03-01T00:00:00.000000000,"[2.9956183433532715, 1.7414965629577637, 3.9417104721069336, 4.117727756500244]","[3.3293442726135254, 3.427368640899658, 4.44840669631958, 3.8552231788635254]"
24856.0,2012-06-01T00:00:00.000000000,"[1.7414965629577637, 3.9417104721069336, 4.117727756500244, 3.875704050064087]","[3.47445011138916, 3.3439242839813232, 3.7465999126434326, 3.486370801925659]"
24856.0,2012-09-01T00:00:00.000000000,"[3.9417104721069336, 4.117727756500244, 3.875704050064087, 3.4136593341827393]","[3.0257675647735596, 3.1788132190704346, 3.8225202560424805, 3.5250771045684814]"
24856.0,2012-12-01T00:00:00.000000000,"[4.117727756500244, 3.875704050064087, 3.4136593341827393, 5.129826545715332]","[3.375720977783203, 3.5439906120300293, 4.382956027984619, 3.7601852416992188]"
24856.0,2013-03-01T00:00:00.000000000,"[3.875704050064087, 3.4136593341827393, 5.129826545715332, 0.8174067735671997]","[3.8868632316589355, 3.931079149246216, 4.429595947265625, 3.994345188140869]"
24925.0,2006-06-01T00:00:00.000000000,"[2.7315926551818848, 2.7095906734466553, 3.369654893875122, 2.7095906734466553]","[2.258406162261963, 2.5288615226745605, 2.7070329189300537, 2.4276161193847656]"
24925.0,2006-09-01T00:00:00.000000000,"[2.7095906734466553, 3.369654893875122, 2.7095906734466553, 3.0396230220794678]","[2.622342586517334, 3.0057215690612793, 2.428929328918457, 2.5788660049438477]"
24925.0,2006-12-01T00:00:00.000000000,"[3.369654893875122, 2.7095906734466553, 3.0396230220794678, 2.8416035175323486]","[2.7316904067993164, 2.4279303550720215, 2.6270217895507812, 2.805295705795288]"
24925.0,2007-03-01T00:00:00.000000000,"[2.7095906734466553, 3.0396230220794678, 2.8416035175323486, 3.3036487102508545]","[2.741698741912842, 2.8963520526885986, 2.927924633026123, 2.9863123893737793]"
24925.0,2007-06-01T00:00:00.000000000,"[3.0396230220794678, 2.8416035175323486, 3.3036487102508545, 2.5995800495147705]","[2.585700035095215, 2.809683084487915, 3.0639538764953613, 2.742584705352783]"
24925.0,2007-09-01T00:00:00.000000000,"[2.8416035175323486, 3.3036487102508545, 2.5995800495147705, 2.7315926551818848]","[2.971907138824463, 3.4580633640289307, 2.770723581314087, 2.89697527885437]"
24925.0,2007-12-01T00:00:00.000000000,"[3.3036487102508545, 2.5995800495147705, 2.7315926551818848, 2.929612159729004]","[2.9925575256347656, 2.595015525817871, 2.8095602989196777, 2.9562721252441406]"
24925.0,2008-03-01T00:00:00.000000000,"[2.5995800495147705, 2.7315926551818848, 2.929612159729004, 3.3916571140289307]","[2.9346699714660645, 3.111952066421509, 3.1188511848449707, 3.1402111053466797]"
24925.0,2008-06-01T00:00:00.000000000,"[2.7315926551818848, 2.929612159729004, 3.3916571140289307, 3.9417104721069336]","[2.7079615592956543, 2.852816104888916, 3.1008872985839844, 2.7079997062683105]"
24925.0,2008-09-01T00:00:00.000000000,"[2.929612159729004, 3.3916571140289307, 3.9417104721069336, 4.227738380432129]","[2.9477157592773438, 3.3637619018554688, 2.6515188217163086, 2.6936657428741455]"
24925.0,2008-12-01T00:00:00.000000000,"[3.3916571140289307, 3.9417104721069336, 4.227738380432129, 4.491764068603516]","[3.036252021789551, 2.6259260177612305, 2.8409571647644043, 2.9575748443603516]"
24925.0,2009-03-01T00:00:00.000000000,"[3.9417104721069336, 4.227738380432129, 4.491764068603516, 5.239837169647217]","[3.017360210418701, 3.0663223266601562, 3.193626642227173, 3.165128469467163]"
24925.0,2009-06-01T00:00:00.000000000,"[4.227738380432129, 4.491764068603516, 5.239837169647217, 5.0418171882629395]","[3.284003257751465, 3.551208972930908, 3.7490015029907227, 3.4098355770111084]"
24925.0,2009-09-01T00:00:00.000000000,"[4.491764068603516, 5.239837169647217, 5.0418171882629395, 5.6578779220581055]","[3.7435073852539062, 4.099420547485352, 3.529360771179199, 3.665092706680298]"
24925.0,2009-12-01T00:00:00.000000000,"[5.239837169647217, 5.0418171882629395, 5.6578779220581055, 6.097919940948486]","[4.092571258544922, 3.704390525817871, 3.824530839920044, 4.065231800079346]"
24925.0,2010-03-01T00:00:00.000000000,"[5.0418171882629395, 5.6578779220581055, 6.097919940948486, 6.38394832611084]","[4.216772079467773, 4.060282230377197, 4.247400760650635, 4.37772274017334]"
24925.0,2010-06-01T00:00:00.000000000,"[5.6578779220581055, 6.097919940948486, 6.38394832611084, 6.559965133666992]","[4.202056884765625, 4.243434429168701, 4.62928581237793, 4.217711448669434]"
24925.0,2010-09-01T00:00:00.000000000,"[6.097919940948486, 6.38394832611084, 6.559965133666992, 6.053915977478027]","[4.872247695922852, 5.0095343589782715, 4.196807861328125, 4.197989463806152]"
24925.0,2010-12-01T00:00:00.000000000,"[6.38394832611084, 6.559965133666992, 6.053915977478027, 6.537962913513184]","[5.407749176025391, 4.638637065887451, 4.618663311004639, 4.773401737213135]"
24925.0,2011-03-01T00:00:00.000000000,"[6.559965133666992, 6.053915977478027, 6.537962913513184, 6.757984638214111]","[5.078315734863281, 4.894618988037109, 5.049132347106934, 5.259039402008057]"
24925.0,2011-06-01T00:00:00.000000000,"[6.053915977478027, 6.537962913513184, 6.757984638214111, 6.00991153717041]","[5.4180450439453125, 5.5189619064331055, 5.706393241882324, 5.248674392700195]"
24925.0,2011-09-01T00:00:00.000000000,"[6.537962913513184, 6.757984638214111, 6.00991153717041, 5.76788854598999]","[5.722193717956543, 5.99531364440918, 5.328615188598633, 5.42872428894043]"
24925.0,2011-12-01T00:00:00.000000000,"[6.757984638214111, 6.00991153717041, 5.76788854598999, 6.273937702178955]","[6.313972473144531, 6.072612285614014, 5.997293472290039, 6.33249568939209]"
24925.0,2012-03-01T00:00:00.000000000,"[6.00991153717041, 5.76788854598999, 6.273937702178955, 7.132020950317383]","[6.003417015075684, 6.031575679779053, 6.200026512145996, 6.537239074707031]"
24925.0,2012-06-01T00:00:00.000000000,"[5.76788854598999, 6.273937702178955, 7.132020950317383, 7.220029354095459]","[5.9179816246032715, 6.291036128997803, 6.524966239929199, 6.185677528381348]"
24925.0,2012-09-01T00:00:00.000000000,"[6.273937702178955, 7.132020950317383, 7.220029354095459, 7.57206392288208]","[6.161161422729492, 6.715568542480469, 5.9820637702941895, 6.027315139770508]"
24925.0,2012-12-01T00:00:00.000000000,"[7.132020950317383, 7.220029354095459, 7.57206392288208, 7.902095794677734]","[6.605396270751953, 6.4228315353393555, 6.234076499938965, 6.502220630645752]"
24925.0,2013-03-01T00:00:00.000000000,"[7.220029354095459, 7.57206392288208, 7.902095794677734, 7.506057262420654]","[6.48454475402832, 6.641542434692383, 6.727566719055176, 6.902505397796631]"
24975.0,2005-06-01T00:00:00.000000000,"[0.7293981313705444, 0.7293981313705444, 0.7073960304260254, 1.0594303607940674]","[0.601669192314148, 0.47108161449432373, 0.43647491931915283, 0.4969603717327118]"
24975.0,2005-09-01T00:00:00.000000000,"[0.7293981313705444, 0.7073960304260254, 1.0594303607940674, 0.7954046130180359]","[0.6702292561531067, 0.5456146001815796, 0.6477019786834717, 0.6636773347854614]"
24975.0,2005-12-01T00:00:00.000000000,"[0.7073960304260254, 1.0594303607940674, 0.7954046130180359, 0.6853939294815063]","[0.6042537689208984, 0.7130377292633057, 0.6172577738761902, 0.5629931688308716]"
24975.0,2006-03-01T00:00:00.000000000,"[1.0594303607940674, 0.7954046130180359, 0.6853939294815063, 0.7734025120735168]","[0.6423940062522888, 0.6214926242828369, 0.6311120986938477, 0.6181921362876892]"
24975.0,2006-06-01T00:00:00.000000000,"[0.7954046130180359, 0.6853939294815063, 0.7734025120735168, 0.7954046130180359]","[0.8131954073905945, 0.7248527407646179, 0.7420694828033447, 0.8002018928527832]"
24975.0,2006-09-01T00:00:00.000000000,"[0.6853939294815063, 0.7734025120735168, 0.7954046130180359, 1.0814324617385864]","[0.7369676232337952, 0.7226011753082275, 0.8338460922241211, 0.7536624670028687]"
24975.0,2006-12-01T00:00:00.000000000,"[0.7734025120735168, 0.7954046130180359, 1.0814324617385864, 0.9714217185974121]","[0.7304522395133972, 0.91869056224823, 0.7620879411697388, 0.7044016122817993]"
24975.0,2007-03-01T00:00:00.000000000,"[0.7954046130180359, 1.0814324617385864, 0.9714217185974121, 0.9934238195419312]","[0.7956110835075378, 0.7678228616714478, 0.7519533038139343, 0.779960036277771]"
24975.0,2007-06-01T00:00:00.000000000,"[1.0814324617385864, 0.9714217185974121, 0.9934238195419312, 1.3674603700637817]","[0.7656899690628052, 0.682354211807251, 0.7253559827804565, 0.7685250043869019]"
24975.0,2007-09-01T00:00:00.000000000,"[0.9714217185974121, 0.9934238195419312, 1.3674603700637817, 1.2354472875595093]","[0.8655807971954346, 0.9552632570266724, 0.9935523867607117, 0.9105355739593506]"
24975.0,2007-12-01T00:00:00.000000000,"[0.9934238195419312, 1.3674603700637817, 1.2354472875595093, 1.323456048965454]","[0.8613929748535156, 1.0574214458465576, 0.9950705766677856, 0.8931034803390503]"
24975.0,2008-03-01T00:00:00.000000000,"[1.3674603700637817, 1.2354472875595093, 1.323456048965454, 0.8174067735671997]","[0.9574755430221558, 1.0681061744689941, 0.9187272191047668, 0.9428125619888306]"
24975.0,2008-06-01T00:00:00.000000000,"[1.2354472875595093, 1.323456048965454, 0.8174067735671997, 1.7194944620132446]","[1.0901598930358887, 1.0251309871673584, 1.099128007888794, 1.1641299724578857]"
24975.0,2008-12-01T00:00:00.000000000,"[1.323456048965454, 0.8174067735671997, 1.7194944620132446, 1.6754902601242065]","[1.0362541675567627, 1.1101456880569458, 1.2447831630706787, 1.131730556488037]"
24975.0,2009-03-01T00:00:00.000000000,"[0.8174067735671997, 1.7194944620132446, 1.6754902601242065, 1.3894624710083008]","[1.1389143466949463, 1.3265738487243652, 1.2104907035827637, 1.1743807792663574]"
24975.0,2009-06-01T00:00:00.000000000,"[1.7194944620132446, 1.6754902601242065, 1.3894624710083008, 1.0154259204864502]","[1.0244919061660767, 0.9167202115058899, 0.9018757343292236, 0.9040799140930176]"
24975.0,2009-12-01T00:00:00.000000000,"[1.6754902601242065, 1.3894624710083008, 1.0154259204864502, 1.6754902601242065]","[1.3926010131835938, 1.392928123474121, 1.3445677757263184, 1.430883526802063]"
24975.0,2010-03-01T00:00:00.000000000,"[1.3894624710083008, 1.0154259204864502, 1.6754902601242065, 1.8515071868896484]","[1.3690860271453857, 1.236865520477295, 1.5358216762542725, 1.477489948272705]"
24975.0,2010-06-01T00:00:00.000000000,"[1.0154259204864502, 1.6754902601242065, 1.8515071868896484, 1.8955113887786865]","[1.2968041896820068, 1.5227820873260498, 1.3814105987548828, 1.2595574855804443]"
24975.0,2010-09-01T00:00:00.000000000,"[1.6754902601242065, 1.8515071868896484, 1.8955113887786865, 1.8295050859451294]","[1.2695358991622925, 1.2130423784255981, 1.0928165912628174, 1.0967885255813599]"
24975.0,2011-03-01T00:00:00.000000000,"[1.8515071868896484, 1.8955113887786865, 1.8295050859451294, 1.5214751958847046]","[1.6175658702850342, 1.5960087776184082, 1.4507853984832764, 1.6140408515930176]"
24975.0,2011-06-01T00:00:00.000000000,"[1.8955113887786865, 1.8295050859451294, 1.5214751958847046, 1.9835201501846313]","[1.5470654964447021, 1.4240334033966064, 1.7363653182983398, 1.6816751956939697]"
24975.0,2011-12-01T00:00:00.000000000,"[1.8295050859451294, 1.5214751958847046, 1.9835201501846313, 3.127631425857544]","[1.5475633144378662, 1.9390058517456055, 1.8618628978729248, 1.663726806640625]"
24975.0,2012-03-01T00:00:00.000000000,"[1.5214751958847046, 1.9835201501846313, 3.127631425857544, 2.775597333908081]","[1.7114744186401367, 1.8763742446899414, 1.6328392028808594, 1.6436994075775146]"
24975.0,2012-06-01T00:00:00.000000000,"[1.9835201501846313, 3.127631425857544, 2.775597333908081, 2.6435842514038086]","[1.6599342823028564, 1.5904977321624756, 1.5115296840667725, 1.7727036476135254]"
24975.0,2012-09-01T00:00:00.000000000,"[3.127631425857544, 2.775597333908081, 2.6435842514038086, 3.0396230220794678]","[1.7436468601226807, 1.7440969944000244, 1.9814940690994263, 1.892208456993103]"
24975.0,2012-12-01T00:00:00.000000000,"[2.775597333908081, 2.6435842514038086, 3.0396230220794678, 3.281646251678467]","[2.2037718296051025, 2.339912176132202, 2.270338773727417, 2.1098453998565674]"
24975.0,2013-03-01T00:00:00.000000000,"[2.6435842514038086, 3.0396230220794678, 3.281646251678467, 3.3036487102508545]","[2.2375974655151367, 2.179494619369507, 2.012434482574463, 1.8022619485855103]"
25124.0,2006-06-01T00:00:00.000000000,"[2.775597333908081, 2.8636057376861572, 2.7535951137542725, 2.4455649852752686]","[2.5858700275421143, 2.6743786334991455, 2.5940518379211426, 2.5696470737457275]"
25124.0,2006-09-01T00:00:00.000000000,"[2.8636057376861572, 2.7535951137542725, 2.4455649852752686, 2.4895694255828857]","[2.6979596614837646, 2.76458740234375, 2.616590976715088, 2.6748104095458984]"
25124.0,2006-12-01T00:00:00.000000000,"[2.7535951137542725, 2.4455649852752686, 2.4895694255828857, 2.5115716457366943]","[2.71327805519104, 2.6998443603515625, 2.782935619354248, 2.748883008956909]"
25124.0,2007-03-01T00:00:00.000000000,"[2.4455649852752686, 2.4895694255828857, 2.5115716457366943, 2.533573627471924]","[2.647972345352173, 2.8473281860351562, 2.7729625701904297, 2.6839592456817627]"
25124.0,2007-06-01T00:00:00.000000000,"[2.4895694255828857, 2.5115716457366943, 2.533573627471924, 2.115532875061035]","[2.597146987915039, 2.691545009613037, 2.5989060401916504, 2.518892526626587]"
25124.0,2007-09-01T00:00:00.000000000,"[2.5115716457366943, 2.533573627471924, 2.115532875061035, 2.3575565814971924]","[2.613875389099121, 2.637826442718506, 2.549546718597412, 2.5976219177246094]"
25124.0,2007-12-01T00:00:00.000000000,"[2.533573627471924, 2.115532875061035, 2.3575565814971924, 2.4015607833862305]","[2.5371673107147217, 2.488248825073242, 2.6527347564697266, 2.5960891246795654]"
25124.0,2008-03-01T00:00:00.000000000,"[2.115532875061035, 2.3575565814971924, 2.4015607833862305, 2.4015607833862305]","[2.486123561859131, 2.631535291671753, 2.687690258026123, 2.5416629314422607]"
25124.0,2008-06-01T00:00:00.000000000,"[2.3575565814971924, 2.4015607833862305, 2.4015607833862305, 2.313552141189575]","[2.3940482139587402, 2.4453201293945312, 2.5052757263183594, 2.3354382514953613]"
25124.0,2008-09-01T00:00:00.000000000,"[2.4015607833862305, 2.4015607833862305, 2.313552141189575, 2.5115716457366943]","[2.4155807495117188, 2.3281667232513428, 2.405647039413452, 2.3823082447052]"
25124.0,2008-12-01T00:00:00.000000000,"[2.4015607833862305, 2.313552141189575, 2.5115716457366943, 2.5995800495147705]","[2.3754687309265137, 2.3667948246002197, 2.5739238262176514, 2.452420234680176]"
25124.0,2009-03-01T00:00:00.000000000,"[2.313552141189575, 2.5115716457366943, 2.5995800495147705, 2.6435842514038086]","[2.349656820297241, 2.3651838302612305, 2.5739834308624268, 2.399578094482422]"
25124.0,2009-06-01T00:00:00.000000000,"[2.5115716457366943, 2.5995800495147705, 2.6435842514038086, 2.929612159729004]","[2.3918161392211914, 2.406342029571533, 2.5282156467437744, 2.4050910472869873]"
25124.0,2009-09-01T00:00:00.000000000,"[2.5995800495147705, 2.6435842514038086, 2.929612159729004, 3.083627223968506]","[2.3806281089782715, 2.374246597290039, 2.413607597351074, 2.37847900390625]"
25124.0,2009-12-01T00:00:00.000000000,"[2.6435842514038086, 2.929612159729004, 3.083627223968506, 3.017620801925659]","[2.467815399169922, 2.4639439582824707, 2.536374807357788, 2.4414663314819336]"
25434.0,2006-06-01T00:00:00.000000000,"[0.047331858426332474, 0.11333828419446945, 0.17934469878673553, 0.025329740718007088]","[-0.1455536037683487, -0.09650757908821106, -0.017236411571502686, -0.09559068083763123]"
25434.0,2006-09-01T00:00:00.000000000,"[0.11333828419446945, 0.17934469878673553, 0.025329740718007088, 0.2233489453792572]","[-0.027584314346313477, 0.07705754041671753, -0.07084134221076965, -0.0372312068939209]"
25434.0,2006-12-01T00:00:00.000000000,"[0.17934469878673553, 0.025329740718007088, 0.2233489453792572, 0.2453511357307434]","[0.06535342335700989, -0.03567609190940857, 0.000848621129989624, 0.0700082778930664]"
25434.0,2007-03-01T00:00:00.000000000,"[0.025329740718007088, 0.2233489453792572, 0.2453511357307434, 0.3113575577735901]","[0.006699472665786743, 0.0061540305614471436, 0.02997097373008728, 0.0992969274520874]"
25434.0,2007-06-01T00:00:00.000000000,"[0.2233489453792572, 0.2453511357307434, 0.3113575577735901, 0.15734252333641052]","[-0.03088197112083435, 0.013099193572998047, 0.09342926740646362, 0.007805764675140381]"
25434.0,2007-09-01T00:00:00.000000000,"[0.2453511357307434, 0.3113575577735901, 0.15734252333641052, 0.37736397981643677]","[0.1279141902923584, 0.24121835827827454, 0.06691610813140869, 0.11263862252235413]"
25434.0,2007-12-01T00:00:00.000000000,"[0.3113575577735901, 0.15734252333641052, 0.37736397981643677, 0.5313789248466492]","[0.20675359666347504, 0.08260424435138702, 0.1450396329164505, 0.2189420908689499]"
25434.0,2008-03-01T00:00:00.000000000,"[0.15734252333641052, 0.37736397981643677, 0.5313789248466492, 0.44337034225463867]","[0.15712691843509674, 0.1767980009317398, 0.19469372928142548, 0.23581023514270782]"
25434.0,2008-06-01T00:00:00.000000000,"[0.37736397981643677, 0.5313789248466492, 0.44337034225463867, 0.2893553674221039]","[0.11326038837432861, 0.15328702330589294, 0.21937012672424316, 0.1376279592514038]"
25434.0,2008-09-01T00:00:00.000000000,"[0.5313789248466492, 0.44337034225463867, 0.2893553674221039, 0.5093768239021301]","[0.2953915297985077, 0.4029812812805176, 0.21640118956565857, 0.27672654390335083]"
25434.0,2008-12-01T00:00:00.000000000,"[0.44337034225463867, 0.2893553674221039, 0.5093768239021301, 0.5093768239021301]","[0.42372867465019226, 0.28402790427207947, 0.3562992513179779, 0.43474259972572327]"
25434.0,2009-03-01T00:00:00.000000000,"[0.2893553674221039, 0.5093768239021301, 0.5093768239021301, 0.575383186340332]","[0.33258169889450073, 0.3526848554611206, 0.39878618717193604, 0.3877487778663635]"
25434.0,2009-06-01T00:00:00.000000000,"[0.5093768239021301, 0.5093768239021301, 0.575383186340332, 0.4653724431991577]","[0.2770161032676697, 0.3715895116329193, 0.3710242807865143, 0.2930879294872284]"
25434.0,2009-09-01T00:00:00.000000000,"[0.5093768239021301, 0.575383186340332, 0.4653724431991577, 0.6633917689323425]","[0.4619736075401306, 0.5547219514846802, 0.3719389736652374, 0.44335705041885376]"
25434.0,2009-12-01T00:00:00.000000000,"[0.575383186340332, 0.4653724431991577, 0.6633917689323425, 0.6633917689323425]","[0.48802512884140015, 0.4056706130504608, 0.47892433404922485, 0.5186011791229248]"
25434.0,2010-03-01T00:00:00.000000000,"[0.4653724431991577, 0.6633917689323425, 0.6633917689323425, 0.7954046130180359]","[0.42031270265579224, 0.5161300301551819, 0.5391973853111267, 0.4955180287361145]"
25434.0,2010-06-01T00:00:00.000000000,"[0.6633917689323425, 0.6633917689323425, 0.7954046130180359, 0.6193875670433044]","[0.4006422162055969, 0.514407217502594, 0.5223217010498047, 0.4195369482040405]"
25434.0,2010-09-01T00:00:00.000000000,"[0.6633917689323425, 0.7954046130180359, 0.6193875670433044, 1.0154259204864502]","[0.6033933758735657, 0.7172927260398865, 0.5112114548683167, 0.5826165080070496]"
25434.0,2010-12-01T00:00:00.000000000,"[0.7954046130180359, 0.6193875670433044, 1.0154259204864502, 0.8394088745117188]","[0.6339098811149597, 0.5239129066467285, 0.6141676306724548, 0.6700096130371094]"
25434.0,2011-03-01T00:00:00.000000000,"[0.6193875670433044, 1.0154259204864502, 0.8394088745117188, 1.0374282598495483]","[0.5910482406616211, 0.6887454390525818, 0.7138208150863647, 0.6689966320991516]"
25434.0,2011-06-01T00:00:00.000000000,"[1.0154259204864502, 0.8394088745117188, 1.0374282598495483, 0.003327556187286973]","[0.5479886531829834, 0.6736233830451965, 0.6841332316398621, 0.5660560131072998]"
25434.0,2011-09-01T00:00:00.000000000,"[0.8394088745117188, 1.0374282598495483, 0.003327556187286973, -1.7128393650054932]","[0.8536562919616699, 0.9526851177215576, 0.7307815551757812, 0.8325849771499634]"
25434.0,2011-12-01T00:00:00.000000000,"[1.0374282598495483, 0.003327556187286973, -1.7128393650054932, 0.42136821150779724]","[0.8122040033340454, 0.6361724138259888, 0.8141183853149414, 0.860326886177063]"
25434.0,2012-03-01T00:00:00.000000000,"[0.003327556187286973, -1.7128393650054932, 0.42136821150779724, 0.6413896679878235]","[0.8095413446426392, 0.959540843963623, 0.9182887673377991, 0.8739016652107239]"
25434.0,2012-06-01T00:00:00.000000000,"[-1.7128393650054932, 0.42136821150779724, 0.6413896679878235, 0.6633917689323425]","[0.4572722315788269, 0.458368182182312, 0.5576577186584473, 0.35706302523612976]"
25434.0,2012-09-01T00:00:00.000000000,"[0.42136821150779724, 0.6413896679878235, 0.6633917689323425, 1.5214751958847046]","[-0.19908012449741364, -0.2808476686477661, -0.09749205410480499, -0.1892348676919937]"
25434.0,2012-12-01T00:00:00.000000000,"[0.6413896679878235, 0.6633917689323425, 1.5214751958847046, 1.499472975730896]","[0.3199027180671692, 0.2502501308917999, 0.3524067997932434, 0.6133216023445129]"
25434.0,2013-03-01T00:00:00.000000000,"[0.6633917689323425, 1.5214751958847046, 1.499472975730896, 0.8834132552146912]","[0.5144538879394531, 0.419944703578949, 0.8202407360076904, 0.8148282766342163]"
27928.0,2006-06-01T00:00:00.000000000,"[7.066014289855957, -0.722743034362793, -0.920762300491333, -0.8327537775039673]","[1.5538302659988403, -0.038953930139541626, -0.346159964799881, 0.5414777994155884]"
27928.0,2006-09-01T00:00:00.000000000,"[-0.722743034362793, -0.920762300491333, -0.8327537775039673, 5.569868564605713]","[1.1543002128601074, 0.4524000883102417, 1.8395136594772339, 4.375689506530762]"
27928.0,2006-12-01T00:00:00.000000000,"[-0.920762300491333, -0.8327537775039673, 5.569868564605713, -0.8107516169548035]","[-0.9792709946632385, 0.7263789176940918, 4.719202518463135, 0.9844493865966797]"
27928.0,2007-03-01T00:00:00.000000000,"[-0.8327537775039673, 5.569868564605713, -0.8107516169548035, -0.5027216672897339]","[0.9718503952026367, 5.922860622406006, 0.585757315158844, -0.3394050598144531]"
27928.0,2007-06-01T00:00:00.000000000,"[5.569868564605713, -0.8107516169548035, -0.5027216672897339, -0.15068741142749786]","[1.9422680139541626, 0.056055545806884766, -0.2623295187950134, 0.5800797939300537]"
27928.0,2007-09-01T00:00:00.000000000,"[-0.8107516169548035, -0.5027216672897339, -0.15068741142749786, 6.8459930419921875]","[0.5298134088516235, -0.06134301424026489, 1.173525333404541, 4.198782444000244]"
27928.0,2007-12-01T00:00:00.000000000,"[-0.5027216672897339, -0.15068741142749786, 6.8459930419921875, -0.5247237682342529]","[-1.1149287223815918, 0.3983783721923828, 4.6297760009765625, 0.7371136546134949]"
27928.0,2008-03-01T00:00:00.000000000,"[-0.15068741142749786, 6.8459930419921875, -0.5247237682342529, -0.5687280893325806]","[1.040594220161438, 6.019178867340088, 0.6540360450744629, -0.2781382203102112]"
27928.0,2008-06-01T00:00:00.000000000,"[6.8459930419921875, -0.5247237682342529, -0.5687280893325806, -0.12868529558181763]","[2.054147958755493, 0.00140303373336792, -0.3756084442138672, 0.4289768934249878]"
27928.0,2008-09-01T00:00:00.000000000,"[-0.5247237682342529, -0.5687280893325806, -0.12868529558181763, 7.880094051361084]","[0.7675390243530273, 0.052258968353271484, 1.2480289936065674, 4.727022647857666]"
27928.0,2008-12-01T00:00:00.000000000,"[-0.5687280893325806, -0.12868529558181763, 7.880094051361084, -0.2606981098651886]","[-1.1077296733856201, 0.45905765891075134, 5.217120170593262, 0.9219001531600952]"
27928.0,2009-03-01T00:00:00.000000000,"[-0.12868529558181763, 7.880094051361084, -0.2606981098651886, -0.45871737599372864]","[1.1814978122711182, 6.5896759033203125, 0.829659104347229, -0.19138169288635254]"
27928.0,2009-06-01T00:00:00.000000000,"[7.880094051361084, -0.2606981098651886, -0.45871737599372864, 0.06933397799730301]","[2.3442225456237793, 0.05688971281051636, -0.29974478483200073, 0.5920658111572266]"
27928.0,2009-09-01T00:00:00.000000000,"[-0.2606981098651886, -0.45871737599372864, 0.06933397799730301, 9.904291152954102]","[0.944104015827179, 0.12025678157806396, 1.3196955919265747, 5.289661407470703]"
27928.0,2009-12-01T00:00:00.000000000,"[-0.45871737599372864, 0.06933397799730301, 9.904291152954102, 0.003327556187286973]","[-1.1232428550720215, 0.47267651557922363, 5.812503337860107, 1.1152551174163818]"
27928.0,2010-03-01T00:00:00.000000000,"[0.06933397799730301, 9.904291152954102, 0.003327556187286973, -0.06267886608839035]","[1.3330098390579224, 7.206255912780762, 1.025803804397583, -0.10088354349136353]"
27928.0,2010-06-01T00:00:00.000000000,"[9.904291152954102, 0.003327556187286973, -0.06267886608839035, 1.499472975730896]","[2.6979551315307617, 0.17902982234954834, -0.18777668476104736, 0.7881676554679871]"
27928.0,2010-09-01T00:00:00.000000000,"[0.003327556187286973, -0.06267886608839035, 1.499472975730896, 11.51044750213623]","[1.470481276512146, 0.43900686502456665, 1.7772011756896973, 6.31313419342041]"
27928.0,2010-12-01T00:00:00.000000000,"[-0.06267886608839035, 1.499472975730896, 11.51044750213623, -0.898760199546814]","[-1.112847089767456, 0.6932597160339355, 6.838361740112305, 1.550306797027588]"
27928.0,2011-03-01T00:00:00.000000000,"[1.499472975730896, 11.51044750213623, -0.898760199546814, 0.20134682953357697]","[1.6425397396087646, 8.372673988342285, 1.3550504446029663, 0.12038230895996094]"
27928.0,2011-06-01T00:00:00.000000000,"[11.51044750213623, -0.898760199546814, 0.20134682953357697, 1.8515071868896484]","[3.6126461029052734, 0.7591912150382996, 0.42416679859161377, 1.5889582633972168]"
27928.0,2011-09-01T00:00:00.000000000,"[-0.898760199546814, 0.20134682953357697, 1.8515071868896484, 9.17821979522705]","[1.926928162574768, 0.7239271402359009, 2.2111449241638184, 7.351751327514648]"
27928.0,2011-12-01T00:00:00.000000000,"[0.20134682953357697, 1.8515071868896484, 9.17821979522705, 3.281646251678467]","[-1.1684695482254028, 0.8906685709953308, 7.750936031341553, 1.7451879978179932]"
27928.0,2012-03-01T00:00:00.000000000,"[1.8515071868896484, 9.17821979522705, 3.281646251678467, 1.3674603700637817]","[1.9787039756774902, 9.450334548950195, 1.661275029182434, 0.2712273597717285]"
27928.0,2012-06-01T00:00:00.000000000,"[9.17821979522705, 3.281646251678467, 1.3674603700637817, 0.7954046130180359]","[4.311384677886963, 1.1403820514678955, 0.8064562678337097, 2.134117603302002]"
27928.0,2012-09-01T00:00:00.000000000,"[3.281646251678467, 1.3674603700637817, 0.7954046130180359, 12.654558181762695]","[1.3025639057159424, 0.3073080778121948, 1.7204101085662842, 7.047156810760498]"
27928.0,2012-12-01T00:00:00.000000000,"[1.3674603700637817, 0.7954046130180359, 12.654558181762695, 3.633680582046509]","[-0.5937914848327637, 1.865383505821228, 8.408267974853516, 2.3627684116363525]"
27928.0,2013-03-01T00:00:00.000000000,"[0.7954046130180359, 12.654558181762695, 3.633680582046509, 2.665586471557617]","[2.4953670501708984, 9.853904724121094, 1.8675451278686523, 0.6232266426086426]"
27965.0,2006-06-01T00:00:00.000000000,"[0.047331858426332474, 0.036330800503492355, 0.003327556187286973, 0.047331858426332474]","[-0.06440606713294983, -0.05240754783153534, -0.10257342457771301, -0.07899788022041321]"
27965.0,2006-09-01T00:00:00.000000000,"[0.036330800503492355, 0.003327556187286973, 0.047331858426332474, 0.05833292007446289]","[-0.027720555663108826, -0.0714249461889267, -0.031108573079109192, 0.0013846606016159058]"
27965.0,2006-12-01T00:00:00.000000000,"[0.003327556187286973, 0.047331858426332474, 0.05833292007446289, 0.025329740718007088]","[-0.03631424903869629, -0.047366902232170105, -0.009218275547027588, -0.014897763729095459]"
27965.0,2007-03-01T00:00:00.000000000,"[0.047331858426332474, 0.05833292007446289, 0.025329740718007088, 0.003327556187286973]","[-0.03029540181159973, -0.02521975338459015, -0.03978428244590759, -0.0701453685760498]"
27965.0,2007-06-01T00:00:00.000000000,"[0.05833292007446289, 0.025329740718007088, 0.003327556187286973, 0.06933397799730301]","[0.023666739463806152, 0.0012434720993041992, -0.05629459023475647, -0.038348570466041565]"
27965.0,2007-09-01T00:00:00.000000000,"[0.025329740718007088, 0.003327556187286973, 0.06933397799730301, 0.2233489453792572]","[0.041119396686553955, -0.03192441165447235, 0.013044804334640503, 0.04503096640110016]"
27965.0,2007-12-01T00:00:00.000000000,"[0.003327556187286973, 0.06933397799730301, 0.2233489453792572, 0.33335965871810913]","[-0.0027978867292404175, -0.028145089745521545, 0.023759379982948303, 0.012730896472930908]"
27965.0,2008-03-01T00:00:00.000000000,"[0.06933397799730301, 0.2233489453792572, 0.33335965871810913, 0.4543713927268982]","[0.006041690707206726, 0.00266207754611969, -0.004266589879989624, -0.034978389739990234]"
27965.0,2008-06-01T00:00:00.000000000,"[0.2233489453792572, 0.33335965871810913, 0.4543713927268982, 0.575383186340332]","[0.059255436062812805, 0.009645745158195496, -0.018769443035125732, -0.0106029212474823]"
27965.0,2008-09-01T00:00:00.000000000,"[0.33335965871810913, 0.4543713927268982, 0.575383186340332, 0.740399181842804]","[0.1281709223985672, 0.05747900903224945, 0.10850046575069427, 0.13989733159542084]"
27965.0,2008-12-01T00:00:00.000000000,"[0.4543713927268982, 0.575383186340332, 0.740399181842804, 0.8504099249839783]","[0.16064859926700592, 0.1216181069612503, 0.181792214512825, 0.18201155960559845]"
27965.0,2009-03-01T00:00:00.000000000,"[0.575383186340332, 0.740399181842804, 0.8504099249839783, 0.7954046130180359]","[0.25630155205726624, 0.2516457438468933, 0.2504587471485138, 0.21747833490371704]"
27965.0,2009-06-01T00:00:00.000000000,"[0.740399181842804, 0.8504099249839783, 0.7954046130180359, 0.8394088745117188]","[0.37963855266571045, 0.2279878407716751, 0.13589270412921906, 0.13200217485427856]"
27965.0,2009-09-01T00:00:00.000000000,"[0.8504099249839783, 0.7954046130180359, 0.8394088745117188, 1.0704313516616821]","[0.48755356669425964, 0.23107735812664032, 0.19216996431350708, 0.2154000848531723]"
27965.0,2009-12-01T00:00:00.000000000,"[0.7954046130180359, 0.8394088745117188, 1.0704313516616821, 1.2904525995254517]","[0.5436356067657471, 0.3554019629955292, 0.327823668718338, 0.27262306213378906]"
27965.0,2010-03-01T00:00:00.000000000,"[0.8394088745117188, 1.0704313516616821, 1.2904525995254517, 1.125436782836914]","[0.5592668056488037, 0.48695579171180725, 0.4117238521575928, 0.32682234048843384]"
27965.0,2010-06-01T00:00:00.000000000,"[1.0704313516616821, 1.2904525995254517, 1.125436782836914, 0.9274174571037292]","[0.6404549479484558, 0.5815230011940002, 0.4704660475254059, 0.471469908952713]"
27965.0,2010-09-01T00:00:00.000000000,"[1.2904525995254517, 1.125436782836914, 0.9274174571037292, 0.8504099249839783]","[0.7197291851043701, 0.5985717177391052, 0.5354315638542175, 0.6054148077964783]"
27965.0,2010-12-01T00:00:00.000000000,"[1.125436782836914, 0.9274174571037292, 0.8504099249839783, 0.8724120259284973]","[0.7703208923339844, 0.6712627410888672, 0.6394025087356567, 0.6334800720214844]"
27965.0,2011-03-01T00:00:00.000000000,"[0.9274174571037292, 0.8504099249839783, 0.8724120259284973, 0.7514004111289978]","[0.8030247092247009, 0.8121038675308228, 0.7386964559555054, 0.6232163310050964]"
27965.0,2011-06-01T00:00:00.000000000,"[0.8504099249839783, 0.8724120259284973, 0.7514004111289978, 0.9054153561592102]","[0.8621487617492676, 0.8302475810050964, 0.6641767621040344, 0.6958116888999939]"
27965.0,2011-09-01T00:00:00.000000000,"[0.8724120259284973, 0.7514004111289978, 0.9054153561592102, 1.0154259204864502]","[0.9155941605567932, 0.7946285605430603, 0.7900145649909973, 0.8870535492897034]"
27965.0,2011-12-01T00:00:00.000000000,"[0.7514004111289978, 0.9054153561592102, 1.0154259204864502, 1.0154259204864502]","[0.9316655397415161, 0.9220010042190552, 0.9202936887741089, 0.932946503162384]"
27965.0,2012-03-01T00:00:00.000000000,"[0.9054153561592102, 1.0154259204864502, 1.0154259204864502, 1.0814324617385864]","[0.8809659481048584, 0.8725763559341431, 0.8387682437896729, 0.7864605784416199]"
27965.0,2012-06-01T00:00:00.000000000,"[1.0154259204864502, 1.0154259204864502, 1.0814324617385864, 1.3344571590423584]","[0.9641859531402588, 0.990280032157898, 0.8565530776977539, 0.8714026212692261]"
27965.0,2012-09-01T00:00:00.000000000,"[1.0154259204864502, 1.0814324617385864, 1.3344571590423584, 1.477470874786377]","[1.002699851989746, 0.9822338819503784, 0.997422456741333, 1.021198034286499]"
27965.0,2012-12-01T00:00:00.000000000,"[1.0814324617385864, 1.3344571590423584, 1.477470874786377, 1.6534881591796875]","[0.980210542678833, 1.063801884651184, 1.098215103149414, 1.0588074922561646]"
27965.0,2013-03-01T00:00:00.000000000,"[1.3344571590423584, 1.477470874786377, 1.6534881591796875, 1.9395159482955933]","[1.010534405708313, 1.1207584142684937, 1.1018168926239014, 1.0142207145690918]"
28180.0,2006-06-01T00:00:00.000000000,"[3.5016677379608154, 3.831699848175049, 3.171635627746582, 3.831699848175049]","[2.684577703475952, 2.809232234954834, 2.36409330368042, 2.6572933197021484]"
28180.0,2006-09-01T00:00:00.000000000,"[3.831699848175049, 3.171635627746582, 3.831699848175049, 4.57977294921875]","[2.92195200920105, 2.5273194313049316, 2.786224842071533, 3.130828619003296]"
28180.0,2006-12-01T00:00:00.000000000,"[3.171635627746582, 3.831699848175049, 4.57977294921875, 4.865800380706787]","[2.888030767440796, 2.9685420989990234, 3.216752529144287, 3.1271629333496094]"
28180.0,2007-03-01T00:00:00.000000000,"[3.831699848175049, 4.57977294921875, 4.865800380706787, 4.117727756500244]","[2.834421157836914, 3.181093692779541, 3.1052403450012207, 2.852693557739258]"
28180.0,2007-06-01T00:00:00.000000000,"[4.57977294921875, 4.865800380706787, 4.117727756500244, 4.9978132247924805]","[3.561119794845581, 3.6996102333068848, 3.13554048538208, 3.516108989715576]"
28180.0,2007-09-01T00:00:00.000000000,"[4.865800380706787, 4.117727756500244, 4.9978132247924805, 5.129826545715332]","[3.9016318321228027, 3.398691177368164, 3.7629036903381348, 4.096400260925293]"
28180.0,2007-12-01T00:00:00.000000000,"[4.117727756500244, 4.9978132247924805, 5.129826545715332, 5.679879665374756]","[3.7929811477661133, 3.966069221496582, 4.278632640838623, 4.139501094818115]"
28180.0,2008-03-01T00:00:00.000000000,"[4.9978132247924805, 5.129826545715332, 5.679879665374756, 4.9978132247924805]","[3.751689910888672, 4.194126129150391, 4.12912654876709, 3.8742523193359375]"
28180.0,2008-06-01T00:00:00.000000000,"[5.129826545715332, 5.679879665374756, 4.9978132247924805, 5.019815444946289]","[4.657868385314941, 4.832541465759277, 4.131565570831299, 4.583123207092285]"
28180.0,2008-09-01T00:00:00.000000000,"[5.679879665374756, 4.9978132247924805, 5.019815444946289, 5.987909317016602]","[4.785935401916504, 4.201779365539551, 4.650144577026367, 4.983806133270264]"
28180.0,2008-12-01T00:00:00.000000000,"[4.9978132247924805, 5.019815444946289, 5.987909317016602, 6.38394832611084]","[4.739618301391602, 5.057476043701172, 5.275800704956055, 5.07330322265625]"
28180.0,2009-03-01T00:00:00.000000000,"[5.019815444946289, 5.987909317016602, 6.38394832611084, 5.679879665374756]","[4.704109191894531, 5.197802543640137, 5.119824409484863, 4.8484392166137695]"
28180.0,2009-06-01T00:00:00.000000000,"[5.987909317016602, 6.38394832611084, 5.679879665374756, 7.242031574249268]","[5.265003681182861, 5.621767997741699, 4.751026153564453, 5.134016990661621]"
28180.0,2009-09-01T00:00:00.000000000,"[6.38394832611084, 5.679879665374756, 7.242031574249268, 8.716175079345703]","[5.61283016204834, 5.23427677154541, 5.472076416015625, 5.784604072570801]"
28180.0,2009-12-01T00:00:00.000000000,"[5.679879665374756, 7.242031574249268, 8.716175079345703, 9.20022201538086]","[5.454347610473633, 5.769130706787109, 6.091927528381348, 5.842073440551758]"
28180.0,2010-03-01T00:00:00.000000000,"[7.242031574249268, 8.716175079345703, 9.20022201538086, 7.484055042266846]","[5.3586931228637695, 6.141277313232422, 5.976727485656738, 5.482610702514648]"
28180.0,2010-06-01T00:00:00.000000000,"[8.716175079345703, 9.20022201538086, 7.484055042266846, 8.210125923156738]","[6.620199203491211, 7.075137138366699, 6.014108657836914, 6.511111259460449]"
28180.0,2010-09-01T00:00:00.000000000,"[9.20022201538086, 7.484055042266846, 8.210125923156738, 9.222225189208984]","[7.3346099853515625, 6.576063632965088, 7.174886703491211, 7.580033302307129]"
28180.0,2010-12-01T00:00:00.000000000,"[7.484055042266846, 8.210125923156738, 9.222225189208984, 10.476346015930176]","[7.1437835693359375, 7.416741847991943, 7.983141899108887, 7.695399284362793]"
28180.0,2011-03-01T00:00:00.000000000,"[8.210125923156738, 9.222225189208984, 10.476346015930176, 8.650168418884277]","[6.849355697631836, 7.549894332885742, 7.691352367401123, 7.176433563232422]"
28180.0,2011-06-01T00:00:00.000000000,"[9.222225189208984, 10.476346015930176, 8.650168418884277, 8.034109115600586]","[8.085996627807617, 8.454662322998047, 7.326391220092773, 7.968301773071289]"
28180.0,2011-09-01T00:00:00.000000000,"[10.476346015930176, 8.650168418884277, 8.034109115600586, 14.920778274536133]","[8.72492790222168, 7.7895097732543945, 8.374031066894531, 8.952502250671387]"
28180.0,2011-12-01T00:00:00.000000000,"[8.650168418884277, 8.034109115600586, 14.920778274536133, 14.854772567749023]","[8.623411178588867, 8.971963882446289, 9.454537391662598, 9.227737426757812]"
28180.0,2012-03-01T00:00:00.000000000,"[8.034109115600586, 14.920778274536133, 14.854772567749023, 11.180415153503418]","[8.115692138671875, 8.92598819732666, 9.122604370117188, 8.400397300720215]"
28180.0,2012-06-01T00:00:00.000000000,"[14.920778274536133, 14.854772567749023, 11.180415153503418, 14.832769393920898]","[8.83857536315918, 9.615442276000977, 7.967865943908691, 8.377066612243652]"
28180.0,2012-09-01T00:00:00.000000000,"[14.854772567749023, 11.180415153503418, 14.832769393920898, 17.627042770385742]","[11.868704795837402, 10.666154861450195, 11.15645980834961, 12.20528793334961]"
28180.0,2012-12-01T00:00:00.000000000,"[11.180415153503418, 14.832769393920898, 17.627042770385742, 17.05498504638672]","[11.046370506286621, 10.433753967285156, 11.913518905639648, 11.444209098815918]"
28180.0,2013-03-01T00:00:00.000000000,"[14.832769393920898, 17.627042770385742, 17.05498504638672, 16.10889434814453]","[10.036788940429688, 11.660399436950684, 11.437032699584961, 9.969137191772461]"
28320.0,2000-06-01T00:00:00.000000000,"[0.7734025120735168, 0.7073960304260254, 0.5973852872848511, 0.5313789248466492]","[0.8313961625099182, 0.7770359516143799, 0.7896642088890076, 0.7728450298309326]"
28320.0,2000-09-01T00:00:00.000000000,"[0.7073960304260254, 0.5973852872848511, 0.5313789248466492, 1.0814324617385864]","[0.9140791296958923, 0.8079615831375122, 0.9945304989814758, 1.061161756515503]"
28320.0,2000-12-01T00:00:00.000000000,"[0.5973852872848511, 0.5313789248466492, 1.0814324617385864, 1.147438883781433]","[0.7051868438720703, 0.6843411326408386, 1.0243474245071411, 0.9486047625541687]"
28320.0,2001-03-01T00:00:00.000000000,"[0.5313789248466492, 1.0814324617385864, 1.147438883781433, 0.9054153561592102]","[0.736258864402771, 0.8270078301429749, 1.050336480140686, 0.8741590976715088]"
28320.0,2001-06-01T00:00:00.000000000,"[1.0814324617385864, 1.147438883781433, 0.9054153561592102, 0.7734025120735168]","[0.7961176633834839, 0.6869730949401855, 0.7718346118927002, 0.7763950824737549]"
28320.0,2001-09-01T00:00:00.000000000,"[1.147438883781433, 0.9054153561592102, 0.7734025120735168, 1.3454581499099731]","[1.002181053161621, 0.9047232270240784, 1.0308018922805786, 1.1640607118606567]"
28320.0,2001-12-01T00:00:00.000000000,"[0.9054153561592102, 0.7734025120735168, 1.3454581499099731, 1.4334666728973389]","[0.9232292175292969, 0.8887563347816467, 1.2363641262054443, 1.162210464477539]"
28320.0,2002-03-01T00:00:00.000000000,"[0.7734025120735168, 1.3454581499099731, 1.4334666728973389, 1.1914430856704712]","[0.9365359544754028, 1.1107203960418701, 1.2816119194030762, 1.081308126449585]"
28320.0,2002-06-01T00:00:00.000000000,"[1.3454581499099731, 1.4334666728973389, 1.1914430856704712, 0.9494196176528931]","[1.0371177196502686, 0.9729453325271606, 1.0241210460662842, 1.0583539009094238]"
28320.0,2002-09-01T00:00:00.000000000,"[1.4334666728973389, 1.1914430856704712, 0.9494196176528931, 1.5654793977737427]","[1.1854021549224854, 1.0548772811889648, 1.154265284538269, 1.3003559112548828]"
28320.0,2002-12-01T00:00:00.000000000,"[1.1914430856704712, 0.9494196176528931, 1.5654793977737427, 1.6754902601242065]","[1.0565434694290161, 1.05488920211792, 1.3368637561798096, 1.2946361303329468]"
28320.0,2003-03-01T00:00:00.000000000,"[0.9494196176528931, 1.5654793977737427, 1.6754902601242065, 1.477470874786377]","[1.0699390172958374, 1.369986653327942, 1.479273796081543, 1.20789635181427]"
28320.0,2003-06-01T00:00:00.000000000,"[1.5654793977737427, 1.6754902601242065, 1.477470874786377, 1.6094835996627808]","[1.1637628078460693, 1.168198585510254, 1.068467378616333, 1.0996708869934082]"
28320.0,2003-09-01T00:00:00.000000000,"[1.6754902601242065, 1.477470874786377, 1.6094835996627808, 2.335554361343384]","[1.381914496421814, 1.1992716789245605, 1.2199766635894775, 1.4711613655090332]"
28320.0,2003-12-01T00:00:00.000000000,"[1.477470874786377, 1.6094835996627808, 2.335554361343384, 2.42356276512146]","[1.2938923835754395, 1.2964606285095215, 1.5603845119476318, 1.4655194282531738]"
28320.0,2004-03-01T00:00:00.000000000,"[1.6094835996627808, 2.335554361343384, 2.42356276512146, 2.2035415172576904]","[1.276594638824463, 1.666060209274292, 1.644913911819458, 1.3888390064239502]"
28320.0,2004-06-01T00:00:00.000000000,"[2.335554361343384, 2.42356276512146, 2.2035415172576904, 2.027524471282959]","[1.4981292486190796, 1.5701780319213867, 1.3788959980010986, 1.4323447942733765]"
28320.0,2004-09-01T00:00:00.000000000,"[2.42356276512146, 2.2035415172576904, 2.027524471282959, 2.819601535797119]","[1.7156157493591309, 1.4441189765930176, 1.4777069091796875, 1.8945894241333008]"
28320.0,2004-12-01T00:00:00.000000000,"[2.2035415172576904, 2.027524471282959, 2.819601535797119, 3.0396230220794678]","[1.5311689376831055, 1.4343557357788086, 1.7572133541107178, 1.7172001600265503]"
28320.0,2005-03-01T00:00:00.000000000,"[2.027524471282959, 2.819601535797119, 3.0396230220794678, 2.7535951137542725]","[1.6070648431777954, 1.9142847061157227, 1.8121826648712158, 1.5430488586425781]"
28320.0,2005-06-01T00:00:00.000000000,"[2.819601535797119, 3.0396230220794678, 2.7535951137542725, 2.335554361343384]","[1.835494041442871, 1.698713779449463, 1.3913443088531494, 1.35338294506073]"
28320.0,2005-09-01T00:00:00.000000000,"[3.0396230220794678, 2.7535951137542725, 2.335554361343384, 2.7315926551818848]","[2.119771957397461, 1.6360715627670288, 1.5641292333602905, 2.0064566135406494]"
28320.0,2005-12-01T00:00:00.000000000,"[2.7535951137542725, 2.335554361343384, 2.7315926551818848, 3.325650691986084]","[2.0262985229492188, 1.7096257209777832, 2.0753302574157715, 1.9990694522857666]"
28320.0,2006-03-01T00:00:00.000000000,"[2.335554361343384, 2.7315926551818848, 3.325650691986084, 3.3036487102508545]","[2.0484092235565186, 2.352299451828003, 2.148299217224121, 1.7682228088378906]"
28320.0,2006-06-01T00:00:00.000000000,"[2.7315926551818848, 3.325650691986084, 3.3036487102508545, 3.127631425857544]","[2.2372961044311523, 2.085991859436035, 1.6553316116333008, 1.5739755630493164]"
28320.0,2006-09-01T00:00:00.000000000,"[3.325650691986084, 3.3036487102508545, 3.127631425857544, 3.7436912059783936]","[2.375598669052124, 1.873645544052124, 1.8671276569366455, 2.3830394744873047]"
28320.0,2006-12-01T00:00:00.000000000,"[3.3036487102508545, 3.127631425857544, 3.7436912059783936, 3.98571515083313]","[2.531527519226074, 2.27128005027771, 2.741344928741455, 2.702211856842041]"
28320.0,2007-03-01T00:00:00.000000000,"[3.127631425857544, 3.7436912059783936, 3.98571515083313, 3.875704050064087]","[2.5961012840270996, 3.0617802143096924, 2.8559446334838867, 2.525184392929077]"
28877.0,2007-12-01T00:00:00.000000000,"[1.125436782836914, -0.04067668318748474, -0.04067668318748474, -0.15068741142749786]","[1.2696001529693604, 1.506484031677246, 1.2257194519042969, 1.1401214599609375]"
28877.0,2008-03-01T00:00:00.000000000,"[-0.04067668318748474, -0.04067668318748474, -0.15068741142749786, -0.04067668318748474]","[1.3320835828781128, 1.2287988662719727, 1.1966192722320557, 1.2078638076782227]"
28877.0,2008-06-01T00:00:00.000000000,"[-0.04067668318748474, -0.15068741142749786, -0.04067668318748474, 0.003327556187286973]","[0.9451254606246948, 0.8216891288757324, 1.0600619316101074, 0.9365154504776001]"
28877.0,2008-09-01T00:00:00.000000000,"[-0.15068741142749786, -0.04067668318748474, 0.003327556187286973, 0.06933397799730301]","[0.6526133418083191, 0.5340770483016968, 0.8882352113723755, 0.5623083710670471]"
28877.0,2008-12-01T00:00:00.000000000,"[-0.04067668318748474, 0.003327556187286973, 0.06933397799730301, -0.06267886608839035]","[0.49592867493629456, 0.31905555725097656, 0.6094368696212769, 0.38498175144195557]"
28877.0,2009-03-01T00:00:00.000000000,"[0.003327556187286973, 0.06933397799730301, -0.06267886608839035, 0.025329740718007088]","[0.6532435417175293, 0.5715293288230896, 0.8757083415985107, 0.7138984203338623]"
28877.0,2009-06-01T00:00:00.000000000,"[0.06933397799730301, -0.06267886608839035, 0.025329740718007088, 0.15734252333641052]","[0.4696103036403656, 0.48630332946777344, 0.8742119073867798, 0.8122793436050415]"
28877.0,2009-09-01T00:00:00.000000000,"[-0.06267886608839035, 0.025329740718007088, 0.15734252333641052, 0.15734252333641052]","[0.4096759855747223, 0.424180805683136, 0.8503286242485046, 0.5883014798164368]"
28877.0,2009-12-01T00:00:00.000000000,"[0.025329740718007088, 0.15734252333641052, 0.15734252333641052, 0.025329740718007088]","[0.4009678363800049, 0.43994131684303284, 0.7470481395721436, 0.6313470602035522]"
28877.0,2010-03-01T00:00:00.000000000,"[0.15734252333641052, 0.15734252333641052, 0.025329740718007088, 0.13534040749073029]","[0.5513596534729004, 0.5520693063735962, 0.8163009881973267, 0.7896841764450073]"
28877.0,2010-06-01T00:00:00.000000000,"[0.15734252333641052, 0.025329740718007088, 0.13534040749073029, 0.26735323667526245]","[0.41905105113983154, 0.44344449043273926, 0.7402535080909729, 0.8027554750442505]"
28877.0,2010-09-01T00:00:00.000000000,"[0.025329740718007088, 0.13534040749073029, 0.26735323667526245, 0.2893553674221039]","[0.3637203574180603, 0.44034820795059204, 0.8160982131958008, 0.6500370502471924]"
29028.0,2006-06-01T00:00:00.000000000,"[1.6534881591796875, 2.775597333908081, 1.7634987831115723, 2.0495264530181885]","[1.5864784717559814, 2.4794044494628906, 1.489530324935913, 1.6044219732284546]"
29028.0,2006-09-01T00:00:00.000000000,"[2.775597333908081, 1.7634987831115723, 2.0495264530181885, 1.8735092878341675]","[1.8938324451446533, 1.4505784511566162, 1.531066656112671, 1.6543984413146973]"
29028.0,2006-12-01T00:00:00.000000000,"[1.7634987831115723, 2.0495264530181885, 1.8735092878341675, 3.1056292057037354]","[1.7863786220550537, 1.7912583351135254, 1.759436845779419, 2.322443723678589]"
29028.0,2007-03-01T00:00:00.000000000,"[2.0495264530181885, 1.8735092878341675, 3.1056292057037354, 1.6974923610687256]","[1.5136010646820068, 1.6415168046951294, 2.4509661197662354, 1.822939395904541]"
29028.0,2007-06-01T00:00:00.000000000,"[1.8735092878341675, 3.1056292057037354, 1.6974923610687256, 2.027524471282959]","[1.901589035987854, 2.9234619140625, 1.8018995523452759, 1.8629205226898193]"
29028.0,2007-09-01T00:00:00.000000000,"[3.1056292057037354, 1.6974923610687256, 2.027524471282959, 2.027524471282959]","[2.1600985527038574, 1.647807002067566, 1.7325377464294434, 1.8826868534088135]"
29028.0,2007-12-01T00:00:00.000000000,"[1.6974923610687256, 2.027524471282959, 2.027524471282959, 3.1936378479003906]","[2.039865016937256, 2.014986991882324, 2.0131194591522217, 2.651386260986328]"
29028.0,2008-03-01T00:00:00.000000000,"[2.027524471282959, 2.027524471282959, 3.1936378479003906, 1.8735092878341675]","[1.6148099899291992, 1.7717697620391846, 2.67752742767334, 1.9240156412124634]"
29028.0,2008-06-01T00:00:00.000000000,"[2.027524471282959, 3.1936378479003906, 1.8735092878341675, 1.8735092878341675]","[2.0453593730926514, 3.1446609497070312, 1.9185163974761963, 1.9078733921051025]"
29028.0,2008-09-01T00:00:00.000000000,"[3.1936378479003906, 1.8735092878341675, 1.8735092878341675, 2.379558563232422]","[2.336423873901367, 1.764815330505371, 1.8261380195617676, 1.9900293350219727]"
29028.0,2008-12-01T00:00:00.000000000,"[1.8735092878341675, 1.8735092878341675, 2.379558563232422, 3.875704050064087]","[2.22833251953125, 2.165435791015625, 2.211041212081909, 2.826300621032715]"
29028.0,2009-03-01T00:00:00.000000000,"[1.8735092878341675, 2.379558563232422, 3.875704050064087, 2.2915501594543457]","[1.8167773485183716, 2.034817695617676, 2.915402412414551, 2.1194751262664795]"
29028.0,2009-06-01T00:00:00.000000000,"[2.379558563232422, 3.875704050064087, 2.2915501594543457, 2.42356276512146]","[2.116206645965576, 3.1743662357330322, 1.9436670541763306, 1.84053373336792]"
29028.0,2009-09-01T00:00:00.000000000,"[3.875704050064087, 2.2915501594543457, 2.42356276512146, 3.0396230220794678]","[2.6053383350372314, 2.074273109436035, 2.116527557373047, 2.3257265090942383]"
29028.0,2009-12-01T00:00:00.000000000,"[2.2915501594543457, 2.42356276512146, 3.0396230220794678, 4.491764068603516]","[2.6561765670776367, 2.3475570678710938, 2.605733633041382, 3.2693138122558594]"
29028.0,2010-03-01T00:00:00.000000000,"[2.42356276512146, 3.0396230220794678, 4.491764068603516, 2.8416035175323486]","[2.0743114948272705, 2.6059470176696777, 3.4960222244262695, 2.533862829208374]"
29028.0,2010-06-01T00:00:00.000000000,"[3.0396230220794678, 4.491764068603516, 2.8416035175323486, 3.721689224243164]","[2.4788095951080322, 3.818331480026245, 2.386129140853882, 2.3079335689544678]"
29028.0,2010-09-01T00:00:00.000000000,"[4.491764068603516, 2.8416035175323486, 3.721689224243164, 3.4576635360717773]","[3.1468238830566406, 2.5854485034942627, 2.6930506229400635, 2.998591423034668]"
29028.0,2010-12-01T00:00:00.000000000,"[2.8416035175323486, 3.721689224243164, 3.4576635360717773, 5.217834949493408]","[3.005300998687744, 2.771949529647827, 3.0634713172912598, 3.7537031173706055]"
29028.0,2011-03-01T00:00:00.000000000,"[3.721689224243164, 3.4576635360717773, 5.217834949493408, 3.1056292057037354]","[2.396864175796509, 2.9941115379333496, 4.027043342590332, 2.926840305328369]"
29028.0,2011-06-01T00:00:00.000000000,"[3.4576635360717773, 5.217834949493408, 3.1056292057037354, 3.919708251953125]","[3.284397602081299, 4.7596235275268555, 3.12764310836792, 3.1704063415527344]"
29028.0,2011-09-01T00:00:00.000000000,"[5.217834949493408, 3.1056292057037354, 3.919708251953125, 3.4576635360717773]","[3.7257537841796875, 3.050828456878662, 3.183465003967285, 3.533869743347168]"
29028.0,2011-12-01T00:00:00.000000000,"[3.1056292057037354, 3.919708251953125, 3.4576635360717773, 5.987909317016602]","[3.519362688064575, 3.396794319152832, 3.584786891937256, 4.414254188537598]"
29028.0,2012-03-01T00:00:00.000000000,"[3.919708251953125, 3.4576635360717773, 5.987909317016602, 4.359751224517822]","[2.7781472206115723, 3.3310251235961914, 4.601007461547852, 3.3952903747558594]"
29028.0,2012-06-01T00:00:00.000000000,"[3.4576635360717773, 5.987909317016602, 4.359751224517822, 4.007717132568359]","[3.7670187950134277, 5.537167549133301, 3.5828628540039062, 3.647129535675049]"
29028.0,2012-09-01T00:00:00.000000000,"[5.987909317016602, 4.359751224517822, 4.007717132568359, 5.349847793579102]","[4.068450927734375, 3.214639663696289, 3.343714475631714, 3.663294792175293]"
29028.0,2012-12-01T00:00:00.000000000,"[4.359751224517822, 4.007717132568359, 5.349847793579102, 7.880094051361084]","[3.8899316787719727, 3.831299304962158, 3.9974915981292725, 5.0179243087768555]"
29028.0,2013-03-01T00:00:00.000000000,"[4.007717132568359, 5.349847793579102, 7.880094051361084, 5.855896949768066]","[3.341268301010132, 3.890223503112793, 5.373688697814941, 4.036166191101074]"
29901.0,2006-03-01T00:00:00.000000000,"[-0.5742285847663879, -0.593590497970581, -0.5907301902770996, -0.5907301902770996]","[-0.5955861210823059, -0.5971893668174744, -0.6050976514816284, -0.6010196805000305]"
29901.0,2006-06-01T00:00:00.000000000,"[-0.593590497970581, -0.5907301902770996, -0.5907301902770996, -0.5797291398048401]","[-0.5877766013145447, -0.592393696308136, -0.5924500226974487, -0.5815016031265259]"
29901.0,2006-09-01T00:00:00.000000000,"[-0.5907301902770996, -0.5907301902770996, -0.5797291398048401, -0.5880899429321289]","[-0.6026951670646667, -0.5975773334503174, -0.5827211141586304, -0.5953534841537476]"
29901.0,2007-03-01T00:00:00.000000000,"[-0.5907301902770996, -0.5797291398048401, -0.5880899429321289, -0.5852296352386475]","[-0.5973377227783203, -0.5709984302520752, -0.5895260572433472, -0.5957903861999512]"
29901.0,2007-06-01T00:00:00.000000000,"[-0.5797291398048401, -0.5880899429321289, -0.5852296352386475, -0.5687280893325806]","[-0.5850864052772522, -0.5898146629333496, -0.5949633121490479, -0.5903193950653076]"
29901.0,2007-09-01T00:00:00.000000000,"[-0.5880899429321289, -0.5852296352386475, -0.5687280893325806, -0.5247237682342529]","[-0.5875444412231445, -0.5914964079856873, -0.5900885462760925, -0.5779921412467957]"
29901.0,2007-12-01T00:00:00.000000000,"[-0.5852296352386475, -0.5687280893325806, -0.5247237682342529, -0.5302243232727051]","[-0.5958471298217773, -0.5883898735046387, -0.5734641551971436, -0.588168740272522]"
29901.0,2008-03-01T00:00:00.000000000,"[-0.5687280893325806, -0.5247237682342529, -0.5302243232727051, -0.544085681438446]","[-0.5920251607894897, -0.569904088973999, -0.5895203948020935, -0.5941328406333923]"
29901.0,2008-06-01T00:00:00.000000000,"[-0.5247237682342529, -0.5302243232727051, -0.544085681438446, -0.5412254333496094]","[-0.572741687297821, -0.5800355672836304, -0.5823426842689514, -0.5773280262947083]"
29901.0,2008-09-01T00:00:00.000000000,"[-0.5302243232727051, -0.544085681438446, -0.5412254333496094, -0.49722111225128174]","[-0.5624579191207886, -0.5698514580726624, -0.5669813752174377, -0.5492435097694397]"
29901.0,2008-12-01T00:00:00.000000000,"[-0.544085681438446, -0.5412254333496094, -0.49722111225128174, -0.5082221627235413]","[-0.5671395063400269, -0.5618458390235901, -0.5380958914756775, -0.5546112656593323]"
29901.0,2009-03-01T00:00:00.000000000,"[-0.5412254333496094, -0.49722111225128174, -0.5082221627235413, -0.4642179012298584]","[-0.5641714930534363, -0.5422742366790771, -0.5630914568901062, -0.5680543184280396]"
29901.0,2009-06-01T00:00:00.000000000,"[-0.49722111225128174, -0.5082221627235413, -0.4642179012298584, -0.4422157406806946]","[-0.5430651307106018, -0.5587141513824463, -0.5575893521308899, -0.5466761589050293]"
29901.0,2009-09-01T00:00:00.000000000,"[-0.5082221627235413, -0.4642179012298584, -0.4422157406806946, -0.4147131145000458]","[-0.532848060131073, -0.5476832389831543, -0.5412610769271851, -0.5184482336044312]"
29901.0,2009-12-01T00:00:00.000000000,"[-0.4642179012298584, -0.4422157406806946, -0.4147131145000458, -0.46971845626831055]","[-0.5386785268783569, -0.5382052659988403, -0.5156627297401428, -0.5336166620254517]"
29901.0,2010-03-01T00:00:00.000000000,"[-0.4422157406806946, -0.4147131145000458, -0.46971845626831055, -0.4422157406806946]","[-0.507610023021698, -0.4907798767089844, -0.5292358994483948, -0.5355269908905029]"
29901.0,2010-06-01T00:00:00.000000000,"[-0.4147131145000458, -0.46971845626831055, -0.4422157406806946, -0.4147131145000458]","[-0.48051366209983826, -0.5173591375350952, -0.5256665349006653, -0.5190971493721008]"
29901.0,2010-09-01T00:00:00.000000000,"[-0.46971845626831055, -0.4422157406806946, -0.4147131145000458, -0.3377055823802948]","[-0.4858834743499756, -0.5082011818885803, -0.5075819492340088, -0.492127001285553]"
29901.0,2010-12-01T00:00:00.000000000,"[-0.4422157406806946, -0.4147131145000458, -0.3377055823802948, -0.37070879340171814]","[-0.4964655935764313, -0.4944201111793518, -0.47225141525268555, -0.4949827790260315]"
29901.0,2011-03-01T00:00:00.000000000,"[-0.4147131145000458, -0.3377055823802948, -0.37070879340171814, -0.34320613741874695]","[-0.4605628550052643, -0.4356858730316162, -0.4791816473007202, -0.47560232877731323]"
29901.0,2011-06-01T00:00:00.000000000,"[-0.3377055823802948, -0.37070879340171814, -0.34320613741874695, -0.34320613741874695]","[-0.4295174181461334, -0.46209657192230225, -0.46580207347869873, -0.448706716299057]"
29901.0,2011-09-01T00:00:00.000000000,"[-0.37070879340171814, -0.34320613741874695, -0.34320613741874695, -0.38170990347862244]","[-0.42958712577819824, -0.4438098669052124, -0.44625186920166016, -0.42388057708740234]"
29901.0,2011-12-01T00:00:00.000000000,"[-0.34320613741874695, -0.34320613741874695, -0.38170990347862244, -0.3212040066719055]","[-0.4355662763118744, -0.4332053065299988, -0.4091092348098755, -0.44188547134399414]"
29901.0,2012-03-01T00:00:00.000000000,"[-0.34320613741874695, -0.38170990347862244, -0.3212040066719055, -0.26619863510131836]","[-0.3972190320491791, -0.3678640127182007, -0.4217997193336487, -0.4222414493560791]"
29901.0,2012-06-01T00:00:00.000000000,"[-0.38170990347862244, -0.3212040066719055, -0.26619863510131836, -0.2606981098651886]","[-0.3667958378791809, -0.4037327766418457, -0.40436407923698425, -0.381044864654541]"
29901.0,2012-09-01T00:00:00.000000000,"[-0.3212040066719055, -0.26619863510131836, -0.2606981098651886, -0.10118257254362106]","[-0.4011426568031311, -0.39602118730545044, -0.3890005052089691, -0.36516281962394714]"
29901.0,2012-12-01T00:00:00.000000000,"[-0.26619863510131836, -0.2606981098651886, -0.10118257254362106, -0.1341858208179474]","[-0.37180453538894653, -0.34890878200531006, -0.3390703797340393, -0.3537834882736206]"
29901.0,2013-03-01T00:00:00.000000000,"[-0.2606981098651886, -0.10118257254362106, -0.1341858208179474, -0.11218363791704178]","[-0.32197093963623047, -0.30776268243789673, -0.34012559056282043, -0.3286096453666687]"
62689.0,2006-06-01T00:00:00.000000000,"[3.5456719398498535, 5.0418171882629395, 6.053915977478027, 4.865800380706787]","[4.1086835861206055, 3.5137112140655518, 3.9046316146850586, 4.667228698730469]"
62689.0,2006-09-01T00:00:00.000000000,"[5.0418171882629395, 6.053915977478027, 4.865800380706787, 4.623776912689209]","[3.3424324989318848, 3.840364933013916, 4.530431747436523, 3.599301338195801]"
62689.0,2006-12-01T00:00:00.000000000,"[6.053915977478027, 4.865800380706787, 4.623776912689209, 5.745886325836182]","[4.135514736175537, 4.915925025939941, 3.932237148284912, 4.551533222198486]"
62689.0,2007-03-01T00:00:00.000000000,"[4.865800380706787, 4.623776912689209, 5.745886325836182, 5.679879665374756]","[4.621158599853516, 3.9143972396850586, 4.1978960037231445, 4.838024616241455]"
62689.0,2007-06-01T00:00:00.000000000,"[4.623776912689209, 5.745886325836182, 5.679879665374756, 4.42575740814209]","[4.126579761505127, 4.138822555541992, 4.687705993652344, 4.455977916717529]"
62689.0,2007-09-01T00:00:00.000000000,"[5.745886325836182, 5.679879665374756, 4.42575740814209, 4.139729976654053]","[4.141158580780029, 4.887995719909668, 4.314168930053711, 3.7975590229034424]"
62689.0,2007-12-01T00:00:00.000000000,"[5.679879665374756, 4.42575740814209, 4.139729976654053, 4.57977294921875]","[5.153428077697754, 5.047560691833496, 4.401036262512207, 4.960757255554199]"
62689.0,2008-03-01T00:00:00.000000000,"[4.42575740814209, 4.139729976654053, 4.57977294921875, 6.339943885803223]","[4.979719161987305, 4.213675498962402, 4.508724212646484, 4.744846343994141]"
62689.0,2008-06-01T00:00:00.000000000,"[4.139729976654053, 4.57977294921875, 6.339943885803223, 5.789890289306641]","[4.496938228607178, 4.295201778411865, 4.744274139404297, 4.361197471618652]"
62689.0,2008-09-01T00:00:00.000000000,"[4.57977294921875, 6.339943885803223, 5.789890289306641, 3.523669719696045]","[4.651691913604736, 5.104903221130371, 4.386102676391602, 3.9364402294158936]"
62689.0,2008-12-01T00:00:00.000000000,"[6.339943885803223, 5.789890289306641, 3.523669719696045, 1.301453948020935]","[5.110126495361328, 4.501226425170898, 4.144225120544434, 4.442178249359131]"
62689.0,2009-03-01T00:00:00.000000000,"[5.789890289306641, 3.523669719696045, 1.301453948020935, 4.315746784210205]","[5.115397930145264, 4.37031888961792, 4.823600769042969, 5.421993732452393]"
62689.0,2009-06-01T00:00:00.000000000,"[3.523669719696045, 1.301453948020935, 4.315746784210205, 4.711785793304443]","[4.902594089508057, 4.738163948059082, 6.208615303039551, 5.387158393859863]"
62689.0,2009-09-01T00:00:00.000000000,"[1.301453948020935, 4.315746784210205, 4.711785793304443, 3.281646251678467]","[4.510683536529541, 5.727937698364258, 5.301321506500244, 4.261728763580322]"
62689.0,2009-12-01T00:00:00.000000000,"[4.315746784210205, 4.711785793304443, 3.281646251678467, 4.887802600860596]","[4.03936243057251, 3.153792381286621, 2.791581392288208, 4.071601390838623]"
62689.0,2010-03-01T00:00:00.000000000,"[4.711785793304443, 3.281646251678467, 4.887802600860596, 3.98571515083313]","[4.059576511383057, 3.700099468231201, 4.262221336364746, 4.8760528564453125]"
62689.0,2010-06-01T00:00:00.000000000,"[3.281646251678467, 4.887802600860596, 3.98571515083313, 5.525864601135254]","[3.9213156700134277, 4.095447063446045, 5.416552543640137, 4.441145420074463]"
62689.0,2010-09-01T00:00:00.000000000,"[4.887802600860596, 3.98571515083313, 5.525864601135254, 3.7436912059783936]","[4.234354019165039, 4.712455749511719, 4.823210716247559, 3.986630916595459]"
62689.0,2010-12-01T00:00:00.000000000,"[3.98571515083313, 5.525864601135254, 3.7436912059783936, 2.4455649852752686]","[4.679182052612305, 4.140955448150635, 3.977036476135254, 4.9748125076293945]"
62689.0,2011-03-01T00:00:00.000000000,"[5.525864601135254, 3.7436912059783936, 2.4455649852752686, 6.603969573974609]","[4.7484283447265625, 4.52813720703125, 5.068897724151611, 5.036235809326172]"
62689.0,2011-06-01T00:00:00.000000000,"[3.7436912059783936, 2.4455649852752686, 6.603969573974609, 5.063819408416748]","[4.791073799133301, 4.691727638244629, 5.108835220336914, 4.849301815032959]"
62689.0,2011-09-01T00:00:00.000000000,"[2.4455649852752686, 6.603969573974609, 5.063819408416748, -1.1407837867736816]","[4.637065410614014, 4.705589771270752, 5.352639198303223, 4.683627128601074]"
62689.0,2011-12-01T00:00:00.000000000,"[6.603969573974609, 5.063819408416748, -1.1407837867736816, 6.163926601409912]","[4.169531345367432, 4.000261306762695, 3.8671350479125977, 4.541718006134033]"
62689.0,2012-03-01T00:00:00.000000000,"[5.063819408416748, -1.1407837867736816, 6.163926601409912, 10.102309226989746]","[5.486344337463379, 4.974255561828613, 5.03946590423584, 5.6251068115234375]"
62689.0,2012-06-01T00:00:00.000000000,"[-1.1407837867736816, 6.163926601409912, 10.102309226989746, 5.305843353271484]","[4.727911472320557, 4.739774227142334, 5.012873649597168, 4.648107528686523]"
62689.0,2012-09-01T00:00:00.000000000,"[6.163926601409912, 10.102309226989746, 5.305843353271484, 6.889997482299805]","[2.9525647163391113, 3.5639984607696533, 5.197449207305908, 3.275721311569214]"
62689.0,2012-12-01T00:00:00.000000000,"[10.102309226989746, 5.305843353271484, 6.889997482299805, 5.019815444946289]","[4.7280049324035645, 4.762400150299072, 3.9142165184020996, 5.897089004516602]"
62689.0,2013-03-01T00:00:00.000000000,"[5.305843353271484, 6.889997482299805, 5.019815444946289, 10.740371704101562]","[6.969245910644531, 6.168698310852051, 7.255593299865723, 7.585171699523926]"
64768.0,2006-06-01T00:00:00.000000000,"[-0.7304438352584839, -0.8052510619163513, -0.6512360572814941, -0.7139422297477722]","[-0.6824604868888855, -0.6812090873718262, -0.6478382349014282, -0.6705493330955505]"
64768.0,2006-09-01T00:00:00.000000000,"[-0.8052510619163513, -0.6512360572814941, -0.7139422297477722, -0.6798388957977295]","[-0.6814215183258057, -0.6612537503242493, -0.6648787260055542, -0.6833032369613647]"
64768.0,2006-12-01T00:00:00.000000000,"[-0.6512360572814941, -0.7139422297477722, -0.6798388957977295, -0.6820390820503235]","[-0.6858571767807007, -0.6913672685623169, -0.6884416341781616, -0.6980817914009094]"
64768.0,2007-03-01T00:00:00.000000000,"[-0.7139422297477722, -0.6798388957977295, -0.6820390820503235, -0.5907301902770996]","[-0.6654230952262878, -0.6755619645118713, -0.6811133623123169, -0.6373113393783569]"
64768.0,2007-06-01T00:00:00.000000000,"[-0.6798388957977295, -0.6820390820503235, -0.5907301902770996, -0.5830294489860535]","[-0.6916399598121643, -0.6846794486045837, -0.6508105397224426, -0.6699628233909607]"
64768.0,2007-09-01T00:00:00.000000000,"[-0.6820390820503235, -0.5907301902770996, -0.5830294489860535, -0.5049218535423279]","[-0.6841917037963867, -0.672040581703186, -0.6604164838790894, -0.6742090582847595]"
64768.0,2007-12-01T00:00:00.000000000,"[-0.5907301902770996, -0.5830294489860535, -0.5049218535423279, -0.6435353755950928]","[-0.6781030297279358, -0.6789939999580383, -0.67918461561203, -0.6834747791290283]"
64768.0,2008-03-01T00:00:00.000000000,"[-0.5830294489860535, -0.5049218535423279, -0.6435353755950928, -0.5313244462013245]","[-0.6475733518600464, -0.6634764075279236, -0.6676424741744995, -0.620252788066864]"
64768.0,2008-06-01T00:00:00.000000000,"[-0.5049218535423279, -0.6435353755950928, -0.5313244462013245, -0.5379250645637512]","[-0.6560965180397034, -0.6547688245773315, -0.6264200806617737, -0.6416416168212891]"
64768.0,2008-09-01T00:00:00.000000000,"[-0.6435353755950928, -0.5313244462013245, -0.5379250645637512, -0.6567366123199463]","[-0.6208646297454834, -0.6055135726928711, -0.6308537721633911, -0.6419002413749695]"
64768.0,2008-12-01T00:00:00.000000000,"[-0.5313244462013245, -0.5379250645637512, -0.6567366123199463, -0.6435353755950928]","[-0.6397958993911743, -0.6609999537467957, -0.6663042306900024, -0.6683580875396729]"
64768.0,2009-03-01T00:00:00.000000000,"[-0.5379250645637512, -0.6567366123199463, -0.6435353755950928, -0.463117778301239]","[-0.6179742813110352, -0.6365823745727539, -0.6464298367500305, -0.586399257183075]"
64768.0,2009-06-01T00:00:00.000000000,"[-0.6567366123199463, -0.6435353755950928, -0.463117778301239, -0.34100592136383057]","[-0.6143592000007629, -0.6261445879936218, -0.5912743210792542, -0.5975006818771362]"
64768.0,2009-09-01T00:00:00.000000000,"[-0.6435353755950928, -0.463117778301239, -0.34100592136383057, -0.14298662543296814]","[-0.6433150768280029, -0.6050317883491516, -0.6286283731460571, -0.6553171277046204]"
64768.0,2009-12-01T00:00:00.000000000,"[-0.463117778301239, -0.34100592136383057, -0.14298662543296814, -0.06817939877510071]","[-0.6323339343070984, -0.647265613079071, -0.6647378206253052, -0.664800226688385]"
64768.0,2010-03-01T00:00:00.000000000,"[-0.34100592136383057, -0.14298662543296814, -0.06817939877510071, -0.03627631068229675]","[-0.583106517791748, -0.6206169128417969, -0.6243489384651184, -0.5480689406394958]"
64768.0,2010-06-01T00:00:00.000000000,"[-0.14298662543296814, -0.06817939877510071, -0.03627631068229675, 0.07923494279384613]","[-0.555833101272583, -0.5928292274475098, -0.5411649346351624, -0.5506612658500671]"
64768.0,2010-09-01T00:00:00.000000000,"[-0.06817939877510071, -0.03627631068229675, 0.07923494279384613, -0.12648503482341766]","[-0.4562819004058838, -0.4751908779144287, -0.5614501237869263, -0.6180976033210754]"
64768.0,2010-12-01T00:00:00.000000000,"[-0.03627631068229675, 0.07923494279384613, -0.12648503482341766, -0.2353956401348114]","[-0.37003666162490845, -0.46595650911331177, -0.590103268623352, -0.635726809501648]"
64768.0,2011-03-01T00:00:00.000000000,"[0.07923494279384613, -0.12648503482341766, -0.2353956401348114, 0.01102833729237318]","[-0.3428928256034851, -0.4930577278137207, -0.6017475724220276, -0.5897238850593567]"
64768.0,2011-06-01T00:00:00.000000000,"[-0.12648503482341766, -0.2353956401348114, 0.01102833729237318, -0.14958731830120087]","[-0.2678620219230652, -0.4276229739189148, -0.45298680663108826, -0.49823981523513794]"
64768.0,2011-09-01T00:00:00.000000000,"[-0.2353956401348114, 0.01102833729237318, -0.14958731830120087, 0.43236926198005676]","[-0.28350821137428284, -0.32655656337738037, -0.4091101288795471, -0.468858003616333]"
64768.0,2011-12-01T00:00:00.000000000,"[0.01102833729237318, -0.14958731830120087, 0.43236926198005676, 0.6600914597511292]","[-0.2318248748779297, -0.27365732192993164, -0.4171135425567627, -0.4372745752334595]"
64768.0,2012-03-01T00:00:00.000000000,"[-0.14958731830120087, 0.43236926198005676, 0.6600914597511292, 0.8493099212646484]","[-0.12366446852684021, -0.22813907265663147, -0.3320891261100769, -0.23970645666122437]"
64768.0,2012-06-01T00:00:00.000000000,"[0.43236926198005676, 0.6600914597511292, 0.8493099212646484, 1.0363280773162842]","[-0.21077996492385864, -0.32297366857528687, -0.2558080852031708, -0.2617824971675873]"
64768.0,2012-09-01T00:00:00.000000000,"[0.6600914597511292, 0.8493099212646484, 1.0363280773162842, 0.9626208543777466]","[0.02420559525489807, 0.0755031406879425, -0.056552499532699585, -0.08716359734535217]"
64768.0,2012-12-01T00:00:00.000000000,"[0.8493099212646484, 1.0363280773162842, 0.9626208543777466, -0.02747543714940548]","[0.2203902304172516, 0.08375349640846252, 0.0005155801773071289, -0.044045060873031616]"
64768.0,2013-03-01T00:00:00.000000000,"[1.0363280773162842, 0.9626208543777466, -0.02747543714940548, -0.06267886608839035]","[0.308212548494339, 0.1798982322216034, -0.008712321519851685, 0.012619853019714355]"
111534.0,2006-03-01T00:00:00.000000000,"[-2.7029356956481934, 1.3894624710083008, 3.677685022354126, 3.2376420497894287]","[0.49804502725601196, 0.8561826944351196, 1.7114266157150269, 0.909238338470459]"
111534.0,2006-06-01T00:00:00.000000000,"[1.3894624710083008, 3.677685022354126, 3.2376420497894287, 3.5896763801574707]","[0.3960598111152649, 0.4899764657020569, 0.543366551399231, 0.47944676876068115]"
111534.0,2006-09-01T00:00:00.000000000,"[3.677685022354126, 3.2376420497894287, 3.5896763801574707, 3.831699848175049]","[1.3947389125823975, 1.1223289966583252, 0.9974945783615112, 1.8598750829696655]"
111534.0,2006-12-01T00:00:00.000000000,"[3.2376420497894287, 3.5896763801574707, 3.831699848175049, 6.735982418060303]","[1.4416884183883667, 1.2200011014938354, 1.5669177770614624, 2.3490190505981445]"
111534.0,2007-03-01T00:00:00.000000000,"[3.5896763801574707, 3.831699848175049, 6.735982418060303, 2.027524471282959]","[1.2003560066223145, 1.5613865852355957, 2.5036392211914062, 1.5773037672042847]"
111534.0,2007-06-01T00:00:00.000000000,"[3.831699848175049, 6.735982418060303, 2.027524471282959, 2.9076099395751953]","[1.9490103721618652, 2.807133674621582, 1.9013221263885498, 1.8150889873504639]"
111534.0,2007-09-01T00:00:00.000000000,"[6.735982418060303, 2.027524471282959, 2.9076099395751953, 4.381753444671631]","[2.597097396850586, 2.043415069580078, 2.027555465698242, 2.8570590019226074]"
111534.0,2007-12-01T00:00:00.000000000,"[2.027524471282959, 2.9076099395751953, 4.381753444671631, 5.217834949493408]","[2.8529322147369385, 2.2021563053131104, 2.645479440689087, 3.9203996658325195]"
111534.0,2008-03-01T00:00:00.000000000,"[2.9076099395751953, 4.381753444671631, 5.217834949493408, 2.115532875061035]","[1.4439423084259033, 2.2261898517608643, 3.2776308059692383, 1.6272339820861816]"
111534.0,2008-06-01T00:00:00.000000000,"[4.381753444671631, 5.217834949493408, 2.115532875061035, 1.4114645719528198]","[2.4640653133392334, 3.934035301208496, 1.8624523878097534, 1.7111763954162598]"
111534.0,2008-09-01T00:00:00.000000000,"[5.217834949493408, 2.115532875061035, 1.4114645719528198, 2.7315926551818848]","[3.400394916534424, 2.2287721633911133, 2.1321990489959717, 3.08671498298645]"
111534.0,2009-03-01T00:00:00.000000000,"[2.115532875061035, 1.4114645719528198, 2.7315926551818848, 2.7095906734466553]","[2.8245773315429688, 2.270740509033203, 2.9909210205078125, 4.07113790512085]"
111534.0,2009-06-01T00:00:00.000000000,"[1.4114645719528198, 2.7315926551818848, 2.7095906734466553, -0.37070879340171814]","[1.7989286184310913, 3.156315803527832, 3.8885817527770996, 1.8648221492767334]"
111534.0,2009-09-01T00:00:00.000000000,"[2.7315926551818848, 2.7095906734466553, -0.37070879340171814, 3.083627223968506]","[2.4673426151275635, 4.253607749938965, 1.4873889684677124, 1.4335806369781494]"
111534.0,2009-12-01T00:00:00.000000000,"[2.7095906734466553, -0.37070879340171814, 3.083627223968506, 3.3916571140289307]","[2.541966676712036, 1.3481959104537964, 1.004967451095581, 2.376349449157715]"
111534.0,2010-03-01T00:00:00.000000000,"[-0.37070879340171814, 3.083627223968506, 3.3916571140289307, 11.004398345947266]","[1.4672210216522217, 1.3169386386871338, 2.2256970405578613, 2.9093873500823975]"
111864.0,2006-06-01T00:00:00.000000000,"[0.6413896679878235, 0.575383186340332, 0.7734025120735168, 0.8614109754562378]","[0.4464130401611328, 0.5112810134887695, 0.4635239839553833, 0.4686027765274048]"
111864.0,2006-09-01T00:00:00.000000000,"[0.575383186340332, 0.7734025120735168, 0.8614109754562378, 1.0374282598495483]","[0.5225728154182434, 0.5411350727081299, 0.5123363137245178, 0.5433210730552673]"
111864.0,2006-12-01T00:00:00.000000000,"[0.7734025120735168, 0.8614109754562378, 1.0374282598495483, 0.9714217185974121]","[0.510784387588501, 0.5283074378967285, 0.536690354347229, 0.546043872833252]"
111864.0,2007-03-01T00:00:00.000000000,"[0.8614109754562378, 1.0374282598495483, 0.9714217185974121, 1.0594303607940674]","[0.6095888018608093, 0.6710578203201294, 0.6400939226150513, 0.6429274082183838]"
111864.0,2007-06-01T00:00:00.000000000,"[1.0374282598495483, 0.9714217185974121, 1.0594303607940674, 1.0594303607940674]","[0.6904822587966919, 0.7109692096710205, 0.7092567086219788, 0.72406405210495]"
111864.0,2007-09-01T00:00:00.000000000,"[0.9714217185974121, 1.0594303607940674, 1.0594303607940674, 1.2134451866149902]","[0.8027253746986389, 0.841073751449585, 0.8139511942863464, 0.8385200500488281]"
111864.0,2007-12-01T00:00:00.000000000,"[1.0594303607940674, 1.0594303607940674, 1.2134451866149902, 1.1914430856704712]","[0.7998853325843811, 0.7933416366577148, 0.8428670763969421, 0.8521683812141418]"
111864.0,2008-03-01T00:00:00.000000000,"[1.0594303607940674, 1.2134451866149902, 1.1914430856704712, 1.2134451866149902]","[0.885323703289032, 0.9418430924415588, 0.919307291507721, 0.9272516965866089]"
111864.0,2008-06-01T00:00:00.000000000,"[1.2134451866149902, 1.1914430856704712, 1.2134451866149902, 1.147438883781433]","[0.9512475728988647, 0.9615267515182495, 0.9606225490570068, 0.9888736605644226]"
111864.0,2008-09-01T00:00:00.000000000,"[1.1914430856704712, 1.2134451866149902, 1.147438883781433, 1.3454581499099731]","[1.0705043077468872, 1.1086331605911255, 1.0647883415222168, 1.1042907238006592]"
111864.0,2008-12-01T00:00:00.000000000,"[1.2134451866149902, 1.147438883781433, 1.3454581499099731, 1.455468773841858]","[1.0644080638885498, 1.0790233612060547, 1.1124727725982666, 1.1186926364898682]"
111864.0,2009-03-01T00:00:00.000000000,"[1.147438883781433, 1.3454581499099731, 1.455468773841858, 1.5654793977737427]","[1.1161162853240967, 1.2101390361785889, 1.1495537757873535, 1.1558152437210083]"
111864.0,2009-06-01T00:00:00.000000000,"[1.3454581499099731, 1.455468773841858, 1.5654793977737427, 1.6314857006072998]","[1.1468162536621094, 1.1968052387237549, 1.1596885919570923, 1.1816104650497437]"
111864.0,2009-09-01T00:00:00.000000000,"[1.455468773841858, 1.5654793977737427, 1.6314857006072998, 1.9175138473510742]","[1.2666722536087036, 1.3454176187515259, 1.2525439262390137, 1.2957515716552734]"
111864.0,2009-12-01T00:00:00.000000000,"[1.5654793977737427, 1.6314857006072998, 1.9175138473510742, 1.9175138473510742]","[1.2961721420288086, 1.3527884483337402, 1.3677436113357544, 1.3535826206207275]"
111864.0,2010-03-01T00:00:00.000000000,"[1.6314857006072998, 1.9175138473510742, 1.9175138473510742, 1.7855008840560913]","[1.3672810792922974, 1.5073432922363281, 1.4247522354125977, 1.4111946821212769]"
111864.0,2010-06-01T00:00:00.000000000,"[1.9175138473510742, 1.9175138473510742, 1.7855008840560913, 1.301453948020935]","[1.467118263244629, 1.5299360752105713, 1.489098072052002, 1.5040946006774902]"
111864.0,2010-09-01T00:00:00.000000000,"[1.9175138473510742, 1.7855008840560913, 1.301453948020935, 1.3674603700637817]","[1.650053858757019, 1.6949747800827026, 1.6344270706176758, 1.6867066621780396]"
111864.0,2010-12-01T00:00:00.000000000,"[1.7855008840560913, 1.301453948020935, 1.3674603700637817, 1.6754902601242065]","[1.6732385158538818, 1.7038500308990479, 1.7532858848571777, 1.7468576431274414]"
111864.0,2011-03-01T00:00:00.000000000,"[1.301453948020935, 1.3674603700637817, 1.6754902601242065, 1.6534881591796875]","[1.6544737815856934, 1.789569616317749, 1.7479398250579834, 1.716933012008667]"
111864.0,2011-06-01T00:00:00.000000000,"[1.3674603700637817, 1.6754902601242065, 1.6534881591796875, 1.4114645719528198]","[1.5351927280426025, 1.5812325477600098, 1.5311963558197021, 1.4924943447113037]"
111864.0,2011-09-01T00:00:00.000000000,"[1.6754902601242065, 1.6534881591796875, 1.4114645719528198, 1.103434681892395]","[1.5928170680999756, 1.6141605377197266, 1.5195815563201904, 1.546411156654358]"
111864.0,2011-12-01T00:00:00.000000000,"[1.6534881591796875, 1.4114645719528198, 1.103434681892395, 1.4334666728973389]","[1.646273136138916, 1.6659845113754272, 1.7026476860046387, 1.6875591278076172]"
111864.0,2012-03-01T00:00:00.000000000,"[1.4114645719528198, 1.103434681892395, 1.4334666728973389, 0.7734025120735168]","[1.596541404724121, 1.746218204498291, 1.7315597534179688, 1.6312521696090698]"
111864.0,2012-06-01T00:00:00.000000000,"[1.103434681892395, 1.4334666728973389, 0.7734025120735168, 1.4334666728973389]","[1.5075093507766724, 1.6472201347351074, 1.5695359706878662, 1.4383292198181152]"
111864.0,2012-09-01T00:00:00.000000000,"[1.4334666728973389, 0.7734025120735168, 1.4334666728973389, 1.477470874786377]","[1.3955225944519043, 1.3694944381713867, 1.3527628183364868, 1.3006227016448975]"
111864.0,2012-12-01T00:00:00.000000000,"[0.7734025120735168, 1.4334666728973389, 1.477470874786377, 1.6314857006072998]","[1.4542979001998901, 1.3983186483383179, 1.533585786819458, 1.473339319229126]"
111864.0,2013-03-01T00:00:00.000000000,"[1.4334666728973389, 1.477470874786377, 1.6314857006072998, 1.7194944620132446]","[1.191806674003601, 1.1907613277435303, 1.4664568901062012, 1.2535200119018555]"
112111.0,2006-06-01T00:00:00.000000000,"[-0.5247237682342529, -0.5093222856521606, -0.49612101912498474, -0.6259335875511169]","[-0.5864498615264893, -0.5764331817626953, -0.5677070617675781, -0.5878823399543762]"
112111.0,2006-09-01T00:00:00.000000000,"[-0.5093222856521606, -0.49612101912498474, -0.6259335875511169, -0.6831392049789429]","[-0.5547946691513062, -0.5471286773681641, -0.5890931487083435, -0.5886116027832031]"
112111.0,2006-12-01T00:00:00.000000000,"[-0.49612101912498474, -0.6259335875511169, -0.6831392049789429, -0.5841295719146729]","[-0.5443034768104553, -0.579736590385437, -0.5894555449485779, -0.5685409903526306]"
112111.0,2007-03-01T00:00:00.000000000,"[-0.6259335875511169, -0.6831392049789429, -0.5841295719146729, -0.45871737599372864]","[-0.556799054145813, -0.5629510283470154, -0.558368980884552, -0.5545119643211365]"
112111.0,2007-06-01T00:00:00.000000000,"[-0.6831392049789429, -0.5841295719146729, -0.45871737599372864, -0.491720587015152]","[-0.5935705304145813, -0.5812786221504211, -0.5687331557273865, -0.6005277037620544]"
112111.0,2007-09-01T00:00:00.000000000,"[-0.5841295719146729, -0.45871737599372864, -0.491720587015152, -0.5005214810371399]","[-0.592255175113678, -0.5864192843437195, -0.6284035444259644, -0.6283948421478271]"
112111.0,2007-12-01T00:00:00.000000000,"[-0.45871737599372864, -0.491720587015152, -0.5005214810371399, -0.45651715993881226]","[-0.5632540583610535, -0.6013840436935425, -0.5991638898849487, -0.5704159140586853]"
112111.0,2008-03-01T00:00:00.000000000,"[-0.491720587015152, -0.5005214810371399, -0.45651715993881226, -0.41691333055496216]","[-0.5671131014823914, -0.5778964161872864, -0.5452956557273865, -0.5123759508132935]"
112111.0,2008-06-01T00:00:00.000000000,"[-0.5005214810371399, -0.45651715993881226, -0.41691333055496216, -0.5115225315093994]","[-0.5680636167526245, -0.5181719064712524, -0.4871012568473816, -0.538673996925354]"
112111.0,2008-09-01T00:00:00.000000000,"[-0.45651715993881226, -0.41691333055496216, -0.5115225315093994, -0.3905107378959656]","[-0.5369412899017334, -0.48306259512901306, -0.5399829149246216, -0.5491131544113159]"
112111.0,2008-12-01T00:00:00.000000000,"[-0.41691333055496216, -0.5115225315093994, -0.3905107378959656, -0.4257141649723053]","[-0.48798874020576477, -0.5348376035690308, -0.5307035446166992, -0.5033240914344788]"
112111.0,2009-03-01T00:00:00.000000000,"[-0.5115225315093994, -0.3905107378959656, -0.4257141649723053, -0.3377055823802948]","[-0.4849986433982849, -0.498943030834198, -0.4810311496257782, -0.4670117497444153]"
112111.0,2009-06-01T00:00:00.000000000,"[-0.3905107378959656, -0.4257141649723053, -0.3377055823802948, -0.3355053961277008]","[-0.5210733413696289, -0.4833073616027832, -0.4695661664009094, -0.5067057609558105]"
112111.0,2009-09-01T00:00:00.000000000,"[-0.4257141649723053, -0.3377055823802948, -0.3355053961277008, -0.22549466788768768]","[-0.4442448616027832, -0.4117697477340698, -0.4715941548347473, -0.4582764208316803]"
112111.0,2009-12-01T00:00:00.000000000,"[-0.3377055823802948, -0.3355053961277008, -0.22549466788768768, -0.08248080313205719]","[-0.4324301779270172, -0.4816458821296692, -0.46597251296043396, -0.4387376606464386]"
112111.0,2010-03-01T00:00:00.000000000,"[-0.3355053961277008, -0.22549466788768768, -0.08248080313205719, -0.1440867930650711]","[-0.40630948543548584, -0.4032493531703949, -0.40387821197509766, -0.39178401231765747]"
112111.0,2010-06-01T00:00:00.000000000,"[-0.22549466788768768, -0.08248080313205719, -0.1440867930650711, -0.2100931704044342]","[-0.40777909755706787, -0.40181630849838257, -0.38553163409233093, -0.4122656583786011]"
112111.0,2010-09-01T00:00:00.000000000,"[-0.08248080313205719, -0.1440867930650711, -0.2100931704044342, -0.12648503482341766]","[-0.328258216381073, -0.3200884163379669, -0.3865022659301758, -0.38183319568634033]"
112111.0,2010-12-01T00:00:00.000000000,"[-0.1440867930650711, -0.2100931704044342, -0.12648503482341766, -0.08028054982423782]","[-0.2553679943084717, -0.3462384343147278, -0.3602181375026703, -0.34842097759246826]"
112111.0,2011-03-01T00:00:00.000000000,"[-0.2100931704044342, -0.12648503482341766, -0.08028054982423782, -0.16388869285583496]","[-0.2949904799461365, -0.3567594885826111, -0.34378618001937866, -0.3511584997177124]"
112111.0,2011-06-01T00:00:00.000000000,"[-0.12648503482341766, -0.08028054982423782, -0.16388869285583496, -0.18589083850383759]","[-0.28726840019226074, -0.2751997113227844, -0.2892283499240875, -0.32011401653289795]"
112111.0,2011-09-01T00:00:00.000000000,"[-0.08028054982423782, -0.16388869285583496, -0.18589083850383759, -0.20349255204200745]","[-0.18911999464035034, -0.19288021326065063, -0.25121116638183594, -0.22096171975135803]"
112111.0,2011-12-01T00:00:00.000000000,"[-0.16388869285583496, -0.18589083850383759, -0.20349255204200745, -0.07367992401123047]","[-0.1414901614189148, -0.20035821199417114, -0.2046946883201599, -0.1728668212890625]"
112111.0,2012-03-01T00:00:00.000000000,"[-0.18589083850383759, -0.20349255204200745, -0.07367992401123047, -0.0956820473074913]","[-0.21554036438465118, -0.22324612736701965, -0.19467031955718994, -0.1970525085926056]"
112111.0,2012-06-01T00:00:00.000000000,"[-0.20349255204200745, -0.07367992401123047, -0.0956820473074913, -0.12868529558181763]","[-0.19609791040420532, -0.13228026032447815, -0.15598076581954956, -0.18548333644866943]"
112111.0,2012-09-01T00:00:00.000000000,"[-0.07367992401123047, -0.0956820473074913, -0.12868529558181763, -0.15068741142749786]","[-0.15172314643859863, -0.11481335759162903, -0.1825089156627655, -0.15202131867408752]"
112111.0,2012-12-01T00:00:00.000000000,"[-0.0956820473074913, -0.12868529558181763, -0.15068741142749786, 0.06933397799730301]","[-0.1039811372756958, -0.10125395655632019, -0.10618314146995544, -0.07276523113250732]"
117768.0,2006-03-01T00:00:00.000000000,"[-0.5852296352386475, -0.5797291398048401, -0.5302243232727051, -0.5082221627235413]","[-0.5837839841842651, -0.5854937434196472, -0.5671434998512268, -0.5720317959785461]"
117768.0,2006-06-01T00:00:00.000000000,"[-0.5797291398048401, -0.5302243232727051, -0.5082221627235413, -0.5687280893325806]","[-0.5609790086746216, -0.5648249983787537, -0.5580092668533325, -0.559672474861145]"
117768.0,2006-09-01T00:00:00.000000000,"[-0.5302243232727051, -0.5082221627235413, -0.5687280893325806, -0.607231855392456]","[-0.5726548433303833, -0.5776677131652832, -0.5793319344520569, -0.5672548413276672]"
117768.0,2007-03-01T00:00:00.000000000,"[-0.5082221627235413, -0.5687280893325806, -0.607231855392456, -0.45871737599372864]","[-0.5506472587585449, -0.5590176582336426, -0.5545437335968018, -0.549064576625824]"
117768.0,2007-06-01T00:00:00.000000000,"[-0.5687280893325806, -0.607231855392456, -0.45871737599372864, -0.5082221627235413]","[-0.5665767788887024, -0.5661716461181641, -0.5331874489784241, -0.5430761575698853]"
117768.0,2007-09-01T00:00:00.000000000,"[-0.607231855392456, -0.45871737599372864, -0.5082221627235413, -0.5192232131958008]","[-0.5670457482337952, -0.5617482662200928, -0.5342846512794495, -0.5609521269798279]"
117768.0,2007-12-01T00:00:00.000000000,"[-0.45871737599372864, -0.5082221627235413, -0.5192232131958008, -0.48071953654289246]","[-0.5669081211090088, -0.5701782703399658, -0.5700504779815674, -0.5626506805419922]"
117768.0,2008-03-01T00:00:00.000000000,"[-0.5082221627235413, -0.5192232131958008, -0.48071953654289246, -0.23869597911834717]","[-0.531147301197052, -0.5447607040405273, -0.5403041243553162, -0.5253715515136719]"
117768.0,2008-06-01T00:00:00.000000000,"[-0.5192232131958008, -0.48071953654289246, -0.23869597911834717, -0.15618793666362762]","[-0.5746312141418457, -0.570517361164093, -0.528631329536438, -0.5564826130867004]"
117768.0,2008-09-01T00:00:00.000000000,"[-0.48071953654289246, -0.23869597911834717, -0.15618793666362762, -0.26619863510131836]","[-0.5657986998558044, -0.5715895891189575, -0.5523715019226074, -0.5774839520454407]"
117768.0,2008-12-01T00:00:00.000000000,"[-0.23869597911834717, -0.15618793666362762, -0.26619863510131836, -0.19469167292118073]","[-0.5446557402610779, -0.5532181262969971, -0.5507320165634155, -0.5407768487930298]"
117768.0,2009-03-01T00:00:00.000000000,"[-0.15618793666362762, -0.26619863510131836, -0.19469167292118073, 0.030830271542072296]","[-0.41805410385131836, -0.4823682904243469, -0.47994816303253174, -0.409767746925354]"
117768.0,2009-06-01T00:00:00.000000000,"[-0.26619863510131836, -0.19469167292118073, 0.030830271542072296, 0.16284312307834625]","[-0.36781400442123413, -0.4421907663345337, -0.39361363649368286, -0.43627721071243286]"
117768.0,2009-09-01T00:00:00.000000000,"[-0.19469167292118073, 0.030830271542072296, 0.16284312307834625, 0.426868736743927]","[-0.3986448049545288, -0.4092363715171814, -0.5046452283859253, -0.5774781703948975]"
117768.0,2009-12-01T00:00:00.000000000,"[0.030830271542072296, 0.16284312307834625, 0.426868736743927, 0.36636292934417725]","[-0.29915177822113037, -0.38601183891296387, -0.47026485204696655, -0.4512745141983032]"
117768.0,2010-03-01T00:00:00.000000000,"[0.16284312307834625, 0.426868736743927, 0.36636292934417725, 0.3113575577735901]","[-0.2250591516494751, -0.3586890697479248, -0.373468279838562, -0.3005867600440979]"
117768.0,2010-06-01T00:00:00.000000000,"[0.426868736743927, 0.36636292934417725, 0.3113575577735901, -0.2606981098651886]","[-0.2266298234462738, -0.3029800355434418, -0.28541553020477295, -0.3203883767127991]"
117768.0,2010-09-01T00:00:00.000000000,"[0.36636292934417725, 0.3113575577735901, -0.2606981098651886, -0.21669383347034454]","[-0.07867950201034546, -0.14077907800674438, -0.2812822759151459, -0.38793760538101196]"
117768.0,2010-12-01T00:00:00.000000000,"[0.3113575577735901, -0.2606981098651886, -0.21669383347034454, -0.018674563616514206]","[0.02184852957725525, -0.11261484026908875, -0.278491348028183, -0.3499004542827606]"
117768.0,2011-03-01T00:00:00.000000000,"[-0.2606981098651886, -0.21669383347034454, -0.018674563616514206, 0.27835431694984436]","[0.0556601881980896, -0.11710533499717712, -0.26001521944999695, -0.19599199295043945]"
117768.0,2011-06-01T00:00:00.000000000,"[-0.21669383347034454, -0.018674563616514206, 0.27835431694984436, 0.3388602137565613]","[-0.1384088099002838, -0.24232569336891174, -0.1516042947769165, -0.12981724739074707]"
117768.0,2011-09-01T00:00:00.000000000,"[-0.018674563616514206, 0.27835431694984436, 0.3388602137565613, 0.2893553674221039]","[-0.08633759617805481, 0.021023273468017578, -0.08664393424987793, -0.08413228392601013]"
117768.0,2011-12-01T00:00:00.000000000,"[0.27835431694984436, 0.3388602137565613, 0.2893553674221039, 0.4983757734298706]","[0.00261494517326355, -0.13854485750198364, -0.17429281771183014, -0.10846087336540222]"
117768.0,2012-03-01T00:00:00.000000000,"[0.3388602137565613, 0.2893553674221039, 0.4983757734298706, 0.8999148011207581]","[0.04223152995109558, 0.010677337646484375, 0.04865950345993042, 0.14266499876976013]"
117768.0,2012-06-01T00:00:00.000000000,"[0.2893553674221039, 0.4983757734298706, 0.8999148011207581, 1.0044249296188354]","[0.09962326288223267, 0.19213256239891052, 0.25978365540504456, 0.1899612843990326]"
117768.0,2012-09-01T00:00:00.000000000,"[0.4983757734298706, 0.8999148011207581, 1.0044249296188354, 1.3124550580978394]","[0.1946280300617218, 0.36159875988960266, 0.22170165181159973, 0.19129827618598938]"
117768.0,2012-12-01T00:00:00.000000000,"[0.8999148011207581, 1.0044249296188354, 1.3124550580978394, 1.5874814987182617]","[0.380538672208786, 0.3581218421459198, 0.2555665671825409, 0.3415498435497284]"
117768.0,2013-03-01T00:00:00.000000000,"[1.0044249296188354, 1.3124550580978394, 1.5874814987182617, 1.8735092878341675]","[0.49261006712913513, 0.4374121129512787, 0.4842788875102997, 0.6118415594100952]"
126136.0,2004-03-01T00:00:00.000000000,"[-1.7227402925491333, -1.8930367231369019, -1.8688346147537231, -2.47697377204895]","[-1.7888914346694946, -1.8968276977539062, -1.6846113204956055, -1.8452574014663696]"
126136.0,2004-06-01T00:00:00.000000000,"[-1.8930367231369019, -1.8688346147537231, -2.47697377204895, -1.0901788473129272]","[-1.7124722003936768, -1.2800395488739014, -1.7493395805358887, -2.032536745071411]"
126136.0,2004-12-01T00:00:00.000000000,"[-1.8688346147537231, -2.47697377204895, -1.0901788473129272, 0.9051952958106995]","[-1.8876638412475586, -2.336555242538452, -2.493988513946533, -1.3586848974227905]"
126136.0,2005-03-01T00:00:00.000000000,"[-2.47697377204895, -1.0901788473129272, 0.9051952958106995, -3.3530988693237305]","[-1.968104362487793, -2.369460344314575, -2.0807182788848877, -1.7633967399597168]"
126136.0,2005-06-01T00:00:00.000000000,"[-1.0901788473129272, 0.9051952958106995, -3.3530988693237305, -4.78873872756958]","[-2.0433740615844727, -2.1439268589019775, -2.001964569091797, -2.0578219890594482]"
126136.0,2005-09-01T00:00:00.000000000,"[0.9051952958106995, -3.3530988693237305, -4.78873872756958, 0.8174067735671997]","[-1.5473045110702515, -1.0563924312591553, -1.6401660442352295, -1.8113656044006348]"
126136.0,2005-12-01T00:00:00.000000000,"[-3.3530988693237305, -4.78873872756958, 0.8174067735671997, 2.973616361618042]","[-1.1742603778839111, -1.8767459392547607, -1.94858980178833, -0.4224734306335449]"
126136.0,2006-03-01T00:00:00.000000000,"[-4.78873872756958, 0.8174067735671997, 2.973616361618042, 0.553381085395813]","[-2.5151219367980957, -2.7160444259643555, -1.687364101409912, -2.313053846359253]"
126136.0,2006-06-01T00:00:00.000000000,"[0.8174067735671997, 2.973616361618042, 0.553381085395813, 0.44337034225463867]","[-2.531076431274414, -2.4621357917785645, -2.624868869781494, -2.687385320663452]"
126136.0,2006-12-01T00:00:00.000000000,"[2.973616361618042, 0.553381085395813, 0.44337034225463867, -0.28270024061203003]","[-0.627752423286438, -1.2255676984786987, -1.2856911420822144, -0.7926721572875977]"
126136.0,2007-06-01T00:00:00.000000000,"[0.553381085395813, 0.44337034225463867, -0.28270024061203003, 1.8075029850006104]","[0.3313899040222168, -0.5682806968688965, -0.41060447692871094, 0.9680829048156738]"
126136.0,2007-09-01T00:00:00.000000000,"[0.44337034225463867, -0.28270024061203003, 1.8075029850006104, 0.8394088745117188]","[-0.9058253765106201, -1.1421372890472412, 0.29130983352661133, -0.31261301040649414]"
126136.0,2007-12-01T00:00:00.000000000,"[-0.28270024061203003, 1.8075029850006104, 0.8394088745117188, 1.8295050859451294]","[-0.9741939306259155, 0.003283977508544922, -0.3192908763885498, -0.956291913986206]"
126136.0,2008-03-01T00:00:00.000000000,"[1.8075029850006104, 0.8394088745117188, 1.8295050859451294, 2.2915501594543457]","[0.016060590744018555, -0.3505675792694092, -0.8348158597946167, -0.7958070039749146]"
126136.0,2008-06-01T00:00:00.000000000,"[0.8394088745117188, 1.8295050859451294, 2.2915501594543457, 2.1375350952148438]","[1.0332180261611938, 0.8433550596237183, 0.06851780414581299, 1.5089446306228638]"
126136.0,2008-09-01T00:00:00.000000000,"[1.8295050859451294, 2.2915501594543457, 2.1375350952148438, 1.7414965629577637]","[-0.273553729057312, -0.7121953964233398, 0.8266919851303101, 0.49743735790252686]"
126136.0,2008-12-01T00:00:00.000000000,"[2.2915501594543457, 2.1375350952148438, 1.7414965629577637, 2.3575565814971924]","[-0.09422755241394043, 1.5069594383239746, 0.9796736240386963, 0.15516436100006104]"
126136.0,2010-09-01T00:00:00.000000000,"[2.1375350952148438, 1.7414965629577637, 2.3575565814971924, 3.127631425857544]","[1.4174305200576782, 1.1226402521133423, 1.2088357210159302, 1.2674263715744019]"
126136.0,2010-12-01T00:00:00.000000000,"[1.7414965629577637, 2.3575565814971924, 3.127631425857544, 6.515960693359375]","[1.62532377243042, 1.3772614002227783, 0.7091145515441895, 2.048919916152954]"
126136.0,2011-03-01T00:00:00.000000000,"[2.3575565814971924, 3.127631425857544, 6.515960693359375, 3.3916571140289307]","[1.158318042755127, 0.6466383934020996, 2.28658127784729, 1.819218397140503]"
126136.0,2011-06-01T00:00:00.000000000,"[3.127631425857544, 6.515960693359375, 3.3916571140289307, 7.286036014556885]","[0.6170971393585205, 1.8930494785308838, 1.4564361572265625, 0.794485330581665]"
126136.0,2011-09-01T00:00:00.000000000,"[6.515960693359375, 3.3916571140289307, 7.286036014556885, 7.880094051361084]","[2.415510654449463, 2.768008232116699, 2.290149211883545, 2.3642053604125977]"
126136.0,2011-12-01T00:00:00.000000000,"[3.3916571140289307, 7.286036014556885, 7.880094051361084, 12.610553741455078]","[4.04801082611084, 3.7167391777038574, 3.3560757637023926, 4.261266708374023]"
126136.0,2012-03-01T00:00:00.000000000,"[7.286036014556885, 7.880094051361084, 12.610553741455078, 8.34213924407959]","[2.470086097717285, 2.383073091506958, 3.7385661602020264, 2.9190406799316406]"
126136.0,2012-06-01T00:00:00.000000000,"[7.880094051361084, 12.610553741455078, 8.34213924407959, 10.938390731811523]","[4.580681324005127, 6.315450668334961, 4.84194803237915, 4.65835428237915]"
126136.0,2012-09-01T00:00:00.000000000,"[12.610553741455078, 8.34213924407959, 10.938390731811523, 13.6006498336792]","[6.130714416503906, 4.750861167907715, 4.489358425140381, 5.124314308166504]"
126136.0,2012-12-01T00:00:00.000000000,"[8.34213924407959, 10.938390731811523, 13.6006498336792, 18.947172164916992]","[7.422390460968018, 5.851845741271973, 5.297325134277344, 5.992446422576904]"
134932.0,2006-06-01T00:00:00.000000000,"[-0.2606981098651886, -0.23869597911834717, -0.3267045319080353, -0.2606981098651886]","[-0.30287954211235046, -0.30209189653396606, -0.2483527660369873, -0.2802238464355469]"
134932.0,2006-09-01T00:00:00.000000000,"[-0.23869597911834717, -0.3267045319080353, -0.2606981098651886, -0.21669383347034454]","[-0.269498735666275, -0.3003556430339813, -0.3108038008213043, -0.2287663072347641]"
134932.0,2006-12-01T00:00:00.000000000,"[-0.3267045319080353, -0.2606981098651886, -0.21669383347034454, -0.19469167292118073]","[-0.27996826171875, -0.2878497242927551, -0.2518153786659241, -0.24540746212005615]"
134932.0,2007-03-01T00:00:00.000000000,"[-0.2606981098651886, -0.21669383347034454, -0.19469167292118073, -0.28270024061203003]","[-0.28860414028167725, -0.2826794385910034, -0.25923746824264526, -0.2867960035800934]"
134932.0,2007-06-01T00:00:00.000000000,"[-0.21669383347034454, -0.19469167292118073, -0.28270024061203003, -0.3267045319080353]","[-0.2542840242385864, -0.2623835802078247, -0.24760450422763824, -0.2546869218349457]"
134932.0,2007-09-01T00:00:00.000000000,"[-0.19469167292118073, -0.28270024061203003, -0.3267045319080353, -0.23869597911834717]","[-0.1970323920249939, -0.23402416706085205, -0.22609195113182068, -0.18909332156181335]"
134932.0,2007-12-01T00:00:00.000000000,"[-0.28270024061203003, -0.3267045319080353, -0.23869597911834717, -0.1726895570755005]","[-0.2079734057188034, -0.23374250531196594, -0.218781977891922, -0.2070847749710083]"
134932.0,2008-03-01T00:00:00.000000000,"[-0.3267045319080353, -0.23869597911834717, -0.1726895570755005, -0.06267886608839035]","[-0.25781357288360596, -0.260684072971344, -0.24190469086170197, -0.26197999715805054]"
134932.0,2008-06-01T00:00:00.000000000,"[-0.23869597911834717, -0.1726895570755005, -0.06267886608839035, -0.19469167292118073]","[-0.25388097763061523, -0.2644490599632263, -0.25201529264450073, -0.2529827356338501]"
134932.0,2008-09-01T00:00:00.000000000,"[-0.1726895570755005, -0.06267886608839035, -0.19469167292118073, -0.12868529558181763]","[-0.19880425930023193, -0.23714914917945862, -0.22972139716148376, -0.19047152996063232]"
134932.0,2008-12-01T00:00:00.000000000,"[-0.06267886608839035, -0.19469167292118073, -0.12868529558181763, -0.018674563616514206]","[-0.22073590755462646, -0.2385345846414566, -0.20725496113300323, -0.21619462966918945]"
134932.0,2009-03-01T00:00:00.000000000,"[-0.19469167292118073, -0.12868529558181763, -0.018674563616514206, 0.15734252333641052]","[-0.1965811401605606, -0.2150171399116516, -0.16602027416229248, -0.192262202501297]"
134932.0,2009-06-01T00:00:00.000000000,"[-0.12868529558181763, -0.018674563616514206, 0.15734252333641052, 0.17934469878673553]","[-0.1925525665283203, -0.178111732006073, -0.20113259553909302, -0.19830335676670074]"
134932.0,2009-09-01T00:00:00.000000000,"[-0.018674563616514206, 0.15734252333641052, 0.17934469878673553, 0.3113575577735901]","[-0.14075729250907898, -0.19471612572669983, -0.1819043755531311, -0.1335468888282776]"
134932.0,2009-12-01T00:00:00.000000000,"[0.15734252333641052, 0.17934469878673553, 0.3113575577735901, 0.553381085395813]","[-0.12927773594856262, -0.17355316877365112, -0.14493416249752045, -0.1298351138830185]"
134932.0,2010-03-01T00:00:00.000000000,"[0.17934469878673553, 0.3113575577735901, 0.553381085395813, 0.4653724431991577]","[-0.10284110903739929, -0.08323325216770172, -0.02850717306137085, -0.07718177139759064]"
134932.0,2010-06-01T00:00:00.000000000,"[0.3113575577735901, 0.553381085395813, 0.4653724431991577, 0.2453511357307434]","[-0.055538833141326904, -0.05576522648334503, -0.07280156016349792, -0.10310603678226471]"
134932.0,2010-09-01T00:00:00.000000000,"[0.553381085395813, 0.4653724431991577, 0.2453511357307434, 0.2233489453792572]","[0.005427360534667969, -0.11473488807678223, -0.1380506455898285, -0.09513036906719208]"
134932.0,2010-12-01T00:00:00.000000000,"[0.4653724431991577, 0.2453511357307434, 0.2233489453792572, 0.025329740718007088]","[0.0760267972946167, -0.1068262830376625, -0.10975749045610428, -0.10554229468107224]"
134932.0,2011-03-01T00:00:00.000000000,"[0.2453511357307434, 0.2233489453792572, 0.025329740718007088, -0.04067668318748474]","[0.12157033383846283, 0.031161069869995117, 0.013335317373275757, -0.10207891464233398]"
134932.0,2011-06-01T00:00:00.000000000,"[0.2233489453792572, 0.025329740718007088, -0.04067668318748474, -0.48071953654289246]","[0.11678135395050049, -0.0051550716161727905, -0.16351258754730225, -0.20589014887809753]"
134932.0,2011-09-01T00:00:00.000000000,"[0.025329740718007088, -0.04067668318748474, -0.48071953654289246, -0.4367152154445648]","[0.1624152958393097, -0.0538216233253479, -0.0914548933506012, -0.03944886475801468]"
134932.0,2011-12-01T00:00:00.000000000,"[-0.04067668318748474, -0.48071953654289246, -0.4367152154445648, -0.10668310523033142]","[0.05042368173599243, -0.09806805849075317, -0.05765008181333542, -0.04085424542427063]"
134932.0,2012-03-01T00:00:00.000000000,"[-0.48071953654289246, -0.4367152154445648, -0.10668310523033142, 0.06933397799730301]","[0.10252979397773743, 0.038683369755744934, 0.03526303172111511, -0.010163798928260803]"
134932.0,2012-06-01T00:00:00.000000000,"[-0.4367152154445648, -0.10668310523033142, 0.06933397799730301, 0.06933397799730301]","[-0.053719110786914825, -0.15770135819911957, -0.21532943844795227, -0.26345348358154297]"
134932.0,2012-09-01T00:00:00.000000000,"[-0.10668310523033142, 0.06933397799730301, 0.06933397799730301, 0.6853939294815063]","[-0.09758500009775162, -0.2593396306037903, -0.2709752321243286, -0.16819633543491364]"
134932.0,2012-12-01T00:00:00.000000000,"[0.06933397799730301, 0.06933397799730301, 0.6853939294815063, 1.2134451866149902]","[-0.09472467005252838, -0.18117710947990417, -0.05437522381544113, 0.0015380531549453735]"
134932.0,2013-03-01T00:00:00.000000000,"[0.06933397799730301, 0.6853939294815063, 1.2134451866149902, 1.6974923610687256]","[-0.012841209769248962, -0.015386387705802917, 0.15250031650066376, 0.11048321425914764]"
136725.0,2006-06-01T00:00:00.000000000,"[0.03259040787816048, 0.25767233967781067, 0.5021160840988159, 0.17208397388458252]","[0.13954861462116241, 0.1824338287115097, 0.26974278688430786, 0.1368020921945572]"
136725.0,2006-09-01T00:00:00.000000000,"[0.25767233967781067, 0.5021160840988159, 0.17208397388458252, 0.41652771830558777]","[0.17827118933200836, 0.2712783217430115, 0.10450322926044464, 0.08372215926647186]"
136725.0,2006-12-01T00:00:00.000000000,"[0.5021160840988159, 0.17208397388458252, 0.41652771830558777, 0.392105370759964]","[0.27741914987564087, 0.1619524508714676, 0.19727133214473724, 0.2300868183374405]"
136725.0,2007-03-01T00:00:00.000000000,"[0.17208397388458252, 0.41652771830558777, 0.392105370759964, 0.7390791177749634]","[0.32577598094940186, 0.3571321964263916, 0.3856799006462097, 0.3757225275039673]"
136725.0,2007-06-01T00:00:00.000000000,"[0.41652771830558777, 0.392105370759964, 0.7390791177749634, 0.3797842264175415]","[0.22029629349708557, 0.3167569935321808, 0.38221439719200134, 0.25021764636039734]"
136725.0,2007-09-01T00:00:00.000000000,"[0.392105370759964, 0.7390791177749634, 0.3797842264175415, 0.6730727553367615]","[0.324622243642807, 0.48928824067115784, 0.30458953976631165, 0.2922203242778778]"
136725.0,2007-12-01T00:00:00.000000000,"[0.7390791177749634, 0.3797842264175415, 0.6730727553367615, 0.8125662803649902]","[0.34902676939964294, 0.2766094505786896, 0.34370914101600647, 0.3620721399784088]"
136725.0,2008-03-01T00:00:00.000000000,"[0.3797842264175415, 0.6730727553367615, 0.8125662803649902, 0.7881438732147217]","[0.48140308260917664, 0.5302830338478088, 0.543971061706543, 0.5299614667892456]"
136725.0,2008-06-01T00:00:00.000000000,"[0.6730727553367615, 0.8125662803649902, 0.7881438732147217, 0.543700098991394]","[0.3508056104183197, 0.4461463987827301, 0.5670051574707031, 0.4100427031517029]"
136725.0,2008-09-01T00:00:00.000000000,"[0.8125662803649902, 0.7881438732147217, 0.543700098991394, 0.7538204789161682]","[0.5380139946937561, 0.7439392805099487, 0.4808064103126526, 0.5109193921089172]"
136725.0,2008-12-01T00:00:00.000000000,"[0.7881438732147217, 0.543700098991394, 0.7538204789161682, 1.3307167291641235]","[0.6720414757728577, 0.5014775991439819, 0.6011164784431458, 0.6805898547172546]"
136725.0,2009-03-01T00:00:00.000000000,"[0.543700098991394, 0.7538204789161682, 1.3307167291641235, 1.1621804237365723]","[0.631462574005127, 0.6633485555648804, 0.704529881477356, 0.6838823556900024]"
136725.0,2009-06-01T00:00:00.000000000,"[0.7538204789161682, 1.3307167291641235, 1.1621804237365723, 1.0886931419372559]","[0.523395299911499, 0.6206789016723633, 0.6876658201217651, 0.5316762328147888]"
136725.0,2009-09-01T00:00:00.000000000,"[1.3307167291641235, 1.1621804237365723, 1.0886931419372559, 1.323456048965454]","[0.7016050219535828, 0.860397458076477, 0.6277329921722412, 0.681365966796875]"
136725.0,2009-12-01T00:00:00.000000000,"[1.1621804237365723, 1.0886931419372559, 1.323456048965454, 1.3747209310531616]","[1.0447165966033936, 0.8487785458564758, 0.9156875014305115, 1.0389554500579834]"
136725.0,2010-03-01T00:00:00.000000000,"[1.0886931419372559, 1.323456048965454, 1.3747209310531616, 1.5874814987182617]","[0.8583849668502808, 0.8629628419876099, 1.021482229232788, 0.9654538631439209]"
136725.0,2010-06-01T00:00:00.000000000,"[1.323456048965454, 1.3747209310531616, 1.5874814987182617, 1.2134451866149902]","[0.851976752281189, 1.0440456867218018, 1.046354055404663, 0.8778365850448608]"
136725.0,2010-09-01T00:00:00.000000000,"[1.3747209310531616, 1.5874814987182617, 1.2134451866149902, 1.6827508211135864]","[1.1390268802642822, 1.2095568180084229, 0.9901448488235474, 1.0728822946548462]"
136725.0,2010-12-01T00:00:00.000000000,"[1.5874814987182617, 1.2134451866149902, 1.6827508211135864, 1.8147637844085693]","[1.2866644859313965, 1.1364476680755615, 1.1838843822479248, 1.278193473815918]"
136725.0,2011-03-01T00:00:00.000000000,"[1.2134451866149902, 1.6827508211135864, 1.8147637844085693, 1.8515071868896484]","[1.1686842441558838, 1.1773008108139038, 1.2614189386367798, 1.3136980533599854]"
136725.0,2011-06-01T00:00:00.000000000,"[1.6827508211135864, 1.8147637844085693, 1.8515071868896484, 1.2721909284591675]","[1.1021099090576172, 1.2671585083007812, 1.3663314580917358, 1.1847587823867798]"
136725.0,2011-09-01T00:00:00.000000000,"[1.8147637844085693, 1.8515071868896484, 1.2721909284591675, 0.11333828419446945]","[1.4761757850646973, 1.7174019813537598, 1.348231554031372, 1.4691598415374756]"
136725.0,2011-12-01T00:00:00.000000000,"[1.8515071868896484, 1.2721909284591675, 0.11333828419446945, 1.3307167291641235]","[1.6258429288864136, 1.3871033191680908, 1.5484676361083984, 1.6968016624450684]"
136725.0,2012-03-01T00:00:00.000000000,"[1.2721909284591675, 0.11333828419446945, 1.3307167291641235, 1.924774408340454]","[1.428741216659546, 1.5553256273269653, 1.6425926685333252, 1.6752614974975586]"
136725.0,2012-06-01T00:00:00.000000000,"[0.11333828419446945, 1.3307167291641235, 1.924774408340454, 1.880770206451416]","[1.303154468536377, 1.480398178100586, 1.5366747379302979, 1.3158857822418213]"
136725.0,2012-09-01T00:00:00.000000000,"[1.3307167291641235, 1.924774408340454, 1.880770206451416, 2.174278736114502]","[1.0400807857513428, 1.151641845703125, 0.8293343782424927, 0.8586001396179199]"
136725.0,2012-12-01T00:00:00.000000000,"[1.924774408340454, 1.880770206451416, 2.174278736114502, 1.9175138473510742]","[1.494971513748169, 1.2143715620040894, 1.3147592544555664, 1.5276777744293213]"
136725.0,2013-03-01T00:00:00.000000000,"[1.880770206451416, 2.174278736114502, 1.9175138473510742, 2.1595370769500732]","[1.441470742225647, 1.3586199283599854, 1.7020716667175293, 1.7747613191604614]"
137310.0,2005-09-01T00:00:00.000000000,"[-0.10668310523033142, 0.047331858426332474, -0.06267886608839035, -0.15068741142749786]","[-0.1336764693260193, -0.10892201960086823, 0.07862037420272827, 0.004690930247306824]"
137310.0,2005-12-01T00:00:00.000000000,"[0.047331858426332474, -0.06267886608839035, -0.15068741142749786, -0.4147131145000458]","[-0.07229282706975937, -0.03854779899120331, 0.006197437644004822, -0.005659312009811401]"
137310.0,2006-03-01T00:00:00.000000000,"[-0.06267886608839035, -0.15068741142749786, -0.4147131145000458, -0.4367152154445648]","[0.006965205073356628, -0.047330982983112335, 0.0322033166885376, 0.06765882670879364]"
137310.0,2006-06-01T00:00:00.000000000,"[-0.15068741142749786, -0.4147131145000458, -0.4367152154445648, -0.5907301902770996]","[-0.09194804728031158, -0.11119863390922546, 0.021060273051261902, 0.05056022107601166]"
137310.0,2006-09-01T00:00:00.000000000,"[-0.4147131145000458, -0.4367152154445648, -0.5907301902770996, -0.45871737599372864]","[-0.09933555871248245, -0.07893376797437668, 0.07485456764698029, 0.005390733480453491]"
137310.0,2007-09-01T00:00:00.000000000,"[-0.4367152154445648, -0.5907301902770996, -0.45871737599372864, -0.6787387728691101]","[-0.18510881066322327, -0.20652315020561218, -0.16747476160526276, -0.18280380964279175]"
137310.0,2007-12-01T00:00:00.000000000,"[-0.5907301902770996, -0.45871737599372864, -0.6787387728691101, -0.30470237135887146]","[-0.1250038594007492, -0.17305795848369598, -0.1412714570760727, -0.16757968068122864]"
137310.0,2008-03-01T00:00:00.000000000,"[-0.45871737599372864, -0.6787387728691101, -0.30470237135887146, -0.2606981098651886]","[-0.33044344186782837, -0.3393888473510742, -0.2815433442592621, -0.21983429789543152]"
137310.0,2008-06-01T00:00:00.000000000,"[-0.6787387728691101, -0.30470237135887146, -0.2606981098651886, -0.21669383347034454]","[-0.31198039650917053, -0.3123881220817566, -0.20138117671012878, -0.23952879011631012]"
137310.0,2008-09-01T00:00:00.000000000,"[-0.30470237135887146, -0.2606981098651886, -0.21669383347034454, -0.1726895570755005]","[-0.33964961767196655, -0.30721667408943176, -0.23355785012245178, -0.2651286721229553]"
137310.0,2008-12-01T00:00:00.000000000,"[-0.2606981098651886, -0.21669383347034454, -0.1726895570755005, -0.04067668318748474]","[-0.2781057357788086, -0.25557804107666016, -0.23782214522361755, -0.12922461330890656]"
137310.0,2009-03-01T00:00:00.000000000,"[-0.21669383347034454, -0.1726895570755005, -0.04067668318748474, 0.047331858426332474]","[-0.3334386348724365, -0.30276602506637573, -0.2233002781867981, -0.1781754195690155]"
137310.0,2009-06-01T00:00:00.000000000,"[-0.1726895570755005, -0.04067668318748474, 0.047331858426332474, 0.003327556187286973]","[-0.2211422473192215, -0.2328820377588272, -0.12590354681015015, -0.24295008182525635]"
137310.0,2009-09-01T00:00:00.000000000,"[-0.04067668318748474, 0.047331858426332474, 0.003327556187286973, 0.003327556187286973]","[-0.1332651823759079, -0.14134372770786285, -0.14315736293792725, -0.12501676380634308]"
137310.0,2009-12-01T00:00:00.000000000,"[0.047331858426332474, 0.003327556187286973, 0.003327556187286973, -0.08468098938465118]","[-0.04438752681016922, -0.09456401318311691, -0.10121665894985199, -0.0005984604358673096]"
137310.0,2010-03-01T00:00:00.000000000,"[0.003327556187286973, 0.003327556187286973, -0.08468098938465118, 0.025329740718007088]","[-0.17837956547737122, -0.1715749204158783, -0.07584559172391891, -0.035339146852493286]"
137310.0,2010-06-01T00:00:00.000000000,"[0.003327556187286973, -0.08468098938465118, 0.025329740718007088, -0.15068741142749786]","[-0.1362261325120926, -0.11712746322154999, -0.045370154082775116, -0.08188192546367645]"
137310.0,2010-09-01T00:00:00.000000000,"[-0.08468098938465118, 0.025329740718007088, -0.15068741142749786, -0.3487066924571991]","[-0.05667048692703247, -0.054560452699661255, -0.02661968767642975, -0.06038924306631088]"
137310.0,2010-12-01T00:00:00.000000000,"[0.025329740718007088, -0.15068741142749786, -0.3487066924571991, -0.3487066924571991]","[-0.032164767384529114, -0.049475036561489105, -0.035825230181217194, -0.02510114014148712]"
137310.0,2011-03-01T00:00:00.000000000,"[-0.15068741142749786, -0.3487066924571991, -0.3487066924571991, -0.3267045319080353]","[-0.05198857933282852, -0.048680610954761505, 0.028243348002433777, -0.029043741524219513]"
137310.0,2011-06-01T00:00:00.000000000,"[-0.3487066924571991, -0.3487066924571991, -0.3267045319080353, -0.3267045319080353]","[-0.08192083239555359, -0.08788532018661499, -0.04619897902011871, -0.10393668711185455]"
137310.0,2011-09-01T00:00:00.000000000,"[-0.3487066924571991, -0.3267045319080353, -0.3267045319080353, -0.30470237135887146]","[-0.14306102693080902, -0.14266248047351837, -0.1349906176328659, -0.15326061844825745]"
137310.0,2011-12-01T00:00:00.000000000,"[-0.3267045319080353, -0.3267045319080353, -0.30470237135887146, -0.23869597911834717]","[-0.20135748386383057, -0.20720171928405762, -0.20001764595508575, -0.16660764813423157]"
137310.0,2012-03-01T00:00:00.000000000,"[-0.3267045319080353, -0.30470237135887146, -0.23869597911834717, -0.15068741142749786]","[-0.24959737062454224, -0.22431457042694092, -0.16822737455368042, -0.1752936989068985]"
137310.0,2012-06-01T00:00:00.000000000,"[-0.30470237135887146, -0.23869597911834717, -0.15068741142749786, -0.06267886608839035]","[-0.2267371267080307, -0.2277267873287201, -0.20178088545799255, -0.23714056611061096]"
137310.0,2012-09-01T00:00:00.000000000,"[-0.23869597911834717, -0.15068741142749786, -0.06267886608839035, -0.06267886608839035]","[-0.20659945905208588, -0.19179601967334747, -0.18349748849868774, -0.19691918790340424]"
137310.0,2012-12-01T00:00:00.000000000,"[-0.15068741142749786, -0.06267886608839035, -0.06267886608839035, 0.047331858426332474]","[-0.1808871030807495, -0.19977734982967377, -0.21436768770217896, -0.13053706288337708]"
137310.0,2013-03-01T00:00:00.000000000,"[-0.06267886608839035, -0.06267886608839035, 0.047331858426332474, 0.2453511357307434]","[-0.20923864841461182, -0.2044595330953598, -0.17275738716125488, -0.16731727123260498]"
142953.0,2006-06-01T00:00:00.000000000,"[0.17934469878673553, 0.3993660807609558, 0.33335965871810913, 0.20134682953357697]","[0.3324436843395233, 0.31099262833595276, 0.3418884873390198, 0.31977349519729614]"
142953.0,2006-09-01T00:00:00.000000000,"[0.3993660807609558, 0.33335965871810913, 0.20134682953357697, 0.33335965871810913]","[0.2492673695087433, 0.2709583342075348, 0.2887963354587555, 0.38556772470474243]"
142953.0,2006-12-01T00:00:00.000000000,"[0.33335965871810913, 0.20134682953357697, 0.33335965871810913, 0.2233489453792572]","[0.34530848264694214, 0.3624724745750427, 0.4641306400299072, 0.3860189914703369]"
142953.0,2007-03-01T00:00:00.000000000,"[0.20134682953357697, 0.33335965871810913, 0.2233489453792572, 0.3113575577735901]","[0.32622551918029785, 0.335391640663147, 0.32170626521110535, 0.30990269780158997]"
142953.0,2007-06-01T00:00:00.000000000,"[0.33335965871810913, 0.2233489453792572, 0.3113575577735901, 0.35536178946495056]","[0.39351797103881836, 0.33846649527549744, 0.31536877155303955, 0.3517552316188812]"
142953.0,2007-09-01T00:00:00.000000000,"[0.2233489453792572, 0.3113575577735901, 0.35536178946495056, 0.26735323667526245]","[0.28807055950164795, 0.2928808927536011, 0.2901299297809601, 0.39964011311531067]"
142953.0,2007-12-01T00:00:00.000000000,"[0.3113575577735901, 0.35536178946495056, 0.26735323667526245, 0.44337034225463867]","[0.3020898699760437, 0.3015933930873871, 0.40183109045028687, 0.30360281467437744]"
142953.0,2008-03-01T00:00:00.000000000,"[0.35536178946495056, 0.26735323667526245, 0.44337034225463867, 0.33335965871810913]","[0.3271016776561737, 0.3363697826862335, 0.2996371388435364, 0.28248581290245056]"
142953.0,2008-06-01T00:00:00.000000000,"[0.26735323667526245, 0.44337034225463867, 0.33335965871810913, 0.4653724431991577]","[0.39858636260032654, 0.33254194259643555, 0.30821818113327026, 0.3486996591091156]"
142953.0,2008-09-01T00:00:00.000000000,"[0.44337034225463867, 0.33335965871810913, 0.4653724431991577, 0.35536178946495056]","[0.25036531686782837, 0.2726121246814728, 0.31634995341300964, 0.37555035948753357]"
142953.0,2008-12-01T00:00:00.000000000,"[0.33335965871810913, 0.4653724431991577, 0.35536178946495056, 0.553381085395813]","[0.3106898367404938, 0.32315096259117126, 0.41434162855148315, 0.32797008752822876]"
142953.0,2009-03-01T00:00:00.000000000,"[0.4653724431991577, 0.35536178946495056, 0.553381085395813, 0.553381085395813]","[0.33593273162841797, 0.3138669431209564, 0.3023020029067993, 0.2933330833911896]"
142953.0,2009-06-01T00:00:00.000000000,"[0.35536178946495056, 0.553381085395813, 0.553381085395813, 0.6633917689323425]","[0.4328882694244385, 0.3935210704803467, 0.37798935174942017, 0.45746567845344543]"
142953.0,2009-09-01T00:00:00.000000000,"[0.553381085395813, 0.553381085395813, 0.6633917689323425, 0.5313789248466492]","[0.3328390121459961, 0.3431701064109802, 0.4045315682888031, 0.4158366620540619]"
142953.0,2009-12-01T00:00:00.000000000,"[0.553381085395813, 0.6633917689323425, 0.5313789248466492, 0.6633917689323425]","[0.38554060459136963, 0.39353635907173157, 0.469510942697525, 0.40653494000434875]"
142953.0,2010-03-01T00:00:00.000000000,"[0.6633917689323425, 0.5313789248466492, 0.6633917689323425, 0.6853939294815063]","[0.4217900037765503, 0.41534221172332764, 0.43606632947921753, 0.4046195149421692]"
142953.0,2010-06-01T00:00:00.000000000,"[0.5313789248466492, 0.6633917689323425, 0.6853939294815063, 0.7293981313705444]","[0.5242537260055542, 0.46923598647117615, 0.471238911151886, 0.5416381359100342]"
142953.0,2010-09-01T00:00:00.000000000,"[0.6633917689323425, 0.6853939294815063, 0.7293981313705444, 0.553381085395813]","[0.4474184215068817, 0.42938336730003357, 0.4686141014099121, 0.49679020047187805]"
142953.0,2010-12-01T00:00:00.000000000,"[0.6853939294815063, 0.7293981313705444, 0.553381085395813, 0.7073960304260254]","[0.44120553135871887, 0.42721229791641235, 0.5085183382034302, 0.4293213188648224]"
142953.0,2011-03-01T00:00:00.000000000,"[0.7293981313705444, 0.553381085395813, 0.7073960304260254, 0.6413896679878235]","[0.5010676383972168, 0.48043322563171387, 0.4879976809024811, 0.4881782531738281]"
142953.0,2011-06-01T00:00:00.000000000,"[0.553381085395813, 0.7073960304260254, 0.6413896679878235, 0.8174067735671997]","[0.5988418459892273, 0.5268011689186096, 0.5360265970230103, 0.6071112155914307]"
142953.0,2011-09-01T00:00:00.000000000,"[0.7073960304260254, 0.6413896679878235, 0.8174067735671997, 0.6853939294815063]","[0.49860379099845886, 0.43055906891822815, 0.4607972502708435, 0.47412776947021484]"
142953.0,2011-12-01T00:00:00.000000000,"[0.6413896679878235, 0.8174067735671997, 0.6853939294815063, 0.6853939294815063]","[0.5181246399879456, 0.5209025740623474, 0.5635370016098022, 0.47902655601501465]"
142953.0,2012-03-01T00:00:00.000000000,"[0.8174067735671997, 0.6853939294815063, 0.6853939294815063, 0.7734025120735168]","[0.5566548705101013, 0.5149953961372375, 0.5185546278953552, 0.4845048487186432]"
142953.0,2012-06-01T00:00:00.000000000,"[0.6853939294815063, 0.6853939294815063, 0.7734025120735168, 0.9934238195419312]","[0.6684541702270508, 0.6054506301879883, 0.6146143078804016, 0.6495136022567749]"
142953.0,2012-09-01T00:00:00.000000000,"[0.6853939294815063, 0.7734025120735168, 0.9934238195419312, 0.7514004111289978]","[0.5796315670013428, 0.49560728669166565, 0.4937436580657959, 0.44942906498908997]"
142953.0,2012-12-01T00:00:00.000000000,"[0.7734025120735168, 0.9934238195419312, 0.7514004111289978, 0.8614109754562378]","[0.5712206959724426, 0.6200745105743408, 0.6486245393753052, 0.5627315044403076]"
142953.0,2013-03-01T00:00:00.000000000,"[0.9934238195419312, 0.7514004111289978, 0.8614109754562378, 0.8834132552146912]","[0.7251754999160767, 0.6973636150360107, 0.6500309705734253, 0.6821953058242798]"
143912.0,2007-06-01T00:00:00.000000000,"[-0.4147131145000458, -0.1726895570755005, -0.45871737599372864, -0.2606981098651886]","[-0.5613152384757996, -0.5744694471359253, -0.5516386032104492, -0.5798687934875488]"
143912.0,2007-09-01T00:00:00.000000000,"[-0.1726895570755005, -0.45871737599372864, -0.2606981098651886, -0.5247237682342529]","[-0.5070620179176331, -0.5403814911842346, -0.5328161716461182, -0.4971139430999756]"
143912.0,2008-03-01T00:00:00.000000000,"[-0.45871737599372864, -0.2606981098651886, -0.5247237682342529, -0.23869597911834717]","[-0.42806512117385864, -0.47137606143951416, -0.3989812731742859, -0.38612663745880127]"
143912.0,2008-06-01T00:00:00.000000000,"[-0.2606981098651886, -0.5247237682342529, -0.23869597911834717, -0.39271095395088196]","[-0.4783676862716675, -0.43543219566345215, -0.39600038528442383, -0.458093523979187]"
143912.0,2008-09-01T00:00:00.000000000,"[-0.5247237682342529, -0.23869597911834717, -0.39271095395088196, -0.08468098938465118]","[-0.3662564754486084, -0.29604414105415344, -0.4186481237411499, -0.41680026054382324]"
143912.0,2009-03-01T00:00:00.000000000,"[-0.23869597911834717, -0.39271095395088196, -0.08468098938465118, 0.20134682953357697]","[-0.4608093500137329, -0.5561105608940125, -0.5714304447174072, -0.48989927768707275]"
143912.0,2009-06-01T00:00:00.000000000,"[-0.39271095395088196, -0.08468098938465118, 0.20134682953357697, 0.17934469878673553]","[-0.32760876417160034, -0.3376675248146057, -0.27905532717704773, -0.2919194996356964]"
143912.0,2009-09-01T00:00:00.000000000,"[-0.08468098938465118, 0.20134682953357697, 0.17934469878673553, -0.722743034362793]","[-0.4119296669960022, -0.3683435022830963, -0.32009297609329224, -0.38189005851745605]"
143912.0,2009-12-01T00:00:00.000000000,"[0.20134682953357697, 0.17934469878673553, -0.722743034362793, 0.17934469878673553]","[-0.2059389054775238, -0.10489886999130249, -0.24023470282554626, -0.23036500811576843]"
143912.0,2010-03-01T00:00:00.000000000,"[0.17934469878673553, -0.722743034362793, 0.17934469878673553, 1.499472975730896]","[-0.14614054560661316, -0.30709731578826904, -0.3411042094230652, -0.2286626100540161]"
143912.0,2010-06-01T00:00:00.000000000,"[-0.722743034362793, 0.17934469878673553, 1.499472975730896, -0.018674563616514206]","[-0.15400609374046326, -0.22792991995811462, -0.13248714804649353, -0.20855164527893066]"
143912.0,2010-09-01T00:00:00.000000000,"[0.17934469878673553, 1.499472975730896, -0.018674563616514206, 0.13534040749073029]","[-0.46129119396209717, -0.3729589581489563, -0.29217737913131714, -0.439605712890625]"
143912.0,2010-12-01T00:00:00.000000000,"[1.499472975730896, -0.018674563616514206, 0.13534040749073029, 1.8735092878341675]","[0.01773780584335327, 0.025874674320220947, -0.12774509191513062, -0.0068489015102386475]"
143912.0,2011-03-01T00:00:00.000000000,"[-0.018674563616514206, 0.13534040749073029, 1.8735092878341675, 0.3113575577735901]","[0.42867571115493774, -0.0509849488735199, -0.09933292865753174, -0.02755028009414673]"
147579.0,2006-06-01T00:00:00.000000000,"[-0.3392457664012909, -0.39909157156944275, -0.4743388891220093, -0.45871737599372864]","[-0.4544350802898407, -0.4577856659889221, -0.43828409910202026, -0.43839067220687866]"
147579.0,2006-09-01T00:00:00.000000000,"[-0.39909157156944275, -0.4743388891220093, -0.45871737599372864, -0.5687280893325806]","[-0.4359864890575409, -0.44149598479270935, -0.4422857165336609, -0.37641477584838867]"
147579.0,2006-12-01T00:00:00.000000000,"[-0.4743388891220093, -0.45871737599372864, -0.5687280893325806, -0.5467259287834167]","[-0.44956207275390625, -0.4679001271724701, -0.38814210891723633, -0.40892964601516724]"
147579.0,2007-03-01T00:00:00.000000000,"[-0.45871737599372864, -0.5687280893325806, -0.5467259287834167, -0.5467259287834167]","[-0.4736945331096649, -0.418045312166214, -0.43544870615005493, -0.458237886428833]"
147579.0,2007-06-01T00:00:00.000000000,"[-0.5687280893325806, -0.5467259287834167, -0.5467259287834167, -0.5687280893325806]","[-0.4098343253135681, -0.42564141750335693, -0.42059430480003357, -0.41196075081825256]"
147579.0,2007-09-01T00:00:00.000000000,"[-0.5467259287834167, -0.5467259287834167, -0.5687280893325806, -0.5027216672897339]","[-0.5070669054985046, -0.5318065285682678, -0.5041268467903137, -0.4412381649017334]"
147579.0,2007-12-01T00:00:00.000000000,"[-0.5467259287834167, -0.5687280893325806, -0.5027216672897339, -0.4367152154445648]","[-0.5032855272293091, -0.5111568570137024, -0.4320489764213562, -0.4624304175376892]"
147579.0,2008-03-01T00:00:00.000000000,"[-0.5687280893325806, -0.5027216672897339, -0.4367152154445648, -0.37070879340171814]","[-0.531629741191864, -0.5420222878456116, -0.5042330622673035, -0.526176929473877]"
147579.0,2008-06-01T00:00:00.000000000,"[-0.5027216672897339, -0.4367152154445648, -0.37070879340171814, 0.17934469878673553]","[-0.478969544172287, -0.5059176683425903, -0.48634669184684753, -0.4843352138996124]"
147579.0,2008-09-01T00:00:00.000000000,"[-0.4367152154445648, -0.37070879340171814, 0.17934469878673553, -0.37070879340171814]","[-0.52491694688797, -0.5375013947486877, -0.5141193866729736, -0.4579847455024719]"
147579.0,2008-12-01T00:00:00.000000000,"[-0.37070879340171814, 0.17934469878673553, -0.37070879340171814, -0.06267886608839035]","[-0.4946933090686798, -0.5036706924438477, -0.4495861530303955, -0.46633180975914]"
147579.0,2009-03-01T00:00:00.000000000,"[0.17934469878673553, -0.37070879340171814, -0.06267886608839035, 0.20134682953357697]","[-0.46356624364852905, -0.4689388871192932, -0.4263772666454315, -0.4436541497707367]"
147579.0,2009-06-01T00:00:00.000000000,"[-0.37070879340171814, -0.06267886608839035, 0.20134682953357697, 0.7073960304260254]","[-0.22352394461631775, -0.33435720205307007, -0.3704616129398346, -0.32688623666763306]"
147579.0,2009-09-01T00:00:00.000000000,"[-0.06267886608839035, 0.20134682953357697, 0.7073960304260254, 1.1694409847259521]","[-0.42426952719688416, -0.4761941432952881, -0.3863236606121063, -0.436278760433197]"
147579.0,2009-12-01T00:00:00.000000000,"[0.20134682953357697, 0.7073960304260254, 1.1694409847259521, 1.2574495077133179]","[-0.27388203144073486, -0.23267748951911926, -0.33095893263816833, -0.32712382078170776]"
147579.0,2010-03-01T00:00:00.000000000,"[0.7073960304260254, 1.1694409847259521, 1.2574495077133179, -0.04067668318748474]","[-0.13442179560661316, -0.31949174404144287, -0.35012269020080566, -0.33042752742767334]"
147579.0,2010-06-01T00:00:00.000000000,"[1.1694409847259521, 1.2574495077133179, -0.04067668318748474, 0.9714217185974121]","[0.045921772718429565, -0.12537360191345215, -0.27700889110565186, -0.29961836338043213]"
147579.0,2010-09-01T00:00:00.000000000,"[1.2574495077133179, -0.04067668318748474, 0.9714217185974121, 0.6193875670433044]","[0.2230132520198822, -0.07744446396827698, -0.2547820806503296, -0.3707502484321594]"
147579.0,2010-12-01T00:00:00.000000000,"[-0.04067668318748474, 0.9714217185974121, 0.6193875670433044, 2.533573627471924]","[0.3334435522556305, 0.007199317216873169, -0.23932626843452454, -0.41997405886650085]"
147579.0,2011-03-01T00:00:00.000000000,"[0.9714217185974121, 0.6193875670433044, 2.533573627471924, 2.1595370769500732]","[-0.0018182694911956787, -0.2642594873905182, -0.31972965598106384, -0.4654967784881592]"
147579.0,2011-06-01T00:00:00.000000000,"[0.6193875670433044, 2.533573627471924, 2.1595370769500732, 2.7535951137542725]","[0.5144891738891602, 0.3909885883331299, 0.09634718298912048, 0.2735100984573364]"
147579.0,2011-09-01T00:00:00.000000000,"[2.533573627471924, 2.1595370769500732, 2.7535951137542725, 2.7975993156433105]","[0.44282662868499756, 0.06543542444705963, 0.16498391330242157, 0.16898126900196075]"
147579.0,2011-12-01T00:00:00.000000000,"[2.1595370769500732, 2.7535951137542725, 2.7975993156433105, 3.127631425857544]","[1.0577152967453003, 0.87486332654953, 0.4163280129432678, 0.31907182931900024]"
147579.0,2012-03-01T00:00:00.000000000,"[2.7535951137542725, 2.7975993156433105, 3.127631425857544, 1.9175138473510742]","[1.0973783731460571, 0.6422181725502014, 0.5873405337333679, 0.27163273096084595]"
147579.0,2012-06-01T00:00:00.000000000,"[2.7975993156433105, 3.127631425857544, 1.9175138473510742, 7.5500617027282715]","[1.562630295753479, 1.4730920791625977, 0.763843297958374, 0.6307185292243958]"
147579.0,2012-09-01T00:00:00.000000000,"[3.127631425857544, 1.9175138473510742, 7.5500617027282715, 5.833894729614258]","[1.8629742860794067, 1.1615664958953857, 1.007199764251709, 1.0261293649673462]"
147579.0,2012-12-01T00:00:00.000000000,"[1.9175138473510742, 7.5500617027282715, 5.833894729614258, 6.317941665649414]","[2.108584403991699, 1.853710651397705, 1.4565160274505615, 1.5415436029434204]"
147579.0,2013-03-01T00:00:00.000000000,"[7.5500617027282715, 5.833894729614258, 6.317941665649414, 2.225543737411499]","[1.8716421127319336, 1.7239408493041992, 1.7348177433013916, 1.5272271633148193]"
157855.0,2006-06-01T00:00:00.000000000,"[-0.45871737599372864, -0.4147131145000458, -0.39271095395088196, -0.39271095395088196]","[-0.4943794012069702, -0.49439287185668945, -0.49825286865234375, -0.5003488063812256]"
157855.0,2006-09-01T00:00:00.000000000,"[-0.4147131145000458, -0.39271095395088196, -0.39271095395088196, -0.3487066924571991]","[-0.48032110929489136, -0.4775220453739166, -0.46869367361068726, -0.4747680723667145]"
157855.0,2006-12-01T00:00:00.000000000,"[-0.39271095395088196, -0.39271095395088196, -0.3487066924571991, -0.28270024061203003]","[-0.45784762501716614, -0.44149860739707947, -0.4386201798915863, -0.4456402659416199]"
157855.0,2007-03-01T00:00:00.000000000,"[-0.39271095395088196, -0.3487066924571991, -0.28270024061203003, -0.23869597911834717]","[-0.4361698627471924, -0.41382336616516113, -0.42274564504623413, -0.42775723338127136]"
157855.0,2007-06-01T00:00:00.000000000,"[-0.3487066924571991, -0.28270024061203003, -0.23869597911834717, -0.28270024061203003]","[-0.4223943054676056, -0.41336408257484436, -0.42092037200927734, -0.41691699624061584]"
157855.0,2007-09-01T00:00:00.000000000,"[-0.28270024061203003, -0.23869597911834717, -0.28270024061203003, -0.1726895570755005]","[-0.40172356367111206, -0.3980361223220825, -0.3922916352748871, -0.391828715801239]"
157855.0,2007-12-01T00:00:00.000000000,"[-0.23869597911834717, -0.28270024061203003, -0.1726895570755005, -0.1726895570755005]","[-0.36556124687194824, -0.36611807346343994, -0.3539784550666809, -0.3552705645561218]"
157855.0,2008-03-01T00:00:00.000000000,"[-0.28270024061203003, -0.1726895570755005, -0.1726895570755005, -0.1726895570755005]","[-0.32699286937713623, -0.33960145711898804, -0.3502812385559082, -0.3566184639930725]"
157855.0,2008-06-01T00:00:00.000000000,"[-0.1726895570755005, -0.1726895570755005, -0.1726895570755005, -0.08468098938465118]","[-0.32750698924064636, -0.3552808165550232, -0.349935919046402, -0.34898388385772705]"
157855.0,2008-09-01T00:00:00.000000000,"[-0.1726895570755005, -0.1726895570755005, -0.08468098938465118, -0.08468098938465118]","[-0.2673458456993103, -0.28026580810546875, -0.29831618070602417, -0.2926168143749237]"
157855.0,2008-12-01T00:00:00.000000000,"[-0.1726895570755005, -0.08468098938465118, -0.08468098938465118, 0.025329740718007088]","[-0.25724244117736816, -0.29779648780822754, -0.2792387008666992, -0.28570812940597534]"
157855.0,2009-03-01T00:00:00.000000000,"[-0.08468098938465118, -0.08468098938465118, 0.025329740718007088, 0.15734252333641052]","[-0.2356288731098175, -0.22212734818458557, -0.24458047747612, -0.2615269422531128]"
157855.0,2009-06-01T00:00:00.000000000,"[-0.08468098938465118, 0.025329740718007088, 0.15734252333641052, 0.06933397799730301]","[-0.17298057675361633, -0.1950892210006714, -0.22364245355129242, -0.21970701217651367]"
157855.0,2009-09-01T00:00:00.000000000,"[0.025329740718007088, 0.15734252333641052, 0.06933397799730301, 0.9274174571037292]","[-0.16141197085380554, -0.18667501211166382, -0.19195857644081116, -0.17906075716018677]"
157855.0,2009-12-01T00:00:00.000000000,"[0.15734252333641052, 0.06933397799730301, 0.9274174571037292, 0.4653724431991577]","[-0.11373451352119446, -0.11570489406585693, -0.12868931889533997, -0.13127455115318298]"
157855.0,2010-03-01T00:00:00.000000000,"[0.06933397799730301, 0.9274174571037292, 0.4653724431991577, 0.6413896679878235]","[-0.03452855348587036, -0.06794917583465576, -0.09010663628578186, -0.10578793287277222]"
157855.0,2010-06-01T00:00:00.000000000,"[0.9274174571037292, 0.4653724431991577, 0.6413896679878235, 0.8394088745117188]","[-0.03890445828437805, -0.07097092270851135, -0.0909375250339508, -0.11005470156669617]"
157855.0,2010-09-01T00:00:00.000000000,"[0.4653724431991577, 0.6413896679878235, 0.8394088745117188, 1.3454581499099731]","[0.27725163102149963, 0.08108115196228027, -0.0822640061378479, -0.05467522144317627]"
157855.0,2010-12-01T00:00:00.000000000,"[0.6413896679878235, 0.8394088745117188, 1.3454581499099731, 0.7514004111289978]","[0.13348618149757385, -0.06705351173877716, 0.018254071474075317, -0.06706967949867249]"
157855.0,2011-03-01T00:00:00.000000000,"[0.8394088745117188, 1.3454581499099731, 0.7514004111289978, 0.9494196176528931]","[0.25767982006073, 0.2914709448814392, 0.07781535387039185, 0.04581385850906372]"
157855.0,2011-06-01T00:00:00.000000000,"[1.3454581499099731, 0.7514004111289978, 0.9494196176528931, 0.7514004111289978]","[0.4690682888031006, 0.20288242399692535, 0.15362517535686493, 0.2092854231595993]"
157855.0,2011-09-01T00:00:00.000000000,"[0.7514004111289978, 0.9494196176528931, 0.7514004111289978, 0.8394088745117188]","[0.6921825408935547, 0.5017716288566589, 0.3224010467529297, 0.3450095057487488]"
157855.0,2011-12-01T00:00:00.000000000,"[0.9494196176528931, 0.7514004111289978, 0.8394088745117188, 2.4675674438476562]","[0.5122655630111694, 0.36827552318573, 0.40756452083587646, 0.26265811920166016]"
157855.0,2012-03-01T00:00:00.000000000,"[0.7514004111289978, 0.8394088745117188, 2.4675674438476562, 3.127631425857544]","[0.7060269117355347, 0.8171398639678955, 0.5396785140037537, 0.5790835618972778]"
157855.0,2012-06-01T00:00:00.000000000,"[0.8394088745117188, 2.4675674438476562, 3.127631425857544, 1.5874814987182617]","[0.7624078989028931, 0.5876395106315613, 0.6111467480659485, 0.752915620803833]"
157855.0,2012-09-01T00:00:00.000000000,"[2.4675674438476562, 3.127631425857544, 1.5874814987182617, 1.9615180492401123]","[0.8038603663444519, 0.8943660259246826, 0.8239593505859375, 0.9331789612770081]"
157855.0,2012-12-01T00:00:00.000000000,"[3.127631425857544, 1.5874814987182617, 1.9615180492401123, 2.5555758476257324]","[1.4119998216629028, 1.2414551973342896, 1.157090425491333, 1.105696201324463]"
157855.0,2013-03-01T00:00:00.000000000,"[1.5874814987182617, 1.9615180492401123, 2.5555758476257324, 2.0935308933258057]","[1.7039086818695068, 1.3766205310821533, 1.1653958559036255, 1.0435432195663452]"
160329.0,2006-06-01T00:00:00.000000000,"[-0.03187587484717369, -0.002172973472625017, 0.056132733821868896, 0.022029396146535873]","[-0.07366332411766052, -0.03971850872039795, -0.040660083293914795, -0.0542525053024292]"
160329.0,2006-09-01T00:00:00.000000000,"[-0.002172973472625017, 0.056132733821868896, 0.022029396146535873, 0.06823388487100601]","[-0.07775169610977173, -0.014705359935760498, -0.03624114394187927, -0.06479519605636597]"
160329.0,2006-12-01T00:00:00.000000000,"[0.056132733821868896, 0.022029396146535873, 0.06823388487100601, 0.1078377515077591]","[-0.031807899475097656, 0.008891522884368896, -0.04849955439567566, -0.03657868504524231]"
160329.0,2007-03-01T00:00:00.000000000,"[0.022029396146535873, 0.06823388487100601, 0.1078377515077591, 0.25305184721946716]","[0.004038095474243164, -0.00896918773651123, -0.007008641958236694, 0.013360023498535156]"
160329.0,2007-06-01T00:00:00.000000000,"[0.06823388487100601, 0.1078377515077591, 0.25305184721946716, 0.12433934211730957]","[-0.018630683422088623, 0.010508865118026733, 0.027753204107284546, 0.005647897720336914]"
160329.0,2007-09-01T00:00:00.000000000,"[0.1078377515077591, 0.25305184721946716, 0.12433934211730957, 0.22554919123649597]","[0.011683672666549683, 0.08434635400772095, 0.04466348886489868, 0.019893020391464233]"
160329.0,2007-12-01T00:00:00.000000000,"[0.25305184721946716, 0.12433934211730957, 0.22554919123649597, 0.2959560453891754]","[0.0652075707912445, 0.08316695690155029, 0.037287384271621704, 0.06047460436820984]"
160329.0,2008-03-01T00:00:00.000000000,"[0.12433934211730957, 0.22554919123649597, 0.2959560453891754, 0.32895922660827637]","[0.1348474770784378, 0.1194038838148117, 0.12264443933963776, 0.1478373259305954]"
160329.0,2008-06-01T00:00:00.000000000,"[0.22554919123649597, 0.2959560453891754, 0.32895922660827637, 0.14964181184768677]","[0.07273097336292267, 0.08818654716014862, 0.13592906296253204, 0.10527466237545013]"
160329.0,2008-09-01T00:00:00.000000000,"[0.2959560453891754, 0.32895922660827637, 0.14964181184768677, -0.14958731830120087]","[0.14666378498077393, 0.23427394032478333, 0.16408181190490723, 0.15102115273475647]"
160329.0,2008-12-01T00:00:00.000000000,"[0.32895922660827637, 0.14964181184768677, -0.14958731830120087, 0.35206151008605957]","[0.22732269763946533, 0.19936463236808777, 0.1811988353729248, 0.22603046894073486]"
160329.0,2009-03-01T00:00:00.000000000,"[0.14964181184768677, -0.14958731830120087, 0.35206151008605957, 0.36636292934417725]","[0.2471853494644165, 0.23646625876426697, 0.2488408386707306, 0.2674844563007355]"
160329.0,2009-06-01T00:00:00.000000000,"[-0.14958731830120087, 0.35206151008605957, 0.36636292934417725, 0.3916653096675873]","[0.1549951136112213, 0.18468743562698364, 0.22831323742866516, 0.18730267882347107]"
160329.0,2009-09-01T00:00:00.000000000,"[0.35206151008605957, 0.36636292934417725, 0.3916653096675873, 0.5918847918510437]","[0.0813017189502716, 0.13076099753379822, 0.05561259388923645, 0.011026017367839813]"
160329.0,2009-12-01T00:00:00.000000000,"[0.36636292934417725, 0.3916653096675873, 0.5918847918510437, 0.735998809337616]","[0.3115643858909607, 0.3082466125488281, 0.2369784116744995, 0.30437955260276794]"
160329.0,2010-03-01T00:00:00.000000000,"[0.3916653096675873, 0.5918847918510437, 0.735998809337616, 0.7040956616401672]","[0.2759024500846863, 0.23135671019554138, 0.32932326197624207, 0.32312652468681335]"
160329.0,2010-06-01T00:00:00.000000000,"[0.5918847918510437, 0.735998809337616, 0.7040956616401672, 0.6083865165710449]","[0.2548004388809204, 0.4053308963775635, 0.4073282778263092, 0.3107925355434418]"
160329.0,2010-09-01T00:00:00.000000000,"[0.735998809337616, 0.7040956616401672, 0.6083865165710449, 0.862511157989502]","[0.40737462043762207, 0.4918840229511261, 0.40894317626953125, 0.41391393542289734]"
160329.0,2010-12-01T00:00:00.000000000,"[0.7040956616401672, 0.6083865165710449, 0.862511157989502, 0.48407435417175293]","[0.5479223132133484, 0.47903141379356384, 0.45418164134025574, 0.5145426988601685]"
160329.0,2011-03-01T00:00:00.000000000,"[0.6083865165710449, 0.862511157989502, 0.48407435417175293, 0.9879233241081238]","[0.5037314295768738, 0.4702674150466919, 0.5630217790603638, 0.5545032024383545]"
160329.0,2011-06-01T00:00:00.000000000,"[0.862511157989502, 0.48407435417175293, 0.9879233241081238, 0.3850646913051605]","[0.47313159704208374, 0.5724477171897888, 0.6014007925987244, 0.5220255851745605]"
160329.0,2011-09-01T00:00:00.000000000,"[0.48407435417175293, 0.9879233241081238, 0.3850646913051605, 0.4136675000190735]","[0.6792434453964233, 0.7125194072723389, 0.5876147747039795, 0.610225260257721]"
160329.0,2011-12-01T00:00:00.000000000,"[0.9879233241081238, 0.3850646913051605, 0.4136675000190735, 1.103434681892395]","[0.5970585346221924, 0.5315065979957581, 0.5753352046012878, 0.6206948757171631]"
160329.0,2012-03-01T00:00:00.000000000,"[0.3850646913051605, 0.4136675000190735, 1.103434681892395, 1.752497673034668]","[0.755199134349823, 0.8309683799743652, 0.7930363416671753, 0.8206385374069214]"
160329.0,2012-06-01T00:00:00.000000000,"[0.4136675000190735, 1.103434681892395, 1.752497673034668, 2.1914403438568115]","[0.5006409883499146, 0.4857879877090454, 0.629339873790741, 0.5312952995300293]"
160329.0,2012-09-01T00:00:00.000000000,"[1.103434681892395, 1.752497673034668, 2.1914403438568115, 2.2981507778167725]","[0.636001706123352, 0.8097137212753296, 0.6092560887336731, 0.5828990340232849]"
160329.0,2012-12-01T00:00:00.000000000,"[1.752497673034668, 2.1914403438568115, 2.2981507778167725, 2.3784584999084473]","[0.9260866045951843, 0.8408359885215759, 0.8540722727775574, 0.9496356844902039]"
160329.0,2013-03-01T00:00:00.000000000,"[2.1914403438568115, 2.2981507778167725, 2.3784584999084473, 2.675487518310547]","[1.0870453119277954, 0.9655667543411255, 1.0275988578796387, 1.1053630113601685]"
162887.0,2007-03-01T00:00:00.000000000,"[-0.7942500114440918, -0.7282435894012451, -0.7392446994781494, -0.6897398233413696]","[-0.721713662147522, -0.7167388796806335, -0.7333383560180664, -0.7203348278999329]"
162887.0,2007-06-01T00:00:00.000000000,"[-0.7282435894012451, -0.7392446994781494, -0.6897398233413696, -0.8272532224655151]","[-0.7703185677528381, -0.7817648649215698, -0.7485321760177612, -0.7749279737472534]"
162887.0,2007-09-01T00:00:00.000000000,"[-0.7392446994781494, -0.6897398233413696, -0.8272532224655151, -0.8327537775039673]","[-0.7552280426025391, -0.7300231456756592, -0.7610739469528198, -0.7685161232948303]"
162887.0,2007-12-01T00:00:00.000000000,"[-0.6897398233413696, -0.8272532224655151, -0.8327537775039673, -0.8217527270317078]","[-0.7366031408309937, -0.7640483379364014, -0.7444326281547546, -0.7432323694229126]"
162887.0,2008-03-01T00:00:00.000000000,"[-0.8272532224655151, -0.8327537775039673, -0.8217527270317078, -0.7502457499504089]","[-0.7126049995422363, -0.7103515267372131, -0.7214276790618896, -0.7158443927764893]"
162887.0,2008-06-01T00:00:00.000000000,"[-0.8327537775039673, -0.8217527270317078, -0.7502457499504089, -0.970267117023468]","[-0.7789705395698547, -0.7834704518318176, -0.7653878927230835, -0.8019860982894897]"
162887.0,2008-09-01T00:00:00.000000000,"[-0.8217527270317078, -0.7502457499504089, -0.970267117023468, -0.7887494564056396]","[-0.7929027676582336, -0.8009117245674133, -0.8133432269096375, -0.8289608955383301]"
162887.0,2008-12-01T00:00:00.000000000,"[-0.7502457499504089, -0.970267117023468, -0.7887494564056396, -0.722743034362793]","[-0.7748692035675049, -0.7820568680763245, -0.7734683156013489, -0.7759784460067749]"
162887.0,2009-03-01T00:00:00.000000000,"[-0.970267117023468, -0.7887494564056396, -0.722743034362793, -0.6457355618476868]","[-0.7649694085121155, -0.7732810974121094, -0.7635579109191895, -0.7662564516067505]"
162887.0,2009-06-01T00:00:00.000000000,"[-0.7887494564056396, -0.722743034362793, -0.6457355618476868, -0.8767580389976501]","[-0.8098430633544922, -0.8068749308586121, -0.7719871997833252, -0.7994555234909058]"
162887.0,2009-09-01T00:00:00.000000000,"[-0.722743034362793, -0.6457355618476868, -0.8767580389976501, -0.7557463049888611]","[-0.790103554725647, -0.7941821217536926, -0.7933856248855591, -0.786471962928772]"
162887.0,2009-12-01T00:00:00.000000000,"[-0.6457355618476868, -0.8767580389976501, -0.7557463049888611, -0.607231855392456]","[-0.743140697479248, -0.7587448954582214, -0.7429785132408142, -0.7369314432144165]"
162887.0,2010-03-01T00:00:00.000000000,"[-0.8767580389976501, -0.7557463049888611, -0.607231855392456, -0.4037120044231415]","[-0.7345845103263855, -0.7284039855003357, -0.7041289806365967, -0.6878143548965454]"
162887.0,2010-06-01T00:00:00.000000000,"[-0.7557463049888611, -0.607231855392456, -0.4037120044231415, -0.7282435894012451]","[-0.8159045577049255, -0.79410320520401, -0.7203076481819153, -0.8005732297897339]"
162887.0,2010-09-01T00:00:00.000000000,"[-0.607231855392456, -0.4037120044231415, -0.7282435894012451, -0.6567366123199463]","[-0.7652300000190735, -0.6985518932342529, -0.7859431505203247, -0.728528618812561]"
162887.0,2010-12-01T00:00:00.000000000,"[-0.4037120044231415, -0.7282435894012451, -0.6567366123199463, -0.34320613741874695]","[-0.6880191564559937, -0.7212458252906799, -0.6957749724388123, -0.661702036857605]"
162887.0,2011-03-01T00:00:00.000000000,"[-0.7282435894012451, -0.6567366123199463, -0.34320613741874695, -0.06817939877510071]","[-0.6635135412216187, -0.6865655183792114, -0.6924453973770142, -0.6699690818786621]"
162887.0,2011-06-01T00:00:00.000000000,"[-0.6567366123199463, -0.34320613741874695, -0.06817939877510071, -0.45871737599372864]","[-0.7641450762748718, -0.7599900960922241, -0.69707190990448, -0.8175347447395325]"
162887.0,2011-09-01T00:00:00.000000000,"[-0.34320613741874695, -0.06817939877510071, -0.45871737599372864, -0.26619863510131836]","[-0.7000192403793335, -0.6107867956161499, -0.7480884194374084, -0.6964621543884277]"
162887.0,2011-12-01T00:00:00.000000000,"[-0.06817939877510071, -0.45871737599372864, -0.26619863510131836, -0.1836906224489212]","[-0.5348290801048279, -0.6408544182777405, -0.6475636959075928, -0.6054583191871643]"
162887.0,2012-03-01T00:00:00.000000000,"[-0.45871737599372864, -0.26619863510131836, -0.1836906224489212, -0.20019221305847168]","[-0.4994514584541321, -0.5871233344078064, -0.6162398457527161, -0.6181554198265076]"
162887.0,2012-06-01T00:00:00.000000000,"[-0.26619863510131836, -0.1836906224489212, -0.20019221305847168, -0.5192232131958008]","[-0.6159421801567078, -0.6321678161621094, -0.6306139826774597, -0.8031995892524719]"
162887.0,2012-09-01T00:00:00.000000000,"[-0.1836906224489212, -0.20019221305847168, -0.5192232131958008, -0.28270024061203003]","[-0.4448147118091583, -0.38325029611587524, -0.6200924515724182, -0.5939743518829346]"
162887.0,2012-12-01T00:00:00.000000000,"[-0.20019221305847168, -0.5192232131958008, -0.28270024061203003, -0.21119330823421478]","[-0.32468941807746887, -0.504320502281189, -0.5305107235908508, -0.4424492120742798]"
162887.0,2013-03-01T00:00:00.000000000,"[-0.5192232131958008, -0.28270024061203003, -0.21119330823421478, -0.3267045319080353]","[-0.43623125553131104, -0.464620441198349, -0.462346613407135, -0.4272473156452179]"
164296.0,2006-09-01T00:00:00.000000000,"[0.13534040749073029, 0.11333828419446945, 0.26735323667526245, 0.2453511357307434]","[0.06094104051589966, 0.14261284470558167, 0.2976287305355072, 0.14494553208351135]"
164296.0,2007-03-01T00:00:00.000000000,"[0.11333828419446945, 0.26735323667526245, 0.2453511357307434, 0.047331858426332474]","[0.22410209476947784, 0.360931396484375, 0.1695588380098343, 0.10785309970378876]"
164296.0,2007-06-01T00:00:00.000000000,"[0.26735323667526245, 0.2453511357307434, 0.047331858426332474, 0.2233489453792572]","[0.1704086810350418, 0.07446001470088959, 0.0364236980676651, 0.08198641240596771]"
164296.0,2007-09-01T00:00:00.000000000,"[0.2453511357307434, 0.047331858426332474, 0.2233489453792572, 0.7514004111289978]","[0.16755454242229462, 0.06900782883167267, 0.17245729267597198, 0.20858339965343475]"
164296.0,2007-12-01T00:00:00.000000000,"[0.047331858426332474, 0.2233489453792572, 0.7514004111289978, 0.09133616089820862]","[0.022964507341384888, 0.06851927936077118, 0.2554693818092346, 0.060722723603248596]"
164296.0,2008-03-01T00:00:00.000000000,"[0.2233489453792572, 0.7514004111289978, 0.09133616089820862, 0.44337034225463867]","[0.12620580196380615, 0.1848854422569275, 0.12969139218330383, 0.05020223557949066]"
164296.0,2008-06-01T00:00:00.000000000,"[0.7514004111289978, 0.09133616089820862, 0.44337034225463867, 0.2453511357307434]","[0.14396148920059204, 0.0734010562300682, 0.10836983472108841, 0.15174919366836548]"
164296.0,2008-09-01T00:00:00.000000000,"[0.09133616089820862, 0.44337034225463867, 0.2453511357307434, 0.7954046130180359]","[0.3836978077888489, 0.2584947943687439, 0.33065301179885864, 0.37928032875061035]"
164296.0,2008-12-01T00:00:00.000000000,"[0.44337034225463867, 0.2453511357307434, 0.7954046130180359, 0.2453511357307434]","[0.1400807797908783, 0.14336887001991272, 0.32060855627059937, 0.1474299430847168]"
164296.0,2009-03-01T00:00:00.000000000,"[0.2453511357307434, 0.7954046130180359, 0.2453511357307434, 0.11333828419446945]","[0.3298945724964142, 0.5956487655639648, 0.34112924337387085, 0.3085311949253082]"
164296.0,2009-06-01T00:00:00.000000000,"[0.7954046130180359, 0.2453511357307434, 0.11333828419446945, 0.4653724431991577]","[0.3367295265197754, 0.22329485416412354, 0.26909318566322327, 0.29386475682258606]"
164296.0,2009-09-01T00:00:00.000000000,"[0.2453511357307434, 0.11333828419446945, 0.4653724431991577, 0.7514004111289978]","[0.5098593235015869, 0.5264605283737183, 0.4829174876213074, 0.5898663401603699]"
164296.0,2009-12-01T00:00:00.000000000,"[0.11333828419446945, 0.4653724431991577, 0.7514004111289978, 0.44337034225463867]","[0.2977546751499176, 0.37368112802505493, 0.6215320229530334, 0.39500710368156433]"
164296.0,2010-03-01T00:00:00.000000000,"[0.4653724431991577, 0.7514004111289978, 0.44337034225463867, 0.9274174571037292]","[0.3020266890525818, 0.6361741423606873, 0.2382768988609314, 0.20392629504203796]"
164296.0,2010-06-01T00:00:00.000000000,"[0.7514004111289978, 0.44337034225463867, 0.9274174571037292, 1.2134451866149902]","[0.49284934997558594, 0.3459000289440155, 0.38306763768196106, 0.45736873149871826]"
164296.0,2010-09-01T00:00:00.000000000,"[0.44337034225463867, 0.9274174571037292, 1.2134451866149902, 1.4334666728973389]","[0.5112943649291992, 0.5032324194908142, 0.5352919697761536, 0.59977787733078]"
164296.0,2010-12-01T00:00:00.000000000,"[0.9274174571037292, 1.2134451866149902, 1.4334666728973389, 1.2134451866149902]","[0.3914185166358948, 0.5597671270370483, 0.7542127966880798, 0.5069252848625183]"
164296.0,2011-03-01T00:00:00.000000000,"[1.2134451866149902, 1.4334666728973389, 1.2134451866149902, 1.455468773841858]","[0.6572885513305664, 1.019661545753479, 0.5988364219665527, 0.6685400009155273]"
164296.0,2011-06-01T00:00:00.000000000,"[1.4334666728973389, 1.2134451866149902, 1.455468773841858, 1.2134451866149902]","[0.9105660915374756, 0.6728342771530151, 0.7882372140884399, 0.8491157293319702]"
164296.0,2011-09-01T00:00:00.000000000,"[1.2134451866149902, 1.455468773841858, 1.2134451866149902, 0.9934238195419312]","[0.820589542388916, 0.8039555549621582, 0.8089936971664429, 0.9539796113967896]"
164296.0,2011-12-01T00:00:00.000000000,"[1.455468773841858, 1.2134451866149902, 0.9934238195419312, 1.0814324617385864]","[0.8247244358062744, 0.8447149395942688, 1.016071081161499, 0.7588108777999878]"
164296.0,2012-03-01T00:00:00.000000000,"[1.2134451866149902, 0.9934238195419312, 1.0814324617385864, 0.9714217185974121]","[1.0099561214447021, 1.15156090259552, 0.7284822463989258, 0.8480590581893921]"
164296.0,2012-06-01T00:00:00.000000000,"[0.9934238195419312, 1.0814324617385864, 0.9714217185974121, 0.4653724431991577]","[1.1552385091781616, 0.9689725041389465, 1.0755985975265503, 1.1224501132965088]"
164296.0,2012-09-01T00:00:00.000000000,"[1.0814324617385864, 0.9714217185974121, 0.4653724431991577, 1.2574495077133179]","[0.87839674949646, 0.9549051523208618, 0.9107131361961365, 1.1514066457748413]"
164296.0,2012-12-01T00:00:00.000000000,"[0.9714217185974121, 0.4653724431991577, 1.2574495077133179, -0.1726895570755005]","[0.9973040819168091, 0.9751135110855103, 1.189077377319336, 1.0209598541259766]"
164296.0,2013-03-01T00:00:00.000000000,"[0.4653724431991577, 1.2574495077133179, -0.1726895570755005, -0.5247237682342529]","[1.09440279006958, 1.3512089252471924, 0.9643446207046509, 1.0039448738098145]"
178015.0,2008-09-01T00:00:00.000000000,"[0.13534040749073029, 0.33335965871810913, 1.499472975730896, 0.003327556187286973]","[0.10636740922927856, 0.36746668815612793, 0.9003339409828186, 0.3201935887336731]"
178015.0,2008-12-01T00:00:00.000000000,"[0.33335965871810913, 1.499472975730896, 0.003327556187286973, 0.15734252333641052]","[0.371554434299469, 1.046212077140808, 0.2303219884634018, 0.14780302345752716]"
178015.0,2009-03-01T00:00:00.000000000,"[1.499472975730896, 0.003327556187286973, 0.15734252333641052, 0.5313789248466492]","[0.5818904638290405, 0.23410630226135254, 0.251802921295166, 0.38000011444091797]"
178015.0,2009-06-01T00:00:00.000000000,"[0.003327556187286973, 0.15734252333641052, 0.5313789248466492, 2.225543737411499]","[0.730246901512146, 0.5435309410095215, 0.7726459503173828, 1.1103074550628662]"
178015.0,2009-09-01T00:00:00.000000000,"[0.15734252333641052, 0.5313789248466492, 2.225543737411499, 0.5093768239021301]","[0.14184269309043884, 0.49178630113601685, 1.1464179754257202, 0.42829272150993347]"
178015.0,2009-12-01T00:00:00.000000000,"[0.5313789248466492, 2.225543737411499, 0.5093768239021301, 0.8614109754562378]","[0.45711323618888855, 1.34695565700531, 0.31281158328056335, 0.21852868795394897]"
178015.0,2010-03-01T00:00:00.000000000,"[2.225543737411499, 0.5093768239021301, 0.8614109754562378, 0.9494196176528931]","[0.7766655087471008, 0.39475902915000916, 0.4098948538303375, 0.5915818810462952]"
178015.0,2010-06-01T00:00:00.000000000,"[0.5093768239021301, 0.8614109754562378, 0.9494196176528931, 3.369654893875122]","[0.9277230501174927, 0.6433882117271423, 1.0131982564926147, 1.5271024703979492]"
178015.0,2010-09-01T00:00:00.000000000,"[0.8614109754562378, 0.9494196176528931, 3.369654893875122, 0.9274174571037292]","[0.24469707906246185, 0.7473806738853455, 1.620988368988037, 0.6864467859268188]"
178015.0,2010-12-01T00:00:00.000000000,"[0.9494196176528931, 3.369654893875122, 0.9274174571037292, 1.4114645719528198]","[0.8710787296295166, 2.1333227157592773, 0.7746552228927612, 0.7394002676010132]"
178015.0,2011-03-01T00:00:00.000000000,"[3.369654893875122, 0.9274174571037292, 1.4114645719528198, 1.4114645719528198]","[1.2142491340637207, 0.6961824893951416, 0.7567653656005859, 1.0020066499710083]"
178015.0,2011-06-01T00:00:00.000000000,"[0.9274174571037292, 1.4114645719528198, 1.4114645719528198, 4.315746784210205]","[1.360452651977539, 1.0531092882156372, 1.4224319458007812, 2.201983690261841]"
178015.0,2011-09-01T00:00:00.000000000,"[1.4114645719528198, 1.4114645719528198, 4.315746784210205, -0.21669383347034454]","[0.4641432464122772, 0.9740554690361023, 2.190312147140503, 1.0391650199890137]"
178015.0,2011-12-01T00:00:00.000000000,"[1.4114645719528198, 4.315746784210205, -0.21669383347034454, 0.8174067735671997]","[1.3257153034210205, 2.9238107204437256, 1.1952791213989258, 1.2194783687591553]"
178015.0,2012-03-01T00:00:00.000000000,"[4.315746784210205, -0.21669383347034454, 0.8174067735671997, 1.8515071868896484]","[1.7237331867218018, 1.0242764949798584, 1.1112769842147827, 1.4347031116485596]"
178015.0,2012-06-01T00:00:00.000000000,"[-0.21669383347034454, 0.8174067735671997, 1.8515071868896484, 4.975811004638672]","[1.781582236289978, 1.4346847534179688, 1.7871136665344238, 2.7968931198120117]"
178015.0,2012-09-01T00:00:00.000000000,"[0.8174067735671997, 1.8515071868896484, 4.975811004638672, 1.8515071868896484]","[0.25880247354507446, 0.7920482158660889, 2.4940335750579834, 0.9152615070343018]"
178015.0,2012-12-01T00:00:00.000000000,"[1.8515071868896484, 4.975811004638672, 1.8515071868896484, 2.929612159729004]","[1.3810796737670898, 3.5396246910095215, 1.1630699634552002, 1.0773649215698242]"
178015.0,2013-03-01T00:00:00.000000000,"[4.975811004638672, 1.8515071868896484, 2.929612159729004, 2.8636057376861572]","[2.129225254058838, 1.2501139640808105, 1.3258450031280518, 1.7438430786132812]"
179534.0,2009-03-01T00:00:00.000000000,"[1.1914430856704712, 1.1914430856704712, 1.279451608657837, 1.6754902601242065]","[0.9941655993461609, 0.9620414972305298, 0.9476847052574158, 1.0210151672363281]"
179534.0,2009-06-01T00:00:00.000000000,"[1.1914430856704712, 1.279451608657837, 1.6754902601242065, 1.7414965629577637]","[0.9628667235374451, 0.9915029406547546, 1.0999526977539062, 1.038345456123352]"
179534.0,2009-09-01T00:00:00.000000000,"[1.279451608657837, 1.6754902601242065, 1.7414965629577637, 1.9395159482955933]","[1.0164016485214233, 1.171736240386963, 1.0889170169830322, 1.0481013059616089]"
179534.0,2009-12-01T00:00:00.000000000,"[1.6754902601242065, 1.7414965629577637, 1.9395159482955933, 1.9615180492401123]","[1.2026578187942505, 1.216062068939209, 1.104689598083496, 1.1876335144042969]"
179534.0,2010-03-01T00:00:00.000000000,"[1.7414965629577637, 1.9395159482955933, 1.9615180492401123, 2.1595370769500732]","[1.3838794231414795, 1.3137025833129883, 1.313867211341858, 1.4171754121780396]"
179534.0,2010-06-01T00:00:00.000000000,"[1.9395159482955933, 1.9615180492401123, 2.1595370769500732, 2.181539297103882]","[1.3529891967773438, 1.352139949798584, 1.5260021686553955, 1.4621491432189941]"
179534.0,2010-09-01T00:00:00.000000000,"[1.9615180492401123, 2.1595370769500732, 2.181539297103882, 2.313552141189575]","[1.502381682395935, 1.6076817512512207, 1.495877981185913, 1.4234789609909058]"
179534.0,2010-12-01T00:00:00.000000000,"[2.1595370769500732, 2.181539297103882, 2.313552141189575, 2.533573627471924]","[1.6985256671905518, 1.5836050510406494, 1.5094847679138184, 1.555172324180603]"
179534.0,2011-03-01T00:00:00.000000000,"[2.181539297103882, 2.313552141189575, 2.533573627471924, 2.5115716457366943]","[1.8358066082000732, 1.7500569820404053, 1.7409420013427734, 1.853187084197998]"
179534.0,2011-06-01T00:00:00.000000000,"[2.313552141189575, 2.533573627471924, 2.5115716457366943, 2.335554361343384]","[1.8415420055389404, 1.8098748922348022, 1.9587289094924927, 1.9186577796936035]"
179534.0,2011-09-01T00:00:00.000000000,"[2.533573627471924, 2.5115716457366943, 2.335554361343384, 1.6534881591796875]","[1.9832587242126465, 2.125906467437744, 2.02473783493042, 1.9868299961090088]"
179534.0,2011-12-01T00:00:00.000000000,"[2.5115716457366943, 2.335554361343384, 1.6534881591796875, 1.7634987831115723]","[2.246753454208374, 2.2189464569091797, 2.110626697540283, 2.1785454750061035]"
179534.0,2012-03-01T00:00:00.000000000,"[2.335554361343384, 1.6534881591796875, 1.7634987831115723, 2.42356276512146]","[2.278273105621338, 2.244988441467285, 2.2623372077941895, 2.3921079635620117]"
179534.0,2012-06-01T00:00:00.000000000,"[1.6534881591796875, 1.7634987831115723, 2.42356276512146, 2.335554361343384]","[2.2066385746002197, 2.2900896072387695, 2.388347625732422, 2.344564914703369]"
179534.0,2012-09-01T00:00:00.000000000,"[1.7634987831115723, 2.42356276512146, 2.335554361343384, 2.577577829360962]","[2.020601987838745, 2.2172603607177734, 2.1044278144836426, 1.9968717098236084]"
179534.0,2012-12-01T00:00:00.000000000,"[2.42356276512146, 2.335554361343384, 2.577577829360962, 2.8636057376861572]","[2.1721816062927246, 2.2424073219299316, 2.028325080871582, 2.0490128993988037]"
179534.0,2013-03-01T00:00:00.000000000,"[2.335554361343384, 2.577577829360962, 2.8636057376861572, 3.281646251678467]","[2.320150375366211, 2.2928824424743652, 2.3090968132019043, 2.4150428771972656]"
180652.0,2010-12-01T00:00:00.000000000,"[1.5874814987182617, 1.5654793977737427, 1.7194944620132446, 1.7634987831115723]","[1.4661837816238403, 1.41251540184021, 1.4661130905151367, 1.5052869319915771]"
180652.0,2011-03-01T00:00:00.000000000,"[1.5654793977737427, 1.7194944620132446, 1.7634987831115723, 1.7855008840560913]","[1.3774054050445557, 1.4540191888809204, 1.5350911617279053, 1.456433892250061]"
180652.0,2011-06-01T00:00:00.000000000,"[1.7194944620132446, 1.7634987831115723, 1.7855008840560913, 1.8735092878341675]","[1.4392855167388916, 1.5896806716918945, 1.4989850521087646, 1.4623063802719116]"
180652.0,2011-09-01T00:00:00.000000000,"[1.7634987831115723, 1.7855008840560913, 1.8735092878341675, 2.1375350952148438]","[1.663055181503296, 1.683821201324463, 1.5547983646392822, 1.6475144624710083]"
180652.0,2011-12-01T00:00:00.000000000,"[1.7855008840560913, 1.8735092878341675, 2.1375350952148438, 2.2035415172576904]","[1.660226583480835, 1.6064884662628174, 1.6689012050628662, 1.7112795114517212]"
180652.0,2012-03-01T00:00:00.000000000,"[1.8735092878341675, 2.1375350952148438, 2.2035415172576904, 2.0935308933258057]","[1.5751879215240479, 1.7035319805145264, 1.7594785690307617, 1.6663341522216797]"
180652.0,2012-06-01T00:00:00.000000000,"[2.1375350952148438, 2.2035415172576904, 2.0935308933258057, 2.0055222511291504]","[1.6924471855163574, 1.8786060810089111, 1.763981580734253, 1.7190872430801392]"
180652.0,2012-09-01T00:00:00.000000000,"[2.2035415172576904, 2.0935308933258057, 2.0055222511291504, 1.8735092878341675]","[1.9889369010925293, 2.024397611618042, 1.871065616607666, 1.9797608852386475]"
180652.0,2012-12-01T00:00:00.000000000,"[2.0935308933258057, 2.0055222511291504, 1.8735092878341675, 2.4675674438476562]","[1.9812300205230713, 1.8989081382751465, 2.006700038909912, 2.0656208992004395]"
180652.0,2013-03-01T00:00:00.000000000,"[2.0055222511291504, 1.8735092878341675, 2.4675674438476562, 2.533573627471924]","[1.8611326217651367, 2.028806447982788, 2.089073657989502, 1.9762904644012451]"
180711.0,2010-12-01T00:00:00.000000000,"[12.170511245727539, 11.51044750213623, 10.762373924255371, 10.652362823486328]","[9.084609985351562, 9.01504135131836, 8.479187965393066, 8.946805000305176]"
180711.0,2011-03-01T00:00:00.000000000,"[11.51044750213623, 10.762373924255371, 10.652362823486328, 11.158411979675293]","[10.039861679077148, 9.608144760131836, 9.727705001831055, 10.357990264892578]"
180711.0,2011-06-01T00:00:00.000000000,"[10.762373924255371, 10.652362823486328, 11.158411979675293, 10.850382804870605]","[10.038314819335938, 10.133108139038086, 10.616340637207031, 10.468778610229492]"
180711.0,2011-09-01T00:00:00.000000000,"[10.652362823486328, 11.158411979675293, 10.850382804870605, 10.608358383178711]","[10.264547348022461, 11.060400009155273, 10.464620590209961, 10.398921966552734]"
180711.0,2011-12-01T00:00:00.000000000,"[11.158411979675293, 10.850382804870605, 10.608358383178711, 11.180415153503418]","[10.971736907958984, 10.958030700683594, 10.232925415039062, 10.725279808044434]"
180711.0,2012-03-01T00:00:00.000000000,"[10.850382804870605, 10.608358383178711, 11.180415153503418, 13.270617485046387]","[11.265213012695312, 11.124781608581543, 11.09687614440918, 11.580333709716797]"
180711.0,2012-06-01T00:00:00.000000000,"[10.608358383178711, 11.180415153503418, 13.270617485046387, 13.842674255371094]","[10.836700439453125, 11.189356803894043, 11.5009765625, 11.133687019348145]"
180711.0,2012-09-01T00:00:00.000000000,"[11.180415153503418, 13.270617485046387, 13.842674255371094, 13.864675521850586]","[10.914213180541992, 11.889312744140625, 10.97342586517334, 10.55557918548584]"
180711.0,2012-12-01T00:00:00.000000000,"[13.270617485046387, 13.842674255371094, 13.864675521850586, 14.612749099731445]","[11.477071762084961, 11.679339408874512, 10.816110610961914, 10.99364948272705]"
180711.0,2013-03-01T00:00:00.000000000,"[13.842674255371094, 13.864675521850586, 14.612749099731445, 16.48293113708496]","[12.146864891052246, 12.211002349853516, 12.22689437866211, 12.502264022827148]"
183377.0,2010-12-01T00:00:00.000000000,"[-0.4411156475543976, -0.49832120537757874, -0.44551607966423035, -0.40591222047805786]","[-0.5426713228225708, -0.5871127843856812, -0.592613935470581, -0.5789777636528015]"
183377.0,2011-03-01T00:00:00.000000000,"[-0.49832120537757874, -0.44551607966423035, -0.40591222047805786, -0.36630839109420776]","[-0.5468851923942566, -0.5688700079917908, -0.5677247643470764, -0.5637370944023132]"
183377.0,2011-06-01T00:00:00.000000000,"[-0.44551607966423035, -0.40591222047805786, -0.36630839109420776, -0.4367152154445648]","[-0.5478631854057312, -0.5435794591903687, -0.5411574840545654, -0.5735047459602356]"
183377.0,2011-09-01T00:00:00.000000000,"[-0.40591222047805786, -0.36630839109420776, -0.4367152154445648, -0.3399057984352112]","[-0.49707916378974915, -0.495737224817276, -0.5583130121231079, -0.5489240288734436]"
183377.0,2011-12-01T00:00:00.000000000,"[-0.36630839109420776, -0.4367152154445648, -0.3399057984352112, -0.313503235578537]","[-0.47248268127441406, -0.5370196104049683, -0.5398461818695068, -0.5172507166862488]"
183377.0,2012-03-01T00:00:00.000000000,"[-0.4367152154445648, -0.3399057984352112, -0.313503235578537, -0.2342955470085144]","[-0.48123660683631897, -0.5009945631027222, -0.5053113698959351, -0.5040254592895508]"
183377.0,2012-06-01T00:00:00.000000000,"[-0.3399057984352112, -0.313503235578537, -0.2342955470085144, -0.34430623054504395]","[-0.4847368001937866, -0.4807143807411194, -0.4811370074748993, -0.5167846083641052]"
183377.0,2012-09-01T00:00:00.000000000,"[-0.313503235578537, -0.2342955470085144, -0.34430623054504395, -0.28270024061203003]","[-0.4076843857765198, -0.40557220578193665, -0.4795161485671997, -0.4630163609981537]"
183377.0,2012-12-01T00:00:00.000000000,"[-0.2342955470085144, -0.34430623054504395, -0.28270024061203003, -0.26509854197502136]","[-0.3823816180229187, -0.4562492370605469, -0.4477272629737854, -0.4236539602279663]"
183377.0,2013-03-01T00:00:00.000000000,"[-0.34430623054504395, -0.28270024061203003, -0.26509854197502136, -0.159488245844841]","[-0.37841716408729553, -0.39351630210876465, -0.4052930474281311, -0.4002026319503784]"
