GVKEY,TGT_START,GROUND_TRUTH,PREDICTIONS
1161.0,2006-06-01T00:00:00.000000000,"[-0.6567366123199463, -0.6347345113754272, -0.7007409334182739, -0.898760199546814]","[-0.737373411655426, -0.50032639503479, -0.6161655187606812, -0.9707067608833313]"
1161.0,2006-09-01T00:00:00.000000000,"[-0.6347345113754272, -0.7007409334182739, -0.898760199546814, -1.0747772455215454]","[-0.5320680141448975, -0.2099042534828186, -0.33528679609298706, -0.5057693719863892]"
1161.0,2006-12-01T00:00:00.000000000,"[-0.7007409334182739, -0.898760199546814, -1.0747772455215454, -1.0747772455215454]","[-0.7028543949127197, -0.7312685251235962, -0.5521289110183716, -0.4312053918838501]"
1161.0,2007-03-01T00:00:00.000000000,"[-0.898760199546814, -1.0747772455215454, -1.0747772455215454, -0.920762300491333]","[-0.739280641078949, -0.6674505472183228, -0.7339274883270264, -0.5124082565307617]"
1161.0,2007-06-01T00:00:00.000000000,"[-1.0747772455215454, -1.0747772455215454, -0.920762300491333, -0.9647666215896606]","[-0.478797048330307, -0.07446593046188354, -0.07284224033355713, -0.610413670539856]"
1161.0,2007-09-01T00:00:00.000000000,"[-1.0747772455215454, -0.920762300491333, -0.9647666215896606, -0.8107516169548035]","[-0.5658052563667297, -0.18277448415756226, -0.3728412389755249, -0.400316447019577]"
1161.0,2007-12-01T00:00:00.000000000,"[-0.920762300491333, -0.9647666215896606, -0.8107516169548035, -0.6347345113754272]","[-0.6992266178131104, -1.0086398124694824, -0.7662791013717651, -0.6263850331306458]"
1161.0,2008-03-01T00:00:00.000000000,"[-0.9647666215896606, -0.8107516169548035, -0.6347345113754272, -0.722743034362793]","[-0.8982662558555603, -0.8338153958320618, -0.6243065595626831, -0.35936909914016724]"
1161.0,2008-06-01T00:00:00.000000000,"[-0.8107516169548035, -0.6347345113754272, -0.722743034362793, -0.7887494564056396]","[-0.8229600787162781, -0.3937411308288574, -0.26683950424194336, -0.8273809552192688]"
1161.0,2008-09-01T00:00:00.000000000,"[-0.6347345113754272, -0.722743034362793, -0.7887494564056396, -0.6567366123199463]","[-0.6529773473739624, -0.37233859300613403, -0.5365478992462158, -0.511330246925354]"
1161.0,2008-12-01T00:00:00.000000000,"[-0.722743034362793, -0.7887494564056396, -0.6567366123199463, -0.48071953654289246]","[-0.878037691116333, -1.154653549194336, -0.8386242389678955, -0.7017064690589905]"
1161.0,2009-03-01T00:00:00.000000000,"[-0.7887494564056396, -0.6567366123199463, -0.48071953654289246, -0.5247237682342529]","[-0.591992974281311, -0.47912341356277466, -0.5019853115081787, -0.256298303604126]"
1161.0,2009-06-01T00:00:00.000000000,"[-0.6567366123199463, -0.48071953654289246, -0.5247237682342529, -0.45871737599372864]","[-0.6161272525787354, -0.3029088079929352, -0.44593048095703125, -0.592390775680542]"
1161.0,2009-09-01T00:00:00.000000000,"[-0.48071953654289246, -0.5247237682342529, -0.45871737599372864, -0.39271095395088196]","[-0.605456531047821, -0.4799317717552185, -0.568273663520813, -0.39697104692459106]"
1161.0,2009-12-01T00:00:00.000000000,"[-0.5247237682342529, -0.45871737599372864, -0.39271095395088196, -0.4147131145000458]","[-0.47287243604660034, -0.6441985368728638, -0.5181063413619995, -0.44575250148773193]"
1161.0,2010-03-01T00:00:00.000000000,"[-0.45871737599372864, -0.39271095395088196, -0.4147131145000458, -0.5247237682342529]","[-0.547394871711731, -0.4353804290294647, -0.528866708278656, -0.32055404782295227]"
1161.0,2010-06-01T00:00:00.000000000,"[-0.39271095395088196, -0.4147131145000458, -0.5247237682342529, -0.5687280893325806]","[-0.6740687489509583, -0.5022399425506592, -0.3043277859687805, -0.5876935720443726]"
1161.0,2010-09-01T00:00:00.000000000,"[-0.4147131145000458, -0.5247237682342529, -0.5687280893325806, -0.5247237682342529]","[-0.5252300500869751, -0.46682271361351013, -0.5006263852119446, -0.418724000453949]"
1161.0,2010-12-01T00:00:00.000000000,"[-0.5247237682342529, -0.5687280893325806, -0.5247237682342529, -0.30470237135887146]","[-0.4299982190132141, -0.7157160639762878, -0.6185346245765686, -0.6236547827720642]"
1161.0,2011-03-01T00:00:00.000000000,"[-0.5687280893325806, -0.5247237682342529, -0.30470237135887146, 0.003327556187286973]","[-0.5930398106575012, -0.5272210836410522, -0.5263376832008362, -0.5889747142791748]"
1161.0,2011-06-01T00:00:00.000000000,"[-0.5247237682342529, -0.30470237135887146, 0.003327556187286973, -0.30470237135887146]","[-0.5301510095596313, -0.5003836154937744, -0.5294021964073181, -0.6237061023712158]"
1161.0,2011-09-01T00:00:00.000000000,"[-0.30470237135887146, 0.003327556187286973, -0.30470237135887146, -0.30470237135887146]","[-0.493552565574646, -0.5090959072113037, -0.549972653388977, -0.5913838744163513]"
1161.0,2011-12-01T00:00:00.000000000,"[0.003327556187286973, -0.30470237135887146, -0.30470237135887146, 0.20134682953357697]","[-0.500278115272522, -0.4969608783721924, -0.4851163923740387, -0.510862410068512]"
1161.0,2012-03-01T00:00:00.000000000,"[-0.30470237135887146, -0.30470237135887146, 0.20134682953357697, 0.44337034225463867]","[-0.42446649074554443, -0.3643811047077179, -0.3905031085014343, -0.4106544852256775]"
1161.0,2012-06-01T00:00:00.000000000,"[-0.30470237135887146, 0.20134682953357697, 0.44337034225463867, 0.44337034225463867]","[-0.4055546522140503, -0.42535707354545593, -0.4900357127189636, -0.6027284860610962]"
1161.0,2012-09-01T00:00:00.000000000,"[0.20134682953357697, 0.44337034225463867, 0.44337034225463867, 0.6853939294815063]","[-0.35274603962898254, -0.4055024981498718, -0.5030009150505066, -0.5296333432197571]"
1161.0,2012-12-01T00:00:00.000000000,"[0.44337034225463867, 0.44337034225463867, 0.6853939294815063, 0.9054153561592102]","[-0.062085866928100586, -0.2183932662010193, -0.2662782371044159, -0.22729980945587158]"
1161.0,2013-03-01T00:00:00.000000000,"[0.44337034225463867, 0.6853939294815063, 0.9054153561592102, 1.323456048965454]","[-0.03936767578125, -0.08803433179855347, -0.12364190816879272, -0.06574368476867676]"
1300.0,2006-06-01T00:00:00.000000000,"[2.335554361343384, 2.533573627471924, 2.4455649852752686, 2.4015607833862305]","[2.0470681190490723, 2.1419856548309326, 2.265846014022827, 1.9438340663909912]"
1300.0,2006-09-01T00:00:00.000000000,"[2.533573627471924, 2.4455649852752686, 2.4015607833862305, 2.621582269668579]","[2.305955410003662, 2.233572006225586, 2.0586297512054443, 2.2477381229400635]"
1300.0,2006-12-01T00:00:00.000000000,"[2.4455649852752686, 2.4015607833862305, 2.621582269668579, 2.819601535797119]","[2.462897777557373, 2.1386466026306152, 2.1467418670654297, 2.3035545349121094]"
1300.0,2007-03-01T00:00:00.000000000,"[2.4015607833862305, 2.621582269668579, 2.819601535797119, 2.775597333908081]","[2.0090625286102295, 2.1209261417388916, 2.1473140716552734, 2.211167573928833]"
1300.0,2007-06-01T00:00:00.000000000,"[2.621582269668579, 2.819601535797119, 2.775597333908081, 2.665586471557617]","[2.3106091022491455, 2.344057559967041, 2.4629504680633545, 2.1528613567352295]"
1300.0,2007-09-01T00:00:00.000000000,"[2.819601535797119, 2.775597333908081, 2.665586471557617, 2.9516141414642334]","[2.6142048835754395, 2.452277660369873, 2.2563271522521973, 2.4938154220581055]"
1300.0,2007-12-01T00:00:00.000000000,"[2.775597333908081, 2.665586471557617, 2.9516141414642334, 2.819601535797119]","[2.717357635498047, 2.35365629196167, 2.339836597442627, 2.541229248046875]"
1300.0,2008-03-01T00:00:00.000000000,"[2.665586471557617, 2.9516141414642334, 2.819601535797119, 3.127631425857544]","[2.2976527214050293, 2.3959875106811523, 2.4102675914764404, 2.444474697113037]"
1300.0,2008-06-01T00:00:00.000000000,"[2.9516141414642334, 2.819601535797119, 3.127631425857544, 2.9516141414642334]","[2.5491249561309814, 2.540095329284668, 2.668761968612671, 2.3319380283355713]"
1300.0,2008-09-01T00:00:00.000000000,"[2.819601535797119, 3.127631425857544, 2.9516141414642334, 3.259644031524658]","[2.8849587440490723, 2.7028822898864746, 2.4651246070861816, 2.7224647998809814]"
1300.0,2008-12-01T00:00:00.000000000,"[3.127631425857544, 2.9516141414642334, 3.259644031524658, 3.1496336460113525]","[2.84970760345459, 2.4625327587127686, 2.4597010612487793, 2.6641693115234375]"
1300.0,2009-03-01T00:00:00.000000000,"[2.9516141414642334, 3.259644031524658, 3.1496336460113525, 3.369654893875122]","[2.621260643005371, 2.7524147033691406, 2.739528179168701, 2.7888922691345215]"
1300.0,2009-06-01T00:00:00.000000000,"[3.259644031524658, 3.1496336460113525, 3.369654893875122, 3.5896763801574707]","[2.8898510932922363, 2.8934898376464844, 3.0877904891967773, 2.655515432357788]"
1300.0,2009-09-01T00:00:00.000000000,"[3.1496336460113525, 3.369654893875122, 3.5896763801574707, 3.8096976280212402]","[3.232208251953125, 3.0983760356903076, 2.8598761558532715, 3.017258644104004]"
1300.0,2009-12-01T00:00:00.000000000,"[3.369654893875122, 3.5896763801574707, 3.8096976280212402, 3.765693426132202]","[3.3317718505859375, 2.854032039642334, 2.8888370990753174, 3.0242276191711426]"
1300.0,2010-03-01T00:00:00.000000000,"[3.5896763801574707, 3.8096976280212402, 3.765693426132202, 3.5016677379608154]","[2.9997267723083496, 3.175724506378174, 3.176196575164795, 3.2121148109436035]"
1300.0,2010-06-01T00:00:00.000000000,"[3.8096976280212402, 3.765693426132202, 3.5016677379608154, 3.523669719696045]","[3.3184590339660645, 3.3910200595855713, 3.4366538524627686, 3.189854145050049]"
1300.0,2010-09-01T00:00:00.000000000,"[3.765693426132202, 3.5016677379608154, 3.523669719696045, 3.919708251953125]","[3.596872329711914, 3.574836015701294, 3.4190359115600586, 3.529284954071045]"
1300.0,2010-12-01T00:00:00.000000000,"[3.5016677379608154, 3.523669719696045, 3.919708251953125, 3.875704050064087]","[3.7063839435577393, 3.5056495666503906, 3.589846611022949, 3.5752501487731934]"
1300.0,2011-03-01T00:00:00.000000000,"[3.523669719696045, 3.919708251953125, 3.875704050064087, 3.831699848175049]","[3.329555034637451, 3.5327916145324707, 3.5538620948791504, 3.509979009628296]"
1300.0,2011-06-01T00:00:00.000000000,"[3.919708251953125, 3.875704050064087, 3.831699848175049, 4.161732196807861]","[3.562241315841675, 3.5765185356140137, 3.5868916511535645, 3.521791934967041]"
1300.0,2011-09-01T00:00:00.000000000,"[3.875704050064087, 3.831699848175049, 4.161732196807861, 2.071528673171997]","[3.712367534637451, 3.6925554275512695, 3.655515670776367, 3.7793872356414795]"
1300.0,2011-12-01T00:00:00.000000000,"[3.831699848175049, 4.161732196807861, 2.071528673171997, 2.7315926551818848]","[3.701594829559326, 3.700413465499878, 3.7760255336761475, 3.7839019298553467]"
1300.0,2012-03-01T00:00:00.000000000,"[4.161732196807861, 2.071528673171997, 2.7315926551818848, 3.8537018299102783]","[3.6663920879364014, 3.845444679260254, 3.8389647006988525, 3.7516584396362305]"
1300.0,2012-06-01T00:00:00.000000000,"[2.071528673171997, 2.7315926551818848, 3.8537018299102783, 3.523669719696045]","[4.13136625289917, 4.060500144958496, 3.9454283714294434, 3.9700441360473633]"
1300.0,2012-09-01T00:00:00.000000000,"[2.7315926551818848, 3.8537018299102783, 3.523669719696045, 3.7436912059783936]","[3.255171775817871, 3.057964324951172, 3.1545231342315674, 3.243555784225464]"
1300.0,2012-12-01T00:00:00.000000000,"[3.8537018299102783, 3.523669719696045, 3.7436912059783936, 3.7436912059783936]","[3.1592981815338135, 3.207237482070923, 3.258979082107544, 3.413179874420166]"
1300.0,2013-03-01T00:00:00.000000000,"[3.523669719696045, 3.7436912059783936, 3.7436912059783936, 3.8977060317993164]","[3.734494686126709, 3.7334070205688477, 3.765889883041382, 3.7979164123535156]"
1440.0,2006-06-01T00:00:00.000000000,"[1.0594303607940674, 1.5214751958847046, 0.35536178946495056, 2.115532875061035]","[1.4691582918167114, 1.5768836736679077, 1.1276836395263672, 1.479233741760254]"
1440.0,2006-09-01T00:00:00.000000000,"[1.5214751958847046, 0.35536178946495056, 2.115532875061035, 1.2354472875595093]","[1.5536996126174927, 0.7034757137298584, 1.3077752590179443, 1.1345100402832031]"
1440.0,2006-12-01T00:00:00.000000000,"[0.35536178946495056, 2.115532875061035, 1.2354472875595093, 1.6314857006072998]","[1.0598349571228027, 1.2397290468215942, 1.0980890989303589, 1.3285967111587524]"
1440.0,2007-03-01T00:00:00.000000000,"[2.115532875061035, 1.2354472875595093, 1.6314857006072998, 0.35536178946495056]","[0.7598311901092529, 0.573798418045044, 1.4812824726104736, 0.6293462514877319]"
1440.0,2007-06-01T00:00:00.000000000,"[1.2354472875595093, 1.6314857006072998, 0.35536178946495056, 1.5434772968292236]","[1.4990944862365723, 1.8032280206680298, 1.189254641532898, 1.5208706855773926]"
1440.0,2007-09-01T00:00:00.000000000,"[1.6314857006072998, 0.35536178946495056, 1.5434772968292236, 1.3894624710083008]","[1.894095778465271, 0.8386954069137573, 1.2391555309295654, 1.2541193962097168]"
1440.0,2007-12-01T00:00:00.000000000,"[0.35536178946495056, 1.5434772968292236, 1.3894624710083008, 2.1595370769500732]","[1.1091066598892212, 1.1969515085220337, 1.262959361076355, 1.5185601711273193]"
1440.0,2008-03-01T00:00:00.000000000,"[1.5434772968292236, 1.3894624710083008, 2.1595370769500732, 0.7734025120735168]","[0.6621844172477722, 0.652040958404541, 1.6146724224090576, 0.5427545309066772]"
1440.0,2008-06-01T00:00:00.000000000,"[1.3894624710083008, 2.1595370769500732, 0.7734025120735168, 1.4114645719528198]","[1.3892720937728882, 1.4962502717971802, 1.0758545398712158, 1.4603865146636963]"
1440.0,2008-09-01T00:00:00.000000000,"[2.1595370769500732, 0.7734025120735168, 1.4114645719528198, 0.9494196176528931]","[1.7030136585235596, 0.8733551502227783, 1.2928462028503418, 1.2565733194351196]"
1440.0,2008-12-01T00:00:00.000000000,"[0.7734025120735168, 1.4114645719528198, 0.9494196176528931, 1.7194944620132446]","[1.3030242919921875, 1.5214606523513794, 1.4883744716644287, 1.6477160453796387]"
1440.0,2009-03-01T00:00:00.000000000,"[1.4114645719528198, 0.9494196176528931, 1.7194944620132446, 1.1694409847259521]","[0.8731648921966553, 0.8192577958106995, 1.6414823532104492, 0.7200570106506348]"
1440.0,2009-06-01T00:00:00.000000000,"[0.9494196176528931, 1.7194944620132446, 1.1694409847259521, 1.4114645719528198]","[1.570297360420227, 1.6505039930343628, 1.118466854095459, 1.496756911277771]"
1440.0,2009-09-01T00:00:00.000000000,"[1.7194944620132446, 1.1694409847259521, 1.4114645719528198, 1.5214751958847046]","[1.8673069477081299, 0.8807048201560974, 1.2580056190490723, 1.286659598350525]"
1440.0,2009-12-01T00:00:00.000000000,"[1.1694409847259521, 1.4114645719528198, 1.5214751958847046, 2.071528673171997]","[1.179093837738037, 1.2471709251403809, 1.3063503503799438, 1.5482792854309082]"
1440.0,2010-03-01T00:00:00.000000000,"[1.4114645719528198, 1.5214751958847046, 2.071528673171997, 0.8834132552146912]","[0.9862495064735413, 0.9659150838851929, 1.907740592956543, 0.7955760955810547]"
1440.0,2010-06-01T00:00:00.000000000,"[1.5214751958847046, 2.071528673171997, 0.8834132552146912, 1.9175138473510742]","[1.5852786302566528, 1.8031960725784302, 1.210970163345337, 1.4827113151550293]"
1440.0,2010-09-01T00:00:00.000000000,"[2.071528673171997, 0.8834132552146912, 1.9175138473510742, 1.499472975730896]","[2.0309979915618896, 1.0308340787887573, 1.3412493467330933, 1.432913064956665]"
1440.0,2010-12-01T00:00:00.000000000,"[0.8834132552146912, 1.9175138473510742, 1.499472975730896, 2.5115716457366943]","[1.2162888050079346, 1.2656186819076538, 1.3758010864257812, 1.6500627994537354]"
1440.0,2011-03-01T00:00:00.000000000,"[1.9175138473510742, 1.499472975730896, 2.5115716457366943, 0.6193875670433044]","[0.9262404441833496, 1.0036107301712036, 2.05373477935791, 0.734305202960968]"
1440.0,2011-06-01T00:00:00.000000000,"[1.499472975730896, 2.5115716457366943, 0.6193875670433044, 1.5434772968292236]","[1.8042590618133545, 2.0018856525421143, 1.4267489910125732, 1.7448511123657227]"
1440.0,2011-09-01T00:00:00.000000000,"[2.5115716457366943, 0.6193875670433044, 1.5434772968292236, 1.6754902601242065]","[2.091001033782959, 1.05976140499115, 1.4626585245132446, 1.482905626296997]"
1440.0,2011-12-01T00:00:00.000000000,"[0.6193875670433044, 1.5434772968292236, 1.6754902601242065, 2.533573627471924]","[1.3927024602890015, 1.536694884300232, 1.6025469303131104, 1.8754961490631104]"
1440.0,2012-03-01T00:00:00.000000000,"[1.5434772968292236, 1.6754902601242065, 2.533573627471924, 1.2134451866149902]","[0.9511477947235107, 0.9952085018157959, 2.123358726501465, 0.7784917950630188]"
1440.0,2012-06-01T00:00:00.000000000,"[1.6754902601242065, 2.533573627471924, 1.2134451866149902, 1.8295050859451294]","[1.7390363216400146, 1.9804410934448242, 1.38825523853302, 1.7093145847320557]"
1440.0,2012-09-01T00:00:00.000000000,"[2.533573627471924, 1.2134451866149902, 1.8295050859451294, 1.8955113887786865]","[2.2878031730651855, 1.1291372776031494, 1.5295701026916504, 1.6039808988571167]"
1440.0,2012-12-01T00:00:00.000000000,"[1.2134451866149902, 1.8295050859451294, 1.8955113887786865, 2.4455649852752686]","[1.5085604190826416, 1.7143646478652954, 1.8173294067382812, 2.0471086502075195]"
1440.0,2013-03-01T00:00:00.000000000,"[1.8295050859451294, 1.8955113887786865, 2.4455649852752686, 1.455468773841858]","[1.2679506540298462, 1.343778371810913, 2.461280107498169, 1.0600332021713257]"
1447.0,2006-06-01T00:00:00.000000000,"[2.335554361343384, 2.379558563232422, 1.9835201501846313, 2.5555758476257324]","[1.967376470565796, 1.6810907125473022, 1.4509453773498535, 1.6397883892059326]"
1447.0,2006-09-01T00:00:00.000000000,"[2.379558563232422, 1.9835201501846313, 2.5555758476257324, 2.42356276512146]","[2.1629281044006348, 1.8628647327423096, 1.8125135898590088, 1.934261441230774]"
1447.0,2006-12-01T00:00:00.000000000,"[1.9835201501846313, 2.5555758476257324, 2.42356276512146, 2.027524471282959]","[1.903153657913208, 1.9830975532531738, 1.8518913984298706, 1.9636099338531494]"
1447.0,2007-03-01T00:00:00.000000000,"[2.5555758476257324, 2.42356276512146, 2.027524471282959, 2.0055222511291504]","[1.9739434719085693, 1.8796625137329102, 1.8605014085769653, 1.7013014554977417]"
1447.0,2007-06-01T00:00:00.000000000,"[2.42356276512146, 2.027524471282959, 2.0055222511291504, 2.4455649852752686]","[2.2041704654693604, 2.008593797683716, 1.7174456119537354, 1.9681432247161865]"
1447.0,2007-09-01T00:00:00.000000000,"[2.027524471282959, 2.0055222511291504, 2.4455649852752686, 3.919708251953125]","[2.33425235748291, 2.0477213859558105, 2.06046462059021, 2.105349063873291]"
1447.0,2007-12-01T00:00:00.000000000,"[2.0055222511291504, 2.4455649852752686, 3.919708251953125, 1.9395159482955933]","[1.877272367477417, 2.032705068588257, 1.8946834802627563, 1.9598731994628906]"
1447.0,2008-03-01T00:00:00.000000000,"[2.4455649852752686, 3.919708251953125, 1.9395159482955933, 1.2354472875595093]","[2.13779878616333, 2.0000669956207275, 2.094912528991699, 1.94658362865448]"
1447.0,2008-06-01T00:00:00.000000000,"[3.919708251953125, 1.9395159482955933, 1.2354472875595093, 2.2475459575653076]","[2.260719060897827, 2.1311142444610596, 1.9157054424285889, 2.138091564178467]"
1447.0,2008-09-01T00:00:00.000000000,"[1.9395159482955933, 1.2354472875595093, 2.2475459575653076, 2.533573627471924]","[3.164236545562744, 2.8473000526428223, 2.979367971420288, 3.0231852531433105]"
1447.0,2008-12-01T00:00:00.000000000,"[1.2354472875595093, 2.2475459575653076, 2.533573627471924, 2.5995800495147705]","[2.1403791904449463, 2.439690113067627, 2.4899139404296875, 2.348381996154785]"
1447.0,2009-03-01T00:00:00.000000000,"[2.2475459575653076, 2.533573627471924, 2.5995800495147705, 2.775597333908081]","[2.1407992839813232, 2.0852973461151123, 2.1846022605895996, 1.9558215141296387]"
1447.0,2009-06-01T00:00:00.000000000,"[2.533573627471924, 2.5995800495147705, 2.775597333908081, 3.3916571140289307]","[2.4374992847442627, 2.1402363777160645, 1.9670156240463257, 2.2572708129882812]"
1447.0,2009-09-01T00:00:00.000000000,"[2.5995800495147705, 2.775597333908081, 3.3916571140289307, 3.3476529121398926]","[2.4027299880981445, 2.429741382598877, 2.6041016578674316, 2.646221160888672]"
1447.0,2009-12-01T00:00:00.000000000,"[2.775597333908081, 3.3916571140289307, 3.3476529121398926, 3.4356613159179688]","[2.3169617652893066, 2.814896583557129, 2.758859157562256, 2.66326904296875]"
1447.0,2010-03-01T00:00:00.000000000,"[3.3916571140289307, 3.3476529121398926, 3.4356613159179688, 3.127631425857544]","[2.4402740001678467, 2.5877699851989746, 2.591789722442627, 2.4450080394744873]"
1447.0,2010-06-01T00:00:00.000000000,"[3.3476529121398926, 3.4356613159179688, 3.127631425857544, 3.721689224243164]","[2.5525238513946533, 2.5122783184051514, 2.6283621788024902, 2.7364609241485596]"
1447.0,2010-09-01T00:00:00.000000000,"[3.4356613159179688, 3.127631425857544, 3.721689224243164, 3.8537018299102783]","[2.7849206924438477, 2.989398956298828, 3.1720166206359863, 3.285950183868408]"
1447.0,2010-12-01T00:00:00.000000000,"[3.127631425857544, 3.721689224243164, 3.8537018299102783, 3.875704050064087]","[2.7835309505462646, 3.4603819847106934, 3.7532286643981934, 3.1864700317382812]"
1447.0,2011-03-01T00:00:00.000000000,"[3.721689224243164, 3.8537018299102783, 3.875704050064087, 3.765693426132202]","[3.176271915435791, 3.2930233478546143, 3.068753957748413, 3.0263140201568604]"
1447.0,2011-06-01T00:00:00.000000000,"[3.8537018299102783, 3.875704050064087, 3.765693426132202, 0.20134682953357697]","[3.7645320892333984, 3.4012160301208496, 3.259904384613037, 3.5600314140319824]"
1447.0,2011-09-01T00:00:00.000000000,"[3.875704050064087, 3.765693426132202, 0.20134682953357697, -0.06267886608839035]","[3.3760902881622314, 3.2279181480407715, 3.4567675590515137, 3.700071334838867]"
1447.0,2011-12-01T00:00:00.000000000,"[3.765693426132202, 0.20134682953357697, -0.06267886608839035, 2.1595370769500732]","[3.23585844039917, 3.721529006958008, 4.167382717132568, 3.4682412147521973]"
1447.0,2012-03-01T00:00:00.000000000,"[0.20134682953357697, -0.06267886608839035, 2.1595370769500732, 3.171635627746582]","[3.888920307159424, 4.0093793869018555, 3.6132280826568604, 3.4096803665161133]"
1447.0,2012-06-01T00:00:00.000000000,"[-0.06267886608839035, 2.1595370769500732, 3.171635627746582, 5.327845573425293]","[2.0658469200134277, 1.5702663660049438, 2.0237600803375244, 2.194725751876831]"
1447.0,2012-09-01T00:00:00.000000000,"[2.1595370769500732, 3.171635627746582, 5.327845573425293, 5.459857940673828]","[1.1578134298324585, 1.121936321258545, 1.3265361785888672, 1.824764609336853]"
1447.0,2012-12-01T00:00:00.000000000,"[3.171635627746582, 5.327845573425293, 5.459857940673828, 4.2937445640563965]","[2.231009006500244, 2.0728888511657715, 2.7617745399475098, 2.978395462036133]"
1447.0,2013-03-01T00:00:00.000000000,"[5.327845573425293, 5.459857940673828, 4.2937445640563965, 4.0957255363464355]","[2.731682300567627, 3.0912399291992188, 3.240246295928955, 3.2977495193481445]"
1602.0,2006-06-01T00:00:00.000000000,"[4.513765811920166, 4.359751224517822, 4.051721572875977, 4.755789756774902]","[3.720170021057129, 3.3417866230010986, 3.0781617164611816, 3.3771402835845947]"
1602.0,2006-09-01T00:00:00.000000000,"[4.359751224517822, 4.051721572875977, 4.755789756774902, 4.953808784484863]","[4.049885272979736, 3.5635898113250732, 3.700805425643921, 4.018825054168701]"
1602.0,2006-12-01T00:00:00.000000000,"[4.051721572875977, 4.755789756774902, 4.953808784484863, 5.283841133117676]","[3.3545799255371094, 3.7357594966888428, 4.177234172821045, 3.9010541439056396]"
1602.0,2007-03-01T00:00:00.000000000,"[4.755789756774902, 4.953808784484863, 5.283841133117676, 5.0418171882629395]","[3.9151527881622314, 4.298698425292969, 4.244097709655762, 3.393446207046509]"
1602.0,2007-06-01T00:00:00.000000000,"[4.953808784484863, 5.283841133117676, 5.0418171882629395, 5.679879665374756]","[4.745831489562988, 4.212233543395996, 3.822004795074463, 4.177309036254883]"
1602.0,2007-09-01T00:00:00.000000000,"[5.283841133117676, 5.0418171882629395, 5.679879665374756, 5.5478668212890625]","[4.70052433013916, 4.0196332931518555, 4.2432379722595215, 4.560172080993652]"
1602.0,2007-12-01T00:00:00.000000000,"[5.0418171882629395, 5.679879665374756, 5.5478668212890625, 5.943905353546143]","[4.221081733703613, 4.590182781219482, 4.900188446044922, 4.7228899002075195]"
1602.0,2008-03-01T00:00:00.000000000,"[5.679879665374756, 5.5478668212890625, 5.943905353546143, 5.6578779220581055]","[4.942140102386475, 5.130746841430664, 5.025457382202148, 4.273386478424072]"
1602.0,2008-06-01T00:00:00.000000000,"[5.5478668212890625, 5.943905353546143, 5.6578779220581055, 6.229933261871338]","[5.642948150634766, 5.126282691955566, 4.698307991027832, 5.007843017578125]"
1602.0,2008-09-01T00:00:00.000000000,"[5.943905353546143, 5.6578779220581055, 6.229933261871338, 6.493958950042725]","[5.494607925415039, 4.696593284606934, 4.880901336669922, 5.233682632446289]"
1602.0,2008-12-01T00:00:00.000000000,"[5.6578779220581055, 6.229933261871338, 6.493958950042725, 6.493958950042725]","[5.042673587799072, 5.307760238647461, 5.468491554260254, 5.556790828704834]"
1602.0,2009-03-01T00:00:00.000000000,"[6.229933261871338, 6.493958950042725, 6.493958950042725, 5.6578779220581055]","[5.663016319274902, 5.70848274230957, 5.850121021270752, 5.177504539489746]"
1602.0,2009-06-01T00:00:00.000000000,"[6.493958950042725, 6.493958950042725, 5.6578779220581055, 6.934001922607422]","[6.292547225952148, 5.893187522888184, 5.52346134185791, 5.839707374572754]"
1602.0,2009-09-01T00:00:00.000000000,"[6.493958950042725, 5.6578779220581055, 6.934001922607422, 7.726078510284424]","[6.455695152282715, 5.526054382324219, 5.617404937744141, 6.048656940460205]"
1602.0,2009-12-01T00:00:00.000000000,"[5.6578779220581055, 6.934001922607422, 7.726078510284424, 7.418048858642578]","[5.765453815460205, 5.996223449707031, 6.1408281326293945, 6.270769119262695]"
1602.0,2010-03-01T00:00:00.000000000,"[6.934001922607422, 7.726078510284424, 7.418048858642578, 6.823991298675537]","[5.992368698120117, 6.165225028991699, 6.439867973327637, 5.668458461761475]"
1602.0,2010-06-01T00:00:00.000000000,"[7.726078510284424, 7.418048858642578, 6.823991298675537, 7.132020950317383]","[7.0104169845581055, 6.538100719451904, 6.0631866455078125, 6.589323043823242]"
1602.0,2010-09-01T00:00:00.000000000,"[7.418048858642578, 6.823991298675537, 7.132020950317383, 8.034109115600586]","[7.478411674499512, 6.515945911407471, 6.712692737579346, 7.0554046630859375]"
1602.0,2010-12-01T00:00:00.000000000,"[6.823991298675537, 7.132020950317383, 8.034109115600586, 7.3520426750183105]","[6.525691986083984, 7.075824737548828, 7.294008255004883, 7.078433036804199]"
1602.0,2011-03-01T00:00:00.000000000,"[7.132020950317383, 8.034109115600586, 7.3520426750183105, 7.308038234710693]","[7.104849815368652, 7.122590065002441, 7.013494491577148, 6.7105889320373535]"
1602.0,2011-06-01T00:00:00.000000000,"[8.034109115600586, 7.3520426750183105, 7.308038234710693, 8.474151611328125]","[7.657235622406006, 6.952010154724121, 6.558630466461182, 7.088335990905762]"
1602.0,2011-09-01T00:00:00.000000000,"[7.3520426750183105, 7.308038234710693, 8.474151611328125, 8.650168418884277]","[7.919076442718506, 7.22128438949585, 7.381242752075195, 7.687274932861328]"
1602.0,2011-12-01T00:00:00.000000000,"[7.308038234710693, 8.474151611328125, 8.650168418884277, 8.914194107055664]","[6.954710006713867, 7.4767961502075195, 7.625322341918945, 7.4785966873168945]"
1602.0,2012-03-01T00:00:00.000000000,"[8.474151611328125, 8.650168418884277, 8.914194107055664, 7.682074069976807]","[7.61266565322876, 7.851175785064697, 7.643050193786621, 7.238903522491455]"
1602.0,2012-06-01T00:00:00.000000000,"[8.650168418884277, 8.914194107055664, 7.682074069976807, 7.440051078796387]","[8.466480255126953, 7.799235820770264, 7.403598785400391, 7.914419651031494]"
1602.0,2012-09-01T00:00:00.000000000,"[8.914194107055664, 7.682074069976807, 7.440051078796387, 8.936196327209473]","[8.329622268676758, 7.837443828582764, 8.098669052124023, 8.324953079223633]"
1602.0,2012-12-01T00:00:00.000000000,"[7.682074069976807, 7.440051078796387, 8.936196327209473, 9.574258804321289]","[7.778585433959961, 8.589320182800293, 8.702905654907227, 8.483169555664062]"
1602.0,2013-03-01T00:00:00.000000000,"[7.440051078796387, 8.936196327209473, 9.574258804321289, 8.892192840576172]","[8.15145492553711, 8.347638130187988, 8.145576477050781, 7.728208541870117]"
1632.0,2006-06-01T00:00:00.000000000,"[0.5973852872848511, 0.6853939294815063, 0.8174067735671997, 0.6853939294815063]","[0.48866820335388184, 0.5814472436904907, 0.6363765001296997, 0.47818607091903687]"
1632.0,2006-09-01T00:00:00.000000000,"[0.6853939294815063, 0.8174067735671997, 0.6853939294815063, 0.9054153561592102]","[0.544547438621521, 0.5188970565795898, 0.4867527186870575, 0.6143050193786621]"
1632.0,2006-12-01T00:00:00.000000000,"[0.8174067735671997, 0.6853939294815063, 0.9054153561592102, 0.9934238195419312]","[0.5822285413742065, 0.5097265243530273, 0.5427557229995728, 0.6467529535293579]"
1632.0,2007-03-01T00:00:00.000000000,"[0.6853939294815063, 0.9054153561592102, 0.9934238195419312, 1.5654793977737427]","[0.5668492913246155, 0.717302143573761, 0.7509609460830688, 0.7574019432067871]"
1632.0,2007-06-01T00:00:00.000000000,"[0.9054153561592102, 0.9934238195419312, 1.5654793977737427, 0.5313789248466492]","[0.6346006393432617, 0.7042487263679504, 0.7138142585754395, 0.5698187351226807]"
1632.0,2007-09-01T00:00:00.000000000,"[0.9934238195419312, 1.5654793977737427, 0.5313789248466492, 0.7073960304260254]","[0.7732177972793579, 0.6716112494468689, 0.6074095368385315, 0.7114934921264648]"
1632.0,2007-12-01T00:00:00.000000000,"[1.5654793977737427, 0.5313789248466492, 0.7073960304260254, 1.103434681892395]","[0.8739752769470215, 0.7664050459861755, 0.7777801752090454, 0.8576031923294067]"
1632.0,2008-03-01T00:00:00.000000000,"[0.5313789248466492, 0.7073960304260254, 1.103434681892395, 1.6094835996627808]","[1.0113565921783447, 1.093765377998352, 1.116391658782959, 1.2054845094680786]"
1632.0,2008-06-01T00:00:00.000000000,"[0.7073960304260254, 1.103434681892395, 1.6094835996627808, 1.3674603700637817]","[0.7256729602813721, 0.8196775913238525, 0.96974778175354, 0.5915043354034424]"
1632.0,2008-09-01T00:00:00.000000000,"[1.103434681892395, 1.6094835996627808, 1.3674603700637817, 1.5654793977737427]","[0.8294453620910645, 0.7081169486045837, 0.5396410822868347, 0.7518792152404785]"
1632.0,2008-12-01T00:00:00.000000000,"[1.6094835996627808, 1.3674603700637817, 1.5654793977737427, 2.071528673171997]","[1.1147184371948242, 0.7673207521438599, 0.7742868661880493, 0.9700697064399719]"
1632.0,2009-03-01T00:00:00.000000000,"[1.3674603700637817, 1.5654793977737427, 2.071528673171997, 2.4895694255828857]","[0.9389113187789917, 1.1610634326934814, 1.2234082221984863, 1.3676509857177734]"
1632.0,2009-06-01T00:00:00.000000000,"[1.5654793977737427, 2.071528673171997, 2.4895694255828857, 2.42356276512146]","[1.098951816558838, 1.3498820066452026, 1.611079454421997, 1.0418972969055176]"
1632.0,2009-09-01T00:00:00.000000000,"[2.071528673171997, 2.4895694255828857, 2.42356276512146, 2.4895694255828857]","[1.4303090572357178, 1.3815823793411255, 1.0542914867401123, 1.142838954925537]"
1632.0,2009-12-01T00:00:00.000000000,"[2.4895694255828857, 2.42356276512146, 2.4895694255828857, 2.665586471557617]","[2.000281572341919, 1.4043669700622559, 1.3570442199707031, 1.5694807767868042]"
1632.0,2010-03-01T00:00:00.000000000,"[2.42356276512146, 2.4895694255828857, 2.665586471557617, 2.7095906734466553]","[1.6501262187957764, 1.7564934492111206, 1.774337887763977, 1.953294277191162]"
1632.0,2010-06-01T00:00:00.000000000,"[2.4895694255828857, 2.665586471557617, 2.7095906734466553, 2.225543737411499]","[1.807878017425537, 1.9644057750701904, 2.0929160118103027, 1.7333121299743652]"
1632.0,2010-09-01T00:00:00.000000000,"[2.665586471557617, 2.7095906734466553, 2.225543737411499, 2.2915501594543457]","[2.097534656524658, 1.930824637413025, 1.7002630233764648, 1.8750402927398682]"
1632.0,2010-12-01T00:00:00.000000000,"[2.7095906734466553, 2.225543737411499, 2.2915501594543457, 2.071528673171997]","[2.298661470413208, 1.7232446670532227, 1.7382762432098389, 2.0058209896087646]"
1632.0,2011-03-01T00:00:00.000000000,"[2.225543737411499, 2.2915501594543457, 2.071528673171997, 1.9175138473510742]","[1.9608492851257324, 1.9012256860733032, 2.0085973739624023, 2.1558213233947754]"
1632.0,2011-06-01T00:00:00.000000000,"[2.2915501594543457, 2.071528673171997, 1.9175138473510742, 1.5654793977737427]","[2.0149548053741455, 2.139249563217163, 2.3812100887298584, 1.6818745136260986]"
1632.0,2011-09-01T00:00:00.000000000,"[2.071528673171997, 1.9175138473510742, 1.5654793977737427, 1.6754902601242065]","[2.407650947570801, 2.244980812072754, 1.7749671936035156, 1.813457727432251]"
1632.0,2011-12-01T00:00:00.000000000,"[1.9175138473510742, 1.5654793977737427, 1.6754902601242065, 2.2915501594543457]","[2.433523178100586, 1.7582403421401978, 1.688482642173767, 1.9151358604431152]"
1632.0,2012-03-01T00:00:00.000000000,"[1.5654793977737427, 1.6754902601242065, 2.2915501594543457, 2.4675674438476562]","[1.8956313133239746, 1.9499988555908203, 1.9728375673294067, 2.070369005203247]"
1632.0,2012-06-01T00:00:00.000000000,"[1.6754902601242065, 2.2915501594543457, 2.4675674438476562, 2.4675674438476562]","[1.9310674667358398, 2.0103037357330322, 2.1924421787261963, 1.7993907928466797]"
1632.0,2012-09-01T00:00:00.000000000,"[2.2915501594543457, 2.4675674438476562, 2.4675674438476562, 2.6875884532928467]","[2.0833740234375, 1.9932059049606323, 1.835958480834961, 1.9498811960220337]"
1632.0,2012-12-01T00:00:00.000000000,"[2.4675674438476562, 2.4675674438476562, 2.6875884532928467, 3.083627223968506]","[2.442049980163574, 2.068197727203369, 2.1327779293060303, 2.2978343963623047]"
1632.0,2013-03-01T00:00:00.000000000,"[2.4675674438476562, 2.6875884532928467, 3.083627223968506, 3.1056292057037354]","[2.0161659717559814, 2.2198526859283447, 2.423318386077881, 2.519925355911255]"
1690.0,2006-06-01T00:00:00.000000000,"[0.003327556187286973, 0.08033503592014313, 0.9824227690696716, 0.5808836817741394]","[0.13356932997703552, 0.19362738728523254, 0.36861923336982727, 0.1750335991382599]"
1690.0,2006-09-01T00:00:00.000000000,"[0.08033503592014313, 0.9824227690696716, 0.5808836817741394, 0.31685808300971985]","[0.11008286476135254, 0.2681046426296234, 0.20157131552696228, 0.05812650918960571]"
1690.0,2006-12-01T00:00:00.000000000,"[0.9824227690696716, 0.5808836817741394, 0.31685808300971985, 0.37736397981643677]","[0.29764342308044434, 0.12082535028457642, 0.06329715251922607, 0.1277904510498047]"
1690.0,2007-03-01T00:00:00.000000000,"[0.5808836817741394, 0.31685808300971985, 0.37736397981643677, 1.103434681892395]","[0.6145479679107666, 0.48783957958221436, 0.4676549434661865, 0.6638655662536621]"
1690.0,2007-06-01T00:00:00.000000000,"[0.31685808300971985, 0.37736397981643677, 1.103434681892395, 0.34436073899269104]","[0.36375027894973755, 0.5156693458557129, 0.8125727772712708, 0.47004908323287964]"
1690.0,2007-09-01T00:00:00.000000000,"[0.37736397981643677, 1.103434681892395, 0.34436073899269104, 0.08033503592014313]","[0.3471459150314331, 0.5922808051109314, 0.47148364782333374, 0.27596962451934814]"
1690.0,2007-12-01T00:00:00.000000000,"[1.103434681892395, 0.34436073899269104, 0.08033503592014313, 0.21784842014312744]","[0.6211572885513306, 0.31466343998908997, 0.2446593940258026, 0.34765130281448364]"
1690.0,2008-03-01T00:00:00.000000000,"[0.34436073899269104, 0.08033503592014313, 0.21784842014312744, 1.147438883781433]","[0.8258609175682068, 0.6478325128555298, 0.64405757188797, 0.8783182501792908]"
1690.0,2008-06-01T00:00:00.000000000,"[0.08033503592014313, 0.21784842014312744, 1.147438883781433, 0.4543713927268982]","[0.3826407492160797, 0.5846307277679443, 0.9369147419929504, 0.5244562029838562]"
1690.0,2008-09-01T00:00:00.000000000,"[0.21784842014312744, 1.147438883781433, 0.4543713927268982, 0.21784842014312744]","[0.33314216136932373, 0.6232534646987915, 0.4149150252342224, 0.3020859360694885]"
1690.0,2008-12-01T00:00:00.000000000,"[1.147438883781433, 0.4543713927268982, 0.21784842014312744, 0.4378698170185089]","[0.6625222563743591, 0.28297799825668335, 0.18035559356212616, 0.31017839908599854]"
1690.0,2009-03-01T00:00:00.000000000,"[0.4543713927268982, 0.21784842014312744, 0.4378698170185089, 1.4389673471450806]","[0.7367734313011169, 0.6330816745758057, 0.6727723479270935, 0.9138342142105103]"
1690.0,2009-06-01T00:00:00.000000000,"[0.21784842014312744, 0.4378698170185089, 1.4389673471450806, 0.800905168056488]","[0.4200156033039093, 0.7170014977455139, 1.113351821899414, 0.6275292634963989]"
1690.0,2009-09-01T00:00:00.000000000,"[0.4378698170185089, 1.4389673471450806, 0.800905168056488, 0.5863842368125916]","[0.46622464060783386, 0.879427969455719, 0.5818782448768616, 0.38906633853912354]"
1690.0,2009-12-01T00:00:00.000000000,"[1.4389673471450806, 0.800905168056488, 0.5863842368125916, 0.8999148011207581]","[0.8671305179595947, 0.46935099363327026, 0.3488246500492096, 0.4515123963356018]"
1690.0,2010-03-01T00:00:00.000000000,"[0.800905168056488, 0.5863842368125916, 0.8999148011207581, 1.598482608795166]","[0.8375555276870728, 0.7506697773933411, 0.831935703754425, 1.133854866027832]"
1690.0,2010-06-01T00:00:00.000000000,"[0.5863842368125916, 0.8999148011207581, 1.598482608795166, 0.652390718460083]","[0.5335100889205933, 0.8986110687255859, 1.4305052757263184, 0.7900112867355347]"
1690.0,2010-09-01T00:00:00.000000000,"[0.8999148011207581, 1.598482608795166, 0.652390718460083, 0.4983757734298706]","[0.7613062858581543, 1.3335787057876587, 0.9640341997146606, 0.5873563289642334]"
1690.0,2010-12-01T00:00:00.000000000,"[1.598482608795166, 0.652390718460083, 0.4983757734298706, 0.96592116355896]","[1.3334217071533203, 0.8267694711685181, 0.6924291849136353, 0.8124635815620422]"
1690.0,2011-03-01T00:00:00.000000000,"[0.652390718460083, 0.4983757734298706, 0.96592116355896, 2.0440258979797363]","[0.9996604323387146, 0.844059407711029, 1.0087499618530273, 1.3797829151153564]"
1690.0,2011-06-01T00:00:00.000000000,"[0.4983757734298706, 0.96592116355896, 2.0440258979797363, 0.7018954753875732]","[0.53823322057724, 0.8871912360191345, 1.6320173740386963, 0.796928882598877]"
1690.0,2011-09-01T00:00:00.000000000,"[0.96592116355896, 2.0440258979797363, 0.7018954753875732, 0.7183970808982849]","[0.7556224465370178, 1.4171130657196045, 0.8895695209503174, 0.47922268509864807]"
1690.0,2011-12-01T00:00:00.000000000,"[2.0440258979797363, 0.7018954753875732, 0.7183970808982849, 0.9054153561592102]","[1.5695174932479858, 1.0108444690704346, 0.8052438497543335, 0.900992214679718]"
1690.0,2012-03-01T00:00:00.000000000,"[0.7018954753875732, 0.7183970808982849, 0.9054153561592102, 2.9956183433532715]","[1.0493521690368652, 0.8676751852035522, 1.1269400119781494, 1.6110504865646362]"
1690.0,2012-06-01T00:00:00.000000000,"[0.7183970808982849, 0.9054153561592102, 2.9956183433532715, 2.379558563232422]","[0.5103309750556946, 0.8303642868995667, 1.9015461206436157, 0.7546229958534241]"
1690.0,2012-09-01T00:00:00.000000000,"[0.9054153561592102, 2.9956183433532715, 2.379558563232422, 2.1595370769500732]","[0.8486902713775635, 1.702926754951477, 1.0619487762451172, 0.45031434297561646]"
1690.0,2012-12-01T00:00:00.000000000,"[2.9956183433532715, 2.379558563232422, 2.1595370769500732, 2.027524471282959]","[1.8955743312835693, 1.1328574419021606, 0.742346465587616, 0.8188323974609375]"
1690.0,2013-03-01T00:00:00.000000000,"[2.379558563232422, 2.1595370769500732, 2.027524471282959, 3.919708251953125]","[1.4713129997253418, 1.1839361190795898, 1.5224342346191406, 2.0980544090270996]"
1704.0,2006-06-01T00:00:00.000000000,"[-0.08468098938465118, -0.08468098938465118, -0.10668310523033142, -0.10668310523033142]","[-0.19655902683734894, -0.2132905125617981, -0.2154656946659088, -0.18984101712703705]"
1704.0,2006-09-01T00:00:00.000000000,"[-0.08468098938465118, -0.10668310523033142, -0.10668310523033142, -0.06267886608839035]","[-0.16469106078147888, -0.16375499963760376, -0.18853065371513367, -0.10625094175338745]"
1704.0,2006-12-01T00:00:00.000000000,"[-0.10668310523033142, -0.10668310523033142, -0.06267886608839035, 0.025329740718007088]","[-0.15603822469711304, -0.14399977028369904, -0.13173907995224, -0.05623313784599304]"
1704.0,2007-03-01T00:00:00.000000000,"[-0.10668310523033142, -0.06267886608839035, 0.025329740718007088, -0.06267886608839035]","[-0.13161328434944153, -0.09337395429611206, -0.1003609448671341, -0.07815611362457275]"
1704.0,2007-06-01T00:00:00.000000000,"[-0.06267886608839035, 0.025329740718007088, -0.06267886608839035, -0.12868529558181763]","[-0.1122472956776619, -0.07731109857559204, -0.0789339691400528, -0.09564332664012909]"
1704.0,2007-09-01T00:00:00.000000000,"[0.025329740718007088, -0.06267886608839035, -0.12868529558181763, 0.047331858426332474]","[-0.05981479585170746, -0.053163230419158936, -0.07510475814342499, -0.05116391181945801]"
1704.0,2007-12-01T00:00:00.000000000,"[-0.06267886608839035, -0.12868529558181763, 0.047331858426332474, 0.3993660807609558]","[-0.061917200684547424, -0.03763255476951599, -0.01960735023021698, -0.0012433528900146484]"
1704.0,2008-03-01T00:00:00.000000000,"[-0.12868529558181763, 0.047331858426332474, 0.3993660807609558, 0.7514004111289978]","[-0.07221575081348419, -0.012098655104637146, -0.003060653805732727, -0.0488208532333374]"
1704.0,2008-06-01T00:00:00.000000000,"[0.047331858426332474, 0.3993660807609558, 0.7514004111289978, 0.7734025120735168]","[-0.0779951959848404, -0.035734742879867554, -0.030818819999694824, -0.07312051951885223]"
1704.0,2008-09-01T00:00:00.000000000,"[0.3993660807609558, 0.7514004111289978, 0.7734025120735168, 1.0374282598495483]","[0.019200637936592102, 0.002720445394515991, -0.057170331478118896, -0.019948124885559082]"
1704.0,2008-12-01T00:00:00.000000000,"[0.7514004111289978, 0.7734025120735168, 1.0374282598495483, 1.1914430856704712]","[0.07552626729011536, 0.06463763117790222, 0.06998446583747864, 0.12214270234107971]"
1704.0,2009-03-01T00:00:00.000000000,"[0.7734025120735168, 1.0374282598495483, 1.1914430856704712, 1.3454581499099731]","[0.24554724991321564, 0.31678491830825806, 0.2773871421813965, 0.29566675424575806]"
1704.0,2009-06-01T00:00:00.000000000,"[1.0374282598495483, 1.1914430856704712, 1.3454581499099731, 1.6314857006072998]","[0.426273375749588, 0.40285637974739075, 0.44563940167427063, 0.37027135491371155]"
1704.0,2009-09-01T00:00:00.000000000,"[1.1914430856704712, 1.3454581499099731, 1.6314857006072998, 1.9835201501846313]","[0.6384677290916443, 0.4398927688598633, 0.32768508791923523, 0.43557947874069214]"
1704.0,2009-12-01T00:00:00.000000000,"[1.3454581499099731, 1.6314857006072998, 1.9835201501846313, 1.9395159482955933]","[0.7693089246749878, 0.43676748871803284, 0.3780187666416168, 0.5393776297569275]"
1704.0,2010-03-01T00:00:00.000000000,"[1.6314857006072998, 1.9835201501846313, 1.9395159482955933, 1.4334666728973389]","[0.8276596069335938, 0.7362727522850037, 0.6767122149467468, 0.7650346159934998]"
1704.0,2010-06-01T00:00:00.000000000,"[1.9835201501846313, 1.9395159482955933, 1.4334666728973389, 1.0814324617385864]","[1.1085014343261719, 0.9745752215385437, 0.904779314994812, 0.9740311503410339]"
1704.0,2010-09-01T00:00:00.000000000,"[1.9395159482955933, 1.4334666728973389, 1.0814324617385864, 0.8394088745117188]","[1.346306324005127, 1.0632803440093994, 0.9523254632949829, 1.1414669752120972]"
1704.0,2010-12-01T00:00:00.000000000,"[1.4334666728973389, 1.0814324617385864, 0.8394088745117188, 0.9274174571037292]","[1.2338716983795166, 0.9340448379516602, 0.9749556183815002, 1.0800971984863281]"
1704.0,2011-03-01T00:00:00.000000000,"[1.0814324617385864, 0.8394088745117188, 0.9274174571037292, 1.0594303607940674]","[1.0427969694137573, 0.9727762937545776, 1.0926027297973633, 0.9269108772277832]"
1704.0,2011-06-01T00:00:00.000000000,"[0.8394088745117188, 0.9274174571037292, 1.0594303607940674, 1.455468773841858]","[1.242346167564392, 1.0420103073120117, 0.8568909168243408, 0.8884663581848145]"
1704.0,2011-09-01T00:00:00.000000000,"[0.9274174571037292, 1.0594303607940674, 1.455468773841858, 1.2574495077133179]","[1.1383142471313477, 0.7529497146606445, 0.6011643409729004, 0.8026340007781982]"
1704.0,2011-12-01T00:00:00.000000000,"[1.0594303607940674, 1.455468773841858, 1.2574495077133179, 1.6314857006072998]","[0.9680976867675781, 0.7427977323532104, 0.6922665238380432, 0.8043177723884583]"
1704.0,2012-03-01T00:00:00.000000000,"[1.455468773841858, 1.2574495077133179, 1.6314857006072998, 2.0495264530181885]","[0.9648223519325256, 0.9956271052360535, 1.0478074550628662, 0.9322076439857483]"
1704.0,2012-06-01T00:00:00.000000000,"[1.2574495077133179, 1.6314857006072998, 2.0495264530181885, 2.3575565814971924]","[1.3444548845291138, 1.3232159614562988, 1.2565460205078125, 1.250626564025879]"
1704.0,2012-09-01T00:00:00.000000000,"[1.6314857006072998, 2.0495264530181885, 2.3575565814971924, 2.885607957839966]","[1.4424073696136475, 1.2049697637557983, 1.1727867126464844, 1.3165168762207031]"
1704.0,2012-12-01T00:00:00.000000000,"[2.0495264530181885, 2.3575565814971924, 2.885607957839966, 3.479665517807007]","[1.5193405151367188, 1.4681190252304077, 1.4783581495285034, 1.5759122371673584]"
1704.0,2013-03-01T00:00:00.000000000,"[2.3575565814971924, 2.885607957839966, 3.479665517807007, 3.567674398422241]","[1.7049920558929443, 1.7906136512756348, 1.8443856239318848, 1.7280864715576172]"
1878.0,2005-09-01T00:00:00.000000000,"[0.003327556187286973, 0.06933397799730301, -0.15068741142749786, -0.15068741142749786]","[0.24709552526474, 0.3303822875022888, 0.32450711727142334, 0.30088940262794495]"
1878.0,2005-12-01T00:00:00.000000000,"[0.06933397799730301, -0.15068741142749786, -0.15068741142749786, -0.04067668318748474]","[0.18410153687000275, 0.17508521676063538, 0.16369447112083435, 0.1675364375114441]"
1878.0,2006-03-01T00:00:00.000000000,"[-0.15068741142749786, -0.15068741142749786, -0.04067668318748474, -0.28270024061203003]","[0.15351741015911102, 0.15528371930122375, 0.17996400594711304, 0.2594343423843384]"
1878.0,2006-06-01T00:00:00.000000000,"[-0.15068741142749786, -0.04067668318748474, -0.28270024061203003, -0.39271095395088196]","[0.008617550134658813, -0.006475105881690979, 0.03445029258728027, 0.07684897631406784]"
1878.0,2006-09-01T00:00:00.000000000,"[-0.04067668318748474, -0.28270024061203003, -0.39271095395088196, -0.23869597911834717]","[0.05263722687959671, 0.058705441653728485, 0.042571403086185455, 0.0556696280837059]"
1878.0,2007-09-01T00:00:00.000000000,"[-0.28270024061203003, -0.39271095395088196, -0.23869597911834717, -0.920762300491333]","[0.09869439899921417, 0.11962506920099258, 0.1067681759595871, 0.1234319880604744]"
1878.0,2007-12-01T00:00:00.000000000,"[-0.39271095395088196, -0.23869597911834717, -0.920762300491333, -0.5907301902770996]","[0.02348393201828003, 0.04706304520368576, 0.14297260344028473, 0.1603912115097046]"
1878.0,2008-03-01T00:00:00.000000000,"[-0.23869597911834717, -0.920762300491333, -0.5907301902770996, -1.096779465675354]","[-0.11778056621551514, -0.04252605140209198, 0.046834252774715424, 0.053706079721450806]"
1878.0,2008-06-01T00:00:00.000000000,"[-0.920762300491333, -0.5907301902770996, -1.096779465675354, -1.316800832748413]","[-0.0453166589140892, 0.03530120104551315, 0.06972211599349976, 0.06664431095123291]"
1878.0,2008-09-01T00:00:00.000000000,"[-0.5907301902770996, -1.096779465675354, -1.316800832748413, -1.0527751445770264]","[-0.13953837752342224, -0.09885149449110031, 0.04318620637059212, 0.034966275095939636]"
1878.0,2008-12-01T00:00:00.000000000,"[-1.096779465675354, -1.316800832748413, -1.0527751445770264, -0.942764401435852]","[-0.14733806252479553, -0.0626959353685379, 0.06564320623874664, 0.053418997675180435]"
1878.0,2009-03-01T00:00:00.000000000,"[-1.316800832748413, -1.0527751445770264, -0.942764401435852, -0.9647666215896606]","[-0.2740454077720642, -0.28534623980522156, 0.008903205394744873, -0.05110645666718483]"
1878.0,2009-06-01T00:00:00.000000000,"[-1.0527751445770264, -0.942764401435852, -0.9647666215896606, -0.898760199546814]","[-0.35425060987472534, -0.2852196991443634, -0.07595743238925934, -0.1145472377538681]"
1878.0,2009-09-01T00:00:00.000000000,"[-0.942764401435852, -0.9647666215896606, -0.898760199546814, -0.5687280893325806]","[-0.3192397356033325, -0.25830426812171936, -0.07995427399873734, -0.11009510606527328]"
1878.0,2009-12-01T00:00:00.000000000,"[-0.9647666215896606, -0.898760199546814, -0.5687280893325806, -0.28270024061203003]","[-0.2893112003803253, -0.21315345168113708, -0.08727750182151794, -0.07495404779911041]"
1878.0,2010-03-01T00:00:00.000000000,"[-0.898760199546814, -0.5687280893325806, -0.28270024061203003, -0.06267886608839035]","[-0.3091885447502136, -0.29628318548202515, -0.1358136087656021, -0.16709795594215393]"
1878.0,2010-06-01T00:00:00.000000000,"[-0.5687280893325806, -0.28270024061203003, -0.06267886608839035, 0.3113575577735901]","[-0.40888381004333496, -0.28676462173461914, -0.18382740020751953, -0.20909644663333893]"
1878.0,2010-09-01T00:00:00.000000000,"[-0.28270024061203003, -0.06267886608839035, 0.3113575577735901, 0.2893553674221039]","[-0.36466819047927856, -0.2235865741968155, -0.1583482325077057, -0.1444050669670105]"
1878.0,2010-12-01T00:00:00.000000000,"[-0.06267886608839035, 0.3113575577735901, 0.2893553674221039, 0.7293981313705444]","[-0.314705491065979, -0.17983557283878326, -0.1384887844324112, -0.10205557197332382]"
1878.0,2011-03-01T00:00:00.000000000,"[0.3113575577735901, 0.2893553674221039, 0.7293981313705444, 1.0154259204864502]","[-0.2429473102092743, -0.1519564390182495, -0.14211910963058472, -0.08279424905776978]"
1878.0,2011-06-01T00:00:00.000000000,"[0.2893553674221039, 0.7293981313705444, 1.0154259204864502, 1.323456048965454]","[-0.17160312831401825, -0.06898902356624603, -0.08764456957578659, 0.03387856483459473]"
1878.0,2011-09-01T00:00:00.000000000,"[0.7293981313705444, 1.0154259204864502, 1.323456048965454, 1.1694409847259521]","[-0.06207079440355301, -0.027445703744888306, -0.026493608951568604, 0.06457804143428802]"
1878.0,2011-12-01T00:00:00.000000000,"[1.0154259204864502, 1.323456048965454, 1.1694409847259521, 1.455468773841858]","[0.064922034740448, 0.1434326171875, 0.10609133541584015, 0.194962739944458]"
1878.0,2012-03-01T00:00:00.000000000,"[1.323456048965454, 1.1694409847259521, 1.455468773841858, 1.5874814987182617]","[0.2490258514881134, 0.25437647104263306, 0.229583740234375, 0.2270800769329071]"
1878.0,2012-06-01T00:00:00.000000000,"[1.1694409847259521, 1.455468773841858, 1.5874814987182617, 1.8955113887786865]","[0.482178270816803, 0.46528273820877075, 0.328095018863678, 0.33713048696517944]"
1878.0,2012-09-01T00:00:00.000000000,"[1.455468773841858, 1.5874814987182617, 1.8955113887786865, 1.5654793977737427]","[0.6185778975486755, 0.4728642702102661, 0.35989484190940857, 0.29505571722984314]"
1878.0,2012-12-01T00:00:00.000000000,"[1.5874814987182617, 1.8955113887786865, 1.5654793977737427, 1.9615180492401123]","[0.726934015750885, 0.48624229431152344, 0.28764691948890686, 0.3590312600135803]"
1878.0,2013-03-01T00:00:00.000000000,"[1.8955113887786865, 1.5654793977737427, 1.9615180492401123, 2.2277438640594482]","[0.8448700904846191, 0.4414142668247223, 0.2786213457584381, 0.3197813928127289]"
1891.0,2006-06-01T00:00:00.000000000,"[0.6853939294815063, 0.6633917689323425, 0.8394088745117188, 1.5874814987182617]","[0.7023608088493347, 0.7293176054954529, 1.1102770566940308, 1.3720407485961914]"
1891.0,2006-09-01T00:00:00.000000000,"[0.6633917689323425, 0.8394088745117188, 1.5874814987182617, 0.5093768239021301]","[0.5540516972541809, 0.8933941125869751, 1.8248544931411743, 0.5128740668296814]"
1891.0,2006-12-01T00:00:00.000000000,"[0.8394088745117188, 1.5874814987182617, 0.5093768239021301, 0.7954046130180359]","[1.066765546798706, 1.6408796310424805, 0.681787371635437, 0.49556130170822144]"
1891.0,2007-03-01T00:00:00.000000000,"[1.5874814987182617, 0.5093768239021301, 0.7954046130180359, 0.8834132552146912]","[1.6530346870422363, 0.6034384965896606, 0.5926951169967651, 0.857461154460907]"
1891.0,2007-06-01T00:00:00.000000000,"[0.5093768239021301, 0.7954046130180359, 0.8834132552146912, 1.8735092878341675]","[0.7353655695915222, 0.7448435425758362, 1.1039010286331177, 1.35881769657135]"
1891.0,2007-09-01T00:00:00.000000000,"[0.7954046130180359, 0.8834132552146912, 1.8735092878341675, 0.8174067735671997]","[0.5569990277290344, 0.8587378263473511, 1.8453783988952637, 0.49046561121940613]"
1891.0,2007-12-01T00:00:00.000000000,"[0.8834132552146912, 1.8735092878341675, 0.8174067735671997, 1.1914430856704712]","[1.1903778314590454, 1.7768688201904297, 0.7670348286628723, 0.581822395324707]"
1891.0,2008-03-01T00:00:00.000000000,"[1.8735092878341675, 0.8174067735671997, 1.1914430856704712, 1.2134451866149902]","[1.7036473751068115, 0.6354698538780212, 0.6807044744491577, 0.9116640686988831]"
1891.0,2008-06-01T00:00:00.000000000,"[0.8174067735671997, 1.1914430856704712, 1.2134451866149902, 2.181539297103882]","[0.8391501307487488, 0.8732227683067322, 1.2076427936553955, 1.4675981998443604]"
1891.0,2008-09-01T00:00:00.000000000,"[1.1914430856704712, 1.2134451866149902, 2.181539297103882, 0.7514004111289978]","[0.626192033290863, 0.9446704983711243, 2.0107204914093018, 0.5631217956542969]"
1891.0,2008-12-01T00:00:00.000000000,"[1.2134451866149902, 2.181539297103882, 0.7514004111289978, 1.301453948020935]","[1.3825557231903076, 2.014941930770874, 0.9387469291687012, 0.7276353240013123]"
1891.0,2009-03-01T00:00:00.000000000,"[2.181539297103882, 0.7514004111289978, 1.301453948020935, 1.477470874786377]","[1.98667311668396, 0.8113868832588196, 0.8285716772079468, 1.076035976409912]"
1891.0,2009-06-01T00:00:00.000000000,"[0.7514004111289978, 1.301453948020935, 1.477470874786377, 2.6435842514038086]","[0.9852500557899475, 1.0456132888793945, 1.4021337032318115, 1.708716630935669]"
1891.0,2009-09-01T00:00:00.000000000,"[1.301453948020935, 1.477470874786377, 2.6435842514038086, 1.323456048965454]","[0.7180189490318298, 1.0225703716278076, 2.224471092224121, 0.6326992511749268]"
1891.0,2009-12-01T00:00:00.000000000,"[1.477470874786377, 2.6435842514038086, 1.323456048965454, 1.9395159482955933]","[1.5680978298187256, 2.2813031673431396, 1.0482006072998047, 0.7987634539604187]"
1891.0,2010-03-01T00:00:00.000000000,"[2.6435842514038086, 1.323456048965454, 1.9395159482955933, 2.2475459575653076]","[2.3054633140563965, 0.9607614278793335, 0.9702979922294617, 1.2670446634292603]"
1891.0,2010-06-01T00:00:00.000000000,"[1.323456048965454, 1.9395159482955933, 2.2475459575653076, 3.1936378479003906]","[1.1612868309020996, 1.2538909912109375, 1.7019661664962769, 2.0700533390045166]"
1891.0,2010-09-01T00:00:00.000000000,"[1.9395159482955933, 2.2475459575653076, 3.1936378479003906, 1.8075029850006104]","[0.98062664270401, 1.3757030963897705, 2.713184356689453, 0.8955690264701843]"
1891.0,2010-12-01T00:00:00.000000000,"[2.2475459575653076, 3.1936378479003906, 1.8075029850006104, 2.2475459575653076]","[2.078106164932251, 2.834179401397705, 1.4917025566101074, 1.1979701519012451]"
1891.0,2011-03-01T00:00:00.000000000,"[3.1936378479003906, 1.8075029850006104, 2.2475459575653076, 2.6435842514038086]","[3.018732786178589, 1.436328649520874, 1.3812311887741089, 1.7704062461853027]"
1891.0,2011-06-01T00:00:00.000000000,"[1.8075029850006104, 2.2475459575653076, 2.6435842514038086, 3.523669719696045]","[1.5244683027267456, 1.639256238937378, 2.0999276638031006, 2.5644922256469727]"
1891.0,2011-09-01T00:00:00.000000000,"[2.2475459575653076, 2.6435842514038086, 3.523669719696045, 1.8075029850006104]","[1.3157695531845093, 1.7856851816177368, 3.2977752685546875, 1.2391968965530396]"
1891.0,2011-12-01T00:00:00.000000000,"[2.6435842514038086, 3.523669719696045, 1.8075029850006104, 2.4015607833862305]","[2.4849133491516113, 3.2859902381896973, 1.8271082639694214, 1.5416771173477173]"
1891.0,2012-03-01T00:00:00.000000000,"[3.523669719696045, 1.8075029850006104, 2.4015607833862305, 2.6435842514038086]","[3.5959994792938232, 1.7852442264556885, 1.6754982471466064, 2.1529338359832764]"
1891.0,2012-06-01T00:00:00.000000000,"[1.8075029850006104, 2.4015607833862305, 2.6435842514038086, 3.4576635360717773]","[1.8484702110290527, 1.9520272016525269, 2.4227523803710938, 2.9826865196228027]"
1891.0,2012-09-01T00:00:00.000000000,"[2.4015607833862305, 2.6435842514038086, 3.4576635360717773, 1.9395159482955933]","[1.578981637954712, 2.095263719558716, 3.743396759033203, 1.4639135599136353]"
1891.0,2012-12-01T00:00:00.000000000,"[2.6435842514038086, 3.4576635360717773, 1.9395159482955933, 2.929612159729004]","[2.8084287643432617, 3.7065789699554443, 2.083433151245117, 1.7719626426696777]"
1891.0,2013-03-01T00:00:00.000000000,"[3.4576635360717773, 1.9395159482955933, 2.929612159729004, 2.929612159729004]","[3.901740074157715, 1.950844407081604, 1.835505485534668, 2.3439197540283203]"
2136.0,2006-06-01T00:00:00.000000000,"[1.301453948020935, 1.2574495077133179, 0.8614109754562378, 1.5434772968292236]","[0.9247586727142334, 0.882641613483429, 0.7752737998962402, 0.8173122406005859]"
2136.0,2006-09-01T00:00:00.000000000,"[1.2574495077133179, 0.8614109754562378, 1.5434772968292236, 1.5874814987182617]","[1.0200625658035278, 0.821461021900177, 0.7883121371269226, 0.8661897778511047]"
2136.0,2006-12-01T00:00:00.000000000,"[0.8614109754562378, 1.5434772968292236, 1.5874814987182617, 1.5874814987182617]","[0.9050331711769104, 0.8526906967163086, 0.8312851786613464, 0.8643304109573364]"
2136.0,2007-03-01T00:00:00.000000000,"[1.5434772968292236, 1.5874814987182617, 1.5874814987182617, 1.2574495077133179]","[0.7802618741989136, 0.7914763689041138, 0.8307719826698303, 0.6449043154716492]"
2136.0,2007-06-01T00:00:00.000000000,"[1.5874814987182617, 1.5874814987182617, 1.2574495077133179, 1.6314857006072998]","[1.2831227779388428, 1.2132072448730469, 0.9850814938545227, 0.982677161693573]"
2136.0,2007-09-01T00:00:00.000000000,"[1.5874814987182617, 1.2574495077133179, 1.6314857006072998, 1.3674603700637817]","[1.362006425857544, 1.0702531337738037, 1.0467517375946045, 1.1309876441955566]"
2136.0,2007-12-01T00:00:00.000000000,"[1.2574495077133179, 1.6314857006072998, 1.3674603700637817, 1.5214751958847046]","[1.135776162147522, 1.1434001922607422, 1.2088744640350342, 1.130112648010254]"
2136.0,2008-03-01T00:00:00.000000000,"[1.6314857006072998, 1.3674603700637817, 1.5214751958847046, 1.1914430856704712]","[1.1380170583724976, 1.151134967803955, 1.2098095417022705, 0.9092602133750916]"
2136.0,2008-06-01T00:00:00.000000000,"[1.3674603700637817, 1.5214751958847046, 1.1914430856704712, 1.3894624710083008]","[1.564842939376831, 1.3915679454803467, 1.167622685432434, 1.260719895362854]"
2136.0,2008-09-01T00:00:00.000000000,"[1.5214751958847046, 1.1914430856704712, 1.3894624710083008, 1.4114645719528198]","[1.399219274520874, 1.077209234237671, 1.0775368213653564, 1.1975361108779907]"
2136.0,2008-12-01T00:00:00.000000000,"[1.1914430856704712, 1.3894624710083008, 1.4114645719528198, 1.455468773841858]","[1.2613739967346191, 1.3684531450271606, 1.411218285560608, 1.27935791015625]"
2136.0,2009-03-01T00:00:00.000000000,"[1.3894624710083008, 1.4114645719528198, 1.455468773841858, 1.1914430856704712]","[1.323931097984314, 1.3566842079162598, 1.3197507858276367, 0.9718647003173828]"
2136.0,2009-06-01T00:00:00.000000000,"[1.4114645719528198, 1.455468773841858, 1.1914430856704712, 1.8735092878341675]","[1.5275790691375732, 1.3731896877288818, 1.188941240310669, 1.3170619010925293]"
2136.0,2009-09-01T00:00:00.000000000,"[1.455468773841858, 1.1914430856704712, 1.8735092878341675, 1.9395159482955933]","[1.4661476612091064, 1.231181025505066, 1.2786591053009033, 1.3787319660186768]"
2136.0,2009-12-01T00:00:00.000000000,"[1.1914430856704712, 1.8735092878341675, 1.9395159482955933, 1.9835201501846313]","[1.2968933582305908, 1.5054214000701904, 1.5823791027069092, 1.4558699131011963]"
2136.0,2010-03-01T00:00:00.000000000,"[1.8735092878341675, 1.9395159482955933, 1.9835201501846313, 1.7634987831115723]","[1.4252707958221436, 1.4774715900421143, 1.5001273155212402, 1.2619132995605469]"
2136.0,2010-06-01T00:00:00.000000000,"[1.9395159482955933, 1.9835201501846313, 1.7634987831115723, 1.9395159482955933]","[1.7790188789367676, 1.6284465789794922, 1.5125458240509033, 1.6666090488433838]"
2136.0,2010-09-01T00:00:00.000000000,"[1.9835201501846313, 1.7634987831115723, 1.9395159482955933, 2.0055222511291504]","[1.821403980255127, 1.6414183378219604, 1.751561164855957, 1.8013733625411987]"
2136.0,2010-12-01T00:00:00.000000000,"[1.7634987831115723, 1.9395159482955933, 2.0055222511291504, 2.0495264530181885]","[1.628507375717163, 1.8868753910064697, 1.946061372756958, 1.8537492752075195]"
2136.0,2011-03-01T00:00:00.000000000,"[1.9395159482955933, 2.0055222511291504, 2.0495264530181885, 1.7855008840560913]","[1.8550776243209839, 1.8668239116668701, 1.8429479598999023, 1.6614058017730713]"
2136.0,2011-06-01T00:00:00.000000000,"[2.0055222511291504, 2.0495264530181885, 1.7855008840560913, 2.071528673171997]","[1.995469570159912, 1.7775993347167969, 1.678121566772461, 1.8416075706481934]"
2136.0,2011-09-01T00:00:00.000000000,"[2.0495264530181885, 1.7855008840560913, 2.071528673171997, 1.8955113887786865]","[1.9634130001068115, 1.7948250770568848, 1.8776443004608154, 1.9505150318145752]"
2136.0,2011-12-01T00:00:00.000000000,"[1.7855008840560913, 2.071528673171997, 1.8955113887786865, 2.0495264530181885]","[1.7549068927764893, 1.9969418048858643, 2.022113084793091, 2.0038204193115234]"
2136.0,2012-03-01T00:00:00.000000000,"[2.071528673171997, 1.8955113887786865, 2.0495264530181885, 1.9615180492401123]","[1.9723882675170898, 2.0229239463806152, 1.9416531324386597, 1.7562625408172607]"
2136.0,2012-06-01T00:00:00.000000000,"[1.8955113887786865, 2.0495264530181885, 1.9615180492401123, 2.181539297103882]","[2.06435227394104, 1.8990716934204102, 1.7752546072006226, 1.9492100477218628]"
2136.0,2012-09-01T00:00:00.000000000,"[2.0495264530181885, 1.9615180492401123, 2.181539297103882, 2.313552141189575]","[1.948280692100525, 1.7885715961456299, 1.9131231307983398, 1.940361738204956]"
2136.0,2012-12-01T00:00:00.000000000,"[1.9615180492401123, 2.181539297103882, 2.313552141189575, 2.4015607833862305]","[1.7065861225128174, 2.062775135040283, 2.0686330795288086, 2.0385215282440186]"
2136.0,2013-03-01T00:00:00.000000000,"[2.181539297103882, 2.313552141189575, 2.4015607833862305, 2.181539297103882]","[2.095104694366455, 2.1891391277313232, 2.1432342529296875, 1.8946185111999512]"
2285.0,2006-06-01T00:00:00.000000000,"[4.227738380432129, 4.007717132568359, 4.381753444671631, 3.633680582046509]","[2.6027586460113525, 2.3937950134277344, 2.4174370765686035, 2.6500258445739746]"
2285.0,2006-09-01T00:00:00.000000000,"[4.007717132568359, 4.381753444671631, 3.633680582046509, 2.8636057376861572]","[2.9613265991210938, 3.4960951805114746, 3.4507362842559814, 3.7358603477478027]"
2285.0,2006-12-01T00:00:00.000000000,"[4.381753444671631, 3.633680582046509, 2.8636057376861572, 4.8437981605529785]","[3.3907861709594727, 3.4836082458496094, 3.266430139541626, 2.995468854904175]"
2285.0,2007-03-01T00:00:00.000000000,"[3.633680582046509, 2.8636057376861572, 4.8437981605529785, 2.819601535797119]","[3.410588502883911, 3.3819751739501953, 2.7802066802978516, 3.9650235176086426]"
2285.0,2007-06-01T00:00:00.000000000,"[2.8636057376861572, 4.8437981605529785, 2.819601535797119, 3.127631425857544]","[2.902433156967163, 2.5750062465667725, 2.7441415786743164, 2.8242311477661133]"
2285.0,2007-09-01T00:00:00.000000000,"[4.8437981605529785, 2.819601535797119, 3.127631425857544, -1.6688350439071655]","[2.6113133430480957, 3.0394673347473145, 2.7206997871398926, 3.4427239894866943]"
2285.0,2007-12-01T00:00:00.000000000,"[2.819601535797119, 3.127631425857544, -1.6688350439071655, 7.022010326385498]","[3.5492749214172363, 3.4984655380249023, 3.452374219894409, 3.3544321060180664]"
2285.0,2008-03-01T00:00:00.000000000,"[3.127631425857544, -1.6688350439071655, 7.022010326385498, 4.733787536621094]","[2.8237059116363525, 3.3185765743255615, 2.9720261096954346, 3.828526020050049]"
2285.0,2008-06-01T00:00:00.000000000,"[-1.6688350439071655, 7.022010326385498, 4.733787536621094, 3.721689224243164]","[3.406090497970581, 2.748831272125244, 2.8952689170837402, 3.2104201316833496]"
2285.0,2008-09-01T00:00:00.000000000,"[7.022010326385498, 4.733787536621094, 3.721689224243164, 4.909804821014404]","[1.9588181972503662, 1.8867998123168945, 1.563009262084961, 2.1963465213775635]"
2285.0,2008-12-01T00:00:00.000000000,"[4.733787536621094, 3.721689224243164, 4.909804821014404, 5.283841133117676]","[3.788382053375244, 4.224182605743408, 3.9674668312072754, 4.083778381347656]"
2285.0,2009-03-01T00:00:00.000000000,"[3.721689224243164, 4.909804821014404, 5.283841133117676, 6.031913757324219]","[3.997234344482422, 4.290869235992432, 4.371833324432373, 4.467479705810547]"
2285.0,2009-06-01T00:00:00.000000000,"[4.909804821014404, 5.283841133117676, 6.031913757324219, 7.308038234710693]","[4.36056661605835, 4.860712051391602, 4.967189788818359, 4.758379936218262]"
2285.0,2009-09-01T00:00:00.000000000,"[5.283841133117676, 6.031913757324219, 7.308038234710693, 6.62597131729126]","[3.501887798309326, 3.070514440536499, 3.1880478858947754, 3.943751335144043]"
2285.0,2009-12-01T00:00:00.000000000,"[6.031913757324219, 7.308038234710693, 6.62597131729126, 7.176024913787842]","[4.352103233337402, 4.178155899047852, 4.180267810821533, 4.123632907867432]"
2285.0,2010-03-01T00:00:00.000000000,"[7.308038234710693, 6.62597131729126, 7.176024913787842, 11.35643196105957]","[4.178836822509766, 4.911478519439697, 4.750182151794434, 5.125570774078369]"
2285.0,2010-06-01T00:00:00.000000000,"[6.62597131729126, 7.176024913787842, 11.35643196105957, 6.2519354820251465]","[6.044678688049316, 5.652467250823975, 6.703260898590088, 6.262475490570068]"
2285.0,2010-09-01T00:00:00.000000000,"[7.176024913787842, 11.35643196105957, 6.2519354820251465, -13.505987167358398]","[4.310191631317139, 5.392457008361816, 4.818963050842285, 4.995491981506348]"
2285.0,2010-12-01T00:00:00.000000000,"[11.35643196105957, 6.2519354820251465, -13.505987167358398, 2.4895694255828857]","[6.800622940063477, 5.482965469360352, 5.30984354019165, 6.397626876831055]"
2285.0,2011-03-01T00:00:00.000000000,"[6.2519354820251465, -13.505987167358398, 2.4895694255828857, -5.827239513397217]","[8.334442138671875, 8.353263854980469, 8.591493606567383, 8.698314666748047]"
2285.0,2011-06-01T00:00:00.000000000,"[-13.505987167358398, 2.4895694255828857, -5.827239513397217, -4.441104888916016]","[6.358063697814941, 7.625596046447754, 8.509374618530273, 5.866950511932373]"
2285.0,2011-09-01T00:00:00.000000000,"[2.4895694255828857, -5.827239513397217, -4.441104888916016, -11.239766120910645]","[-2.910045623779297, -2.819359302520752, -1.0460405349731445, 0.012270927429199219]"
2285.0,2011-12-01T00:00:00.000000000,"[-5.827239513397217, -4.441104888916016, -11.239766120910645, -3.7590384483337402]","[0.19975924491882324, -0.22161483764648438, 1.160588264465332, 2.729387044906616]"
2285.0,2012-03-01T00:00:00.000000000,"[-4.441104888916016, -11.239766120910645, -3.7590384483337402, -9.919637680053711]","[1.688257098197937, -0.5553147792816162, 3.294633626937866, 2.271263599395752]"
2285.0,2012-06-01T00:00:00.000000000,"[-11.239766120910645, -3.7590384483337402, -9.919637680053711, -4.067068576812744]","[1.1170098781585693, 0.9205901622772217, 2.92958664894104, 2.951399326324463]"
2285.0,2012-09-01T00:00:00.000000000,"[-3.7590384483337402, -9.919637680053711, -4.067068576812744, 0.17934469878673553]","[-1.3042747974395752, -1.4149255752563477, 1.2366704940795898, 1.2028571367263794]"
2285.0,2012-12-01T00:00:00.000000000,"[-9.919637680053711, -4.067068576812744, 0.17934469878673553, -2.020869493484497]","[0.4841899871826172, 1.822636365890503, 2.9392478466033936, 3.3967514038085938]"
2285.0,2013-03-01T00:00:00.000000000,"[-4.067068576812744, 0.17934469878673553, -2.020869493484497, -17.620386123657227]","[-0.47031354904174805, -1.166088581085205, 1.9313467741012573, 1.3323898315429688]"
2574.0,2006-06-01T00:00:00.000000000,"[-0.31196311116218567, -0.3267045319080353, -0.3414459824562073, -0.37070879340171814]","[-0.3510379195213318, -0.37758031487464905, -0.3823159337043762, -0.3820423483848572]"
2574.0,2006-09-01T00:00:00.000000000,"[-0.3267045319080353, -0.3414459824562073, -0.37070879340171814, -0.28996095061302185]","[-0.3420761227607727, -0.3406667709350586, -0.3482106328010559, -0.32296890020370483]"
2574.0,2006-12-01T00:00:00.000000000,"[-0.3414459824562073, -0.37070879340171814, -0.28996095061302185, -0.31944382190704346]","[-0.3391808867454529, -0.33286070823669434, -0.31203919649124146, -0.328632652759552]"
2574.0,2007-03-01T00:00:00.000000000,"[-0.37070879340171814, -0.28996095061302185, -0.31944382190704346, -0.3487066924571991]","[-0.3648398816585541, -0.32679304480552673, -0.3379831612110138, -0.341165691614151]"
2574.0,2007-06-01T00:00:00.000000000,"[-0.28996095061302185, -0.31944382190704346, -0.3487066924571991, -0.4294545352458954]","[-0.32784080505371094, -0.3504997789859772, -0.35575035214424133, -0.3646332025527954]"
2574.0,2007-09-01T00:00:00.000000000,"[-0.31944382190704346, -0.3487066924571991, -0.4294545352458954, -0.35596737265586853]","[-0.3112432062625885, -0.3238317668437958, -0.33566582202911377, -0.30208465456962585]"
2574.0,2007-12-01T00:00:00.000000000,"[-0.3487066924571991, -0.4294545352458954, -0.35596737265586853, -0.3487066924571991]","[-0.3234933316707611, -0.31490862369537354, -0.2941811978816986, -0.3078842759132385]"
2574.0,2008-03-01T00:00:00.000000000,"[-0.4294545352458954, -0.35596737265586853, -0.3487066924571991, -0.3414459824562073]","[-0.36685702204704285, -0.32021474838256836, -0.3350215256214142, -0.3347235321998596]"
2574.0,2008-06-01T00:00:00.000000000,"[-0.35596737265586853, -0.3487066924571991, -0.3414459824562073, -0.3267045319080353]","[-0.3575877249240875, -0.38491690158843994, -0.38393518328666687, -0.3877677917480469]"
2574.0,2008-09-01T00:00:00.000000000,"[-0.3487066924571991, -0.3414459824562073, -0.3267045319080353, -0.23143525421619415]","[-0.35645753145217896, -0.37117594480514526, -0.376825749874115, -0.34036511182785034]"
2574.0,2008-12-01T00:00:00.000000000,"[-0.3414459824562073, -0.3267045319080353, -0.23143525421619415, -0.3267045319080353]","[-0.35645484924316406, -0.34874242544174194, -0.32479625940322876, -0.32921797037124634]"
2574.0,2009-03-01T00:00:00.000000000,"[-0.3267045319080353, -0.23143525421619415, -0.3267045319080353, -0.23143525421619415]","[-0.3664097487926483, -0.3156437277793884, -0.3210693299770355, -0.33439189195632935]"
2574.0,2009-06-01T00:00:00.000000000,"[-0.23143525421619415, -0.3267045319080353, -0.23143525421619415, -0.12868529558181763]","[-0.335269033908844, -0.3319874405860901, -0.32855457067489624, -0.3574965298175812]"
2574.0,2009-09-01T00:00:00.000000000,"[-0.3267045319080353, -0.23143525421619415, -0.12868529558181763, 0.04007112979888916]","[-0.30341729521751404, -0.3149248957633972, -0.3238803744316101, -0.2920643091201782]"
2574.0,2009-12-01T00:00:00.000000000,"[-0.23143525421619415, -0.12868529558181763, 0.04007112979888916, 0.06933397799730301]","[-0.32242634892463684, -0.3153969645500183, -0.29529136419296265, -0.30955180525779724]"
2574.0,2010-03-01T00:00:00.000000000,"[-0.12868529558181763, 0.04007112979888916, 0.06933397799730301, 0.04007112979888916]","[-0.31382855772972107, -0.24700632691383362, -0.2698483467102051, -0.2792896330356598]"
2574.0,2010-06-01T00:00:00.000000000,"[0.04007112979888916, 0.06933397799730301, 0.04007112979888916, 0.047331858426332474]","[-0.17088429629802704, -0.21990907192230225, -0.23237834870815277, -0.22390231490135193]"
2574.0,2010-09-01T00:00:00.000000000,"[0.06933397799730301, 0.04007112979888916, 0.047331858426332474, 0.09133616089820862]","[-0.1536971926689148, -0.1733398288488388, -0.17289495468139648, -0.11607486009597778]"
2574.0,2010-12-01T00:00:00.000000000,"[0.04007112979888916, 0.047331858426332474, 0.09133616089820862, 0.09133616089820862]","[-0.1577683836221695, -0.15925301611423492, -0.09344601631164551, -0.12429124116897583]"
2574.0,2011-03-01T00:00:00.000000000,"[0.047331858426332474, 0.09133616089820862, 0.09133616089820862, 0.025329740718007088]","[-0.142836794257164, -0.09547914564609528, -0.10133348405361176, -0.1385691910982132]"
2574.0,2011-06-01T00:00:00.000000000,"[0.09133616089820862, 0.09133616089820862, 0.025329740718007088, 0.03259040787816048]","[-0.0016109347343444824, -0.060931622982025146, -0.1132221519947052, -0.12687937915325165]"
2574.0,2011-09-01T00:00:00.000000000,"[0.09133616089820862, 0.025329740718007088, 0.03259040787816048, -0.22395452857017517]","[-0.023128658533096313, -0.10828365385532379, -0.10523205995559692, -0.025005042552947998]"
2574.0,2011-12-01T00:00:00.000000000,"[0.025329740718007088, 0.03259040787816048, -0.22395452857017517, 0.003327556187286973]","[-0.04107077419757843, -0.08225977420806885, -0.0030987560749053955, -0.052704647183418274]"
2574.0,2012-03-01T00:00:00.000000000,"[0.03259040787816048, -0.22395452857017517, 0.003327556187286973, 0.06207331269979477]","[-0.028778746724128723, 0.009184062480926514, -0.011879384517669678, -0.08262482285499573]"
2574.0,2012-06-01T00:00:00.000000000,"[-0.22395452857017517, 0.003327556187286973, 0.06207331269979477, -0.018674563616514206]","[0.09696799516677856, 0.024080395698547363, -0.049365997314453125, -0.06548130512237549]"
2574.0,2012-09-01T00:00:00.000000000,"[0.003327556187286973, 0.06207331269979477, -0.018674563616514206, 0.15734252333641052]","[-0.11143761873245239, -0.19529366493225098, -0.1701718419790268, -0.10368496179580688]"
2574.0,2012-12-01T00:00:00.000000000,"[0.06207331269979477, -0.018674563616514206, 0.15734252333641052, 0.2453511357307434]","[-0.03409038484096527, -0.04095853865146637, 0.003935590386390686, -0.012833952903747559]"
2574.0,2013-03-01T00:00:00.000000000,"[-0.018674563616514206, 0.15734252333641052, 0.2453511357307434, 0.2233489453792572]","[0.014927893877029419, 0.04575207829475403, 0.056691914796829224, 0.0174771249294281]"
2817.0,2006-06-01T00:00:00.000000000,"[3.017620801925659, 3.083627223968506, 2.269547939300537, 3.083627223968506]","[2.995710849761963, 3.102381706237793, 3.175288438796997, 3.1991095542907715]"
2817.0,2006-09-01T00:00:00.000000000,"[3.083627223968506, 2.269547939300537, 3.083627223968506, 2.0935308933258057]","[2.6794373989105225, 2.8348729610443115, 2.6694986820220947, 3.021298885345459]"
2817.0,2006-12-01T00:00:00.000000000,"[2.269547939300537, 3.083627223968506, 2.0935308933258057, 0.9494196176528931]","[2.7339768409729004, 2.7244913578033447, 2.8495070934295654, 2.7390542030334473]"
2817.0,2007-03-01T00:00:00.000000000,"[3.083627223968506, 2.0935308933258057, 0.9494196176528931, 0.9274174571037292]","[2.5080819129943848, 2.686392307281494, 2.4761297702789307, 2.572596549987793]"
2817.0,2007-06-01T00:00:00.000000000,"[2.0935308933258057, 0.9494196176528931, 0.9274174571037292, 0.7734025120735168]","[3.0306472778320312, 3.0860962867736816, 3.142382860183716, 3.214085817337036]"
2817.0,2007-09-01T00:00:00.000000000,"[0.9494196176528931, 0.9274174571037292, 0.7734025120735168, 1.6974923610687256]","[2.5020909309387207, 2.5328872203826904, 2.434652090072632, 2.644327163696289]"
2817.0,2007-12-01T00:00:00.000000000,"[0.9274174571037292, 0.7734025120735168, 1.6974923610687256, 1.1694409847259521]","[2.1323304176330566, 2.0877275466918945, 2.020371437072754, 2.136556625366211]"
2817.0,2008-03-01T00:00:00.000000000,"[0.7734025120735168, 1.6974923610687256, 1.1694409847259521, 1.125436782836914]","[2.062932252883911, 2.0283989906311035, 1.9525001049041748, 2.0495193004608154]"
2817.0,2008-06-01T00:00:00.000000000,"[1.6974923610687256, 1.1694409847259521, 1.125436782836914, 2.115532875061035]","[2.1334402561187744, 2.3012583255767822, 2.3209056854248047, 2.4560587406158447]"
2817.0,2008-09-01T00:00:00.000000000,"[1.1694409847259521, 1.125436782836914, 2.115532875061035, 2.577577829360962]","[1.9916577339172363, 2.2470107078552246, 2.312030792236328, 2.4836862087249756]"
2817.0,2008-12-01T00:00:00.000000000,"[1.125436782836914, 2.115532875061035, 2.577577829360962, 3.5896763801574707]","[2.0063581466674805, 2.1505842208862305, 2.2465808391571045, 2.286062240600586]"
2817.0,2009-03-01T00:00:00.000000000,"[2.115532875061035, 2.577577829360962, 3.5896763801574707, 4.051721572875977]","[2.196272611618042, 2.2649283409118652, 2.2190043926239014, 2.280402421951294]"
2817.0,2009-06-01T00:00:00.000000000,"[2.577577829360962, 3.5896763801574707, 4.051721572875977, 5.503862380981445]","[2.5205187797546387, 2.420358896255493, 2.4255073070526123, 2.5763041973114014]"
2817.0,2009-09-01T00:00:00.000000000,"[3.5896763801574707, 4.051721572875977, 5.503862380981445, 5.833894729614258]","[2.4263224601745605, 2.552752733230591, 2.565520763397217, 2.992295265197754]"
2817.0,2009-12-01T00:00:00.000000000,"[4.051721572875977, 5.503862380981445, 5.833894729614258, 5.5918707847595215]","[2.8692455291748047, 3.130769968032837, 3.331465244293213, 3.3433303833007812]"
2817.0,2010-03-01T00:00:00.000000000,"[5.503862380981445, 5.833894729614258, 5.5918707847595215, 4.909804821014404]","[2.981060266494751, 3.676912784576416, 3.5600380897521973, 3.491807460784912]"
2817.0,2010-06-01T00:00:00.000000000,"[5.833894729614258, 5.5918707847595215, 4.909804821014404, 5.76788854598999]","[3.9448444843292236, 4.122983455657959, 3.9486327171325684, 4.197261810302734]"
2817.0,2010-09-01T00:00:00.000000000,"[5.5918707847595215, 4.909804821014404, 5.76788854598999, 5.525864601135254]","[4.252303123474121, 4.1441755294799805, 4.029964447021484, 4.579797744750977]"
2817.0,2010-12-01T00:00:00.000000000,"[4.909804821014404, 5.76788854598999, 5.525864601135254, 5.151828289031982]","[4.041990280151367, 4.145590782165527, 4.035046577453613, 4.056552886962891]"
2817.0,2011-03-01T00:00:00.000000000,"[5.76788854598999, 5.525864601135254, 5.151828289031982, 5.085822105407715]","[3.9402554035186768, 4.020348072052002, 3.730379343032837, 3.8444063663482666]"
2817.0,2011-06-01T00:00:00.000000000,"[5.525864601135254, 5.151828289031982, 5.085822105407715, 2.819601535797119]","[4.465398788452148, 4.001766204833984, 3.6033899784088135, 4.2058820724487305]"
2817.0,2011-09-01T00:00:00.000000000,"[5.151828289031982, 5.085822105407715, 2.819601535797119, 1.5654793977737427]","[4.411250591278076, 4.161997318267822, 3.984706401824951, 4.1136088371276855]"
2817.0,2011-12-01T00:00:00.000000000,"[5.085822105407715, 2.819601535797119, 1.5654793977737427, 2.2475459575653076]","[4.177701473236084, 4.256902694702148, 3.875664234161377, 3.5749433040618896]"
2817.0,2012-03-01T00:00:00.000000000,"[2.819601535797119, 1.5654793977737427, 2.2475459575653076, 3.963712453842163]","[4.407360076904297, 4.212557792663574, 3.8093531131744385, 3.7689015865325928]"
2817.0,2012-06-01T00:00:00.000000000,"[1.5654793977737427, 2.2475459575653076, 3.963712453842163, 5.61387300491333]","[3.6799111366271973, 3.568491220474243, 3.4229023456573486, 3.5094313621520996]"
2817.0,2012-09-01T00:00:00.000000000,"[2.2475459575653076, 3.963712453842163, 5.61387300491333, 5.019815444946289]","[2.895887851715088, 2.8616862297058105, 2.7998647689819336, 2.9710919857025146]"
2817.0,2012-12-01T00:00:00.000000000,"[3.963712453842163, 5.61387300491333, 5.019815444946289, 5.151828289031982]","[2.8110296726226807, 2.9085965156555176, 2.8366379737854004, 2.928185224533081]"
2817.0,2013-03-01T00:00:00.000000000,"[5.61387300491333, 5.019815444946289, 5.151828289031982, 5.217834949493408]","[3.5630226135253906, 4.033553600311279, 3.926035165786743, 3.6649391651153564]"
2968.0,2006-06-01T00:00:00.000000000,"[2.5115716457366943, 2.2915501594543457, 1.9175138473510742, 2.4895694255828857]","[2.1144142150878906, 1.8759565353393555, 1.7258381843566895, 2.052692174911499]"
2968.0,2006-09-01T00:00:00.000000000,"[2.2915501594543457, 1.9175138473510742, 2.4895694255828857, 2.6875884532928467]","[2.0681519508361816, 2.061312437057495, 2.036163806915283, 2.0750679969787598]"
2968.0,2006-12-01T00:00:00.000000000,"[1.9175138473510742, 2.4895694255828857, 2.6875884532928467, 2.9956183433532715]","[1.9295347929000854, 2.274156332015991, 2.246973752975464, 2.048922538757324]"
2968.0,2007-03-01T00:00:00.000000000,"[2.4895694255828857, 2.6875884532928467, 2.9956183433532715, 2.2035415172576904]","[2.0650839805603027, 2.158220052719116, 1.9779882431030273, 1.9926371574401855]"
2968.0,2007-06-01T00:00:00.000000000,"[2.6875884532928467, 2.9956183433532715, 2.2035415172576904, 2.269547939300537]","[2.090735673904419, 1.7722508907318115, 1.6794626712799072, 1.9291672706604004]"
2968.0,2007-09-01T00:00:00.000000000,"[2.9956183433532715, 2.2035415172576904, 2.269547939300537, 2.7095906734466553]","[2.0478930473327637, 2.145019054412842, 2.222743034362793, 2.019421100616455]"
2968.0,2007-12-01T00:00:00.000000000,"[2.2035415172576904, 2.269547939300537, 2.7095906734466553, 2.775597333908081]","[2.2108216285705566, 2.5630524158477783, 2.520420551300049, 2.320775270462036]"
2968.0,2008-03-01T00:00:00.000000000,"[2.269547939300537, 2.7095906734466553, 2.775597333908081, 2.775597333908081]","[2.397623062133789, 2.4707140922546387, 2.3694682121276855, 2.1858792304992676]"
2968.0,2008-06-01T00:00:00.000000000,"[2.7095906734466553, 2.775597333908081, 2.775597333908081, 2.929612159729004]","[2.4430902004241943, 2.1375479698181152, 2.1481640338897705, 2.235121011734009]"
2968.0,2008-09-01T00:00:00.000000000,"[2.775597333908081, 2.775597333908081, 2.929612159729004, 3.0616250038146973]","[2.4978549480438232, 2.3416576385498047, 2.5827951431274414, 2.4331867694854736]"
2968.0,2008-12-01T00:00:00.000000000,"[2.775597333908081, 2.929612159729004, 3.0616250038146973, 3.171635627746582]","[2.4136860370635986, 2.77266263961792, 2.7647311687469482, 2.590808868408203]"
2968.0,2009-03-01T00:00:00.000000000,"[2.929612159729004, 3.0616250038146973, 3.171635627746582, 3.171635627746582]","[2.5216221809387207, 2.9013075828552246, 2.846762180328369, 2.5573387145996094]"
2968.0,2009-06-01T00:00:00.000000000,"[3.0616250038146973, 3.171635627746582, 3.171635627746582, 4.271742820739746]","[2.5514907836914062, 2.4728102684020996, 2.4948689937591553, 2.477186679840088]"
2968.0,2009-09-01T00:00:00.000000000,"[3.171635627746582, 3.171635627746582, 4.271742820739746, 4.337749004364014]","[2.6969728469848633, 2.5019547939300537, 2.615668296813965, 2.560070514678955]"
2968.0,2009-12-01T00:00:00.000000000,"[3.171635627746582, 4.271742820739746, 4.337749004364014, 4.447759628295898]","[2.566518783569336, 2.8037235736846924, 2.7536890506744385, 2.8428616523742676]"
2968.0,2010-03-01T00:00:00.000000000,"[4.271742820739746, 4.337749004364014, 4.447759628295898, 3.6556828022003174]","[2.8477911949157715, 2.9897117614746094, 3.071378231048584, 2.864981174468994]"
2968.0,2010-06-01T00:00:00.000000000,"[4.337749004364014, 4.447759628295898, 3.6556828022003174, 5.129826545715332]","[3.306995391845703, 3.382652997970581, 3.3076627254486084, 3.435267925262451]"
2968.0,2010-09-01T00:00:00.000000000,"[4.447759628295898, 3.6556828022003174, 5.129826545715332, 4.82179594039917]","[3.707597017288208, 3.4609158039093018, 3.554041624069214, 3.7356903553009033]"
2968.0,2010-12-01T00:00:00.000000000,"[3.6556828022003174, 5.129826545715332, 4.82179594039917, 5.1958327293396]","[3.5416154861450195, 3.884855270385742, 3.9563851356506348, 3.8836286067962646]"
2968.0,2011-03-01T00:00:00.000000000,"[5.129826545715332, 4.82179594039917, 5.1958327293396, 4.953808784484863]","[3.544544219970703, 3.5473875999450684, 3.4314160346984863, 3.385315418243408]"
2968.0,2011-06-01T00:00:00.000000000,"[4.82179594039917, 5.1958327293396, 4.953808784484863, 1.0154259204864502]","[4.653678894042969, 4.191022872924805, 3.9788708686828613, 4.493319511413574]"
2968.0,2011-09-01T00:00:00.000000000,"[5.1958327293396, 4.953808784484863, 1.0154259204864502, 2.335554361343384]","[4.352408409118652, 3.9072213172912598, 4.139632701873779, 4.266115188598633]"
2968.0,2011-12-01T00:00:00.000000000,"[4.953808784484863, 1.0154259204864502, 2.335554361343384, 5.723884105682373]","[4.1998090744018555, 4.618105411529541, 4.728127956390381, 4.483809471130371]"
2968.0,2012-03-01T00:00:00.000000000,"[1.0154259204864502, 2.335554361343384, 5.723884105682373, 7.638070106506348]","[4.929778575897217, 4.7095770835876465, 4.416451930999756, 4.097600936889648]"
2968.0,2012-06-01T00:00:00.000000000,"[2.335554361343384, 5.723884105682373, 7.638070106506348, 9.398241996765137]","[3.0404796600341797, 2.5972976684570312, 2.864720106124878, 3.0998497009277344]"
2968.0,2012-09-01T00:00:00.000000000,"[5.723884105682373, 7.638070106506348, 9.398241996765137, 7.616067886352539]","[3.112856388092041, 2.4846739768981934, 3.0275328159332275, 3.484851121902466]"
2968.0,2012-12-01T00:00:00.000000000,"[7.638070106506348, 9.398241996765137, 7.616067886352539, 7.528059482574463]","[4.531661033630371, 4.540273666381836, 4.755031585693359, 5.245387077331543]"
2968.0,2013-03-01T00:00:00.000000000,"[9.398241996765137, 7.616067886352539, 7.528059482574463, 6.62597131729126]","[4.885104179382324, 5.590688228607178, 6.151962757110596, 5.90994930267334]"
2991.0,2006-06-01T00:00:00.000000000,"[5.855896949768066, 5.789890289306641, 3.369654893875122, 0.9714217185974121]","[5.481662273406982, 5.3501386642456055, 5.337796211242676, 5.563831806182861]"
2991.0,2006-09-01T00:00:00.000000000,"[5.789890289306641, 3.369654893875122, 0.9714217185974121, 1.4334666728973389]","[5.254265785217285, 5.148901462554932, 5.494780540466309, 6.289559841156006]"
2991.0,2006-12-01T00:00:00.000000000,"[3.369654893875122, 0.9714217185974121, 1.4334666728973389, 1.6974923610687256]","[5.164388179779053, 5.4469075202941895, 6.039068222045898, 6.359200954437256]"
2991.0,2007-03-01T00:00:00.000000000,"[0.9714217185974121, 1.4334666728973389, 1.6974923610687256, -0.12868529558181763]","[5.090168476104736, 5.578295707702637, 6.04004430770874, 4.953333377838135]"
2991.0,2007-06-01T00:00:00.000000000,"[1.4334666728973389, 1.6974923610687256, -0.12868529558181763, -0.942764401435852]","[3.8272228240966797, 3.8640549182891846, 3.5592637062072754, 4.043567657470703]"
2991.0,2007-09-01T00:00:00.000000000,"[1.6974923610687256, -0.12868529558181763, -0.942764401435852, 0.06933397799730301]","[4.101784706115723, 3.494953155517578, 4.050861835479736, 4.729174613952637]"
2991.0,2007-12-01T00:00:00.000000000,"[-0.12868529558181763, -0.942764401435852, 0.06933397799730301, 0.37736397981643677]","[3.773427963256836, 3.693845272064209, 4.595433235168457, 4.719377040863037]"
2991.0,2008-03-01T00:00:00.000000000,"[-0.942764401435852, 0.06933397799730301, 0.37736397981643677, -0.23869597911834717]","[3.6388747692108154, 3.621788263320923, 4.153596878051758, 4.060322284698486]"
2991.0,2008-06-01T00:00:00.000000000,"[0.06933397799730301, 0.37736397981643677, -0.23869597911834717, 2.0055222511291504]","[3.300050735473633, 3.547999858856201, 4.211448669433594, 4.3449249267578125]"
2991.0,2008-09-01T00:00:00.000000000,"[0.37736397981643677, -0.23869597911834717, 2.0055222511291504, 1.301453948020935]","[2.8442203998565674, 3.3270514011383057, 4.2466816902160645, 4.370287895202637]"
2991.0,2008-12-01T00:00:00.000000000,"[-0.23869597911834717, 2.0055222511291504, 1.301453948020935, 1.1694409847259521]","[2.658172607421875, 3.1628847122192383, 4.080996990203857, 4.069337844848633]"
2991.0,2009-03-01T00:00:00.000000000,"[2.0055222511291504, 1.301453948020935, 1.1694409847259521, 0.8834132552146912]","[2.985313653945923, 3.195389986038208, 3.8620693683624268, 3.792447090148926]"
2991.0,2009-06-01T00:00:00.000000000,"[1.301453948020935, 1.1694409847259521, 0.8834132552146912, 3.479665517807007]","[3.6265783309936523, 4.029083728790283, 3.9995853900909424, 4.352197647094727]"
2991.0,2009-09-01T00:00:00.000000000,"[1.1694409847259521, 0.8834132552146912, 3.479665517807007, 3.21563982963562]","[3.7002291679382324, 3.714158535003662, 4.079743385314941, 4.360258102416992]"
2991.0,2009-12-01T00:00:00.000000000,"[0.8834132552146912, 3.479665517807007, 3.21563982963562, 3.9417104721069336]","[3.0483431816101074, 3.353656053543091, 3.585817813873291, 3.6575334072113037]"
2991.0,2010-03-01T00:00:00.000000000,"[3.479665517807007, 3.21563982963562, 3.9417104721069336, 3.5896763801574707]","[2.6250736713409424, 2.9314770698547363, 3.2756593227386475, 3.2844889163970947]"
2991.0,2010-06-01T00:00:00.000000000,"[3.21563982963562, 3.9417104721069336, 3.5896763801574707, 2.3575565814971924]","[3.0564217567443848, 3.7097487449645996, 3.8430631160736084, 4.197266101837158]"
2991.0,2010-09-01T00:00:00.000000000,"[3.9417104721069336, 3.5896763801574707, 2.3575565814971924, 3.1936378479003906]","[3.047053337097168, 3.637488603591919, 3.8364877700805664, 4.155849933624268]"
2991.0,2010-12-01T00:00:00.000000000,"[3.5896763801574707, 2.3575565814971924, 3.1936378479003906, 2.7095906734466553]","[3.510840892791748, 3.8352928161621094, 3.7478718757629395, 3.8666365146636963]"
2991.0,2011-03-01T00:00:00.000000000,"[2.3575565814971924, 3.1936378479003906, 2.7095906734466553, 2.577577829360962]","[3.377636671066284, 3.6177263259887695, 3.7468924522399902, 3.876624584197998]"
2991.0,2011-06-01T00:00:00.000000000,"[3.1936378479003906, 2.7095906734466553, 2.577577829360962, 2.1375350952148438]","[3.266150951385498, 3.5624148845672607, 3.816464900970459, 4.137938022613525]"
2991.0,2011-09-01T00:00:00.000000000,"[2.7095906734466553, 2.577577829360962, 2.1375350952148438, -4.1990814208984375]","[2.9410958290100098, 3.485712766647339, 3.776188611984253, 4.028678894042969]"
2991.0,2011-12-01T00:00:00.000000000,"[2.577577829360962, 2.1375350952148438, -4.1990814208984375, -0.45871737599372864]","[2.7906336784362793, 3.2982325553894043, 3.360534906387329, 3.1346635818481445]"
2991.0,2012-03-01T00:00:00.000000000,"[2.1375350952148438, -4.1990814208984375, -0.45871737599372864, -0.722743034362793]","[2.85048246383667, 3.695425033569336, 3.2679097652435303, 2.946652412414551]"
2991.0,2012-06-01T00:00:00.000000000,"[-4.1990814208984375, -0.45871737599372864, -0.722743034362793, 1.279451608657837]","[2.644179344177246, 2.9990103244781494, 3.257967472076416, 3.1253209114074707]"
2991.0,2012-09-01T00:00:00.000000000,"[-0.45871737599372864, -0.722743034362793, 1.279451608657837, 3.0616250038146973]","[0.998551607131958, 1.330263614654541, 2.48012638092041, 2.4174606800079346]"
2991.0,2012-12-01T00:00:00.000000000,"[-0.722743034362793, 1.279451608657837, 3.0616250038146973, 5.811892509460449]","[0.5033836364746094, 1.543333649635315, 1.7881543636322021, 1.7898849248886108]"
2991.0,2013-03-01T00:00:00.000000000,"[1.279451608657837, 3.0616250038146973, 5.811892509460449, 4.931806564331055]","[0.8194456100463867, 1.3435972929000854, 2.169395685195923, 1.9840710163116455]"
3062.0,2006-06-01T00:00:00.000000000,"[0.9714217185974121, 1.0154259204864502, 1.1914430856704712, 1.1694409847259521]","[0.7389401197433472, 0.6295573711395264, 0.5746783018112183, 0.5573001503944397]"
3062.0,2006-09-01T00:00:00.000000000,"[1.0154259204864502, 1.1914430856704712, 1.1694409847259521, 1.1914430856704712]","[0.7388564944267273, 0.6238567233085632, 0.5455384850502014, 0.6720227599143982]"
3062.0,2006-12-01T00:00:00.000000000,"[1.1914430856704712, 1.1694409847259521, 1.1914430856704712, 1.3454581499099731]","[0.7731199264526367, 0.6892257928848267, 0.6698974370956421, 0.6665842533111572]"
3062.0,2007-03-01T00:00:00.000000000,"[1.1694409847259521, 1.1914430856704712, 1.3454581499099731, 1.5654793977737427]","[0.8466891050338745, 0.8702690601348877, 0.7803007364273071, 0.7623739242553711]"
3062.0,2007-06-01T00:00:00.000000000,"[1.1914430856704712, 1.3454581499099731, 1.5654793977737427, 1.6094835996627808]","[1.026404619216919, 0.8871660828590393, 0.7896773219108582, 0.7322865128517151]"
3062.0,2007-09-01T00:00:00.000000000,"[1.3454581499099731, 1.5654793977737427, 1.6094835996627808, 1.6754902601242065]","[0.9815129041671753, 0.802882194519043, 0.7064579725265503, 0.8235136270523071]"
3062.0,2007-12-01T00:00:00.000000000,"[1.5654793977737427, 1.6094835996627808, 1.6754902601242065, 2.071528673171997]","[1.123838186264038, 0.9450588226318359, 0.911807656288147, 0.9253543615341187]"
3062.0,2008-03-01T00:00:00.000000000,"[1.6094835996627808, 1.6754902601242065, 2.071528673171997, 1.7855008840560913]","[1.2194992303848267, 1.1534188985824585, 1.0608867406845093, 1.0879619121551514]"
3062.0,2008-06-01T00:00:00.000000000,"[1.6754902601242065, 2.071528673171997, 1.7855008840560913, 1.7414965629577637]","[1.4076604843139648, 1.2280099391937256, 1.1182808876037598, 1.0783435106277466]"
3062.0,2008-09-01T00:00:00.000000000,"[2.071528673171997, 1.7855008840560913, 1.7414965629577637, 0.9494196176528931]","[1.3976061344146729, 1.2192678451538086, 1.1362171173095703, 1.2233045101165771]"
3062.0,2008-12-01T00:00:00.000000000,"[1.7855008840560913, 1.7414965629577637, 0.9494196176528931, 2.4895694255828857]","[1.685910940170288, 1.456329345703125, 1.411708116531372, 1.4778051376342773]"
3062.0,2009-03-01T00:00:00.000000000,"[1.7414965629577637, 0.9494196176528931, 2.4895694255828857, 2.181539297103882]","[1.5986381769180298, 1.4749616384506226, 1.4495102167129517, 1.444257140159607]"
3062.0,2009-06-01T00:00:00.000000000,"[0.9494196176528931, 2.4895694255828857, 2.181539297103882, 2.313552141189575]","[1.728114366531372, 1.6028151512145996, 1.480771541595459, 1.4573943614959717]"
3062.0,2009-09-01T00:00:00.000000000,"[2.4895694255828857, 2.181539297103882, 2.313552141189575, 3.1936378479003906]","[1.4337631464004517, 1.2344880104064941, 1.2454323768615723, 1.2929775714874268]"
3062.0,2009-12-01T00:00:00.000000000,"[2.181539297103882, 2.313552141189575, 3.1936378479003906, 3.5456719398498535]","[2.181962013244629, 1.988240122795105, 1.9032249450683594, 2.0947818756103516]"
3062.0,2010-03-01T00:00:00.000000000,"[2.313552141189575, 3.1936378479003906, 3.5456719398498535, 3.171635627746582]","[2.0413975715637207, 1.9063024520874023, 2.0632433891296387, 2.0199174880981445]"
3062.0,2010-06-01T00:00:00.000000000,"[3.1936378479003906, 3.5456719398498535, 3.171635627746582, 3.3476529121398926]","[2.0505332946777344, 2.296271562576294, 2.25752592086792, 2.148526668548584]"
3062.0,2010-09-01T00:00:00.000000000,"[3.5456719398498535, 3.171635627746582, 3.3476529121398926, 3.8537018299102783]","[2.742157459259033, 2.433634042739868, 2.356276750564575, 2.51491117477417]"
3062.0,2010-12-01T00:00:00.000000000,"[3.171635627746582, 3.3476529121398926, 3.8537018299102783, 4.403755187988281]","[2.973728656768799, 2.7064356803894043, 2.731835126876831, 2.908573627471924]"
3062.0,2011-03-01T00:00:00.000000000,"[3.3476529121398926, 3.8537018299102783, 4.403755187988281, 4.2937445640563965]","[2.694000720977783, 2.7463455200195312, 2.8710780143737793, 2.821293354034424]"
3062.0,2011-06-01T00:00:00.000000000,"[3.8537018299102783, 4.403755187988281, 4.2937445640563965, 4.051721572875977]","[2.9579925537109375, 2.8896069526672363, 2.8344035148620605, 2.9555840492248535]"
3062.0,2011-09-01T00:00:00.000000000,"[4.403755187988281, 4.2937445640563965, 4.051721572875977, 2.269547939300537]","[3.5667190551757812, 3.1457512378692627, 3.072009563446045, 3.307375431060791]"
3062.0,2011-12-01T00:00:00.000000000,"[4.2937445640563965, 4.051721572875977, 2.269547939300537, 5.415853977203369]","[3.788937568664551, 3.508814811706543, 3.529463529586792, 3.760019540786743]"
3062.0,2012-03-01T00:00:00.000000000,"[4.051721572875977, 2.269547939300537, 5.415853977203369, 5.063819408416748]","[3.651498794555664, 3.607309341430664, 3.7164196968078613, 3.6905465126037598]"
3062.0,2012-06-01T00:00:00.000000000,"[2.269547939300537, 5.415853977203369, 5.063819408416748, 4.513765811920166]","[3.7729761600494385, 3.6358015537261963, 3.572237968444824, 3.6625418663024902]"
3062.0,2012-09-01T00:00:00.000000000,"[5.415853977203369, 5.063819408416748, 4.513765811920166, 4.733787536621094]","[3.3353233337402344, 2.9363698959350586, 2.9646847248077393, 3.1440186500549316]"
3062.0,2012-12-01T00:00:00.000000000,"[5.063819408416748, 4.513765811920166, 4.733787536621094, 6.1419243812561035]","[4.774396896362305, 4.4207072257995605, 4.3057684898376465, 4.722875595092773]"
3062.0,2013-03-01T00:00:00.000000000,"[4.513765811920166, 4.733787536621094, 6.1419243812561035, 5.371849536895752]","[4.580479621887207, 4.410989761352539, 4.6976776123046875, 4.571934700012207]"
3144.0,2006-06-01T00:00:00.000000000,"[0.7073960304260254, 0.4653724431991577, 0.26735323667526245, 0.35536178946495056]","[0.6188849210739136, 0.40309515595436096, 0.3007622957229614, 0.3320322632789612]"
3144.0,2006-09-01T00:00:00.000000000,"[0.4653724431991577, 0.26735323667526245, 0.35536178946495056, 0.6853939294815063]","[0.4584662914276123, 0.3119680881500244, 0.4098711609840393, 0.5832719802856445]"
3144.0,2006-12-01T00:00:00.000000000,"[0.26735323667526245, 0.35536178946495056, 0.6853939294815063, 0.42136821150779724]","[0.30250293016433716, 0.4358091354370117, 0.75625079870224, 0.47654688358306885]"
3144.0,2007-03-01T00:00:00.000000000,"[0.35536178946495056, 0.6853939294815063, 0.42136821150779724, 0.13534040749073029]","[0.3777651786804199, 0.7548588514328003, 0.6089432835578918, 0.2617360055446625]"
3144.0,2007-06-01T00:00:00.000000000,"[0.6853939294815063, 0.42136821150779724, 0.13534040749073029, 0.2893553674221039]","[0.6489722728729248, 0.43173736333847046, 0.3442904055118561, 0.388337641954422]"
3144.0,2007-09-01T00:00:00.000000000,"[0.42136821150779724, 0.13534040749073029, 0.2893553674221039, 0.6193875670433044]","[0.4291766285896301, 0.3127449154853821, 0.42921292781829834, 0.577885627746582]"
3144.0,2007-12-01T00:00:00.000000000,"[0.13534040749073029, 0.2893553674221039, 0.6193875670433044, 0.37736397981643677]","[0.30194711685180664, 0.4294053316116333, 0.7423806190490723, 0.4762094020843506]"
3144.0,2008-03-01T00:00:00.000000000,"[0.2893553674221039, 0.6193875670433044, 0.37736397981643677, 0.11333828419446945]","[0.34325504302978516, 0.7123979330062866, 0.5247077345848083, 0.18844981491565704]"
3144.0,2008-06-01T00:00:00.000000000,"[0.6193875670433044, 0.37736397981643677, 0.11333828419446945, 0.2453511357307434]","[0.6047735810279846, 0.40620163083076477, 0.30470871925354004, 0.3595724105834961]"
3144.0,2008-09-01T00:00:00.000000000,"[0.37736397981643677, 0.11333828419446945, 0.2453511357307434, 0.5973852872848511]","[0.3551131784915924, 0.26155585050582886, 0.4117739796638489, 0.5322054028511047]"
3144.0,2008-12-01T00:00:00.000000000,"[0.11333828419446945, 0.2453511357307434, 0.5973852872848511, 0.3993660807609558]","[0.2735806703567505, 0.3799208700656891, 0.689017653465271, 0.44006624817848206]"
3144.0,2009-03-01T00:00:00.000000000,"[0.2453511357307434, 0.5973852872848511, 0.3993660807609558, 0.15734252333641052]","[0.32033973932266235, 0.6706609129905701, 0.47597283124923706, 0.1569642871618271]"
3144.0,2009-06-01T00:00:00.000000000,"[0.5973852872848511, 0.3993660807609558, 0.15734252333641052, 0.33335965871810913]","[0.5451490879058838, 0.3815297782421112, 0.29107770323753357, 0.33864402770996094]"
3144.0,2009-09-01T00:00:00.000000000,"[0.3993660807609558, 0.15734252333641052, 0.33335965871810913, 0.6413896679878235]","[0.3855448067188263, 0.27309030294418335, 0.40781575441360474, 0.5169587135314941]"
3144.0,2009-12-01T00:00:00.000000000,"[0.15734252333641052, 0.33335965871810913, 0.6413896679878235, 0.575383186340332]","[0.2947273552417755, 0.38785678148269653, 0.6878782510757446, 0.4639541208744049]"
3144.0,2010-03-01T00:00:00.000000000,"[0.33335965871810913, 0.6413896679878235, 0.575383186340332, 0.2453511357307434]","[0.34154850244522095, 0.6850364208221436, 0.4922974705696106, 0.17924849689006805]"
3144.0,2010-06-01T00:00:00.000000000,"[0.6413896679878235, 0.575383186340332, 0.2453511357307434, 0.35536178946495056]","[0.5584886074066162, 0.34322553873062134, 0.2447686791419983, 0.3415125012397766]"
3144.0,2010-09-01T00:00:00.000000000,"[0.575383186340332, 0.2453511357307434, 0.35536178946495056, 0.6853939294815063]","[0.377751886844635, 0.27230530977249146, 0.41481468081474304, 0.529358446598053]"
3144.0,2010-12-01T00:00:00.000000000,"[0.2453511357307434, 0.35536178946495056, 0.6853939294815063, 0.5313789248466492]","[0.3200419545173645, 0.40926286578178406, 0.693374752998352, 0.46272391080856323]"
3144.0,2011-03-01T00:00:00.000000000,"[0.35536178946495056, 0.6853939294815063, 0.5313789248466492, 0.26735323667526245]","[0.34592801332473755, 0.690645694732666, 0.5210891366004944, 0.16317446529865265]"
3144.0,2011-06-01T00:00:00.000000000,"[0.6853939294815063, 0.5313789248466492, 0.26735323667526245, 0.42136821150779724]","[0.5788500308990479, 0.38305073976516724, 0.27705782651901245, 0.3575827181339264]"
3144.0,2011-09-01T00:00:00.000000000,"[0.5313789248466492, 0.26735323667526245, 0.42136821150779724, 0.2233489453792572]","[0.4529200494289398, 0.2957583963871002, 0.39289921522140503, 0.5295361280441284]"
3144.0,2011-12-01T00:00:00.000000000,"[0.26735323667526245, 0.42136821150779724, 0.2233489453792572, 0.5093768239021301]","[0.33398541808128357, 0.39804208278656006, 0.6452403664588928, 0.4488222002983093]"
3144.0,2012-03-01T00:00:00.000000000,"[0.42136821150779724, 0.2233489453792572, 0.5093768239021301, 0.33335965871810913]","[0.34200161695480347, 0.642439603805542, 0.5030332207679749, 0.19348564743995667]"
3144.0,2012-06-01T00:00:00.000000000,"[0.2233489453792572, 0.5093768239021301, 0.33335965871810913, 0.5093768239021301]","[0.5806149244308472, 0.39968088269233704, 0.317621111869812, 0.39687108993530273]"
3144.0,2012-09-01T00:00:00.000000000,"[0.5093768239021301, 0.33335965871810913, 0.5093768239021301, 0.7954046130180359]","[0.32317015528678894, 0.20154695212841034, 0.3081700801849365, 0.39163827896118164]"
3144.0,2012-12-01T00:00:00.000000000,"[0.33335965871810913, 0.5093768239021301, 0.7954046130180359, 0.7293981313705444]","[0.34130704402923584, 0.37475520372390747, 0.5490599870681763, 0.4218142330646515]"
3144.0,2013-03-01T00:00:00.000000000,"[0.5093768239021301, 0.7954046130180359, 0.7293981313705444, 0.2893553674221039]","[0.30885133147239685, 0.5139321088790894, 0.42813795804977417, 0.24251370131969452]"
3226.0,2006-06-01T00:00:00.000000000,"[0.13534040749073029, 0.10233722627162933, 0.11333828419446945, 0.19034576416015625]","[0.02836376428604126, -0.04957267642021179, -0.06517258286476135, -0.028511375188827515]"
3226.0,2006-09-01T00:00:00.000000000,"[0.10233722627162933, 0.11333828419446945, 0.19034576416015625, 0.2343500703573227]","[0.05443680286407471, 0.013770878314971924, 0.015812605619430542, 0.05951333045959473]"
3226.0,2006-12-01T00:00:00.000000000,"[0.11333828419446945, 0.19034576416015625, 0.2343500703573227, 0.17934469878673553]","[0.03855392336845398, 0.03554835915565491, 0.041866451501846313, 0.04961755871772766]"
3226.0,2007-03-01T00:00:00.000000000,"[0.19034576416015625, 0.2343500703573227, 0.17934469878673553, 0.168343648314476]","[0.07059687376022339, 0.05672562122344971, 0.048826009035110474, 0.06495729088783264]"
3226.0,2007-06-01T00:00:00.000000000,"[0.2343500703573227, 0.17934469878673553, 0.168343648314476, 0.25635218620300293]","[0.17004460096359253, 0.10386776924133301, 0.09302020072937012, 0.1150059700012207]"
3226.0,2007-09-01T00:00:00.000000000,"[0.17934469878673553, 0.168343648314476, 0.25635218620300293, 0.2123478800058365]","[0.18122448027133942, 0.1314464658498764, 0.129062220454216, 0.17488090693950653]"
3226.0,2007-12-01T00:00:00.000000000,"[0.168343648314476, 0.25635218620300293, 0.2123478800058365, 0.3113575577735901]","[0.1754729002714157, 0.1565932184457779, 0.16359378397464752, 0.15965242683887482]"
3226.0,2008-03-01T00:00:00.000000000,"[0.25635218620300293, 0.2123478800058365, 0.3113575577735901, 0.27835431694984436]","[0.16928616166114807, 0.16100671887397766, 0.13764578104019165, 0.16561058163642883]"
3226.0,2008-06-01T00:00:00.000000000,"[0.2123478800058365, 0.3113575577735901, 0.27835431694984436, 0.4653724431991577]","[0.2841565012931824, 0.21490894258022308, 0.20631681382656097, 0.22023554146289825]"
3226.0,2008-09-01T00:00:00.000000000,"[0.3113575577735901, 0.27835431694984436, 0.4653724431991577, 0.44337034225463867]","[0.21981076896190643, 0.19804973900318146, 0.19588278234004974, 0.2301451712846756]"
3226.0,2008-12-01T00:00:00.000000000,"[0.27835431694984436, 0.4653724431991577, 0.44337034225463867, 0.44337034225463867]","[0.28847819566726685, 0.2786743640899658, 0.27395302057266235, 0.2776033878326416]"
3226.0,2009-03-01T00:00:00.000000000,"[0.4653724431991577, 0.44337034225463867, 0.44337034225463867, 0.37736397981643677]","[0.2662087678909302, 0.2617667317390442, 0.24675415456295013, 0.2634827494621277]"
3226.0,2009-06-01T00:00:00.000000000,"[0.44337034225463867, 0.44337034225463867, 0.37736397981643677, 0.6633917689323425]","[0.4117252826690674, 0.3723677694797516, 0.35559552907943726, 0.37315884232521057]"
3226.0,2009-09-01T00:00:00.000000000,"[0.44337034225463867, 0.37736397981643677, 0.6633917689323425, 0.7293981313705444]","[0.3818148672580719, 0.34397298097610474, 0.34783074259757996, 0.38933929800987244]"
3226.0,2009-12-01T00:00:00.000000000,"[0.37736397981643677, 0.6633917689323425, 0.7293981313705444, 0.7293981313705444]","[0.4097006618976593, 0.40261945128440857, 0.4051305651664734, 0.4008861184120178]"
3226.0,2010-03-01T00:00:00.000000000,"[0.6633917689323425, 0.7293981313705444, 0.7293981313705444, 0.7073960304260254]","[0.38194987177848816, 0.3628527820110321, 0.33794647455215454, 0.3622337877750397]"
3226.0,2010-06-01T00:00:00.000000000,"[0.7293981313705444, 0.7293981313705444, 0.7073960304260254, 0.9714217185974121]","[0.5964049100875854, 0.5104096531867981, 0.4925302267074585, 0.5295056104660034]"
3226.0,2010-09-01T00:00:00.000000000,"[0.7293981313705444, 0.7073960304260254, 0.9714217185974121, 1.0154259204864502]","[0.5856932401657104, 0.5477913618087769, 0.5659008026123047, 0.5947957038879395]"
3226.0,2010-12-01T00:00:00.000000000,"[0.7073960304260254, 0.9714217185974121, 1.0154259204864502, 1.0374282598495483]","[0.6099812388420105, 0.618694543838501, 0.6247859001159668, 0.6013931632041931]"
3226.0,2011-03-01T00:00:00.000000000,"[0.9714217185974121, 1.0154259204864502, 1.0374282598495483, 1.0374282598495483]","[0.6430792808532715, 0.5978972911834717, 0.5608956813812256, 0.5875396132469177]"
3226.0,2011-06-01T00:00:00.000000000,"[1.0154259204864502, 1.0374282598495483, 1.0374282598495483, 0.8614109754562378]","[0.8665757179260254, 0.7324082255363464, 0.7190602421760559, 0.7841633558273315]"
3226.0,2011-09-01T00:00:00.000000000,"[1.0374282598495483, 1.0374282598495483, 0.8614109754562378, 0.8174067735671997]","[0.8261973857879639, 0.7860323786735535, 0.8083710074424744, 0.8583607077598572]"
3226.0,2011-12-01T00:00:00.000000000,"[1.0374282598495483, 0.8614109754562378, 0.8174067735671997, 0.7293981313705444]","[0.8685662746429443, 0.8867244720458984, 0.8989006280899048, 0.8745743632316589]"
3226.0,2012-03-01T00:00:00.000000000,"[0.8614109754562378, 0.8174067735671997, 0.7293981313705444, 0.5313789248466492]","[0.9542246460914612, 0.8875913023948669, 0.8365625143051147, 0.8851315379142761]"
3226.0,2012-06-01T00:00:00.000000000,"[0.8174067735671997, 0.7293981313705444, 0.5313789248466492, 0.9714217185974121]","[0.9756252765655518, 0.812606692314148, 0.8198844194412231, 0.883765697479248]"
3226.0,2012-09-01T00:00:00.000000000,"[0.7293981313705444, 0.5313789248466492, 0.9714217185974121, 1.147438883781433]","[0.8735613822937012, 0.8575451374053955, 0.8557568192481995, 0.9168614149093628]"
3226.0,2012-12-01T00:00:00.000000000,"[0.5313789248466492, 0.9714217185974121, 1.147438883781433, 1.2134451866149902]","[0.8461601734161377, 0.846059262752533, 0.8464722633361816, 0.852265477180481]"
3226.0,2013-03-01T00:00:00.000000000,"[0.9714217185974121, 1.147438883781433, 1.2134451866149902, 0.9934238195419312]","[0.7575297355651855, 0.763267993927002, 0.731456995010376, 0.7426636219024658]"
3980.0,2006-06-01T00:00:00.000000000,"[2.115532875061035, 1.2574495077133179, 2.0935308933258057, 2.0055222511291504]","[1.8898205757141113, 1.3240360021591187, 1.3863880634307861, 1.4216017723083496]"
3980.0,2006-09-01T00:00:00.000000000,"[1.2574495077133179, 2.0935308933258057, 2.0055222511291504, 2.4895694255828857]","[1.3186357021331787, 1.5096060037612915, 1.5426336526870728, 1.8122854232788086]"
3980.0,2006-12-01T00:00:00.000000000,"[2.0935308933258057, 2.0055222511291504, 2.4895694255828857, 1.9395159482955933]","[1.222231149673462, 1.3113837242126465, 1.9839627742767334, 1.0961567163467407]"
3980.0,2007-03-01T00:00:00.000000000,"[2.0055222511291504, 2.4895694255828857, 1.9395159482955933, 2.885607957839966]","[1.7969894409179688, 1.9569088220596313, 1.5750833749771118, 1.773789405822754]"
3980.0,2007-06-01T00:00:00.000000000,"[2.4895694255828857, 1.9395159482955933, 2.885607957839966, 2.2915501594543457]","[2.27030086517334, 1.5773050785064697, 1.6856229305267334, 1.725776195526123]"
3980.0,2007-09-01T00:00:00.000000000,"[1.9395159482955933, 2.885607957839966, 2.2915501594543457, 2.8636057376861572]","[1.7219080924987793, 1.9445374011993408, 1.9218595027923584, 2.190258502960205]"
3980.0,2007-12-01T00:00:00.000000000,"[2.885607957839966, 2.2915501594543457, 2.8636057376861572, 1.7194944620132446]","[1.825162410736084, 1.7868473529815674, 2.360287666320801, 1.5338784456253052]"
3980.0,2008-03-01T00:00:00.000000000,"[2.2915501594543457, 2.8636057376861572, 1.7194944620132446, 2.7095906734466553]","[2.403137683868408, 2.4900078773498535, 2.084583282470703, 2.34928560256958]"
3980.0,2008-06-01T00:00:00.000000000,"[2.8636057376861572, 1.7194944620132446, 2.7095906734466553, 2.5995800495147705]","[2.5967862606048584, 1.9036047458648682, 2.07792329788208, 2.0929548740386963]"
3980.0,2008-09-01T00:00:00.000000000,"[1.7194944620132446, 2.7095906734466553, 2.5995800495147705, 2.775597333908081]","[2.1936492919921875, 2.459869861602783, 2.361748695373535, 2.645928382873535]"
3980.0,2008-12-01T00:00:00.000000000,"[2.7095906734466553, 2.5995800495147705, 2.775597333908081, 1.6534881591796875]","[2.060577869415283, 1.9290703535079956, 2.508735418319702, 1.7048084735870361]"
3980.0,2009-03-01T00:00:00.000000000,"[2.5995800495147705, 2.775597333908081, 1.6534881591796875, 3.4576635360717773]","[2.6189565658569336, 2.8032307624816895, 2.403198719024658, 2.5337605476379395]"
3980.0,2009-06-01T00:00:00.000000000,"[2.775597333908081, 1.6534881591796875, 3.4576635360717773, 3.3476529121398926]","[3.101736068725586, 2.3987066745758057, 2.5062127113342285, 2.4892663955688477]"
3980.0,2009-09-01T00:00:00.000000000,"[1.6534881591796875, 3.4576635360717773, 3.3476529121398926, 3.4136593341827393]","[2.3850646018981934, 2.6850688457489014, 2.6318814754486084, 2.8930037021636963]"
3980.0,2009-12-01T00:00:00.000000000,"[3.4576635360717773, 3.3476529121398926, 3.4136593341827393, 2.5555758476257324]","[2.2387490272521973, 2.2229931354522705, 2.660402297973633, 1.9465453624725342]"
3980.0,2010-03-01T00:00:00.000000000,"[3.3476529121398926, 3.4136593341827393, 2.5555758476257324, 3.3476529121398926]","[2.936649799346924, 3.1014912128448486, 2.7655866146087646, 3.1137423515319824]"
3980.0,2010-06-01T00:00:00.000000000,"[3.4136593341827393, 2.5555758476257324, 3.3476529121398926, 2.8416035175323486]","[3.5225729942321777, 2.978459358215332, 3.2008981704711914, 3.0921237468719482]"
3980.0,2010-09-01T00:00:00.000000000,"[2.5555758476257324, 3.3476529121398926, 2.8416035175323486, 2.269547939300537]","[2.719590663909912, 3.2415294647216797, 3.1606273651123047, 3.4146456718444824]"
3980.0,2010-12-01T00:00:00.000000000,"[3.3476529121398926, 2.8416035175323486, 2.269547939300537, 1.6534881591796875]","[2.932095527648926, 2.933481216430664, 3.3680222034454346, 2.508229970932007]"
3980.0,2011-03-01T00:00:00.000000000,"[2.8416035175323486, 2.269547939300537, 1.6534881591796875, 2.665586471557617]","[3.1337108612060547, 3.2210867404937744, 2.8391098976135254, 3.2954277992248535]"
3980.0,2011-06-01T00:00:00.000000000,"[2.269547939300537, 1.6534881591796875, 2.665586471557617, 0.6193875670433044]","[3.5607547760009766, 3.0310964584350586, 3.2986531257629395, 3.139759063720703]"
3980.0,2011-09-01T00:00:00.000000000,"[1.6534881591796875, 2.665586471557617, 0.6193875670433044, -0.5247237682342529]","[2.373396158218384, 2.7956089973449707, 2.792759895324707, 2.9796347618103027]"
3980.0,2011-12-01T00:00:00.000000000,"[2.665586471557617, 0.6193875670433044, -0.5247237682342529, -1.1407837867736816]","[2.5373239517211914, 2.4616453647613525, 2.7943453788757324, 2.2639365196228027]"
3980.0,2012-03-01T00:00:00.000000000,"[0.6193875670433044, -0.5247237682342529, -1.1407837867736816, 0.003327556187286973]","[2.49857497215271, 2.617922782897949, 2.3772122859954834, 2.78784441947937]"
3980.0,2012-06-01T00:00:00.000000000,"[-0.5247237682342529, -1.1407837867736816, 0.003327556187286973, 1.0374282598495483]","[2.3565521240234375, 1.909255862236023, 2.5994834899902344, 2.4465832710266113]"
3980.0,2012-09-01T00:00:00.000000000,"[-1.1407837867736816, 0.003327556187286973, 1.0374282598495483, 1.0594303607940674]","[1.0928688049316406, 1.2859467267990112, 1.2078726291656494, 1.7190706729888916]"
3980.0,2012-12-01T00:00:00.000000000,"[0.003327556187286973, 1.0374282598495483, 1.0594303607940674, 0.11333828419446945]","[0.7725839614868164, 0.6776121854782104, 1.163813829421997, 1.326857328414917]"
3980.0,2013-03-01T00:00:00.000000000,"[1.0374282598495483, 1.0594303607940674, 0.11333828419446945, 1.6314857006072998]","[1.2722208499908447, 1.5709829330444336, 1.6765034198760986, 1.9271715879440308]"
5568.0,2004-09-01T00:00:00.000000000,"[1.2134451866149902, 1.279451608657837, 1.477470874786377, 0.26735323667526245]","[1.0090899467468262, 1.1917948722839355, 1.337877869606018, 0.9627258777618408]"
5568.0,2004-12-01T00:00:00.000000000,"[1.279451608657837, 1.477470874786377, 0.26735323667526245, 0.6633917689323425]","[1.2537918090820312, 1.2200310230255127, 1.1097557544708252, 1.134007453918457]"
5568.0,2005-03-01T00:00:00.000000000,"[1.477470874786377, 0.26735323667526245, 0.6633917689323425, 0.9054153561592102]","[1.3101166486740112, 1.0544283390045166, 1.0767462253570557, 1.210587978363037]"
5568.0,2005-06-01T00:00:00.000000000,"[0.26735323667526245, 0.6633917689323425, 0.9054153561592102, 1.1694409847259521]","[1.1954487562179565, 1.2710621356964111, 1.3728973865509033, 1.392798900604248]"
5568.0,2005-09-01T00:00:00.000000000,"[0.6633917689323425, 0.9054153561592102, 1.1694409847259521, 1.125436782836914]","[0.6853256821632385, 0.8487190008163452, 1.133730173110962, 0.6267180442810059]"
5568.0,2005-12-01T00:00:00.000000000,"[0.9054153561592102, 1.1694409847259521, 1.125436782836914, 1.301453948020935]","[0.9282281994819641, 0.9423444867134094, 0.7616046071052551, 0.8671557307243347]"
5568.0,2006-03-01T00:00:00.000000000,"[1.1694409847259521, 1.125436782836914, 1.301453948020935, 1.147438883781433]","[1.1826285123825073, 0.7446004748344421, 0.7916534543037415, 1.0199363231658936]"
5568.0,2006-06-01T00:00:00.000000000,"[1.125436782836914, 1.301453948020935, 1.147438883781433, 1.455468773841858]","[0.9623477458953857, 1.0760997533798218, 1.2709200382232666, 1.2948671579360962]"
5568.0,2006-09-01T00:00:00.000000000,"[1.301453948020935, 1.147438883781433, 1.455468773841858, 1.125436782836914]","[1.0136312246322632, 1.3356513977050781, 1.4876320362091064, 1.0117485523223877]"
5568.0,2006-12-01T00:00:00.000000000,"[1.147438883781433, 1.455468773841858, 1.125436782836914, 1.279451608657837]","[1.3286159038543701, 1.3134626150131226, 1.1923609972000122, 1.2809112071990967]"
5568.0,2007-03-01T00:00:00.000000000,"[1.455468773841858, 1.125436782836914, 1.279451608657837, 1.2574495077133179]","[1.2303105592727661, 0.9931541681289673, 1.118327021598816, 1.2443393468856812]"
5568.0,2007-06-01T00:00:00.000000000,"[1.125436782836914, 1.279451608657837, 1.2574495077133179, 1.499472975730896]","[1.0766034126281738, 1.202573299407959, 1.3465057611465454, 1.4280576705932617]"
5568.0,2007-09-01T00:00:00.000000000,"[1.279451608657837, 1.2574495077133179, 1.499472975730896, 1.0154259204864502]","[1.131579875946045, 1.4063541889190674, 1.690537929534912, 1.070363163948059]"
5568.0,2007-12-01T00:00:00.000000000,"[1.2574495077133179, 1.499472975730896, 1.0154259204864502, 1.147438883781433]","[1.33125901222229, 1.3925223350524902, 1.185943841934204, 1.2818390130996704]"
5568.0,2008-03-01T00:00:00.000000000,"[1.499472975730896, 1.0154259204864502, 1.147438883781433, 0.7514004111289978]","[1.3675665855407715, 0.98525071144104, 1.044380784034729, 1.226170539855957]"
5568.0,2008-06-01T00:00:00.000000000,"[1.0154259204864502, 1.147438883781433, 0.7514004111289978, 0.8174067735671997]","[1.0987372398376465, 1.2056649923324585, 1.384725570678711, 1.4127724170684814]"
5568.0,2008-09-01T00:00:00.000000000,"[1.147438883781433, 0.7514004111289978, 0.8174067735671997, 0.8834132552146912]","[1.1348460912704468, 1.3854517936706543, 1.6711559295654297, 1.0474393367767334]"
5568.0,2008-12-01T00:00:00.000000000,"[0.7514004111289978, 0.8174067735671997, 0.8834132552146912, 0.575383186340332]","[1.283675193786621, 1.3137233257293701, 1.0981762409210205, 1.1823593378067017]"
5568.0,2009-03-01T00:00:00.000000000,"[0.8174067735671997, 0.8834132552146912, 0.575383186340332, 1.0594303607940674]","[1.2030774354934692, 0.8122662901878357, 0.8558195233345032, 0.9825477004051208]"
5568.0,2009-06-01T00:00:00.000000000,"[0.8834132552146912, 0.575383186340332, 1.0594303607940674, 0.8394088745117188]","[0.9316051006317139, 0.8883187770843506, 1.0194638967514038, 1.0992999076843262]"
5568.0,2009-09-01T00:00:00.000000000,"[0.575383186340332, 1.0594303607940674, 0.8394088745117188, 1.0594303607940674]","[0.9616732597351074, 1.0942174196243286, 1.289657711982727, 0.8737895488739014]"
5568.0,2009-12-01T00:00:00.000000000,"[1.0594303607940674, 0.8394088745117188, 1.0594303607940674, 0.8834132552146912]","[0.9990567564964294, 1.0679380893707275, 0.9762182235717773, 1.0288721323013306]"
5568.0,2010-03-01T00:00:00.000000000,"[0.8394088745117188, 1.0594303607940674, 0.8834132552146912, 1.0154259204864502]","[1.2439543008804321, 0.9182367324829102, 1.0103709697723389, 1.1025313138961792]"
5568.0,2010-06-01T00:00:00.000000000,"[1.0594303607940674, 0.8834132552146912, 1.0154259204864502, 0.7293981313705444]","[0.9352728128433228, 0.9098936319351196, 1.0190105438232422, 1.1056194305419922]"
5568.0,2010-09-01T00:00:00.000000000,"[0.8834132552146912, 1.0154259204864502, 0.7293981313705444, 1.0374282598495483]","[0.975909411907196, 1.1035336256027222, 1.3437238931655884, 0.9321226477622986]"
5680.0,2006-06-01T00:00:00.000000000,"[1.4114645719528198, 2.6435842514038086, 1.7414965629577637, 1.499472975730896]","[0.9440484046936035, 1.3677135705947876, 1.0660666227340698, 0.6592930555343628]"
5680.0,2006-09-01T00:00:00.000000000,"[2.6435842514038086, 1.7414965629577637, 1.499472975730896, 1.8515071868896484]","[1.6066441535949707, 0.8611304759979248, 0.5526825189590454, 0.8707407712936401]"
5680.0,2006-12-01T00:00:00.000000000,"[1.7414965629577637, 1.499472975730896, 1.8515071868896484, 3.0616250038146973]","[1.4845765829086304, 1.0832302570343018, 1.0623470544815063, 1.5380146503448486]"
5680.0,2007-03-01T00:00:00.000000000,"[1.499472975730896, 1.8515071868896484, 3.0616250038146973, 2.2915501594543457]","[0.9562978148460388, 1.2980211973190308, 1.9147238731384277, 1.0240726470947266]"
5680.0,2007-06-01T00:00:00.000000000,"[1.8515071868896484, 3.0616250038146973, 2.2915501594543457, 1.8735092878341675]","[1.397655963897705, 2.107924699783325, 1.4214105606079102, 0.7149192094802856]"
5680.0,2007-09-01T00:00:00.000000000,"[3.0616250038146973, 2.2915501594543457, 1.8735092878341675, 2.4675674438476562]","[2.504268169403076, 1.6248981952667236, 0.9953898787498474, 1.1594829559326172]"
5680.0,2007-12-01T00:00:00.000000000,"[2.2915501594543457, 1.8735092878341675, 2.4675674438476562, 3.633680582046509]","[2.123601198196411, 1.2876145839691162, 1.319204330444336, 2.0727829933166504]"
5680.0,2008-03-01T00:00:00.000000000,"[1.8735092878341675, 2.4675674438476562, 3.633680582046509, 2.819601535797119]","[1.2630165815353394, 1.7359404563903809, 2.940469741821289, 1.5021836757659912]"
5680.0,2008-06-01T00:00:00.000000000,"[2.4675674438476562, 3.633680582046509, 2.819601535797119, 2.4675674438476562]","[2.010406494140625, 2.9928507804870605, 2.2323145866394043, 1.0916976928710938]"
5680.0,2008-09-01T00:00:00.000000000,"[3.633680582046509, 2.819601535797119, 2.4675674438476562, 2.973616361618042]","[3.3772246837615967, 2.3377981185913086, 1.5804219245910645, 1.7110390663146973]"
5680.0,2008-12-01T00:00:00.000000000,"[2.819601535797119, 2.4675674438476562, 2.973616361618042, 4.2497406005859375]","[2.566427230834961, 1.773248553276062, 2.064138412475586, 2.869532585144043]"
5680.0,2009-03-01T00:00:00.000000000,"[2.4675674438476562, 2.973616361618042, 4.2497406005859375, 3.4136593341827393]","[1.7864452600479126, 2.441706657409668, 3.834993600845337, 2.184438705444336]"
5680.0,2009-06-01T00:00:00.000000000,"[2.973616361618042, 4.2497406005859375, 3.4136593341827393, 3.017620801925659]","[2.759449005126953, 3.7730491161346436, 2.9008584022521973, 1.8509087562561035]"
5680.0,2009-09-01T00:00:00.000000000,"[4.2497406005859375, 3.4136593341827393, 3.017620801925659, 3.875704050064087]","[3.9210057258605957, 2.7690279483795166, 2.2575881481170654, 2.5035433769226074]"
5680.0,2009-12-01T00:00:00.000000000,"[3.4136593341827393, 3.017620801925659, 3.875704050064087, 6.00991153717041]","[3.231027126312256, 2.527543306350708, 2.9119157791137695, 3.677429676055908]"
5680.0,2010-03-01T00:00:00.000000000,"[3.017620801925659, 3.875704050064087, 6.00991153717041, 4.82179594039917]","[2.3979029655456543, 3.200465202331543, 4.534826278686523, 2.929037570953369]"
5680.0,2010-06-01T00:00:00.000000000,"[3.875704050064087, 6.00991153717041, 4.82179594039917, 4.2497406005859375]","[3.3254337310791016, 4.305582523345947, 3.4162840843200684, 2.5911505222320557]"
5680.0,2010-09-01T00:00:00.000000000,"[6.00991153717041, 4.82179594039917, 4.2497406005859375, 4.2937445640563965]","[4.7142510414123535, 3.392319679260254, 3.025527000427246, 3.4300003051757812]"
5680.0,2010-12-01T00:00:00.000000000,"[4.82179594039917, 4.2497406005859375, 4.2937445640563965, 6.273937702178955]","[4.351633548736572, 3.6935601234436035, 4.079596042633057, 4.953583240509033]"
5680.0,2011-03-01T00:00:00.000000000,"[4.2497406005859375, 4.2937445640563965, 6.273937702178955, 4.865800380706787]","[3.3023409843444824, 4.2175164222717285, 5.820903778076172, 3.938779830932617]"
5680.0,2011-06-01T00:00:00.000000000,"[4.2937445640563965, 6.273937702178955, 4.865800380706787, 4.315746784210205]","[4.310603141784668, 5.365139484405518, 4.368692398071289, 3.4824090003967285]"
5680.0,2011-09-01T00:00:00.000000000,"[6.273937702178955, 4.865800380706787, 4.315746784210205, 3.875704050064087]","[5.612901210784912, 4.031138896942139, 3.6707711219787598, 4.124976634979248]"
5680.0,2011-12-01T00:00:00.000000000,"[4.865800380706787, 4.315746784210205, 3.875704050064087, 8.144119262695312]","[5.080829620361328, 4.299854278564453, 4.612208366394043, 5.638843059539795]"
5680.0,2012-03-01T00:00:00.000000000,"[4.315746784210205, 3.875704050064087, 8.144119262695312, 6.295939922332764]","[3.9159908294677734, 4.7374162673950195, 6.394256591796875, 4.475041389465332]"
5680.0,2012-06-01T00:00:00.000000000,"[3.875704050064087, 8.144119262695312, 6.295939922332764, 5.129826545715332]","[4.815060615539551, 6.0432329177856445, 4.934026718139648, 4.050300121307373]"
5680.0,2012-09-01T00:00:00.000000000,"[8.144119262695312, 6.295939922332764, 5.129826545715332, 7.792084693908691]","[5.789477348327637, 4.1673173904418945, 3.8465657234191895, 4.293451309204102]"
5680.0,2012-12-01T00:00:00.000000000,"[6.295939922332764, 5.129826545715332, 7.792084693908691, 9.266228675842285]","[6.131404876708984, 5.451969146728516, 5.754855155944824, 6.944449424743652]"
5680.0,2013-03-01T00:00:00.000000000,"[5.129826545715332, 7.792084693908691, 9.266228675842285, 7.924098014831543]","[4.728492736816406, 5.767272472381592, 7.964068412780762, 5.496973991394043]"
6008.0,2006-06-01T00:00:00.000000000,"[0.5093768239021301, 0.7514004111289978, 0.9274174571037292, 0.20134682953357697]","[0.29302912950515747, 0.46316635608673096, 0.5697823166847229, 0.3184468746185303]"
6008.0,2006-09-01T00:00:00.000000000,"[0.7514004111289978, 0.9274174571037292, 0.20134682953357697, 0.5093768239021301]","[0.5334295630455017, 0.5080583691596985, 0.4174612760543823, 0.40460872650146484]"
6008.0,2006-12-01T00:00:00.000000000,"[0.9274174571037292, 0.20134682953357697, 0.5093768239021301, 0.7073960304260254]","[0.5274603366851807, 0.38165199756622314, 0.39291131496429443, 0.5491733551025391]"
6008.0,2007-03-01T00:00:00.000000000,"[0.20134682953357697, 0.5093768239021301, 0.7073960304260254, 0.9274174571037292]","[0.6119634509086609, 0.660435676574707, 0.7904885411262512, 0.7736027836799622]"
6008.0,2007-06-01T00:00:00.000000000,"[0.5093768239021301, 0.7073960304260254, 0.9274174571037292, 0.4873746931552887]","[0.33081120252609253, 0.5448212623596191, 0.6535458564758301, 0.38135072588920593]"
6008.0,2007-09-01T00:00:00.000000000,"[0.7073960304260254, 0.9274174571037292, 0.4873746931552887, 0.5973852872848511]","[0.6102279424667358, 0.5128040909767151, 0.4482477605342865, 0.5035216808319092]"
6008.0,2007-12-01T00:00:00.000000000,"[0.9274174571037292, 0.4873746931552887, 0.5973852872848511, 1.0594303607940674]","[0.5773201584815979, 0.4113708436489105, 0.4167216122150421, 0.6045928001403809]"
6008.0,2008-03-01T00:00:00.000000000,"[0.4873746931552887, 0.5973852872848511, 1.0594303607940674, 1.0374282598495483]","[0.5899039506912231, 0.7111815214157104, 0.8334110975265503, 0.8445621728897095]"
6008.0,2008-06-01T00:00:00.000000000,"[0.5973852872848511, 1.0594303607940674, 1.0374282598495483, 0.7514004111289978]","[0.46709734201431274, 0.7283907532691956, 0.8386275768280029, 0.4700407087802887]"
6008.0,2008-09-01T00:00:00.000000000,"[1.0594303607940674, 1.0374282598495483, 0.7514004111289978, 0.8834132552146912]","[0.713934063911438, 0.5937824249267578, 0.5029062032699585, 0.56174236536026]"
6008.0,2008-12-01T00:00:00.000000000,"[1.0374282598495483, 0.7514004111289978, 0.8834132552146912, 1.5214751958847046]","[0.7797054052352905, 0.5750083923339844, 0.6072570085525513, 0.7288276553153992]"
6008.0,2009-03-01T00:00:00.000000000,"[0.7514004111289978, 0.8834132552146912, 1.5214751958847046, 1.6754902601242065]","[0.7604203224182129, 0.8779810667037964, 0.9742951393127441, 0.9058786630630493]"
6008.0,2009-06-01T00:00:00.000000000,"[0.8834132552146912, 1.5214751958847046, 1.6754902601242065, 1.2134451866149902]","[0.6535767912864685, 0.9737744927406311, 0.8688671588897705, 0.6766986846923828]"
6008.0,2009-09-01T00:00:00.000000000,"[1.5214751958847046, 1.6754902601242065, 1.2134451866149902, 1.5874814987182617]","[0.8586122989654541, 0.7084846496582031, 0.7147476077079773, 0.7278668284416199]"
6008.0,2009-12-01T00:00:00.000000000,"[1.6754902601242065, 1.2134451866149902, 1.5874814987182617, 2.379558563232422]","[0.8628255128860474, 0.7762077450752258, 0.8279213905334473, 0.9791287183761597]"
6008.0,2010-03-01T00:00:00.000000000,"[1.2134451866149902, 1.5874814987182617, 2.379558563232422, 2.115532875061035]","[0.9837414026260376, 1.0278658866882324, 1.2092788219451904, 1.2988406419754028]"
6008.0,2010-06-01T00:00:00.000000000,"[1.5874814987182617, 2.379558563232422, 2.115532875061035, 1.2574495077133179]","[0.9223333597183228, 1.3029053211212158, 1.3415992259979248, 1.0239648818969727]"
6008.0,2010-09-01T00:00:00.000000000,"[2.379558563232422, 2.115532875061035, 1.2574495077133179, 1.6314857006072998]","[1.5225976705551147, 1.3586301803588867, 1.0499659776687622, 1.1463212966918945]"
6008.0,2010-12-01T00:00:00.000000000,"[2.115532875061035, 1.2574495077133179, 1.6314857006072998, 2.42356276512146]","[1.8907239437103271, 1.336857795715332, 1.3045392036437988, 1.655888557434082]"
6008.0,2011-03-01T00:00:00.000000000,"[1.2574495077133179, 1.6314857006072998, 2.42356276512146, 2.6435842514038086]","[1.2451244592666626, 1.34871506690979, 1.7370295524597168, 1.5099937915802002]"
6008.0,2011-06-01T00:00:00.000000000,"[1.6314857006072998, 2.42356276512146, 2.6435842514038086, 2.4895694255828857]","[1.1069892644882202, 1.4000095129013062, 1.6392463445663452, 0.8453062176704407]"
6008.0,2011-09-01T00:00:00.000000000,"[2.42356276512146, 2.6435842514038086, 2.4895694255828857, 2.0055222511291504]","[1.9132778644561768, 1.7312480211257935, 1.2542781829833984, 1.232326865196228]"
6008.0,2011-12-01T00:00:00.000000000,"[2.6435842514038086, 2.4895694255828857, 2.0055222511291504, 1.7414965629577637]","[2.3453516960144043, 1.5154333114624023, 1.342495083808899, 1.8485853672027588]"
6008.0,2012-03-01T00:00:00.000000000,"[2.4895694255828857, 2.0055222511291504, 1.7414965629577637, 2.6435842514038086]","[1.6921961307525635, 1.7841808795928955, 2.1617202758789062, 1.934776782989502]"
6008.0,2012-06-01T00:00:00.000000000,"[2.0055222511291504, 1.7414965629577637, 2.6435842514038086, 2.3575565814971924]","[2.0344033241271973, 2.566009521484375, 2.580160617828369, 1.5152204036712646]"
6008.0,2012-09-01T00:00:00.000000000,"[1.7414965629577637, 2.6435842514038086, 2.3575565814971924, 2.115532875061035]","[2.5139822959899902, 2.2920150756835938, 1.6698472499847412, 1.5492026805877686]"
6008.0,2012-12-01T00:00:00.000000000,"[2.6435842514038086, 2.3575565814971924, 2.115532875061035, 3.0616250038146973]","[2.2645912170410156, 1.4866058826446533, 1.5139192342758179, 1.9748234748840332]"
6008.0,2013-03-01T00:00:00.000000000,"[2.3575565814971924, 2.115532875061035, 3.0616250038146973, 1.6974923610687256]","[2.1194658279418945, 2.236001491546631, 2.527860403060913, 2.4521679878234863]"
6066.0,2006-06-01T00:00:00.000000000,"[8.804183959960938, 7.3960466384887695, 12.082502365112305, 5.7018818855285645]","[5.980767726898193, 7.61009407043457, 12.920108795166016, 5.614560127258301]"
6066.0,2006-09-01T00:00:00.000000000,"[7.3960466384887695, 12.082502365112305, 5.7018818855285645, 7.748080730438232]","[9.620338439941406, 12.442338943481445, 8.172429084777832, 7.526619911193848]"
6066.0,2006-12-01T00:00:00.000000000,"[12.082502365112305, 5.7018818855285645, 7.748080730438232, 6.647973537445068]","[12.159746170043945, 6.856947422027588, 7.166385650634766, 8.07736873626709]"
6066.0,2007-03-01T00:00:00.000000000,"[5.7018818855285645, 7.748080730438232, 6.647973537445068, 9.948295593261719]","[7.5812530517578125, 8.350296020507812, 9.893340110778809, 11.52859115600586]"
6066.0,2007-06-01T00:00:00.000000000,"[7.748080730438232, 6.647973537445068, 9.948295593261719, 4.469761848449707]","[6.73115348815918, 8.43587875366211, 13.613204002380371, 6.221949577331543]"
6066.0,2007-09-01T00:00:00.000000000,"[6.647973537445068, 9.948295593261719, 4.469761848449707, 5.789890289306641]","[9.327352523803711, 12.298288345336914, 7.928702354431152, 7.357765197753906]"
6066.0,2007-12-01T00:00:00.000000000,"[9.948295593261719, 4.469761848449707, 5.789890289306641, 6.537962913513184]","[11.81802749633789, 6.619276523590088, 7.069341659545898, 8.008882522583008]"
6066.0,2008-03-01T00:00:00.000000000,"[4.469761848449707, 5.789890289306641, 6.537962913513184, 10.322331428527832]","[6.8882317543029785, 7.158520698547363, 8.880477905273438, 10.438455581665039]"
6066.0,2008-06-01T00:00:00.000000000,"[5.789890289306641, 6.537962913513184, 10.322331428527832, 4.535768508911133]","[6.421412944793701, 7.7977614402771, 12.85843276977539, 5.918807029724121]"
6066.0,2008-09-01T00:00:00.000000000,"[6.537962913513184, 10.322331428527832, 4.535768508911133, 5.437856197357178]","[7.822698593139648, 10.670032501220703, 6.492217540740967, 6.336815357208252]"
6066.0,2008-12-01T00:00:00.000000000,"[10.322331428527832, 4.535768508911133, 5.437856197357178, 6.559965133666992]","[11.149911880493164, 6.012975692749023, 6.713059425354004, 7.623608112335205]"
6066.0,2009-03-01T00:00:00.000000000,"[4.535768508911133, 5.437856197357178, 6.559965133666992, 10.696367263793945]","[6.961696624755859, 7.0687031745910645, 8.792459487915039, 10.256360054016113]"
6066.0,2009-06-01T00:00:00.000000000,"[5.437856197357178, 6.559965133666992, 10.696367263793945, 4.689783573150635]","[6.193239212036133, 7.342425346374512, 12.817005157470703, 5.649524688720703]"
6066.0,2009-09-01T00:00:00.000000000,"[6.559965133666992, 10.696367263793945, 4.689783573150635, 6.075918197631836]","[7.968705177307129, 10.947433471679688, 6.376552104949951, 6.153487205505371]"
6066.0,2009-12-01T00:00:00.000000000,"[10.696367263793945, 4.689783573150635, 6.075918197631836, 6.823991298675537]","[11.368162155151367, 5.86867618560791, 6.621653079986572, 7.444422721862793]"
6066.0,2010-03-01T00:00:00.000000000,"[4.689783573150635, 6.075918197631836, 6.823991298675537, 10.014301300048828]","[7.138920307159424, 7.201541900634766, 8.817123413085938, 10.232030868530273]"
6066.0,2010-06-01T00:00:00.000000000,"[6.075918197631836, 6.823991298675537, 10.014301300048828, 4.2497406005859375]","[5.812694549560547, 6.868628978729248, 12.68359375, 5.4956536293029785]"
6066.0,2010-09-01T00:00:00.000000000,"[6.823991298675537, 10.014301300048828, 4.2497406005859375, 6.273937702178955]","[8.436485290527344, 11.535497665405273, 6.797800540924072, 6.43206787109375]"
6066.0,2010-12-01T00:00:00.000000000,"[10.014301300048828, 4.2497406005859375, 6.273937702178955, 5.1958327293396]","[11.55849552154541, 5.840508460998535, 6.437783718109131, 7.256613254547119]"
6066.0,2011-03-01T00:00:00.000000000,"[4.2497406005859375, 6.273937702178955, 5.1958327293396, 9.662266731262207]","[6.942058563232422, 6.838349342346191, 8.208927154541016, 9.527198791503906]"
6066.0,2011-06-01T00:00:00.000000000,"[6.273937702178955, 5.1958327293396, 9.662266731262207, 3.3476529121398926]","[5.2178955078125, 6.189702033996582, 11.528888702392578, 5.053503036499023]"
6066.0,2011-09-01T00:00:00.000000000,"[5.1958327293396, 9.662266731262207, 3.3476529121398926, 4.0957255363464355]","[8.12999153137207, 10.84389591217041, 6.76261568069458, 6.625496864318848]"
6066.0,2011-12-01T00:00:00.000000000,"[9.662266731262207, 3.3476529121398926, 4.0957255363464355, 4.975811004638672]","[10.718698501586914, 5.468071937561035, 6.36741828918457, 6.785469055175781]"
6066.0,2012-03-01T00:00:00.000000000,"[3.3476529121398926, 4.0957255363464355, 4.975811004638672, 3.8537018299102783]","[6.736879348754883, 6.6724443435668945, 7.608107089996338, 8.696028709411621]"
6066.0,2012-06-01T00:00:00.000000000,"[4.0957255363464355, 4.975811004638672, 3.8537018299102783, 3.1936378479003906]","[4.8201985359191895, 5.507114887237549, 10.063140869140625, 4.674395561218262]"
6066.0,2012-09-01T00:00:00.000000000,"[4.975811004638672, 3.8537018299102783, 3.1936378479003906, 4.42575740814209]","[6.149868965148926, 8.281599044799805, 6.1419219970703125, 6.319370746612549]"
6066.0,2012-12-01T00:00:00.000000000,"[3.8537018299102783, 3.1936378479003906, 4.42575740814209, 4.8437981605529785]","[9.703376770019531, 5.246273517608643, 6.607614994049072, 6.682496070861816]"
6066.0,2013-03-01T00:00:00.000000000,"[3.1936378479003906, 4.42575740814209, 4.8437981605529785, 6.669975757598877]","[6.055000305175781, 6.1187744140625, 6.802047252655029, 7.328338146209717]"
6266.0,2006-06-01T00:00:00.000000000,"[2.9516141414642334, 2.5995800495147705, 2.0935308933258057, 2.7315926551818848]","[2.505157232284546, 2.2585418224334717, 2.119473457336426, 2.474699020385742]"
6266.0,2006-09-01T00:00:00.000000000,"[2.5995800495147705, 2.0935308933258057, 2.7315926551818848, 3.0616250038146973]","[2.4942774772644043, 2.3666486740112305, 2.673579216003418, 2.673879623413086]"
6266.0,2006-12-01T00:00:00.000000000,"[2.0935308933258057, 2.7315926551818848, 3.0616250038146973, 2.577577829360962]","[2.225489616394043, 2.7125937938690186, 2.807145357131958, 2.4482123851776123]"
6266.0,2007-03-01T00:00:00.000000000,"[2.7315926551818848, 3.0616250038146973, 2.577577829360962, 2.4675674438476562]","[2.6440439224243164, 2.696922540664673, 2.4247305393218994, 2.057832717895508]"
6266.0,2007-06-01T00:00:00.000000000,"[3.0616250038146973, 2.577577829360962, 2.4675674438476562, 2.9956183433532715]","[2.6767492294311523, 2.3714630603790283, 2.1864683628082275, 2.6207141876220703]"
6266.0,2007-09-01T00:00:00.000000000,"[2.577577829360962, 2.4675674438476562, 2.9956183433532715, 3.127631425857544]","[2.628023624420166, 2.424712657928467, 2.8415703773498535, 2.8222718238830566]"
6266.0,2007-12-01T00:00:00.000000000,"[2.4675674438476562, 2.9956183433532715, 3.127631425857544, 2.9956183433532715]","[2.31357741355896, 2.8069076538085938, 2.969658851623535, 2.493194818496704]"
6266.0,2008-03-01T00:00:00.000000000,"[2.9956183433532715, 3.127631425857544, 2.9956183433532715, 2.775597333908081]","[2.9425008296966553, 3.0246286392211914, 2.650456666946411, 2.2374255657196045]"
6266.0,2008-06-01T00:00:00.000000000,"[3.127631425857544, 2.9956183433532715, 2.775597333908081, 3.325650691986084]","[2.9415860176086426, 2.530191659927368, 2.3413753509521484, 2.810616970062256]"
6266.0,2008-09-01T00:00:00.000000000,"[2.9956183433532715, 2.775597333908081, 3.325650691986084, 3.325650691986084]","[2.741685152053833, 2.5233266353607178, 2.9655327796936035, 2.9788758754730225]"
6266.0,2008-12-01T00:00:00.000000000,"[2.775597333908081, 3.325650691986084, 3.325650691986084, 3.479665517807007]","[2.4963557720184326, 3.0321829319000244, 3.2344157695770264, 2.725586414337158]"
6266.0,2009-03-01T00:00:00.000000000,"[3.325650691986084, 3.325650691986084, 3.479665517807007, 3.127631425857544]","[3.198032855987549, 3.2839925289154053, 2.896787643432617, 2.4485080242156982]"
6266.0,2009-06-01T00:00:00.000000000,"[3.325650691986084, 3.479665517807007, 3.127631425857544, 3.831699848175049]","[3.2901618480682373, 2.848761558532715, 2.617624044418335, 3.0671546459198]"
6266.0,2009-09-01T00:00:00.000000000,"[3.479665517807007, 3.127631425857544, 3.831699848175049, 3.919708251953125]","[3.0841221809387207, 2.7872424125671387, 3.2132649421691895, 3.2301599979400635]"
6266.0,2009-12-01T00:00:00.000000000,"[3.127631425857544, 3.831699848175049, 3.919708251953125, 3.8096976280212402]","[2.8333659172058105, 3.4345695972442627, 3.5987470149993896, 3.1558265686035156]"
6266.0,2010-03-01T00:00:00.000000000,"[3.831699848175049, 3.919708251953125, 3.8096976280212402, 3.633680582046509]","[3.562519073486328, 3.5897977352142334, 3.257134437561035, 2.833446979522705]"
6266.0,2010-06-01T00:00:00.000000000,"[3.919708251953125, 3.8096976280212402, 3.633680582046509, 3.919708251953125]","[3.7133560180664062, 3.2982401847839355, 3.059554100036621, 3.5200138092041016]"
6266.0,2010-09-01T00:00:00.000000000,"[3.8096976280212402, 3.633680582046509, 3.919708251953125, 4.975811004638672]","[3.5088109970092773, 3.148263692855835, 3.5635666847229004, 3.6459109783172607]"
6266.0,2010-12-01T00:00:00.000000000,"[3.633680582046509, 3.919708251953125, 4.975811004638672, 3.963712453842163]","[3.146338939666748, 3.814876079559326, 4.026468276977539, 3.5269789695739746]"
6266.0,2011-03-01T00:00:00.000000000,"[3.919708251953125, 4.975811004638672, 3.963712453842163, 3.4356613159179688]","[4.012230396270752, 4.027596950531006, 3.6274876594543457, 3.233281373977661]"
6266.0,2011-06-01T00:00:00.000000000,"[4.975811004638672, 3.963712453842163, 3.4356613159179688, 4.359751224517822]","[4.056082725524902, 3.5328528881073, 3.304795742034912, 3.7777528762817383]"
6266.0,2011-09-01T00:00:00.000000000,"[3.963712453842163, 3.4356613159179688, 4.359751224517822, 2.973616361618042]","[4.175858497619629, 3.7934584617614746, 4.143951416015625, 4.338967323303223]"
6266.0,2011-12-01T00:00:00.000000000,"[3.4356613159179688, 4.359751224517822, 2.973616361618042, 4.139729976654053]","[3.414522171020508, 4.107275485992432, 4.617695331573486, 3.8040366172790527]"
6266.0,2012-03-01T00:00:00.000000000,"[4.359751224517822, 2.973616361618042, 4.139729976654053, 3.3916571140289307]","[4.168557643890381, 4.341588020324707, 3.769397735595703, 3.3536291122436523]"
6266.0,2012-06-01T00:00:00.000000000,"[2.973616361618042, 4.139729976654053, 3.3916571140289307, 4.9978132247924805]","[4.683753967285156, 3.925839424133301, 3.6991028785705566, 4.2296648025512695]"
6266.0,2012-09-01T00:00:00.000000000,"[4.139729976654053, 3.3916571140289307, 4.9978132247924805, 4.755789756774902]","[3.4490466117858887, 3.1031885147094727, 3.654979944229126, 3.7927112579345703]"
6266.0,2012-12-01T00:00:00.000000000,"[3.3916571140289307, 4.9978132247924805, 4.755789756774902, 5.019815444946289]","[3.5377402305603027, 4.254238128662109, 4.4816179275512695, 3.9996535778045654]"
6266.0,2013-03-01T00:00:00.000000000,"[4.9978132247924805, 4.755789756774902, 5.019815444946289, 3.98571515083313]","[4.022349834442139, 4.052602767944336, 3.9542088508605957, 3.6977407932281494]"
6304.0,2005-12-01T00:00:00.000000000,"[1.0594303607940674, 0.33335965871810913, 0.7954046130180359, 1.147438883781433]","[1.5946674346923828, 1.5204206705093384, 1.423860788345337, 1.6191129684448242]"
6304.0,2006-03-01T00:00:00.000000000,"[0.33335965871810913, 0.7954046130180359, 1.147438883781433, 1.477470874786377]","[1.2989741563796997, 1.3601675033569336, 1.4638221263885498, 1.5532578229904175]"
6304.0,2006-06-01T00:00:00.000000000,"[0.7954046130180359, 1.147438883781433, 1.477470874786377, 0.8614109754562378]","[0.9748618602752686, 1.1120057106018066, 0.9992607235908508, 1.036437749862671]"
6304.0,2007-03-01T00:00:00.000000000,"[1.147438883781433, 1.477470874786377, 0.8614109754562378, 1.5874814987182617]","[0.9865980744361877, 0.9050312638282776, 0.8644328117370605, 0.9782928228378296]"
6304.0,2007-06-01T00:00:00.000000000,"[1.477470874786377, 0.8614109754562378, 1.5874814987182617, 1.8295050859451294]","[1.0978114604949951, 1.1527296304702759, 1.095414400100708, 1.3119895458221436]"
6304.0,2007-09-01T00:00:00.000000000,"[0.8614109754562378, 1.5874814987182617, 1.8295050859451294, 3.1936378479003906]","[1.145874261856079, 1.2283344268798828, 1.1872479915618896, 1.429053783416748]"
6304.0,2007-12-01T00:00:00.000000000,"[1.5874814987182617, 1.8295050859451294, 3.1936378479003906, 1.8515071868896484]","[1.1040388345718384, 1.1759567260742188, 1.1119362115859985, 1.0748445987701416]"
6304.0,2008-03-01T00:00:00.000000000,"[1.8295050859451294, 3.1936378479003906, 1.8515071868896484, 2.6435842514038086]","[1.2698699235916138, 1.2194033861160278, 1.2062164545059204, 1.3844614028930664]"
6304.0,2008-06-01T00:00:00.000000000,"[3.1936378479003906, 1.8515071868896484, 2.6435842514038086, 2.8636057376861572]","[1.4756700992584229, 1.3570997714996338, 1.4081112146377563, 1.5908700227737427]"
6304.0,2008-09-01T00:00:00.000000000,"[1.8515071868896484, 2.6435842514038086, 2.8636057376861572, 2.9076099395751953]","[1.87567138671875, 2.101741313934326, 2.120335102081299, 2.2918272018432617]"
6304.0,2008-12-01T00:00:00.000000000,"[2.6435842514038086, 2.8636057376861572, 2.9076099395751953, 3.259644031524658]","[1.7870416641235352, 2.0398106575012207, 2.120563268661499, 1.6894664764404297]"
6304.0,2009-03-01T00:00:00.000000000,"[2.8636057376861572, 2.9076099395751953, 3.259644031524658, 3.633680582046509]","[2.1222333908081055, 2.231386184692383, 2.0825679302215576, 1.9441344738006592]"
6304.0,2009-06-01T00:00:00.000000000,"[2.9076099395751953, 3.259644031524658, 3.633680582046509, 3.7436912059783936]","[2.7236979007720947, 2.1300203800201416, 2.0509674549102783, 2.2564311027526855]"
6304.0,2009-09-01T00:00:00.000000000,"[3.259644031524658, 3.633680582046509, 3.7436912059783936, 4.18373441696167]","[2.2988619804382324, 2.5429883003234863, 2.6003594398498535, 2.7973499298095703]"
6304.0,2009-12-01T00:00:00.000000000,"[3.633680582046509, 3.7436912059783936, 4.18373441696167, 4.711785793304443]","[2.4867970943450928, 2.8951568603515625, 2.8151535987854004, 2.5555477142333984]"
6304.0,2010-03-01T00:00:00.000000000,"[3.7436912059783936, 4.18373441696167, 4.711785793304443, 4.667781352996826]","[2.8529129028320312, 2.877394676208496, 2.7014780044555664, 2.7233338356018066]"
6304.0,2010-06-01T00:00:00.000000000,"[4.18373441696167, 4.711785793304443, 4.667781352996826, 3.259644031524658]","[3.1097753047943115, 2.6769232749938965, 2.796658992767334, 3.0449347496032715]"
6304.0,2010-09-01T00:00:00.000000000,"[4.711785793304443, 4.667781352996826, 3.259644031524658, 3.21563982963562]","[3.0423641204833984, 3.122379779815674, 3.217628002166748, 3.600816249847412]"
6304.0,2010-12-01T00:00:00.000000000,"[4.667781352996826, 3.259644031524658, 3.21563982963562, 4.755789756774902]","[3.3377184867858887, 3.8945770263671875, 4.146429538726807, 3.278952121734619]"
6304.0,2011-03-01T00:00:00.000000000,"[3.259644031524658, 3.21563982963562, 4.755789756774902, 5.151828289031982]","[4.119324684143066, 4.009665012359619, 3.4212512969970703, 3.3390257358551025]"
6304.0,2011-06-01T00:00:00.000000000,"[3.21563982963562, 4.755789756774902, 5.151828289031982, 4.733787536621094]","[3.34877347946167, 2.404521942138672, 2.2010855674743652, 2.7608160972595215]"
6304.0,2011-09-01T00:00:00.000000000,"[4.755789756774902, 5.151828289031982, 4.733787536621094, 5.305843353271484]","[2.613121747970581, 2.111722707748413, 2.2144856452941895, 2.6898155212402344]"
6304.0,2011-12-01T00:00:00.000000000,"[5.151828289031982, 4.733787536621094, 5.305843353271484, 5.965907573699951]","[3.641134738922119, 3.8775649070739746, 4.090344429016113, 3.1995584964752197]"
6304.0,2012-03-01T00:00:00.000000000,"[4.733787536621094, 5.305843353271484, 5.965907573699951, 6.427952289581299]","[4.7401862144470215, 4.9955949783325195, 4.211761474609375, 3.603541851043701]"
6304.0,2012-06-01T00:00:00.000000000,"[5.305843353271484, 5.965907573699951, 6.427952289581299, 7.770082950592041]","[4.345517635345459, 3.462697982788086, 3.1886332035064697, 3.494028091430664]"
6304.0,2012-09-01T00:00:00.000000000,"[5.965907573699951, 6.427952289581299, 7.770082950592041, 9.0462064743042]","[4.259839057922363, 3.5210940837860107, 3.671063184738159, 4.243130683898926]"
6304.0,2012-12-01T00:00:00.000000000,"[6.427952289581299, 7.770082950592041, 9.0462064743042, 9.508252143859863]","[4.839509963989258, 5.256565570831299, 5.745312690734863, 4.589838981628418]"
6304.0,2013-03-01T00:00:00.000000000,"[7.770082950592041, 9.0462064743042, 9.508252143859863, 11.598455429077148]","[5.982544898986816, 6.065824508666992, 5.393437385559082, 5.1849446296691895]"
6565.0,2005-09-01T00:00:00.000000000,"[2.0495264530181885, 1.4114645719528198, 1.9175138473510742, 2.379558563232422]","[1.363653540611267, 1.4649674892425537, 1.3537898063659668, 1.4615365266799927]"
6565.0,2005-12-01T00:00:00.000000000,"[1.4114645719528198, 1.9175138473510742, 2.379558563232422, 2.5995800495147705]","[1.3903582096099854, 1.6825289726257324, 1.6488232612609863, 1.7939175367355347]"
6565.0,2006-03-01T00:00:00.000000000,"[1.9175138473510742, 2.379558563232422, 2.5995800495147705, 3.3036487102508545]","[1.319533348083496, 1.4867804050445557, 1.4102072715759277, 1.6378436088562012]"
6565.0,2006-06-01T00:00:00.000000000,"[2.379558563232422, 2.5995800495147705, 3.3036487102508545, 2.7535951137542725]","[1.6774306297302246, 1.6007843017578125, 1.5316462516784668, 1.7253820896148682]"
6565.0,2006-09-01T00:00:00.000000000,"[2.5995800495147705, 3.3036487102508545, 2.7535951137542725, 1.8955113887786865]","[1.8459066152572632, 1.8432365655899048, 1.6087830066680908, 1.8032280206680298]"
6565.0,2006-12-01T00:00:00.000000000,"[3.3036487102508545, 2.7535951137542725, 1.8955113887786865, 3.259644031524658]","[1.6722922325134277, 1.9263687133789062, 1.9066516160964966, 2.0961170196533203]"
6565.0,2007-03-01T00:00:00.000000000,"[2.7535951137542725, 1.8955113887786865, 3.259644031524658, 3.281646251678467]","[1.9255013465881348, 2.147446632385254, 2.1269917488098145, 2.1658177375793457]"
6565.0,2007-06-01T00:00:00.000000000,"[1.8955113887786865, 3.259644031524658, 3.281646251678467, 4.227738380432129]","[1.9775822162628174, 1.96699857711792, 1.898129940032959, 1.807865858078003]"
6565.0,2008-06-01T00:00:00.000000000,"[3.259644031524658, 3.281646251678467, 4.227738380432129, 5.459857940673828]","[1.9833627939224243, 1.9969251155853271, 1.824613094329834, 1.6923458576202393]"
6565.0,2008-09-01T00:00:00.000000000,"[3.281646251678467, 4.227738380432129, 5.459857940673828, 6.1419243812561035]","[2.409614324569702, 2.560581684112549, 2.472010850906372, 2.5023937225341797]"
6565.0,2008-12-01T00:00:00.000000000,"[4.227738380432129, 5.459857940673828, 6.1419243812561035, 6.911999702453613]","[2.608231544494629, 2.702820062637329, 2.709782600402832, 2.6341123580932617]"
6565.0,2009-03-01T00:00:00.000000000,"[5.459857940673828, 6.1419243812561035, 6.911999702453613, 8.848188400268555]","[3.24277925491333, 3.236811637878418, 3.330387592315674, 3.2684810161590576]"
6565.0,2009-06-01T00:00:00.000000000,"[6.1419243812561035, 6.911999702453613, 8.848188400268555, 9.838284492492676]","[4.560734748840332, 4.119383811950684, 3.894585132598877, 4.018558025360107]"
6565.0,2009-09-01T00:00:00.000000000,"[6.911999702453613, 8.848188400268555, 9.838284492492676, 10.98239517211914]","[4.894749164581299, 4.409356117248535, 4.027834892272949, 4.430213928222656]"
6565.0,2009-12-01T00:00:00.000000000,"[8.848188400268555, 9.838284492492676, 10.98239517211914, 6.6919779777526855]","[5.464560508728027, 4.925840377807617, 4.788647651672363, 5.129087448120117]"
6565.0,2010-03-01T00:00:00.000000000,"[9.838284492492676, 10.98239517211914, 6.6919779777526855, 7.8140869140625]","[6.347841262817383, 5.873113632202148, 5.646444320678711, 6.339987754821777]"
6565.0,2010-06-01T00:00:00.000000000,"[10.98239517211914, 6.6919779777526855, 7.8140869140625, 7.440051078796387]","[6.961407661437988, 6.204889297485352, 5.9468231201171875, 6.457054138183594]"
6565.0,2010-09-01T00:00:00.000000000,"[6.6919779777526855, 7.8140869140625, 7.440051078796387, 7.264033317565918]","[7.518181324005127, 6.837799549102783, 6.525412559509277, 6.955090522766113]"
6565.0,2010-12-01T00:00:00.000000000,"[7.8140869140625, 7.440051078796387, 7.264033317565918, 6.295939922332764]","[5.682437896728516, 4.98211669921875, 5.696002006530762, 5.153082847595215]"
6565.0,2011-03-01T00:00:00.000000000,"[7.440051078796387, 7.264033317565918, 6.295939922332764, 8.12211799621582]","[7.079293251037598, 6.1644182205200195, 5.508940696716309, 6.258877754211426]"
6565.0,2011-06-01T00:00:00.000000000,"[7.264033317565918, 6.295939922332764, 8.12211799621582, 8.056110382080078]","[7.635894775390625, 5.999081611633301, 5.6872358322143555, 6.001263618469238]"
6565.0,2011-09-01T00:00:00.000000000,"[6.295939922332764, 8.12211799621582, 8.056110382080078, 9.816282272338867]","[7.068077564239502, 6.653297424316406, 6.300026893615723, 6.361147403717041]"
6565.0,2011-12-01T00:00:00.000000000,"[8.12211799621582, 8.056110382080078, 9.816282272338867, 11.7744722366333]","[6.819358825683594, 6.107583045959473, 6.147857189178467, 5.7678608894348145]"
6565.0,2012-03-01T00:00:00.000000000,"[8.056110382080078, 9.816282272338867, 11.7744722366333, 12.566550254821777]","[8.241143226623535, 7.890800476074219, 7.527524948120117, 7.752606391906738]"
6565.0,2012-06-01T00:00:00.000000000,"[9.816282272338867, 11.7744722366333, 12.566550254821777, 15.778861045837402]","[8.96516227722168, 7.853167533874512, 7.867400169372559, 8.147968292236328]"
6565.0,2012-09-01T00:00:00.000000000,"[11.7744722366333, 12.566550254821777, 15.778861045837402, 17.09899139404297]","[9.088139533996582, 9.292608261108398, 9.228974342346191, 9.537662506103516]"
6565.0,2012-12-01T00:00:00.000000000,"[12.566550254821777, 15.778861045837402, 17.09899139404297, 17.69304847717285]","[10.307255744934082, 10.33248519897461, 10.390066146850586, 10.073278427124023]"
6565.0,2013-03-01T00:00:00.000000000,"[15.778861045837402, 17.09899139404297, 17.69304847717285, 18.06708526611328]","[11.26133918762207, 11.282270431518555, 11.053712844848633, 11.293667793273926]"
7154.0,2006-06-01T00:00:00.000000000,"[2.379558563232422, 2.2915501594543457, 1.7855008840560913, 1.5214751958847046]","[2.2257025241851807, 2.4605917930603027, 2.279675006866455, 2.153425931930542]"
7154.0,2006-09-01T00:00:00.000000000,"[2.2915501594543457, 1.7855008840560913, 1.5214751958847046, 2.1375350952148438]","[2.573686361312866, 2.198809862136841, 2.1491899490356445, 2.314897060394287]"
7154.0,2006-12-01T00:00:00.000000000,"[1.7855008840560913, 1.5214751958847046, 2.1375350952148438, 2.379558563232422]","[2.1093616485595703, 2.0987768173217773, 2.2819368839263916, 2.3450021743774414]"
7154.0,2007-03-01T00:00:00.000000000,"[1.5214751958847046, 2.1375350952148438, 2.379558563232422, 2.181539297103882]","[2.0638322830200195, 2.4123456478118896, 2.46230411529541, 2.2323660850524902]"
7154.0,2007-06-01T00:00:00.000000000,"[2.1375350952148438, 2.379558563232422, 2.181539297103882, 2.0055222511291504]","[1.9728080034255981, 2.1769304275512695, 2.062479257583618, 1.9573310613632202]"
7154.0,2007-09-01T00:00:00.000000000,"[2.379558563232422, 2.181539297103882, 2.0055222511291504, 2.4895694255828857]","[2.1915030479431152, 1.9722695350646973, 2.012967348098755, 2.105447769165039]"
7154.0,2007-12-01T00:00:00.000000000,"[2.181539297103882, 2.0055222511291504, 2.4895694255828857, 2.8636057376861572]","[2.0468103885650635, 2.054610252380371, 2.15031099319458, 2.318871021270752]"
7154.0,2008-03-01T00:00:00.000000000,"[2.0055222511291504, 2.4895694255828857, 2.8636057376861572, 2.4455649852752686]","[2.1301681995391846, 2.457613706588745, 2.468578338623047, 2.280909776687622]"
7154.0,2008-06-01T00:00:00.000000000,"[2.4895694255828857, 2.8636057376861572, 2.4455649852752686, 2.533573627471924]","[2.1367361545562744, 2.3833394050598145, 2.2530643939971924, 2.1247408390045166]"
7154.0,2008-09-01T00:00:00.000000000,"[2.8636057376861572, 2.4455649852752686, 2.533573627471924, 3.1056292057037354]","[2.3745758533477783, 2.119678020477295, 2.1456127166748047, 2.263406991958618]"
7154.0,2008-12-01T00:00:00.000000000,"[2.4455649852752686, 2.533573627471924, 3.1056292057037354, 3.171635627746582]","[2.2247986793518066, 2.2464892864227295, 2.3803558349609375, 2.5682201385498047]"
7154.0,2009-03-01T00:00:00.000000000,"[2.533573627471924, 3.1056292057037354, 3.171635627746582, 3.0616250038146973]","[2.266375780105591, 2.6675798892974854, 2.809396982192993, 2.3824822902679443]"
7154.0,2009-06-01T00:00:00.000000000,"[3.1056292057037354, 3.171635627746582, 3.0616250038146973, 3.2376420497894287]","[2.5716776847839355, 2.7909913063049316, 2.5169336795806885, 2.406987428665161]"
7154.0,2009-09-01T00:00:00.000000000,"[3.171635627746582, 3.0616250038146973, 3.2376420497894287, 3.677685022354126]","[3.0251846313476562, 2.559832811355591, 2.469571590423584, 2.702453374862671]"
7154.0,2009-12-01T00:00:00.000000000,"[3.0616250038146973, 3.2376420497894287, 3.677685022354126, 3.919708251953125]","[2.5110371112823486, 2.5104448795318604, 2.7027432918548584, 2.8945064544677734]"
7154.0,2010-03-01T00:00:00.000000000,"[3.2376420497894287, 3.677685022354126, 3.919708251953125, 3.633680582046509]","[2.5415213108062744, 3.0269839763641357, 3.2500128746032715, 2.768521785736084]"
7154.0,2010-06-01T00:00:00.000000000,"[3.677685022354126, 3.919708251953125, 3.633680582046509, 3.21563982963562]","[3.204209327697754, 3.378100872039795, 2.901794910430908, 2.701942205429077]"
7154.0,2010-09-01T00:00:00.000000000,"[3.919708251953125, 3.633680582046509, 3.21563982963562, 3.8096976280212402]","[3.6294875144958496, 3.020223379135132, 2.886197566986084, 3.2028939723968506]"
7154.0,2010-12-01T00:00:00.000000000,"[3.633680582046509, 3.21563982963562, 3.8096976280212402, 3.9417104721069336]","[3.0641181468963623, 2.8384363651275635, 3.0998694896698, 3.3916354179382324]"
7154.0,2011-03-01T00:00:00.000000000,"[3.21563982963562, 3.8096976280212402, 3.9417104721069336, 3.633680582046509]","[2.8300487995147705, 3.2547221183776855, 3.8635611534118652, 3.0985958576202393]"
7154.0,2011-06-01T00:00:00.000000000,"[3.8096976280212402, 3.9417104721069336, 3.633680582046509, 2.533573627471924]","[3.4996986389160156, 3.700038433074951, 3.162968158721924, 2.8209664821624756]"
7154.0,2011-09-01T00:00:00.000000000,"[3.9417104721069336, 3.633680582046509, 2.533573627471924, 0.7514004111289978]","[4.107760429382324, 3.270703077316284, 2.943516969680786, 3.4282283782958984]"
7154.0,2011-12-01T00:00:00.000000000,"[3.633680582046509, 2.533573627471924, 0.7514004111289978, 4.18373441696167]","[3.3352386951446533, 2.9576804637908936, 3.2156264781951904, 3.513366460800171]"
7154.0,2012-03-01T00:00:00.000000000,"[2.533573627471924, 0.7514004111289978, 4.18373441696167, 3.0396230220794678]","[2.9974312782287598, 3.4678995609283447, 4.0255537033081055, 3.1812198162078857]"
7154.0,2012-06-01T00:00:00.000000000,"[0.7514004111289978, 4.18373441696167, 3.0396230220794678, 3.523669719696045]","[3.3322033882141113, 3.6156609058380127, 3.120532512664795, 2.574660539627075]"
7154.0,2012-09-01T00:00:00.000000000,"[4.18373441696167, 3.0396230220794678, 3.523669719696045, 4.513765811920166]","[2.6633248329162598, 2.1559088230133057, 1.9219633340835571, 2.174849271774292]"
7154.0,2012-12-01T00:00:00.000000000,"[3.0396230220794678, 3.523669719696045, 4.513765811920166, 5.371849536895752]","[3.5753846168518066, 2.809791326522827, 3.0673160552978516, 3.7148098945617676]"
7154.0,2013-03-01T00:00:00.000000000,"[3.523669719696045, 4.513765811920166, 5.371849536895752, 4.20573616027832]","[2.757024049758911, 3.215872287750244, 4.161553382873535, 3.1493306159973145]"
7257.0,2006-06-01T00:00:00.000000000,"[1.1694409847259521, 1.279451608657837, 1.2134451866149902, 1.1694409847259521]","[1.2421090602874756, 1.2276768684387207, 1.2402310371398926, 1.3096392154693604]"
7257.0,2006-09-01T00:00:00.000000000,"[1.279451608657837, 1.2134451866149902, 1.1694409847259521, 1.1914430856704712]","[1.216280460357666, 1.1480343341827393, 1.24578857421875, 1.2673592567443848]"
7257.0,2006-12-01T00:00:00.000000000,"[1.2134451866149902, 1.1694409847259521, 1.1914430856704712, 1.4114645719528198]","[1.2414764165878296, 1.345967173576355, 1.2957208156585693, 1.2578437328338623]"
7257.0,2007-03-01T00:00:00.000000000,"[1.1694409847259521, 1.1914430856704712, 1.4114645719528198, 1.3454581499099731]","[1.294985055923462, 1.3605257272720337, 1.3205150365829468, 1.3447011709213257]"
7257.0,2007-06-01T00:00:00.000000000,"[1.1914430856704712, 1.4114645719528198, 1.3454581499099731, 1.2574495077133179]","[1.3009248971939087, 1.280147910118103, 1.2754795551300049, 1.3432358503341675]"
7257.0,2007-09-01T00:00:00.000000000,"[1.4114645719528198, 1.3454581499099731, 1.2574495077133179, 1.3454581499099731]","[1.2632710933685303, 1.2132397890090942, 1.229349970817566, 1.2472689151763916]"
7257.0,2007-12-01T00:00:00.000000000,"[1.3454581499099731, 1.2574495077133179, 1.3454581499099731, 1.6534881591796875]","[1.243001937866211, 1.2966835498809814, 1.2643014192581177, 1.297759771347046]"
7257.0,2008-03-01T00:00:00.000000000,"[1.2574495077133179, 1.3454581499099731, 1.6534881591796875, 1.2574495077133179]","[1.3096234798431396, 1.3798418045043945, 1.385846495628357, 1.3669875860214233]"
7257.0,2008-06-01T00:00:00.000000000,"[1.3454581499099731, 1.6534881591796875, 1.2574495077133179, 1.2354472875595093]","[1.2891566753387451, 1.3209030628204346, 1.3504289388656616, 1.3633761405944824]"
7257.0,2008-09-01T00:00:00.000000000,"[1.6534881591796875, 1.2574495077133179, 1.2354472875595093, 1.5214751958847046]","[1.3334314823150635, 1.3068914413452148, 1.296122670173645, 1.3441112041473389]"
7257.0,2008-12-01T00:00:00.000000000,"[1.2574495077133179, 1.2354472875595093, 1.5214751958847046, 1.7414965629577637]","[1.3943579196929932, 1.444558024406433, 1.4534891843795776, 1.4602408409118652]"
7257.0,2009-03-01T00:00:00.000000000,"[1.2354472875595093, 1.5214751958847046, 1.7414965629577637, 1.455468773841858]","[1.3103035688400269, 1.3747261762619019, 1.4473317861557007, 1.3265917301177979]"
7257.0,2009-06-01T00:00:00.000000000,"[1.5214751958847046, 1.7414965629577637, 1.455468773841858, 1.6094835996627808]","[1.3728638887405396, 1.4174540042877197, 1.4040274620056152, 1.3685567378997803]"
7257.0,2009-09-01T00:00:00.000000000,"[1.7414965629577637, 1.455468773841858, 1.6094835996627808, 1.6314857006072998]","[1.5401822328567505, 1.391469120979309, 1.3165092468261719, 1.4466060400009155]"
7257.0,2009-12-01T00:00:00.000000000,"[1.455468773841858, 1.6094835996627808, 1.6314857006072998, 1.9175138473510742]","[1.4288309812545776, 1.4297806024551392, 1.506706953048706, 1.5874013900756836]"
7257.0,2010-03-01T00:00:00.000000000,"[1.6094835996627808, 1.6314857006072998, 1.9175138473510742, 1.5874814987182617]","[1.3844971656799316, 1.5478456020355225, 1.695651650428772, 1.400542974472046]"
7257.0,2010-06-01T00:00:00.000000000,"[1.6314857006072998, 1.9175138473510742, 1.5874814987182617, 1.9835201501846313]","[1.5580681562423706, 1.5999321937561035, 1.4580610990524292, 1.4859920740127563]"
7257.0,2010-09-01T00:00:00.000000000,"[1.9175138473510742, 1.5874814987182617, 1.9835201501846313, 2.1595370769500732]","[1.7398128509521484, 1.4528006315231323, 1.4003865718841553, 1.5353208780288696]"
7257.0,2010-12-01T00:00:00.000000000,"[1.5874814987182617, 1.9835201501846313, 2.1595370769500732, 2.621582269668579]","[1.6009128093719482, 1.690096378326416, 1.7052998542785645, 1.7633192539215088]"
7257.0,2011-03-01T00:00:00.000000000,"[1.9835201501846313, 2.1595370769500732, 2.621582269668579, 1.8515071868896484]","[1.457294225692749, 1.5650311708450317, 1.7272169589996338, 1.440539002418518]"
7257.0,2011-06-01T00:00:00.000000000,"[2.1595370769500732, 2.621582269668579, 1.8515071868896484, 2.5995800495147705]","[1.7979148626327515, 1.783658742904663, 1.616661787033081, 1.6639671325683594]"
7257.0,2011-09-01T00:00:00.000000000,"[2.621582269668579, 1.8515071868896484, 2.5995800495147705, 2.313552141189575]","[2.003838062286377, 1.7198915481567383, 1.6555655002593994, 1.7951207160949707]"
7257.0,2011-12-01T00:00:00.000000000,"[1.8515071868896484, 2.5995800495147705, 2.313552141189575, 3.127631425857544]","[1.9365556240081787, 1.9436752796173096, 1.925156593322754, 1.9988491535186768]"
7257.0,2012-03-01T00:00:00.000000000,"[2.5995800495147705, 2.313552141189575, 3.127631425857544, 2.2035415172576904]","[1.6184754371643066, 1.6886266469955444, 1.9427036046981812, 1.5080389976501465]"
7257.0,2012-06-01T00:00:00.000000000,"[2.313552141189575, 3.127631425857544, 2.2035415172576904, 2.379558563232422]","[2.2453231811523438, 2.1891047954559326, 1.8743654489517212, 1.8993360996246338]"
7257.0,2012-09-01T00:00:00.000000000,"[3.127631425857544, 2.2035415172576904, 2.379558563232422, 2.181539297103882]","[2.317593574523926, 1.8288768529891968, 1.770694613456726, 1.917906403541565]"
7257.0,2012-12-01T00:00:00.000000000,"[2.2035415172576904, 2.379558563232422, 2.181539297103882, 3.1496336460113525]","[2.3372647762298584, 2.322727918624878, 2.2767398357391357, 2.3851168155670166]"
7257.0,2013-03-01T00:00:00.000000000,"[2.379558563232422, 2.181539297103882, 3.1496336460113525, 3.259644031524658]","[2.0866293907165527, 2.172621488571167, 2.4851505756378174, 1.7794716358184814]"
7343.0,2006-06-01T00:00:00.000000000,"[1.0374282598495483, 1.103434681892395, 1.4334666728973389, 1.0814324617385864]","[-0.06653982400894165, 0.08015453815460205, -0.04979807138442993, -0.24114084243774414]"
7343.0,2006-09-01T00:00:00.000000000,"[1.103434681892395, 1.4334666728973389, 1.0814324617385864, 0.4873746931552887]","[0.21926510334014893, -0.10701370239257812, -0.4590741693973541, -0.2830854058265686]"
7343.0,2006-12-01T00:00:00.000000000,"[1.4334666728973389, 1.0814324617385864, 0.4873746931552887, 0.11333828419446945]","[0.26285701990127563, -0.26849785447120667, -0.49122756719589233, -0.3659292757511139]"
7343.0,2007-03-01T00:00:00.000000000,"[1.0814324617385864, 0.4873746931552887, 0.11333828419446945, -0.1726895570755005]","[0.3902357816696167, 0.1864507794380188, -0.1144600510597229, -0.004619121551513672]"
7343.0,2007-06-01T00:00:00.000000000,"[0.4873746931552887, 0.11333828419446945, -0.1726895570755005, -0.8107516169548035]","[0.6819628477096558, 0.44732606410980225, 0.2594034671783447, 0.16411328315734863]"
7343.0,2007-09-01T00:00:00.000000000,"[0.11333828419446945, -0.1726895570755005, -0.8107516169548035, -0.8767580389976501]","[0.6038167476654053, 0.2930583357810974, 0.00916212797164917, 0.058803558349609375]"
7343.0,2007-12-01T00:00:00.000000000,"[-0.1726895570755005, -0.8107516169548035, -0.8767580389976501, -0.8107516169548035]","[0.3456574082374573, -0.07688373327255249, -0.21136829257011414, -0.0752028226852417]"
7343.0,2008-03-01T00:00:00.000000000,"[-0.8107516169548035, -0.8767580389976501, -0.8107516169548035, 0.003327556187286973]","[0.1735234260559082, 0.07802450656890869, 0.06809484958648682, 0.17830204963684082]"
7343.0,2008-06-01T00:00:00.000000000,"[-0.8767580389976501, -0.8107516169548035, 0.003327556187286973, 1.279451608657837]","[0.12867313623428345, 0.22100913524627686, 0.23155075311660767, 0.2773136496543884]"
7343.0,2008-09-01T00:00:00.000000000,"[-0.8107516169548035, 0.003327556187286973, 1.279451608657837, 2.8636057376861572]","[-0.25322580337524414, -0.25704631209373474, -0.18180933594703674, 0.05245792865753174]"
7343.0,2008-12-01T00:00:00.000000000,"[0.003327556187286973, 1.279451608657837, 2.8636057376861572, 3.7436912059783936]","[-0.6910445690155029, -0.7245327234268188, -0.41288337111473083, -0.11906373500823975]"
7343.0,2009-03-01T00:00:00.000000000,"[1.279451608657837, 2.8636057376861572, 3.7436912059783936, 4.689783573150635]","[-0.11474621295928955, 0.22527357935905457, 0.2999438941478729, 0.31684592366218567]"
7343.0,2009-06-01T00:00:00.000000000,"[2.8636057376861572, 3.7436912059783936, 4.689783573150635, 5.503862380981445]","[0.4105517268180847, 0.9159377217292786, 0.9834854006767273, 0.9029586911201477]"
7343.0,2009-09-01T00:00:00.000000000,"[3.7436912059783936, 4.689783573150635, 5.503862380981445, 6.229933261871338]","[1.4882761240005493, 1.7059870958328247, 1.6321302652359009, 1.8960691690444946]"
7343.0,2009-12-01T00:00:00.000000000,"[4.689783573150635, 5.503862380981445, 6.229933261871338, 7.066014289855957]","[2.0427465438842773, 2.1620054244995117, 2.1209638118743896, 2.2180726528167725]"
7343.0,2010-03-01T00:00:00.000000000,"[5.503862380981445, 6.229933261871338, 7.066014289855957, 5.833894729614258]","[2.4051127433776855, 2.3443446159362793, 1.9901256561279297, 2.244884729385376]"
7343.0,2010-06-01T00:00:00.000000000,"[6.229933261871338, 7.066014289855957, 5.833894729614258, 3.0616250038146973]","[3.218632698059082, 2.675800085067749, 2.4715733528137207, 2.703402042388916]"
7343.0,2010-09-01T00:00:00.000000000,"[7.066014289855957, 5.833894729614258, 3.0616250038146973, 1.6094835996627808]","[3.51505708694458, 2.8566675186157227, 2.3946304321289062, 2.9120240211486816]"
7343.0,2010-12-01T00:00:00.000000000,"[5.833894729614258, 3.0616250038146973, 1.6094835996627808, 0.5313789248466492]","[4.403411865234375, 3.6700754165649414, 3.4635162353515625, 3.3209269046783447]"
7343.0,2011-03-01T00:00:00.000000000,"[3.0616250038146973, 1.6094835996627808, 0.5313789248466492, 0.35536178946495056]","[4.549502372741699, 4.211944580078125, 3.2699739933013916, 2.867321729660034]"
7343.0,2011-06-01T00:00:00.000000000,"[1.6094835996627808, 0.5313789248466492, 0.35536178946495056, 0.2893553674221039]","[4.085620403289795, 3.1327755451202393, 2.507316827774048, 2.262462615966797]"
7343.0,2011-09-01T00:00:00.000000000,"[0.5313789248466492, 0.35536178946495056, 0.2893553674221039, 1.103434681892395]","[3.21250581741333, 2.4309639930725098, 2.1104936599731445, 2.448314905166626]"
7343.0,2011-12-01T00:00:00.000000000,"[0.35536178946495056, 0.2893553674221039, 1.103434681892395, 1.6754902601242065]","[2.326671838760376, 1.5056419372558594, 1.5816566944122314, 2.0588266849517822]"
7343.0,2012-03-01T00:00:00.000000000,"[0.2893553674221039, 1.103434681892395, 1.6754902601242065, 1.0154259204864502]","[0.8141421675682068, 0.39181971549987793, 0.8680188655853271, 1.3894139528274536]"
7343.0,2012-06-01T00:00:00.000000000,"[1.103434681892395, 1.6754902601242065, 1.0154259204864502, 1.455468773841858]","[0.4188326597213745, 0.057306528091430664, 0.5943174362182617, 1.1422580480575562]"
7343.0,2012-09-01T00:00:00.000000000,"[1.6754902601242065, 1.0154259204864502, 1.455468773841858, 3.4356613159179688]","[1.0127750635147095, 1.3092546463012695, 1.6001765727996826, 2.1310811042785645]"
7343.0,2012-12-01T00:00:00.000000000,"[1.0154259204864502, 1.455468773841858, 3.4356613159179688, 4.623776912689209]","[1.3402416706085205, 1.4784895181655884, 1.938593864440918, 2.467622995376587]"
7343.0,2013-03-01T00:00:00.000000000,"[1.455468773841858, 3.4356613159179688, 4.623776912689209, 4.051721572875977]","[0.6854908466339111, 0.7695703506469727, 1.2955000400543213, 1.8969780206680298]"
7435.0,2006-06-01T00:00:00.000000000,"[3.5016677379608154, 3.6556828022003174, 3.281646251678467, 3.5896763801574707]","[3.2308125495910645, 3.0652408599853516, 2.835137367248535, 3.126591920852661]"
7435.0,2006-09-01T00:00:00.000000000,"[3.6556828022003174, 3.281646251678467, 3.5896763801574707, 3.7436912059783936]","[3.4258575439453125, 3.0822501182556152, 3.19598388671875, 3.3072781562805176]"
7435.0,2006-12-01T00:00:00.000000000,"[3.281646251678467, 3.5896763801574707, 3.7436912059783936, 3.8096976280212402]","[3.029172897338867, 3.345632553100586, 3.3776862621307373, 3.4699902534484863]"
7435.0,2007-03-01T00:00:00.000000000,"[3.5896763801574707, 3.7436912059783936, 3.8096976280212402, 2.9516141414642334]","[3.281367301940918, 3.464550495147705, 3.617327928543091, 2.987405300140381]"
7435.0,2007-06-01T00:00:00.000000000,"[3.7436912059783936, 3.8096976280212402, 2.9516141414642334, 3.8096976280212402]","[3.5880894660949707, 3.3835315704345703, 3.102555751800537, 3.4333267211914062]"
7435.0,2007-09-01T00:00:00.000000000,"[3.8096976280212402, 2.9516141414642334, 3.8096976280212402, 3.875704050064087]","[3.6977736949920654, 3.219219923019409, 3.304563045501709, 3.5666866302490234]"
7435.0,2007-12-01T00:00:00.000000000,"[2.9516141414642334, 3.8096976280212402, 3.875704050064087, 4.029719352722168]","[3.1921448707580566, 3.497966766357422, 3.636371612548828, 3.663633108139038]"
7435.0,2008-03-01T00:00:00.000000000,"[3.8096976280212402, 3.875704050064087, 4.029719352722168, 3.4356613159179688]","[3.2602810859680176, 3.524066686630249, 3.747100830078125, 3.0087368488311768]"
7435.0,2008-06-01T00:00:00.000000000,"[3.875704050064087, 4.029719352722168, 3.4356613159179688, 4.051721572875977]","[3.8964009284973145, 3.68247389793396, 3.3534793853759766, 3.6814684867858887]"
7435.0,2008-09-01T00:00:00.000000000,"[4.029719352722168, 3.4356613159179688, 4.051721572875977, 4.2497406005859375]","[3.861544132232666, 3.332490921020508, 3.41922664642334, 3.717883825302124]"
7435.0,2008-12-01T00:00:00.000000000,"[3.4356613159179688, 4.051721572875977, 4.2497406005859375, 4.42575740814209]","[3.336794853210449, 3.763943910598755, 3.94227933883667, 3.919821262359619]"
7435.0,2009-03-01T00:00:00.000000000,"[4.051721572875977, 4.2497406005859375, 4.42575740814209, 3.919708251953125]","[3.4864723682403564, 3.8838753700256348, 4.220468521118164, 3.3496737480163574]"
7435.0,2009-06-01T00:00:00.000000000,"[4.2497406005859375, 4.42575740814209, 3.919708251953125, 4.7997941970825195]","[4.228684425354004, 4.1185832023620605, 3.7686312198638916, 3.9161081314086914]"
7435.0,2009-09-01T00:00:00.000000000,"[4.42575740814209, 3.919708251953125, 4.7997941970825195, 4.9978132247924805]","[4.227699279785156, 3.7134859561920166, 3.7484703063964844, 4.025948524475098]"
7435.0,2009-12-01T00:00:00.000000000,"[3.919708251953125, 4.7997941970825195, 4.9978132247924805, 4.975811004638672]","[3.7272751331329346, 4.119415283203125, 4.30070686340332, 4.312586784362793]"
7435.0,2010-03-01T00:00:00.000000000,"[4.7997941970825195, 4.9978132247924805, 4.975811004638672, 4.381753444671631]","[3.7958309650421143, 4.2799201011657715, 4.399745941162109, 3.8212532997131348]"
7435.0,2010-06-01T00:00:00.000000000,"[4.9978132247924805, 4.975811004638672, 4.381753444671631, 4.20573616027832]","[4.6754350662231445, 4.478518962860107, 4.180607318878174, 4.489253520965576]"
7435.0,2010-09-01T00:00:00.000000000,"[4.975811004638672, 4.381753444671631, 4.20573616027832, 4.139729976654053]","[4.717435359954834, 4.135883331298828, 4.3612565994262695, 4.63131856918335]"
7435.0,2010-12-01T00:00:00.000000000,"[4.381753444671631, 4.20573616027832, 4.139729976654053, 4.975811004638672]","[4.102432727813721, 4.581812858581543, 4.889921188354492, 4.689373016357422]"
7435.0,2011-03-01T00:00:00.000000000,"[4.20573616027832, 4.139729976654053, 4.975811004638672, 4.029719352722168]","[4.5064473152160645, 4.825928688049316, 4.91219425201416, 4.089879989624023]"
7435.0,2011-06-01T00:00:00.000000000,"[4.139729976654053, 4.975811004638672, 4.029719352722168, 4.051721572875977]","[4.745128154754639, 4.326155662536621, 4.003232002258301, 4.384925842285156]"
7435.0,2011-09-01T00:00:00.000000000,"[4.975811004638672, 4.029719352722168, 4.051721572875977, 3.21563982963562]","[4.5496954917907715, 3.8683369159698486, 4.143494606018066, 4.416927337646484]"
7435.0,2011-12-01T00:00:00.000000000,"[4.029719352722168, 4.051721572875977, 3.21563982963562, 4.645779132843018]","[4.19016695022583, 4.710112571716309, 4.840917587280273, 4.807991027832031]"
7435.0,2012-03-01T00:00:00.000000000,"[4.051721572875977, 3.21563982963562, 4.645779132843018, 4.535768508911133]","[4.353140830993652, 4.73045539855957, 4.973703861236572, 4.219487190246582]"
7435.0,2012-06-01T00:00:00.000000000,"[3.21563982963562, 4.645779132843018, 4.535768508911133, 5.3938517570495605]","[4.560474395751953, 4.421078205108643, 4.150299072265625, 4.406816005706787]"
7435.0,2012-09-01T00:00:00.000000000,"[4.645779132843018, 4.535768508911133, 5.3938517570495605, 4.9978132247924805]","[4.028925895690918, 3.472351312637329, 3.8747081756591797, 4.06110954284668]"
7435.0,2012-12-01T00:00:00.000000000,"[4.535768508911133, 5.3938517570495605, 4.9978132247924805, 4.689783573150635]","[4.07967472076416, 4.421288013458252, 4.510353088378906, 4.623235702514648]"
7435.0,2013-03-01T00:00:00.000000000,"[5.3938517570495605, 4.9978132247924805, 4.689783573150635, 4.381753444671631]","[4.371705532073975, 4.8715033531188965, 5.1760993003845215, 4.420098781585693]"
7906.0,2006-06-01T00:00:00.000000000,"[0.15734252333641052, 0.4983757734298706, 0.11333828419446945, 0.27835431694984436]","[0.16089597344398499, 0.17050233483314514, 0.056210026144981384, 0.0931662768125534]"
7906.0,2006-09-01T00:00:00.000000000,"[0.4983757734298706, 0.11333828419446945, 0.27835431694984436, 0.37736397981643677]","[0.2303704470396042, 0.04123246669769287, 0.06317795813083649, 0.11936891078948975]"
7906.0,2006-12-01T00:00:00.000000000,"[0.11333828419446945, 0.27835431694984436, 0.37736397981643677, 0.7734025120735168]","[0.13920095562934875, 0.23114676773548126, 0.2645764946937561, 0.32656145095825195]"
7906.0,2007-03-01T00:00:00.000000000,"[0.27835431694984436, 0.37736397981643677, 0.7734025120735168, 0.2893553674221039]","[0.0802747905254364, 0.18497256934642792, 0.38206249475479126, 0.038498520851135254]"
7906.0,2007-06-01T00:00:00.000000000,"[0.37736397981643677, 0.7734025120735168, 0.2893553674221039, 0.5093768239021301]","[0.3108002543449402, 0.34819459915161133, 0.1844758838415146, 0.20448772609233856]"
7906.0,2007-09-01T00:00:00.000000000,"[0.7734025120735168, 0.2893553674221039, 0.5093768239021301, 0.37736397981643677]","[0.4252347946166992, 0.15980836749076843, 0.19623732566833496, 0.289264976978302]"
7906.0,2007-12-01T00:00:00.000000000,"[0.2893553674221039, 0.5093768239021301, 0.37736397981643677, 0.9054153561592102]","[0.2952091693878174, 0.3736807703971863, 0.43787309527397156, 0.5389047861099243]"
7906.0,2008-03-01T00:00:00.000000000,"[0.5093768239021301, 0.37736397981643677, 0.9054153561592102, 0.3993660807609558]","[0.19547270238399506, 0.3358907997608185, 0.6619818210601807, 0.14453475177288055]"
7906.0,2008-06-01T00:00:00.000000000,"[0.37736397981643677, 0.9054153561592102, 0.3993660807609558, 0.7954046130180359]","[0.5140352845191956, 0.5721346735954285, 0.31586799025535583, 0.33548128604888916]"
7906.0,2008-09-01T00:00:00.000000000,"[0.9054153561592102, 0.3993660807609558, 0.7954046130180359, 0.6193875670433044]","[0.5926880836486816, 0.1727098822593689, 0.23790627717971802, 0.35432907938957214]"
7906.0,2008-12-01T00:00:00.000000000,"[0.3993660807609558, 0.7954046130180359, 0.6193875670433044, 0.553381085395813]","[0.46914589405059814, 0.5880186557769775, 0.6147820353507996, 0.7115606665611267]"
7906.0,2009-03-01T00:00:00.000000000,"[0.7954046130180359, 0.6193875670433044, 0.553381085395813, 0.3113575577735901]","[0.3959524929523468, 0.5215999484062195, 0.8065928220748901, 0.26473772525787354]"
7906.0,2009-06-01T00:00:00.000000000,"[0.6193875670433044, 0.553381085395813, 0.3113575577735901, 0.7954046130180359]","[0.7596365213394165, 0.8543646335601807, 0.574991762638092, 0.577799379825592]"
7906.0,2009-09-01T00:00:00.000000000,"[0.553381085395813, 0.3113575577735901, 0.7954046130180359, 0.8174067735671997]","[0.7929373979568481, 0.40439823269844055, 0.4941369891166687, 0.5690281391143799]"
7906.0,2009-12-01T00:00:00.000000000,"[0.3113575577735901, 0.7954046130180359, 0.8174067735671997, 0.7734025120735168]","[0.4352570176124573, 0.5784459114074707, 0.6255732774734497, 0.7066653966903687]"
7906.0,2010-03-01T00:00:00.000000000,"[0.7954046130180359, 0.8174067735671997, 0.7734025120735168, 0.44337034225463867]","[0.478564590215683, 0.5701082348823547, 0.8030431270599365, 0.37738150358200073]"
7906.0,2010-06-01T00:00:00.000000000,"[0.8174067735671997, 0.7734025120735168, 0.44337034225463867, 0.7954046130180359]","[0.7832664251327515, 0.8305956125259399, 0.655464231967926, 0.7434694766998291]"
7906.0,2010-09-01T00:00:00.000000000,"[0.7734025120735168, 0.44337034225463867, 0.7954046130180359, 0.6633917689323425]","[0.8814632892608643, 0.619205117225647, 0.6998561024665833, 0.7290741205215454]"
7906.0,2010-12-01T00:00:00.000000000,"[0.44337034225463867, 0.7954046130180359, 0.6633917689323425, 1.1914430856704712]","[0.547916054725647, 0.7300496101379395, 0.7796417474746704, 0.841140627861023]"
7906.0,2011-03-01T00:00:00.000000000,"[0.7954046130180359, 0.6633917689323425, 1.1914430856704712, 0.8394088745117188]","[0.6018500924110413, 0.7166296243667603, 0.9213863015174866, 0.5022491216659546]"
7906.0,2011-06-01T00:00:00.000000000,"[0.6633917689323425, 1.1914430856704712, 0.8394088745117188, 1.0154259204864502]","[0.8361784219741821, 0.843806266784668, 0.6879819631576538, 0.8108958005905151]"
7906.0,2011-09-01T00:00:00.000000000,"[1.1914430856704712, 0.8394088745117188, 1.0154259204864502, -1.8228501081466675]","[0.8634020090103149, 0.639525294303894, 0.7225906848907471, 0.7507311105728149]"
7906.0,2011-12-01T00:00:00.000000000,"[0.8394088745117188, 1.0154259204864502, -1.8228501081466675, 1.3894624710083008]","[0.7375714778900146, 0.9293266534805298, 0.936642050743103, 1.0478798151016235]"
7906.0,2012-03-01T00:00:00.000000000,"[1.0154259204864502, -1.8228501081466675, 1.3894624710083008, 1.0154259204864502]","[0.8267298936843872, 0.9650334119796753, 1.21076500415802, 0.7169021368026733]"
7906.0,2012-06-01T00:00:00.000000000,"[-1.8228501081466675, 1.3894624710083008, 1.0154259204864502, 1.279451608657837]","[0.96812903881073, 1.0227007865905762, 0.8468512296676636, 0.9701282382011414]"
7906.0,2012-09-01T00:00:00.000000000,"[1.3894624710083008, 1.0154259204864502, 1.279451608657837, 1.3454581499099731]","[-0.21130549907684326, -0.5377782583236694, 0.009697020053863525, -0.05027011036872864]"
7906.0,2012-12-01T00:00:00.000000000,"[1.0154259204864502, 1.279451608657837, 1.3454581499099731, 1.8515071868896484]","[0.3424874246120453, 0.4532895088195801, 0.6484971046447754, 0.9505199790000916]"
7906.0,2013-03-01T00:00:00.000000000,"[1.279451608657837, 1.3454581499099731, 1.8515071868896484, 1.125436782836914]","[0.8234272003173828, 0.7069481611251831, 1.3114162683486938, 0.9508647918701172]"
7977.0,2006-03-01T00:00:00.000000000,"[0.15734252333641052, 0.9054153561592102, 0.15734252333641052, 0.3113575577735901]","[0.2503856420516968, 0.5442153215408325, 0.5140005350112915, 0.3150419592857361]"
7977.0,2006-06-01T00:00:00.000000000,"[0.9054153561592102, 0.15734252333641052, 0.3113575577735901, 0.15734252333641052]","[0.6022111177444458, 0.37982797622680664, 0.13941359519958496, 0.2684822678565979]"
7977.0,2006-09-01T00:00:00.000000000,"[0.15734252333641052, 0.3113575577735901, 0.15734252333641052, 1.147438883781433]","[0.49016398191452026, 0.40972501039505005, 0.4963374733924866, 0.6847960948944092]"
7977.0,2006-12-01T00:00:00.000000000,"[0.3113575577735901, 0.15734252333641052, 1.147438883781433, 0.20134682953357697]","[0.04092201590538025, 0.08419893682003021, 0.6321014761924744, 0.08132317662239075]"
7977.0,2007-03-01T00:00:00.000000000,"[0.15734252333641052, 1.147438883781433, 0.20134682953357697, 0.33335965871810913]","[0.257255494594574, 0.6285965442657471, 0.4609626829624176, 0.26554542779922485]"
7977.0,2007-06-01T00:00:00.000000000,"[1.147438883781433, 0.20134682953357697, 0.33335965871810913, 0.15734252333641052]","[0.6783652901649475, 0.3847965598106384, 0.14800915122032166, 0.2291250228881836]"
7977.0,2007-09-01T00:00:00.000000000,"[0.20134682953357697, 0.33335965871810913, 0.15734252333641052, 1.279451608657837]","[0.5082875490188599, 0.42484623193740845, 0.5052744150161743, 0.7653117775917053]"
7977.0,2007-12-01T00:00:00.000000000,"[0.33335965871810913, 0.15734252333641052, 1.279451608657837, 0.2893553674221039]","[0.11049416661262512, 0.19679173827171326, 0.9556431770324707, 0.1380026638507843]"
7977.0,2008-03-01T00:00:00.000000000,"[0.15734252333641052, 1.279451608657837, 0.2893553674221039, 0.33335965871810913]","[0.35782283544540405, 0.8396435976028442, 0.41196373105049133, 0.24746181070804596]"
7977.0,2008-09-01T00:00:00.000000000,"[1.279451608657837, 0.2893553674221039, 0.33335965871810913, 0.2893553674221039]","[0.7447143793106079, 0.22306117415428162, 0.11489859223365784, 0.2312878966331482]"
7977.0,2008-12-01T00:00:00.000000000,"[0.2893553674221039, 0.33335965871810913, 0.2893553674221039, 1.4334666728973389]","[0.46562275290489197, 0.427005797624588, 0.5213852524757385, 0.8357757329940796]"
7977.0,2009-03-01T00:00:00.000000000,"[0.33335965871810913, 0.2893553674221039, 1.4334666728973389, 0.2233489453792572]","[0.19994759559631348, 0.3132568895816803, 1.254229187965393, 0.15286609530448914]"
7977.0,2009-06-01T00:00:00.000000000,"[0.2893553674221039, 1.4334666728973389, 0.2233489453792572, 0.553381085395813]","[0.5352106690406799, 1.1363544464111328, 0.39083558320999146, 0.21948206424713135]"
7977.0,2009-09-01T00:00:00.000000000,"[1.4334666728973389, 0.2233489453792572, 0.553381085395813, 0.44337034225463867]","[0.8788783550262451, 0.15837550163269043, 0.1776416003704071, 0.24787545204162598]"
7977.0,2009-12-01T00:00:00.000000000,"[0.2233489453792572, 0.553381085395813, 0.44337034225463867, 1.4114645719528198]","[0.5050162076950073, 0.5186192989349365, 0.722522497177124, 1.0498218536376953]"
7977.0,2010-03-01T00:00:00.000000000,"[0.553381085395813, 0.44337034225463867, 1.4114645719528198, 0.2233489453792572]","[0.25506943464279175, 0.3182259500026703, 1.40096116065979, 0.22048507630825043]"
7977.0,2010-06-01T00:00:00.000000000,"[0.44337034225463867, 1.4114645719528198, 0.2233489453792572, 0.6413896679878235]","[0.5902692079544067, 1.2045159339904785, 0.4555339813232422, 0.37062859535217285]"
7977.0,2010-09-01T00:00:00.000000000,"[1.4114645719528198, 0.2233489453792572, 0.6413896679878235, 0.3113575577735901]","[1.1237238645553589, 0.20870786905288696, 0.2889549136161804, 0.3983451724052429]"
7977.0,2010-12-01T00:00:00.000000000,"[0.2233489453792572, 0.6413896679878235, 0.3113575577735901, 1.5214751958847046]","[0.446499228477478, 0.4589094817638397, 0.7312369346618652, 1.0234673023223877]"
7977.0,2011-03-01T00:00:00.000000000,"[0.6413896679878235, 0.3113575577735901, 1.5214751958847046, 0.5313789248466492]","[0.2863871455192566, 0.35376861691474915, 1.4744515419006348, 0.2380141168832779]"
7977.0,2011-06-01T00:00:00.000000000,"[0.3113575577735901, 1.5214751958847046, 0.5313789248466492, 0.5313789248466492]","[0.7216372489929199, 1.380679965019226, 0.4920313358306885, 0.3820989429950714]"
7977.0,2011-09-01T00:00:00.000000000,"[1.5214751958847046, 0.5313789248466492, 0.5313789248466492, 0.4873746931552887]","[1.1890668869018555, 0.198334202170372, 0.3120496869087219, 0.4053610861301422]"
7977.0,2011-12-01T00:00:00.000000000,"[0.5313789248466492, 0.5313789248466492, 0.4873746931552887, 1.8075029850006104]","[0.47850993275642395, 0.5004306435585022, 0.7835968136787415, 1.079965591430664]"
7977.0,2012-03-01T00:00:00.000000000,"[0.5313789248466492, 0.4873746931552887, 1.8075029850006104, 0.4873746931552887]","[0.35383856296539307, 0.4574679136276245, 1.6001241207122803, 0.3086501955986023]"
7977.0,2012-06-01T00:00:00.000000000,"[0.4873746931552887, 1.8075029850006104, 0.4873746931552887, 0.7734025120735168]","[0.7685645818710327, 1.5038450956344604, 0.5492491722106934, 0.36392349004745483]"
7977.0,2012-09-01T00:00:00.000000000,"[1.8075029850006104, 0.4873746931552887, 0.7734025120735168, 0.575383186340332]","[1.32553231716156, 0.2780246138572693, 0.3660646677017212, 0.48309946060180664]"
7977.0,2012-12-01T00:00:00.000000000,"[0.4873746931552887, 0.7734025120735168, 0.575383186340332, 1.7855008840560913]","[0.5500724911689758, 0.5787544250488281, 0.8967719078063965, 1.217487096786499]"
7977.0,2013-03-01T00:00:00.000000000,"[0.7734025120735168, 0.575383186340332, 1.7855008840560913, 0.575383186340332]","[0.3788355588912964, 0.537919282913208, 1.777000904083252, 0.3337305188179016]"
8402.0,2006-06-01T00:00:00.000000000,"[0.17934469878673553, 0.33335965871810913, 0.33335965871810913, 0.3113575577735901]","[0.18138530850410461, 0.2786717116832733, 0.26579293608665466, 0.23903317749500275]"
8402.0,2006-09-01T00:00:00.000000000,"[0.33335965871810913, 0.33335965871810913, 0.3113575577735901, 0.26735323667526245]","[0.24009224772453308, 0.21606072783470154, 0.1852065920829773, 0.17418786883354187]"
8402.0,2006-12-01T00:00:00.000000000,"[0.33335965871810913, 0.3113575577735901, 0.26735323667526245, 0.44337034225463867]","[0.2652241289615631, 0.21333390474319458, 0.1954115331172943, 0.2726854681968689]"
8402.0,2007-03-01T00:00:00.000000000,"[0.3113575577735901, 0.26735323667526245, 0.44337034225463867, 0.44337034225463867]","[0.2260810136795044, 0.23210129141807556, 0.2906755805015564, 0.2766045033931732]"
8402.0,2007-06-01T00:00:00.000000000,"[0.26735323667526245, 0.44337034225463867, 0.44337034225463867, 0.2233489453792572]","[0.21630853414535522, 0.3148341774940491, 0.3373250961303711, 0.24741145968437195]"
8402.0,2007-09-01T00:00:00.000000000,"[0.44337034225463867, 0.44337034225463867, 0.2233489453792572, 0.37736397981643677]","[0.3160201907157898, 0.30225592851638794, 0.22126954793930054, 0.1736794263124466]"
8402.0,2007-12-01T00:00:00.000000000,"[0.44337034225463867, 0.2233489453792572, 0.37736397981643677, 0.6193875670433044]","[0.37827053666114807, 0.25762295722961426, 0.2014806568622589, 0.3238312304019928]"
8402.0,2008-03-01T00:00:00.000000000,"[0.2233489453792572, 0.37736397981643677, 0.6193875670433044, 0.5313789248466492]","[0.29307228326797485, 0.2622468173503876, 0.31481605768203735, 0.3000463545322418]"
8402.0,2008-06-01T00:00:00.000000000,"[0.37736397981643677, 0.6193875670433044, 0.5313789248466492, 0.5093768239021301]","[0.194746196269989, 0.29376205801963806, 0.3357192873954773, 0.19189321994781494]"
8402.0,2008-09-01T00:00:00.000000000,"[0.6193875670433044, 0.5313789248466492, 0.5093768239021301, 0.4873746931552887]","[0.3980652689933777, 0.3822205066680908, 0.27747899293899536, 0.22678354382514954]"
8402.0,2008-12-01T00:00:00.000000000,"[0.5313789248466492, 0.5093768239021301, 0.4873746931552887, 0.6633917689323425]","[0.5418513417243958, 0.3542456030845642, 0.2880626916885376, 0.42480018734931946]"
8402.0,2009-03-01T00:00:00.000000000,"[0.5093768239021301, 0.4873746931552887, 0.6633917689323425, 0.5973852872848511]","[0.38806724548339844, 0.3678553104400635, 0.44915759563446045, 0.39366984367370605]"
8402.0,2009-06-01T00:00:00.000000000,"[0.4873746931552887, 0.6633917689323425, 0.5973852872848511, 0.6853939294815063]","[0.3825410008430481, 0.5027593970298767, 0.507638156414032, 0.3438922166824341]"
8402.0,2009-09-01T00:00:00.000000000,"[0.6633917689323425, 0.5973852872848511, 0.6853939294815063, 0.6413896679878235]","[0.5844791531562805, 0.5489065051078796, 0.4335689842700958, 0.35150301456451416]"
8402.0,2009-12-01T00:00:00.000000000,"[0.5973852872848511, 0.6853939294815063, 0.6413896679878235, 0.7734025120735168]","[0.6416109800338745, 0.50116366147995, 0.46584466099739075, 0.5702833533287048]"
8402.0,2010-03-01T00:00:00.000000000,"[0.6853939294815063, 0.6413896679878235, 0.7734025120735168, 0.7293981313705444]","[0.5305378437042236, 0.48195183277130127, 0.573625922203064, 0.5639982223510742]"
8402.0,2010-06-01T00:00:00.000000000,"[0.6413896679878235, 0.7734025120735168, 0.7293981313705444, 1.2574495077133179]","[0.5296174883842468, 0.6499671339988708, 0.6700103282928467, 0.5893121361732483]"
8402.0,2010-09-01T00:00:00.000000000,"[0.7734025120735168, 0.7293981313705444, 1.2574495077133179, 0.6853939294815063]","[0.7279242277145386, 0.6640077829360962, 0.5924689173698425, 0.5414343476295471]"
8402.0,2010-12-01T00:00:00.000000000,"[0.7293981313705444, 1.2574495077133179, 0.6853939294815063, 0.8614109754562378]","[0.7443820834159851, 0.6346415877342224, 0.6002572178840637, 0.7171969413757324]"
8402.0,2011-03-01T00:00:00.000000000,"[1.2574495077133179, 0.6853939294815063, 0.8614109754562378, 0.8394088745117188]","[0.6459417939186096, 0.5983304977416992, 0.7050217390060425, 0.6851150393486023]"
8402.0,2011-06-01T00:00:00.000000000,"[0.6853939294815063, 0.8614109754562378, 0.8394088745117188, 1.4334666728973389]","[0.8547066450119019, 0.9523962140083313, 0.9197993874549866, 0.9427488446235657]"
8402.0,2011-09-01T00:00:00.000000000,"[0.8614109754562378, 0.8394088745117188, 1.4334666728973389, 0.6413896679878235]","[0.8306801319122314, 0.802356481552124, 0.8228275179862976, 0.6315791606903076]"
8402.0,2011-12-01T00:00:00.000000000,"[0.8394088745117188, 1.4334666728973389, 0.6413896679878235, 0.6853939294815063]","[0.8637638092041016, 0.7825545072555542, 0.7102300524711609, 0.8637250065803528]"
8402.0,2012-03-01T00:00:00.000000000,"[1.4334666728973389, 0.6413896679878235, 0.6853939294815063, 0.9054153561592102]","[0.8407694697380066, 0.6705867648124695, 0.8066062927246094, 0.8306760191917419]"
8402.0,2012-06-01T00:00:00.000000000,"[0.6413896679878235, 0.6853939294815063, 0.9054153561592102, 1.4114645719528198]","[1.015655755996704, 1.153207540512085, 1.1195337772369385, 1.1596976518630981]"
8402.0,2012-09-01T00:00:00.000000000,"[0.6853939294815063, 0.9054153561592102, 1.4114645719528198, 0.8834132552146912]","[0.8633095622062683, 0.8832672834396362, 1.0145156383514404, 0.6363689303398132]"
8402.0,2012-12-01T00:00:00.000000000,"[0.9054153561592102, 1.4114645719528198, 0.8834132552146912, 1.2574495077133179]","[0.8808283805847168, 0.8576058745384216, 0.7515981197357178, 0.8986197710037231]"
8402.0,2013-03-01T00:00:00.000000000,"[1.4114645719528198, 0.8834132552146912, 1.2574495077133179, 1.301453948020935]","[0.9856094717979431, 0.7082884311676025, 0.826153039932251, 0.9157087802886963]"
8479.0,2006-06-01T00:00:00.000000000,"[2.2035415172576904, 2.2915501594543457, 1.7634987831115723, 1.125436782836914]","[1.7238701581954956, 2.2334609031677246, 1.4487953186035156, 1.061201810836792]"
8479.0,2006-09-01T00:00:00.000000000,"[2.2915501594543457, 1.7634987831115723, 1.125436782836914, 2.2035415172576904]","[2.2338132858276367, 1.6255773305892944, 1.5154974460601807, 1.9456274509429932]"
8479.0,2006-12-01T00:00:00.000000000,"[1.7634987831115723, 1.125436782836914, 2.2035415172576904, 2.269547939300537]","[1.5782839059829712, 1.4588284492492676, 2.022399663925171, 2.215276002883911]"
8479.0,2007-03-01T00:00:00.000000000,"[1.125436782836914, 2.2035415172576904, 2.269547939300537, 1.6314857006072998]","[1.5256036520004272, 2.1213815212249756, 2.7478528022766113, 1.7161003351211548]"
8479.0,2007-06-01T00:00:00.000000000,"[2.2035415172576904, 2.269547939300537, 1.6314857006072998, 1.2574495077133179]","[1.740688443183899, 2.353869676589966, 1.4482351541519165, 1.0143483877182007]"
8479.0,2007-09-01T00:00:00.000000000,"[2.269547939300537, 1.6314857006072998, 1.2574495077133179, 2.269547939300537]","[2.3783113956451416, 1.6142338514328003, 1.4386801719665527, 1.9403722286224365]"
8479.0,2007-12-01T00:00:00.000000000,"[1.6314857006072998, 1.2574495077133179, 2.269547939300537, 2.379558563232422]","[1.5800226926803589, 1.448983907699585, 2.0174174308776855, 2.2079391479492188]"
8479.0,2008-03-01T00:00:00.000000000,"[1.2574495077133179, 2.269547939300537, 2.379558563232422, 1.9395159482955933]","[1.4934189319610596, 2.017427444458008, 2.7164833545684814, 1.6380971670150757]"
8479.0,2008-06-01T00:00:00.000000000,"[2.269547939300537, 2.379558563232422, 1.9395159482955933, 1.3674603700637817]","[1.7244760990142822, 2.351125717163086, 1.4437499046325684, 1.0203633308410645]"
8479.0,2008-09-01T00:00:00.000000000,"[2.379558563232422, 1.9395159482955933, 1.3674603700637817, 2.4675674438476562]","[2.4499876499176025, 1.6332625150680542, 1.414423942565918, 1.924032211303711]"
8479.0,2008-12-01T00:00:00.000000000,"[1.9395159482955933, 1.3674603700637817, 2.4675674438476562, 2.5555758476257324]","[1.6276010274887085, 1.4977158308029175, 2.066911220550537, 2.2487452030181885]"
8479.0,2009-03-01T00:00:00.000000000,"[1.3674603700637817, 2.4675674438476562, 2.5555758476257324, 2.181539297103882]","[1.5703498125076294, 2.0800862312316895, 2.77497935295105, 1.7152799367904663]"
8479.0,2009-06-01T00:00:00.000000000,"[2.4675674438476562, 2.5555758476257324, 2.181539297103882, 1.4114645719528198]","[1.772183895111084, 2.4075679779052734, 1.5329771041870117, 1.090325117111206]"
8479.0,2009-09-01T00:00:00.000000000,"[2.5555758476257324, 2.181539297103882, 1.4114645719528198, 2.8416035175323486]","[2.6114344596862793, 1.8028281927108765, 1.5249015092849731, 2.050783157348633]"
8479.0,2009-12-01T00:00:00.000000000,"[2.181539297103882, 1.4114645719528198, 2.8416035175323486, 2.7975993156433105]","[1.7518446445465088, 1.5642143487930298, 2.177964210510254, 2.361903667449951]"
8479.0,2010-03-01T00:00:00.000000000,"[1.4114645719528198, 2.8416035175323486, 2.7975993156433105, 2.577577829360962]","[1.6785950660705566, 2.2052130699157715, 2.9181413650512695, 1.8628462553024292]"
8479.0,2010-06-01T00:00:00.000000000,"[2.8416035175323486, 2.7975993156433105, 2.577577829360962, 1.4334666728973389]","[1.8087679147720337, 2.491952419281006, 1.6455339193344116, 1.1270482540130615]"
8479.0,2010-09-01T00:00:00.000000000,"[2.7975993156433105, 2.577577829360962, 1.4334666728973389, 2.6875884532928467]","[2.8818564414978027, 2.0015690326690674, 1.6573905944824219, 2.2722525596618652]"
8479.0,2010-12-01T00:00:00.000000000,"[2.577577829360962, 1.4334666728973389, 2.6875884532928467, 2.7315926551818848]","[1.8980367183685303, 1.6547908782958984, 2.290539026260376, 2.505488872528076]"
8479.0,2011-03-01T00:00:00.000000000,"[1.4334666728973389, 2.6875884532928467, 2.7315926551818848, 2.4895694255828857]","[1.787349820137024, 2.314610481262207, 3.048842430114746, 2.0085527896881104]"
8479.0,2011-06-01T00:00:00.000000000,"[2.6875884532928467, 2.7315926551818848, 2.4895694255828857, 1.6534881591796875]","[1.8003122806549072, 2.5004963874816895, 1.7707144021987915, 1.1339523792266846]"
8479.0,2011-09-01T00:00:00.000000000,"[2.7315926551818848, 2.4895694255828857, 1.6534881591796875, 2.2035415172576904]","[2.9261512756347656, 2.0615615844726562, 1.6557037830352783, 2.283726692199707]"
8479.0,2011-12-01T00:00:00.000000000,"[2.4895694255828857, 1.6534881591796875, 2.2035415172576904, 2.9516141414642334]","[2.0631117820739746, 1.6863371133804321, 2.3032751083374023, 2.522491693496704]"
8479.0,2012-03-01T00:00:00.000000000,"[1.6534881591796875, 2.2035415172576904, 2.9516141414642334, 2.533573627471924]","[1.873623251914978, 2.3687686920166016, 3.0200934410095215, 2.0426108837127686]"
8479.0,2012-06-01T00:00:00.000000000,"[2.2035415172576904, 2.9516141414642334, 2.533573627471924, 1.9615180492401123]","[2.007951259613037, 2.659041404724121, 1.9373853206634521, 1.3392812013626099]"
8479.0,2012-09-01T00:00:00.000000000,"[2.9516141414642334, 2.533573627471924, 1.9615180492401123, 3.083627223968506]","[2.7008860111236572, 2.0003538131713867, 1.670604944229126, 2.1888539791107178]"
8479.0,2012-12-01T00:00:00.000000000,"[2.533573627471924, 1.9615180492401123, 3.083627223968506, 3.2376420497894287]","[2.250326633453369, 1.7912678718566895, 2.4238691329956055, 2.6481854915618896]"
8479.0,2013-03-01T00:00:00.000000000,"[1.9615180492401123, 3.083627223968506, 3.2376420497894287, 2.665586471557617]","[1.9882593154907227, 2.540151834487915, 3.2185869216918945, 2.1864588260650635]"
8539.0,2006-06-01T00:00:00.000000000,"[0.42136821150779724, 1.0154259204864502, 0.35536178946495056, 0.8614109754562378]","[1.194408655166626, 1.3152682781219482, 1.2031601667404175, 1.2912715673446655]"
8539.0,2006-09-01T00:00:00.000000000,"[1.0154259204864502, 0.35536178946495056, 0.8614109754562378, 0.5973852872848511]","[1.0987696647644043, 0.9372365474700928, 1.2757787704467773, 1.2029134035110474]"
8539.0,2006-12-01T00:00:00.000000000,"[0.35536178946495056, 0.8614109754562378, 0.5973852872848511, 1.125436782836914]","[1.140878677368164, 1.2144757509231567, 1.3343297243118286, 1.3992489576339722]"
8539.0,2007-03-01T00:00:00.000000000,"[0.8614109754562378, 0.5973852872848511, 1.125436782836914, 0.13534040749073029]","[0.9748349189758301, 0.9803204536437988, 1.212910532951355, 1.1349525451660156]"
8539.0,2007-06-01T00:00:00.000000000,"[0.5973852872848511, 1.125436782836914, 0.13534040749073029, 0.7954046130180359]","[1.0958006381988525, 1.2406766414642334, 1.2945338487625122, 1.3242008686065674]"
8539.0,2007-09-01T00:00:00.000000000,"[1.125436782836914, 0.13534040749073029, 0.7954046130180359, 0.7293981313705444]","[1.023014783859253, 0.9750638604164124, 1.2329994440078735, 1.1661473512649536]"
8539.0,2007-12-01T00:00:00.000000000,"[0.13534040749073029, 0.7954046130180359, 0.7293981313705444, 1.301453948020935]","[1.138786792755127, 1.2564986944198608, 1.2744534015655518, 1.3110581636428833]"
8539.0,2008-03-01T00:00:00.000000000,"[0.7954046130180359, 0.7293981313705444, 1.301453948020935, 0.26735323667526245]","[0.9386337995529175, 0.9651023149490356, 1.1120481491088867, 1.1000840663909912]"
8539.0,2008-06-01T00:00:00.000000000,"[0.7293981313705444, 1.301453948020935, 0.26735323667526245, 0.7293981313705444]","[0.969961941242218, 1.1264950037002563, 1.1559772491455078, 1.1946109533309937]"
8539.0,2008-09-01T00:00:00.000000000,"[1.301453948020935, 0.26735323667526245, 0.7293981313705444, 0.4873746931552887]","[0.9806262254714966, 0.9392666220664978, 1.1594115495681763, 1.0945100784301758]"
8539.0,2008-12-01T00:00:00.000000000,"[0.26735323667526245, 0.7293981313705444, 0.4873746931552887, 1.1694409847259521]","[1.0910533666610718, 1.191998839378357, 1.2180770635604858, 1.2948341369628906]"
8539.0,2009-03-01T00:00:00.000000000,"[0.7293981313705444, 0.4873746931552887, 1.1694409847259521, 0.5093768239021301]","[0.8735470771789551, 0.9754188656806946, 1.0203666687011719, 0.9573779106140137]"
8539.0,2009-06-01T00:00:00.000000000,"[0.4873746931552887, 1.1694409847259521, 0.5093768239021301, 1.4114645719528198]","[0.8947900533676147, 1.0453894138336182, 1.0637199878692627, 1.108993411064148]"
8539.0,2009-09-01T00:00:00.000000000,"[1.1694409847259521, 0.5093768239021301, 1.4114645719528198, 0.8614109754562378]","[0.7719272375106812, 0.785205066204071, 0.9510902166366577, 0.8797376155853271]"
8539.0,2009-12-01T00:00:00.000000000,"[0.5093768239021301, 1.4114645719528198, 0.8614109754562378, 1.2354472875595093]","[0.9406130909919739, 1.0123960971832275, 1.0353329181671143, 1.0696454048156738]"
8539.0,2010-03-01T00:00:00.000000000,"[1.4114645719528198, 0.8614109754562378, 1.2354472875595093, 0.575383186340332]","[0.8416767120361328, 0.8685587644577026, 0.9656383991241455, 0.8800578117370605]"
8539.0,2010-06-01T00:00:00.000000000,"[0.8614109754562378, 1.2354472875595093, 0.575383186340332, 1.2134451866149902]","[1.0240232944488525, 1.1946561336517334, 1.1313444375991821, 1.151254415512085]"
8539.0,2010-09-01T00:00:00.000000000,"[1.2354472875595093, 0.575383186340332, 1.2134451866149902, 0.6193875670433044]","[0.9823839068412781, 0.8814247846603394, 0.982630729675293, 0.8880486488342285]"
8539.0,2010-12-01T00:00:00.000000000,"[0.575383186340332, 1.2134451866149902, 0.6193875670433044, 1.323456048965454]","[0.9168011546134949, 0.9982730746269226, 0.98965984582901, 1.004099726676941]"
8539.0,2011-03-01T00:00:00.000000000,"[1.2134451866149902, 0.6193875670433044, 1.323456048965454, 1.125436782836914]","[0.9011355638504028, 0.9383206367492676, 0.9515265226364136, 0.7922444939613342]"
8539.0,2011-06-01T00:00:00.000000000,"[0.6193875670433044, 1.323456048965454, 1.125436782836914, 1.2134451866149902]","[0.9292382001876831, 1.027695655822754, 0.9913100004196167, 0.9746900200843811]"
8539.0,2011-09-01T00:00:00.000000000,"[1.323456048965454, 1.125436782836914, 1.2134451866149902, 0.5093768239021301]","[0.8508778810501099, 0.7020571231842041, 0.8466925024986267, 0.7802452445030212]"
8539.0,2011-12-01T00:00:00.000000000,"[1.125436782836914, 1.2134451866149902, 0.5093768239021301, 1.5874814987182617]","[0.8481086492538452, 0.8999766707420349, 0.8994004130363464, 0.9453717470169067]"
8539.0,2012-03-01T00:00:00.000000000,"[1.2134451866149902, 0.5093768239021301, 1.5874814987182617, 0.9714217185974121]","[0.9608901143074036, 0.9563708901405334, 0.9872438907623291, 0.835944414138794]"
8539.0,2012-06-01T00:00:00.000000000,"[0.5093768239021301, 1.5874814987182617, 0.9714217185974121, -0.8327537775039673]","[1.1170541048049927, 1.2655643224716187, 1.080888271331787, 1.0899423360824585]"
8539.0,2012-09-01T00:00:00.000000000,"[1.5874814987182617, 0.9714217185974121, -0.8327537775039673, 1.2574495077133179]","[0.9453802108764648, 0.674881637096405, 0.8340493440628052, 0.7585864663124084]"
8539.0,2012-12-01T00:00:00.000000000,"[0.9714217185974121, -0.8327537775039673, 1.2574495077133179, 1.6974923610687256]","[1.0931205749511719, 1.086224913597107, 1.0397419929504395, 1.2735216617584229]"
8539.0,2013-03-01T00:00:00.000000000,"[-0.8327537775039673, 1.2574495077133179, 1.6974923610687256, 1.279451608657837]","[1.0110135078430176, 0.852338433265686, 1.3852287530899048, 0.8681225776672363]"
8762.0,2006-06-01T00:00:00.000000000,"[1.3894624710083008, 1.6534881591796875, 1.6314857006072998, 1.323456048965454]","[1.4145394563674927, 2.037123203277588, 2.610901117324829, 1.4867357015609741]"
8762.0,2006-09-01T00:00:00.000000000,"[1.6534881591796875, 1.6314857006072998, 1.323456048965454, 1.499472975730896]","[1.8937560319900513, 2.2740321159362793, 1.6736509799957275, 1.4279545545578003]"
8762.0,2006-12-01T00:00:00.000000000,"[1.6314857006072998, 1.323456048965454, 1.499472975730896, 1.455468773841858]","[1.9366695880889893, 1.3994996547698975, 1.3961437940597534, 1.6499176025390625]"
8762.0,2007-03-01T00:00:00.000000000,"[1.323456048965454, 1.499472975730896, 1.455468773841858, 1.5874814987182617]","[1.3556679487228394, 1.329899787902832, 1.7001333236694336, 1.9256441593170166]"
8762.0,2007-06-01T00:00:00.000000000,"[1.499472975730896, 1.455468773841858, 1.5874814987182617, 1.1914430856704712]","[1.3551841974258423, 1.8087961673736572, 2.3833670616149902, 1.3887503147125244]"
8762.0,2007-09-01T00:00:00.000000000,"[1.455468773841858, 1.5874814987182617, 1.1914430856704712, 1.0374282598495483]","[1.75474214553833, 2.1794686317443848, 1.5647943019866943, 1.3977106809616089]"
8762.0,2007-12-01T00:00:00.000000000,"[1.5874814987182617, 1.1914430856704712, 1.0374282598495483, 1.5654793977737427]","[1.8984686136245728, 1.296068549156189, 1.2530970573425293, 1.5057939291000366]"
8762.0,2008-03-01T00:00:00.000000000,"[1.1914430856704712, 1.0374282598495483, 1.5654793977737427, 1.6754902601242065]","[1.3190076351165771, 1.2411707639694214, 1.5284173488616943, 1.718967080116272]"
8762.0,2008-06-01T00:00:00.000000000,"[1.0374282598495483, 1.5654793977737427, 1.6754902601242065, 1.4114645719528198]","[1.195265531539917, 1.4679999351501465, 2.1157617568969727, 1.1645786762237549]"
8762.0,2008-09-01T00:00:00.000000000,"[1.5654793977737427, 1.6754902601242065, 1.4114645719528198, 1.1694409847259521]","[1.434755802154541, 1.8809453248977661, 1.33246648311615, 1.218308448791504]"
8762.0,2008-12-01T00:00:00.000000000,"[1.6754902601242065, 1.4114645719528198, 1.1694409847259521, 1.6974923610687256]","[1.959503173828125, 1.2787667512893677, 1.1965008974075317, 1.4803686141967773]"
8762.0,2009-03-01T00:00:00.000000000,"[1.4114645719528198, 1.1694409847259521, 1.6974923610687256, 1.9175138473510742]","[1.3228557109832764, 1.2632250785827637, 1.3667857646942139, 1.4897422790527344]"
8762.0,2009-06-01T00:00:00.000000000,"[1.1694409847259521, 1.6974923610687256, 1.9175138473510742, 1.499472975730896]","[1.2729976177215576, 1.4803640842437744, 1.9553855657577515, 1.234431505203247]"
8762.0,2009-09-01T00:00:00.000000000,"[1.6974923610687256, 1.9175138473510742, 1.499472975730896, 1.3674603700637817]","[1.3183597326278687, 1.6152054071426392, 1.2901302576065063, 1.3793224096298218]"
8762.0,2009-12-01T00:00:00.000000000,"[1.9175138473510742, 1.499472975730896, 1.3674603700637817, 1.7634987831115723]","[1.824463963508606, 1.3487628698349, 1.5063986778259277, 1.3761003017425537]"
8762.0,2010-03-01T00:00:00.000000000,"[1.499472975730896, 1.3674603700637817, 1.7634987831115723, 2.0495264530181885]","[1.4074171781539917, 1.3721380233764648, 1.488905429840088, 1.6297099590301514]"
8762.0,2010-06-01T00:00:00.000000000,"[1.3674603700637817, 1.7634987831115723, 2.0495264530181885, 1.6314857006072998]","[1.3181642293930054, 1.5664609670639038, 2.002100706100464, 1.258941411972046]"
8762.0,2010-09-01T00:00:00.000000000,"[1.7634987831115723, 2.0495264530181885, 1.6314857006072998, 1.7194944620132446]","[1.457241415977478, 1.7588905096054077, 1.426979899406433, 1.4325520992279053]"
8762.0,2010-12-01T00:00:00.000000000,"[2.0495264530181885, 1.6314857006072998, 1.7194944620132446, 2.313552141189575]","[1.875144124031067, 1.4912418127059937, 1.5451887845993042, 1.4825685024261475]"
8762.0,2011-03-01T00:00:00.000000000,"[1.6314857006072998, 1.7194944620132446, 2.313552141189575, 2.42356276512146]","[1.4526913166046143, 1.421617865562439, 1.661302924156189, 1.803774118423462]"
8762.0,2011-06-01T00:00:00.000000000,"[1.7194944620132446, 2.313552141189575, 2.42356276512146, 1.8735092878341675]","[1.3686208724975586, 1.6041237115859985, 2.0233588218688965, 1.3639923334121704]"
8762.0,2011-09-01T00:00:00.000000000,"[2.313552141189575, 2.42356276512146, 1.8735092878341675, 1.8515071868896484]","[1.7155461311340332, 2.088655948638916, 1.5811086893081665, 1.392147421836853]"
8762.0,2011-12-01T00:00:00.000000000,"[2.42356276512146, 1.8735092878341675, 1.8515071868896484, 2.885607957839966]","[2.324836492538452, 1.7032084465026855, 1.49702787399292, 1.7962278127670288]"
8762.0,2012-03-01T00:00:00.000000000,"[1.8735092878341675, 1.8515071868896484, 2.885607957839966, 2.9076099395751953]","[1.6508772373199463, 1.5555192232131958, 1.8450356721878052, 2.0212271213531494]"
8762.0,2012-06-01T00:00:00.000000000,"[1.8515071868896484, 2.885607957839966, 2.9076099395751953, 2.071528673171997]","[1.4712889194488525, 1.8334391117095947, 2.387730121612549, 1.5217552185058594]"
8762.0,2012-09-01T00:00:00.000000000,"[2.885607957839966, 2.9076099395751953, 2.071528673171997, 1.7855008840560913]","[1.9927101135253906, 2.374882221221924, 1.7180237770080566, 1.4361851215362549]"
8762.0,2012-12-01T00:00:00.000000000,"[2.9076099395751953, 2.071528673171997, 1.7855008840560913, 2.8416035175323486]","[2.8483572006225586, 1.9791853427886963, 1.7012104988098145, 2.1681203842163086]"
8762.0,2013-03-01T00:00:00.000000000,"[2.071528673171997, 1.7855008840560913, 2.8416035175323486, 2.9516141414642334]","[1.9273792505264282, 1.7527822256088257, 2.089019298553467, 2.322422981262207]"
9248.0,2006-06-01T00:00:00.000000000,"[0.5643821358680725, 0.553381085395813, 0.3223586082458496, 0.6193875670433044]","[0.47852760553359985, 0.28051501512527466, 0.22565463185310364, 0.40942901372909546]"
9248.0,2006-09-01T00:00:00.000000000,"[0.553381085395813, 0.3223586082458496, 0.6193875670433044, 0.7624014616012573]","[0.4452509880065918, 0.3993983268737793, 0.49914222955703735, 0.4924391508102417]"
9248.0,2006-12-01T00:00:00.000000000,"[0.3223586082458496, 0.6193875670433044, 0.7624014616012573, 0.6853939294815063]","[0.374181866645813, 0.5855796933174133, 0.630907416343689, 0.4683569669723511]"
9248.0,2007-03-01T00:00:00.000000000,"[0.6193875670433044, 0.7624014616012573, 0.6853939294815063, 0.4653724431991577]","[0.5250912308692932, 0.4505181610584259, 0.3533954620361328, 0.297061562538147]"
9248.0,2007-06-01T00:00:00.000000000,"[0.7624014616012573, 0.6853939294815063, 0.4653724431991577, 0.7514004111289978]","[0.6345478892326355, 0.43251651525497437, 0.37117862701416016, 0.5568753480911255]"
9248.0,2007-09-01T00:00:00.000000000,"[0.6853939294815063, 0.4653724431991577, 0.7514004111289978, 0.9054153561592102]","[0.6145790219306946, 0.5594439506530762, 0.65678471326828, 0.6611199975013733]"
9248.0,2007-12-01T00:00:00.000000000,"[0.4653724431991577, 0.7514004111289978, 0.9054153561592102, 0.8614109754562378]","[0.5051440596580505, 0.7536792755126953, 0.7918986082077026, 0.6358500719070435]"
9248.0,2008-03-01T00:00:00.000000000,"[0.7514004111289978, 0.9054153561592102, 0.8614109754562378, 0.6633917689323425]","[0.6628071665763855, 0.6063393354415894, 0.5212469100952148, 0.4608522057533264]"
9248.0,2008-06-01T00:00:00.000000000,"[0.9054153561592102, 0.8614109754562378, 0.6633917689323425, 0.9934238195419312]","[0.7865250706672668, 0.5705800652503967, 0.5080863833427429, 0.6737506985664368]"
9248.0,2008-09-01T00:00:00.000000000,"[0.8614109754562378, 0.6633917689323425, 0.9934238195419312, 1.103434681892395]","[0.748602032661438, 0.6797154545783997, 0.7791885733604431, 0.7945638298988342]"
9248.0,2008-12-01T00:00:00.000000000,"[0.6633917689323425, 0.9934238195419312, 1.103434681892395, 1.103434681892395]","[0.6447574496269226, 0.9136738777160645, 0.9448248147964478, 0.8173816204071045]"
9248.0,2009-03-01T00:00:00.000000000,"[0.9934238195419312, 1.103434681892395, 1.103434681892395, 0.8834132552146912]","[0.8158167600631714, 0.8125036358833313, 0.7288208603858948, 0.6428375244140625]"
9248.0,2009-06-01T00:00:00.000000000,"[1.103434681892395, 1.103434681892395, 0.8834132552146912, 1.455468773841858]","[0.9947771430015564, 0.781805157661438, 0.7079874873161316, 0.8602567315101624]"
9248.0,2009-09-01T00:00:00.000000000,"[1.103434681892395, 0.8834132552146912, 1.455468773841858, 1.323456048965454]","[0.9308390617370605, 0.8473973274230957, 0.9466371536254883, 0.9790586233139038]"
9248.0,2009-12-01T00:00:00.000000000,"[0.8834132552146912, 1.455468773841858, 1.323456048965454, 1.5874814987182617]","[0.8282343149185181, 1.1150856018066406, 1.1407251358032227, 1.0370038747787476]"
9248.0,2010-03-01T00:00:00.000000000,"[1.455468773841858, 1.323456048965454, 1.5874814987182617, 1.301453948020935]","[1.0054574012756348, 1.0229905843734741, 0.9352059960365295, 0.8460819125175476]"
9248.0,2010-06-01T00:00:00.000000000,"[1.323456048965454, 1.5874814987182617, 1.301453948020935, 1.7855008840560913]","[1.3497178554534912, 1.123957872390747, 1.030428409576416, 1.2262842655181885]"
9248.0,2010-09-01T00:00:00.000000000,"[1.5874814987182617, 1.301453948020935, 1.7855008840560913, 1.8295050859451294]","[1.16162109375, 1.0325448513031006, 1.1752766370773315, 1.2198619842529297]"
9248.0,2010-12-01T00:00:00.000000000,"[1.301453948020935, 1.7855008840560913, 1.8295050859451294, 1.8075029850006104]","[1.1230933666229248, 1.4265449047088623, 1.483006477355957, 1.3536183834075928]"
9248.0,2011-03-01T00:00:00.000000000,"[1.7855008840560913, 1.8295050859451294, 1.8075029850006104, 1.5654793977737427]","[1.4080708026885986, 1.37816321849823, 1.260446548461914, 1.1309561729431152]"
9248.0,2011-06-01T00:00:00.000000000,"[1.8295050859451294, 1.8075029850006104, 1.5654793977737427, 2.115532875061035]","[1.7245960235595703, 1.465221881866455, 1.346656084060669, 1.5707550048828125]"
9248.0,2011-09-01T00:00:00.000000000,"[1.8075029850006104, 1.5654793977737427, 2.115532875061035, -2.614927291870117]","[1.576349139213562, 1.348357081413269, 1.50288724899292, 1.6100046634674072]"
9248.0,2011-12-01T00:00:00.000000000,"[1.5654793977737427, 2.115532875061035, -2.614927291870117, -0.5687280893325806]","[1.395923376083374, 1.6993499994277954, 1.8111637830734253, 1.6285669803619385]"
9248.0,2012-03-01T00:00:00.000000000,"[2.115532875061035, -2.614927291870117, -0.5687280893325806, 1.5434772968292236]","[1.741033673286438, 1.7240815162658691, 1.5590815544128418, 1.4035038948059082]"
9248.0,2012-06-01T00:00:00.000000000,"[-2.614927291870117, -0.5687280893325806, 1.5434772968292236, 0.7734025120735168]","[2.119600534439087, 1.7965929508209229, 1.6585137844085693, 1.9303423166275024]"
9248.0,2012-09-01T00:00:00.000000000,"[-0.5687280893325806, 1.5434772968292236, 0.7734025120735168, 2.2475459575653076]","[-0.28149110078811646, -0.7155851721763611, 0.35956627130508423, 0.05951577425003052]"
9248.0,2012-12-01T00:00:00.000000000,"[1.5434772968292236, 0.7734025120735168, 2.2475459575653076, 2.3575565814971924]","[-0.19974887371063232, 0.1184569001197815, 0.07249587774276733, 0.46447932720184326]"
9248.0,2013-03-01T00:00:00.000000000,"[0.7734025120735168, 2.2475459575653076, 2.3575565814971924, 1.6974923610687256]","[1.3167823553085327, 0.6987840533256531, 1.0855069160461426, 1.2984331846237183]"
9667.0,2006-06-01T00:00:00.000000000,"[1.455468773841858, 1.7562381029129028, 0.3040968179702759, 0.3113575577735901]","[0.7501739263534546, 1.0636695623397827, 0.06763073801994324, -0.13220342993736267]"
9667.0,2006-09-01T00:00:00.000000000,"[1.7562381029129028, 0.3040968179702759, 0.3113575577735901, 2.0127828121185303]","[1.4919400215148926, 0.32005083560943604, 0.14782559871673584, 0.796793520450592]"
9667.0,2006-12-01T00:00:00.000000000,"[0.3040968179702759, 0.3113575577735901, 2.0127828121185303, 2.2108023166656494]","[0.41514861583709717, 0.5986190438270569, 1.2141947746276855, 1.1606676578521729]"
9667.0,2007-03-01T00:00:00.000000000,"[0.3113575577735901, 2.0127828121185303, 2.2108023166656494, 0.8541504144668579]","[0.1732870191335678, 0.9365556240081787, 1.6278899908065796, -0.036554932594299316]"
9667.0,2007-06-01T00:00:00.000000000,"[2.0127828121185303, 2.2108023166656494, 0.8541504144668579, 0.6266481280326843]","[0.9439234137535095, 1.4015116691589355, 0.17523042857646942, -0.13504502177238464]"
9667.0,2007-09-01T00:00:00.000000000,"[2.2108023166656494, 0.8541504144668579, 0.6266481280326843, 2.276808500289917]","[2.089992046356201, 0.5793784260749817, 0.30372557044029236, 1.1170767545700073]"
9667.0,2007-12-01T00:00:00.000000000,"[0.8541504144668579, 0.6266481280326843, 2.276808500289917, 2.4015607833862305]","[0.6411974430084229, 0.8283105492591858, 1.6118518114089966, 1.5355170965194702]"
9667.0,2008-03-01T00:00:00.000000000,"[0.6266481280326843, 2.276808500289917, 2.4015607833862305, 1.0741716623306274]","[0.4269871711730957, 1.3796154260635376, 2.2610676288604736, 0.2444121390581131]"
9667.0,2008-06-01T00:00:00.000000000,"[2.276808500289917, 2.4015607833862305, 1.0741716623306274, 0.9641609787940979]","[1.3718891143798828, 1.8800221681594849, 0.43224677443504333, -0.018201589584350586]"
9667.0,2008-09-01T00:00:00.000000000,"[2.4015607833862305, 1.0741716623306274, 0.9641609787940979, 2.61432147026062]","[2.5978989601135254, 0.792973518371582, 0.46251392364501953, 1.413245439529419]"
9667.0,2008-12-01T00:00:00.000000000,"[1.0741716623306274, 0.9641609787940979, 2.61432147026062, 2.782857894897461]","[0.9062118530273438, 1.0691763162612915, 2.016977548599243, 1.9278393983840942]"
9667.0,2009-03-01T00:00:00.000000000,"[0.9641609787940979, 2.61432147026062, 2.782857894897461, 1.6167445182800293]","[0.7207083702087402, 1.8935106992721558, 2.8459227085113525, 0.5729734301567078]"
9667.0,2009-06-01T00:00:00.000000000,"[2.61432147026062, 2.782857894897461, 1.6167445182800293, 1.9175138473510742]","[1.9122064113616943, 2.4029479026794434, 0.8030890226364136, 0.2607589662075043]"
9667.0,2009-09-01T00:00:00.000000000,"[2.782857894897461, 1.6167445182800293, 1.9175138473510742, 3.5016677379608154]","[2.9670510292053223, 1.0780880451202393, 0.8278710842132568, 1.835974931716919]"
9667.0,2009-12-01T00:00:00.000000000,"[1.6167445182800293, 1.9175138473510742, 3.5016677379608154, 3.4649243354797363]","[1.2498611211776733, 1.421015739440918, 2.477933883666992, 2.434678077697754]"
9667.0,2010-03-01T00:00:00.000000000,"[1.9175138473510742, 3.5016677379608154, 3.4649243354797363, 1.8955113887786865]","[1.0844447612762451, 2.4370434284210205, 3.471736192703247, 1.100220799446106]"
9667.0,2010-06-01T00:00:00.000000000,"[3.5016677379608154, 3.4649243354797363, 1.8955113887786865, 1.9395159482955933]","[2.823284387588501, 3.144512414932251, 1.6173601150512695, 1.050704002380371]"
9667.0,2010-09-01T00:00:00.000000000,"[3.4649243354797363, 1.8955113887786865, 1.9395159482955933, 4.117727756500244]","[3.6201539039611816, 1.652508020401001, 1.430468201637268, 2.56095814704895]"
9667.0,2010-12-01T00:00:00.000000000,"[1.8955113887786865, 1.9395159482955933, 4.117727756500244, 4.176473617553711]","[1.7871308326721191, 1.990792989730835, 3.1940548419952393, 3.0091824531555176]"
9667.0,2011-03-01T00:00:00.000000000,"[1.9395159482955933, 4.117727756500244, 4.176473617553711, 2.430823802947998]","[1.542551040649414, 3.054812431335449, 4.076743125915527, 1.4793055057525635]"
9667.0,2011-06-01T00:00:00.000000000,"[4.117727756500244, 4.176473617553711, 2.430823802947998, 2.2915501594543457]","[3.2505879402160645, 3.467296600341797, 1.815619707107544, 1.3251821994781494]"
9667.0,2011-09-01T00:00:00.000000000,"[4.176473617553711, 2.430823802947998, 2.2915501594543457, 4.506505489349365]","[4.219640731811523, 2.1880478858947754, 2.0312979221343994, 3.1940183639526367]"
9667.0,2011-12-01T00:00:00.000000000,"[2.430823802947998, 2.2915501594543457, 4.506505489349365, 5.379110336303711]","[2.2226006984710693, 2.5122385025024414, 3.8363537788391113, 3.641692638397217]"
9667.0,2012-03-01T00:00:00.000000000,"[2.2915501594543457, 4.506505489349365, 5.379110336303711, 3.0323619842529297]","[2.0258524417877197, 3.7205429077148438, 4.8412628173828125, 1.9295305013656616]"
9667.0,2012-06-01T00:00:00.000000000,"[4.506505489349365, 5.379110336303711, 3.0323619842529297, 3.831699848175049]","[3.7787458896636963, 3.9860382080078125, 2.18967604637146, 1.7306954860687256]"
9667.0,2012-09-01T00:00:00.000000000,"[5.379110336303711, 3.0323619842529297, 3.831699848175049, 5.129826545715332]","[4.689639568328857, 2.494966983795166, 2.386434555053711, 3.6875853538513184]"
9667.0,2012-12-01T00:00:00.000000000,"[3.0323619842529297, 3.831699848175049, 5.129826545715332, 3.8977060317993164]","[2.8347394466400146, 3.164822578430176, 4.533253192901611, 4.4804205894470215]"
9667.0,2013-03-01T00:00:00.000000000,"[3.831699848175049, 5.129826545715332, 3.8977060317993164, 2.2475459575653076]","[2.4790987968444824, 4.371767044067383, 5.821866512298584, 2.3733670711517334]"
10499.0,2006-06-01T00:00:00.000000000,"[0.6633917689323425, 0.9714217185974121, 0.8174067735671997, 0.6413896679878235]","[0.3422246277332306, 0.461132675409317, 0.4110412001609802, 0.30572307109832764]"
10499.0,2006-09-01T00:00:00.000000000,"[0.9714217185974121, 0.8174067735671997, 0.6413896679878235, 0.7293981313705444]","[0.558863639831543, 0.49454858899116516, 0.3541412651538849, 0.5482748746871948]"
10499.0,2006-12-01T00:00:00.000000000,"[0.8174067735671997, 0.6413896679878235, 0.7293981313705444, 0.9714217185974121]","[0.5277760624885559, 0.5133919715881348, 0.6053934097290039, 0.7108155488967896]"
10499.0,2007-03-01T00:00:00.000000000,"[0.6413896679878235, 0.7293981313705444, 0.9714217185974121, 0.8614109754562378]","[0.4280211925506592, 0.6515300273895264, 0.7377890348434448, 0.5059558153152466]"
10499.0,2007-06-01T00:00:00.000000000,"[0.7293981313705444, 0.9714217185974121, 0.8614109754562378, 0.7293981313705444]","[0.6293803453445435, 0.6951718330383301, 0.5949642658233643, 0.4698278605937958]"
10499.0,2007-09-01T00:00:00.000000000,"[0.9714217185974121, 0.8614109754562378, 0.7293981313705444, 0.9714217185974121]","[0.744321346282959, 0.5680286288261414, 0.4204100966453552, 0.6202551126480103]"
10499.0,2007-12-01T00:00:00.000000000,"[0.8614109754562378, 0.7293981313705444, 0.9714217185974121, 1.3674603700637817]","[0.6610830426216125, 0.5793523788452148, 0.6271438598632812, 0.7825412750244141]"
10499.0,2008-03-01T00:00:00.000000000,"[0.7293981313705444, 0.9714217185974121, 1.3674603700637817, 1.2134451866149902]","[0.5076070427894592, 0.7367897629737854, 0.8332560062408447, 0.5999704003334045]"
10499.0,2008-06-01T00:00:00.000000000,"[0.9714217185974121, 1.3674603700637817, 1.2134451866149902, 1.1694409847259521]","[0.6398751735687256, 0.7879632711410522, 0.6641055345535278, 0.5363182425498962]"
10499.0,2008-09-01T00:00:00.000000000,"[1.3674603700637817, 1.2134451866149902, 1.1694409847259521, 1.5654793977737427]","[0.8574681282043457, 0.6581681370735168, 0.5143333077430725, 0.7212756276130676]"
10499.0,2008-12-01T00:00:00.000000000,"[1.2134451866149902, 1.1694409847259521, 1.5654793977737427, 2.071528673171997]","[0.940464973449707, 0.7881783843040466, 0.8606224656105042, 1.0183265209197998]"
10499.0,2009-03-01T00:00:00.000000000,"[1.1694409847259521, 1.5654793977737427, 2.071528673171997, 1.6974923610687256]","[0.8800957202911377, 1.1212680339813232, 1.312785267829895, 1.0129629373550415]"
10499.0,2009-06-01T00:00:00.000000000,"[1.5654793977737427, 2.071528673171997, 1.6974923610687256, 2.269547939300537]","[1.2498185634613037, 1.4202003479003906, 1.1210193634033203, 0.9086573123931885]"
10499.0,2009-09-01T00:00:00.000000000,"[2.071528673171997, 1.6974923610687256, 2.269547939300537, 2.379558563232422]","[1.6043505668640137, 1.1817777156829834, 0.9867621660232544, 1.22385573387146]"
10499.0,2009-12-01T00:00:00.000000000,"[1.6974923610687256, 2.269547939300537, 2.379558563232422, 2.775597333908081]","[1.5079472064971924, 1.2604479789733887, 1.3626821041107178, 1.6000044345855713]"
10499.0,2010-03-01T00:00:00.000000000,"[2.269547939300537, 2.379558563232422, 2.775597333908081, 2.0935308933258057]","[1.1030335426330566, 1.4747018814086914, 1.6726319789886475, 1.384759783744812]"
10499.0,2010-06-01T00:00:00.000000000,"[2.379558563232422, 2.775597333908081, 2.0935308933258057, 1.9835201501846313]","[1.7737936973571777, 1.8546862602233887, 1.6057218313217163, 1.5327296257019043]"
10499.0,2010-09-01T00:00:00.000000000,"[2.775597333908081, 2.0935308933258057, 1.9835201501846313, 2.2915501594543457]","[2.0765774250030518, 1.5653002262115479, 1.4161899089813232, 1.6694202423095703]"
10499.0,2010-12-01T00:00:00.000000000,"[2.0935308933258057, 1.9835201501846313, 2.2915501594543457, 2.577577829360962]","[1.9260280132293701, 1.5925991535186768, 1.6360478401184082, 1.8782382011413574]"
10499.0,2011-03-01T00:00:00.000000000,"[1.9835201501846313, 2.2915501594543457, 2.577577829360962, 1.7634987831115723]","[1.5594279766082764, 1.677567720413208, 2.052105665206909, 1.4523308277130127]"
10499.0,2011-06-01T00:00:00.000000000,"[2.2915501594543457, 2.577577829360962, 1.7634987831115723, 2.027524471282959]","[2.1552841663360596, 2.2170639038085938, 1.7014286518096924, 1.430516004562378]"
10499.0,2011-09-01T00:00:00.000000000,"[2.577577829360962, 1.7634987831115723, 2.027524471282959, 2.5555758476257324]","[2.590609073638916, 1.9000396728515625, 1.620420217514038, 1.8535027503967285]"
10499.0,2011-12-01T00:00:00.000000000,"[1.7634987831115723, 2.027524471282959, 2.5555758476257324, 2.4895694255828857]","[2.307018756866455, 2.0121915340423584, 2.0728721618652344, 2.275280475616455]"
10499.0,2012-03-01T00:00:00.000000000,"[2.027524471282959, 2.5555758476257324, 2.4895694255828857, 2.9076099395751953]","[1.7799527645111084, 1.9848780632019043, 2.3267335891723633, 1.7576165199279785]"
10499.0,2012-06-01T00:00:00.000000000,"[2.5555758476257324, 2.4895694255828857, 2.9076099395751953, 3.369654893875122]","[2.4424281120300293, 2.558155059814453, 2.2136971950531006, 2.0112805366516113]"
10499.0,2012-09-01T00:00:00.000000000,"[2.4895694255828857, 2.9076099395751953, 3.369654893875122, 3.8096976280212402]","[2.862449884414673, 2.282926559448242, 2.131877899169922, 2.425431966781616]"
10499.0,2012-12-01T00:00:00.000000000,"[2.9076099395751953, 3.369654893875122, 3.8096976280212402, 3.8537018299102783]","[2.346423864364624, 2.2005112171173096, 2.4249839782714844, 2.5937161445617676]"
10499.0,2013-03-01T00:00:00.000000000,"[3.369654893875122, 3.8096976280212402, 3.8537018299102783, 4.2937445640563965]","[2.352682113647461, 2.8190605640411377, 3.1160759925842285, 2.5037567615509033]"
10903.0,2006-06-01T00:00:00.000000000,"[2.42356276512146, 2.885607957839966, 2.7095906734466553, 2.5115716457366943]","[2.0450799465179443, 2.135878086090088, 2.0957703590393066, 2.11576247215271]"
10903.0,2006-09-01T00:00:00.000000000,"[2.885607957839966, 2.7095906734466553, 2.5115716457366943, 2.9076099395751953]","[2.62432861328125, 2.433870315551758, 2.3286659717559814, 2.4589691162109375]"
10903.0,2006-12-01T00:00:00.000000000,"[2.7095906734466553, 2.5115716457366943, 2.9076099395751953, 2.929612159729004]","[2.66033935546875, 2.5717155933380127, 2.569807291030884, 2.792997360229492]"
10903.0,2007-03-01T00:00:00.000000000,"[2.5115716457366943, 2.9076099395751953, 2.929612159729004, 2.379558563232422]","[2.4323320388793945, 2.661771774291992, 2.8402504920959473, 2.5714497566223145]"
10903.0,2007-06-01T00:00:00.000000000,"[2.9076099395751953, 2.929612159729004, 2.379558563232422, 3.1496336460113525]","[2.394568920135498, 2.5134835243225098, 2.5146355628967285, 2.420177459716797]"
10903.0,2007-09-01T00:00:00.000000000,"[2.929612159729004, 2.379558563232422, 3.1496336460113525, 3.6116786003112793]","[2.9558558464050293, 2.6760735511779785, 2.5663340091705322, 2.7260043621063232]"
10903.0,2007-12-01T00:00:00.000000000,"[2.379558563232422, 3.1496336460113525, 3.6116786003112793, 4.073723793029785]","[2.862527847290039, 2.6997416019439697, 2.71498441696167, 2.94722843170166]"
10903.0,2008-03-01T00:00:00.000000000,"[3.1496336460113525, 3.6116786003112793, 4.073723793029785, 3.9417104721069336]","[2.4997546672821045, 2.726109266281128, 2.8900604248046875, 2.581284999847412]"
10903.0,2008-06-01T00:00:00.000000000,"[3.6116786003112793, 4.073723793029785, 3.9417104721069336, 4.513765811920166]","[2.8352749347686768, 2.8998312950134277, 2.782686948776245, 2.8113815784454346]"
10903.0,2008-09-01T00:00:00.000000000,"[4.073723793029785, 3.9417104721069336, 4.513765811920166, 4.711785793304443]","[3.4443914890289307, 3.098308563232422, 3.118706703186035, 3.1263840198516846]"
10903.0,2008-12-01T00:00:00.000000000,"[3.9417104721069336, 4.513765811920166, 4.711785793304443, 5.151828289031982]","[3.416141986846924, 3.466919422149658, 3.4919333457946777, 3.6313836574554443]"
10903.0,2009-03-01T00:00:00.000000000,"[4.513765811920166, 4.711785793304443, 5.151828289031982, 4.9978132247924805]","[3.528592109680176, 3.5807273387908936, 3.6251988410949707, 3.50119686126709]"
10903.0,2009-06-01T00:00:00.000000000,"[4.711785793304443, 5.151828289031982, 4.9978132247924805, 5.987909317016602]","[3.902618408203125, 3.855496883392334, 3.6548783779144287, 3.8383100032806396]"
10903.0,2009-09-01T00:00:00.000000000,"[5.151828289031982, 4.9978132247924805, 5.987909317016602, 6.207931041717529]","[4.377419471740723, 3.875171184539795, 3.9397666454315186, 4.064103603363037]"
10903.0,2009-12-01T00:00:00.000000000,"[4.9978132247924805, 5.987909317016602, 6.207931041717529, 6.8019890785217285]","[4.212447166442871, 4.201638221740723, 4.212611198425293, 4.48601770401001]"
10903.0,2010-03-01T00:00:00.000000000,"[5.987909317016602, 6.207931041717529, 6.8019890785217285, 6.515960693359375]","[4.4663190841674805, 4.404306888580322, 4.580779075622559, 4.35466194152832]"
10903.0,2010-06-01T00:00:00.000000000,"[6.207931041717529, 6.8019890785217285, 6.515960693359375, 7.506057262420654]","[5.166344165802002, 5.020705223083496, 4.763091087341309, 5.086823463439941]"
10903.0,2010-09-01T00:00:00.000000000,"[6.8019890785217285, 6.515960693359375, 7.506057262420654, 7.220029354095459]","[5.688173294067383, 4.994852542877197, 5.090129852294922, 5.311830043792725]"
10903.0,2010-12-01T00:00:00.000000000,"[6.515960693359375, 7.506057262420654, 7.220029354095459, 7.836089611053467]","[5.459443092346191, 5.411627769470215, 5.444888114929199, 5.765934944152832]"
10903.0,2011-03-01T00:00:00.000000000,"[7.506057262420654, 7.220029354095459, 7.836089611053467, 7.880094051361084]","[5.796548843383789, 5.562921524047852, 5.883213996887207, 5.528079986572266]"
10903.0,2011-06-01T00:00:00.000000000,"[7.220029354095459, 7.836089611053467, 7.880094051361084, 7.484055042266846]","[6.713827133178711, 6.412919998168945, 5.98145055770874, 6.3393330574035645]"
10903.0,2011-09-01T00:00:00.000000000,"[7.836089611053467, 7.880094051361084, 7.484055042266846, 14.96478271484375]","[6.976509094238281, 6.085298538208008, 6.208019256591797, 6.454943656921387]"
10903.0,2011-12-01T00:00:00.000000000,"[7.880094051361084, 7.484055042266846, 14.96478271484375, 7.022010326385498]","[6.816230773925781, 6.662997245788574, 6.6012372970581055, 6.965277671813965]"
10903.0,2012-03-01T00:00:00.000000000,"[7.484055042266846, 14.96478271484375, 7.022010326385498, 4.8437981605529785]","[7.407489776611328, 6.9271745681762695, 7.0476298332214355, 6.8948869705200195]"
10903.0,2012-06-01T00:00:00.000000000,"[14.96478271484375, 7.022010326385498, 4.8437981605529785, 10.98239517211914]","[7.6339430809021, 7.30941104888916, 6.981678009033203, 7.1674652099609375]"
10903.0,2012-09-01T00:00:00.000000000,"[7.022010326385498, 4.8437981605529785, 10.98239517211914, 9.640264511108398]","[10.971456527709961, 9.899539947509766, 9.62677001953125, 10.499961853027344]"
10903.0,2012-12-01T00:00:00.000000000,"[4.8437981605529785, 10.98239517211914, 9.640264511108398, 9.244226455688477]","[6.658876419067383, 6.627383708953857, 9.210783004760742, 7.206141471862793]"
10903.0,2013-03-01T00:00:00.000000000,"[10.98239517211914, 9.640264511108398, 9.244226455688477, 9.156217575073242]","[6.556319236755371, 7.1626129150390625, 7.338213920593262, 6.431613445281982]"
11259.0,2006-06-01T00:00:00.000000000,"[1.7194944620132446, 1.9615180492401123, 1.8295050859451294, 2.8416035175323486]","[2.0371055603027344, 2.0957133769989014, 2.1698577404022217, 2.6666927337646484]"
11259.0,2006-09-01T00:00:00.000000000,"[1.9615180492401123, 1.8295050859451294, 2.8416035175323486, 1.5654793977737427]","[1.8163195848464966, 1.9924577474594116, 3.0382559299468994, 1.809287667274475]"
11259.0,2006-12-01T00:00:00.000000000,"[1.8295050859451294, 2.8416035175323486, 1.5654793977737427, 1.6754902601242065]","[2.0641863346099854, 2.7118992805480957, 2.0866239070892334, 1.950432538986206]"
11259.0,2007-03-01T00:00:00.000000000,"[2.8416035175323486, 1.5654793977737427, 1.6754902601242065, 1.477470874786377]","[2.739506721496582, 1.9688034057617188, 2.037004232406616, 1.9975188970565796]"
11259.0,2007-06-01T00:00:00.000000000,"[1.5654793977737427, 1.6754902601242065, 1.477470874786377, 2.577577829360962]","[2.022874593734741, 2.04050612449646, 2.209758758544922, 2.6956539154052734]"
11259.0,2007-09-01T00:00:00.000000000,"[1.6754902601242065, 1.477470874786377, 2.577577829360962, 1.455468773841858]","[1.8617008924484253, 2.050931215286255, 3.114485740661621, 1.843087911605835]"
11259.0,2007-12-01T00:00:00.000000000,"[1.477470874786377, 2.577577829360962, 1.455468773841858, 1.6534881591796875]","[1.960651159286499, 2.6603424549102783, 1.9497876167297363, 1.8072052001953125]"
11259.0,2008-03-01T00:00:00.000000000,"[2.577577829360962, 1.455468773841858, 1.6534881591796875, 1.455468773841858]","[2.6163296699523926, 1.7376950979232788, 1.8715044260025024, 1.9005733728408813]"
11259.0,2008-06-01T00:00:00.000000000,"[1.455468773841858, 1.6534881591796875, 1.455468773841858, 2.1595370769500732]","[1.8260552883148193, 1.8611856698989868, 2.1643049716949463, 2.5137405395507812]"
11259.0,2008-09-01T00:00:00.000000000,"[1.6534881591796875, 1.455468773841858, 2.1595370769500732, 1.499472975730896]","[1.7783058881759644, 1.961915135383606, 3.0071544647216797, 1.77413010597229]"
11259.0,2008-12-01T00:00:00.000000000,"[1.455468773841858, 2.1595370769500732, 1.499472975730896, 1.6754902601242065]","[1.8701673746109009, 2.5585269927978516, 1.8470712900161743, 1.7593501806259155]"
11259.0,2009-03-01T00:00:00.000000000,"[2.1595370769500732, 1.499472975730896, 1.6754902601242065, 1.499472975730896]","[2.4965980052948, 1.6012632846832275, 1.8027374744415283, 1.8402293920516968]"
11259.0,2009-06-01T00:00:00.000000000,"[1.499472975730896, 1.6754902601242065, 1.499472975730896, 2.225543737411499]","[1.7381373643875122, 1.743687629699707, 2.0302417278289795, 2.3095955848693848]"
11259.0,2009-09-01T00:00:00.000000000,"[1.6754902601242065, 1.499472975730896, 2.225543737411499, 1.8075029850006104]","[1.7608391046524048, 1.851064682006836, 2.8020200729370117, 1.7406511306762695]"
11259.0,2009-12-01T00:00:00.000000000,"[1.499472975730896, 2.225543737411499, 1.8075029850006104, 2.1375350952148438]","[1.8392468690872192, 2.4831953048706055, 1.8223711252212524, 1.7497526407241821]"
11259.0,2010-03-01T00:00:00.000000000,"[2.225543737411499, 1.8075029850006104, 2.1375350952148438, 1.6754902601242065]","[2.387035608291626, 1.6036823987960815, 1.780429482460022, 1.8087791204452515]"
11259.0,2010-06-01T00:00:00.000000000,"[1.8075029850006104, 2.1375350952148438, 1.6754902601242065, 2.4015607833862305]","[1.750137209892273, 1.7364935874938965, 1.9978256225585938, 2.255005121231079]"
11259.0,2010-09-01T00:00:00.000000000,"[2.1375350952148438, 1.6754902601242065, 2.4015607833862305, 1.7855008840560913]","[1.7323060035705566, 1.8069334030151367, 2.7036361694335938, 1.733246922492981]"
11259.0,2010-12-01T00:00:00.000000000,"[1.6754902601242065, 2.4015607833862305, 1.7855008840560913, 2.0935308933258057]","[1.9704883098602295, 2.578004837036133, 1.9591721296310425, 1.8829231262207031]"
11259.0,2011-03-01T00:00:00.000000000,"[2.4015607833862305, 1.7855008840560913, 2.0935308933258057, 1.8515071868896484]","[2.406719207763672, 1.6609004735946655, 1.786773681640625, 1.8032915592193604]"
11259.0,2011-06-01T00:00:00.000000000,"[1.7855008840560913, 2.0935308933258057, 1.8515071868896484, 2.335554361343384]","[1.8005989789962769, 1.7797162532806396, 1.978934407234192, 2.2432141304016113]"
11259.0,2011-09-01T00:00:00.000000000,"[2.0935308933258057, 1.8515071868896484, 2.335554361343384, 1.8955113887786865]","[1.7543953657150269, 1.758904218673706, 2.6110682487487793, 1.7276310920715332]"
11259.0,2011-12-01T00:00:00.000000000,"[1.8515071868896484, 2.335554361343384, 1.8955113887786865, 2.7315926551818848]","[1.889319658279419, 2.3642032146453857, 1.9115790128707886, 1.9313725233078003]"
11259.0,2012-03-01T00:00:00.000000000,"[2.335554361343384, 1.8955113887786865, 2.7315926551818848, 2.2475459575653076]","[2.37851881980896, 1.69838285446167, 1.8437780141830444, 1.833594799041748]"
11259.0,2012-06-01T00:00:00.000000000,"[1.8955113887786865, 2.7315926551818848, 2.2475459575653076, 2.5115716457366943]","[1.8219947814941406, 1.7922343015670776, 1.9004929065704346, 2.134406089782715]"
11259.0,2012-09-01T00:00:00.000000000,"[2.7315926551818848, 2.2475459575653076, 2.5115716457366943, 3.017620801925659]","[1.820970892906189, 1.7969694137573242, 2.4494709968566895, 1.7729206085205078]"
11259.0,2012-12-01T00:00:00.000000000,"[2.2475459575653076, 2.5115716457366943, 3.017620801925659, 3.21563982963562]","[2.074193000793457, 2.442150354385376, 2.0440964698791504, 2.095428228378296]"
11259.0,2013-03-01T00:00:00.000000000,"[2.5115716457366943, 3.017620801925659, 3.21563982963562, 2.4895694255828857]","[2.5297393798828125, 1.8524346351623535, 1.9945495128631592, 1.9861584901809692]"
12540.0,2006-06-01T00:00:00.000000000,"[0.11333828419446945, -0.08468098938465118, 0.09133616089820862, 0.26735323667526245]","[0.18573448061943054, 0.1990853101015091, 0.2877761125564575, 0.32182973623275757]"
12540.0,2006-09-01T00:00:00.000000000,"[-0.08468098938465118, 0.09133616089820862, 0.26735323667526245, 0.35536178946495056]","[0.233669713139534, 0.2905319929122925, 0.2693844437599182, 0.3319251537322998]"
12540.0,2006-12-01T00:00:00.000000000,"[0.09133616089820862, 0.26735323667526245, 0.35536178946495056, 0.4873746931552887]","[0.2439819723367691, 0.18568849563598633, 0.3167157769203186, 0.34190937876701355]"
12540.0,2007-03-01T00:00:00.000000000,"[0.26735323667526245, 0.35536178946495056, 0.4873746931552887, 0.6633917689323425]","[0.23024505376815796, 0.2357061505317688, 0.32165834307670593, 0.3843820095062256]"
12540.0,2007-06-01T00:00:00.000000000,"[0.35536178946495056, 0.4873746931552887, 0.6633917689323425, 0.7514004111289978]","[0.2785351276397705, 0.3082936704158783, 0.36825692653656006, 0.3826313614845276]"
12540.0,2007-09-01T00:00:00.000000000,"[0.4873746931552887, 0.6633917689323425, 0.7514004111289978, 0.8614109754562378]","[0.3411502540111542, 0.41163021326065063, 0.3947519361972809, 0.41430196166038513]"
12540.0,2007-12-01T00:00:00.000000000,"[0.6633917689323425, 0.7514004111289978, 0.8614109754562378, 0.9494196176528931]","[0.3822850286960602, 0.3808485269546509, 0.41766461730003357, 0.47751402854919434]"
12540.0,2008-03-01T00:00:00.000000000,"[0.7514004111289978, 0.8614109754562378, 0.9494196176528931, 1.279451608657837]","[0.39926132559776306, 0.4549700915813446, 0.47066307067871094, 0.5553229451179504]"
12540.0,2008-06-01T00:00:00.000000000,"[0.8614109754562378, 0.9494196176528931, 1.279451608657837, 1.3674603700637817]","[0.4346228837966919, 0.5502663850784302, 0.5574886798858643, 0.48739689588546753]"
12540.0,2008-09-01T00:00:00.000000000,"[0.9494196176528931, 1.279451608657837, 1.3674603700637817, 1.5434772968292236]","[0.5341678261756897, 0.6243711709976196, 0.5482784509658813, 0.5181577205657959]"
12540.0,2008-12-01T00:00:00.000000000,"[1.279451608657837, 1.3674603700637817, 1.5434772968292236, 1.7194944620132446]","[0.69803786277771, 0.5731784701347351, 0.5372636318206787, 0.5723223090171814]"
12540.0,2009-03-01T00:00:00.000000000,"[1.3674603700637817, 1.5434772968292236, 1.7194944620132446, 2.071528673171997]","[0.7963026762008667, 0.671988844871521, 0.6034857630729675, 0.7524269819259644]"
12540.0,2009-06-01T00:00:00.000000000,"[1.5434772968292236, 1.7194944620132446, 2.071528673171997, 2.7095906734466553]","[0.8862206935882568, 0.8708294630050659, 0.882885217666626, 0.7725088596343994]"
12540.0,2009-09-01T00:00:00.000000000,"[1.7194944620132446, 2.071528673171997, 2.7095906734466553, 2.9516141414642334]","[1.0950348377227783, 1.153662919998169, 0.9089260697364807, 0.7973824739456177]"
12540.0,2009-12-01T00:00:00.000000000,"[2.071528673171997, 2.7095906734466553, 2.9516141414642334, 3.1056292057037354]","[1.3696632385253906, 1.1023588180541992, 0.9172866940498352, 0.9090341925621033]"
12540.0,2010-03-01T00:00:00.000000000,"[2.7095906734466553, 2.9516141414642334, 3.1056292057037354, 3.479665517807007]","[1.4596004486083984, 1.1495046615600586, 1.0527803897857666, 1.2473039627075195]"
12540.0,2010-06-01T00:00:00.000000000,"[2.9516141414642334, 3.1056292057037354, 3.479665517807007, 2.929612159729004]","[1.7996771335601807, 1.628874659538269, 1.5750303268432617, 1.622548222541809]"
12540.0,2010-09-01T00:00:00.000000000,"[3.1056292057037354, 3.479665517807007, 2.929612159729004, 3.325650691986084]","[2.0617480278015137, 1.9474782943725586, 1.689072608947754, 1.6603901386260986]"
12540.0,2010-12-01T00:00:00.000000000,"[3.479665517807007, 2.929612159729004, 3.325650691986084, 3.8096976280212402]","[2.2947773933410645, 1.9690825939178467, 1.7266838550567627, 1.743504524230957]"
12540.0,2011-03-01T00:00:00.000000000,"[2.929612159729004, 3.325650691986084, 3.8096976280212402, 4.337749004364014]","[2.470879554748535, 2.0264546871185303, 1.9128568172454834, 2.1390089988708496]"
12540.0,2011-06-01T00:00:00.000000000,"[3.325650691986084, 3.8096976280212402, 4.337749004364014, 4.139729976654053]","[2.355478525161743, 2.047034740447998, 2.1181414127349854, 1.996191143989563]"
12540.0,2011-09-01T00:00:00.000000000,"[3.8096976280212402, 4.337749004364014, 4.139729976654053, 4.689783573150635]","[2.8312487602233887, 2.577360153198242, 2.224708080291748, 2.222437858581543]"
12540.0,2011-12-01T00:00:00.000000000,"[4.337749004364014, 4.139729976654053, 4.689783573150635, 4.953808784484863]","[3.3765313625335693, 2.8113999366760254, 2.5300471782684326, 2.527416229248047]"
12540.0,2012-03-01T00:00:00.000000000,"[4.139729976654053, 4.689783573150635, 4.953808784484863, 5.481860160827637]","[3.469271183013916, 2.9926419258117676, 2.796220541000366, 3.0080647468566895]"
12540.0,2012-06-01T00:00:00.000000000,"[4.689783573150635, 4.953808784484863, 5.481860160827637, 6.207931041717529]","[3.5679678916931152, 3.224884033203125, 3.264738082885742, 2.985725164413452]"
12540.0,2012-09-01T00:00:00.000000000,"[4.953808784484863, 5.481860160827637, 6.207931041717529, 5.965907573699951]","[4.080817699432373, 3.8388352394104004, 3.443474769592285, 3.5210981369018555]"
12540.0,2012-12-01T00:00:00.000000000,"[5.481860160827637, 6.207931041717529, 5.965907573699951, 6.1419243812561035]","[4.622133255004883, 3.890450954437256, 3.739405870437622, 3.882078170776367]"
12540.0,2013-03-01T00:00:00.000000000,"[6.207931041717529, 5.965907573699951, 6.1419243812561035, 6.339943885803223]","[4.741878032684326, 4.376456260681152, 4.260916709899902, 4.533196449279785]"
13421.0,2006-03-01T00:00:00.000000000,"[-0.23869597911834717, -0.12868529558181763, -0.10668310523033142, -0.19469167292118073]","[-0.3307756781578064, -0.32944926619529724, -0.3140765428543091, -0.3032272458076477]"
13421.0,2006-06-01T00:00:00.000000000,"[-0.12868529558181763, -0.10668310523033142, -0.19469167292118073, -0.10668310523033142]","[-0.2713523507118225, -0.24230879545211792, -0.2515064775943756, -0.3616512417793274]"
13421.0,2006-09-01T00:00:00.000000000,"[-0.10668310523033142, -0.19469167292118073, -0.10668310523033142, -0.08468098938465118]","[-0.1956339031457901, -0.16717509925365448, -0.23829489946365356, -0.20656530559062958]"
13421.0,2006-12-01T00:00:00.000000000,"[-0.19469167292118073, -0.10668310523033142, -0.08468098938465118, -0.018674563616514206]","[-0.17947949469089508, -0.24592798948287964, -0.2141450047492981, -0.22465834021568298]"
13421.0,2007-03-01T00:00:00.000000000,"[-0.10668310523033142, -0.08468098938465118, -0.018674563616514206, -0.08468098938465118]","[-0.24645034968852997, -0.28938740491867065, -0.3382878005504608, -0.3458905518054962]"
13421.0,2007-06-01T00:00:00.000000000,"[-0.08468098938465118, -0.018674563616514206, -0.08468098938465118, -0.06267886608839035]","[-0.23716485500335693, -0.2027875781059265, -0.24087589979171753, -0.38161295652389526]"
13421.0,2007-09-01T00:00:00.000000000,"[-0.018674563616514206, -0.08468098938465118, -0.06267886608839035, -0.04067668318748474]","[-0.13159582018852234, -0.10942326486110687, -0.20968130230903625, -0.2091098576784134]"
13421.0,2007-12-01T00:00:00.000000000,"[-0.08468098938465118, -0.06267886608839035, -0.04067668318748474, 0.047331858426332474]","[-0.06374934315681458, -0.14530590176582336, -0.12443239986896515, -0.16277073323726654]"
13421.0,2008-03-01T00:00:00.000000000,"[-0.06267886608839035, -0.04067668318748474, 0.047331858426332474, 0.003327556187286973]","[-0.22271159291267395, -0.3014579117298126, -0.3698458671569824, -0.3772466778755188]"
13421.0,2008-06-01T00:00:00.000000000,"[-0.04067668318748474, 0.047331858426332474, 0.003327556187286973, 0.047331858426332474]","[-0.24222120642662048, -0.14930172264575958, -0.17192548513412476, -0.31347981095314026]"
13421.0,2008-09-01T00:00:00.000000000,"[0.047331858426332474, 0.003327556187286973, 0.047331858426332474, 0.06933397799730301]","[-0.11741761863231659, -0.04431089758872986, -0.11359085142612457, -0.1111658364534378]"
13421.0,2008-12-01T00:00:00.000000000,"[0.003327556187286973, 0.047331858426332474, 0.06933397799730301, 0.15734252333641052]","[-0.03358060121536255, -0.2033882588148117, -0.1548139899969101, -0.1611429899930954]"
13421.0,2009-03-01T00:00:00.000000000,"[0.047331858426332474, 0.06933397799730301, 0.15734252333641052, 0.17934469878673553]","[-0.0962628424167633, -0.01706385612487793, -0.07068714499473572, -0.08180955052375793]"
13421.0,2009-06-01T00:00:00.000000000,"[0.06933397799730301, 0.15734252333641052, 0.17934469878673553, 0.2893553674221039]","[0.07460615038871765, -0.013912409543991089, 0.007172822952270508, -0.030606776475906372]"
13421.0,2009-09-01T00:00:00.000000000,"[0.15734252333641052, 0.17934469878673553, 0.2893553674221039, 0.37736397981643677]","[-0.03840026259422302, -0.023556619882583618, -0.01911759376525879, -0.02688869833946228]"
13421.0,2009-12-01T00:00:00.000000000,"[0.17934469878673553, 0.2893553674221039, 0.37736397981643677, 0.44337034225463867]","[0.01703113317489624, 0.012940257787704468, 0.053595006465911865, 0.05514758825302124]"
13421.0,2010-03-01T00:00:00.000000000,"[0.2893553674221039, 0.37736397981643677, 0.44337034225463867, 0.4873746931552887]","[-0.008811935782432556, 0.06319954991340637, 0.1011798083782196, 0.05832332372665405]"
13421.0,2010-06-01T00:00:00.000000000,"[0.37736397981643677, 0.44337034225463867, 0.4873746931552887, 0.553381085395813]","[0.12669147551059723, 0.1619253307580948, 0.16451828181743622, 0.13624699413776398]"
13421.0,2010-09-01T00:00:00.000000000,"[0.44337034225463867, 0.4873746931552887, 0.553381085395813, 0.4873746931552887]","[0.2501429319381714, 0.21451961994171143, 0.2086331844329834, 0.23435240983963013]"
13421.0,2011-03-01T00:00:00.000000000,"[0.4873746931552887, 0.553381085395813, 0.4873746931552887, 0.4873746931552887]","[0.2907453775405884, 0.27945029735565186, 0.3061513304710388, 0.3060862421989441]"
13421.0,2011-06-01T00:00:00.000000000,"[0.553381085395813, 0.4873746931552887, 0.4873746931552887, 0.6193875670433044]","[0.3411574363708496, 0.3715624511241913, 0.3583620488643646, 0.35131481289863586]"
13421.0,2011-09-01T00:00:00.000000000,"[0.4873746931552887, 0.4873746931552887, 0.6193875670433044, 0.7514004111289978]","[0.4524109959602356, 0.3971525728702545, 0.37789490818977356, 0.41375845670700073]"
13421.0,2011-12-01T00:00:00.000000000,"[0.4873746931552887, 0.6193875670433044, 0.7514004111289978, 0.8394088745117188]","[0.42921873927116394, 0.374185711145401, 0.3802240490913391, 0.41360291838645935]"
13421.0,2012-03-01T00:00:00.000000000,"[0.6193875670433044, 0.7514004111289978, 0.8394088745117188, 1.125436782836914]","[0.4065464735031128, 0.38993245363235474, 0.3916374742984772, 0.4481552243232727]"
13421.0,2012-06-01T00:00:00.000000000,"[0.7514004111289978, 0.8394088745117188, 1.125436782836914, 1.125436782836914]","[0.5415533781051636, 0.5097655653953552, 0.5094811320304871, 0.5237345099449158]"
13421.0,2012-09-01T00:00:00.000000000,"[0.8394088745117188, 1.125436782836914, 1.125436782836914, 1.1914430856704712]","[0.6390074491500854, 0.5949497818946838, 0.5758615136146545, 0.6182660460472107]"
13421.0,2012-12-01T00:00:00.000000000,"[1.125436782836914, 1.125436782836914, 1.1914430856704712, 1.0594303607940674]","[0.7165287733078003, 0.6290074586868286, 0.628490149974823, 0.6727114319801331]"
13421.0,2013-03-01T00:00:00.000000000,"[1.125436782836914, 1.1914430856704712, 1.0594303607940674, 1.103434681892395]","[0.8296648263931274, 0.7848881483078003, 0.782986044883728, 0.8420155644416809]"
14225.0,2006-06-01T00:00:00.000000000,"[-0.21669383347034454, -0.20569276809692383, -0.2606981098651886, -0.22769489884376526]","[-0.2521044909954071, -0.28382357954978943, -0.31481584906578064, -0.28319528698921204]"
14225.0,2006-09-01T00:00:00.000000000,"[-0.20569276809692383, -0.2606981098651886, -0.22769489884376526, -0.1726895570755005]","[-0.21933168172836304, -0.2774180471897125, -0.2718949317932129, -0.23789943754673004]"
14225.0,2006-12-01T00:00:00.000000000,"[-0.2606981098651886, -0.22769489884376526, -0.1726895570755005, -0.1836906224489212]","[-0.27531570196151733, -0.24087411165237427, -0.21850761771202087, -0.22822970151901245]"
14225.0,2007-03-01T00:00:00.000000000,"[-0.22769489884376526, -0.1726895570755005, -0.1836906224489212, -0.2716991901397705]","[-0.2637594938278198, -0.2351789027452469, -0.21567218005657196, -0.2867273688316345]"
14225.0,2007-06-01T00:00:00.000000000,"[-0.1726895570755005, -0.1836906224489212, -0.2716991901397705, -0.21669383347034454]","[-0.2024110108613968, -0.24029316008090973, -0.27334973216056824, -0.23977689445018768]"
14225.0,2007-09-01T00:00:00.000000000,"[-0.1836906224489212, -0.2716991901397705, -0.21669383347034454, -0.20569276809692383]","[-0.16965952515602112, -0.23661813139915466, -0.23345144093036652, -0.19234336912631989]"
14225.0,2007-12-01T00:00:00.000000000,"[-0.2716991901397705, -0.21669383347034454, -0.20569276809692383, -0.21669383347034454]","[-0.23564748466014862, -0.20428895950317383, -0.18285152316093445, -0.1896023005247116]"
14225.0,2008-03-01T00:00:00.000000000,"[-0.21669383347034454, -0.20569276809692383, -0.21669383347034454, -0.2606981098651886]","[-0.24928483366966248, -0.21775010228157043, -0.20237405598163605, -0.2671579420566559]"
14225.0,2008-06-01T00:00:00.000000000,"[-0.20569276809692383, -0.21669383347034454, -0.2606981098651886, -0.19469167292118073]","[-0.18416890501976013, -0.2259373664855957, -0.25973182916641235, -0.22533227503299713]"
14225.0,2008-09-01T00:00:00.000000000,"[-0.21669383347034454, -0.2606981098651886, -0.19469167292118073, -0.12868529558181763]","[-0.1834387332201004, -0.24610337615013123, -0.23711803555488586, -0.1998860239982605]"
14225.0,2008-12-01T00:00:00.000000000,"[-0.2606981098651886, -0.19469167292118073, -0.12868529558181763, -0.15068741142749786]","[-0.24650537967681885, -0.20970118045806885, -0.19330301880836487, -0.19003644585609436]"
14225.0,2009-03-01T00:00:00.000000000,"[-0.19469167292118073, -0.12868529558181763, -0.15068741142749786, -0.20569276809692383]","[-0.2446499764919281, -0.2031060755252838, -0.18791168928146362, -0.24800878763198853]"
14225.0,2009-06-01T00:00:00.000000000,"[-0.12868529558181763, -0.15068741142749786, -0.20569276809692383, -0.029675621539354324]","[-0.19055071473121643, -0.21024739742279053, -0.22810396552085876, -0.229119211435318]"
14225.0,2009-09-01T00:00:00.000000000,"[-0.15068741142749786, -0.20569276809692383, -0.029675621539354324, -0.05167780816555023]","[-0.16635730862617493, -0.20497441291809082, -0.19215504825115204, -0.18197831511497498]"
14225.0,2009-12-01T00:00:00.000000000,"[-0.20569276809692383, -0.029675621539354324, -0.05167780816555023, 0.05833292007446289]","[-0.21129685640335083, -0.16259783506393433, -0.1452818512916565, -0.16241022944450378]"
14225.0,2010-03-01T00:00:00.000000000,"[-0.029675621539354324, -0.05167780816555023, 0.05833292007446289, -0.05167780816555023]","[-0.20596985518932343, -0.1522340178489685, -0.16187654435634613, -0.2113455832004547]"
14225.0,2010-06-01T00:00:00.000000000,"[-0.05167780816555023, 0.05833292007446289, -0.05167780816555023, 0.047331858426332474]","[-0.10394889116287231, -0.13229049742221832, -0.15406766533851624, -0.12936246395111084]"
14225.0,2010-09-01T00:00:00.000000000,"[0.05833292007446289, -0.05167780816555023, 0.047331858426332474, 0.09133616089820862]","[-0.1338830292224884, -0.16674605011940002, -0.1311783343553543, -0.11522193253040314]"
14225.0,2010-12-01T00:00:00.000000000,"[-0.05167780816555023, 0.047331858426332474, 0.09133616089820862, 0.11333828419446945]","[-0.12805235385894775, -0.04743213951587677, -0.03284236788749695, -0.03498972952365875]"
14225.0,2011-03-01T00:00:00.000000000,"[0.047331858426332474, 0.09133616089820862, 0.11333828419446945, -0.018674563616514206]","[-0.07848437130451202, -0.04200915992259979, -0.03921228647232056, -0.09699183702468872]"
14225.0,2011-06-01T00:00:00.000000000,"[0.09133616089820862, 0.11333828419446945, -0.018674563616514206, 0.06933397799730301]","[0.027326777577400208, -0.01710750162601471, -0.05923672020435333, -0.017759665846824646]"
14225.0,2011-09-01T00:00:00.000000000,"[0.11333828419446945, -0.018674563616514206, 0.06933397799730301, 0.2233489453792572]","[0.043669819831848145, -0.045928940176963806, -0.027577728033065796, 0.022317349910736084]"
14225.0,2011-12-01T00:00:00.000000000,"[-0.018674563616514206, 0.06933397799730301, 0.2233489453792572, 0.13534040749073029]","[-0.04122494161128998, 0.018318533897399902, 0.055128470063209534, 0.048053815960884094]"
14225.0,2012-03-01T00:00:00.000000000,"[0.06933397799730301, 0.2233489453792572, 0.13534040749073029, 0.047331858426332474]","[-0.01197400689125061, 0.028394460678100586, 0.04976171255111694, -0.062287718057632446]"
14225.0,2012-06-01T00:00:00.000000000,"[0.2233489453792572, 0.13534040749073029, 0.047331858426332474, 0.11333828419446945]","[0.1150023490190506, 0.06514091789722443, 0.003645285964012146, 0.04428894817829132]"
14225.0,2012-09-01T00:00:00.000000000,"[0.13534040749073029, 0.047331858426332474, 0.11333828419446945, 0.2233489453792572]","[0.16046713292598724, 0.04363289475440979, 0.06848171353340149, 0.13190920650959015]"
14225.0,2012-12-01T00:00:00.000000000,"[0.047331858426332474, 0.11333828419446945, 0.2233489453792572, 0.2233489453792572]","[0.008599579334259033, 0.06815183162689209, 0.15579771995544434, 0.09618508815765381]"
14225.0,2013-03-01T00:00:00.000000000,"[0.11333828419446945, 0.2233489453792572, 0.2233489453792572, 0.17934469878673553]","[0.08396342396736145, 0.15458327531814575, 0.15105709433555603, 0.0020555108785629272]"
16721.0,2006-06-01T00:00:00.000000000,"[-0.28270024061203003, 0.9054153561592102, 1.9835201501846313, 0.15734252333641052]","[-0.6401998996734619, 0.07926657795906067, 1.4909647703170776, -0.47842299938201904]"
16721.0,2006-09-01T00:00:00.000000000,"[0.9054153561592102, 1.9835201501846313, 0.15734252333641052, -0.37070879340171814]","[-0.011956363916397095, 1.5634536743164062, -0.18357440829277039, -0.998116672039032]"
16721.0,2006-12-01T00:00:00.000000000,"[1.9835201501846313, 0.15734252333641052, -0.37070879340171814, 0.7293981313705444]","[1.7802400588989258, -0.14835596084594727, -0.686102569103241, 0.007832199335098267]"
16721.0,2007-03-01T00:00:00.000000000,"[0.15734252333641052, -0.37070879340171814, 0.7293981313705444, 3.325650691986084]","[0.1281765252351761, -0.269470751285553, 0.319047749042511, 0.9422253966331482]"
16721.0,2007-06-01T00:00:00.000000000,"[-0.37070879340171814, 0.7293981313705444, 3.325650691986084, 0.3993660807609558]","[-0.5488687753677368, 0.31575626134872437, 1.8865293264389038, -0.37259989976882935]"
16721.0,2007-09-01T00:00:00.000000000,"[0.7293981313705444, 3.325650691986084, 0.3993660807609558, -0.5467259287834167]","[0.2359066903591156, 1.9941990375518799, -0.13877852261066437, -1.0986902713775635]"
16721.0,2007-12-01T00:00:00.000000000,"[3.325650691986084, 0.3993660807609558, -0.5467259287834167, 0.5313789248466492]","[2.0859134197235107, -0.09056498110294342, -0.7380006313323975, 0.10879044234752655]"
16721.0,2008-03-01T00:00:00.000000000,"[0.3993660807609558, -0.5467259287834167, 0.5313789248466492, 4.755789756774902]","[0.5219372510910034, 0.06347230076789856, 0.8169357180595398, 1.652725100517273]"
16721.0,2008-06-01T00:00:00.000000000,"[-0.5467259287834167, 0.5313789248466492, 4.755789756774902, 1.1694409847259521]","[-0.4526063799858093, 0.6286028623580933, 2.780254602432251, -0.21924187242984772]"
16721.0,2008-09-01T00:00:00.000000000,"[0.5313789248466492, 4.755789756774902, 1.1694409847259521, 0.09133616089820862]","[0.498238742351532, 2.629490613937378, 0.030120257288217545, -1.1443886756896973]"
16721.0,2008-12-01T00:00:00.000000000,"[4.755789756774902, 1.1694409847259521, 0.09133616089820862, 0.7293981313705444]","[2.6768076419830322, 0.08673343062400818, -0.4232279658317566, 0.43041908740997314]"
16721.0,2009-03-01T00:00:00.000000000,"[1.1694409847259521, 0.09133616089820862, 0.7293981313705444, 4.0957255363464355]","[1.3949846029281616, 0.522373616695404, 1.557115912437439, 2.748436450958252]"
16721.0,2009-06-01T00:00:00.000000000,"[0.09133616089820862, 0.7293981313705444, 4.0957255363464355, 2.181539297103882]","[-0.01098737120628357, 1.3238525390625, 4.4185333251953125, 0.4757354259490967]"
16721.0,2009-09-01T00:00:00.000000000,"[0.7293981313705444, 4.0957255363464355, 2.181539297103882, -0.4147131145000458]","[1.2954010963439941, 3.8811681270599365, 0.6021221280097961, -1.0236515998840332]"
16721.0,2009-12-01T00:00:00.000000000,"[4.0957255363464355, 2.181539297103882, -0.4147131145000458, 1.1914430856704712]","[3.7180163860321045, 0.3594403564929962, -0.2753550410270691, 0.7687942385673523]"
16721.0,2010-03-01T00:00:00.000000000,"[2.181539297103882, -0.4147131145000458, 1.1914430856704712, 3.5896763801574707]","[1.1099036931991577, 0.8178750276565552, 1.9812564849853516, 3.143470048904419]"
16721.0,2010-06-01T00:00:00.000000000,"[-0.4147131145000458, 1.1914430856704712, 3.5896763801574707, 2.181539297103882]","[0.3486633598804474, 1.7423948049545288, 4.692493915557861, 1.1355843544006348]"
16721.0,2010-09-01T00:00:00.000000000,"[1.1914430856704712, 3.5896763801574707, 2.181539297103882, -0.15068741142749786]","[1.1799720525741577, 4.235795497894287, 1.3975369930267334, -1.280611515045166]"
16721.0,2010-12-01T00:00:00.000000000,"[3.5896763801574707, 2.181539297103882, -0.15068741142749786, 1.4334666728973389]","[3.998443841934204, 1.1653379201889038, -0.2663915455341339, 0.838759183883667]"
16721.0,2011-03-01T00:00:00.000000000,"[2.181539297103882, -0.15068741142749786, 1.4334666728973389, 4.8437981605529785]","[1.384247064590454, 0.30035385489463806, 1.469449520111084, 2.719827651977539]"
16721.0,2011-06-01T00:00:00.000000000,"[-0.15068741142749786, 1.4334666728973389, 4.8437981605529785, 1.6754902601242065]","[0.34264180064201355, 1.8405277729034424, 4.704386234283447, 1.3782453536987305]"
16721.0,2011-09-01T00:00:00.000000000,"[1.4334666728973389, 4.8437981605529785, 1.6754902601242065, 2.42356276512146]","[1.3016557693481445, 4.485447883605957, 1.7706619501113892, -0.97902512550354]"
16721.0,2011-12-01T00:00:00.000000000,"[4.8437981605529785, 1.6754902601242065, 2.42356276512146, -0.5907301902770996]","[4.111073970794678, 1.4689581394195557, 0.1431322693824768, 1.1321552991867065]"
16721.0,2012-03-01T00:00:00.000000000,"[1.6754902601242065, 2.42356276512146, -0.5907301902770996, 6.031913757324219]","[1.95718252658844, 0.6286293268203735, 1.8990628719329834, 3.2673258781433105]"
16721.0,2012-06-01T00:00:00.000000000,"[2.42356276512146, -0.5907301902770996, 6.031913757324219, 2.0055222511291504]","[0.410521924495697, 1.990623950958252, 5.221943378448486, 1.425624966621399]"
16721.0,2012-09-01T00:00:00.000000000,"[-0.5907301902770996, 6.031913757324219, 2.0055222511291504, 1.0374282598495483]","[2.715209484100342, 6.018483638763428, 2.804950714111328, 0.27193230390548706]"
16721.0,2012-12-01T00:00:00.000000000,"[6.031913757324219, 2.0055222511291504, 1.0374282598495483, 2.775597333908081]","[3.726012706756592, 0.8276283144950867, -0.05949568748474121, 0.6934151649475098]"
16721.0,2013-03-01T00:00:00.000000000,"[2.0055222511291504, 1.0374282598495483, 2.775597333908081, 6.339943885803223]","[2.5981245040893555, 1.3269760608673096, 2.67751407623291, 4.2517499923706055]"
20779.0,2006-06-01T00:00:00.000000000,"[0.42136821150779724, 0.5093768239021301, 0.4873746931552887, 0.4653724431991577]","[0.3625437021255493, 0.38492709398269653, 0.3841516971588135, 0.3693951964378357]"
20779.0,2006-09-01T00:00:00.000000000,"[0.5093768239021301, 0.4873746931552887, 0.4653724431991577, 0.4873746931552887]","[0.4220234155654907, 0.44605857133865356, 0.41991502046585083, 0.4366798400878906]"
20779.0,2006-12-01T00:00:00.000000000,"[0.4873746931552887, 0.4653724431991577, 0.4873746931552887, 0.5973852872848511]","[0.49431025981903076, 0.4660543203353882, 0.4641681909561157, 0.47725069522857666]"
20779.0,2007-03-01T00:00:00.000000000,"[0.4653724431991577, 0.4873746931552887, 0.5973852872848511, 0.5973852872848511]","[0.4228307604789734, 0.4534551799297333, 0.458147257566452, 0.4718957841396332]"
20779.0,2007-06-01T00:00:00.000000000,"[0.4873746931552887, 0.5973852872848511, 0.5973852872848511, 0.553381085395813]","[0.4506966173648834, 0.46762019395828247, 0.4642193615436554, 0.4548304080963135]"
20779.0,2007-09-01T00:00:00.000000000,"[0.5973852872848511, 0.5973852872848511, 0.553381085395813, 0.553381085395813]","[0.4938519597053528, 0.5003905296325684, 0.474509060382843, 0.5008557438850403]"
20779.0,2007-12-01T00:00:00.000000000,"[0.5973852872848511, 0.553381085395813, 0.553381085395813, 0.6853939294815063]","[0.5804656744003296, 0.5316877365112305, 0.5166229009628296, 0.5621577501296997]"
20779.0,2008-03-01T00:00:00.000000000,"[0.553381085395813, 0.553381085395813, 0.6853939294815063, 0.6413896679878235]","[0.5154237151145935, 0.5169641971588135, 0.513557493686676, 0.562110185623169]"
20779.0,2008-06-01T00:00:00.000000000,"[0.553381085395813, 0.6853939294815063, 0.6413896679878235, 0.553381085395813]","[0.5106077790260315, 0.5335848331451416, 0.5768700838088989, 0.5017921328544617]"
20779.0,2008-09-01T00:00:00.000000000,"[0.6853939294815063, 0.6413896679878235, 0.553381085395813, 0.6193875670433044]","[0.5511093139648438, 0.539121150970459, 0.5038924217224121, 0.5404177904129028]"
20779.0,2008-12-01T00:00:00.000000000,"[0.6413896679878235, 0.553381085395813, 0.6193875670433044, 0.6413896679878235]","[0.6741266846656799, 0.5830568671226501, 0.5693139433860779, 0.6259592771530151]"
20779.0,2009-03-01T00:00:00.000000000,"[0.553381085395813, 0.6193875670433044, 0.6413896679878235, 0.6413896679878235]","[0.5901566743850708, 0.5891885757446289, 0.5945011377334595, 0.6257339715957642]"
20779.0,2009-06-01T00:00:00.000000000,"[0.6193875670433044, 0.6413896679878235, 0.6413896679878235, 0.6853939294815063]","[0.5663729906082153, 0.5996755361557007, 0.6362619400024414, 0.5498551726341248]"
20779.0,2009-09-01T00:00:00.000000000,"[0.6413896679878235, 0.6413896679878235, 0.6853939294815063, 0.7514004111289978]","[0.6174896955490112, 0.583486020565033, 0.5364888906478882, 0.5650225877761841]"
20779.0,2009-12-01T00:00:00.000000000,"[0.6413896679878235, 0.6853939294815063, 0.7514004111289978, 0.8394088745117188]","[0.6829770803451538, 0.61441570520401, 0.6154536008834839, 0.632622480392456]"
20779.0,2010-03-01T00:00:00.000000000,"[0.6853939294815063, 0.7514004111289978, 0.8394088745117188, 0.9494196176528931]","[0.5949739813804626, 0.6485899686813354, 0.6624969840049744, 0.648072361946106]"
20779.0,2010-06-01T00:00:00.000000000,"[0.7514004111289978, 0.8394088745117188, 0.9494196176528931, 0.9054153561592102]","[0.619571328163147, 0.667134165763855, 0.6658042073249817, 0.6404346227645874]"
20779.0,2010-09-01T00:00:00.000000000,"[0.8394088745117188, 0.9494196176528931, 0.9054153561592102, 1.0154259204864502]","[0.6526318192481995, 0.6574245691299438, 0.6533329486846924, 0.6694526672363281]"
20779.0,2010-12-01T00:00:00.000000000,"[0.9494196176528931, 0.9054153561592102, 1.0154259204864502, 1.125436782836914]","[0.7342289686203003, 0.7179059386253357, 0.7330111265182495, 0.7513821125030518]"
20779.0,2011-03-01T00:00:00.000000000,"[0.9054153561592102, 1.0154259204864502, 1.125436782836914, 1.147438883781433]","[0.7858278751373291, 0.8269960880279541, 0.8388557434082031, 0.839331328868866]"
20779.0,2011-06-01T00:00:00.000000000,"[1.0154259204864502, 1.125436782836914, 1.147438883781433, 0.9934238195419312]","[0.8338958024978638, 0.8429830074310303, 0.8365291357040405, 0.8058367967605591]"
20779.0,2011-09-01T00:00:00.000000000,"[1.125436782836914, 1.147438883781433, 0.9934238195419312, 1.0374282598495483]","[0.9386749267578125, 0.8725694417953491, 0.8269003629684448, 0.8784433603286743]"
20779.0,2011-12-01T00:00:00.000000000,"[1.147438883781433, 0.9934238195419312, 1.0374282598495483, 1.0594303607940674]","[1.0230975151062012, 0.9244238138198853, 0.946584939956665, 0.9791239500045776]"
20779.0,2012-03-01T00:00:00.000000000,"[0.9934238195419312, 1.0374282598495483, 1.0594303607940674, 0.9714217185974121]","[0.9653840065002441, 0.9941747188568115, 1.002105712890625, 1.0196987390518188]"
20779.0,2012-06-01T00:00:00.000000000,"[1.0374282598495483, 1.0594303607940674, 0.9714217185974121, 1.0374282598495483]","[0.9671356081962585, 0.9519744515419006, 0.9438938498497009, 0.9479376673698425]"
20779.0,2012-09-01T00:00:00.000000000,"[1.0594303607940674, 0.9714217185974121, 1.0374282598495483, 1.125436782836914]","[1.0468788146972656, 0.9938279390335083, 0.9630298018455505, 1.0132973194122314]"
20779.0,2012-12-01T00:00:00.000000000,"[0.9714217185974121, 1.0374282598495483, 1.125436782836914, 1.147438883781433]","[1.073830485343933, 0.9828854203224182, 0.9901379346847534, 1.048832654953003]"
20779.0,2013-03-01T00:00:00.000000000,"[1.0374282598495483, 1.125436782836914, 1.147438883781433, 1.103434681892395]","[0.9833551049232483, 0.9877029657363892, 1.003082513809204, 1.021899700164795]"
24197.0,2006-03-01T00:00:00.000000000,"[0.5093768239021301, 0.4543713927268982, 0.34436073899269104, 0.37736397981643677]","[0.34913504123687744, 0.2311359941959381, 0.206049382686615, 0.24770790338516235]"
24197.0,2006-06-01T00:00:00.000000000,"[0.4543713927268982, 0.34436073899269104, 0.37736397981643677, 0.6193875670433044]","[0.37792807817459106, 0.34836751222610474, 0.362934947013855, 0.42816853523254395]"
24197.0,2006-09-01T00:00:00.000000000,"[0.34436073899269104, 0.37736397981643677, 0.6193875670433044, 0.4873746931552887]","[0.3204743564128876, 0.38593313097953796, 0.4496822655200958, 0.35786882042884827]"
24197.0,2006-12-01T00:00:00.000000000,"[0.37736397981643677, 0.6193875670433044, 0.4873746931552887, 0.35536178946495056]","[0.3395690321922302, 0.39069557189941406, 0.35059648752212524, 0.3360844552516937]"
24197.0,2007-03-01T00:00:00.000000000,"[0.6193875670433044, 0.4873746931552887, 0.35536178946495056, 0.42136821150779724]","[0.4695567488670349, 0.3491159975528717, 0.3109511137008667, 0.35301628708839417]"
24197.0,2007-06-01T00:00:00.000000000,"[0.4873746931552887, 0.35536178946495056, 0.42136821150779724, 0.9274174571037292]","[0.5121475458145142, 0.4298919141292572, 0.4415909945964813, 0.5477604269981384]"
24197.0,2007-12-01T00:00:00.000000000,"[0.35536178946495056, 0.42136821150779724, 0.9274174571037292, 0.6633917689323425]","[0.40680304169654846, 0.47715136408805847, 0.5855023264884949, 0.4414476156234741]"
24197.0,2008-03-01T00:00:00.000000000,"[0.42136821150779724, 0.9274174571037292, 0.6633917689323425, 0.575383186340332]","[0.40922990441322327, 0.5111855268478394, 0.44594401121139526, 0.40639519691467285]"
24197.0,2008-06-01T00:00:00.000000000,"[0.9274174571037292, 0.6633917689323425, 0.575383186340332, 0.9934238195419312]","[0.5889179706573486, 0.42595210671424866, 0.3766587972640991, 0.41940999031066895]"
24197.0,2008-09-01T00:00:00.000000000,"[0.6633917689323425, 0.575383186340332, 0.9934238195419312, 1.3894624710083008]","[0.6568024754524231, 0.553871214389801, 0.5678244829177856, 0.753739595413208]"
24197.0,2008-12-01T00:00:00.000000000,"[0.575383186340332, 0.9934238195419312, 1.3894624710083008, 1.0374282598495483]","[0.48448073863983154, 0.6205424666404724, 0.8948643803596497, 0.5552678108215332]"
24197.0,2009-03-01T00:00:00.000000000,"[0.9934238195419312, 1.3894624710083008, 1.0374282598495483, 0.9934238195419312]","[0.5663983821868896, 0.7904457449913025, 0.6092594265937805, 0.5137500762939453]"
24197.0,2009-06-01T00:00:00.000000000,"[1.3894624710083008, 1.0374282598495483, 0.9934238195419312, 1.5214751958847046]","[1.061832308769226, 0.7365998029708862, 0.6922775506973267, 0.7753545045852661]"
24197.0,2009-09-01T00:00:00.000000000,"[1.0374282598495483, 0.9934238195419312, 1.5214751958847046, 2.0055222511291504]","[0.9898911714553833, 0.8793622255325317, 0.9162970781326294, 1.094043493270874]"
24197.0,2009-12-01T00:00:00.000000000,"[0.9934238195419312, 1.5214751958847046, 2.0055222511291504, 1.6094835996627808]","[0.7268590331077576, 0.8902097940444946, 1.1916460990905762, 0.8592493534088135]"
24197.0,2010-03-01T00:00:00.000000000,"[1.5214751958847046, 2.0055222511291504, 1.6094835996627808, 1.455468773841858]","[0.9151952862739563, 1.0616052150726318, 0.8915654420852661, 0.8305844068527222]"
24197.0,2010-06-01T00:00:00.000000000,"[2.0055222511291504, 1.6094835996627808, 1.455468773841858, 1.8735092878341675]","[1.4997434616088867, 1.1324985027313232, 1.053410291671753, 1.1880451440811157]"
24197.0,2010-09-01T00:00:00.000000000,"[1.6094835996627808, 1.455468773841858, 1.8735092878341675, 2.4455649852752686]","[1.4249123334884644, 1.2576011419296265, 1.3416740894317627, 1.5491366386413574]"
24197.0,2010-12-01T00:00:00.000000000,"[1.455468773841858, 1.8735092878341675, 2.4455649852752686, 2.027524471282959]","[1.0855181217193604, 1.2503451108932495, 1.6643792390823364, 1.2147597074508667]"
24197.0,2011-03-01T00:00:00.000000000,"[1.8735092878341675, 2.4455649852752686, 2.027524471282959, 1.5874814987182617]","[1.4125547409057617, 1.5530662536621094, 1.290196180343628, 1.1868610382080078]"
24197.0,2011-06-01T00:00:00.000000000,"[2.4455649852752686, 2.027524471282959, 1.5874814987182617, 2.1375350952148438]","[2.0124831199645996, 1.5451278686523438, 1.4342690706253052, 1.5988178253173828]"
24197.0,2011-09-01T00:00:00.000000000,"[2.027524471282959, 1.5874814987182617, 2.1375350952148438, 3.083627223968506]","[1.8823552131652832, 1.6511874198913574, 1.7356252670288086, 2.0252132415771484]"
24197.0,2011-12-01T00:00:00.000000000,"[1.5874814987182617, 2.1375350952148438, 3.083627223968506, 3.017620801925659]","[1.5180418491363525, 1.6932799816131592, 2.199423313140869, 1.6093592643737793]"
24197.0,2012-03-01T00:00:00.000000000,"[2.1375350952148438, 3.083627223968506, 3.017620801925659, 3.721689224243164]","[1.771777868270874, 2.0043907165527344, 1.6770732402801514, 1.4204394817352295]"
24197.0,2012-06-01T00:00:00.000000000,"[3.083627223968506, 3.017620801925659, 3.721689224243164, 4.469761848449707]","[2.479261875152588, 1.892876148223877, 1.7406468391418457, 1.9611092805862427]"
24197.0,2012-09-01T00:00:00.000000000,"[3.017620801925659, 3.721689224243164, 4.469761848449707, 4.447759628295898]","[2.479509115219116, 2.2040650844573975, 2.29239559173584, 2.62988018989563]"
24197.0,2012-12-01T00:00:00.000000000,"[3.721689224243164, 4.469761848449707, 4.447759628295898, 3.765693426132202]","[2.2009360790252686, 2.5174102783203125, 3.027003765106201, 2.3790786266326904]"
24197.0,2013-03-01T00:00:00.000000000,"[4.469761848449707, 4.447759628295898, 3.765693426132202, 3.4576635360717773]","[3.05855655670166, 3.327151298522949, 2.8581435680389404, 2.6303257942199707]"
24316.0,2007-09-01T00:00:00.000000000,"[-0.38170990347862244, -0.4514566659927368, -0.40745237469673157, -0.3377055823802948]","[-0.41655898094177246, -0.4665495753288269, -0.47191548347473145, -0.4219832420349121]"
24316.0,2007-12-01T00:00:00.000000000,"[-0.4514566659927368, -0.40745237469673157, -0.3377055823802948, -0.3229641616344452]","[-0.45552858710289, -0.4494588077068329, -0.4005352854728699, -0.41870617866516113]"
24316.0,2008-03-01T00:00:00.000000000,"[-0.40745237469673157, -0.3377055823802948, -0.3229641616344452, -0.30470237135887146]","[-0.46417829394340515, -0.4095039665699005, -0.3930860757827759, -0.46994951367378235]"
24316.0,2008-06-01T00:00:00.000000000,"[-0.3377055823802948, -0.3229641616344452, -0.30470237135887146, -0.3487066924571991]","[-0.37205302715301514, -0.4005933403968811, -0.44484415650367737, -0.44211670756340027]"
24316.0,2008-09-01T00:00:00.000000000,"[-0.3229641616344452, -0.30470237135887146, -0.3487066924571991, -0.2716991901397705]","[-0.3562782406806946, -0.42832115292549133, -0.4289102256298065, -0.37448400259017944]"
24316.0,2008-12-01T00:00:00.000000000,"[-0.30470237135887146, -0.3487066924571991, -0.2716991901397705, -0.2606981098651886]","[-0.41181281208992004, -0.3935403823852539, -0.3391317129135132, -0.3654831647872925]"
24316.0,2009-03-01T00:00:00.000000000,"[-0.3487066924571991, -0.2716991901397705, -0.2606981098651886, -0.39271095395088196]","[-0.35948777198791504, -0.2902713119983673, -0.28610730171203613, -0.3835340738296509]"
24316.0,2009-06-01T00:00:00.000000000,"[-0.2716991901397705, -0.2606981098651886, -0.39271095395088196, -0.2716991901397705]","[-0.30159616470336914, -0.3472907543182373, -0.40722817182540894, -0.3976438045501709]"
24316.0,2009-09-01T00:00:00.000000000,"[-0.2606981098651886, -0.39271095395088196, -0.2716991901397705, -0.1726895570755005]","[-0.2808857560157776, -0.37013229727745056, -0.359188973903656, -0.3061266541481018]"
24316.0,2009-12-01T00:00:00.000000000,"[-0.39271095395088196, -0.2716991901397705, -0.1726895570755005, -0.15068741142749786]","[-0.34938275814056396, -0.30884474515914917, -0.272946834564209, -0.29605832695961]"
24316.0,2010-03-01T00:00:00.000000000,"[-0.2716991901397705, -0.1726895570755005, -0.15068741142749786, -0.22769489884376526]","[-0.37533098459243774, -0.31750667095184326, -0.29897981882095337, -0.3634757995605469]"
24316.0,2010-06-01T00:00:00.000000000,"[-0.1726895570755005, -0.15068741142749786, -0.22769489884376526, -0.15068741142749786]","[-0.23059213161468506, -0.2637485861778259, -0.308275043964386, -0.31596189737319946]"
24316.0,2010-09-01T00:00:00.000000000,"[-0.15068741142749786, -0.22769489884376526, -0.15068741142749786, -0.11768423020839691]","[-0.20740485191345215, -0.2870863676071167, -0.2943887710571289, -0.23201312124729156]"
24316.0,2010-12-01T00:00:00.000000000,"[-0.22769489884376526, -0.15068741142749786, -0.11768423020839691, -0.0956820473074913]","[-0.25857630372047424, -0.2461823970079422, -0.19073987007141113, -0.21106982231140137]"
24316.0,2011-03-01T00:00:00.000000000,"[-0.15068741142749786, -0.11768423020839691, -0.0956820473074913, -0.1836906224489212]","[-0.2785530984401703, -0.20458155870437622, -0.17792466282844543, -0.2645214796066284]"
24316.0,2011-06-01T00:00:00.000000000,"[-0.11768423020839691, -0.0956820473074913, -0.1836906224489212, -0.08468098938465118]","[-0.12038254737854004, -0.17285805940628052, -0.2300504744052887, -0.21797563135623932]"
24316.0,2011-09-01T00:00:00.000000000,"[-0.0956820473074913, -0.1836906224489212, -0.08468098938465118, -0.05167780816555023]","[-0.128183513879776, -0.22753900289535522, -0.2264891266822815, -0.1558951735496521]"
24316.0,2011-12-01T00:00:00.000000000,"[-0.1836906224489212, -0.08468098938465118, -0.05167780816555023, 0.014328615739941597]","[-0.19110149145126343, -0.16630129516124725, -0.11457550525665283, -0.1374358832836151]"
24316.0,2012-03-01T00:00:00.000000000,"[-0.08468098938465118, -0.05167780816555023, 0.014328615739941597, -0.018674563616514206]","[-0.2025870978832245, -0.14607606828212738, -0.1256968080997467, -0.2024698704481125]"
24316.0,2012-06-01T00:00:00.000000000,"[-0.05167780816555023, 0.014328615739941597, -0.018674563616514206, -0.05167780816555023]","[-0.042399853467941284, -0.10389193892478943, -0.1586538553237915, -0.13817165791988373]"
24316.0,2012-09-01T00:00:00.000000000,"[0.014328615739941597, -0.018674563616514206, -0.05167780816555023, 0.12433934211730957]","[-0.056883007287979126, -0.15741311013698578, -0.15556731820106506, -0.08636429905891418]"
24316.0,2012-12-01T00:00:00.000000000,"[-0.018674563616514206, -0.05167780816555023, 0.12433934211730957, -0.007673503365367651]","[-0.09828272461891174, -0.06217196583747864, -0.01773783564567566, -0.04622155427932739]"
24316.0,2013-03-01T00:00:00.000000000,"[-0.05167780816555023, 0.12433934211730957, -0.007673503365367651, -0.04067668318748474]","[-0.07724031805992126, -0.02212849259376526, -0.00993877649307251, -0.08111600577831268]"
24344.0,2006-06-01T00:00:00.000000000,"[-2.1968863010406494, -2.284895181655884, -2.328899383544922, -2.526918411254883]","[-1.876128077507019, -1.983933687210083, -1.9281669855117798, -2.123281240463257]"
24344.0,2006-09-01T00:00:00.000000000,"[-2.284895181655884, -2.328899383544922, -2.526918411254883, -1.8888564109802246]","[-1.7999677658081055, -1.4741591215133667, -1.7426396608352661, -1.9090030193328857]"
24344.0,2006-12-01T00:00:00.000000000,"[-2.328899383544922, -2.526918411254883, -1.8888564109802246, -0.9867687225341797]","[-1.888075351715088, -2.3864784240722656, -2.4704430103302, -2.185087203979492]"
24344.0,2007-03-01T00:00:00.000000000,"[-2.526918411254883, -1.8888564109802246, -0.9867687225341797, -0.3267045319080353]","[-2.154258966445923, -2.1178388595581055, -2.041956901550293, -1.6900943517684937]"
24344.0,2007-06-01T00:00:00.000000000,"[-1.8888564109802246, -0.9867687225341797, -0.3267045319080353, -0.5027216672897339]","[-2.030133008956909, -1.867511510848999, -1.9815309047698975, -2.20885968208313]"
24344.0,2007-09-01T00:00:00.000000000,"[-0.9867687225341797, -0.3267045319080353, -0.5027216672897339, -0.1726895570755005]","[-2.035867929458618, -1.7846556901931763, -2.137014865875244, -2.1623892784118652]"
24344.0,2007-12-01T00:00:00.000000000,"[-0.3267045319080353, -0.5027216672897339, -0.1726895570755005, -0.3487066924571991]","[-1.5670135021209717, -1.7912124395370483, -1.7099910974502563, -1.3901569843292236]"
24344.0,2008-03-01T00:00:00.000000000,"[-0.5027216672897339, -0.1726895570755005, -0.3487066924571991, 0.06933397799730301]","[-1.320888638496399, -1.1406216621398926, -0.9848343729972839, -0.6667791604995728]"
24344.0,2008-06-01T00:00:00.000000000,"[-0.1726895570755005, -0.3487066924571991, 0.06933397799730301, 0.20134682953357697]","[-1.2725191116333008, -0.594852089881897, -0.33032548427581787, -1.1932783126831055]"
24344.0,2008-09-01T00:00:00.000000000,"[-0.3487066924571991, 0.06933397799730301, 0.20134682953357697, 0.15734252333641052]","[-0.6759200096130371, -0.5805360078811646, -0.9772860407829285, -0.8846226930618286]"
24344.0,2008-12-01T00:00:00.000000000,"[0.06933397799730301, 0.20134682953357697, 0.15734252333641052, 0.4653724431991577]","[-0.48155856132507324, -0.9396447539329529, -0.8974045515060425, -0.6133050918579102]"
24344.0,2009-03-01T00:00:00.000000000,"[0.20134682953357697, 0.15734252333641052, 0.4653724431991577, 0.6413896679878235]","[-0.5826277732849121, -0.466796875, -0.3401682376861572, -0.0576854944229126]"
24344.0,2009-06-01T00:00:00.000000000,"[0.15734252333641052, 0.4653724431991577, 0.6413896679878235, 0.9714217185974121]","[-0.21886587142944336, 0.1080007553100586, 0.28036201000213623, -0.35780978202819824]"
24344.0,2009-09-01T00:00:00.000000000,"[0.4653724431991577, 0.6413896679878235, 0.9714217185974121, 1.3674603700637817]","[0.20952892303466797, 0.2932775020599365, -0.06955337524414062, -0.030783534049987793]"
24344.0,2009-12-01T00:00:00.000000000,"[0.6413896679878235, 0.9714217185974121, 1.3674603700637817, 1.6974923610687256]","[0.5232661962509155, 0.07060694694519043, -0.002169013023376465, 0.4204409122467041]"
24344.0,2010-03-01T00:00:00.000000000,"[0.9714217185974121, 1.3674603700637817, 1.6974923610687256, 2.1595370769500732]","[-0.05498623847961426, -0.10188686847686768, 0.204978346824646, 0.5281621217727661]"
24344.0,2010-06-01T00:00:00.000000000,"[1.3674603700637817, 1.6974923610687256, 2.1595370769500732, 1.8075029850006104]","[0.37106144428253174, 0.8323472738265991, 0.8861864805221558, 0.332599401473999]"
24344.0,2010-09-01T00:00:00.000000000,"[1.6974923610687256, 2.1595370769500732, 1.8075029850006104, 2.071528673171997]","[1.202736496925354, 1.2035695314407349, 0.7988440990447998, 0.7780518531799316]"
24344.0,2010-12-01T00:00:00.000000000,"[2.1595370769500732, 1.8075029850006104, 2.071528673171997, 2.0055222511291504]","[1.390316128730774, 0.7715767621994019, 0.5217297077178955, 0.8985245227813721]"
24344.0,2011-03-01T00:00:00.000000000,"[1.8075029850006104, 2.071528673171997, 2.0055222511291504, 3.0396230220794678]","[1.1924405097961426, 0.6642645597457886, 0.6265523433685303, 1.1920497417449951]"
24344.0,2011-06-01T00:00:00.000000000,"[2.071528673171997, 2.0055222511291504, 3.0396230220794678, 4.931806564331055]","[1.4365761280059814, 1.790034294128418, 1.7957220077514648, 1.2191753387451172]"
24344.0,2011-09-01T00:00:00.000000000,"[2.0055222511291504, 3.0396230220794678, 4.931806564331055, 5.0418171882629395]","[1.9548110961914062, 1.721475601196289, 1.0615785121917725, 1.1664921045303345]"
24344.0,2011-12-01T00:00:00.000000000,"[3.0396230220794678, 4.931806564331055, 5.0418171882629395, 5.107824325561523]","[1.3244545459747314, 0.3315631151199341, -0.045112013816833496, 0.7214495539665222]"
24344.0,2012-03-01T00:00:00.000000000,"[4.931806564331055, 5.0418171882629395, 5.107824325561523, 4.82179594039917]","[1.1412537097930908, 0.7421492338180542, 0.5690383911132812, 0.9783612489700317]"
24344.0,2012-06-01T00:00:00.000000000,"[5.0418171882629395, 5.107824325561523, 4.82179594039917, 5.855896949768066]","[2.500067710876465, 2.8840410709381104, 2.7982876300811768, 2.0870718955993652]"
24344.0,2012-09-01T00:00:00.000000000,"[5.107824325561523, 4.82179594039917, 5.855896949768066, 6.1419243812561035]","[3.153132438659668, 2.8422892093658447, 2.235884666442871, 2.0735838413238525]"
24344.0,2012-12-01T00:00:00.000000000,"[4.82179594039917, 5.855896949768066, 6.1419243812561035, 7.132020950317383]","[4.2222795486450195, 3.5164132118225098, 2.611288547515869, 2.1116580963134766]"
24344.0,2013-03-01T00:00:00.000000000,"[5.855896949768066, 6.1419243812561035, 7.132020950317383, 6.713980197906494]","[3.9303078651428223, 2.5811967849731445, 2.2114806175231934, 2.9066269397735596]"
24468.0,2006-06-01T00:00:00.000000000,"[6.647973537445068, 7.660072326660156, 8.298134803771973, 7.704076290130615]","[4.378249645233154, 4.024643421173096, 3.9398717880249023, 4.1745758056640625]"
24468.0,2006-09-01T00:00:00.000000000,"[7.660072326660156, 8.298134803771973, 7.704076290130615, 8.584161758422852]","[5.444091320037842, 5.046393394470215, 4.997400760650635, 5.3333659172058105]"
24468.0,2006-12-01T00:00:00.000000000,"[8.298134803771973, 7.704076290130615, 8.584161758422852, 9.156217575073242]","[5.849757194519043, 5.6470160484313965, 5.7777509689331055, 5.970841407775879]"
24468.0,2007-03-01T00:00:00.000000000,"[7.704076290130615, 8.584161758422852, 9.156217575073242, 9.20022201538086]","[6.25004768371582, 6.191071510314941, 6.131457805633545, 6.145225524902344]"
24468.0,2007-06-01T00:00:00.000000000,"[8.584161758422852, 9.156217575073242, 9.20022201538086, 9.838284492492676]","[6.535786151885986, 5.960587978363037, 5.898532867431641, 6.102560043334961]"
24468.0,2007-09-01T00:00:00.000000000,"[9.156217575073242, 9.20022201538086, 9.838284492492676, 10.762373924255371]","[7.503204345703125, 6.630034446716309, 6.556382656097412, 7.144193649291992]"
24468.0,2007-12-01T00:00:00.000000000,"[9.20022201538086, 9.838284492492676, 10.762373924255371, 10.718369483947754]","[7.989398956298828, 7.316518783569336, 7.45269775390625, 7.854402542114258]"
24468.0,2008-03-01T00:00:00.000000000,"[9.838284492492676, 10.762373924255371, 10.718369483947754, 10.388337135314941]","[8.08092212677002, 7.788805961608887, 7.733604431152344, 7.935635566711426]"
24468.0,2008-06-01T00:00:00.000000000,"[10.762373924255371, 10.718369483947754, 10.388337135314941, 10.740371704101562]","[9.027070999145508, 8.355531692504883, 8.181035995483398, 8.355555534362793]"
24468.0,2008-09-01T00:00:00.000000000,"[10.718369483947754, 10.388337135314941, 10.740371704101562, 10.388337135314941]","[9.851040840148926, 8.93034553527832, 8.825212478637695, 9.353504180908203]"
24468.0,2008-12-01T00:00:00.000000000,"[10.388337135314941, 10.740371704101562, 10.388337135314941, 13.182609558105469]","[9.892311096191406, 9.09548282623291, 9.188770294189453, 9.682515144348145]"
24468.0,2009-03-01T00:00:00.000000000,"[10.740371704101562, 10.388337135314941, 13.182609558105469, 10.872385025024414]","[10.034467697143555, 9.757024765014648, 9.806600570678711, 9.860298156738281]"
24468.0,2009-06-01T00:00:00.000000000,"[10.388337135314941, 13.182609558105469, 10.872385025024414, 12.610553741455078]","[10.840078353881836, 10.211149215698242, 9.932820320129395, 10.257822036743164]"
24468.0,2009-09-01T00:00:00.000000000,"[13.182609558105469, 10.872385025024414, 12.610553741455078, 12.060501098632812]","[11.1327543258667, 10.071756362915039, 10.007698059082031, 10.374717712402344]"
24468.0,2009-12-01T00:00:00.000000000,"[10.872385025024414, 12.610553741455078, 12.060501098632812, 15.580842971801758]","[12.03797435760498, 11.443410873413086, 11.3108491897583, 11.953155517578125]"
24468.0,2010-03-01T00:00:00.000000000,"[12.610553741455078, 12.060501098632812, 15.580842971801758, 14.678754806518555]","[11.328217506408691, 10.992992401123047, 11.286445617675781, 11.077333450317383]"
24468.0,2010-06-01T00:00:00.000000000,"[12.060501098632812, 15.580842971801758, 14.678754806518555, 14.656752586364746]","[12.42281723022461, 12.448963165283203, 11.964095115661621, 12.135156631469727]"
24468.0,2010-09-01T00:00:00.000000000,"[15.580842971801758, 14.678754806518555, 14.656752586364746, 19.431217193603516]","[12.881926536560059, 11.444696426391602, 11.262733459472656, 11.909149169921875]"
24468.0,2010-12-01T00:00:00.000000000,"[14.678754806518555, 14.656752586364746, 19.431217193603516, 19.475223541259766]","[13.95869255065918, 13.590526580810547, 13.545040130615234, 14.14819622039795]"
24468.0,2011-03-01T00:00:00.000000000,"[14.656752586364746, 19.431217193603516, 19.475223541259766, 17.649045944213867]","[13.757307052612305, 13.677146911621094, 14.004350662231445, 13.665428161621094]"
24468.0,2011-06-01T00:00:00.000000000,"[19.431217193603516, 19.475223541259766, 17.649045944213867, 19.409217834472656]","[14.368608474731445, 14.264049530029297, 13.739540100097656, 13.92103099822998]"
24468.0,2011-09-01T00:00:00.000000000,"[19.475223541259766, 17.649045944213867, 19.409217834472656, 18.74915313720703]","[17.571487426757812, 15.809427261352539, 15.509464263916016, 16.3922119140625]"
24468.0,2011-12-01T00:00:00.000000000,"[17.649045944213867, 19.409217834472656, 18.74915313720703, 9.376238822937012]","[17.073925018310547, 16.22521209716797, 16.57022476196289, 17.238208770751953]"
24468.0,2012-03-01T00:00:00.000000000,"[19.409217834472656, 18.74915313720703, 9.376238822937012, 11.048401832580566]","[16.466876983642578, 16.766109466552734, 16.932106018066406, 16.51184844970703]"
24468.0,2012-06-01T00:00:00.000000000,"[18.74915313720703, 9.376238822937012, 11.048401832580566, 11.79647445678711]","[18.496475219726562, 17.415569305419922, 16.6969051361084, 17.374765396118164]"
24468.0,2012-09-01T00:00:00.000000000,"[9.376238822937012, 11.048401832580566, 11.79647445678711, 9.794280052185059]","[19.44427490234375, 17.06697654724121, 16.863319396972656, 17.905702590942383]"
24468.0,2012-12-01T00:00:00.000000000,"[11.048401832580566, 11.79647445678711, 9.794280052185059, 6.757984638214111]","[14.164466857910156, 13.59807014465332, 14.100873947143555, 14.660030364990234]"
24617.0,2006-06-01T00:00:00.000000000,"[0.5606417655944824, 0.6193875670433044, 0.4873746931552887, 0.37010324001312256]","[0.2506062686443329, 0.23505666851997375, 0.022833019495010376, -0.08813059329986572]"
24617.0,2006-09-01T00:00:00.000000000,"[0.6193875670433044, 0.4873746931552887, 0.37010324001312256, 0.7661417722702026]","[0.5061133503913879, 0.16815684735774994, 0.03972853720188141, 0.3059794306755066]"
24617.0,2006-12-01T00:00:00.000000000,"[0.4873746931552887, 0.37010324001312256, 0.7661417722702026, 0.7514004111289978]","[0.2549296021461487, 0.18237155675888062, 0.34967488050460815, 0.31623077392578125]"
24617.0,2007-03-01T00:00:00.000000000,"[0.37010324001312256, 0.7661417722702026, 0.7514004111289978, 0.5461203455924988]","[0.1907670646905899, 0.43894100189208984, 0.5490184426307678, 0.18329112231731415]"
24617.0,2007-06-01T00:00:00.000000000,"[0.7661417722702026, 0.7514004111289978, 0.5461203455924988, 0.35536178946495056]","[0.5415189862251282, 0.4884406328201294, 0.239502415060997, 0.09890511631965637]"
24617.0,2007-09-01T00:00:00.000000000,"[0.7514004111289978, 0.5461203455924988, 0.35536178946495056, 0.7366588711738586]","[0.7287532687187195, 0.37479278445243835, 0.26463812589645386, 0.5393970608711243]"
24617.0,2007-12-01T00:00:00.000000000,"[0.5461203455924988, 0.35536178946495056, 0.7366588711738586, 0.8101460337638855]","[0.5117824077606201, 0.4016287326812744, 0.557437539100647, 0.5740451216697693]"
24617.0,2008-03-01T00:00:00.000000000,"[0.35536178946495056, 0.7366588711738586, 0.8101460337638855, 0.5166375637054443]","[0.36104434728622437, 0.6208133101463318, 0.7466650009155273, 0.39903777837753296]"
24617.0,2008-06-01T00:00:00.000000000,"[0.7366588711738586, 0.8101460337638855, 0.5166375637054443, 0.4726331830024719]","[0.6871921420097351, 0.6180258393287659, 0.3839716911315918, 0.2602793574333191]"
24617.0,2008-09-01T00:00:00.000000000,"[0.8101460337638855, 0.5166375637054443, 0.4726331830024719, 1.0446888208389282]","[0.8305759429931641, 0.5050541758537292, 0.4160608947277069, 0.6713603138923645]"
24617.0,2008-12-01T00:00:00.000000000,"[0.5166375637054443, 0.4726331830024719, 1.0446888208389282, 1.1181758642196655]","[0.6520259380340576, 0.565196692943573, 0.7132110595703125, 0.7697969079017639]"
24617.0,2009-03-01T00:00:00.000000000,"[0.4726331830024719, 1.0446888208389282, 1.1181758642196655, 1.0446888208389282]","[0.4227507412433624, 0.7596544623374939, 0.9044545292854309, 0.5462847352027893]"
24617.0,2009-06-01T00:00:00.000000000,"[1.0446888208389282, 1.1181758642196655, 1.0446888208389282, 1.2501888275146484]","[0.749244213104248, 0.7048676013946533, 0.5562824606895447, 0.4718347191810608]"
24617.0,2009-09-01T00:00:00.000000000,"[1.1181758642196655, 1.0446888208389282, 1.2501888275146484, 2.21828293800354]","[1.0403269529342651, 0.7330562472343445, 0.6730000972747803, 0.8656976222991943]"
24617.0,2009-12-01T00:00:00.000000000,"[1.0446888208389282, 1.2501888275146484, 2.21828293800354, 2.4088215827941895]","[0.8622047305107117, 0.856844961643219, 0.9972425699234009, 0.993394672870636]"
24617.0,2010-03-01T00:00:00.000000000,"[1.2501888275146484, 2.21828293800354, 2.4088215827941895, 2.1595370769500732]","[0.7610510587692261, 1.1465134620666504, 1.1828410625457764, 0.9329586029052734]"
24617.0,2010-06-01T00:00:00.000000000,"[2.21828293800354, 2.4088215827941895, 2.1595370769500732, 1.7047529220581055]","[1.2649770975112915, 1.1693114042282104, 1.035578727722168, 0.9932342767715454]"
24617.0,2010-09-01T00:00:00.000000000,"[2.4088215827941895, 2.1595370769500732, 1.7047529220581055, 2.4675674438476562]","[1.732215166091919, 1.3834456205368042, 1.3119550943374634, 1.6282731294631958]"
24617.0,2010-12-01T00:00:00.000000000,"[2.1595370769500732, 1.7047529220581055, 2.4675674438476562, 2.3062915802001953]","[1.5377726554870605, 1.5101268291473389, 1.752285361289978, 1.8007878065109253]"
24617.0,2011-03-01T00:00:00.000000000,"[1.7047529220581055, 2.4675674438476562, 2.3062915802001953, 1.9395159482955933]","[1.3784784078598022, 1.7519358396530151, 1.9378279447555542, 1.5993740558624268]"
24617.0,2011-06-01T00:00:00.000000000,"[2.4675674438476562, 2.3062915802001953, 1.9395159482955933, 1.8735092878341675]","[1.8353397846221924, 1.662611722946167, 1.420365333557129, 1.3622711896896362]"
24617.0,2011-09-01T00:00:00.000000000,"[2.3062915802001953, 1.9395159482955933, 1.8735092878341675, 2.0495264530181885]","[2.3349974155426025, 1.800638198852539, 1.6913549900054932, 2.1277849674224854]"
24617.0,2011-12-01T00:00:00.000000000,"[1.9395159482955933, 1.8735092878341675, 2.0495264530181885, 3.0616250038146973]","[1.9114294052124023, 1.6809196472167969, 1.991948127746582, 2.0858399868011475]"
24617.0,2012-03-01T00:00:00.000000000,"[1.8735092878341675, 2.0495264530181885, 3.0616250038146973, 2.8416035175323486]","[1.625485897064209, 2.023951292037964, 2.219076633453369, 1.7781355381011963]"
24617.0,2012-06-01T00:00:00.000000000,"[2.0495264530181885, 3.0616250038146973, 2.8416035175323486, 3.0396230220794678]","[2.3423776626586914, 2.1732735633850098, 1.848397970199585, 1.6980259418487549]"
24617.0,2012-09-01T00:00:00.000000000,"[3.0616250038146973, 2.8416035175323486, 3.0396230220794678, 4.381753444671631]","[2.400071859359741, 1.9310327768325806, 1.8066372871398926, 2.192188024520874]"
24617.0,2012-12-01T00:00:00.000000000,"[2.8416035175323486, 3.0396230220794678, 4.381753444671631, 4.733787536621094]","[2.441302537918091, 2.29636549949646, 2.516010284423828, 2.6667237281799316]"
24617.0,2013-03-01T00:00:00.000000000,"[3.0396230220794678, 4.381753444671631, 4.733787536621094, 4.601775169372559]","[2.288299083709717, 2.8111367225646973, 3.1425976753234863, 2.474696636199951]"
24856.0,2006-06-01T00:00:00.000000000,"[4.491764068603516, 3.8096976280212402, 4.645779132843018, 5.76788854598999]","[1.1752238273620605, 1.1260701417922974, 1.1444875001907349, 1.3508604764938354]"
24856.0,2006-09-01T00:00:00.000000000,"[3.8096976280212402, 4.645779132843018, 5.76788854598999, 6.229933261871338]","[1.9822622537612915, 1.9997398853302002, 1.8846851587295532, 1.964996576309204]"
24856.0,2006-12-01T00:00:00.000000000,"[4.645779132843018, 5.76788854598999, 6.229933261871338, 6.38394832611084]","[1.9000564813613892, 2.1372342109680176, 2.0527877807617188, 1.5224735736846924]"
24856.0,2007-03-01T00:00:00.000000000,"[5.76788854598999, 6.229933261871338, 6.38394832611084, 6.603969573974609]","[2.7365777492523193, 2.6129603385925293, 2.1333253383636475, 1.987130880355835]"
24856.0,2007-06-01T00:00:00.000000000,"[6.229933261871338, 6.38394832611084, 6.603969573974609, 5.965907573699951]","[3.8098082542419434, 3.1384940147399902, 2.8783345222473145, 3.0493764877319336]"
24856.0,2007-09-01T00:00:00.000000000,"[6.38394832611084, 6.603969573974609, 5.965907573699951, 6.075918197631836]","[4.165378570556641, 3.8902390003204346, 3.7166199684143066, 3.666699171066284]"
24856.0,2007-12-01T00:00:00.000000000,"[6.603969573974609, 5.965907573699951, 6.075918197631836, 5.349847793579102]","[4.619401931762695, 4.460834980010986, 4.119279861450195, 3.6781692504882812]"
24856.0,2008-03-01T00:00:00.000000000,"[5.965907573699951, 6.075918197631836, 5.349847793579102, 5.239837169647217]","[5.343741416931152, 4.7634358406066895, 4.2054643630981445, 4.067296028137207]"
24856.0,2008-06-01T00:00:00.000000000,"[6.075918197631836, 5.349847793579102, 5.239837169647217, 4.20573616027832]","[5.351378917694092, 4.341253757476807, 4.238555431365967, 4.4593377113342285]"
24856.0,2008-09-01T00:00:00.000000000,"[5.349847793579102, 5.239837169647217, 4.20573616027832, 4.931806564331055]","[5.559682369232178, 4.9122114181518555, 4.893298149108887, 5.122544288635254]"
24856.0,2008-12-01T00:00:00.000000000,"[5.239837169647217, 4.20573616027832, 4.931806564331055, 4.2937445640563965]","[5.530158042907715, 5.031595230102539, 4.966832160949707, 4.866990089416504]"
24856.0,2009-03-01T00:00:00.000000000,"[4.20573616027832, 4.931806564331055, 4.2937445640563965, 3.21563982963562]","[5.822552680969238, 5.263592720031738, 4.882164001464844, 5.067753791809082]"
24856.0,2009-06-01T00:00:00.000000000,"[4.931806564331055, 4.2937445640563965, 3.21563982963562, 2.5555758476257324]","[5.314695835113525, 4.585272789001465, 4.519535064697266, 4.881731033325195]"
24856.0,2009-09-01T00:00:00.000000000,"[4.2937445640563965, 3.21563982963562, 2.5555758476257324, 3.5016677379608154]","[5.392220497131348, 5.231976509094238, 5.152713775634766, 5.504477500915527]"
24856.0,2009-12-01T00:00:00.000000000,"[3.21563982963562, 2.5555758476257324, 3.5016677379608154, 3.3476529121398926]","[5.073764324188232, 4.985291957855225, 5.033868789672852, 5.101402759552002]"
24856.0,2010-03-01T00:00:00.000000000,"[2.5555758476257324, 3.5016677379608154, 3.3476529121398926, 2.4675674438476562]","[4.708076477050781, 4.764666557312012, 4.671736717224121, 4.850276947021484]"
24856.0,2010-06-01T00:00:00.000000000,"[3.5016677379608154, 3.3476529121398926, 2.4675674438476562, 3.171635627746582]","[4.152067184448242, 3.774562358856201, 4.066567897796631, 4.412571430206299]"
24856.0,2010-09-01T00:00:00.000000000,"[3.3476529121398926, 2.4675674438476562, 3.171635627746582, 3.3036487102508545]","[3.7800960540771484, 3.682624340057373, 4.186100959777832, 4.615318298339844]"
24856.0,2010-12-01T00:00:00.000000000,"[2.4675674438476562, 3.171635627746582, 3.3036487102508545, 3.1496336460113525]","[3.573925733566284, 3.8725814819335938, 4.642541885375977, 4.622225284576416]"
24856.0,2011-03-01T00:00:00.000000000,"[3.171635627746582, 3.3036487102508545, 3.1496336460113525, 2.1595370769500732]","[3.2585949897766113, 3.7781128883361816, 4.2181196212768555, 4.2518720626831055]"
24856.0,2011-06-01T00:00:00.000000000,"[3.3036487102508545, 3.1496336460113525, 2.1595370769500732, 2.9956183433532715]","[3.4939167499542236, 3.3693103790283203, 3.7461514472961426, 4.053922653198242]"
24856.0,2011-09-01T00:00:00.000000000,"[3.1496336460113525, 2.1595370769500732, 2.9956183433532715, 1.7414965629577637]","[2.877012014389038, 2.6736888885498047, 3.368366241455078, 3.923534870147705]"
24856.0,2011-12-01T00:00:00.000000000,"[2.1595370769500732, 2.9956183433532715, 1.7414965629577637, 3.9417104721069336]","[3.4191930294036865, 3.601284980773926, 4.284928321838379, 4.443794250488281]"
24856.0,2012-03-01T00:00:00.000000000,"[2.9956183433532715, 1.7414965629577637, 3.9417104721069336, 4.117727756500244]","[3.1157333850860596, 3.611342430114746, 3.679337739944458, 3.840363025665283]"
24856.0,2012-06-01T00:00:00.000000000,"[1.7414965629577637, 3.9417104721069336, 4.117727756500244, 3.875704050064087]","[3.1869707107543945, 3.163851737976074, 3.2976348400115967, 3.6023080348968506]"
24856.0,2012-09-01T00:00:00.000000000,"[3.9417104721069336, 4.117727756500244, 3.875704050064087, 3.4136593341827393]","[2.6838955879211426, 2.594473361968994, 3.037836790084839, 3.3370208740234375]"
24856.0,2012-12-01T00:00:00.000000000,"[4.117727756500244, 3.875704050064087, 3.4136593341827393, 5.129826545715332]","[3.4383137226104736, 3.740816354751587, 3.612215280532837, 3.9389936923980713]"
24856.0,2013-03-01T00:00:00.000000000,"[3.875704050064087, 3.4136593341827393, 5.129826545715332, 0.8174067735671997]","[3.803325653076172, 4.253844261169434, 4.01993989944458, 4.105594635009766]"
24925.0,2006-06-01T00:00:00.000000000,"[2.7315926551818848, 2.7095906734466553, 3.369654893875122, 2.7095906734466553]","[2.3721439838409424, 2.5441246032714844, 2.8422093391418457, 2.272196054458618]"
24925.0,2006-09-01T00:00:00.000000000,"[2.7095906734466553, 3.369654893875122, 2.7095906734466553, 3.0396230220794678]","[2.671475410461426, 2.6700479984283447, 2.401859760284424, 2.546799421310425]"
24925.0,2006-12-01T00:00:00.000000000,"[3.369654893875122, 2.7095906734466553, 3.0396230220794678, 2.8416035175323486]","[3.010148763656616, 2.4236440658569336, 2.4373350143432617, 2.619109630584717]"
24925.0,2007-03-01T00:00:00.000000000,"[2.7095906734466553, 3.0396230220794678, 2.8416035175323486, 3.3036487102508545]","[2.771226406097412, 2.8769166469573975, 2.884463310241699, 3.1219656467437744]"
24925.0,2007-06-01T00:00:00.000000000,"[3.0396230220794678, 2.8416035175323486, 3.3036487102508545, 2.5995800495147705]","[2.711782693862915, 2.8648300170898438, 3.2128446102142334, 2.575467586517334]"
24925.0,2007-09-01T00:00:00.000000000,"[2.8416035175323486, 3.3036487102508545, 2.5995800495147705, 2.7315926551818848]","[3.0112547874450684, 3.05159330368042, 2.754912853240967, 2.919178009033203]"
24925.0,2007-12-01T00:00:00.000000000,"[3.3036487102508545, 2.5995800495147705, 2.7315926551818848, 2.929612159729004]","[3.2957119941711426, 2.6432321071624756, 2.6582016944885254, 2.8457956314086914]"
24925.0,2008-03-01T00:00:00.000000000,"[2.5995800495147705, 2.7315926551818848, 2.929612159729004, 3.3916571140289307]","[2.9111883640289307, 3.013549566268921, 3.0242786407470703, 3.2677526473999023]"
24925.0,2008-06-01T00:00:00.000000000,"[2.7315926551818848, 2.929612159729004, 3.3916571140289307, 3.9417104721069336]","[2.8230905532836914, 2.97152042388916, 3.305142879486084, 2.69474196434021]"
24925.0,2008-09-01T00:00:00.000000000,"[2.929612159729004, 3.3916571140289307, 3.9417104721069336, 4.227738380432129]","[2.9471940994262695, 3.0436530113220215, 2.7508633136749268, 2.9174857139587402]"
24925.0,2008-12-01T00:00:00.000000000,"[3.3916571140289307, 3.9417104721069336, 4.227738380432129, 4.491764068603516]","[3.332252025604248, 2.7523691654205322, 2.7827486991882324, 2.9174423217773438]"
24925.0,2009-03-01T00:00:00.000000000,"[3.9417104721069336, 4.227738380432129, 4.491764068603516, 5.239837169647217]","[2.894022226333618, 3.0526700019836426, 3.134850025177002, 3.3029093742370605]"
24925.0,2009-06-01T00:00:00.000000000,"[4.227738380432129, 4.491764068603516, 5.239837169647217, 5.0418171882629395]","[3.4003396034240723, 3.643099308013916, 3.8592286109924316, 3.3698391914367676]"
24925.0,2009-09-01T00:00:00.000000000,"[4.491764068603516, 5.239837169647217, 5.0418171882629395, 5.6578779220581055]","[3.801697254180908, 3.9451520442962646, 3.674393892288208, 3.716996908187866]"
24925.0,2009-12-01T00:00:00.000000000,"[5.239837169647217, 5.0418171882629395, 5.6578779220581055, 6.097919940948486]","[4.415430068969727, 3.8600664138793945, 3.8663699626922607, 3.891251564025879]"
24925.0,2010-03-01T00:00:00.000000000,"[5.0418171882629395, 5.6578779220581055, 6.097919940948486, 6.38394832611084]","[4.160242080688477, 4.134663105010986, 4.151260852813721, 4.509993553161621]"
24925.0,2010-06-01T00:00:00.000000000,"[5.6578779220581055, 6.097919940948486, 6.38394832611084, 6.559965133666992]","[4.403153896331787, 4.553725242614746, 4.7933878898620605, 4.435374736785889]"
24925.0,2010-09-01T00:00:00.000000000,"[6.097919940948486, 6.38394832611084, 6.559965133666992, 6.053915977478027]","[4.834386825561523, 4.912624835968018, 4.628940582275391, 4.805228233337402]"
24925.0,2010-12-01T00:00:00.000000000,"[6.38394832611084, 6.559965133666992, 6.053915977478027, 6.537962913513184]","[5.750068187713623, 4.930177688598633, 4.911844253540039, 5.16585636138916]"
24925.0,2011-03-01T00:00:00.000000000,"[6.559965133666992, 6.053915977478027, 6.537962913513184, 6.757984638214111]","[5.208202362060547, 5.041632652282715, 5.107385158538818, 5.558213233947754]"
24925.0,2011-06-01T00:00:00.000000000,"[6.053915977478027, 6.537962913513184, 6.757984638214111, 6.00991153717041]","[5.646919250488281, 5.670462608337402, 5.9902143478393555, 5.602424621582031]"
24925.0,2011-09-01T00:00:00.000000000,"[6.537962913513184, 6.757984638214111, 6.00991153717041, 5.76788854598999]","[5.777909278869629, 5.730271339416504, 5.511966705322266, 5.704634666442871]"
24925.0,2011-12-01T00:00:00.000000000,"[6.757984638214111, 6.00991153717041, 5.76788854598999, 6.273937702178955]","[6.7193403244018555, 5.852573394775391, 5.797842025756836, 6.108968734741211]"
24925.0,2012-03-01T00:00:00.000000000,"[6.00991153717041, 5.76788854598999, 6.273937702178955, 7.132020950317383]","[6.267714977264404, 5.958898067474365, 5.9760894775390625, 6.4394941329956055]"
24925.0,2012-06-01T00:00:00.000000000,"[5.76788854598999, 6.273937702178955, 7.132020950317383, 7.220029354095459]","[6.118617057800293, 6.115869998931885, 6.46674919128418, 5.977600574493408]"
24925.0,2012-09-01T00:00:00.000000000,"[6.273937702178955, 7.132020950317383, 7.220029354095459, 7.57206392288208]","[6.191678047180176, 6.191441535949707, 5.958106994628906, 6.09942626953125]"
24925.0,2012-12-01T00:00:00.000000000,"[7.132020950317383, 7.220029354095459, 7.57206392288208, 7.902095794677734]","[7.004107475280762, 6.253899097442627, 6.129495620727539, 6.411864757537842]"
24925.0,2013-03-01T00:00:00.000000000,"[7.220029354095459, 7.57206392288208, 7.902095794677734, 7.506057262420654]","[6.69908332824707, 6.552788734436035, 6.517616271972656, 6.972601890563965]"
24975.0,2005-06-01T00:00:00.000000000,"[0.7293981313705444, 0.7293981313705444, 0.7073960304260254, 1.0594303607940674]","[0.5755394101142883, 0.48757830262184143, 0.3874770998954773, 0.5107428431510925]"
24975.0,2005-09-01T00:00:00.000000000,"[0.7293981313705444, 0.7073960304260254, 1.0594303607940674, 0.7954046130180359]","[0.7476794123649597, 0.6394478678703308, 0.6815670132637024, 0.6497003436088562]"
24975.0,2005-12-01T00:00:00.000000000,"[0.7073960304260254, 1.0594303607940674, 0.7954046130180359, 0.6853939294815063]","[0.5518485307693481, 0.710381269454956, 0.7022329568862915, 0.6211211681365967]"
24975.0,2006-03-01T00:00:00.000000000,"[1.0594303607940674, 0.7954046130180359, 0.6853939294815063, 0.7734025120735168]","[0.6691659688949585, 0.6464159488677979, 0.6545736789703369, 0.6077382564544678]"
24975.0,2006-06-01T00:00:00.000000000,"[0.7954046130180359, 0.6853939294815063, 0.7734025120735168, 0.7954046130180359]","[0.7809609174728394, 0.7492858171463013, 0.7502063512802124, 0.8252211213111877]"
24975.0,2006-09-01T00:00:00.000000000,"[0.6853939294815063, 0.7734025120735168, 0.7954046130180359, 1.0814324617385864]","[0.729103684425354, 0.8115525245666504, 0.8783103227615356, 0.7992197275161743]"
24975.0,2006-12-01T00:00:00.000000000,"[0.7734025120735168, 0.7954046130180359, 1.0814324617385864, 0.9714217185974121]","[0.6852602958679199, 0.8524566888809204, 0.812329888343811, 0.7645852565765381]"
24975.0,2007-03-01T00:00:00.000000000,"[0.7954046130180359, 1.0814324617385864, 0.9714217185974121, 0.9934238195419312]","[0.8438129425048828, 0.7759115695953369, 0.7643204927444458, 0.7655671834945679]"
24975.0,2007-06-01T00:00:00.000000000,"[1.0814324617385864, 0.9714217185974121, 0.9934238195419312, 1.3674603700637817]","[0.7214117050170898, 0.7215266227722168, 0.7539684772491455, 0.8108549118041992]"
24975.0,2007-09-01T00:00:00.000000000,"[0.9714217185974121, 0.9934238195419312, 1.3674603700637817, 1.2354472875595093]","[0.86541348695755, 0.9717031717300415, 1.006967306137085, 0.9829185009002686]"
24975.0,2007-12-01T00:00:00.000000000,"[0.9934238195419312, 1.3674603700637817, 1.2354472875595093, 1.323456048965454]","[0.8821443319320679, 1.0328505039215088, 1.0219072103500366, 0.9509016275405884]"
24975.0,2008-03-01T00:00:00.000000000,"[1.3674603700637817, 1.2354472875595093, 1.323456048965454, 0.8174067735671997]","[1.018151879310608, 0.9667715430259705, 0.8874233961105347, 0.9485167264938354]"
24975.0,2008-06-01T00:00:00.000000000,"[1.2354472875595093, 1.323456048965454, 0.8174067735671997, 1.7194944620132446]","[1.169677734375, 1.0380973815917969, 1.042582631111145, 1.17051362991333]"
24975.0,2008-12-01T00:00:00.000000000,"[1.323456048965454, 0.8174067735671997, 1.7194944620132446, 1.6754902601242065]","[1.0631184577941895, 1.133549451828003, 1.2541649341583252, 1.1340744495391846]"
24975.0,2009-03-01T00:00:00.000000000,"[0.8174067735671997, 1.7194944620132446, 1.6754902601242065, 1.3894624710083008]","[1.1528942584991455, 1.2270116806030273, 1.168881893157959, 1.1825395822525024]"
24975.0,2009-06-01T00:00:00.000000000,"[1.7194944620132446, 1.6754902601242065, 1.3894624710083008, 1.0154259204864502]","[1.084486961364746, 0.8904060125350952, 0.8547186255455017, 0.9149377942085266]"
24975.0,2009-12-01T00:00:00.000000000,"[1.6754902601242065, 1.3894624710083008, 1.0154259204864502, 1.6754902601242065]","[1.4309139251708984, 1.3281748294830322, 1.303051471710205, 1.453275442123413]"
24975.0,2010-03-01T00:00:00.000000000,"[1.3894624710083008, 1.0154259204864502, 1.6754902601242065, 1.8515071868896484]","[1.42987859249115, 1.3953874111175537, 1.5336511135101318, 1.4507999420166016]"
24975.0,2010-06-01T00:00:00.000000000,"[1.0154259204864502, 1.6754902601242065, 1.8515071868896484, 1.8955113887786865]","[1.2936996221542358, 1.4793092012405396, 1.408827543258667, 1.3052031993865967]"
24975.0,2010-09-01T00:00:00.000000000,"[1.6754902601242065, 1.8515071868896484, 1.8955113887786865, 1.8295050859451294]","[1.3360466957092285, 1.1323192119598389, 1.1007637977600098, 1.108806848526001]"
24975.0,2011-03-01T00:00:00.000000000,"[1.8515071868896484, 1.8955113887786865, 1.8295050859451294, 1.5214751958847046]","[1.640942931175232, 1.4898654222488403, 1.427101969718933, 1.6145904064178467]"
24975.0,2011-06-01T00:00:00.000000000,"[1.8955113887786865, 1.8295050859451294, 1.5214751958847046, 1.9835201501846313]","[1.613338828086853, 1.5552140474319458, 1.6711785793304443, 1.7006139755249023]"
24975.0,2011-12-01T00:00:00.000000000,"[1.8295050859451294, 1.5214751958847046, 1.9835201501846313, 3.127631425857544]","[1.5548574924468994, 1.8979473114013672, 1.9546148777008057, 1.746446967124939]"
24975.0,2012-03-01T00:00:00.000000000,"[1.5214751958847046, 1.9835201501846313, 3.127631425857544, 2.775597333908081]","[1.8569377660751343, 1.8060133457183838, 1.6580861806869507, 1.5660045146942139]"
24975.0,2012-06-01T00:00:00.000000000,"[1.9835201501846313, 3.127631425857544, 2.775597333908081, 2.6435842514038086]","[1.7506885528564453, 1.4765193462371826, 1.4055678844451904, 1.6652309894561768]"
24975.0,2012-09-01T00:00:00.000000000,"[3.127631425857544, 2.775597333908081, 2.6435842514038086, 3.0396230220794678]","[1.8067431449890137, 1.7430393695831299, 1.8773257732391357, 1.9453411102294922]"
24975.0,2012-12-01T00:00:00.000000000,"[2.775597333908081, 2.6435842514038086, 3.0396230220794678, 3.281646251678467]","[2.2482492923736572, 2.457181692123413, 2.4344043731689453, 2.47133731842041]"
24975.0,2013-03-01T00:00:00.000000000,"[2.6435842514038086, 3.0396230220794678, 3.281646251678467, 3.3036487102508545]","[2.489313840866089, 2.6203839778900146, 2.5102994441986084, 2.094449758529663]"
25124.0,2006-06-01T00:00:00.000000000,"[2.775597333908081, 2.8636057376861572, 2.7535951137542725, 2.4455649852752686]","[2.6711249351501465, 2.665569543838501, 2.6559958457946777, 2.5822086334228516]"
25124.0,2006-09-01T00:00:00.000000000,"[2.8636057376861572, 2.7535951137542725, 2.4455649852752686, 2.4895694255828857]","[2.7010855674743652, 2.701817274093628, 2.655690908432007, 2.7231481075286865]"
25124.0,2006-12-01T00:00:00.000000000,"[2.7535951137542725, 2.4455649852752686, 2.4895694255828857, 2.5115716457366943]","[2.7812204360961914, 2.748769998550415, 2.786463975906372, 2.7872443199157715]"
25124.0,2007-03-01T00:00:00.000000000,"[2.4455649852752686, 2.4895694255828857, 2.5115716457366943, 2.533573627471924]","[2.6639580726623535, 2.814197540283203, 2.798471212387085, 2.7749788761138916]"
25124.0,2007-06-01T00:00:00.000000000,"[2.4895694255828857, 2.5115716457366943, 2.533573627471924, 2.115532875061035]","[2.6598405838012695, 2.6689982414245605, 2.6583642959594727, 2.5883066654205322]"
25124.0,2007-09-01T00:00:00.000000000,"[2.5115716457366943, 2.533573627471924, 2.115532875061035, 2.3575565814971924]","[2.6174521446228027, 2.583127975463867, 2.5436201095581055, 2.627220630645752]"
25124.0,2007-12-01T00:00:00.000000000,"[2.533573627471924, 2.115532875061035, 2.3575565814971924, 2.4015607833862305]","[2.5816571712493896, 2.542534828186035, 2.603461980819702, 2.6207776069641113]"
25124.0,2008-03-01T00:00:00.000000000,"[2.115532875061035, 2.3575565814971924, 2.4015607833862305, 2.4015607833862305]","[2.4576973915100098, 2.6442999839782715, 2.6919193267822266, 2.627469539642334]"
25124.0,2008-06-01T00:00:00.000000000,"[2.3575565814971924, 2.4015607833862305, 2.4015607833862305, 2.313552141189575]","[2.4154775142669678, 2.504587411880493, 2.537249803543091, 2.43656849861145]"
25124.0,2008-09-01T00:00:00.000000000,"[2.4015607833862305, 2.4015607833862305, 2.313552141189575, 2.5115716457366943]","[2.420724868774414, 2.381176471710205, 2.36747670173645, 2.4462428092956543]"
25124.0,2008-12-01T00:00:00.000000000,"[2.4015607833862305, 2.313552141189575, 2.5115716457366943, 2.5995800495147705]","[2.4036648273468018, 2.3912289142608643, 2.4820847511291504, 2.480928659439087]"
25124.0,2009-03-01T00:00:00.000000000,"[2.313552141189575, 2.5115716457366943, 2.5995800495147705, 2.6435842514038086]","[2.3909127712249756, 2.5279300212860107, 2.5231757164001465, 2.4839186668395996]"
25124.0,2009-06-01T00:00:00.000000000,"[2.5115716457366943, 2.5995800495147705, 2.6435842514038086, 2.929612159729004]","[2.4562549591064453, 2.5785598754882812, 2.5476911067962646, 2.4249136447906494]"
25124.0,2009-09-01T00:00:00.000000000,"[2.5995800495147705, 2.6435842514038086, 2.929612159729004, 3.083627223968506]","[2.4245924949645996, 2.4385135173797607, 2.4190196990966797, 2.4418418407440186]"
25124.0,2009-12-01T00:00:00.000000000,"[2.6435842514038086, 2.929612159729004, 3.083627223968506, 3.017620801925659]","[2.5200281143188477, 2.4880897998809814, 2.5032124519348145, 2.511596441268921]"
25434.0,2006-06-01T00:00:00.000000000,"[0.047331858426332474, 0.11333828419446945, 0.17934469878673553, 0.025329740718007088]","[-0.13142184913158417, -0.10548804700374603, 0.010628372430801392, -0.15595367550849915]"
25434.0,2006-09-01T00:00:00.000000000,"[0.11333828419446945, 0.17934469878673553, 0.025329740718007088, 0.2233489453792572]","[-0.00039827823638916016, 0.026275157928466797, -0.06870514154434204, -0.05499914288520813]"
25434.0,2006-12-01T00:00:00.000000000,"[0.17934469878673553, 0.025329740718007088, 0.2233489453792572, 0.2453511357307434]","[0.14265328645706177, -0.01966497302055359, -0.017375141382217407, 0.017339736223220825]"
25434.0,2007-03-01T00:00:00.000000000,"[0.025329740718007088, 0.2233489453792572, 0.2453511357307434, 0.3113575577735901]","[0.032363682985305786, 0.01490873098373413, 0.013892501592636108, 0.09982320666313171]"
25434.0,2007-06-01T00:00:00.000000000,"[0.2233489453792572, 0.2453511357307434, 0.3113575577735901, 0.15734252333641052]","[-0.008380204439163208, 0.008027255535125732, 0.1151241660118103, -0.047336846590042114]"
25434.0,2007-09-01T00:00:00.000000000,"[0.2453511357307434, 0.3113575577735901, 0.15734252333641052, 0.37736397981643677]","[0.14695128798484802, 0.15969863533973694, 0.074256032705307, 0.10898822546005249]"
25434.0,2007-12-01T00:00:00.000000000,"[0.3113575577735901, 0.15734252333641052, 0.37736397981643677, 0.5313789248466492]","[0.2901756167411804, 0.11427216231822968, 0.12343807518482208, 0.1576491743326187]"
25434.0,2008-03-01T00:00:00.000000000,"[0.15734252333641052, 0.37736397981643677, 0.5313789248466492, 0.44337034225463867]","[0.16780807077884674, 0.1687784343957901, 0.1658765822649002, 0.24335943162441254]"
25434.0,2008-06-01T00:00:00.000000000,"[0.37736397981643677, 0.5313789248466492, 0.44337034225463867, 0.2893553674221039]","[0.15007072687149048, 0.15782716870307922, 0.24158519506454468, 0.10107779502868652]"
25434.0,2008-09-01T00:00:00.000000000,"[0.5313789248466492, 0.44337034225463867, 0.2893553674221039, 0.5093768239021301]","[0.30842363834381104, 0.30250006914138794, 0.2368672490119934, 0.2768332362174988]"
25434.0,2008-12-01T00:00:00.000000000,"[0.44337034225463867, 0.2893553674221039, 0.5093768239021301, 0.5093768239021301]","[0.5176482200622559, 0.3419884443283081, 0.35852786898612976, 0.3834947645664215]"
25434.0,2009-03-01T00:00:00.000000000,"[0.2893553674221039, 0.5093768239021301, 0.5093768239021301, 0.575383186340332]","[0.31574517488479614, 0.3418015241622925, 0.3533867597579956, 0.39605093002319336]"
25434.0,2009-06-01T00:00:00.000000000,"[0.5093768239021301, 0.5093768239021301, 0.575383186340332, 0.4653724431991577]","[0.32902809977531433, 0.33811676502227783, 0.3526478409767151, 0.28414538502693176]"
25434.0,2009-09-01T00:00:00.000000000,"[0.5093768239021301, 0.575383186340332, 0.4653724431991577, 0.6633917689323425]","[0.4954010248184204, 0.45623070001602173, 0.3835541307926178, 0.4515555500984192]"
25434.0,2009-12-01T00:00:00.000000000,"[0.575383186340332, 0.4653724431991577, 0.6633917689323425, 0.6633917689323425]","[0.565517246723175, 0.43242815136909485, 0.45590031147003174, 0.49158912897109985]"
25434.0,2010-03-01T00:00:00.000000000,"[0.4653724431991577, 0.6633917689323425, 0.6633917689323425, 0.7954046130180359]","[0.40849751234054565, 0.48041197657585144, 0.4854811429977417, 0.540501594543457]"
25434.0,2010-06-01T00:00:00.000000000,"[0.6633917689323425, 0.6633917689323425, 0.7954046130180359, 0.6193875670433044]","[0.46259480714797974, 0.49163103103637695, 0.5458036065101624, 0.41002100706100464]"
25434.0,2010-09-01T00:00:00.000000000,"[0.6633917689323425, 0.7954046130180359, 0.6193875670433044, 1.0154259204864502]","[0.6366531848907471, 0.609266459941864, 0.5332237482070923, 0.5856471061706543]"
25434.0,2010-12-01T00:00:00.000000000,"[0.7954046130180359, 0.6193875670433044, 1.0154259204864502, 0.8394088745117188]","[0.7198118567466736, 0.5517657399177551, 0.569205105304718, 0.6266196966171265]"
25434.0,2011-03-01T00:00:00.000000000,"[0.6193875670433044, 1.0154259204864502, 0.8394088745117188, 1.0374282598495483]","[0.5945855975151062, 0.655545711517334, 0.6586505174636841, 0.7243098020553589]"
25434.0,2011-06-01T00:00:00.000000000,"[1.0154259204864502, 0.8394088745117188, 1.0374282598495483, 0.003327556187286973]","[0.6167744398117065, 0.664033830165863, 0.7351582050323486, 0.5548718571662903]"
25434.0,2011-09-01T00:00:00.000000000,"[0.8394088745117188, 1.0374282598495483, 0.003327556187286973, -1.7128393650054932]","[0.8895560503005981, 0.8446110486984253, 0.7529650926589966, 0.8352298736572266]"
25434.0,2011-12-01T00:00:00.000000000,"[1.0374282598495483, 0.003327556187286973, -1.7128393650054932, 0.42136821150779724]","[0.9125517010688782, 0.7098655104637146, 0.7629695534706116, 0.7911155223846436]"
25434.0,2012-03-01T00:00:00.000000000,"[0.003327556187286973, -1.7128393650054932, 0.42136821150779724, 0.6413896679878235]","[0.7922748923301697, 0.8907982110977173, 0.8724344968795776, 0.9426960349082947]"
25434.0,2012-06-01T00:00:00.000000000,"[-1.7128393650054932, 0.42136821150779724, 0.6413896679878235, 0.6633917689323425]","[0.4367768168449402, 0.47108471393585205, 0.6409701704978943, 0.3949064314365387]"
25434.0,2012-09-01T00:00:00.000000000,"[0.42136821150779724, 0.6413896679878235, 0.6633917689323425, 1.5214751958847046]","[-0.5543566942214966, -0.4933764934539795, -0.4753381609916687, -0.2435501664876938]"
25434.0,2012-12-01T00:00:00.000000000,"[0.6413896679878235, 0.6633917689323425, 1.5214751958847046, 1.499472975730896]","[0.2816165089607239, 0.07435591518878937, 0.24096952378749847, 0.493917852640152]"
25434.0,2013-03-01T00:00:00.000000000,"[0.6633917689323425, 1.5214751958847046, 1.499472975730896, 0.8834132552146912]","[0.42839616537094116, 0.46333569288253784, 0.8150807023048401, 0.9428737163543701]"
27928.0,2006-06-01T00:00:00.000000000,"[7.066014289855957, -0.722743034362793, -0.920762300491333, -0.8327537775039673]","[4.437579154968262, -0.7789438962936401, -1.0723991394042969, 0.23482094705104828]"
27928.0,2006-09-01T00:00:00.000000000,"[-0.722743034362793, -0.920762300491333, -0.8327537775039673, 5.569868564605713]","[0.7543622255325317, 0.8884364366531372, 2.6829206943511963, 4.150308609008789]"
27928.0,2006-12-01T00:00:00.000000000,"[-0.920762300491333, -0.8327537775039673, 5.569868564605713, -0.8107516169548035]","[-0.9920561909675598, 0.5948333740234375, 6.016264915466309, -1.0936176776885986]"
27928.0,2007-03-01T00:00:00.000000000,"[-0.8327537775039673, 5.569868564605713, -0.8107516169548035, -0.5027216672897339]","[1.8328546285629272, 6.219073295593262, 0.13339540362358093, -2.0913777351379395]"
27928.0,2007-06-01T00:00:00.000000000,"[5.569868564605713, -0.8107516169548035, -0.5027216672897339, -0.15068741142749786]","[5.003676891326904, -0.821793794631958, -1.0715833902359009, 0.28220802545547485]"
27928.0,2007-09-01T00:00:00.000000000,"[-0.8107516169548035, -0.5027216672897339, -0.15068741142749786, 6.8459930419921875]","[0.42846807837486267, 0.3191610276699066, 2.1053566932678223, 3.656830072402954]"
27928.0,2007-12-01T00:00:00.000000000,"[-0.5027216672897339, -0.15068741142749786, 6.8459930419921875, -0.5247237682342529]","[-1.0546529293060303, 0.44270187616348267, 5.894106388092041, -1.0935628414154053]"
27928.0,2008-03-01T00:00:00.000000000,"[-0.15068741142749786, 6.8459930419921875, -0.5247237682342529, -0.5687280893325806]","[1.9127392768859863, 6.461885929107666, 0.35290879011154175, -1.877634048461914]"
27928.0,2008-06-01T00:00:00.000000000,"[6.8459930419921875, -0.5247237682342529, -0.5687280893325806, -0.12868529558181763]","[5.375912666320801, -0.5804752111434937, -0.7869464159011841, 0.4878140687942505]"
27928.0,2008-09-01T00:00:00.000000000,"[-0.5247237682342529, -0.5687280893325806, -0.12868529558181763, 7.880094051361084]","[0.6109029650688171, 0.5419159531593323, 2.4380879402160645, 4.133617401123047]"
27928.0,2008-12-01T00:00:00.000000000,"[-0.5687280893325806, -0.12868529558181763, 7.880094051361084, -0.2606981098651886]","[-0.9870052933692932, 0.5349000692367554, 6.654560089111328, -1.037031888961792]"
27928.0,2009-03-01T00:00:00.000000000,"[-0.12868529558181763, 7.880094051361084, -0.2606981098651886, -0.45871737599372864]","[2.1294901371002197, 7.122194290161133, 0.508131206035614, -1.8622350692749023]"
27928.0,2009-06-01T00:00:00.000000000,"[7.880094051361084, -0.2606981098651886, -0.45871737599372864, 0.06933397799730301]","[5.861932754516602, -0.5074569582939148, -0.6594623923301697, 0.5951802730560303]"
27928.0,2009-09-01T00:00:00.000000000,"[-0.2606981098651886, -0.45871737599372864, 0.06933397799730301, 9.904291152954102]","[0.7463586330413818, 0.6851260662078857, 2.756096601486206, 4.6058030128479]"
27928.0,2009-12-01T00:00:00.000000000,"[-0.45871737599372864, 0.06933397799730301, 9.904291152954102, 0.003327556187286973]","[-0.9611291885375977, 0.6024826765060425, 7.355340480804443, -0.9533045291900635]"
27928.0,2010-03-01T00:00:00.000000000,"[0.06933397799730301, 9.904291152954102, 0.003327556187286973, -0.06267886608839035]","[2.3302931785583496, 7.8091349601745605, 0.7101356983184814, -1.8206326961517334]"
27928.0,2010-06-01T00:00:00.000000000,"[9.904291152954102, 0.003327556187286973, -0.06267886608839035, 1.499472975730896]","[6.464733123779297, -0.39463841915130615, -0.5407253503799438, 0.7637823224067688]"
27928.0,2010-09-01T00:00:00.000000000,"[0.003327556187286973, -0.06267886608839035, 1.499472975730896, 11.51044750213623]","[1.081701636314392, 1.130387544631958, 3.483942985534668, 5.590580940246582]"
27928.0,2010-12-01T00:00:00.000000000,"[-0.06267886608839035, 1.499472975730896, 11.51044750213623, -0.898760199546814]","[-0.9131424427032471, 0.7973591685295105, 8.50514030456543, -0.8864495754241943]"
27928.0,2011-03-01T00:00:00.000000000,"[1.499472975730896, 11.51044750213623, -0.898760199546814, 0.20134682953357697]","[2.817549228668213, 9.005614280700684, 1.059299349784851, -1.818982481956482]"
27928.0,2011-06-01T00:00:00.000000000,"[11.51044750213623, -0.898760199546814, 0.20134682953357697, 1.8515071868896484]","[7.949995994567871, 0.12029790878295898, -0.23189008235931396, 1.3082865476608276]"
27928.0,2011-09-01T00:00:00.000000000,"[-0.898760199546814, 0.20134682953357697, 1.8515071868896484, 9.17821979522705]","[1.4405055046081543, 1.5178295373916626, 4.149318218231201, 6.560698509216309]"
27928.0,2011-12-01T00:00:00.000000000,"[0.20134682953357697, 1.8515071868896484, 9.17821979522705, 3.281646251678467]","[-0.9472259283065796, 0.876858651638031, 9.695100784301758, -0.9191151857376099]"
27928.0,2012-03-01T00:00:00.000000000,"[1.8515071868896484, 9.17821979522705, 3.281646251678467, 1.3674603700637817]","[3.191175937652588, 10.075851440429688, 1.290529489517212, -1.799972414970398]"
27928.0,2012-06-01T00:00:00.000000000,"[9.17821979522705, 3.281646251678467, 1.3674603700637817, 0.7954046130180359]","[9.245084762573242, 0.3343777656555176, -0.04480099678039551, 1.697486162185669]"
27928.0,2012-09-01T00:00:00.000000000,"[3.281646251678467, 1.3674603700637817, 0.7954046130180359, 12.654558181762695]","[1.2135521173477173, 1.0045725107192993, 3.6296510696411133, 6.031340599060059]"
27928.0,2012-12-01T00:00:00.000000000,"[1.3674603700637817, 0.7954046130180359, 12.654558181762695, 3.633680582046509]","[-0.12901830673217773, 1.984147310256958, 10.206709861755371, 0.02788400650024414]"
27928.0,2013-03-01T00:00:00.000000000,"[0.7954046130180359, 12.654558181762695, 3.633680582046509, 2.665586471557617]","[4.05046272277832, 10.983013153076172, 2.0250084400177, -1.1731585264205933]"
27965.0,2006-06-01T00:00:00.000000000,"[0.047331858426332474, 0.036330800503492355, 0.003327556187286973, 0.047331858426332474]","[-0.0408448725938797, -0.07404044270515442, -0.12206549942493439, -0.08518756926059723]"
27965.0,2006-09-01T00:00:00.000000000,"[0.036330800503492355, 0.003327556187286973, 0.047331858426332474, 0.05833292007446289]","[-0.009069502353668213, -0.057007431983947754, -0.07167941331863403, -0.02741861343383789]"
27965.0,2006-12-01T00:00:00.000000000,"[0.003327556187286973, 0.047331858426332474, 0.05833292007446289, 0.025329740718007088]","[-0.052599236369132996, -0.043957799673080444, -0.04747261106967926, -0.022220879793167114]"
27965.0,2007-03-01T00:00:00.000000000,"[0.047331858426332474, 0.05833292007446289, 0.025329740718007088, 0.003327556187286973]","[-0.024734914302825928, -0.022720307111740112, -0.024780631065368652, -0.06557914614677429]"
27965.0,2007-06-01T00:00:00.000000000,"[0.05833292007446289, 0.025329740718007088, 0.003327556187286973, 0.06933397799730301]","[0.034821122884750366, -0.021603941917419434, -0.0722433477640152, -0.03223596513271332]"
27965.0,2007-09-01T00:00:00.000000000,"[0.025329740718007088, 0.003327556187286973, 0.06933397799730301, 0.2233489453792572]","[0.05141657590866089, -0.018549278378486633, -0.028521090745925903, 0.025924578309059143]"
27965.0,2007-12-01T00:00:00.000000000,"[0.003327556187286973, 0.06933397799730301, 0.2233489453792572, 0.33335965871810913]","[-0.021059155464172363, -0.011747494339942932, 0.0009719133377075195, 0.022125229239463806]"
27965.0,2008-03-01T00:00:00.000000000,"[0.06933397799730301, 0.2233489453792572, 0.33335965871810913, 0.4543713927268982]","[0.0012317001819610596, 0.01648978888988495, 0.015375226736068726, -0.005194529891014099]"
27965.0,2008-06-01T00:00:00.000000000,"[0.2233489453792572, 0.33335965871810913, 0.4543713927268982, 0.575383186340332]","[0.06130494177341461, 0.008495375514030457, -0.030462950468063354, 0.009090781211853027]"
27965.0,2008-09-01T00:00:00.000000000,"[0.33335965871810913, 0.4543713927268982, 0.575383186340332, 0.740399181842804]","[0.1399935930967331, 0.08702772855758667, 0.08319675922393799, 0.13527990877628326]"
27965.0,2008-12-01T00:00:00.000000000,"[0.4543713927268982, 0.575383186340332, 0.740399181842804, 0.8504099249839783]","[0.14434106647968292, 0.16621260344982147, 0.18207068741321564, 0.2044399231672287]"
27965.0,2009-03-01T00:00:00.000000000,"[0.575383186340332, 0.740399181842804, 0.8504099249839783, 0.7954046130180359]","[0.24752473831176758, 0.281757652759552, 0.3036903440952301, 0.24532970786094666]"
27965.0,2009-06-01T00:00:00.000000000,"[0.740399181842804, 0.8504099249839783, 0.7954046130180359, 0.8394088745117188]","[0.38370901346206665, 0.2966448664665222, 0.2525596022605896, 0.28679317235946655]"
27965.0,2009-09-01T00:00:00.000000000,"[0.8504099249839783, 0.7954046130180359, 0.8394088745117188, 1.0704313516616821]","[0.51833176612854, 0.3628346025943756, 0.33885303139686584, 0.41990146040916443]"
27965.0,2009-12-01T00:00:00.000000000,"[0.7954046130180359, 0.8394088745117188, 1.0704313516616821, 1.2904525995254517]","[0.5501922965049744, 0.4945416748523712, 0.49405667185783386, 0.5483272075653076]"
27965.0,2010-03-01T00:00:00.000000000,"[0.8394088745117188, 1.0704313516616821, 1.2904525995254517, 1.125436782836914]","[0.5724801421165466, 0.5553874969482422, 0.5447590947151184, 0.5732871294021606]"
27965.0,2010-06-01T00:00:00.000000000,"[1.0704313516616821, 1.2904525995254517, 1.125436782836914, 0.9274174571037292]","[0.6790485978126526, 0.5911213159561157, 0.5637215375900269, 0.634449303150177]"
27965.0,2010-09-01T00:00:00.000000000,"[1.2904525995254517, 1.125436782836914, 0.9274174571037292, 0.8504099249839783]","[0.8209244608879089, 0.677408754825592, 0.6568446159362793, 0.7739191651344299]"
27965.0,2010-12-01T00:00:00.000000000,"[1.125436782836914, 0.9274174571037292, 0.8504099249839783, 0.8724120259284973]","[0.8772520422935486, 0.7836792469024658, 0.8124024271965027, 0.8787708878517151]"
27965.0,2011-03-01T00:00:00.000000000,"[0.9274174571037292, 0.8504099249839783, 0.8724120259284973, 0.7514004111289978]","[0.8560535907745361, 0.8495997786521912, 0.921444296836853, 0.7667585015296936]"
27965.0,2011-06-01T00:00:00.000000000,"[0.8504099249839783, 0.8724120259284973, 0.7514004111289978, 0.9054153561592102]","[0.9412326812744141, 0.8350285291671753, 0.713733434677124, 0.7296030521392822]"
27965.0,2011-09-01T00:00:00.000000000,"[0.8724120259284973, 0.7514004111289978, 0.9054153561592102, 1.0154259204864502]","[0.9804964065551758, 0.7415303587913513, 0.7281392216682434, 0.8346831798553467]"
27965.0,2011-12-01T00:00:00.000000000,"[0.7514004111289978, 0.9054153561592102, 1.0154259204864502, 1.0154259204864502]","[0.9632362723350525, 0.8840378522872925, 0.8863793611526489, 0.9336341023445129]"
27965.0,2012-03-01T00:00:00.000000000,"[0.9054153561592102, 1.0154259204864502, 1.0154259204864502, 1.0814324617385864]","[0.9027731418609619, 0.8634320497512817, 0.8687047958374023, 0.8489384651184082]"
27965.0,2012-06-01T00:00:00.000000000,"[1.0154259204864502, 1.0154259204864502, 1.0814324617385864, 1.3344571590423584]","[0.9917713403701782, 0.9232156276702881, 0.8753190040588379, 0.924085259437561]"
27965.0,2012-09-01T00:00:00.000000000,"[1.0154259204864502, 1.0814324617385864, 1.3344571590423584, 1.477470874786377]","[1.0730892419815063, 0.9688286781311035, 0.9701687097549438, 1.0322545766830444]"
27965.0,2012-12-01T00:00:00.000000000,"[1.0814324617385864, 1.3344571590423584, 1.477470874786377, 1.6534881591796875]","[1.0206890106201172, 1.0537583827972412, 1.074780821800232, 1.092081904411316]"
27965.0,2013-03-01T00:00:00.000000000,"[1.3344571590423584, 1.477470874786377, 1.6534881591796875, 1.9395159482955933]","[1.0893503427505493, 1.1315782070159912, 1.1248451471328735, 1.0815829038619995]"
28180.0,2006-06-01T00:00:00.000000000,"[3.5016677379608154, 3.831699848175049, 3.171635627746582, 3.831699848175049]","[2.899153709411621, 2.5950348377227783, 2.294142246246338, 2.4580795764923096]"
28180.0,2006-09-01T00:00:00.000000000,"[3.831699848175049, 3.171635627746582, 3.831699848175049, 4.57977294921875]","[3.2544617652893066, 2.650212287902832, 2.6526060104370117, 2.9816670417785645]"
28180.0,2006-12-01T00:00:00.000000000,"[3.171635627746582, 3.831699848175049, 4.57977294921875, 4.865800380706787]","[3.027935028076172, 3.0764288902282715, 3.1955080032348633, 3.2676444053649902]"
28180.0,2007-03-01T00:00:00.000000000,"[3.831699848175049, 4.57977294921875, 4.865800380706787, 4.117727756500244]","[3.001211166381836, 3.1689982414245605, 3.2925233840942383, 2.698913097381592]"
28180.0,2007-06-01T00:00:00.000000000,"[4.57977294921875, 4.865800380706787, 4.117727756500244, 4.9978132247924805]","[3.775674819946289, 3.3517236709594727, 3.0351829528808594, 3.318057060241699]"
28180.0,2007-09-01T00:00:00.000000000,"[4.865800380706787, 4.117727756500244, 4.9978132247924805, 5.129826545715332]","[4.288249969482422, 3.5470170974731445, 3.589263439178467, 3.94435977935791]"
28180.0,2007-12-01T00:00:00.000000000,"[4.117727756500244, 4.9978132247924805, 5.129826545715332, 5.679879665374756]","[3.9203052520751953, 4.044295787811279, 4.162707805633545, 4.265951156616211]"
28180.0,2008-03-01T00:00:00.000000000,"[4.9978132247924805, 5.129826545715332, 5.679879665374756, 4.9978132247924805]","[3.9478628635406494, 4.073965549468994, 4.216533660888672, 3.6648294925689697]"
28180.0,2008-06-01T00:00:00.000000000,"[5.129826545715332, 5.679879665374756, 4.9978132247924805, 5.019815444946289]","[4.879069805145264, 4.35087776184082, 4.045260429382324, 4.399195194244385]"
28180.0,2008-09-01T00:00:00.000000000,"[5.679879665374756, 4.9978132247924805, 5.019815444946289, 5.987909317016602]","[5.16587495803833, 4.276845455169678, 4.356900691986084, 4.739621162414551]"
28180.0,2008-12-01T00:00:00.000000000,"[4.9978132247924805, 5.019815444946289, 5.987909317016602, 6.38394832611084]","[4.800346374511719, 4.997254371643066, 5.123907566070557, 5.223415851593018]"
28180.0,2009-03-01T00:00:00.000000000,"[5.019815444946289, 5.987909317016602, 6.38394832611084, 5.679879665374756]","[4.941744804382324, 5.007173538208008, 5.093547821044922, 4.684176445007324]"
28180.0,2009-06-01T00:00:00.000000000,"[5.987909317016602, 6.38394832611084, 5.679879665374756, 7.242031574249268]","[5.459583282470703, 5.004140853881836, 4.66776180267334, 4.977059841156006]"
28180.0,2009-09-01T00:00:00.000000000,"[6.38394832611084, 5.679879665374756, 7.242031574249268, 8.716175079345703]","[6.026278495788574, 5.170472145080566, 5.185982704162598, 5.6207451820373535]"
28180.0,2009-12-01T00:00:00.000000000,"[5.679879665374756, 7.242031574249268, 8.716175079345703, 9.20022201538086]","[5.5216169357299805, 5.742448329925537, 5.9165849685668945, 6.0589141845703125]"
28180.0,2010-03-01T00:00:00.000000000,"[7.242031574249268, 8.716175079345703, 9.20022201538086, 7.484055042266846]","[5.608695030212402, 5.958070755004883, 6.123678207397461, 5.447307109832764]"
28180.0,2010-06-01T00:00:00.000000000,"[8.716175079345703, 9.20022201538086, 7.484055042266846, 8.210125923156738]","[6.937216758728027, 6.5301408767700195, 6.087578296661377, 6.468021869659424]"
28180.0,2010-09-01T00:00:00.000000000,"[9.20022201538086, 7.484055042266846, 8.210125923156738, 9.222225189208984]","[7.934386253356934, 6.91554594039917, 7.0329484939575195, 7.501164436340332]"
28180.0,2010-12-01T00:00:00.000000000,"[7.484055042266846, 8.210125923156738, 9.222225189208984, 10.476346015930176]","[7.259721755981445, 7.589983940124512, 7.815352439880371, 8.007599830627441]"
28180.0,2011-03-01T00:00:00.000000000,"[8.210125923156738, 9.222225189208984, 10.476346015930176, 8.650168418884277]","[7.101259231567383, 7.370725154876709, 7.732393264770508, 6.909121990203857]"
28180.0,2011-06-01T00:00:00.000000000,"[9.222225189208984, 10.476346015930176, 8.650168418884277, 8.034109115600586]","[8.293349266052246, 7.555976390838623, 7.055091381072998, 7.664715766906738]"
28180.0,2011-09-01T00:00:00.000000000,"[10.476346015930176, 8.650168418884277, 8.034109115600586, 14.920778274536133]","[9.307611465454102, 7.855207443237305, 7.934866428375244, 8.591861724853516]"
28180.0,2011-12-01T00:00:00.000000000,"[8.650168418884277, 8.034109115600586, 14.920778274536133, 14.854772567749023]","[8.697698593139648, 8.96815299987793, 9.175251007080078, 9.490865707397461]"
28180.0,2012-03-01T00:00:00.000000000,"[8.034109115600586, 14.920778274536133, 14.854772567749023, 11.180415153503418]","[8.390987396240234, 8.708489418029785, 9.191851615905762, 8.062655448913574]"
28180.0,2012-06-01T00:00:00.000000000,"[14.920778274536133, 14.854772567749023, 11.180415153503418, 14.832769393920898]","[8.930917739868164, 8.432191848754883, 7.848191738128662, 8.333552360534668]"
28180.0,2012-09-01T00:00:00.000000000,"[14.854772567749023, 11.180415153503418, 14.832769393920898, 17.627042770385742]","[12.791524887084961, 11.030166625976562, 10.956815719604492, 12.078895568847656]"
28180.0,2012-12-01T00:00:00.000000000,"[11.180415153503418, 14.832769393920898, 17.627042770385742, 17.05498504638672]","[11.550003051757812, 11.864625930786133, 12.581117630004883, 12.736745834350586]"
28180.0,2013-03-01T00:00:00.000000000,"[14.832769393920898, 17.627042770385742, 17.05498504638672, 16.10889434814453]","[10.193161010742188, 11.538191795349121, 12.452271461486816, 9.890076637268066]"
28320.0,2000-06-01T00:00:00.000000000,"[0.7734025120735168, 0.7073960304260254, 0.5973852872848511, 0.5313789248466492]","[0.7500138878822327, 0.7225193977355957, 0.7181649804115295, 0.8515768647193909]"
28320.0,2000-09-01T00:00:00.000000000,"[0.7073960304260254, 0.5973852872848511, 0.5313789248466492, 1.0814324617385864]","[0.8400090932846069, 0.8501195907592773, 0.9520047903060913, 1.0681296586990356]"
28320.0,2000-12-01T00:00:00.000000000,"[0.5973852872848511, 0.5313789248466492, 1.0814324617385864, 1.147438883781433]","[0.6549577116966248, 0.6774085760116577, 0.8731006979942322, 0.9807193279266357]"
28320.0,2001-03-01T00:00:00.000000000,"[0.5313789248466492, 1.0814324617385864, 1.147438883781433, 0.9054153561592102]","[0.6560845971107483, 0.8030816316604614, 0.9089901447296143, 0.8915328979492188]"
28320.0,2001-06-01T00:00:00.000000000,"[1.0814324617385864, 1.147438883781433, 0.9054153561592102, 0.7734025120735168]","[0.649426281452179, 0.7148429751396179, 0.6887898445129395, 0.7816451787948608]"
28320.0,2001-09-01T00:00:00.000000000,"[1.147438883781433, 0.9054153561592102, 0.7734025120735168, 1.3454581499099731]","[0.9337465167045593, 0.9395495653152466, 1.018383264541626, 1.1215648651123047]"
28320.0,2001-12-01T00:00:00.000000000,"[0.9054153561592102, 0.7734025120735168, 1.3454581499099731, 1.4334666728973389]","[0.9278464317321777, 1.0431820154190063, 1.2155706882476807, 1.23612642288208]"
28320.0,2002-03-01T00:00:00.000000000,"[0.7734025120735168, 1.3454581499099731, 1.4334666728973389, 1.1914430856704712]","[0.9095213413238525, 1.124485731124878, 1.236182689666748, 1.1167120933532715]"
28320.0,2002-06-01T00:00:00.000000000,"[1.3454581499099731, 1.4334666728973389, 1.1914430856704712, 0.9494196176528931]","[1.076211929321289, 1.0840988159179688, 1.0309677124023438, 1.0646588802337646]"
28320.0,2002-09-01T00:00:00.000000000,"[1.4334666728973389, 1.1914430856704712, 0.9494196176528931, 1.5654793977737427]","[1.1750071048736572, 1.1359302997589111, 1.1437207460403442, 1.2742292881011963]"
28320.0,2002-12-01T00:00:00.000000000,"[1.1914430856704712, 0.9494196176528931, 1.5654793977737427, 1.6754902601242065]","[1.0625563859939575, 1.2061041593551636, 1.3562421798706055, 1.4033775329589844]"
28320.0,2003-03-01T00:00:00.000000000,"[0.9494196176528931, 1.5654793977737427, 1.6754902601242065, 1.477470874786377]","[1.06229829788208, 1.3639658689498901, 1.5212161540985107, 1.228158950805664]"
28320.0,2003-06-01T00:00:00.000000000,"[1.5654793977737427, 1.6754902601242065, 1.477470874786377, 1.6094835996627808]","[1.2282344102859497, 1.2143293619155884, 1.0949482917785645, 1.1309480667114258]"
28320.0,2003-09-01T00:00:00.000000000,"[1.6754902601242065, 1.477470874786377, 1.6094835996627808, 2.335554361343384]","[1.4086239337921143, 1.2173948287963867, 1.1735115051269531, 1.392323613166809]"
28320.0,2003-12-01T00:00:00.000000000,"[1.477470874786377, 1.6094835996627808, 2.335554361343384, 2.42356276512146]","[1.2657980918884277, 1.4160826206207275, 1.5365086793899536, 1.5502393245697021]"
28320.0,2004-03-01T00:00:00.000000000,"[1.6094835996627808, 2.335554361343384, 2.42356276512146, 2.2035415172576904]","[1.2436960935592651, 1.5999462604522705, 1.6895415782928467, 1.4023957252502441]"
28320.0,2004-06-01T00:00:00.000000000,"[2.335554361343384, 2.42356276512146, 2.2035415172576904, 2.027524471282959]","[1.6358284950256348, 1.5373203754425049, 1.357303500175476, 1.4012593030929565]"
28320.0,2004-09-01T00:00:00.000000000,"[2.42356276512146, 2.2035415172576904, 2.027524471282959, 2.819601535797119]","[1.860039472579956, 1.5365264415740967, 1.4207789897918701, 1.7971863746643066]"
28320.0,2004-12-01T00:00:00.000000000,"[2.2035415172576904, 2.027524471282959, 2.819601535797119, 3.0396230220794678]","[1.5669095516204834, 1.5487313270568848, 1.7683768272399902, 1.7092841863632202]"
28320.0,2005-03-01T00:00:00.000000000,"[2.027524471282959, 2.819601535797119, 3.0396230220794678, 2.7535951137542725]","[1.6063779592514038, 1.9068596363067627, 2.023221731185913, 1.5989611148834229]"
28320.0,2005-06-01T00:00:00.000000000,"[2.819601535797119, 3.0396230220794678, 2.7535951137542725, 2.335554361343384]","[2.020132064819336, 1.7803826332092285, 1.4724111557006836, 1.4460186958312988]"
28320.0,2005-09-01T00:00:00.000000000,"[3.0396230220794678, 2.7535951137542725, 2.335554361343384, 2.7315926551818848]","[2.386569023132324, 1.725519061088562, 1.4897899627685547, 1.9970057010650635]"
28320.0,2005-12-01T00:00:00.000000000,"[2.7535951137542725, 2.335554361343384, 2.7315926551818848, 3.325650691986084]","[2.1384572982788086, 1.9542418718338013, 2.1359167098999023, 2.1092429161071777]"
28320.0,2006-03-01T00:00:00.000000000,"[2.335554361343384, 2.7315926551818848, 3.325650691986084, 3.3036487102508545]","[2.0445556640625, 2.3531076908111572, 2.4578962326049805, 1.906252384185791]"
28320.0,2006-06-01T00:00:00.000000000,"[2.7315926551818848, 3.325650691986084, 3.3036487102508545, 3.127631425857544]","[2.500783920288086, 2.250551223754883, 1.8027665615081787, 1.623980164527893]"
28320.0,2006-09-01T00:00:00.000000000,"[3.325650691986084, 3.3036487102508545, 3.127631425857544, 3.7436912059783936]","[2.6577577590942383, 1.8941435813903809, 1.6188795566558838, 2.2029073238372803]"
28320.0,2006-12-01T00:00:00.000000000,"[3.3036487102508545, 3.127631425857544, 3.7436912059783936, 3.98571515083313]","[2.6732568740844727, 2.3941240310668945, 2.4895122051239014, 2.555112361907959]"
28320.0,2007-03-01T00:00:00.000000000,"[3.127631425857544, 3.7436912059783936, 3.98571515083313, 3.875704050064087]","[2.6107969284057617, 3.027914524078369, 3.14347767829895, 2.4963016510009766]"
28877.0,2007-12-01T00:00:00.000000000,"[1.125436782836914, -0.04067668318748474, -0.04067668318748474, -0.15068741142749786]","[1.3311083316802979, 1.3639004230499268, 1.2755018472671509, 1.311492681503296]"
28877.0,2008-03-01T00:00:00.000000000,"[-0.04067668318748474, -0.04067668318748474, -0.15068741142749786, -0.04067668318748474]","[1.4873241186141968, 1.254084825515747, 1.2368110418319702, 1.2804110050201416]"
28877.0,2008-06-01T00:00:00.000000000,"[-0.04067668318748474, -0.15068741142749786, -0.04067668318748474, 0.003327556187286973]","[0.8734177350997925, 0.8360111713409424, 0.9330118894577026, 1.0634608268737793]"
28877.0,2008-09-01T00:00:00.000000000,"[-0.15068741142749786, -0.04067668318748474, 0.003327556187286973, 0.06933397799730301]","[0.5423458814620972, 0.5685829520225525, 0.74543696641922, 0.7860698699951172]"
28877.0,2008-12-01T00:00:00.000000000,"[-0.04067668318748474, 0.003327556187286973, 0.06933397799730301, -0.06267886608839035]","[0.2581462860107422, 0.3374377191066742, 0.3748409152030945, 0.5393063426017761]"
28877.0,2009-03-01T00:00:00.000000000,"[0.003327556187286973, 0.06933397799730301, -0.06267886608839035, 0.025329740718007088]","[0.5384802222251892, 0.5321251153945923, 0.7421698570251465, 0.7961148023605347]"
28877.0,2009-06-01T00:00:00.000000000,"[0.06933397799730301, -0.06267886608839035, 0.025329740718007088, 0.15734252333641052]","[0.3628462553024292, 0.4311590790748596, 0.6214823722839355, 0.8213410377502441]"
28877.0,2009-09-01T00:00:00.000000000,"[-0.06267886608839035, 0.025329740718007088, 0.15734252333641052, 0.15734252333641052]","[0.37054890394210815, 0.4745764434337616, 0.6013375520706177, 0.7083700895309448]"
28877.0,2009-12-01T00:00:00.000000000,"[0.025329740718007088, 0.15734252333641052, 0.15734252333641052, 0.025329740718007088]","[0.34509652853012085, 0.46997740864753723, 0.5192247033119202, 0.6547709107398987]"
28877.0,2010-03-01T00:00:00.000000000,"[0.15734252333641052, 0.15734252333641052, 0.025329740718007088, 0.13534040749073029]","[0.4865816533565521, 0.4816122353076935, 0.6596973538398743, 0.7884036898612976]"
28877.0,2010-06-01T00:00:00.000000000,"[0.15734252333641052, 0.025329740718007088, 0.13534040749073029, 0.26735323667526245]","[0.47468042373657227, 0.5122113823890686, 0.6872999668121338, 0.8540643453598022]"
28877.0,2010-09-01T00:00:00.000000000,"[0.025329740718007088, 0.13534040749073029, 0.26735323667526245, 0.2893553674221039]","[0.49604302644729614, 0.5326703190803528, 0.6875220537185669, 0.7833251953125]"
29028.0,2006-06-01T00:00:00.000000000,"[1.6534881591796875, 2.775597333908081, 1.7634987831115723, 2.0495264530181885]","[1.6698627471923828, 2.179778575897217, 1.5803749561309814, 1.5305185317993164]"
29028.0,2006-09-01T00:00:00.000000000,"[2.775597333908081, 1.7634987831115723, 2.0495264530181885, 1.8735092878341675]","[2.405219078063965, 1.5727792978286743, 1.6534008979797363, 1.6581202745437622]"
29028.0,2006-12-01T00:00:00.000000000,"[1.7634987831115723, 2.0495264530181885, 1.8735092878341675, 3.1056292057037354]","[1.754956841468811, 1.8402817249298096, 1.9362952709197998, 2.4228384494781494]"
29028.0,2007-03-01T00:00:00.000000000,"[2.0495264530181885, 1.8735092878341675, 3.1056292057037354, 1.6974923610687256]","[1.556931972503662, 1.7456390857696533, 2.8672585487365723, 1.5180542469024658]"
29028.0,2007-06-01T00:00:00.000000000,"[1.8735092878341675, 3.1056292057037354, 1.6974923610687256, 2.027524471282959]","[2.0311341285705566, 2.6535263061523438, 1.9302589893341064, 1.7900967597961426]"
29028.0,2007-09-01T00:00:00.000000000,"[3.1056292057037354, 1.6974923610687256, 2.027524471282959, 2.027524471282959]","[2.77614688873291, 1.7946465015411377, 1.8346500396728516, 1.8855723142623901]"
29028.0,2007-12-01T00:00:00.000000000,"[1.6974923610687256, 2.027524471282959, 2.027524471282959, 3.1936378479003906]","[2.00644588470459, 2.047346591949463, 2.158693790435791, 2.7472610473632812]"
29028.0,2008-03-01T00:00:00.000000000,"[2.027524471282959, 2.027524471282959, 3.1936378479003906, 1.8735092878341675]","[1.6802880764007568, 1.905466914176941, 3.162137985229492, 1.626129150390625]"
29028.0,2008-06-01T00:00:00.000000000,"[2.027524471282959, 3.1936378479003906, 1.8735092878341675, 1.8735092878341675]","[2.154916286468506, 2.8711771965026855, 2.011383056640625, 1.8314905166625977]"
29028.0,2008-09-01T00:00:00.000000000,"[3.1936378479003906, 1.8735092878341675, 1.8735092878341675, 2.379558563232422]","[3.0507874488830566, 1.8951199054718018, 1.884385108947754, 2.0206105709075928]"
29028.0,2008-12-01T00:00:00.000000000,"[1.8735092878341675, 1.8735092878341675, 2.379558563232422, 3.875704050064087]","[2.1478304862976074, 2.2294254302978516, 2.387180805206299, 2.9501705169677734]"
29028.0,2009-03-01T00:00:00.000000000,"[1.8735092878341675, 2.379558563232422, 3.875704050064087, 2.2915501594543457]","[1.885878562927246, 2.1924266815185547, 3.4119808673858643, 1.8354988098144531]"
29028.0,2009-06-01T00:00:00.000000000,"[2.379558563232422, 3.875704050064087, 2.2915501594543457, 2.42356276512146]","[2.227837085723877, 3.0450096130371094, 2.1291449069976807, 1.8088901042938232]"
29028.0,2009-09-01T00:00:00.000000000,"[3.875704050064087, 2.2915501594543457, 2.42356276512146, 3.0396230220794678]","[3.2603116035461426, 2.27266526222229, 2.238396167755127, 2.300020694732666]"
29028.0,2009-12-01T00:00:00.000000000,"[2.2915501594543457, 2.42356276512146, 3.0396230220794678, 4.491764068603516]","[2.504765510559082, 2.534900665283203, 2.7633683681488037, 3.3959975242614746]"
29028.0,2010-03-01T00:00:00.000000000,"[2.42356276512146, 3.0396230220794678, 4.491764068603516, 2.8416035175323486]","[2.1748123168945312, 2.691110610961914, 3.984766960144043, 2.199540615081787]"
29028.0,2010-06-01T00:00:00.000000000,"[3.0396230220794678, 4.491764068603516, 2.8416035175323486, 3.721689224243164]","[2.577188491821289, 3.419403076171875, 2.4572534561157227, 2.2522382736206055]"
29028.0,2010-09-01T00:00:00.000000000,"[4.491764068603516, 2.8416035175323486, 3.721689224243164, 3.4576635360717773]","[3.9153623580932617, 2.70988392829895, 2.7059574127197266, 2.8202414512634277]"
29028.0,2010-12-01T00:00:00.000000000,"[2.8416035175323486, 3.721689224243164, 3.4576635360717773, 5.217834949493408]","[2.791593313217163, 2.937922716140747, 3.240987777709961, 3.9268550872802734]"
29028.0,2011-03-01T00:00:00.000000000,"[3.721689224243164, 3.4576635360717773, 5.217834949493408, 3.1056292057037354]","[2.459500789642334, 3.043914318084717, 4.6285929679870605, 2.514037847518921]"
29028.0,2011-06-01T00:00:00.000000000,"[3.4576635360717773, 5.217834949493408, 3.1056292057037354, 3.919708251953125]","[3.567751884460449, 4.452029228210449, 3.330235004425049, 3.0771167278289795]"
29028.0,2011-09-01T00:00:00.000000000,"[5.217834949493408, 3.1056292057037354, 3.919708251953125, 3.4576635360717773]","[4.615192413330078, 3.198235034942627, 3.2266013622283936, 3.3317532539367676]"
29028.0,2011-12-01T00:00:00.000000000,"[3.1056292057037354, 3.919708251953125, 3.4576635360717773, 5.987909317016602]","[3.3583931922912598, 3.4871320724487305, 3.8040266036987305, 4.582075119018555]"
29028.0,2012-03-01T00:00:00.000000000,"[3.919708251953125, 3.4576635360717773, 5.987909317016602, 4.359751224517822]","[2.829674482345581, 3.3788347244262695, 5.310912132263184, 2.8564467430114746]"
29028.0,2012-06-01T00:00:00.000000000,"[3.4576635360717773, 5.987909317016602, 4.359751224517822, 4.007717132568359]","[4.0604472160339355, 5.138851165771484, 3.753324508666992, 3.43341064453125]"
29028.0,2012-09-01T00:00:00.000000000,"[5.987909317016602, 4.359751224517822, 4.007717132568359, 5.349847793579102]","[5.139235019683838, 3.3085074424743652, 3.318871021270752, 3.5630202293395996]"
29028.0,2012-12-01T00:00:00.000000000,"[4.359751224517822, 4.007717132568359, 5.349847793579102, 7.880094051361084]","[3.7446401119232178, 3.873105525970459, 4.2673187255859375, 5.2004499435424805]"
29028.0,2013-03-01T00:00:00.000000000,"[4.007717132568359, 5.349847793579102, 7.880094051361084, 5.855896949768066]","[3.400543212890625, 4.03843879699707, 6.269687652587891, 3.4057564735412598]"
29901.0,2006-03-01T00:00:00.000000000,"[-0.5742285847663879, -0.593590497970581, -0.5907301902770996, -0.5907301902770996]","[-0.5888981223106384, -0.5991382002830505, -0.6025882959365845, -0.6017876863479614]"
29901.0,2006-06-01T00:00:00.000000000,"[-0.593590497970581, -0.5907301902770996, -0.5907301902770996, -0.5797291398048401]","[-0.5861274003982544, -0.5902513861656189, -0.5910426378250122, -0.5808758735656738]"
29901.0,2006-09-01T00:00:00.000000000,"[-0.5907301902770996, -0.5907301902770996, -0.5797291398048401, -0.5880899429321289]","[-0.6007798314094543, -0.5977942943572998, -0.5827244520187378, -0.598764955997467]"
29901.0,2007-03-01T00:00:00.000000000,"[-0.5907301902770996, -0.5797291398048401, -0.5880899429321289, -0.5852296352386475]","[-0.5963876247406006, -0.5823488235473633, -0.5868333578109741, -0.5896188616752625]"
29901.0,2007-06-01T00:00:00.000000000,"[-0.5797291398048401, -0.5880899429321289, -0.5852296352386475, -0.5687280893325806]","[-0.574874758720398, -0.5892210006713867, -0.5923455953598022, -0.5909882187843323]"
29901.0,2007-09-01T00:00:00.000000000,"[-0.5880899429321289, -0.5852296352386475, -0.5687280893325806, -0.5247237682342529]","[-0.5853452086448669, -0.5899317264556885, -0.5914267301559448, -0.5773927569389343]"
29901.0,2007-12-01T00:00:00.000000000,"[-0.5852296352386475, -0.5687280893325806, -0.5247237682342529, -0.5302243232727051]","[-0.5917894840240479, -0.5875941514968872, -0.5704867839813232, -0.5906282663345337]"
29901.0,2008-03-01T00:00:00.000000000,"[-0.5687280893325806, -0.5247237682342529, -0.5302243232727051, -0.544085681438446]","[-0.5921294689178467, -0.578475832939148, -0.5855030417442322, -0.5855367183685303]"
29901.0,2008-06-01T00:00:00.000000000,"[-0.5247237682342529, -0.5302243232727051, -0.544085681438446, -0.5412254333496094]","[-0.5611012578010559, -0.5773947238922119, -0.5791907906532288, -0.5792986154556274]"
29901.0,2008-09-01T00:00:00.000000000,"[-0.5302243232727051, -0.544085681438446, -0.5412254333496094, -0.49722111225128174]","[-0.5589238405227661, -0.5630838871002197, -0.5651326179504395, -0.5464131832122803]"
29901.0,2008-12-01T00:00:00.000000000,"[-0.544085681438446, -0.5412254333496094, -0.49722111225128174, -0.5082221627235413]","[-0.5606386065483093, -0.5537041425704956, -0.5321522951126099, -0.5583503842353821]"
29901.0,2009-03-01T00:00:00.000000000,"[-0.5412254333496094, -0.49722111225128174, -0.5082221627235413, -0.4642179012298584]","[-0.5626393556594849, -0.5491479635238647, -0.5599483251571655, -0.5620309114456177]"
29901.0,2009-06-01T00:00:00.000000000,"[-0.49722111225128174, -0.5082221627235413, -0.4642179012298584, -0.4422157406806946]","[-0.5304255485534668, -0.5590473413467407, -0.5611571669578552, -0.5563727617263794]"
29901.0,2009-09-01T00:00:00.000000000,"[-0.5082221627235413, -0.4642179012298584, -0.4422157406806946, -0.4147131145000458]","[-0.5280126929283142, -0.5429028868675232, -0.5443330407142639, -0.522487461566925]"
29901.0,2009-12-01T00:00:00.000000000,"[-0.4642179012298584, -0.4422157406806946, -0.4147131145000458, -0.46971845626831055]","[-0.5315861701965332, -0.527047872543335, -0.5085232257843018, -0.5318207144737244]"
29901.0,2010-03-01T00:00:00.000000000,"[-0.4422157406806946, -0.4147131145000458, -0.46971845626831055, -0.4422157406806946]","[-0.5036501884460449, -0.48849859833717346, -0.5062206983566284, -0.5096266865730286]"
29901.0,2010-06-01T00:00:00.000000000,"[-0.4147131145000458, -0.46971845626831055, -0.4422157406806946, -0.4147131145000458]","[-0.4621888995170593, -0.4967120289802551, -0.5008246898651123, -0.4944431781768799]"
29901.0,2010-09-01T00:00:00.000000000,"[-0.46971845626831055, -0.4422157406806946, -0.4147131145000458, -0.3377055823802948]","[-0.47749242186546326, -0.4927877187728882, -0.48772257566452026, -0.4659414291381836]"
29901.0,2010-12-01T00:00:00.000000000,"[-0.4422157406806946, -0.4147131145000458, -0.3377055823802948, -0.37070879340171814]","[-0.4983777105808258, -0.49652791023254395, -0.46145153045654297, -0.4938175678253174]"
29901.0,2011-03-01T00:00:00.000000000,"[-0.4147131145000458, -0.3377055823802948, -0.37070879340171814, -0.34320613741874695]","[-0.4545193314552307, -0.4466279447078705, -0.46908503770828247, -0.4671131372451782]"
29901.0,2011-06-01T00:00:00.000000000,"[-0.3377055823802948, -0.37070879340171814, -0.34320613741874695, -0.34320613741874695]","[-0.407113254070282, -0.454852432012558, -0.45882758498191833, -0.4458825886249542]"
29901.0,2011-09-01T00:00:00.000000000,"[-0.37070879340171814, -0.34320613741874695, -0.34320613741874695, -0.38170990347862244]","[-0.41270413994789124, -0.42658472061157227, -0.4252023994922638, -0.3972146511077881]"
29901.0,2011-12-01T00:00:00.000000000,"[-0.34320613741874695, -0.34320613741874695, -0.38170990347862244, -0.3212040066719055]","[-0.43099504709243774, -0.4292188286781311, -0.3841082453727722, -0.4333920180797577]"
29901.0,2012-03-01T00:00:00.000000000,"[-0.34320613741874695, -0.38170990347862244, -0.3212040066719055, -0.26619863510131836]","[-0.38153910636901855, -0.3695909082889557, -0.4005252718925476, -0.4019378423690796]"
29901.0,2012-06-01T00:00:00.000000000,"[-0.38170990347862244, -0.3212040066719055, -0.26619863510131836, -0.2606981098651886]","[-0.3375859260559082, -0.39727699756622314, -0.40272682905197144, -0.3836551308631897]"
29901.0,2012-09-01T00:00:00.000000000,"[-0.3212040066719055, -0.26619863510131836, -0.2606981098651886, -0.10118257254362106]","[-0.3903845250606537, -0.4090213477611542, -0.4027748107910156, -0.37417662143707275]"
29901.0,2012-12-01T00:00:00.000000000,"[-0.26619863510131836, -0.2606981098651886, -0.10118257254362106, -0.1341858208179474]","[-0.3531990647315979, -0.35546380281448364, -0.3380897343158722, -0.3638949394226074]"
29901.0,2013-03-01T00:00:00.000000000,"[-0.2606981098651886, -0.10118257254362106, -0.1341858208179474, -0.11218363791704178]","[-0.3038139343261719, -0.3123868703842163, -0.3308452367782593, -0.3243352770805359]"
62689.0,2006-06-01T00:00:00.000000000,"[3.5456719398498535, 5.0418171882629395, 6.053915977478027, 4.865800380706787]","[3.8080520629882812, 3.500678062438965, 3.4761693477630615, 4.290132522583008]"
62689.0,2006-09-01T00:00:00.000000000,"[5.0418171882629395, 6.053915977478027, 4.865800380706787, 4.623776912689209]","[3.4295904636383057, 4.001256942749023, 4.427527904510498, 3.252359390258789]"
62689.0,2006-12-01T00:00:00.000000000,"[6.053915977478027, 4.865800380706787, 4.623776912689209, 5.745886325836182]","[4.161751747131348, 4.515851020812988, 3.724525213241577, 4.374716758728027]"
62689.0,2007-03-01T00:00:00.000000000,"[4.865800380706787, 4.623776912689209, 5.745886325836182, 5.679879665374756]","[5.132589340209961, 3.6371700763702393, 3.310284376144409, 4.194234848022461]"
62689.0,2007-06-01T00:00:00.000000000,"[4.623776912689209, 5.745886325836182, 5.679879665374756, 4.42575740814209]","[3.74737548828125, 4.195522785186768, 4.245864391326904, 4.309366703033447]"
62689.0,2007-09-01T00:00:00.000000000,"[5.745886325836182, 5.679879665374756, 4.42575740814209, 4.139729976654053]","[4.249866962432861, 4.726165771484375, 4.512901306152344, 3.5418262481689453]"
62689.0,2007-12-01T00:00:00.000000000,"[5.679879665374756, 4.42575740814209, 4.139729976654053, 4.57977294921875]","[5.426813125610352, 4.694863319396973, 3.9020164012908936, 4.59686279296875]"
62689.0,2008-03-01T00:00:00.000000000,"[4.42575740814209, 4.139729976654053, 4.57977294921875, 6.339943885803223]","[4.971014976501465, 4.087021350860596, 3.9537291526794434, 4.404758453369141]"
62689.0,2008-06-01T00:00:00.000000000,"[4.139729976654053, 4.57977294921875, 6.339943885803223, 5.789890289306641]","[4.000428199768066, 4.373171806335449, 4.395808696746826, 4.46412992477417]"
62689.0,2008-09-01T00:00:00.000000000,"[4.57977294921875, 6.339943885803223, 5.789890289306641, 3.523669719696045]","[4.679779052734375, 5.03584623336792, 4.938111782073975, 4.061493873596191]"
62689.0,2008-12-01T00:00:00.000000000,"[6.339943885803223, 5.789890289306641, 3.523669719696045, 1.301453948020935]","[5.237579345703125, 4.6406569480896, 4.2698493003845215, 4.634054183959961]"
62689.0,2009-03-01T00:00:00.000000000,"[5.789890289306641, 3.523669719696045, 1.301453948020935, 4.315746784210205]","[5.227251052856445, 4.3535990715026855, 4.384786128997803, 5.237119674682617]"
62689.0,2009-06-01T00:00:00.000000000,"[3.523669719696045, 1.301453948020935, 4.315746784210205, 4.711785793304443]","[4.549576759338379, 5.010042190551758, 5.844688415527344, 5.428642272949219]"
62689.0,2009-09-01T00:00:00.000000000,"[1.301453948020935, 4.315746784210205, 4.711785793304443, 3.281646251678467]","[4.516833305358887, 5.638653755187988, 5.951709747314453, 4.376171112060547]"
62689.0,2009-12-01T00:00:00.000000000,"[4.315746784210205, 4.711785793304443, 3.281646251678467, 4.887802600860596]","[4.360724925994873, 3.5482468605041504, 2.9915571212768555, 3.9817047119140625]"
62689.0,2010-03-01T00:00:00.000000000,"[4.711785793304443, 3.281646251678467, 4.887802600860596, 3.98571515083313]","[3.9787685871124268, 3.2641849517822266, 4.011575698852539, 4.547418594360352]"
62689.0,2010-06-01T00:00:00.000000000,"[3.281646251678467, 4.887802600860596, 3.98571515083313, 5.525864601135254]","[4.002177715301514, 4.522742748260498, 5.011404037475586, 4.745784759521484]"
62689.0,2010-09-01T00:00:00.000000000,"[4.887802600860596, 3.98571515083313, 5.525864601135254, 3.7436912059783936]","[4.548669338226318, 5.431056022644043, 5.26786470413208, 4.353884220123291]"
62689.0,2010-12-01T00:00:00.000000000,"[3.98571515083313, 5.525864601135254, 3.7436912059783936, 2.4455649852752686]","[4.941222190856934, 4.334174156188965, 3.819371461868286, 4.654562950134277]"
62689.0,2011-03-01T00:00:00.000000000,"[5.525864601135254, 3.7436912059783936, 2.4455649852752686, 6.603969573974609]","[4.728899955749512, 4.185916900634766, 4.792721748352051, 4.940206527709961]"
62689.0,2011-06-01T00:00:00.000000000,"[3.7436912059783936, 2.4455649852752686, 6.603969573974609, 5.063819408416748]","[4.491222858428955, 4.865817070007324, 4.821245193481445, 5.575501441955566]"
62689.0,2011-09-01T00:00:00.000000000,"[2.4455649852752686, 6.603969573974609, 5.063819408416748, -1.1407837867736816]","[4.945070266723633, 5.2144856452941895, 5.067144393920898, 4.811773777008057]"
62689.0,2011-12-01T00:00:00.000000000,"[6.603969573974609, 5.063819408416748, -1.1407837867736816, 6.163926601409912]","[4.292963027954102, 4.626894474029541, 4.380817413330078, 4.998608589172363]"
62689.0,2012-03-01T00:00:00.000000000,"[5.063819408416748, -1.1407837867736816, 6.163926601409912, 10.102309226989746]","[5.729431629180908, 4.727715492248535, 5.250399112701416, 5.335995674133301]"
62689.0,2012-06-01T00:00:00.000000000,"[-1.1407837867736816, 6.163926601409912, 10.102309226989746, 5.305843353271484]","[4.5017313957214355, 4.867976188659668, 4.646586894989014, 5.31889533996582]"
62689.0,2012-09-01T00:00:00.000000000,"[6.163926601409912, 10.102309226989746, 5.305843353271484, 6.889997482299805]","[2.372342586517334, 2.9024720191955566, 4.236104965209961, 2.840075969696045]"
62689.0,2012-12-01T00:00:00.000000000,"[10.102309226989746, 5.305843353271484, 6.889997482299805, 5.019815444946289]","[4.886570930480957, 4.9254150390625, 4.007484436035156, 5.35292911529541]"
62689.0,2013-03-01T00:00:00.000000000,"[5.305843353271484, 6.889997482299805, 5.019815444946289, 10.740371704101562]","[6.849565505981445, 5.600612640380859, 6.866036891937256, 7.3319292068481445]"
64768.0,2006-06-01T00:00:00.000000000,"[-0.7304438352584839, -0.8052510619163513, -0.6512360572814941, -0.7139422297477722]","[-0.6782835125923157, -0.6790481209754944, -0.6511616110801697, -0.6699368357658386]"
64768.0,2006-09-01T00:00:00.000000000,"[-0.8052510619163513, -0.6512360572814941, -0.7139422297477722, -0.6798388957977295]","[-0.6824071407318115, -0.6596433520317078, -0.6720948219299316, -0.6843281984329224]"
64768.0,2006-12-01T00:00:00.000000000,"[-0.6512360572814941, -0.7139422297477722, -0.6798388957977295, -0.6820390820503235]","[-0.7087733149528503, -0.7079947590827942, -0.6961890459060669, -0.6914687156677246]"
64768.0,2007-03-01T00:00:00.000000000,"[-0.7139422297477722, -0.6798388957977295, -0.6820390820503235, -0.5907301902770996]","[-0.6717451810836792, -0.6741320490837097, -0.6644688844680786, -0.6508340835571289]"
64768.0,2007-06-01T00:00:00.000000000,"[-0.6798388957977295, -0.6820390820503235, -0.5907301902770996, -0.5830294489860535]","[-0.6834531426429749, -0.693707287311554, -0.6656889319419861, -0.6704255938529968]"
64768.0,2007-09-01T00:00:00.000000000,"[-0.6820390820503235, -0.5907301902770996, -0.5830294489860535, -0.5049218535423279]","[-0.6689112782478333, -0.6580327153205872, -0.6618172526359558, -0.6635028123855591]"
64768.0,2007-12-01T00:00:00.000000000,"[-0.5907301902770996, -0.5830294489860535, -0.5049218535423279, -0.6435353755950928]","[-0.6764107346534729, -0.6775810718536377, -0.6721420288085938, -0.6719702482223511]"
64768.0,2008-03-01T00:00:00.000000000,"[-0.5830294489860535, -0.5049218535423279, -0.6435353755950928, -0.5313244462013245]","[-0.6498926877975464, -0.6439626812934875, -0.6522397994995117, -0.6306021213531494]"
64768.0,2008-06-01T00:00:00.000000000,"[-0.5049218535423279, -0.6435353755950928, -0.5313244462013245, -0.5379250645637512]","[-0.6487761735916138, -0.6527048349380493, -0.6403580904006958, -0.6398441195487976]"
64768.0,2008-09-01T00:00:00.000000000,"[-0.6435353755950928, -0.5313244462013245, -0.5379250645637512, -0.6567366123199463]","[-0.62857586145401, -0.598508358001709, -0.6167612671852112, -0.6245554685592651]"
64768.0,2008-12-01T00:00:00.000000000,"[-0.5313244462013245, -0.5379250645637512, -0.6567366123199463, -0.6435353755950928]","[-0.6297999620437622, -0.6585210561752319, -0.659888744354248, -0.6674389243125916]"
64768.0,2009-03-01T00:00:00.000000000,"[-0.5379250645637512, -0.6567366123199463, -0.6435353755950928, -0.463117778301239]","[-0.5995361804962158, -0.6334457397460938, -0.6607303619384766, -0.616590678691864]"
64768.0,2009-06-01T00:00:00.000000000,"[-0.6567366123199463, -0.6435353755950928, -0.463117778301239, -0.34100592136383057]","[-0.6003620624542236, -0.6333302855491638, -0.6201794147491455, -0.6209830045700073]"
64768.0,2009-09-01T00:00:00.000000000,"[-0.6435353755950928, -0.463117778301239, -0.34100592136383057, -0.14298662543296814]","[-0.6448691487312317, -0.6137072443962097, -0.6334621906280518, -0.6549373269081116]"
64768.0,2009-12-01T00:00:00.000000000,"[-0.463117778301239, -0.34100592136383057, -0.14298662543296814, -0.06817939877510071]","[-0.6258437037467957, -0.6581341624259949, -0.6662213206291199, -0.6617521047592163]"
64768.0,2010-03-01T00:00:00.000000000,"[-0.34100592136383057, -0.14298662543296814, -0.06817939877510071, -0.03627631068229675]","[-0.5453861355781555, -0.6112802624702454, -0.6416091918945312, -0.580719530582428]"
64768.0,2010-06-01T00:00:00.000000000,"[-0.14298662543296814, -0.06817939877510071, -0.03627631068229675, 0.07923494279384613]","[-0.5394049882888794, -0.5490153431892395, -0.531030535697937, -0.5273683667182922]"
64768.0,2010-09-01T00:00:00.000000000,"[-0.06817939877510071, -0.03627631068229675, 0.07923494279384613, -0.12648503482341766]","[-0.4620598256587982, -0.41487452387809753, -0.4654693603515625, -0.4825935363769531]"
64768.0,2010-12-01T00:00:00.000000000,"[-0.03627631068229675, 0.07923494279384613, -0.12648503482341766, -0.2353956401348114]","[-0.30574503540992737, -0.32157739996910095, -0.43306639790534973, -0.49257922172546387]"
64768.0,2011-03-01T00:00:00.000000000,"[0.07923494279384613, -0.12648503482341766, -0.2353956401348114, 0.01102833729237318]","[-0.283672034740448, -0.37618184089660645, -0.45640110969543457, -0.42164814472198486]"
64768.0,2011-06-01T00:00:00.000000000,"[-0.12648503482341766, -0.2353956401348114, 0.01102833729237318, -0.14958731830120087]","[-0.22544652223587036, -0.32658249139785767, -0.3200875520706177, -0.3106965124607086]"
64768.0,2011-09-01T00:00:00.000000000,"[-0.2353956401348114, 0.01102833729237318, -0.14958731830120087, 0.43236926198005676]","[-0.26981866359710693, -0.2601196765899658, -0.28613200783729553, -0.35761356353759766]"
64768.0,2011-12-01T00:00:00.000000000,"[0.01102833729237318, -0.14958731830120087, 0.43236926198005676, 0.6600914597511292]","[-0.15305158495903015, -0.19541865587234497, -0.3184952437877655, -0.3932015895843506]"
64768.0,2012-03-01T00:00:00.000000000,"[-0.14958731830120087, 0.43236926198005676, 0.6600914597511292, 0.8493099212646484]","[-0.044878095388412476, -0.19294720888137817, -0.2679823338985443, -0.19604718685150146]"
64768.0,2012-06-01T00:00:00.000000000,"[0.43236926198005676, 0.6600914597511292, 0.8493099212646484, 1.0363280773162842]","[-0.1774986982345581, -0.2944325804710388, -0.24550527334213257, -0.2451069951057434]"
64768.0,2012-09-01T00:00:00.000000000,"[0.6600914597511292, 0.8493099212646484, 1.0363280773162842, 0.9626208543777466]","[0.06847682595252991, 0.11716511845588684, 0.06349530816078186, 0.06235584616661072]"
64768.0,2012-12-01T00:00:00.000000000,"[0.8493099212646484, 1.0363280773162842, 0.9626208543777466, -0.02747543714940548]","[0.37370750308036804, 0.31765487790107727, 0.22377696633338928, 0.1570863425731659]"
64768.0,2013-03-01T00:00:00.000000000,"[1.0363280773162842, 0.9626208543777466, -0.02747543714940548, -0.06267886608839035]","[0.4500249922275543, 0.40252038836479187, 0.2752220928668976, 0.29668381810188293]"
111534.0,2006-03-01T00:00:00.000000000,"[-2.7029356956481934, 1.3894624710083008, 3.677685022354126, 3.2376420497894287]","[0.6977784633636475, 0.8190187215805054, 1.109633207321167, 0.9397958517074585]"
111534.0,2006-06-01T00:00:00.000000000,"[1.3894624710083008, 3.677685022354126, 3.2376420497894287, 3.5896763801574707]","[-0.12090003490447998, 0.5259339213371277, 0.3323974609375, 0.35598623752593994]"
111534.0,2006-09-01T00:00:00.000000000,"[3.677685022354126, 3.2376420497894287, 3.5896763801574707, 3.831699848175049]","[1.3064132928848267, 1.2807705402374268, 1.3283882141113281, 1.6620151996612549]"
111534.0,2006-12-01T00:00:00.000000000,"[3.2376420497894287, 3.5896763801574707, 3.831699848175049, 6.735982418060303]","[1.6225378513336182, 1.8633407354354858, 2.049342393875122, 2.5497922897338867]"
111534.0,2007-03-01T00:00:00.000000000,"[3.5896763801574707, 3.831699848175049, 6.735982418060303, 2.027524471282959]","[1.6252295970916748, 2.434100389480591, 2.3157334327697754, 1.8705804347991943]"
111534.0,2007-06-01T00:00:00.000000000,"[3.831699848175049, 6.735982418060303, 2.027524471282959, 2.9076099395751953]","[2.0337953567504883, 2.760671615600586, 2.0314204692840576, 1.642359972000122]"
111534.0,2007-09-01T00:00:00.000000000,"[6.735982418060303, 2.027524471282959, 2.9076099395751953, 4.381753444671631]","[3.033033847808838, 2.044956922531128, 1.5768983364105225, 2.3168344497680664]"
111534.0,2007-12-01T00:00:00.000000000,"[2.027524471282959, 2.9076099395751953, 4.381753444671631, 5.217834949493408]","[2.868539333343506, 2.36452317237854, 2.6642470359802246, 3.5908448696136475]"
111534.0,2008-03-01T00:00:00.000000000,"[2.9076099395751953, 4.381753444671631, 5.217834949493408, 2.115532875061035]","[1.9899829626083374, 2.9217567443847656, 3.8216538429260254, 1.324510097503662]"
111534.0,2008-06-01T00:00:00.000000000,"[4.381753444671631, 5.217834949493408, 2.115532875061035, 1.4114645719528198]","[2.690425395965576, 3.2877249717712402, 2.108698606491089, 1.9180901050567627]"
111534.0,2008-09-01T00:00:00.000000000,"[5.217834949493408, 2.115532875061035, 1.4114645719528198, 2.7315926551818848]","[4.847222328186035, 2.0440456867218018, 1.1402024030685425, 2.330441951751709]"
111534.0,2009-03-01T00:00:00.000000000,"[2.115532875061035, 1.4114645719528198, 2.7315926551818848, 2.7095906734466553]","[2.3952486515045166, 2.3356728553771973, 2.5584449768066406, 3.559520721435547]"
111534.0,2009-06-01T00:00:00.000000000,"[1.4114645719528198, 2.7315926551818848, 2.7095906734466553, -0.37070879340171814]","[2.115854024887085, 3.4206972122192383, 5.1179280281066895, 1.3851326704025269]"
111534.0,2009-09-01T00:00:00.000000000,"[2.7315926551818848, 2.7095906734466553, -0.37070879340171814, 3.083627223968506]","[3.013578176498413, 3.87922739982605, 1.65562903881073, 1.464734435081482]"
111534.0,2009-12-01T00:00:00.000000000,"[2.7095906734466553, -0.37070879340171814, 3.083627223968506, 3.3916571140289307]","[4.272857666015625, 1.3324201107025146, 0.5515075922012329, 1.9232293367385864]"
111534.0,2010-03-01T00:00:00.000000000,"[-0.37070879340171814, 3.083627223968506, 3.3916571140289307, 11.004398345947266]","[1.736155390739441, 1.8108015060424805, 2.2541608810424805, 2.961061954498291]"
111864.0,2006-06-01T00:00:00.000000000,"[0.6413896679878235, 0.575383186340332, 0.7734025120735168, 0.8614109754562378]","[0.49341028928756714, 0.46751517057418823, 0.4479406476020813, 0.4647027850151062]"
111864.0,2006-09-01T00:00:00.000000000,"[0.575383186340332, 0.7734025120735168, 0.8614109754562378, 1.0374282598495483]","[0.5798433423042297, 0.5095393061637878, 0.4917265772819519, 0.5272482633590698]"
111864.0,2006-12-01T00:00:00.000000000,"[0.7734025120735168, 0.8614109754562378, 1.0374282598495483, 0.9714217185974121]","[0.551662266254425, 0.49216264486312866, 0.49384599924087524, 0.5266729593276978]"
111864.0,2007-03-01T00:00:00.000000000,"[0.8614109754562378, 1.0374282598495483, 0.9714217185974121, 1.0594303607940674]","[0.6548858284950256, 0.6286794543266296, 0.6174878478050232, 0.6494218111038208]"
111864.0,2007-06-01T00:00:00.000000000,"[1.0374282598495483, 0.9714217185974121, 1.0594303607940674, 1.0594303607940674]","[0.75225830078125, 0.6967900991439819, 0.689365804195404, 0.7172824144363403]"
111864.0,2007-09-01T00:00:00.000000000,"[0.9714217185974121, 1.0594303607940674, 1.0594303607940674, 1.2134451866149902]","[0.8625765442848206, 0.811850905418396, 0.7956786751747131, 0.8344191908836365]"
111864.0,2007-12-01T00:00:00.000000000,"[1.0594303607940674, 1.0594303607940674, 1.2134451866149902, 1.1914430856704712]","[0.8550706505775452, 0.7706505060195923, 0.7773911952972412, 0.822620689868927]"
111864.0,2008-03-01T00:00:00.000000000,"[1.0594303607940674, 1.2134451866149902, 1.1914430856704712, 1.2134451866149902]","[0.9315240383148193, 0.8742643594741821, 0.864867627620697, 0.9111599922180176]"
111864.0,2008-06-01T00:00:00.000000000,"[1.2134451866149902, 1.1914430856704712, 1.2134451866149902, 1.147438883781433]","[1.0086932182312012, 0.9136273860931396, 0.9050039649009705, 0.9521974921226501]"
111864.0,2008-09-01T00:00:00.000000000,"[1.1914430856704712, 1.2134451866149902, 1.147438883781433, 1.3454581499099731]","[1.124495506286621, 1.0443648099899292, 1.0228134393692017, 1.0822923183441162]"
111864.0,2008-12-01T00:00:00.000000000,"[1.2134451866149902, 1.147438883781433, 1.3454581499099731, 1.455468773841858]","[1.1264429092407227, 1.0320643186569214, 1.0370051860809326, 1.0725733041763306]"
111864.0,2009-03-01T00:00:00.000000000,"[1.147438883781433, 1.3454581499099731, 1.455468773841858, 1.5654793977737427]","[1.1611337661743164, 1.10911226272583, 1.09145188331604, 1.126073956489563]"
111864.0,2009-06-01T00:00:00.000000000,"[1.3454581499099731, 1.455468773841858, 1.5654793977737427, 1.6314857006072998]","[1.2070093154907227, 1.1152753829956055, 1.1018744707107544, 1.1283314228057861]"
111864.0,2009-09-01T00:00:00.000000000,"[1.455468773841858, 1.5654793977737427, 1.6314857006072998, 1.9175138473510742]","[1.321873664855957, 1.2567602396011353, 1.2170333862304688, 1.290558099746704]"
111864.0,2009-12-01T00:00:00.000000000,"[1.5654793977737427, 1.6314857006072998, 1.9175138473510742, 1.9175138473510742]","[1.3833321332931519, 1.3246865272521973, 1.330890417098999, 1.3461060523986816]"
111864.0,2010-03-01T00:00:00.000000000,"[1.6314857006072998, 1.9175138473510742, 1.9175138473510742, 1.7855008840560913]","[1.426119089126587, 1.4342238903045654, 1.411161184310913, 1.429067850112915]"
111864.0,2010-06-01T00:00:00.000000000,"[1.9175138473510742, 1.9175138473510742, 1.7855008840560913, 1.301453948020935]","[1.5561304092407227, 1.4834098815917969, 1.4715574979782104, 1.4859539270401]"
111864.0,2010-09-01T00:00:00.000000000,"[1.9175138473510742, 1.7855008840560913, 1.301453948020935, 1.3674603700637817]","[1.728553056716919, 1.6543341875076294, 1.6274049282073975, 1.703058123588562]"
111864.0,2010-12-01T00:00:00.000000000,"[1.7855008840560913, 1.301453948020935, 1.3674603700637817, 1.6754902601242065]","[1.7718195915222168, 1.698941707611084, 1.7027637958526611, 1.7484662532806396]"
111864.0,2011-03-01T00:00:00.000000000,"[1.301453948020935, 1.3674603700637817, 1.6754902601242065, 1.6534881591796875]","[1.7153863906860352, 1.6925711631774902, 1.6752816438674927, 1.7140612602233887]"
111864.0,2011-06-01T00:00:00.000000000,"[1.3674603700637817, 1.6754902601242065, 1.6534881591796875, 1.4114645719528198]","[1.5753777027130127, 1.4812111854553223, 1.4616953134536743, 1.502126932144165]"
111864.0,2011-09-01T00:00:00.000000000,"[1.6754902601242065, 1.6534881591796875, 1.4114645719528198, 1.103434681892395]","[1.6117894649505615, 1.4998283386230469, 1.463196873664856, 1.5676634311676025]"
111864.0,2011-12-01T00:00:00.000000000,"[1.6534881591796875, 1.4114645719528198, 1.103434681892395, 1.4334666728973389]","[1.7120007276535034, 1.6327563524246216, 1.6354551315307617, 1.6766424179077148]"
111864.0,2012-03-01T00:00:00.000000000,"[1.4114645719528198, 1.103434681892395, 1.4334666728973389, 0.7734025120735168]","[1.609070062637329, 1.7100520133972168, 1.7282981872558594, 1.699350357055664]"
111864.0,2012-06-01T00:00:00.000000000,"[1.103434681892395, 1.4334666728973389, 0.7734025120735168, 1.4334666728973389]","[1.5554492473602295, 1.6068294048309326, 1.599953055381775, 1.5445261001586914]"
111864.0,2012-09-01T00:00:00.000000000,"[1.4334666728973389, 0.7734025120735168, 1.4334666728973389, 1.477470874786377]","[1.4065831899642944, 1.36847984790802, 1.3657095432281494, 1.4064823389053345]"
111864.0,2012-12-01T00:00:00.000000000,"[0.7734025120735168, 1.4334666728973389, 1.477470874786377, 1.6314857006072998]","[1.4901922941207886, 1.4665143489837646, 1.5006365776062012, 1.5134837627410889]"
111864.0,2013-03-01T00:00:00.000000000,"[1.4334666728973389, 1.477470874786377, 1.6314857006072998, 1.7194944620132446]","[1.2484750747680664, 1.3651896715164185, 1.3987067937850952, 1.3745830059051514]"
112111.0,2006-06-01T00:00:00.000000000,"[-0.5247237682342529, -0.5093222856521606, -0.49612101912498474, -0.6259335875511169]","[-0.5862372517585754, -0.5801500678062439, -0.558387815952301, -0.5894370079040527]"
112111.0,2006-09-01T00:00:00.000000000,"[-0.5093222856521606, -0.49612101912498474, -0.6259335875511169, -0.6831392049789429]","[-0.5453420877456665, -0.5428069829940796, -0.5701838731765747, -0.5747614502906799]"
112111.0,2006-12-01T00:00:00.000000000,"[-0.49612101912498474, -0.6259335875511169, -0.6831392049789429, -0.5841295719146729]","[-0.5244393348693848, -0.5673803687095642, -0.5774734616279602, -0.5575006604194641]"
112111.0,2007-03-01T00:00:00.000000000,"[-0.6259335875511169, -0.6831392049789429, -0.5841295719146729, -0.45871737599372864]","[-0.5459754467010498, -0.5610657930374146, -0.5574342608451843, -0.5456118583679199]"
112111.0,2007-06-01T00:00:00.000000000,"[-0.6831392049789429, -0.5841295719146729, -0.45871737599372864, -0.491720587015152]","[-0.6103255152702332, -0.5999767184257507, -0.5566455721855164, -0.6121817231178284]"
112111.0,2007-09-01T00:00:00.000000000,"[-0.5841295719146729, -0.45871737599372864, -0.491720587015152, -0.5005214810371399]","[-0.6028366684913635, -0.5896212458610535, -0.6324921250343323, -0.638574481010437]"
112111.0,2007-12-01T00:00:00.000000000,"[-0.45871737599372864, -0.491720587015152, -0.5005214810371399, -0.45651715993881226]","[-0.5388112664222717, -0.6051210761070251, -0.6146230697631836, -0.5794644951820374]"
112111.0,2008-03-01T00:00:00.000000000,"[-0.491720587015152, -0.5005214810371399, -0.45651715993881226, -0.41691333055496216]","[-0.5689788460731506, -0.563098132610321, -0.5434248447418213, -0.5131000280380249]"
112111.0,2008-06-01T00:00:00.000000000,"[-0.5005214810371399, -0.45651715993881226, -0.41691333055496216, -0.5115225315093994]","[-0.5741496086120605, -0.5229234099388123, -0.46090981364250183, -0.5520613789558411]"
112111.0,2008-09-01T00:00:00.000000000,"[-0.45651715993881226, -0.41691333055496216, -0.5115225315093994, -0.3905107378959656]","[-0.523730456829071, -0.4892416000366211, -0.5287709832191467, -0.5548569560050964]"
112111.0,2008-12-01T00:00:00.000000000,"[-0.41691333055496216, -0.5115225315093994, -0.3905107378959656, -0.4257141649723053]","[-0.44952651858329773, -0.5249655842781067, -0.5456247925758362, -0.5137922763824463]"
112111.0,2009-03-01T00:00:00.000000000,"[-0.5115225315093994, -0.3905107378959656, -0.4257141649723053, -0.3377055823802948]","[-0.4731013774871826, -0.4798593819141388, -0.47921207547187805, -0.45972663164138794]"
112111.0,2009-06-01T00:00:00.000000000,"[-0.3905107378959656, -0.4257141649723053, -0.3377055823802948, -0.3355053961277008]","[-0.5266960859298706, -0.4891134202480316, -0.45196181535720825, -0.5242941379547119]"
112111.0,2009-09-01T00:00:00.000000000,"[-0.4257141649723053, -0.3377055823802948, -0.3355053961277008, -0.22549466788768768]","[-0.42181241512298584, -0.418680340051651, -0.46818897128105164, -0.4759717881679535]"
112111.0,2009-12-01T00:00:00.000000000,"[-0.3377055823802948, -0.3355053961277008, -0.22549466788768768, -0.08248080313205719]","[-0.41288983821868896, -0.470009982585907, -0.46929049491882324, -0.4532645046710968]"
112111.0,2010-03-01T00:00:00.000000000,"[-0.3355053961277008, -0.22549466788768768, -0.08248080313205719, -0.1440867930650711]","[-0.40814295411109924, -0.407371461391449, -0.4062170088291168, -0.3876159191131592]"
112111.0,2010-06-01T00:00:00.000000000,"[-0.22549466788768768, -0.08248080313205719, -0.1440867930650711, -0.2100931704044342]","[-0.39734068512916565, -0.38880646228790283, -0.36583927273750305, -0.4056428074836731]"
112111.0,2010-09-01T00:00:00.000000000,"[-0.08248080313205719, -0.1440867930650711, -0.2100931704044342, -0.12648503482341766]","[-0.30410081148147583, -0.30827265977859497, -0.34650689363479614, -0.3382973372936249]"
112111.0,2010-12-01T00:00:00.000000000,"[-0.1440867930650711, -0.2100931704044342, -0.12648503482341766, -0.08028054982423782]","[-0.2124606966972351, -0.28083696961402893, -0.28246647119522095, -0.24999940395355225]"
112111.0,2011-03-01T00:00:00.000000000,"[-0.2100931704044342, -0.12648503482341766, -0.08028054982423782, -0.16388869285583496]","[-0.2816847562789917, -0.3056577444076538, -0.2830243706703186, -0.2640681862831116]"
112111.0,2011-06-01T00:00:00.000000000,"[-0.12648503482341766, -0.08028054982423782, -0.16388869285583496, -0.18589083850383759]","[-0.2883325219154358, -0.29375025629997253, -0.26342248916625977, -0.28856736421585083]"
112111.0,2011-09-01T00:00:00.000000000,"[-0.08028054982423782, -0.16388869285583496, -0.18589083850383759, -0.20349255204200745]","[-0.16114595532417297, -0.21323859691619873, -0.23544803261756897, -0.19882917404174805]"
112111.0,2011-12-01T00:00:00.000000000,"[-0.16388869285583496, -0.18589083850383759, -0.20349255204200745, -0.07367992401123047]","[-0.10555610060691833, -0.18572154641151428, -0.18583163619041443, -0.14935940504074097]"
112111.0,2012-03-01T00:00:00.000000000,"[-0.18589083850383759, -0.20349255204200745, -0.07367992401123047, -0.0956820473074913]","[-0.20384842157363892, -0.22816240787506104, -0.213859423995018, -0.19863900542259216]"
112111.0,2012-06-01T00:00:00.000000000,"[-0.20349255204200745, -0.07367992401123047, -0.0956820473074913, -0.12868529558181763]","[-0.1827508807182312, -0.18629902601242065, -0.17904767394065857, -0.2059178501367569]"
112111.0,2012-09-01T00:00:00.000000000,"[-0.07367992401123047, -0.0956820473074913, -0.12868529558181763, -0.15068741142749786]","[-0.12888702750205994, -0.17373332381248474, -0.20053884387016296, -0.15949711203575134]"
112111.0,2012-12-01T00:00:00.000000000,"[-0.0956820473074913, -0.12868529558181763, -0.15068741142749786, 0.06933397799730301]","[-0.06676706671714783, -0.11745643615722656, -0.125914067029953, -0.07972803711891174]"
117768.0,2006-03-01T00:00:00.000000000,"[-0.5852296352386475, -0.5797291398048401, -0.5302243232727051, -0.5082221627235413]","[-0.5872752070426941, -0.5776859521865845, -0.5880240201950073, -0.5811798572540283]"
117768.0,2006-06-01T00:00:00.000000000,"[-0.5797291398048401, -0.5302243232727051, -0.5082221627235413, -0.5687280893325806]","[-0.5770490169525146, -0.5557969212532043, -0.5680453777313232, -0.5695788264274597]"
117768.0,2006-09-01T00:00:00.000000000,"[-0.5302243232727051, -0.5082221627235413, -0.5687280893325806, -0.607231855392456]","[-0.5737835764884949, -0.5704542994499207, -0.5751928091049194, -0.5598878264427185]"
117768.0,2007-03-01T00:00:00.000000000,"[-0.5082221627235413, -0.5687280893325806, -0.607231855392456, -0.45871737599372864]","[-0.5637893676757812, -0.5623033046722412, -0.5668813586235046, -0.549495279788971]"
117768.0,2007-06-01T00:00:00.000000000,"[-0.5687280893325806, -0.607231855392456, -0.45871737599372864, -0.5082221627235413]","[-0.5678882598876953, -0.5478364825248718, -0.5525080561637878, -0.5434390902519226]"
117768.0,2007-09-01T00:00:00.000000000,"[-0.607231855392456, -0.45871737599372864, -0.5082221627235413, -0.5192232131958008]","[-0.5604549646377563, -0.533321738243103, -0.5403099656105042, -0.5655388236045837]"
117768.0,2007-12-01T00:00:00.000000000,"[-0.45871737599372864, -0.5082221627235413, -0.5192232131958008, -0.48071953654289246]","[-0.5551901459693909, -0.561968982219696, -0.5731006264686584, -0.5534446239471436]"
117768.0,2008-03-01T00:00:00.000000000,"[-0.5082221627235413, -0.5192232131958008, -0.48071953654289246, -0.23869597911834717]","[-0.5516757369041443, -0.5554836988449097, -0.5471880435943604, -0.5320594906806946]"
117768.0,2008-06-01T00:00:00.000000000,"[-0.5192232131958008, -0.48071953654289246, -0.23869597911834717, -0.15618793666362762]","[-0.5647413730621338, -0.5392815470695496, -0.545077919960022, -0.5581510663032532]"
117768.0,2008-09-01T00:00:00.000000000,"[-0.48071953654289246, -0.23869597911834717, -0.15618793666362762, -0.26619863510131836]","[-0.5543377995491028, -0.5136294960975647, -0.5393343567848206, -0.5791189670562744]"
117768.0,2008-12-01T00:00:00.000000000,"[-0.23869597911834717, -0.15618793666362762, -0.26619863510131836, -0.19469167292118073]","[-0.5336248278617859, -0.5457991361618042, -0.5521507859230042, -0.5420125722885132]"
117768.0,2009-03-01T00:00:00.000000000,"[-0.15618793666362762, -0.26619863510131836, -0.19469167292118073, 0.030830271542072296]","[-0.420968234539032, -0.45851418375968933, -0.4645099341869354, -0.4080568253993988]"
117768.0,2009-06-01T00:00:00.000000000,"[-0.26619863510131836, -0.19469167292118073, 0.030830271542072296, 0.16284312307834625]","[-0.3625093400478363, -0.3606664836406708, -0.32786017656326294, -0.34534215927124023]"
117768.0,2009-09-01T00:00:00.000000000,"[-0.19469167292118073, 0.030830271542072296, 0.16284312307834625, 0.426868736743927]","[-0.3905755877494812, -0.31532350182533264, -0.37799060344696045, -0.4586111903190613]"
117768.0,2009-12-01T00:00:00.000000000,"[0.030830271542072296, 0.16284312307834625, 0.426868736743927, 0.36636292934417725]","[-0.23020392656326294, -0.32767099142074585, -0.406700074672699, -0.3929412364959717]"
117768.0,2010-03-01T00:00:00.000000000,"[0.16284312307834625, 0.426868736743927, 0.36636292934417725, 0.3113575577735901]","[-0.15582725405693054, -0.2698221802711487, -0.27801188826560974, -0.18032315373420715]"
117768.0,2010-06-01T00:00:00.000000000,"[0.426868736743927, 0.36636292934417725, 0.3113575577735901, -0.2606981098651886]","[-0.1805151104927063, -0.19148564338684082, -0.12729012966156006, -0.12760451436042786]"
117768.0,2010-09-01T00:00:00.000000000,"[0.36636292934417725, 0.3113575577735901, -0.2606981098651886, -0.21669383347034454]","[-0.018864303827285767, 0.03359308838844299, -0.015384435653686523, -0.09727939963340759]"
117768.0,2010-12-01T00:00:00.000000000,"[0.3113575577735901, -0.2606981098651886, -0.21669383347034454, -0.018674563616514206]","[0.1382841169834137, 0.10681697726249695, -0.026051819324493408, -0.1252206563949585]"
117768.0,2011-03-01T00:00:00.000000000,"[-0.2606981098651886, -0.21669383347034454, -0.018674563616514206, 0.27835431694984436]","[0.11810320615768433, -0.017228245735168457, -0.09013640880584717, -0.051991432905197144]"
117768.0,2011-06-01T00:00:00.000000000,"[-0.21669383347034454, -0.018674563616514206, 0.27835431694984436, 0.3388602137565613]","[-0.1848425716161728, -0.31613850593566895, -0.16035418212413788, -0.15718995034694672]"
117768.0,2011-09-01T00:00:00.000000000,"[-0.018674563616514206, 0.27835431694984436, 0.3388602137565613, 0.2893553674221039]","[-0.07861214876174927, -0.07118678092956543, -0.09822604060173035, -0.0997520387172699]"
117768.0,2011-12-01T00:00:00.000000000,"[0.27835431694984436, 0.3388602137565613, 0.2893553674221039, 0.4983757734298706]","[0.06714549660682678, -0.1037643551826477, -0.14870934188365936, -0.08099254965782166]"
117768.0,2012-03-01T00:00:00.000000000,"[0.3388602137565613, 0.2893553674221039, 0.4983757734298706, 0.8999148011207581]","[0.045630067586898804, 0.020816028118133545, 0.029175788164138794, 0.1100548803806305]"
117768.0,2012-06-01T00:00:00.000000000,"[0.2893553674221039, 0.4983757734298706, 0.8999148011207581, 1.0044249296188354]","[0.08536756038665771, 0.1697956919670105, 0.2738635838031769, 0.15781444311141968]"
117768.0,2012-09-01T00:00:00.000000000,"[0.4983757734298706, 0.8999148011207581, 1.0044249296188354, 1.3124550580978394]","[0.2534272372722626, 0.3563688099384308, 0.2886165678501129, 0.18344128131866455]"
117768.0,2012-12-01T00:00:00.000000000,"[0.8999148011207581, 1.0044249296188354, 1.3124550580978394, 1.5874814987182617]","[0.5032699108123779, 0.35369226336479187, 0.2512930929660797, 0.29303833842277527]"
117768.0,2013-03-01T00:00:00.000000000,"[1.0044249296188354, 1.3124550580978394, 1.5874814987182617, 1.8735092878341675]","[0.6139367818832397, 0.5073866844177246, 0.4958334267139435, 0.6190028190612793]"
126136.0,2004-03-01T00:00:00.000000000,"[-1.7227402925491333, -1.8930367231369019, -1.8688346147537231, -2.47697377204895]","[-2.1046762466430664, -1.5261703729629517, -1.6870858669281006, -1.4872740507125854]"
126136.0,2004-06-01T00:00:00.000000000,"[-1.8930367231369019, -1.8688346147537231, -2.47697377204895, -1.0901788473129272]","[-1.4790288209915161, -1.025282621383667, -1.430350661277771, -2.100961685180664]"
126136.0,2004-12-01T00:00:00.000000000,"[-1.8688346147537231, -2.47697377204895, -1.0901788473129272, 0.9051952958106995]","[-1.809998869895935, -1.8989741802215576, -2.427236795425415, -1.5558120012283325]"
126136.0,2005-03-01T00:00:00.000000000,"[-2.47697377204895, -1.0901788473129272, 0.9051952958106995, -3.3530988693237305]","[-2.0938000679016113, -2.5170648097991943, -2.2352633476257324, -2.0437729358673096]"
126136.0,2005-06-01T00:00:00.000000000,"[-1.0901788473129272, 0.9051952958106995, -3.3530988693237305, -4.78873872756958]","[-2.2243237495422363, -1.7615764141082764, -1.987605333328247, -1.5652140378952026]"
126136.0,2005-09-01T00:00:00.000000000,"[0.9051952958106995, -3.3530988693237305, -4.78873872756958, 0.8174067735671997]","[-1.496010422706604, -1.0533853769302368, -1.3362714052200317, -1.8118311166763306]"
126136.0,2005-12-01T00:00:00.000000000,"[-3.3530988693237305, -4.78873872756958, 0.8174067735671997, 2.973616361618042]","[-0.9196406602859497, -1.3956522941589355, -2.181487798690796, -0.9071002006530762]"
126136.0,2006-03-01T00:00:00.000000000,"[-4.78873872756958, 0.8174067735671997, 2.973616361618042, 0.553381085395813]","[-2.3616654872894287, -3.1286303997039795, -2.257120132446289, -2.3575077056884766]"
126136.0,2006-06-01T00:00:00.000000000,"[0.8174067735671997, 2.973616361618042, 0.553381085395813, 0.44337034225463867]","[-2.4167394638061523, -2.128955841064453, -2.418851137161255, -2.1153173446655273]"
126136.0,2006-12-01T00:00:00.000000000,"[2.973616361618042, 0.553381085395813, 0.44337034225463867, -0.28270024061203003]","[-0.318148136138916, -0.9279372692108154, -1.2243757247924805, -1.131325364112854]"
126136.0,2007-06-01T00:00:00.000000000,"[0.553381085395813, 0.44337034225463867, -0.28270024061203003, 1.8075029850006104]","[0.27613162994384766, 0.2388322353363037, 0.1449418067932129, 0.9689226150512695]"
126136.0,2007-09-01T00:00:00.000000000,"[0.44337034225463867, -0.28270024061203003, 1.8075029850006104, 0.8394088745117188]","[-0.9391536712646484, -1.0078949928283691, 0.2703268527984619, -0.41579949855804443]"
126136.0,2007-12-01T00:00:00.000000000,"[-0.28270024061203003, 1.8075029850006104, 0.8394088745117188, 1.8295050859451294]","[-1.5606558322906494, -0.5752867460250854, -0.48711395263671875, -1.0269931554794312]"
126136.0,2008-03-01T00:00:00.000000000,"[1.8075029850006104, 0.8394088745117188, 1.8295050859451294, 2.2915501594543457]","[0.7507226467132568, 0.3336789608001709, -0.17348146438598633, -0.5574252605438232]"
126136.0,2008-06-01T00:00:00.000000000,"[0.8394088745117188, 1.8295050859451294, 2.2915501594543457, 2.1375350952148438]","[1.0106650590896606, 0.8952933549880981, 0.3694685697555542, 1.4364184141159058]"
126136.0,2008-09-01T00:00:00.000000000,"[1.8295050859451294, 2.2915501594543457, 2.1375350952148438, 1.7414965629577637]","[-0.03724658489227295, -0.5817140340805054, 0.21232783794403076, 0.31946074962615967]"
126136.0,2008-12-01T00:00:00.000000000,"[2.2915501594543457, 2.1375350952148438, 1.7414965629577637, 2.3575565814971924]","[-0.7102088928222656, 0.8313055038452148, 1.0660533905029297, 0.41236114501953125]"
126136.0,2010-09-01T00:00:00.000000000,"[2.1375350952148438, 1.7414965629577637, 2.3575565814971924, 3.127631425857544]","[1.4565931558609009, 1.405420184135437, 1.347464919090271, 0.6061786413192749]"
126136.0,2010-12-01T00:00:00.000000000,"[1.7414965629577637, 2.3575565814971924, 3.127631425857544, 6.515960693359375]","[1.4834539890289307, 1.2385926246643066, 0.4931912422180176, 1.7931509017944336]"
126136.0,2011-03-01T00:00:00.000000000,"[2.3575565814971924, 3.127631425857544, 6.515960693359375, 3.3916571140289307]","[1.6701123714447021, 0.6930806636810303, 1.5745797157287598, 1.7956318855285645]"
126136.0,2011-06-01T00:00:00.000000000,"[3.127631425857544, 6.515960693359375, 3.3916571140289307, 7.286036014556885]","[0.24868524074554443, 1.8752925395965576, 1.518376350402832, 1.5877840518951416]"
126136.0,2011-09-01T00:00:00.000000000,"[6.515960693359375, 3.3916571140289307, 7.286036014556885, 7.880094051361084]","[3.062971591949463, 2.670441150665283, 2.566962242126465, 2.4227447509765625]"
126136.0,2011-12-01T00:00:00.000000000,"[3.3916571140289307, 7.286036014556885, 7.880094051361084, 12.610553741455078]","[4.2603302001953125, 3.7210230827331543, 3.5469303131103516, 4.3790602684021]"
126136.0,2012-03-01T00:00:00.000000000,"[7.286036014556885, 7.880094051361084, 12.610553741455078, 8.34213924407959]","[2.4688706398010254, 2.2700576782226562, 3.656946897506714, 2.165640115737915]"
126136.0,2012-06-01T00:00:00.000000000,"[7.880094051361084, 12.610553741455078, 8.34213924407959, 10.938390731811523]","[5.293601036071777, 5.783168315887451, 4.967627048492432, 4.9001078605651855]"
126136.0,2012-09-01T00:00:00.000000000,"[12.610553741455078, 8.34213924407959, 10.938390731811523, 13.6006498336792]","[7.14959716796875, 5.301960468292236, 4.988831520080566, 5.605435848236084]"
126136.0,2012-12-01T00:00:00.000000000,"[8.34213924407959, 10.938390731811523, 13.6006498336792, 18.947172164916992]","[8.008482933044434, 7.080441951751709, 7.059757232666016, 8.265387535095215]"
134932.0,2006-06-01T00:00:00.000000000,"[-0.2606981098651886, -0.23869597911834717, -0.3267045319080353, -0.2606981098651886]","[-0.295575886964798, -0.25684165954589844, -0.25806331634521484, -0.25340867042541504]"
134932.0,2006-09-01T00:00:00.000000000,"[-0.23869597911834717, -0.3267045319080353, -0.2606981098651886, -0.21669383347034454]","[-0.2700127363204956, -0.2661120593547821, -0.304953396320343, -0.2390376478433609]"
134932.0,2006-12-01T00:00:00.000000000,"[-0.3267045319080353, -0.2606981098651886, -0.21669383347034454, -0.19469167292118073]","[-0.29008522629737854, -0.27922573685646057, -0.25776004791259766, -0.2230534553527832]"
134932.0,2007-03-01T00:00:00.000000000,"[-0.2606981098651886, -0.21669383347034454, -0.19469167292118073, -0.28270024061203003]","[-0.2986138164997101, -0.2811325490474701, -0.28511831164360046, -0.25733813643455505]"
134932.0,2007-06-01T00:00:00.000000000,"[-0.21669383347034454, -0.19469167292118073, -0.28270024061203003, -0.3267045319080353]","[-0.2712603509426117, -0.22867271304130554, -0.24804028868675232, -0.2652198076248169]"
134932.0,2007-09-01T00:00:00.000000000,"[-0.19469167292118073, -0.28270024061203003, -0.3267045319080353, -0.23869597911834717]","[-0.21665191650390625, -0.2246658354997635, -0.2659936845302582, -0.21372811496257782]"
134932.0,2007-12-01T00:00:00.000000000,"[-0.28270024061203003, -0.3267045319080353, -0.23869597911834717, -0.1726895570755005]","[-0.24169999361038208, -0.24661634862422943, -0.22975552082061768, -0.2011154592037201]"
134932.0,2008-03-01T00:00:00.000000000,"[-0.3267045319080353, -0.23869597911834717, -0.1726895570755005, -0.06267886608839035]","[-0.27744463086128235, -0.26483362913131714, -0.26438629627227783, -0.2554234266281128]"
134932.0,2008-06-01T00:00:00.000000000,"[-0.23869597911834717, -0.1726895570755005, -0.06267886608839035, -0.19469167292118073]","[-0.2750526964664459, -0.23249748349189758, -0.25447753071784973, -0.25649577379226685]"
134932.0,2008-09-01T00:00:00.000000000,"[-0.1726895570755005, -0.06267886608839035, -0.19469167292118073, -0.12868529558181763]","[-0.2275305688381195, -0.24671396613121033, -0.28129541873931885, -0.21884402632713318]"
134932.0,2008-12-01T00:00:00.000000000,"[-0.06267886608839035, -0.19469167292118073, -0.12868529558181763, -0.018674563616514206]","[-0.24635100364685059, -0.24500563740730286, -0.22624137997627258, -0.1983129382133484]"
134932.0,2009-03-01T00:00:00.000000000,"[-0.19469167292118073, -0.12868529558181763, -0.018674563616514206, 0.15734252333641052]","[-0.22743085026741028, -0.17106449604034424, -0.16882069408893585, -0.18646690249443054]"
134932.0,2009-06-01T00:00:00.000000000,"[-0.12868529558181763, -0.018674563616514206, 0.15734252333641052, 0.17934469878673553]","[-0.2176510989665985, -0.14836987853050232, -0.18270903825759888, -0.2011401355266571]"
134932.0,2009-09-01T00:00:00.000000000,"[-0.018674563616514206, 0.15734252333641052, 0.17934469878673553, 0.3113575577735901]","[-0.1394907534122467, -0.16882966458797455, -0.21481232345104218, -0.1616111397743225]"
134932.0,2009-12-01T00:00:00.000000000,"[0.15734252333641052, 0.17934469878673553, 0.3113575577735901, 0.553381085395813]","[-0.14215123653411865, -0.17773300409317017, -0.1509353518486023, -0.10710249841213226]"
134932.0,2010-03-01T00:00:00.000000000,"[0.17934469878673553, 0.3113575577735901, 0.553381085395813, 0.4653724431991577]","[-0.14438380300998688, -0.04082070291042328, -0.023358583450317383, -0.02205073833465576]"
134932.0,2010-06-01T00:00:00.000000000,"[0.3113575577735901, 0.553381085395813, 0.4653724431991577, 0.2453511357307434]","[-0.022794723510742188, -0.00808723270893097, -0.03930963575839996, -0.042063161730766296]"
134932.0,2010-09-01T00:00:00.000000000,"[0.553381085395813, 0.4653724431991577, 0.2453511357307434, 0.2233489453792572]","[0.07488562166690826, -0.037514954805374146, -0.09555745124816895, -0.02648945152759552]"
134932.0,2010-12-01T00:00:00.000000000,"[0.4653724431991577, 0.2453511357307434, 0.2233489453792572, 0.025329740718007088]","[0.13985779881477356, 0.004143998026847839, -0.04305751621723175, 0.03655143082141876]"
134932.0,2011-03-01T00:00:00.000000000,"[0.2453511357307434, 0.2233489453792572, 0.025329740718007088, -0.04067668318748474]","[0.13485689461231232, 0.129202738404274, 0.12912298738956451, 0.03254486620426178]"
134932.0,2011-06-01T00:00:00.000000000,"[0.2233489453792572, 0.025329740718007088, -0.04067668318748474, -0.48071953654289246]","[0.12846159934997559, 0.013038083910942078, -0.09669335931539536, -0.07120707631111145]"
134932.0,2011-09-01T00:00:00.000000000,"[0.025329740718007088, -0.04067668318748474, -0.48071953654289246, -0.4367152154445648]","[0.2127355933189392, -0.03935921937227249, -0.10525494813919067, -0.009147584438323975]"
134932.0,2011-12-01T00:00:00.000000000,"[-0.04067668318748474, -0.48071953654289246, -0.4367152154445648, -0.10668310523033142]","[0.051285892724990845, -0.07578200101852417, -0.12013471871614456, -0.06176850199699402]"
134932.0,2012-03-01T00:00:00.000000000,"[-0.48071953654289246, -0.4367152154445648, -0.10668310523033142, 0.06933397799730301]","[0.051824092864990234, 0.034434691071510315, 0.046115800738334656, 0.008762061595916748]"
134932.0,2012-06-01T00:00:00.000000000,"[-0.4367152154445648, -0.10668310523033142, 0.06933397799730301, 0.06933397799730301]","[-0.13840721547603607, -0.1653527021408081, -0.18544527888298035, -0.21114027500152588]"
134932.0,2012-09-01T00:00:00.000000000,"[-0.10668310523033142, 0.06933397799730301, 0.06933397799730301, 0.6853939294815063]","[-0.18419450521469116, -0.31924664974212646, -0.24299584329128265, -0.1502007097005844]"
134932.0,2012-12-01T00:00:00.000000000,"[0.06933397799730301, 0.06933397799730301, 0.6853939294815063, 1.2134451866149902]","[-0.16663092374801636, -0.23688338696956635, -0.07904442399740219, 0.011135101318359375]"
134932.0,2013-03-01T00:00:00.000000000,"[0.06933397799730301, 0.6853939294815063, 1.2134451866149902, 1.6974923610687256]","[-0.05710360407829285, 0.04609197378158569, 0.11528854072093964, 0.1382930725812912]"
136725.0,2006-06-01T00:00:00.000000000,"[0.03259040787816048, 0.25767233967781067, 0.5021160840988159, 0.17208397388458252]","[0.16688691079616547, 0.1979544311761856, 0.309400737285614, 0.15643270313739777]"
136725.0,2006-09-01T00:00:00.000000000,"[0.25767233967781067, 0.5021160840988159, 0.17208397388458252, 0.41652771830558777]","[0.14518119394779205, 0.19377227127552032, 0.12710262835025787, 0.16896571218967438]"
136725.0,2006-12-01T00:00:00.000000000,"[0.5021160840988159, 0.17208397388458252, 0.41652771830558777, 0.392105370759964]","[0.3547547459602356, 0.19457824528217316, 0.19247950613498688, 0.2329142838716507]"
136725.0,2007-03-01T00:00:00.000000000,"[0.17208397388458252, 0.41652771830558777, 0.392105370759964, 0.7390791177749634]","[0.30802619457244873, 0.3581543564796448, 0.3851110339164734, 0.421237587928772]"
136725.0,2007-06-01T00:00:00.000000000,"[0.41652771830558777, 0.392105370759964, 0.7390791177749634, 0.3797842264175415]","[0.2591978907585144, 0.34513911604881287, 0.407511442899704, 0.2899419665336609]"
136725.0,2007-09-01T00:00:00.000000000,"[0.392105370759964, 0.7390791177749634, 0.3797842264175415, 0.6730727553367615]","[0.35471242666244507, 0.3999781012535095, 0.3198910355567932, 0.35379958152770996]"
136725.0,2007-12-01T00:00:00.000000000,"[0.7390791177749634, 0.3797842264175415, 0.6730727553367615, 0.8125662803649902]","[0.45511728525161743, 0.3154699504375458, 0.31931769847869873, 0.34555378556251526]"
136725.0,2008-03-01T00:00:00.000000000,"[0.3797842264175415, 0.6730727553367615, 0.8125662803649902, 0.7881438732147217]","[0.4432861804962158, 0.5181858539581299, 0.534232497215271, 0.5977882742881775]"
136725.0,2008-06-01T00:00:00.000000000,"[0.6730727553367615, 0.8125662803649902, 0.7881438732147217, 0.543700098991394]","[0.39625898003578186, 0.4924020767211914, 0.5989066362380981, 0.40235036611557007]"
136725.0,2008-09-01T00:00:00.000000000,"[0.8125662803649902, 0.7881438732147217, 0.543700098991394, 0.7538204789161682]","[0.5467482209205627, 0.5995967984199524, 0.48544561862945557, 0.542519748210907]"
136725.0,2008-12-01T00:00:00.000000000,"[0.7881438732147217, 0.543700098991394, 0.7538204789161682, 1.3307167291641235]","[0.8068022131919861, 0.5782773494720459, 0.5851697325706482, 0.627303421497345]"
136725.0,2009-03-01T00:00:00.000000000,"[0.543700098991394, 0.7538204789161682, 1.3307167291641235, 1.1621804237365723]","[0.576340913772583, 0.6646992564201355, 0.7007901072502136, 0.7395612001419067]"
136725.0,2009-06-01T00:00:00.000000000,"[0.7538204789161682, 1.3307167291641235, 1.1621804237365723, 1.0886931419372559]","[0.5584557056427002, 0.635715901851654, 0.688285231590271, 0.5274222493171692]"
136725.0,2009-09-01T00:00:00.000000000,"[1.3307167291641235, 1.1621804237365723, 1.0886931419372559, 1.323456048965454]","[0.7287994027137756, 0.7229154109954834, 0.5883517861366272, 0.6736479997634888]"
136725.0,2009-12-01T00:00:00.000000000,"[1.1621804237365723, 1.0886931419372559, 1.323456048965454, 1.3747209310531616]","[1.157755970954895, 0.9205076694488525, 0.920741081237793, 0.9980581402778625]"
136725.0,2010-03-01T00:00:00.000000000,"[1.0886931419372559, 1.323456048965454, 1.3747209310531616, 1.5874814987182617]","[0.8056889772415161, 0.9298751354217529, 0.9961917400360107, 1.0279115438461304]"
136725.0,2010-06-01T00:00:00.000000000,"[1.323456048965454, 1.3747209310531616, 1.5874814987182617, 1.2134451866149902]","[0.8864549398422241, 0.9889895915985107, 1.058180809020996, 0.882907509803772]"
136725.0,2010-09-01T00:00:00.000000000,"[1.3747209310531616, 1.5874814987182617, 1.2134451866149902, 1.6827508211135864]","[1.1805914640426636, 1.0917655229568481, 0.9992333650588989, 1.1082767248153687]"
136725.0,2010-12-01T00:00:00.000000000,"[1.5874814987182617, 1.2134451866149902, 1.6827508211135864, 1.8147637844085693]","[1.3884268999099731, 1.1445411443710327, 1.1471984386444092, 1.2360730171203613]"
136725.0,2011-03-01T00:00:00.000000000,"[1.2134451866149902, 1.6827508211135864, 1.8147637844085693, 1.8515071868896484]","[1.204149842262268, 1.2236565351486206, 1.2509833574295044, 1.3793725967407227]"
136725.0,2011-06-01T00:00:00.000000000,"[1.6827508211135864, 1.8147637844085693, 1.8515071868896484, 1.2721909284591675]","[1.1478585004806519, 1.1937357187271118, 1.3748074769973755, 1.067703366279602]"
136725.0,2011-09-01T00:00:00.000000000,"[1.8147637844085693, 1.8515071868896484, 1.2721909284591675, 0.11333828419446945]","[1.5383965969085693, 1.5030267238616943, 1.3489068746566772, 1.4579157829284668]"
136725.0,2011-12-01T00:00:00.000000000,"[1.8515071868896484, 1.2721909284591675, 0.11333828419446945, 1.3307167291641235]","[1.8152530193328857, 1.4563164710998535, 1.4780431985855103, 1.6007803678512573]"
136725.0,2012-03-01T00:00:00.000000000,"[1.2721909284591675, 0.11333828419446945, 1.3307167291641235, 1.924774408340454]","[1.4708847999572754, 1.5185332298278809, 1.5725547075271606, 1.6881507635116577]"
136725.0,2012-06-01T00:00:00.000000000,"[0.11333828419446945, 1.3307167291641235, 1.924774408340454, 1.880770206451416]","[1.3388416767120361, 1.369663953781128, 1.5953092575073242, 1.2276241779327393]"
136725.0,2012-09-01T00:00:00.000000000,"[1.3307167291641235, 1.924774408340454, 1.880770206451416, 2.174278736114502]","[0.8831533789634705, 0.907828688621521, 0.7653610706329346, 0.9210920929908752]"
136725.0,2012-12-01T00:00:00.000000000,"[1.924774408340454, 1.880770206451416, 2.174278736114502, 1.9175138473510742]","[1.5807701349258423, 1.2153292894363403, 1.2381653785705566, 1.4818329811096191]"
136725.0,2013-03-01T00:00:00.000000000,"[1.880770206451416, 2.174278736114502, 1.9175138473510742, 2.1595370769500732]","[1.3945167064666748, 1.472031831741333, 1.6583771705627441, 1.8020895719528198]"
137310.0,2005-09-01T00:00:00.000000000,"[-0.10668310523033142, 0.047331858426332474, -0.06267886608839035, -0.15068741142749786]","[-0.12410352379083633, -0.038330018520355225, 0.06333020329475403, -0.0021498799324035645]"
137310.0,2005-12-01T00:00:00.000000000,"[0.047331858426332474, -0.06267886608839035, -0.15068741142749786, -0.4147131145000458]","[-0.0704650729894638, 0.011969536542892456, -0.016603991389274597, 0.005620032548904419]"
137310.0,2006-03-01T00:00:00.000000000,"[-0.06267886608839035, -0.15068741142749786, -0.4147131145000458, -0.4367152154445648]","[0.033581480383872986, 0.009402364492416382, 0.03128792345523834, 0.0813254714012146]"
137310.0,2006-06-01T00:00:00.000000000,"[-0.15068741142749786, -0.4147131145000458, -0.4367152154445648, -0.5907301902770996]","[-0.09737765789031982, -0.06715555489063263, 0.021996572613716125, 0.08072550594806671]"
137310.0,2006-09-01T00:00:00.000000000,"[-0.4147131145000458, -0.4367152154445648, -0.5907301902770996, -0.45871737599372864]","[-0.07977651059627533, 0.004825562238693237, 0.08588613569736481, 0.008066251873970032]"
137310.0,2007-09-01T00:00:00.000000000,"[-0.4367152154445648, -0.5907301902770996, -0.45871737599372864, -0.6787387728691101]","[-0.22176744043827057, -0.18990881741046906, -0.23050427436828613, -0.19127976894378662]"
137310.0,2007-12-01T00:00:00.000000000,"[-0.5907301902770996, -0.45871737599372864, -0.6787387728691101, -0.30470237135887146]","[-0.16532553732395172, -0.21285615861415863, -0.1605251133441925, -0.14419487118721008]"
137310.0,2008-03-01T00:00:00.000000000,"[-0.45871737599372864, -0.6787387728691101, -0.30470237135887146, -0.2606981098651886]","[-0.3211023211479187, -0.35685867071151733, -0.2880808413028717, -0.2298797219991684]"
137310.0,2008-06-01T00:00:00.000000000,"[-0.6787387728691101, -0.30470237135887146, -0.2606981098651886, -0.21669383347034454]","[-0.26372310519218445, -0.2978072762489319, -0.2312774807214737, -0.20433956384658813]"
137310.0,2008-09-01T00:00:00.000000000,"[-0.30470237135887146, -0.2606981098651886, -0.21669383347034454, -0.1726895570755005]","[-0.344024658203125, -0.2936672568321228, -0.2808968126773834, -0.2724766135215759]"
137310.0,2008-12-01T00:00:00.000000000,"[-0.2606981098651886, -0.21669383347034454, -0.1726895570755005, -0.04067668318748474]","[-0.2722563147544861, -0.23947961628437042, -0.16183562576770782, -0.13225814700126648]"
137310.0,2009-03-01T00:00:00.000000000,"[-0.21669383347034454, -0.1726895570755005, -0.04067668318748474, 0.047331858426332474]","[-0.3002611994743347, -0.29697737097740173, -0.22677960991859436, -0.2024865746498108]"
137310.0,2009-06-01T00:00:00.000000000,"[-0.1726895570755005, -0.04067668318748474, 0.047331858426332474, 0.003327556187286973]","[-0.1708790808916092, -0.1336916834115982, -0.15656524896621704, -0.1881379336118698]"
137310.0,2009-09-01T00:00:00.000000000,"[-0.04067668318748474, 0.047331858426332474, 0.003327556187286973, 0.003327556187286973]","[-0.13624098896980286, -0.06917266547679901, -0.10360701382160187, -0.11138579994440079]"
137310.0,2009-12-01T00:00:00.000000000,"[0.047331858426332474, 0.003327556187286973, 0.003327556187286973, -0.08468098938465118]","[-0.057085126638412476, -0.07915261387825012, -0.09133040904998779, -0.026030242443084717]"
137310.0,2010-03-01T00:00:00.000000000,"[0.003327556187286973, 0.003327556187286973, -0.08468098938465118, 0.025329740718007088]","[-0.1309555321931839, -0.11784057319164276, -0.050116315484046936, 0.012483060359954834]"
137310.0,2010-06-01T00:00:00.000000000,"[0.003327556187286973, -0.08468098938465118, 0.025329740718007088, -0.15068741142749786]","[-0.0989563912153244, -0.04991741478443146, -0.05398433655500412, -0.027913011610507965]"
137310.0,2010-09-01T00:00:00.000000000,"[-0.08468098938465118, 0.025329740718007088, -0.15068741142749786, -0.3487066924571991]","[-0.03688598424196243, 0.02365453541278839, -0.02159133553504944, -0.05807720124721527]"
137310.0,2010-12-01T00:00:00.000000000,"[0.025329740718007088, -0.15068741142749786, -0.3487066924571991, -0.3487066924571991]","[-0.04673235863447189, -0.027368023991584778, -0.054826170206069946, -0.03372645378112793]"
137310.0,2011-03-01T00:00:00.000000000,"[-0.15068741142749786, -0.3487066924571991, -0.3487066924571991, -0.3267045319080353]","[-0.05351076275110245, -0.016271427273750305, 0.015533000230789185, -0.02014680951833725]"
137310.0,2011-06-01T00:00:00.000000000,"[-0.3487066924571991, -0.3487066924571991, -0.3267045319080353, -0.3267045319080353]","[-0.07402345538139343, -0.015337131917476654, -0.04398689419031143, -0.13824306428432465]"
137310.0,2011-09-01T00:00:00.000000000,"[-0.3487066924571991, -0.3267045319080353, -0.3267045319080353, -0.30470237135887146]","[-0.12735597789287567, -0.0950346440076828, -0.11025869101285934, -0.17445148527622223]"
137310.0,2011-12-01T00:00:00.000000000,"[-0.3267045319080353, -0.3267045319080353, -0.30470237135887146, -0.23869597911834717]","[-0.1934960037469864, -0.22807271778583527, -0.18574661016464233, -0.1940641850233078]"
137310.0,2012-03-01T00:00:00.000000000,"[-0.3267045319080353, -0.30470237135887146, -0.23869597911834717, -0.15068741142749786]","[-0.25932776927948, -0.2309534102678299, -0.17966334521770477, -0.19199879467487335]"
137310.0,2012-06-01T00:00:00.000000000,"[-0.30470237135887146, -0.23869597911834717, -0.15068741142749786, -0.06267886608839035]","[-0.20058302581310272, -0.1769142895936966, -0.1914539486169815, -0.22655095160007477]"
137310.0,2012-09-01T00:00:00.000000000,"[-0.23869597911834717, -0.15068741142749786, -0.06267886608839035, -0.06267886608839035]","[-0.20148757100105286, -0.16898688673973083, -0.16918279230594635, -0.15172189474105835]"
137310.0,2012-12-01T00:00:00.000000000,"[-0.15068741142749786, -0.06267886608839035, -0.06267886608839035, 0.047331858426332474]","[-0.18278992176055908, -0.1877233237028122, -0.17720018327236176, -0.14731764793395996]"
137310.0,2013-03-01T00:00:00.000000000,"[-0.06267886608839035, -0.06267886608839035, 0.047331858426332474, 0.2453511357307434]","[-0.22486287355422974, -0.2046392858028412, -0.20150241255760193, -0.18000516295433044]"
142953.0,2006-06-01T00:00:00.000000000,"[0.17934469878673553, 0.3993660807609558, 0.33335965871810913, 0.20134682953357697]","[0.3643421232700348, 0.26763543486595154, 0.3631329834461212, 0.3508245348930359]"
142953.0,2006-09-01T00:00:00.000000000,"[0.3993660807609558, 0.33335965871810913, 0.20134682953357697, 0.33335965871810913]","[0.28436002135276794, 0.3263293504714966, 0.3571106493473053, 0.364520400762558]"
142953.0,2006-12-01T00:00:00.000000000,"[0.33335965871810913, 0.20134682953357697, 0.33335965871810913, 0.2233489453792572]","[0.3744107782840729, 0.35031235218048096, 0.39447954297065735, 0.3932787775993347]"
142953.0,2007-03-01T00:00:00.000000000,"[0.20134682953357697, 0.33335965871810913, 0.2233489453792572, 0.3113575577735901]","[0.3592337965965271, 0.4075582027435303, 0.3879762291908264, 0.3535972237586975]"
142953.0,2007-06-01T00:00:00.000000000,"[0.33335965871810913, 0.2233489453792572, 0.3113575577735901, 0.35536178946495056]","[0.40593352913856506, 0.3384455144405365, 0.3744582533836365, 0.36635342240333557]"
142953.0,2007-09-01T00:00:00.000000000,"[0.2233489453792572, 0.3113575577735901, 0.35536178946495056, 0.26735323667526245]","[0.2733989357948303, 0.3172677755355835, 0.3445923328399658, 0.37068605422973633]"
142953.0,2007-12-01T00:00:00.000000000,"[0.3113575577735901, 0.35536178946495056, 0.26735323667526245, 0.44337034225463867]","[0.32658302783966064, 0.29921841621398926, 0.32977116107940674, 0.30934005975723267]"
142953.0,2008-03-01T00:00:00.000000000,"[0.35536178946495056, 0.26735323667526245, 0.44337034225463867, 0.33335965871810913]","[0.3381939232349396, 0.4210062623023987, 0.36168161034584045, 0.32446399331092834]"
142953.0,2008-06-01T00:00:00.000000000,"[0.26735323667526245, 0.44337034225463867, 0.33335965871810913, 0.4653724431991577]","[0.41659650206565857, 0.3307323753833771, 0.34802326560020447, 0.3552517890930176]"
142953.0,2008-09-01T00:00:00.000000000,"[0.44337034225463867, 0.33335965871810913, 0.4653724431991577, 0.35536178946495056]","[0.24198946356773376, 0.2846752107143402, 0.3323362469673157, 0.3635820746421814]"
142953.0,2008-12-01T00:00:00.000000000,"[0.33335965871810913, 0.4653724431991577, 0.35536178946495056, 0.553381085395813]","[0.33268797397613525, 0.34685710072517395, 0.3444913923740387, 0.31400349736213684]"
142953.0,2009-03-01T00:00:00.000000000,"[0.4653724431991577, 0.35536178946495056, 0.553381085395813, 0.553381085395813]","[0.3537958264350891, 0.4031175673007965, 0.3728622794151306, 0.33398735523223877]"
142953.0,2009-06-01T00:00:00.000000000,"[0.35536178946495056, 0.553381085395813, 0.553381085395813, 0.6633917689323425]","[0.41942209005355835, 0.3770270049571991, 0.3912379741668701, 0.405979722738266]"
142953.0,2009-09-01T00:00:00.000000000,"[0.553381085395813, 0.553381085395813, 0.6633917689323425, 0.5313789248466492]","[0.3429199755191803, 0.33543238043785095, 0.38984790444374084, 0.4136640131473541]"
142953.0,2009-12-01T00:00:00.000000000,"[0.553381085395813, 0.6633917689323425, 0.5313789248466492, 0.6633917689323425]","[0.38277730345726013, 0.4261438548564911, 0.4207349121570587, 0.387106329202652]"
142953.0,2010-03-01T00:00:00.000000000,"[0.6633917689323425, 0.5313789248466492, 0.6633917689323425, 0.6853939294815063]","[0.41530224680900574, 0.49253779649734497, 0.4477827548980713, 0.40321603417396545]"
142953.0,2010-06-01T00:00:00.000000000,"[0.5313789248466492, 0.6633917689323425, 0.6853939294815063, 0.7293981313705444]","[0.5105847120285034, 0.4457075297832489, 0.41715332865715027, 0.4862435758113861]"
142953.0,2010-09-01T00:00:00.000000000,"[0.6633917689323425, 0.6853939294815063, 0.7293981313705444, 0.553381085395813]","[0.4508536458015442, 0.43299028277397156, 0.4516776204109192, 0.476840615272522]"
142953.0,2010-12-01T00:00:00.000000000,"[0.6853939294815063, 0.7293981313705444, 0.553381085395813, 0.7073960304260254]","[0.44970351457595825, 0.49802738428115845, 0.5133500099182129, 0.410330593585968]"
142953.0,2011-03-01T00:00:00.000000000,"[0.7293981313705444, 0.553381085395813, 0.7073960304260254, 0.6413896679878235]","[0.5148869156837463, 0.5903262495994568, 0.5010576248168945, 0.464568555355072]"
142953.0,2011-06-01T00:00:00.000000000,"[0.553381085395813, 0.7073960304260254, 0.6413896679878235, 0.8174067735671997]","[0.6215937733650208, 0.5310101509094238, 0.4964267611503601, 0.5347572565078735]"
142953.0,2011-09-01T00:00:00.000000000,"[0.7073960304260254, 0.6413896679878235, 0.8174067735671997, 0.6853939294815063]","[0.5358154773712158, 0.48316559195518494, 0.4644153118133545, 0.48582324385643005]"
142953.0,2011-12-01T00:00:00.000000000,"[0.6413896679878235, 0.8174067735671997, 0.6853939294815063, 0.6853939294815063]","[0.5211038589477539, 0.5622309446334839, 0.5622522830963135, 0.47807785868644714]"
142953.0,2012-03-01T00:00:00.000000000,"[0.8174067735671997, 0.6853939294815063, 0.6853939294815063, 0.7734025120735168]","[0.5714446306228638, 0.598639726638794, 0.5490739941596985, 0.5035041570663452]"
142953.0,2012-06-01T00:00:00.000000000,"[0.6853939294815063, 0.6853939294815063, 0.7734025120735168, 0.9934238195419312]","[0.700116753578186, 0.6713843941688538, 0.6424364447593689, 0.6375187635421753]"
142953.0,2012-09-01T00:00:00.000000000,"[0.6853939294815063, 0.7734025120735168, 0.9934238195419312, 0.7514004111289978]","[0.6378819942474365, 0.5812247395515442, 0.5333170890808105, 0.508442759513855]"
142953.0,2012-12-01T00:00:00.000000000,"[0.7734025120735168, 0.9934238195419312, 0.7514004111289978, 0.8614109754562378]","[0.5677073001861572, 0.6419535279273987, 0.6757813692092896, 0.5356191396713257]"
142953.0,2013-03-01T00:00:00.000000000,"[0.9934238195419312, 0.7514004111289978, 0.8614109754562378, 0.8834132552146912]","[0.7091985940933228, 0.7194159030914307, 0.661745548248291, 0.6584734320640564]"
143912.0,2007-06-01T00:00:00.000000000,"[-0.4147131145000458, -0.1726895570755005, -0.45871737599372864, -0.2606981098651886]","[-0.5635083913803101, -0.5511780977249146, -0.5488799214363098, -0.5886791348457336]"
143912.0,2007-09-01T00:00:00.000000000,"[-0.1726895570755005, -0.45871737599372864, -0.2606981098651886, -0.5247237682342529]","[-0.521579384803772, -0.5176095962524414, -0.5330908298492432, -0.5062705874443054]"
143912.0,2008-03-01T00:00:00.000000000,"[-0.45871737599372864, -0.2606981098651886, -0.5247237682342529, -0.23869597911834717]","[-0.42333635687828064, -0.4328516721725464, -0.4132411479949951, -0.39208272099494934]"
143912.0,2008-06-01T00:00:00.000000000,"[-0.2606981098651886, -0.5247237682342529, -0.23869597911834717, -0.39271095395088196]","[-0.49692660570144653, -0.41636210680007935, -0.38103997707366943, -0.4957048296928406]"
143912.0,2008-09-01T00:00:00.000000000,"[-0.5247237682342529, -0.23869597911834717, -0.39271095395088196, -0.08468098938465118]","[-0.3018398880958557, -0.27702194452285767, -0.392724871635437, -0.4627193808555603]"
143912.0,2009-03-01T00:00:00.000000000,"[-0.23869597911834717, -0.39271095395088196, -0.08468098938465118, 0.20134682953357697]","[-0.4431000351905823, -0.5748456120491028, -0.5881930589675903, -0.5184113383293152]"
143912.0,2009-06-01T00:00:00.000000000,"[-0.39271095395088196, -0.08468098938465118, 0.20134682953357697, 0.17934469878673553]","[-0.31552445888519287, -0.3327055275440216, -0.3023141324520111, -0.28730928897857666]"
143912.0,2009-09-01T00:00:00.000000000,"[-0.08468098938465118, 0.20134682953357697, 0.17934469878673553, -0.722743034362793]","[-0.4207879900932312, -0.3516862392425537, -0.30813220143318176, -0.392727792263031]"
143912.0,2009-12-01T00:00:00.000000000,"[0.20134682953357697, 0.17934469878673553, -0.722743034362793, 0.17934469878673553]","[-0.18432068824768066, -0.14019379019737244, -0.21459278464317322, -0.24903959035873413]"
143912.0,2010-03-01T00:00:00.000000000,"[0.17934469878673553, -0.722743034362793, 0.17934469878673553, 1.499472975730896]","[-0.052589207887649536, -0.18031513690948486, -0.21736663579940796, -0.09526050090789795]"
143912.0,2010-06-01T00:00:00.000000000,"[-0.722743034362793, 0.17934469878673553, 1.499472975730896, -0.018674563616514206]","[-0.1181582510471344, -0.14692115783691406, -0.03626781702041626, -0.07667338848114014]"
143912.0,2010-09-01T00:00:00.000000000,"[0.17934469878673553, 1.499472975730896, -0.018674563616514206, 0.13534040749073029]","[-0.5380347371101379, -0.4785326421260834, -0.29281771183013916, -0.49128615856170654]"
143912.0,2010-12-01T00:00:00.000000000,"[1.499472975730896, -0.018674563616514206, 0.13534040749073029, 1.8735092878341675]","[0.081168532371521, -0.0020900964736938477, -0.1186927855014801, -0.06214308738708496]"
143912.0,2011-03-01T00:00:00.000000000,"[-0.018674563616514206, 0.13534040749073029, 1.8735092878341675, 0.3113575577735901]","[0.4987933039665222, 0.28983455896377563, 0.2969396114349365, 0.46306687593460083]"
147579.0,2006-06-01T00:00:00.000000000,"[-0.3392457664012909, -0.39909157156944275, -0.4743388891220093, -0.45871737599372864]","[-0.4704570770263672, -0.44525307416915894, -0.4346041977405548, -0.44923096895217896]"
147579.0,2006-09-01T00:00:00.000000000,"[-0.39909157156944275, -0.4743388891220093, -0.45871737599372864, -0.5687280893325806]","[-0.4295147955417633, -0.42132192850112915, -0.43617817759513855, -0.38116759061813354]"
147579.0,2006-12-01T00:00:00.000000000,"[-0.4743388891220093, -0.45871737599372864, -0.5687280893325806, -0.5467259287834167]","[-0.43870455026626587, -0.44675412774086, -0.4108416438102722, -0.43055176734924316]"
147579.0,2007-03-01T00:00:00.000000000,"[-0.45871737599372864, -0.5687280893325806, -0.5467259287834167, -0.5467259287834167]","[-0.4869890809059143, -0.4251198172569275, -0.43233829736709595, -0.4403926730155945]"
147579.0,2007-06-01T00:00:00.000000000,"[-0.5687280893325806, -0.5467259287834167, -0.5467259287834167, -0.5687280893325806]","[-0.41634881496429443, -0.4258057475090027, -0.42721453309059143, -0.4236392676830292]"
147579.0,2007-09-01T00:00:00.000000000,"[-0.5467259287834167, -0.5467259287834167, -0.5687280893325806, -0.5027216672897339]","[-0.5128510594367981, -0.5202985405921936, -0.506723940372467, -0.4442729353904724]"
147579.0,2007-12-01T00:00:00.000000000,"[-0.5467259287834167, -0.5687280893325806, -0.5027216672897339, -0.4367152154445648]","[-0.5040310621261597, -0.4894145429134369, -0.45595064759254456, -0.4601678252220154]"
147579.0,2008-03-01T00:00:00.000000000,"[-0.5687280893325806, -0.5027216672897339, -0.4367152154445648, -0.37070879340171814]","[-0.5289310216903687, -0.5030490756034851, -0.5232409238815308, -0.5111902952194214]"
147579.0,2008-06-01T00:00:00.000000000,"[-0.5027216672897339, -0.4367152154445648, -0.37070879340171814, 0.17934469878673553]","[-0.5105701088905334, -0.5148736238479614, -0.5155178904533386, -0.502600908279419]"
147579.0,2008-09-01T00:00:00.000000000,"[-0.4367152154445648, -0.37070879340171814, 0.17934469878673553, -0.37070879340171814]","[-0.5262463092803955, -0.5262994766235352, -0.5126529335975647, -0.47254282236099243]"
147579.0,2008-12-01T00:00:00.000000000,"[-0.37070879340171814, 0.17934469878673553, -0.37070879340171814, -0.06267886608839035]","[-0.4930160641670227, -0.46567776799201965, -0.45846879482269287, -0.4612289071083069]"
147579.0,2009-03-01T00:00:00.000000000,"[0.17934469878673553, -0.37070879340171814, -0.06267886608839035, 0.20134682953357697]","[-0.4714926481246948, -0.42362043261528015, -0.4284137487411499, -0.43240806460380554]"
147579.0,2009-06-01T00:00:00.000000000,"[-0.37070879340171814, -0.06267886608839035, 0.20134682953357697, 0.7073960304260254]","[-0.2253633439540863, -0.24671874940395355, -0.24859200417995453, -0.1816973090171814]"
147579.0,2009-09-01T00:00:00.000000000,"[-0.06267886608839035, 0.20134682953357697, 0.7073960304260254, 1.1694409847259521]","[-0.42770108580589294, -0.4256015419960022, -0.3079831600189209, -0.4274161458015442]"
147579.0,2009-12-01T00:00:00.000000000,"[0.20134682953357697, 0.7073960304260254, 1.1694409847259521, 1.2574495077133179]","[-0.26470255851745605, -0.2712081968784332, -0.3227299451828003, -0.29020944237709045]"
147579.0,2010-03-01T00:00:00.000000000,"[0.7073960304260254, 1.1694409847259521, 1.2574495077133179, -0.04067668318748474]","[-0.0631011426448822, -0.20951154828071594, -0.244781494140625, -0.1879904866218567]"
147579.0,2010-06-01T00:00:00.000000000,"[1.1694409847259521, 1.2574495077133179, -0.04067668318748474, 0.9714217185974121]","[0.08311709761619568, 0.07150080800056458, 0.010740309953689575, 0.04463016986846924]"
147579.0,2010-09-01T00:00:00.000000000,"[1.2574495077133179, -0.04067668318748474, 0.9714217185974121, 0.6193875670433044]","[0.3537536561489105, 0.29805508255958557, 0.18006274104118347, 0.16947683691978455]"
147579.0,2010-12-01T00:00:00.000000000,"[-0.04067668318748474, 0.9714217185974121, 0.6193875670433044, 2.533573627471924]","[0.4674016535282135, 0.3952558934688568, 0.22458598017692566, 0.15731263160705566]"
147579.0,2011-03-01T00:00:00.000000000,"[0.9714217185974121, 0.6193875670433044, 2.533573627471924, 2.1595370769500732]","[-0.12529484927654266, -0.2615073323249817, -0.09510453045368195, -0.28256040811538696]"
147579.0,2011-06-01T00:00:00.000000000,"[0.6193875670433044, 2.533573627471924, 2.1595370769500732, 2.7535951137542725]","[0.5924695730209351, 0.3837687373161316, 0.21801352500915527, 0.3643759489059448]"
147579.0,2011-09-01T00:00:00.000000000,"[2.533573627471924, 2.1595370769500732, 2.7535951137542725, 2.7975993156433105]","[0.6030042171478271, 0.2761686444282532, 0.2757025361061096, 0.31372517347335815]"
147579.0,2011-12-01T00:00:00.000000000,"[2.1595370769500732, 2.7535951137542725, 2.7975993156433105, 3.127631425857544]","[1.151115894317627, 1.2123048305511475, 0.9928925633430481, 1.038722276687622]"
147579.0,2012-03-01T00:00:00.000000000,"[2.7535951137542725, 2.7975993156433105, 3.127631425857544, 1.9175138473510742]","[1.3958067893981934, 1.2784866094589233, 1.2699685096740723, 0.8162089586257935]"
147579.0,2012-06-01T00:00:00.000000000,"[2.7975993156433105, 3.127631425857544, 1.9175138473510742, 7.5500617027282715]","[1.8081400394439697, 1.9221206903457642, 1.4111415147781372, 1.1990017890930176]"
147579.0,2012-09-01T00:00:00.000000000,"[3.127631425857544, 1.9175138473510742, 7.5500617027282715, 5.833894729614258]","[2.1657299995422363, 1.6787844896316528, 1.5282223224639893, 1.5318818092346191]"
147579.0,2012-12-01T00:00:00.000000000,"[1.9175138473510742, 7.5500617027282715, 5.833894729614258, 6.317941665649414]","[2.358539342880249, 2.200812578201294, 1.9915146827697754, 2.08469295501709]"
147579.0,2013-03-01T00:00:00.000000000,"[7.5500617027282715, 5.833894729614258, 6.317941665649414, 2.225543737411499]","[1.9800713062286377, 1.7343809604644775, 1.953852891921997, 1.6047933101654053]"
157855.0,2006-06-01T00:00:00.000000000,"[-0.45871737599372864, -0.4147131145000458, -0.39271095395088196, -0.39271095395088196]","[-0.48926982283592224, -0.49767446517944336, -0.5005446076393127, -0.488532692193985]"
157855.0,2006-09-01T00:00:00.000000000,"[-0.4147131145000458, -0.39271095395088196, -0.39271095395088196, -0.3487066924571991]","[-0.47133949398994446, -0.4761902987957001, -0.4748821556568146, -0.46941566467285156]"
157855.0,2006-12-01T00:00:00.000000000,"[-0.39271095395088196, -0.39271095395088196, -0.3487066924571991, -0.28270024061203003]","[-0.4491433799266815, -0.44204777479171753, -0.43994200229644775, -0.4400889277458191]"
157855.0,2007-03-01T00:00:00.000000000,"[-0.39271095395088196, -0.3487066924571991, -0.28270024061203003, -0.23869597911834717]","[-0.4249936640262604, -0.418621301651001, -0.4187949299812317, -0.42314714193344116]"
157855.0,2007-06-01T00:00:00.000000000,"[-0.3487066924571991, -0.28270024061203003, -0.23869597911834717, -0.28270024061203003]","[-0.4083418846130371, -0.4210420548915863, -0.4271314740180969, -0.4186631441116333]"
157855.0,2007-09-01T00:00:00.000000000,"[-0.28270024061203003, -0.23869597911834717, -0.28270024061203003, -0.1726895570755005]","[-0.38697171211242676, -0.40096208453178406, -0.4045334458351135, -0.392021119594574]"
157855.0,2007-12-01T00:00:00.000000000,"[-0.23869597911834717, -0.28270024061203003, -0.1726895570755005, -0.1726895570755005]","[-0.3511323928833008, -0.35727596282958984, -0.3549064099788666, -0.3504455089569092]"
157855.0,2008-03-01T00:00:00.000000000,"[-0.28270024061203003, -0.1726895570755005, -0.1726895570755005, -0.1726895570755005]","[-0.31687766313552856, -0.32387006282806396, -0.3282591700553894, -0.322051465511322]"
157855.0,2008-06-01T00:00:00.000000000,"[-0.1726895570755005, -0.1726895570755005, -0.1726895570755005, -0.08468098938465118]","[-0.31755656003952026, -0.35260677337646484, -0.3529994487762451, -0.3411608338356018]"
157855.0,2008-09-01T00:00:00.000000000,"[-0.1726895570755005, -0.1726895570755005, -0.08468098938465118, -0.08468098938465118]","[-0.2569209337234497, -0.2870689332485199, -0.2963564991950989, -0.26766237616539]"
157855.0,2008-12-01T00:00:00.000000000,"[-0.1726895570755005, -0.08468098938465118, -0.08468098938465118, 0.025329740718007088]","[-0.24204450845718384, -0.2749461531639099, -0.2682337760925293, -0.25004395842552185]"
157855.0,2009-03-01T00:00:00.000000000,"[-0.08468098938465118, -0.08468098938465118, 0.025329740718007088, 0.15734252333641052]","[-0.23121371865272522, -0.23199503123760223, -0.23364096879959106, -0.22892062366008759]"
157855.0,2009-06-01T00:00:00.000000000,"[-0.08468098938465118, 0.025329740718007088, 0.15734252333641052, 0.06933397799730301]","[-0.15487954020500183, -0.19734692573547363, -0.20539206266403198, -0.1810196042060852]"
157855.0,2009-09-01T00:00:00.000000000,"[0.025329740718007088, 0.15734252333641052, 0.06933397799730301, 0.9274174571037292]","[-0.13464882969856262, -0.18356487154960632, -0.18558081984519958, -0.15584155917167664]"
157855.0,2009-12-01T00:00:00.000000000,"[0.15734252333641052, 0.06933397799730301, 0.9274174571037292, 0.4653724431991577]","[-0.08595836162567139, -0.10973155498504639, -0.11122772097587585, -0.08463579416275024]"
157855.0,2010-03-01T00:00:00.000000000,"[0.06933397799730301, 0.9274174571037292, 0.4653724431991577, 0.6413896679878235]","[0.003142029047012329, -0.025660455226898193, -0.02350357174873352, -0.0022511184215545654]"
157855.0,2010-06-01T00:00:00.000000000,"[0.9274174571037292, 0.4653724431991577, 0.6413896679878235, 0.8394088745117188]","[-0.007291674613952637, -0.04611623287200928, -0.04670560359954834, -0.03561204671859741]"
157855.0,2010-09-01T00:00:00.000000000,"[0.4653724431991577, 0.6413896679878235, 0.8394088745117188, 1.3454581499099731]","[0.36077865958213806, 0.2931843101978302, 0.2015543282032013, 0.27430471777915955]"
157855.0,2010-12-01T00:00:00.000000000,"[0.6413896679878235, 0.8394088745117188, 1.3454581499099731, 0.7514004111289978]","[0.18013355135917664, 0.12056481838226318, 0.2957240343093872, 0.17276370525360107]"
157855.0,2011-03-01T00:00:00.000000000,"[0.8394088745117188, 1.3454581499099731, 0.7514004111289978, 0.9494196176528931]","[0.3061540722846985, 0.3466082811355591, 0.26155441999435425, 0.23978227376937866]"
157855.0,2011-06-01T00:00:00.000000000,"[1.3454581499099731, 0.7514004111289978, 0.9494196176528931, 0.7514004111289978]","[0.5982567071914673, 0.3720611333847046, 0.3551924228668213, 0.4304776191711426]"
157855.0,2011-09-01T00:00:00.000000000,"[0.7514004111289978, 0.9494196176528931, 0.7514004111289978, 0.8394088745117188]","[0.8367563486099243, 0.7472379803657532, 0.6702264547348022, 0.7297762632369995]"
157855.0,2011-12-01T00:00:00.000000000,"[0.9494196176528931, 0.7514004111289978, 0.8394088745117188, 2.4675674438476562]","[0.5276442170143127, 0.465969443321228, 0.6435408592224121, 0.4148874878883362]"
157855.0,2012-03-01T00:00:00.000000000,"[0.7514004111289978, 0.8394088745117188, 2.4675674438476562, 3.127631425857544]","[0.8117338418960571, 0.7923187017440796, 0.6268035173416138, 0.6148000955581665]"
157855.0,2012-06-01T00:00:00.000000000,"[0.8394088745117188, 2.4675674438476562, 3.127631425857544, 1.5874814987182617]","[0.8910531401634216, 0.5571991205215454, 0.5712360143661499, 0.6780438423156738]"
157855.0,2012-09-01T00:00:00.000000000,"[2.4675674438476562, 3.127631425857544, 1.5874814987182617, 1.9615180492401123]","[0.8767793774604797, 0.8078212738037109, 0.7901695966720581, 0.9009567499160767]"
157855.0,2012-12-01T00:00:00.000000000,"[3.127631425857544, 1.5874814987182617, 1.9615180492401123, 2.5555758476257324]","[1.5699094533920288, 1.4621083736419678, 1.450214147567749, 1.5315065383911133]"
157855.0,2013-03-01T00:00:00.000000000,"[1.5874814987182617, 1.9615180492401123, 2.5555758476257324, 2.0935308933258057]","[1.979871392250061, 1.973842740058899, 1.868714451789856, 1.845880389213562]"
160329.0,2006-06-01T00:00:00.000000000,"[-0.03187587484717369, -0.002172973472625017, 0.056132733821868896, 0.022029396146535873]","[-0.0580536425113678, -0.04158663749694824, -0.039803653955459595, -0.03549906611442566]"
160329.0,2006-09-01T00:00:00.000000000,"[-0.002172973472625017, 0.056132733821868896, 0.022029396146535873, 0.06823388487100601]","[-0.04938727617263794, -0.027886927127838135, -0.03218868374824524, -0.05235755443572998]"
160329.0,2006-12-01T00:00:00.000000000,"[0.056132733821868896, 0.022029396146535873, 0.06823388487100601, 0.1078377515077591]","[-0.009251832962036133, -0.02107146382331848, -0.039974063634872437, -0.032779812812805176]"
160329.0,2007-03-01T00:00:00.000000000,"[0.022029396146535873, 0.06823388487100601, 0.1078377515077591, 0.25305184721946716]","[0.03250095248222351, -0.010897397994995117, -0.01307341456413269, 0.01423877477645874]"
160329.0,2007-06-01T00:00:00.000000000,"[0.06823388487100601, 0.1078377515077591, 0.25305184721946716, 0.12433934211730957]","[-0.000606238842010498, 0.010331869125366211, 0.019814997911453247, 0.022264093160629272]"
160329.0,2007-09-01T00:00:00.000000000,"[0.1078377515077591, 0.25305184721946716, 0.12433934211730957, 0.22554919123649597]","[0.03573036193847656, 0.058319419622421265, 0.04513067007064819, 0.031037092208862305]"
160329.0,2007-12-01T00:00:00.000000000,"[0.25305184721946716, 0.12433934211730957, 0.22554919123649597, 0.2959560453891754]","[0.09380480647087097, 0.05647274851799011, 0.035103827714920044, 0.05156877636909485]"
160329.0,2008-03-01T00:00:00.000000000,"[0.12433934211730957, 0.22554919123649597, 0.2959560453891754, 0.32895922660827637]","[0.163434699177742, 0.11907713115215302, 0.11778520047664642, 0.15092508494853973]"
160329.0,2008-06-01T00:00:00.000000000,"[0.22554919123649597, 0.2959560453891754, 0.32895922660827637, 0.14964181184768677]","[0.08788810670375824, 0.09201796352863312, 0.11229263246059418, 0.10585568845272064]"
160329.0,2008-09-01T00:00:00.000000000,"[0.2959560453891754, 0.32895922660827637, 0.14964181184768677, -0.14958731830120087]","[0.1620984673500061, 0.1816861629486084, 0.15777474641799927, 0.1569250226020813]"
160329.0,2008-12-01T00:00:00.000000000,"[0.32895922660827637, 0.14964181184768677, -0.14958731830120087, 0.35206151008605957]","[0.27148473262786865, 0.1942884624004364, 0.17619159817695618, 0.2058614194393158]"
160329.0,2009-03-01T00:00:00.000000000,"[0.14964181184768677, -0.14958731830120087, 0.35206151008605957, 0.36636292934417725]","[0.26634517312049866, 0.22866126894950867, 0.2340051233768463, 0.26414430141448975]"
160329.0,2009-06-01T00:00:00.000000000,"[-0.14958731830120087, 0.35206151008605957, 0.36636292934417725, 0.3916653096675873]","[0.16157367825508118, 0.1628079116344452, 0.18088266253471375, 0.17049720883369446]"
160329.0,2009-09-01T00:00:00.000000000,"[0.35206151008605957, 0.36636292934417725, 0.3916653096675873, 0.5918847918510437]","[0.054561227560043335, 0.06889800727367401, 0.047406986355781555, 0.05799025297164917]"
160329.0,2009-12-01T00:00:00.000000000,"[0.36636292934417725, 0.3916653096675873, 0.5918847918510437, 0.735998809337616]","[0.35138359665870667, 0.27273795008659363, 0.23466315865516663, 0.2944389283657074]"
160329.0,2010-03-01T00:00:00.000000000,"[0.3916653096675873, 0.5918847918510437, 0.735998809337616, 0.7040956616401672]","[0.28507712483406067, 0.2852105498313904, 0.3269904553890228, 0.34682926535606384]"
160329.0,2010-06-01T00:00:00.000000000,"[0.5918847918510437, 0.735998809337616, 0.7040956616401672, 0.6083865165710449]","[0.2503513991832733, 0.38843661546707153, 0.4292452335357666, 0.3477449119091034]"
160329.0,2010-09-01T00:00:00.000000000,"[0.735998809337616, 0.7040956616401672, 0.6083865165710449, 0.862511157989502]","[0.44443413615226746, 0.44328686594963074, 0.41123977303504944, 0.42138567566871643]"
160329.0,2010-12-01T00:00:00.000000000,"[0.7040956616401672, 0.6083865165710449, 0.862511157989502, 0.48407435417175293]","[0.6163433194160461, 0.5125759243965149, 0.4931727647781372, 0.559323787689209]"
160329.0,2011-03-01T00:00:00.000000000,"[0.6083865165710449, 0.862511157989502, 0.48407435417175293, 0.9879233241081238]","[0.5341153144836426, 0.5110113620758057, 0.5505945682525635, 0.5936418771743774]"
160329.0,2011-06-01T00:00:00.000000000,"[0.862511157989502, 0.48407435417175293, 0.9879233241081238, 0.3850646913051605]","[0.4789392650127411, 0.5417267084121704, 0.5829950571060181, 0.5370587110519409]"
160329.0,2011-09-01T00:00:00.000000000,"[0.48407435417175293, 0.9879233241081238, 0.3850646913051605, 0.4136675000190735]","[0.7358064651489258, 0.6686922311782837, 0.6175352334976196, 0.6704185009002686]"
160329.0,2011-12-01T00:00:00.000000000,"[0.9879233241081238, 0.3850646913051605, 0.4136675000190735, 1.103434681892395]","[0.6518949270248413, 0.5119268298149109, 0.5205112099647522, 0.5728577375411987]"
160329.0,2012-03-01T00:00:00.000000000,"[0.3850646913051605, 0.4136675000190735, 1.103434681892395, 1.752497673034668]","[0.7831521034240723, 0.7736221551895142, 0.7630059123039246, 0.8338232636451721]"
160329.0,2012-06-01T00:00:00.000000000,"[0.4136675000190735, 1.103434681892395, 1.752497673034668, 2.1914403438568115]","[0.4764970541000366, 0.47216540575027466, 0.620125949382782, 0.47136855125427246]"
160329.0,2012-09-01T00:00:00.000000000,"[1.103434681892395, 1.752497673034668, 2.1914403438568115, 2.2981507778167725]","[0.6337184906005859, 0.654805600643158, 0.5987122058868408, 0.6379076838493347]"
160329.0,2012-12-01T00:00:00.000000000,"[1.752497673034668, 2.1914403438568115, 2.2981507778167725, 2.3784584999084473]","[1.047560453414917, 0.8585106730461121, 0.833706796169281, 0.9137625098228455]"
160329.0,2013-03-01T00:00:00.000000000,"[2.1914403438568115, 2.2981507778167725, 2.3784584999084473, 2.675487518310547]","[1.1324207782745361, 1.142721176147461, 1.185821771621704, 1.2954151630401611]"
162887.0,2007-03-01T00:00:00.000000000,"[-0.7942500114440918, -0.7282435894012451, -0.7392446994781494, -0.6897398233413696]","[-0.7244344353675842, -0.7273478507995605, -0.7385974526405334, -0.7165975570678711]"
162887.0,2007-06-01T00:00:00.000000000,"[-0.7282435894012451, -0.7392446994781494, -0.6897398233413696, -0.8272532224655151]","[-0.7547241449356079, -0.7688438296318054, -0.7568842172622681, -0.7643395662307739]"
162887.0,2007-09-01T00:00:00.000000000,"[-0.7392446994781494, -0.6897398233413696, -0.8272532224655151, -0.8327537775039673]","[-0.7611081600189209, -0.7516183853149414, -0.7643409967422485, -0.7509820461273193]"
162887.0,2007-12-01T00:00:00.000000000,"[-0.6897398233413696, -0.8272532224655151, -0.8327537775039673, -0.8217527270317078]","[-0.7231537699699402, -0.7469249963760376, -0.7460702657699585, -0.7464485168457031]"
162887.0,2008-03-01T00:00:00.000000000,"[-0.8272532224655151, -0.8327537775039673, -0.8217527270317078, -0.7502457499504089]","[-0.7254456877708435, -0.7124096751213074, -0.7127168774604797, -0.7075541615486145]"
162887.0,2008-06-01T00:00:00.000000000,"[-0.8327537775039673, -0.8217527270317078, -0.7502457499504089, -0.970267117023468]","[-0.771470308303833, -0.7637153267860413, -0.7566964030265808, -0.7787834405899048]"
162887.0,2008-09-01T00:00:00.000000000,"[-0.8217527270317078, -0.7502457499504089, -0.970267117023468, -0.7887494564056396]","[-0.8014751076698303, -0.7952889800071716, -0.8065080046653748, -0.7984778881072998]"
162887.0,2008-12-01T00:00:00.000000000,"[-0.7502457499504089, -0.970267117023468, -0.7887494564056396, -0.722743034362793]","[-0.7737970352172852, -0.7918571829795837, -0.7846627235412598, -0.7838748097419739]"
162887.0,2009-03-01T00:00:00.000000000,"[-0.970267117023468, -0.7887494564056396, -0.722743034362793, -0.6457355618476868]","[-0.7776839137077332, -0.760764479637146, -0.7649497985839844, -0.7438358664512634]"
162887.0,2009-06-01T00:00:00.000000000,"[-0.7887494564056396, -0.722743034362793, -0.6457355618476868, -0.8767580389976501]","[-0.8000364303588867, -0.8089287877082825, -0.7998777627944946, -0.8055307269096375]"
162887.0,2009-09-01T00:00:00.000000000,"[-0.722743034362793, -0.6457355618476868, -0.8767580389976501, -0.7557463049888611]","[-0.790705144405365, -0.7776773571968079, -0.7878838181495667, -0.7632386684417725]"
162887.0,2009-12-01T00:00:00.000000000,"[-0.6457355618476868, -0.8767580389976501, -0.7557463049888611, -0.607231855392456]","[-0.749553382396698, -0.7659549117088318, -0.7444605231285095, -0.7329518795013428]"
162887.0,2010-03-01T00:00:00.000000000,"[-0.8767580389976501, -0.7557463049888611, -0.607231855392456, -0.4037120044231415]","[-0.7420610785484314, -0.7038617730140686, -0.6845487952232361, -0.6658365726470947]"
162887.0,2010-06-01T00:00:00.000000000,"[-0.7557463049888611, -0.607231855392456, -0.4037120044231415, -0.7282435894012451]","[-0.8151016235351562, -0.8033326864242554, -0.6958820819854736, -0.8278239369392395]"
162887.0,2010-09-01T00:00:00.000000000,"[-0.607231855392456, -0.4037120044231415, -0.7282435894012451, -0.6567366123199463]","[-0.7621970176696777, -0.7399606108665466, -0.7853395938873291, -0.7437084317207336]"
162887.0,2010-12-01T00:00:00.000000000,"[-0.4037120044231415, -0.7282435894012451, -0.6567366123199463, -0.34320613741874695]","[-0.6276987791061401, -0.7407326102256775, -0.7309972643852234, -0.6830271482467651]"
162887.0,2011-03-01T00:00:00.000000000,"[-0.7282435894012451, -0.6567366123199463, -0.34320613741874695, -0.06817939877510071]","[-0.6858049631118774, -0.6300939321517944, -0.6191924810409546, -0.5873695611953735]"
162887.0,2011-06-01T00:00:00.000000000,"[-0.6567366123199463, -0.34320613741874695, -0.06817939877510071, -0.45871737599372864]","[-0.7670356035232544, -0.7318049073219299, -0.5915467143058777, -0.814827024936676]"
162887.0,2011-09-01T00:00:00.000000000,"[-0.34320613741874695, -0.06817939877510071, -0.45871737599372864, -0.26619863510131836]","[-0.6665202379226685, -0.64006507396698, -0.7384528517723083, -0.717204213142395]"
162887.0,2011-12-01T00:00:00.000000000,"[-0.06817939877510071, -0.45871737599372864, -0.26619863510131836, -0.1836906224489212]","[-0.427345335483551, -0.6324474811553955, -0.6444361209869385, -0.5706654191017151]"
162887.0,2012-03-01T00:00:00.000000000,"[-0.45871737599372864, -0.26619863510131836, -0.1836906224489212, -0.20019221305847168]","[-0.5025412440299988, -0.46629348397254944, -0.46149274706840515, -0.4174368977546692]"
162887.0,2012-06-01T00:00:00.000000000,"[-0.26619863510131836, -0.1836906224489212, -0.20019221305847168, -0.5192232131958008]","[-0.629490852355957, -0.535003662109375, -0.39303267002105713, -0.7380244135856628]"
162887.0,2012-09-01T00:00:00.000000000,"[-0.1836906224489212, -0.20019221305847168, -0.5192232131958008, -0.28270024061203003]","[-0.3616963326931, -0.3398953080177307, -0.5324381589889526, -0.5538488626480103]"
162887.0,2012-12-01T00:00:00.000000000,"[-0.20019221305847168, -0.5192232131958008, -0.28270024061203003, -0.21119330823421478]","[-0.1764603853225708, -0.48798781633377075, -0.5039311647415161, -0.4015237092971802]"
162887.0,2013-03-01T00:00:00.000000000,"[-0.5192232131958008, -0.28270024061203003, -0.21119330823421478, -0.3267045319080353]","[-0.44293510913848877, -0.4271647334098816, -0.38134267926216125, -0.32642126083374023]"
164296.0,2006-09-01T00:00:00.000000000,"[0.13534040749073029, 0.11333828419446945, 0.26735323667526245, 0.2453511357307434]","[0.027318120002746582, 0.16560950875282288, 0.321456640958786, 0.12514817714691162]"
164296.0,2007-03-01T00:00:00.000000000,"[0.11333828419446945, 0.26735323667526245, 0.2453511357307434, 0.047331858426332474]","[0.2157355099916458, 0.31556040048599243, 0.270953893661499, 0.16059760749340057]"
164296.0,2007-06-01T00:00:00.000000000,"[0.26735323667526245, 0.2453511357307434, 0.047331858426332474, 0.2233489453792572]","[0.22606484591960907, 0.08181272447109222, -0.028898611664772034, 0.09668774902820587]"
164296.0,2007-09-01T00:00:00.000000000,"[0.2453511357307434, 0.047331858426332474, 0.2233489453792572, 0.7514004111289978]","[0.17819912731647491, -0.004714518785476685, 0.10449393093585968, 0.22825847566127777]"
164296.0,2007-12-01T00:00:00.000000000,"[0.047331858426332474, 0.2233489453792572, 0.7514004111289978, 0.09133616089820862]","[0.07351651787757874, 0.203359454870224, 0.20997533202171326, 0.1466120183467865]"
164296.0,2008-03-01T00:00:00.000000000,"[0.2233489453792572, 0.7514004111289978, 0.09133616089820862, 0.44337034225463867]","[0.102320596575737, 0.26414233446121216, 0.19478186964988708, 0.09634661674499512]"
164296.0,2008-06-01T00:00:00.000000000,"[0.7514004111289978, 0.09133616089820862, 0.44337034225463867, 0.2453511357307434]","[0.18042844533920288, 0.11695127934217453, 0.06001430004835129, 0.14265912771224976]"
164296.0,2008-09-01T00:00:00.000000000,"[0.09133616089820862, 0.44337034225463867, 0.2453511357307434, 0.7954046130180359]","[0.3074742555618286, 0.20458047091960907, 0.3616287112236023, 0.4165503978729248]"
164296.0,2008-12-01T00:00:00.000000000,"[0.44337034225463867, 0.2453511357307434, 0.7954046130180359, 0.2453511357307434]","[0.17207536101341248, 0.2703154385089874, 0.2804376780986786, 0.24997669458389282]"
164296.0,2009-03-01T00:00:00.000000000,"[0.2453511357307434, 0.7954046130180359, 0.2453511357307434, 0.11333828419446945]","[0.2925496995449066, 0.4549115300178528, 0.3721013069152832, 0.3848037123680115]"
164296.0,2009-06-01T00:00:00.000000000,"[0.7954046130180359, 0.2453511357307434, 0.11333828419446945, 0.4653724431991577]","[0.43270882964134216, 0.2420673817396164, 0.24501663446426392, 0.2615739703178406]"
164296.0,2009-09-01T00:00:00.000000000,"[0.2453511357307434, 0.11333828419446945, 0.4653724431991577, 0.7514004111289978]","[0.45200520753860474, 0.5214071869850159, 0.5059908032417297, 0.6608564257621765]"
164296.0,2009-12-01T00:00:00.000000000,"[0.11333828419446945, 0.4653724431991577, 0.7514004111289978, 0.44337034225463867]","[0.36153095960617065, 0.49353209137916565, 0.7392688989639282, 0.3269207775592804]"
164296.0,2010-03-01T00:00:00.000000000,"[0.4653724431991577, 0.7514004111289978, 0.44337034225463867, 0.9274174571037292]","[0.26808109879493713, 0.43162432312965393, 0.2787782549858093, 0.3101704716682434]"
164296.0,2010-06-01T00:00:00.000000000,"[0.7514004111289978, 0.44337034225463867, 0.9274174571037292, 1.2134451866149902]","[0.6705174446105957, 0.33477556705474854, 0.3433035612106323, 0.3937881588935852]"
164296.0,2010-09-01T00:00:00.000000000,"[0.44337034225463867, 0.9274174571037292, 1.2134451866149902, 1.4334666728973389]","[0.384346067905426, 0.5423161387443542, 0.5775657296180725, 0.6942957043647766]"
164296.0,2010-12-01T00:00:00.000000000,"[0.9274174571037292, 1.2134451866149902, 1.4334666728973389, 1.2134451866149902]","[0.425722599029541, 0.6246340274810791, 0.886674702167511, 0.4339216947555542]"
164296.0,2011-03-01T00:00:00.000000000,"[1.2134451866149902, 1.4334666728973389, 1.2134451866149902, 1.455468773841858]","[0.6838172078132629, 0.867104709148407, 0.6707862615585327, 0.738548219203949]"
164296.0,2011-06-01T00:00:00.000000000,"[1.4334666728973389, 1.2134451866149902, 1.455468773841858, 1.2134451866149902]","[1.1377893686294556, 0.8404306173324585, 0.858270525932312, 0.8895061016082764]"
164296.0,2011-09-01T00:00:00.000000000,"[1.2134451866149902, 1.455468773841858, 1.2134451866149902, 0.9934238195419312]","[0.8270907402038574, 0.91375732421875, 0.9692932367324829, 1.1189994812011719]"
164296.0,2011-12-01T00:00:00.000000000,"[1.455468773841858, 1.2134451866149902, 0.9934238195419312, 1.0814324617385864]","[0.8116809129714966, 0.8597732782363892, 1.242854356765747, 0.8005674481391907]"
164296.0,2012-03-01T00:00:00.000000000,"[1.2134451866149902, 0.9934238195419312, 1.0814324617385864, 0.9714217185974121]","[1.1401621103286743, 1.178554654121399, 0.9633059501647949, 1.0850154161453247]"
164296.0,2012-06-01T00:00:00.000000000,"[0.9934238195419312, 1.0814324617385864, 0.9714217185974121, 0.4653724431991577]","[1.3579528331756592, 0.9982401132583618, 1.0702201128005981, 1.0779178142547607]"
164296.0,2012-09-01T00:00:00.000000000,"[1.0814324617385864, 0.9714217185974121, 0.4653724431991577, 1.2574495077133179]","[0.8626794815063477, 0.8724485039710999, 0.8833057880401611, 1.0993808507919312]"
164296.0,2012-12-01T00:00:00.000000000,"[0.9714217185974121, 0.4653724431991577, 1.2574495077133179, -0.1726895570755005]","[1.031264066696167, 0.934584379196167, 1.2533886432647705, 0.8930978775024414]"
164296.0,2013-03-01T00:00:00.000000000,"[0.4653724431991577, 1.2574495077133179, -0.1726895570755005, -0.5247237682342529]","[1.1013187170028687, 1.2021328210830688, 1.0273315906524658, 1.047441005706787]"
178015.0,2008-09-01T00:00:00.000000000,"[0.13534040749073029, 0.33335965871810913, 1.499472975730896, 0.003327556187286973]","[0.1273653507232666, 0.472156286239624, 1.24868643283844, 0.14194370806217194]"
178015.0,2008-12-01T00:00:00.000000000,"[0.33335965871810913, 1.499472975730896, 0.003327556187286973, 0.15734252333641052]","[0.3844035863876343, 0.8573301434516907, 0.22991786897182465, 0.16011212766170502]"
178015.0,2009-03-01T00:00:00.000000000,"[1.499472975730896, 0.003327556187286973, 0.15734252333641052, 0.5313789248466492]","[0.8922978043556213, 0.22057875990867615, 0.23583562672138214, 0.4029397666454315]"
178015.0,2009-06-01T00:00:00.000000000,"[0.003327556187286973, 0.15734252333641052, 0.5313789248466492, 2.225543737411499]","[0.5531453490257263, 0.6804054975509644, 0.8752424716949463, 1.2121647596359253]"
178015.0,2009-09-01T00:00:00.000000000,"[0.15734252333641052, 0.5313789248466492, 2.225543737411499, 0.5093768239021301]","[0.186093270778656, 0.5825544595718384, 1.5447728633880615, 0.18675535917282104]"
178015.0,2009-12-01T00:00:00.000000000,"[0.5313789248466492, 2.225543737411499, 0.5093768239021301, 0.8614109754562378]","[0.5385008454322815, 1.1799477338790894, 0.31150931119918823, 0.13876445591449738]"
178015.0,2010-03-01T00:00:00.000000000,"[2.225543737411499, 0.5093768239021301, 0.8614109754562378, 0.9494196176528931]","[1.2577205896377563, 0.3184811770915985, 0.31005042791366577, 0.5554631352424622]"
178015.0,2010-06-01T00:00:00.000000000,"[0.5093768239021301, 0.8614109754562378, 0.9494196176528931, 3.369654893875122]","[0.6932854652404785, 0.8084615468978882, 1.169730305671692, 1.6381381750106812]"
178015.0,2010-09-01T00:00:00.000000000,"[0.8614109754562378, 0.9494196176528931, 3.369654893875122, 0.9274174571037292]","[0.27245259284973145, 0.773316502571106, 2.0904901027679443, 0.35069936513900757]"
178015.0,2010-12-01T00:00:00.000000000,"[0.9494196176528931, 3.369654893875122, 0.9274174571037292, 1.4114645719528198]","[1.1302963495254517, 2.006337881088257, 0.8324804306030273, 0.4767468273639679]"
178015.0,2011-03-01T00:00:00.000000000,"[3.369654893875122, 0.9274174571037292, 1.4114645719528198, 1.4114645719528198]","[1.9740983247756958, 0.5991896390914917, 0.5420852303504944, 0.9054476618766785]"
178015.0,2011-06-01T00:00:00.000000000,"[0.9274174571037292, 1.4114645719528198, 1.4114645719528198, 4.315746784210205]","[1.232071042060852, 1.2322227954864502, 1.6552553176879883, 2.280115842819214]"
178015.0,2011-09-01T00:00:00.000000000,"[1.4114645719528198, 1.4114645719528198, 4.315746784210205, -0.21669383347034454]","[0.4748505651950836, 0.9956182241439819, 2.834779977798462, 0.5613824129104614]"
178015.0,2011-12-01T00:00:00.000000000,"[1.4114645719528198, 4.315746784210205, -0.21669383347034454, 0.8174067735671997]","[1.6772422790527344, 2.812782049179077, 1.2551530599594116, 0.7383861541748047]"
178015.0,2012-03-01T00:00:00.000000000,"[4.315746784210205, -0.21669383347034454, 0.8174067735671997, 1.8515071868896484]","[2.8084230422973633, 0.9188308715820312, 0.7890334725379944, 1.2571983337402344]"
178015.0,2012-06-01T00:00:00.000000000,"[-0.21669383347034454, 0.8174067735671997, 1.8515071868896484, 4.975811004638672]","[1.7215112447738647, 1.6540062427520752, 2.1344308853149414, 2.945827007293701]"
178015.0,2012-09-01T00:00:00.000000000,"[0.8174067735671997, 1.8515071868896484, 4.975811004638672, 1.8515071868896484]","[0.30024972558021545, 0.7242276072502136, 3.3053910732269287, 0.26618778705596924]"
178015.0,2012-12-01T00:00:00.000000000,"[1.8515071868896484, 4.975811004638672, 1.8515071868896484, 2.929612159729004]","[1.6865477561950684, 3.3826122283935547, 0.9764313697814941, 0.24686279892921448]"
178015.0,2013-03-01T00:00:00.000000000,"[4.975811004638672, 1.8515071868896484, 2.929612159729004, 2.8636057376861572]","[3.659135103225708, 0.8831207752227783, 0.7700221538543701, 1.5405957698822021]"
179534.0,2009-03-01T00:00:00.000000000,"[1.1914430856704712, 1.1914430856704712, 1.279451608657837, 1.6754902601242065]","[1.051297903060913, 0.9488698244094849, 0.931911051273346, 1.0295244455337524]"
179534.0,2009-06-01T00:00:00.000000000,"[1.1914430856704712, 1.279451608657837, 1.6754902601242065, 1.7414965629577637]","[1.0244498252868652, 1.011751651763916, 1.0656654834747314, 1.0531284809112549]"
179534.0,2009-09-01T00:00:00.000000000,"[1.279451608657837, 1.6754902601242065, 1.7414965629577637, 1.9395159482955933]","[1.0412018299102783, 1.1027752161026, 1.074670672416687, 1.0617032051086426]"
179534.0,2009-12-01T00:00:00.000000000,"[1.6754902601242065, 1.7414965629577637, 1.9395159482955933, 1.9615180492401123]","[1.2925360202789307, 1.1535427570343018, 1.0991079807281494, 1.1350111961364746]"
179534.0,2010-03-01T00:00:00.000000000,"[1.7414965629577637, 1.9395159482955933, 1.9615180492401123, 2.1595370769500732]","[1.4528378248214722, 1.3065558671951294, 1.286060094833374, 1.4225122928619385]"
179534.0,2010-06-01T00:00:00.000000000,"[1.9395159482955933, 1.9615180492401123, 2.1595370769500732, 2.181539297103882]","[1.429763674736023, 1.4019923210144043, 1.4693673849105835, 1.4740149974822998]"
179534.0,2010-09-01T00:00:00.000000000,"[1.9615180492401123, 2.1595370769500732, 2.181539297103882, 2.313552141189575]","[1.5362166166305542, 1.5881333351135254, 1.561249017715454, 1.5744447708129883]"
179534.0,2010-12-01T00:00:00.000000000,"[2.1595370769500732, 2.181539297103882, 2.313552141189575, 2.533573627471924]","[1.8019847869873047, 1.5913472175598145, 1.569507360458374, 1.6316375732421875]"
179534.0,2011-03-01T00:00:00.000000000,"[2.181539297103882, 2.313552141189575, 2.533573627471924, 2.5115716457366943]","[1.908630609512329, 1.7156742811203003, 1.697458028793335, 1.8630937337875366]"
179534.0,2011-06-01T00:00:00.000000000,"[2.313552141189575, 2.533573627471924, 2.5115716457366943, 2.335554361343384]","[1.9335708618164062, 1.8197628259658813, 1.8677672147750854, 1.9343029260635376]"
179534.0,2011-09-01T00:00:00.000000000,"[2.533573627471924, 2.5115716457366943, 2.335554361343384, 1.6534881591796875]","[2.0448381900787354, 2.0335276126861572, 2.009025812149048, 2.0510292053222656]"
179534.0,2011-12-01T00:00:00.000000000,"[2.5115716457366943, 2.335554361343384, 1.6534881591796875, 1.7634987831115723]","[2.380164384841919, 2.1549530029296875, 2.129164934158325, 2.1931228637695312]"
179534.0,2012-03-01T00:00:00.000000000,"[2.335554361343384, 1.6534881591796875, 1.7634987831115723, 2.42356276512146]","[2.376537561416626, 2.156467914581299, 2.1413755416870117, 2.302220344543457]"
179534.0,2012-06-01T00:00:00.000000000,"[1.6534881591796875, 1.7634987831115723, 2.42356276512146, 2.335554361343384]","[2.3067126274108887, 2.1807332038879395, 2.207918167114258, 2.2853875160217285]"
179534.0,2012-09-01T00:00:00.000000000,"[1.7634987831115723, 2.42356276512146, 2.335554361343384, 2.577577829360962]","[2.0451040267944336, 2.0417251586914062, 2.0100064277648926, 2.054279327392578]"
179534.0,2012-12-01T00:00:00.000000000,"[2.42356276512146, 2.335554361343384, 2.577577829360962, 2.8636057376861572]","[2.237243175506592, 2.084524631500244, 2.003628969192505, 2.0996463298797607]"
179534.0,2013-03-01T00:00:00.000000000,"[2.335554361343384, 2.577577829360962, 2.8636057376861572, 3.281646251678467]","[2.3993144035339355, 2.2105748653411865, 2.1794371604919434, 2.3663644790649414]"
180652.0,2010-12-01T00:00:00.000000000,"[1.5874814987182617, 1.5654793977737427, 1.7194944620132446, 1.7634987831115723]","[1.5035216808319092, 1.4474632740020752, 1.4605965614318848, 1.5139045715332031]"
180652.0,2011-03-01T00:00:00.000000000,"[1.5654793977737427, 1.7194944620132446, 1.7634987831115723, 1.7855008840560913]","[1.413219928741455, 1.4575518369674683, 1.4790935516357422, 1.4866242408752441]"
180652.0,2011-06-01T00:00:00.000000000,"[1.7194944620132446, 1.7634987831115723, 1.7855008840560913, 1.8735092878341675]","[1.492064356803894, 1.5150169134140015, 1.4764999151229858, 1.4748950004577637]"
180652.0,2011-09-01T00:00:00.000000000,"[1.7634987831115723, 1.7855008840560913, 1.8735092878341675, 2.1375350952148438]","[1.7296147346496582, 1.6160383224487305, 1.5630664825439453, 1.6247625350952148]"
180652.0,2011-12-01T00:00:00.000000000,"[1.7855008840560913, 1.8735092878341675, 2.1375350952148438, 2.2035415172576904]","[1.6961710453033447, 1.5864824056625366, 1.596597671508789, 1.6893527507781982]"
180652.0,2012-03-01T00:00:00.000000000,"[1.8735092878341675, 2.1375350952148438, 2.2035415172576904, 2.0935308933258057]","[1.6153483390808105, 1.6342856884002686, 1.6440341472625732, 1.6754828691482544]"
180652.0,2012-06-01T00:00:00.000000000,"[2.1375350952148438, 2.2035415172576904, 2.0935308933258057, 2.0055222511291504]","[1.7624374628067017, 1.7754263877868652, 1.7388944625854492, 1.7134993076324463]"
180652.0,2012-09-01T00:00:00.000000000,"[2.2035415172576904, 2.0935308933258057, 2.0055222511291504, 1.8735092878341675]","[2.064563751220703, 1.949920892715454, 1.8900115489959717, 1.952523946762085]"
180652.0,2012-12-01T00:00:00.000000000,"[2.0935308933258057, 2.0055222511291504, 1.8735092878341675, 2.4675674438476562]","[2.045443534851074, 1.892295002937317, 1.9022998809814453, 2.0295491218566895]"
180652.0,2013-03-01T00:00:00.000000000,"[2.0055222511291504, 1.8735092878341675, 2.4675674438476562, 2.533573627471924]","[1.9275754690170288, 1.9455724954605103, 1.9575278759002686, 1.9924256801605225]"
180711.0,2010-12-01T00:00:00.000000000,"[12.170511245727539, 11.51044750213623, 10.762373924255371, 10.652362823486328]","[9.756477355957031, 8.579751968383789, 8.28805923461914, 8.916952133178711]"
180711.0,2011-03-01T00:00:00.000000000,"[11.51044750213623, 10.762373924255371, 10.652362823486328, 11.158411979675293]","[10.833924293518066, 9.592065811157227, 9.489971160888672, 10.357803344726562]"
180711.0,2011-06-01T00:00:00.000000000,"[10.762373924255371, 10.652362823486328, 11.158411979675293, 10.850382804870605]","[10.5940523147583, 10.039458274841309, 10.207295417785645, 10.3681640625]"
180711.0,2011-09-01T00:00:00.000000000,"[10.652362823486328, 11.158411979675293, 10.850382804870605, 10.608358383178711]","[10.722037315368652, 10.290303230285645, 10.03042221069336, 10.160012245178223]"
180711.0,2011-12-01T00:00:00.000000000,"[11.158411979675293, 10.850382804870605, 10.608358383178711, 11.180415153503418]","[11.564866065979004, 10.17820930480957, 9.862930297851562, 10.499446868896484]"
180711.0,2012-03-01T00:00:00.000000000,"[10.850382804870605, 10.608358383178711, 11.180415153503418, 13.270617485046387]","[11.711479187011719, 10.529014587402344, 10.437948226928711, 11.237215042114258]"
180711.0,2012-06-01T00:00:00.000000000,"[10.608358383178711, 11.180415153503418, 13.270617485046387, 13.842674255371094]","[11.271919250488281, 10.986621856689453, 11.158672332763672, 11.234521865844727]"
180711.0,2012-09-01T00:00:00.000000000,"[11.180415153503418, 13.270617485046387, 13.842674255371094, 13.864675521850586]","[11.313133239746094, 11.402369499206543, 11.103673934936523, 11.057893753051758]"
180711.0,2012-12-01T00:00:00.000000000,"[13.270617485046387, 13.842674255371094, 13.864675521850586, 14.612749099731445]","[12.176300048828125, 11.293428421020508, 10.952998161315918, 11.251794815063477]"
180711.0,2013-03-01T00:00:00.000000000,"[13.842674255371094, 13.864675521850586, 14.612749099731445, 16.48293113708496]","[12.705270767211914, 12.048036575317383, 12.064602851867676, 12.551523208618164]"
183377.0,2010-12-01T00:00:00.000000000,"[-0.4411156475543976, -0.49832120537757874, -0.44551607966423035, -0.40591222047805786]","[-0.519512414932251, -0.5595362186431885, -0.561259388923645, -0.545332133769989]"
183377.0,2011-03-01T00:00:00.000000000,"[-0.49832120537757874, -0.44551607966423035, -0.40591222047805786, -0.36630839109420776]","[-0.537828803062439, -0.5450296998023987, -0.5314741730690002, -0.5151135325431824]"
183377.0,2011-06-01T00:00:00.000000000,"[-0.44551607966423035, -0.40591222047805786, -0.36630839109420776, -0.4367152154445648]","[-0.5502772927284241, -0.5377457737922668, -0.49695709347724915, -0.5580076575279236]"
183377.0,2011-09-01T00:00:00.000000000,"[-0.40591222047805786, -0.36630839109420776, -0.4367152154445648, -0.3399057984352112]","[-0.47439271211624146, -0.4753229022026062, -0.5210540294647217, -0.52439284324646]"
183377.0,2011-12-01T00:00:00.000000000,"[-0.36630839109420776, -0.4367152154445648, -0.3399057984352112, -0.313503235578537]","[-0.43745607137680054, -0.5011703968048096, -0.5064693689346313, -0.4834337830543518]"
183377.0,2012-03-01T00:00:00.000000000,"[-0.4367152154445648, -0.3399057984352112, -0.313503235578537, -0.2342955470085144]","[-0.4675441384315491, -0.4796349108219147, -0.4684472382068634, -0.4516628384590149]"
183377.0,2012-06-01T00:00:00.000000000,"[-0.3399057984352112, -0.313503235578537, -0.2342955470085144, -0.34430623054504395]","[-0.48169755935668945, -0.4755953252315521, -0.4397329092025757, -0.5117601156234741]"
183377.0,2012-09-01T00:00:00.000000000,"[-0.313503235578537, -0.2342955470085144, -0.34430623054504395, -0.28270024061203003]","[-0.37852728366851807, -0.38972562551498413, -0.4434533715248108, -0.4430554509162903]"
183377.0,2012-12-01T00:00:00.000000000,"[-0.2342955470085144, -0.34430623054504395, -0.28270024061203003, -0.26509854197502136]","[-0.34456729888916016, -0.41945451498031616, -0.4207841753959656, -0.3974987864494324]"
183377.0,2013-03-01T00:00:00.000000000,"[-0.34430623054504395, -0.28270024061203003, -0.26509854197502136, -0.159488245844841]","[-0.3582228720188141, -0.3682659864425659, -0.36455482244491577, -0.34013527631759644]"
