GVKEY,TGT_START,GROUND_TRUTH,PREDICTIONS
1161.0,2006-06-01T00:00:00.000000000,"[-0.6567366123199463, -0.6347345113754272, -0.7007409334182739, -0.898760199546814]","[-0.6387536525726318, -0.6914762258529663, -0.7213655710220337, -0.7355296015739441]"
1161.0,2006-09-01T00:00:00.000000000,"[-0.6347345113754272, -0.7007409334182739, -0.898760199546814, -1.0747772455215454]","[-0.8662470579147339, -0.848113477230072, -0.8574554920196533, -0.7853614687919617]"
1161.0,2006-12-01T00:00:00.000000000,"[-0.7007409334182739, -0.898760199546814, -1.0747772455215454, -1.0747772455215454]","[-0.9080142378807068, -0.8829569220542908, -0.8884897828102112, -0.8089343905448914]"
1161.0,2007-03-01T00:00:00.000000000,"[-0.898760199546814, -1.0747772455215454, -1.0747772455215454, -0.920762300491333]","[-0.9411212205886841, -0.9139093160629272, -0.9187869429588318, -0.8383480310440063]"
1161.0,2007-06-01T00:00:00.000000000,"[-1.0747772455215454, -1.0747772455215454, -0.920762300491333, -0.9647666215896606]","[-0.8682002425193787, -0.8472797870635986, -0.8435609936714172, -0.7815451622009277]"
1161.0,2007-09-01T00:00:00.000000000,"[-1.0747772455215454, -0.920762300491333, -0.9647666215896606, -0.8107516169548035]","[-1.0079119205474854, -0.9667423963546753, -0.9622670412063599, -0.8957791924476624]"
1161.0,2007-12-01T00:00:00.000000000,"[-0.920762300491333, -0.9647666215896606, -0.8107516169548035, -0.6347345113754272]","[-0.8723269104957581, -1.1785619258880615, -1.1507095098495483, -1.0396466255187988]"
1161.0,2008-03-01T00:00:00.000000000,"[-0.9647666215896606, -0.8107516169548035, -0.6347345113754272, -0.722743034362793]","[-0.9770351648330688, -0.9534000754356384, -0.9565225839614868, -0.8847898244857788]"
1161.0,2008-06-01T00:00:00.000000000,"[-0.8107516169548035, -0.6347345113754272, -0.722743034362793, -0.7887494564056396]","[-0.8985265493392944, -0.8749321699142456, -0.8221704959869385, -0.8262638449668884]"
1161.0,2008-09-01T00:00:00.000000000,"[-0.6347345113754272, -0.722743034362793, -0.7887494564056396, -0.6567366123199463]","[-0.8131475448608398, -0.7543749809265137, -0.7411481142044067, -0.6653965711593628]"
1161.0,2008-12-01T00:00:00.000000000,"[-0.722743034362793, -0.7887494564056396, -0.6567366123199463, -0.48071953654289246]","[-0.6740251183509827, -0.6333528161048889, -0.6355941891670227, -0.5881842374801636]"
1161.0,2009-03-01T00:00:00.000000000,"[-0.7887494564056396, -0.6567366123199463, -0.48071953654289246, -0.5247237682342529]","[-0.7229552268981934, -0.6793668866157532, -0.6014520525932312, -0.6398278474807739]"
1161.0,2009-06-01T00:00:00.000000000,"[-0.6567366123199463, -0.48071953654289246, -0.5247237682342529, -0.45871737599372864]","[-0.6841937303543091, -0.6310986280441284, -0.5432141423225403, -0.590774655342102]"
1161.0,2009-09-01T00:00:00.000000000,"[-0.48071953654289246, -0.5247237682342529, -0.45871737599372864, -0.39271095395088196]","[-0.6313067078590393, -0.6220820546150208, -0.6477081775665283, -0.5907975435256958]"
1161.0,2009-12-01T00:00:00.000000000,"[-0.5247237682342529, -0.45871737599372864, -0.39271095395088196, -0.4147131145000458]","[-0.3871188759803772, -0.3653167486190796, -0.41709810495376587, -0.35141700506210327]"
1161.0,2010-03-01T00:00:00.000000000,"[-0.45871737599372864, -0.39271095395088196, -0.4147131145000458, -0.5247237682342529]","[-0.7254194021224976, -0.6983463168144226, -0.6226234436035156, -0.6555514335632324]"
1161.0,2010-06-01T00:00:00.000000000,"[-0.39271095395088196, -0.4147131145000458, -0.5247237682342529, -0.5687280893325806]","[-0.6388132572174072, -0.5907137989997864, -0.43648427724838257, -0.569584846496582]"
1161.0,2010-09-01T00:00:00.000000000,"[-0.4147131145000458, -0.5247237682342529, -0.5687280893325806, -0.5247237682342529]","[-0.452725887298584, -0.4378264546394348, -0.4429774284362793, -0.43326127529144287]"
1161.0,2010-12-01T00:00:00.000000000,"[-0.5247237682342529, -0.5687280893325806, -0.5247237682342529, -0.30470237135887146]","[-0.3914835453033447, -0.41529572010040283, -0.32181745767593384, -0.35770171880722046]"
1161.0,2011-03-01T00:00:00.000000000,"[-0.5687280893325806, -0.5247237682342529, -0.30470237135887146, 0.003327556187286973]","[-0.5555775761604309, -0.5854533314704895, -0.5224000811576843, -0.5921159982681274]"
1161.0,2011-06-01T00:00:00.000000000,"[-0.5247237682342529, -0.30470237135887146, 0.003327556187286973, -0.30470237135887146]","[-0.5788589715957642, -0.6068338751792908, -0.5421901941299438, -0.6020458936691284]"
1161.0,2011-09-01T00:00:00.000000000,"[-0.30470237135887146, 0.003327556187286973, -0.30470237135887146, -0.30470237135887146]","[-0.5787984132766724, -0.6007197499275208, -0.6137306094169617, -0.5982852578163147]"
1161.0,2011-12-01T00:00:00.000000000,"[0.003327556187286973, -0.30470237135887146, -0.30470237135887146, 0.20134682953357697]","[-0.3988807201385498, -0.43082863092422485, -0.45372310280799866, -0.434147447347641]"
1161.0,2012-03-01T00:00:00.000000000,"[-0.30470237135887146, -0.30470237135887146, 0.20134682953357697, 0.44337034225463867]","[-0.30475521087646484, -0.31912949681282043, -0.38690322637557983, -0.36444035172462463]"
1161.0,2012-06-01T00:00:00.000000000,"[-0.30470237135887146, 0.20134682953357697, 0.44337034225463867, 0.44337034225463867]","[-0.42937493324279785, -0.4490163326263428, -0.42987391352653503, -0.48204708099365234]"
1161.0,2012-09-01T00:00:00.000000000,"[0.20134682953357697, 0.44337034225463867, 0.44337034225463867, 0.6853939294815063]","[-0.36726903915405273, -0.4238162040710449, -0.4556185007095337, -0.4544007480144501]"
1161.0,2012-12-01T00:00:00.000000000,"[0.44337034225463867, 0.44337034225463867, 0.6853939294815063, 0.9054153561592102]","[-0.0962952971458435, -0.20532706379890442, -0.23558112978935242, -0.21886169910430908]"
1161.0,2013-03-01T00:00:00.000000000,"[0.44337034225463867, 0.6853939294815063, 0.9054153561592102, 1.323456048965454]","[-0.04531294107437134, -0.07800030708312988, -0.16201862692832947, -0.13600224256515503]"
1300.0,2006-06-01T00:00:00.000000000,"[2.335554361343384, 2.533573627471924, 2.4455649852752686, 2.4015607833862305]","[1.9270864725112915, 1.8568329811096191, 1.7635407447814941, 1.7478992938995361]"
1300.0,2006-09-01T00:00:00.000000000,"[2.533573627471924, 2.4455649852752686, 2.4015607833862305, 2.621582269668579]","[2.087188243865967, 2.0081071853637695, 1.8636589050292969, 1.883857011795044]"
1300.0,2006-12-01T00:00:00.000000000,"[2.4455649852752686, 2.4015607833862305, 2.621582269668579, 2.819601535797119]","[2.188671350479126, 2.1103196144104004, 1.9575684070587158, 1.9831558465957642]"
1300.0,2007-03-01T00:00:00.000000000,"[2.4015607833862305, 2.621582269668579, 2.819601535797119, 2.775597333908081]","[2.142642021179199, 2.0745465755462646, 1.9737064838409424, 1.9673147201538086]"
1300.0,2007-06-01T00:00:00.000000000,"[2.621582269668579, 2.819601535797119, 2.775597333908081, 2.665586471557617]","[2.1788270473480225, 2.101374626159668, 2.0097203254699707, 1.9826780557632446]"
1300.0,2007-09-01T00:00:00.000000000,"[2.819601535797119, 2.775597333908081, 2.665586471557617, 2.9516141414642334]","[2.339823007583618, 2.2354679107666016, 2.078127145767212, 2.0929722785949707]"
1300.0,2007-12-01T00:00:00.000000000,"[2.775597333908081, 2.665586471557617, 2.9516141414642334, 2.819601535797119]","[2.4627108573913574, 2.3688206672668457, 2.202631950378418, 2.227355718612671]"
1300.0,2008-03-01T00:00:00.000000000,"[2.665586471557617, 2.9516141414642334, 2.819601535797119, 3.127631425857544]","[2.4504292011260986, 2.375501871109009, 2.256760597229004, 2.255044460296631]"
1300.0,2008-06-01T00:00:00.000000000,"[2.9516141414642334, 2.819601535797119, 3.127631425857544, 2.9516141414642334]","[2.459806203842163, 2.3786416053771973, 2.283341407775879, 2.248011350631714]"
1300.0,2008-09-01T00:00:00.000000000,"[2.819601535797119, 3.127631425857544, 2.9516141414642334, 3.259644031524658]","[2.6650004386901855, 2.550982713699341, 2.3741369247436523, 2.39255690574646]"
1300.0,2008-12-01T00:00:00.000000000,"[3.127631425857544, 2.9516141414642334, 3.259644031524658, 3.1496336460113525]","[2.625494956970215, 2.5303027629852295, 2.383553981781006, 2.3984429836273193]"
1300.0,2009-03-01T00:00:00.000000000,"[2.9516141414642334, 3.259644031524658, 3.1496336460113525, 3.369654893875122]","[2.8076469898223877, 2.7232842445373535, 2.550724983215332, 2.5868632793426514]"
1300.0,2009-06-01T00:00:00.000000000,"[3.259644031524658, 3.1496336460113525, 3.369654893875122, 3.5896763801574707]","[2.7984254360198975, 2.7168362140655518, 2.620591640472412, 2.568084478378296]"
1300.0,2009-09-01T00:00:00.000000000,"[3.1496336460113525, 3.369654893875122, 3.5896763801574707, 3.8096976280212402]","[3.038163185119629, 2.935065269470215, 2.7373762130737305, 2.768037796020508]"
1300.0,2009-12-01T00:00:00.000000000,"[3.369654893875122, 3.5896763801574707, 3.8096976280212402, 3.765693426132202]","[2.9855825901031494, 2.87884783744812, 2.70151424407959, 2.7266290187835693]"
1300.0,2010-03-01T00:00:00.000000000,"[3.5896763801574707, 3.8096976280212402, 3.765693426132202, 3.5016677379608154]","[3.128696918487549, 3.039987087249756, 2.85398530960083, 2.8935275077819824]"
1300.0,2010-06-01T00:00:00.000000000,"[3.8096976280212402, 3.765693426132202, 3.5016677379608154, 3.523669719696045]","[3.303638458251953, 3.199671745300293, 3.001701831817627, 3.026665210723877]"
1300.0,2010-09-01T00:00:00.000000000,"[3.765693426132202, 3.5016677379608154, 3.523669719696045, 3.919708251953125]","[3.454697847366333, 3.3478291034698486, 3.1293840408325195, 3.1669445037841797]"
1300.0,2010-12-01T00:00:00.000000000,"[3.5016677379608154, 3.523669719696045, 3.919708251953125, 3.875704050064087]","[3.447305202484131, 3.3365533351898193, 3.143078565597534, 3.164102077484131]"
1300.0,2011-03-01T00:00:00.000000000,"[3.523669719696045, 3.919708251953125, 3.875704050064087, 3.831699848175049]","[3.347470760345459, 3.241156816482544, 3.094360828399658, 3.0913338661193848]"
1300.0,2011-06-01T00:00:00.000000000,"[3.919708251953125, 3.875704050064087, 3.831699848175049, 4.161732196807861]","[3.4040627479553223, 3.2838692665100098, 3.1072139739990234, 3.131588935852051]"
1300.0,2011-09-01T00:00:00.000000000,"[3.875704050064087, 3.831699848175049, 4.161732196807861, 2.071528673171997]","[3.637578248977661, 3.519199848175049, 3.3200900554656982, 3.3438003063201904]"
1300.0,2011-12-01T00:00:00.000000000,"[3.831699848175049, 4.161732196807861, 2.071528673171997, 2.7315926551818848]","[3.522075653076172, 3.3850131034851074, 3.2883825302124023, 3.301927328109741]"
1300.0,2012-03-01T00:00:00.000000000,"[4.161732196807861, 2.071528673171997, 2.7315926551818848, 3.8537018299102783]","[3.8162641525268555, 3.6350693702697754, 3.7430214881896973, 3.648249864578247]"
1300.0,2012-06-01T00:00:00.000000000,"[2.071528673171997, 2.7315926551818848, 3.8537018299102783, 3.523669719696045]","[4.068730354309082, 3.83185076713562, 3.848942756652832, 3.851896047592163]"
1300.0,2012-09-01T00:00:00.000000000,"[2.7315926551818848, 3.8537018299102783, 3.523669719696045, 3.7436912059783936]","[2.7062714099884033, 2.763094902038574, 2.9429619312286377, 2.8218038082122803]"
1300.0,2012-12-01T00:00:00.000000000,"[3.8537018299102783, 3.523669719696045, 3.7436912059783936, 3.7436912059783936]","[2.86029052734375, 2.7936315536499023, 2.8455123901367188, 2.9318485260009766]"
1300.0,2013-03-01T00:00:00.000000000,"[3.523669719696045, 3.7436912059783936, 3.7436912059783936, 3.8977060317993164]","[3.7428696155548096, 3.637521743774414, 3.6255712509155273, 3.6512250900268555]"
1440.0,2006-06-01T00:00:00.000000000,"[1.0594303607940674, 1.5214751958847046, 0.35536178946495056, 2.115532875061035]","[1.4253009557724, 1.4099661111831665, 1.316807746887207, 1.363011360168457]"
1440.0,2006-09-01T00:00:00.000000000,"[1.5214751958847046, 0.35536178946495056, 2.115532875061035, 1.2354472875595093]","[1.2429934740066528, 1.1529321670532227, 1.4783577919006348, 1.2450615167617798]"
1440.0,2006-12-01T00:00:00.000000000,"[0.35536178946495056, 2.115532875061035, 1.2354472875595093, 1.6314857006072998]","[1.2521451711654663, 1.2966411113739014, 1.2523586750030518, 1.3143466711044312]"
1440.0,2007-03-01T00:00:00.000000000,"[2.115532875061035, 1.2354472875595093, 1.6314857006072998, 0.35536178946495056]","[0.786144495010376, 0.8164994120597839, 1.2465689182281494, 0.8873472213745117]"
1440.0,2007-06-01T00:00:00.000000000,"[1.2354472875595093, 1.6314857006072998, 0.35536178946495056, 1.5434772968292236]","[1.506377935409546, 1.4858216047286987, 1.3811018466949463, 1.4299299716949463]"
1440.0,2007-09-01T00:00:00.000000000,"[1.6314857006072998, 0.35536178946495056, 1.5434772968292236, 1.3894624710083008]","[1.4901387691497803, 1.4222289323806763, 1.7438569068908691, 1.5051929950714111]"
1440.0,2007-12-01T00:00:00.000000000,"[0.35536178946495056, 1.5434772968292236, 1.3894624710083008, 2.1595370769500732]","[1.243855595588684, 1.3217976093292236, 1.2964593172073364, 1.3690992593765259]"
1440.0,2008-03-01T00:00:00.000000000,"[1.5434772968292236, 1.3894624710083008, 2.1595370769500732, 0.7734025120735168]","[0.8368820548057556, 0.8715049028396606, 1.2831498384475708, 0.9208125472068787]"
1440.0,2008-06-01T00:00:00.000000000,"[1.3894624710083008, 2.1595370769500732, 0.7734025120735168, 1.4114645719528198]","[1.255162000656128, 1.2353935241699219, 1.1734516620635986, 1.2197463512420654]"
1440.0,2008-09-01T00:00:00.000000000,"[2.1595370769500732, 0.7734025120735168, 1.4114645719528198, 0.9494196176528931]","[1.4609225988388062, 1.3731582164764404, 1.614861011505127, 1.4049350023269653]"
1440.0,2008-12-01T00:00:00.000000000,"[0.7734025120735168, 1.4114645719528198, 0.9494196176528931, 1.7194944620132446]","[1.5909336805343628, 1.695953130722046, 1.637730598449707, 1.7233531475067139]"
1440.0,2009-03-01T00:00:00.000000000,"[1.4114645719528198, 0.9494196176528931, 1.7194944620132446, 1.1694409847259521]","[1.133939504623413, 1.1230427026748657, 1.64574134349823, 1.1923696994781494]"
1440.0,2009-06-01T00:00:00.000000000,"[0.9494196176528931, 1.7194944620132446, 1.1694409847259521, 1.4114645719528198]","[1.207856297492981, 1.180317759513855, 1.1413146257400513, 1.1829931735992432]"
1440.0,2009-09-01T00:00:00.000000000,"[1.7194944620132446, 1.1694409847259521, 1.4114645719528198, 1.5214751958847046]","[1.2350647449493408, 1.1875227689743042, 1.4714711904525757, 1.2542598247528076]"
1440.0,2009-12-01T00:00:00.000000000,"[1.1694409847259521, 1.4114645719528198, 1.5214751958847046, 2.071528673171997]","[1.2778651714324951, 1.3326064348220825, 1.3277348279953003, 1.3806440830230713]"
1440.0,2010-03-01T00:00:00.000000000,"[1.4114645719528198, 1.5214751958847046, 2.071528673171997, 0.8834132552146912]","[1.2177351713180542, 1.2506582736968994, 1.5750174522399902, 1.2788033485412598]"
1440.0,2010-06-01T00:00:00.000000000,"[1.5214751958847046, 2.071528673171997, 0.8834132552146912, 1.9175138473510742]","[1.3617619276046753, 1.3821403980255127, 1.3526438474655151, 1.3975192308425903]"
1440.0,2010-09-01T00:00:00.000000000,"[2.071528673171997, 0.8834132552146912, 1.9175138473510742, 1.499472975730896]","[1.6017210483551025, 1.501924753189087, 1.692105770111084, 1.5864031314849854]"
1440.0,2010-12-01T00:00:00.000000000,"[0.8834132552146912, 1.9175138473510742, 1.499472975730896, 2.5115716457366943]","[1.7467148303985596, 1.792833685874939, 1.7330964803695679, 1.7693753242492676]"
1440.0,2011-03-01T00:00:00.000000000,"[1.9175138473510742, 1.499472975730896, 2.5115716457366943, 0.6193875670433044]","[1.2438132762908936, 1.2972160577774048, 1.7969610691070557, 1.320425271987915]"
1440.0,2011-06-01T00:00:00.000000000,"[1.499472975730896, 2.5115716457366943, 0.6193875670433044, 1.5434772968292236]","[1.8452873229980469, 1.806046724319458, 1.6721948385238647, 1.719533920288086]"
1440.0,2011-09-01T00:00:00.000000000,"[2.5115716457366943, 0.6193875670433044, 1.5434772968292236, 1.6754902601242065]","[1.640439748764038, 1.527221918106079, 1.7839221954345703, 1.523174524307251]"
1440.0,2011-12-01T00:00:00.000000000,"[0.6193875670433044, 1.5434772968292236, 1.6754902601242065, 2.533573627471924]","[1.8684823513031006, 1.9158698320388794, 1.855654001235962, 1.9337267875671387]"
1440.0,2012-03-01T00:00:00.000000000,"[1.5434772968292236, 1.6754902601242065, 2.533573627471924, 1.2134451866149902]","[1.171715497970581, 1.1938447952270508, 1.7233930826187134, 1.2358282804489136]"
1440.0,2012-06-01T00:00:00.000000000,"[1.6754902601242065, 2.533573627471924, 1.2134451866149902, 1.8295050859451294]","[1.2956374883651733, 1.2827028036117554, 1.2595669031143188, 1.3071309328079224]"
1440.0,2012-09-01T00:00:00.000000000,"[2.533573627471924, 1.2134451866149902, 1.8295050859451294, 1.8955113887786865]","[1.760985255241394, 1.5998746156692505, 1.8799734115600586, 1.7156803607940674]"
1440.0,2012-12-01T00:00:00.000000000,"[1.2134451866149902, 1.8295050859451294, 1.8955113887786865, 2.4455649852752686]","[1.7784831523895264, 1.894196629524231, 1.841141939163208, 1.933694839477539]"
1440.0,2013-03-01T00:00:00.000000000,"[1.8295050859451294, 1.8955113887786865, 2.4455649852752686, 1.455468773841858]","[1.4669067859649658, 1.482120394706726, 1.9420645236968994, 1.5202022790908813]"
1447.0,2006-06-01T00:00:00.000000000,"[2.335554361343384, 2.379558563232422, 1.9835201501846313, 2.5555758476257324]","[2.0389227867126465, 1.8487871885299683, 1.866060733795166, 1.8990886211395264]"
1447.0,2006-09-01T00:00:00.000000000,"[2.379558563232422, 1.9835201501846313, 2.5555758476257324, 2.42356276512146]","[2.123396873474121, 1.9384558200836182, 2.0387160778045654, 1.9906916618347168]"
1447.0,2006-12-01T00:00:00.000000000,"[1.9835201501846313, 2.5555758476257324, 2.42356276512146, 2.027524471282959]","[2.1426568031311035, 1.972838282585144, 2.0651683807373047, 2.0201454162597656]"
1447.0,2007-03-01T00:00:00.000000000,"[2.5555758476257324, 2.42356276512146, 2.027524471282959, 2.0055222511291504]","[1.9133319854736328, 1.7597434520721436, 1.9824824333190918, 1.848523497581482]"
1447.0,2007-06-01T00:00:00.000000000,"[2.42356276512146, 2.027524471282959, 2.0055222511291504, 2.4455649852752686]","[2.3157763481140137, 2.111065626144409, 2.1128039360046387, 2.161451816558838]"
1447.0,2007-09-01T00:00:00.000000000,"[2.027524471282959, 2.0055222511291504, 2.4455649852752686, 3.919708251953125]","[2.320511817932129, 2.127990484237671, 2.3043506145477295, 2.1960012912750244]"
1447.0,2007-12-01T00:00:00.000000000,"[2.0055222511291504, 2.4455649852752686, 3.919708251953125, 1.9395159482955933]","[1.974217414855957, 1.8612979650497437, 2.032689332962036, 1.942245364189148]"
1447.0,2008-03-01T00:00:00.000000000,"[2.4455649852752686, 3.919708251953125, 1.9395159482955933, 1.2354472875595093]","[2.002890110015869, 1.8487236499786377, 2.0205256938934326, 1.9699251651763916]"
1447.0,2008-06-01T00:00:00.000000000,"[3.919708251953125, 1.9395159482955933, 1.2354472875595093, 2.2475459575653076]","[2.3894684314727783, 2.2130751609802246, 2.2295100688934326, 2.291853904724121]"
1447.0,2008-09-01T00:00:00.000000000,"[1.9395159482955933, 1.2354472875595093, 2.2475459575653076, 2.533573627471924]","[3.1383256912231445, 2.9726178646087646, 2.953551769256592, 3.0535144805908203]"
1447.0,2008-12-01T00:00:00.000000000,"[1.2354472875595093, 2.2475459575653076, 2.533573627471924, 2.5995800495147705]","[2.076165199279785, 2.0048916339874268, 2.5324535369873047, 2.122982978820801]"
1447.0,2009-03-01T00:00:00.000000000,"[2.2475459575653076, 2.533573627471924, 2.5995800495147705, 2.775597333908081]","[1.5324454307556152, 1.5150431394577026, 1.794201135635376, 1.7600634098052979]"
1447.0,2009-06-01T00:00:00.000000000,"[2.533573627471924, 2.5995800495147705, 2.775597333908081, 3.3916571140289307]","[2.2363955974578857, 2.008906364440918, 2.0774974822998047, 2.1475210189819336]"
1447.0,2009-09-01T00:00:00.000000000,"[2.5995800495147705, 2.775597333908081, 3.3916571140289307, 3.3476529121398926]","[2.518951892852783, 2.528656005859375, 2.465320348739624, 2.546255588531494]"
1447.0,2009-12-01T00:00:00.000000000,"[2.775597333908081, 3.3916571140289307, 3.3476529121398926, 3.4356613159179688]","[2.7096760272979736, 2.8073649406433105, 2.7343053817749023, 2.78177547454834]"
1447.0,2010-03-01T00:00:00.000000000,"[3.3916571140289307, 3.3476529121398926, 3.4356613159179688, 3.127631425857544]","[2.7184221744537354, 2.686893939971924, 2.5417275428771973, 2.5936198234558105]"
1447.0,2010-06-01T00:00:00.000000000,"[3.3476529121398926, 3.4356613159179688, 3.127631425857544, 3.721689224243164]","[3.0798020362854004, 2.9850656986236572, 2.800628423690796, 2.838808536529541]"
1447.0,2010-09-01T00:00:00.000000000,"[3.4356613159179688, 3.127631425857544, 3.721689224243164, 3.8537018299102783]","[3.0540547370910645, 2.9483814239501953, 2.974947214126587, 2.9651849269866943]"
1447.0,2010-12-01T00:00:00.000000000,"[3.127631425857544, 3.721689224243164, 3.8537018299102783, 3.875704050064087]","[3.2241415977478027, 3.0943210124969482, 3.1522700786590576, 3.0355074405670166]"
1447.0,2011-03-01T00:00:00.000000000,"[3.721689224243164, 3.8537018299102783, 3.875704050064087, 3.765693426132202]","[3.2205758094787598, 3.052269458770752, 3.1301865577697754, 3.091998815536499]"
1447.0,2011-06-01T00:00:00.000000000,"[3.8537018299102783, 3.875704050064087, 3.765693426132202, 0.20134682953357697]","[3.5923142433166504, 3.387028217315674, 3.3416905403137207, 3.3853163719177246]"
1447.0,2011-09-01T00:00:00.000000000,"[3.875704050064087, 3.765693426132202, 0.20134682953357697, -0.06267886608839035]","[3.2950334548950195, 3.179403305053711, 3.0151610374450684, 3.024955987930298]"
1447.0,2011-12-01T00:00:00.000000000,"[3.765693426132202, 0.20134682953357697, -0.06267886608839035, 2.1595370769500732]","[3.4554054737091064, 3.324608564376831, 3.308617353439331, 3.2591135501861572]"
1447.0,2012-03-01T00:00:00.000000000,"[0.20134682953357697, -0.06267886608839035, 2.1595370769500732, 3.171635627746582]","[3.700925350189209, 3.4702701568603516, 3.6207027435302734, 3.5234830379486084]"
1447.0,2012-06-01T00:00:00.000000000,"[-0.06267886608839035, 2.1595370769500732, 3.171635627746582, 5.327845573425293]","[1.8569083213806152, 1.93989896774292, 2.4748222827911377, 2.115598440170288]"
1447.0,2012-09-01T00:00:00.000000000,"[2.1595370769500732, 3.171635627746582, 5.327845573425293, 5.459857940673828]","[1.4296818971633911, 1.578076720237732, 1.7258625030517578, 1.880280613899231]"
1447.0,2012-12-01T00:00:00.000000000,"[3.171635627746582, 5.327845573425293, 5.459857940673828, 4.2937445640563965]","[1.9891266822814941, 2.063295841217041, 2.110257387161255, 2.206393241882324]"
1447.0,2013-03-01T00:00:00.000000000,"[5.327845573425293, 5.459857940673828, 4.2937445640563965, 4.0957255363464355]","[2.4296953678131104, 2.5149171352386475, 2.5151922702789307, 2.596017837524414]"
1602.0,2006-06-01T00:00:00.000000000,"[4.513765811920166, 4.359751224517822, 4.051721572875977, 4.755789756774902]","[2.9431543350219727, 2.78696870803833, 2.6544456481933594, 2.656412124633789]"
1602.0,2006-09-01T00:00:00.000000000,"[4.359751224517822, 4.051721572875977, 4.755789756774902, 4.953808784484863]","[3.896681547164917, 3.5975723266601562, 3.5077879428863525, 3.5427870750427246]"
1602.0,2006-12-01T00:00:00.000000000,"[4.051721572875977, 4.755789756774902, 4.953808784484863, 5.283841133117676]","[3.8825764656066895, 3.663022994995117, 3.942943572998047, 3.707578182220459]"
1602.0,2007-03-01T00:00:00.000000000,"[4.755789756774902, 4.953808784484863, 5.283841133117676, 5.0418171882629395]","[3.8677315711975098, 3.600949764251709, 3.8922102451324463, 3.675493001937866]"
1602.0,2007-06-01T00:00:00.000000000,"[4.953808784484863, 5.283841133117676, 5.0418171882629395, 5.679879665374756]","[4.322729110717773, 3.9193577766418457, 3.9283299446105957, 3.9888198375701904]"
1602.0,2007-09-01T00:00:00.000000000,"[5.283841133117676, 5.0418171882629395, 5.679879665374756, 5.5478668212890625]","[4.738699913024902, 4.355075359344482, 4.374581336975098, 4.280923843383789]"
1602.0,2007-12-01T00:00:00.000000000,"[5.0418171882629395, 5.679879665374756, 5.5478668212890625, 5.943905353546143]","[4.722175598144531, 4.442409038543701, 4.552496910095215, 4.509274959564209]"
1602.0,2008-03-01T00:00:00.000000000,"[5.679879665374756, 5.5478668212890625, 5.943905353546143, 5.6578779220581055]","[4.5937347412109375, 4.286697864532471, 4.443718910217285, 4.340127944946289]"
1602.0,2008-06-01T00:00:00.000000000,"[5.5478668212890625, 5.943905353546143, 5.6578779220581055, 6.229933261871338]","[5.021268367767334, 4.653858661651611, 4.591379165649414, 4.6580328941345215]"
1602.0,2008-09-01T00:00:00.000000000,"[5.943905353546143, 5.6578779220581055, 6.229933261871338, 6.493958950042725]","[5.183567523956299, 4.754365921020508, 4.772571563720703, 4.700643539428711]"
1602.0,2008-12-01T00:00:00.000000000,"[5.6578779220581055, 6.229933261871338, 6.493958950042725, 6.493958950042725]","[5.536733627319336, 5.219688415527344, 5.2327351570129395, 5.145691871643066]"
1602.0,2009-03-01T00:00:00.000000000,"[6.229933261871338, 6.493958950042725, 6.493958950042725, 5.6578779220581055]","[5.49847412109375, 5.023336887359619, 5.477223873138428, 5.233876705169678]"
1602.0,2009-06-01T00:00:00.000000000,"[6.493958950042725, 6.493958950042725, 5.6578779220581055, 6.934001922607422]","[5.99926233291626, 5.472165107727051, 5.5710859298706055, 5.652889251708984]"
1602.0,2009-09-01T00:00:00.000000000,"[6.493958950042725, 5.6578779220581055, 6.934001922607422, 7.726078510284424]","[5.521467208862305, 5.1722846031188965, 4.863503456115723, 4.865019798278809]"
1602.0,2009-12-01T00:00:00.000000000,"[5.6578779220581055, 6.934001922607422, 7.726078510284424, 7.418048858642578]","[6.235897064208984, 5.824913024902344, 6.08455753326416, 5.786043167114258]"
1602.0,2010-03-01T00:00:00.000000000,"[6.934001922607422, 7.726078510284424, 7.418048858642578, 6.823991298675537]","[5.616008758544922, 5.25930643081665, 5.052305221557617, 5.065813064575195]"
1602.0,2010-06-01T00:00:00.000000000,"[7.726078510284424, 7.418048858642578, 6.823991298675537, 7.132020950317383]","[6.367327690124512, 5.932605743408203, 5.567915439605713, 5.571523189544678]"
1602.0,2010-09-01T00:00:00.000000000,"[7.418048858642578, 6.823991298675537, 7.132020950317383, 8.034109115600586]","[7.418951988220215, 6.796999931335449, 7.187384128570557, 6.99717903137207]"
1602.0,2010-12-01T00:00:00.000000000,"[6.823991298675537, 7.132020950317383, 8.034109115600586, 7.3520426750183105]","[6.458409309387207, 6.308719635009766, 6.018520355224609, 6.098842144012451]"
1602.0,2011-03-01T00:00:00.000000000,"[7.132020950317383, 8.034109115600586, 7.3520426750183105, 7.308038234710693]","[7.060102939605713, 6.573667526245117, 7.034788131713867, 6.823648452758789]"
1602.0,2011-06-01T00:00:00.000000000,"[8.034109115600586, 7.3520426750183105, 7.308038234710693, 8.474151611328125]","[7.312973976135254, 6.742138862609863, 6.848668098449707, 6.99318790435791]"
1602.0,2011-09-01T00:00:00.000000000,"[7.3520426750183105, 7.308038234710693, 8.474151611328125, 8.650168418884277]","[7.606107234954834, 7.228399276733398, 6.922595024108887, 7.000217437744141]"
1602.0,2011-12-01T00:00:00.000000000,"[7.308038234710693, 8.474151611328125, 8.650168418884277, 8.914194107055664]","[7.516707420349121, 7.048719882965088, 7.604811668395996, 7.151523113250732]"
1602.0,2012-03-01T00:00:00.000000000,"[8.474151611328125, 8.650168418884277, 8.914194107055664, 7.682074069976807]","[7.570280075073242, 7.146643161773682, 6.968553066253662, 7.049027442932129]"
1602.0,2012-06-01T00:00:00.000000000,"[8.650168418884277, 8.914194107055664, 7.682074069976807, 7.440051078796387]","[8.270881652832031, 7.726916313171387, 7.469285011291504, 7.526691913604736]"
1602.0,2012-09-01T00:00:00.000000000,"[8.914194107055664, 7.682074069976807, 7.440051078796387, 8.936196327209473]","[8.860610961914062, 8.429852485656738, 8.337209701538086, 8.282305717468262]"
1602.0,2012-12-01T00:00:00.000000000,"[7.682074069976807, 7.440051078796387, 8.936196327209473, 9.574258804321289]","[8.41651725769043, 8.056635856628418, 8.031235694885254, 7.971468448638916]"
1602.0,2013-03-01T00:00:00.000000000,"[7.440051078796387, 8.936196327209473, 9.574258804321289, 8.892192840576172]","[8.02731704711914, 7.627742767333984, 7.752903461456299, 7.647982597351074]"
1632.0,2006-06-01T00:00:00.000000000,"[0.5973852872848511, 0.6853939294815063, 0.8174067735671997, 0.6853939294815063]","[0.45377224683761597, 0.46678227186203003, 0.5199756622314453, 0.4655744433403015]"
1632.0,2006-09-01T00:00:00.000000000,"[0.6853939294815063, 0.8174067735671997, 0.6853939294815063, 0.9054153561592102]","[0.6052560806274414, 0.5869505405426025, 0.5424622297286987, 0.5591081380844116]"
1632.0,2006-12-01T00:00:00.000000000,"[0.8174067735671997, 0.6853939294815063, 0.9054153561592102, 0.9934238195419312]","[0.6839327216148376, 0.6208716034889221, 0.6380153298377991, 0.6342018842697144]"
1632.0,2007-03-01T00:00:00.000000000,"[0.6853939294815063, 0.9054153561592102, 0.9934238195419312, 1.5654793977737427]","[0.7275388240814209, 0.7061237096786499, 0.7095724940299988, 0.7136343121528625]"
1632.0,2007-06-01T00:00:00.000000000,"[0.9054153561592102, 0.9934238195419312, 1.5654793977737427, 0.5313789248466492]","[0.6595484018325806, 0.6452003717422485, 0.6504654288291931, 0.6117398738861084]"
1632.0,2007-09-01T00:00:00.000000000,"[0.9934238195419312, 1.5654793977737427, 0.5313789248466492, 0.7073960304260254]","[0.8711509704589844, 0.8137588500976562, 0.7764877676963806, 0.7974234223365784]"
1632.0,2007-12-01T00:00:00.000000000,"[1.5654793977737427, 0.5313789248466492, 0.7073960304260254, 1.103434681892395]","[0.8457803726196289, 0.7993272542953491, 0.7887989282608032, 0.8073084354400635]"
1632.0,2008-03-01T00:00:00.000000000,"[0.5313789248466492, 0.7073960304260254, 1.103434681892395, 1.6094835996627808]","[1.0811101198196411, 1.048888087272644, 1.010399580001831, 1.0399518013000488]"
1632.0,2008-06-01T00:00:00.000000000,"[0.7073960304260254, 1.103434681892395, 1.6094835996627808, 1.3674603700637817]","[0.5893463492393494, 0.5582817792892456, 0.836141049861908, 0.6136848330497742]"
1632.0,2008-09-01T00:00:00.000000000,"[1.103434681892395, 1.6094835996627808, 1.3674603700637817, 1.5654793977737427]","[0.6759973764419556, 0.6344611048698425, 0.5948342680931091, 0.6099604964256287]"
1632.0,2008-12-01T00:00:00.000000000,"[1.6094835996627808, 1.3674603700637817, 1.5654793977737427, 2.071528673171997]","[1.0534512996673584, 0.9244606494903564, 0.9120604991912842, 0.9326046705245972]"
1632.0,2009-03-01T00:00:00.000000000,"[1.3674603700637817, 1.5654793977737427, 2.071528673171997, 2.4895694255828857]","[1.2239091396331787, 1.2176880836486816, 1.1495134830474854, 1.2018327713012695]"
1632.0,2009-06-01T00:00:00.000000000,"[1.5654793977737427, 2.071528673171997, 2.4895694255828857, 2.42356276512146]","[1.2875316143035889, 1.2447724342346191, 1.3319594860076904, 1.1994922161102295]"
1632.0,2009-09-01T00:00:00.000000000,"[2.071528673171997, 2.4895694255828857, 2.42356276512146, 2.4895694255828857]","[1.2171001434326172, 1.149411916732788, 1.0495421886444092, 1.0608993768692017]"
1632.0,2009-12-01T00:00:00.000000000,"[2.4895694255828857, 2.42356276512146, 2.4895694255828857, 2.665586471557617]","[1.5993616580963135, 1.4175848960876465, 1.4149348735809326, 1.4407575130462646]"
1632.0,2010-03-01T00:00:00.000000000,"[2.42356276512146, 2.4895694255828857, 2.665586471557617, 2.7095906734466553]","[1.7389912605285645, 1.6029802560806274, 1.6273891925811768, 1.615951418876648]"
1632.0,2010-06-01T00:00:00.000000000,"[2.4895694255828857, 2.665586471557617, 2.7095906734466553, 2.225543737411499]","[1.758009433746338, 1.7185859680175781, 1.6935101747512817, 1.5658798217773438]"
1632.0,2010-09-01T00:00:00.000000000,"[2.665586471557617, 2.7095906734466553, 2.225543737411499, 2.2915501594543457]","[2.0123682022094727, 1.7799994945526123, 1.7755759954452515, 1.8003705739974976]"
1632.0,2010-12-01T00:00:00.000000000,"[2.7095906734466553, 2.225543737411499, 2.2915501594543457, 2.071528673171997]","[2.2319283485412598, 1.9782464504241943, 1.935046911239624, 1.9634249210357666]"
1632.0,2011-03-01T00:00:00.000000000,"[2.225543737411499, 2.2915501594543457, 2.071528673171997, 1.9175138473510742]","[2.2853517532348633, 2.066493034362793, 2.0395700931549072, 2.0390405654907227]"
1632.0,2011-06-01T00:00:00.000000000,"[2.2915501594543457, 2.071528673171997, 1.9175138473510742, 1.5654793977737427]","[1.9728138446807861, 1.8101955652236938, 1.8180937767028809, 1.7518184185028076]"
1632.0,2011-09-01T00:00:00.000000000,"[2.071528673171997, 1.9175138473510742, 1.5654793977737427, 1.6754902601242065]","[2.180593967437744, 1.9264564514160156, 2.007831573486328, 2.0080363750457764]"
1632.0,2011-12-01T00:00:00.000000000,"[1.9175138473510742, 1.5654793977737427, 1.6754902601242065, 2.2915501594543457]","[2.020798921585083, 1.778763771057129, 1.9832427501678467, 1.8963987827301025]"
1632.0,2012-03-01T00:00:00.000000000,"[1.5654793977737427, 1.6754902601242065, 2.2915501594543457, 2.4675674438476562]","[1.9001398086547852, 1.7451229095458984, 1.9555165767669678, 1.8568291664123535]"
1632.0,2012-06-01T00:00:00.000000000,"[1.6754902601242065, 2.2915501594543457, 2.4675674438476562, 2.4675674438476562]","[1.7855839729309082, 1.7069885730743408, 1.8283421993255615, 1.7385063171386719]"
1632.0,2012-09-01T00:00:00.000000000,"[2.2915501594543457, 2.4675674438476562, 2.4675674438476562, 2.6875884532928467]","[1.8186631202697754, 1.7545156478881836, 1.6546299457550049, 1.7032394409179688]"
1632.0,2012-12-01T00:00:00.000000000,"[2.4675674438476562, 2.4675674438476562, 2.6875884532928467, 3.083627223968506]","[2.3171305656433105, 2.182004690170288, 2.1444380283355713, 2.240109443664551]"
1632.0,2013-03-01T00:00:00.000000000,"[2.4675674438476562, 2.6875884532928467, 3.083627223968506, 3.1056292057037354]","[2.440591812133789, 2.3688879013061523, 2.3934197425842285, 2.399998903274536]"
1690.0,2006-06-01T00:00:00.000000000,"[0.003327556187286973, 0.08033503592014313, 0.9824227690696716, 0.5808836817741394]","[0.12388011813163757, 0.08078703284263611, 0.17695114016532898, 0.10019952058792114]"
1690.0,2006-09-01T00:00:00.000000000,"[0.08033503592014313, 0.9824227690696716, 0.5808836817741394, 0.31685808300971985]","[0.017258375883102417, -0.03311285376548767, 0.018744438886642456, -0.009530186653137207]"
1690.0,2006-12-01T00:00:00.000000000,"[0.9824227690696716, 0.5808836817741394, 0.31685808300971985, 0.37736397981643677]","[0.0797213613986969, -0.016144096851348877, -0.003882467746734619, 0.017657607793807983]"
1690.0,2007-03-01T00:00:00.000000000,"[0.5808836817741394, 0.31685808300971985, 0.37736397981643677, 1.103434681892395]","[0.5218517184257507, 0.4283687472343445, 0.3935839533805847, 0.42987269163131714]"
1690.0,2007-06-01T00:00:00.000000000,"[0.31685808300971985, 0.37736397981643677, 1.103434681892395, 0.34436073899269104]","[0.3680620789527893, 0.3193988800048828, 0.4678841829299927, 0.3429604172706604]"
1690.0,2007-09-01T00:00:00.000000000,"[0.37736397981643677, 1.103434681892395, 0.34436073899269104, 0.08033503592014313]","[0.2616424560546875, 0.19209526479244232, 0.2556720972061157, 0.21747486293315887]"
1690.0,2007-12-01T00:00:00.000000000,"[1.103434681892395, 0.34436073899269104, 0.08033503592014313, 0.21784842014312744]","[0.3248354196548462, 0.18323945999145508, 0.2057608664035797, 0.22687184810638428]"
1690.0,2008-03-01T00:00:00.000000000,"[0.34436073899269104, 0.08033503592014313, 0.21784842014312744, 1.147438883781433]","[0.7372035980224609, 0.6046645045280457, 0.5746490359306335, 0.6066669821739197]"
1690.0,2008-06-01T00:00:00.000000000,"[0.08033503592014313, 0.21784842014312744, 1.147438883781433, 0.4543713927268982]","[0.3379882872104645, 0.28692546486854553, 0.5140606164932251, 0.32385653257369995]"
1690.0,2008-09-01T00:00:00.000000000,"[0.21784842014312744, 1.147438883781433, 0.4543713927268982, 0.21784842014312744]","[0.14575998485088348, 0.09921149909496307, 0.1633470207452774, 0.1595352441072464]"
1690.0,2008-12-01T00:00:00.000000000,"[1.147438883781433, 0.4543713927268982, 0.21784842014312744, 0.4378698170185089]","[0.27613183856010437, 0.1649368405342102, 0.19285468757152557, 0.22164197266101837]"
1690.0,2009-03-01T00:00:00.000000000,"[0.4543713927268982, 0.21784842014312744, 0.4378698170185089, 1.4389673471450806]","[0.7564800381660461, 0.6908823847770691, 0.6478036046028137, 0.6942461133003235]"
1690.0,2009-06-01T00:00:00.000000000,"[0.21784842014312744, 0.4378698170185089, 1.4389673471450806, 0.800905168056488]","[0.4256262481212616, 0.43373042345046997, 0.6761941313743591, 0.46916306018829346]"
1690.0,2009-09-01T00:00:00.000000000,"[0.4378698170185089, 1.4389673471450806, 0.800905168056488, 0.5863842368125916]","[0.2913070321083069, 0.27068719267845154, 0.3360874056816101, 0.3224080502986908]"
1690.0,2009-12-01T00:00:00.000000000,"[1.4389673471450806, 0.800905168056488, 0.5863842368125916, 0.8999148011207581]","[0.5371653437614441, 0.43751418590545654, 0.46711698174476624, 0.4997115433216095]"
1690.0,2010-03-01T00:00:00.000000000,"[0.800905168056488, 0.5863842368125916, 0.8999148011207581, 1.598482608795166]","[1.0041919946670532, 0.9565414786338806, 0.9178591966629028, 0.9707635641098022]"
1690.0,2010-06-01T00:00:00.000000000,"[0.5863842368125916, 0.8999148011207581, 1.598482608795166, 0.652390718460083]","[0.7555280923843384, 0.7566622495651245, 0.990700364112854, 0.7685389518737793]"
1690.0,2010-09-01T00:00:00.000000000,"[0.8999148011207581, 1.598482608795166, 0.652390718460083, 0.4983757734298706]","[0.646132230758667, 0.5985019207000732, 0.6924986839294434, 0.6538138389587402]"
1690.0,2010-12-01T00:00:00.000000000,"[1.598482608795166, 0.652390718460083, 0.4983757734298706, 0.96592116355896]","[0.9834156632423401, 0.8284054398536682, 0.8224087357521057, 0.8427155017852783]"
1690.0,2011-03-01T00:00:00.000000000,"[0.652390718460083, 0.4983757734298706, 0.96592116355896, 2.0440258979797363]","[1.2739728689193726, 1.1803553104400635, 1.1184207201004028, 1.1568644046783447]"
1690.0,2011-06-01T00:00:00.000000000,"[0.4983757734298706, 0.96592116355896, 2.0440258979797363, 0.7018954753875732]","[0.7495750188827515, 0.7286778688430786, 1.051574945449829, 0.7414290904998779]"
1690.0,2011-09-01T00:00:00.000000000,"[0.96592116355896, 2.0440258979797363, 0.7018954753875732, 0.7183970808982849]","[0.6341133117675781, 0.5894148349761963, 0.6232045888900757, 0.6332541108131409]"
1690.0,2011-12-01T00:00:00.000000000,"[2.0440258979797363, 0.7018954753875732, 0.7183970808982849, 0.9054153561592102]","[1.0912244319915771, 0.9252942800521851, 0.9551044702529907, 0.9943685531616211]"
1690.0,2012-03-01T00:00:00.000000000,"[0.7018954753875732, 0.7183970808982849, 0.9054153561592102, 2.9956183433532715]","[1.4883155822753906, 1.415194034576416, 1.3736109733581543, 1.4365551471710205]"
1690.0,2012-06-01T00:00:00.000000000,"[0.7183970808982849, 0.9054153561592102, 2.9956183433532715, 2.379558563232422]","[0.6661490201950073, 0.6823694705963135, 1.0878551006317139, 0.6956121921539307]"
1690.0,2012-09-01T00:00:00.000000000,"[0.9054153561592102, 2.9956183433532715, 2.379558563232422, 2.1595370769500732]","[0.7018426060676575, 0.6761847734451294, 0.649401843547821, 0.6773701906204224]"
1690.0,2012-12-01T00:00:00.000000000,"[2.9956183433532715, 2.379558563232422, 2.1595370769500732, 2.027524471282959]","[1.0256130695343018, 0.8579698204994202, 0.8865057826042175, 0.9188854694366455]"
1690.0,2013-03-01T00:00:00.000000000,"[2.379558563232422, 2.1595370769500732, 2.027524471282959, 3.919708251953125]","[1.7053974866867065, 1.6542874574661255, 1.5737717151641846, 1.6545822620391846]"
1704.0,2006-06-01T00:00:00.000000000,"[-0.08468098938465118, -0.08468098938465118, -0.10668310523033142, -0.10668310523033142]","[-0.20458027720451355, -0.1878431886434555, -0.20197804272174835, -0.17303690314292908]"
1704.0,2006-09-01T00:00:00.000000000,"[-0.08468098938465118, -0.10668310523033142, -0.10668310523033142, -0.06267886608839035]","[-0.12374469637870789, -0.1166185736656189, -0.1342962682247162, -0.1132144033908844]"
1704.0,2006-12-01T00:00:00.000000000,"[-0.10668310523033142, -0.10668310523033142, -0.06267886608839035, 0.025329740718007088]","[-0.1647726595401764, -0.15668508410453796, -0.12629348039627075, -0.148114413022995]"
1704.0,2007-03-01T00:00:00.000000000,"[-0.10668310523033142, -0.06267886608839035, 0.025329740718007088, -0.06267886608839035]","[-0.174272820353508, -0.1705031543970108, -0.13047167658805847, -0.15838250517845154]"
1704.0,2007-06-01T00:00:00.000000000,"[-0.06267886608839035, 0.025329740718007088, -0.06267886608839035, -0.12868529558181763]","[-0.19158202409744263, -0.20110099017620087, -0.15257945656776428, -0.1891007423400879]"
1704.0,2007-09-01T00:00:00.000000000,"[0.025329740718007088, -0.06267886608839035, -0.12868529558181763, 0.047331858426332474]","[-0.09864073246717453, -0.11037014424800873, -0.13788491487503052, -0.12061411887407303]"
1704.0,2007-12-01T00:00:00.000000000,"[-0.06267886608839035, -0.12868529558181763, 0.047331858426332474, 0.3993660807609558]","[-0.08634653687477112, -0.10068134218454361, -0.09450343251228333, -0.09188364446163177]"
1704.0,2008-03-01T00:00:00.000000000,"[-0.12868529558181763, 0.047331858426332474, 0.3993660807609558, 0.7514004111289978]","[-0.13675495982170105, -0.14196881651878357, -0.0964072048664093, -0.13123109936714172]"
1704.0,2008-06-01T00:00:00.000000000,"[0.047331858426332474, 0.3993660807609558, 0.7514004111289978, 0.7734025120735168]","[-0.11356551200151443, -0.12344900518655777, -0.0945129543542862, -0.12384819984436035]"
1704.0,2008-09-01T00:00:00.000000000,"[0.3993660807609558, 0.7514004111289978, 0.7734025120735168, 1.0374282598495483]","[0.004899889230728149, -0.03465363383293152, -0.04752890765666962, -0.030763819813728333]"
1704.0,2008-12-01T00:00:00.000000000,"[0.7514004111289978, 0.7734025120735168, 1.0374282598495483, 1.1914430856704712]","[0.1498565375804901, 0.1339406967163086, 0.09418913722038269, 0.11400255560874939]"
1704.0,2009-03-01T00:00:00.000000000,"[0.7734025120735168, 1.0374282598495483, 1.1914430856704712, 1.3454581499099731]","[0.3061538338661194, 0.2924060821533203, 0.24525077641010284, 0.2730439305305481]"
1704.0,2009-06-01T00:00:00.000000000,"[1.0374282598495483, 1.1914430856704712, 1.3454581499099731, 1.6314857006072998]","[0.5093711614608765, 0.4328638017177582, 0.453406423330307, 0.40584543347358704]"
1704.0,2009-09-01T00:00:00.000000000,"[1.1914430856704712, 1.3454581499099731, 1.6314857006072998, 1.9835201501846313]","[0.7290152907371521, 0.6073459982872009, 0.5567953586578369, 0.5857424736022949]"
1704.0,2009-12-01T00:00:00.000000000,"[1.3454581499099731, 1.6314857006072998, 1.9835201501846313, 1.9395159482955933]","[0.6775220036506653, 0.532957911491394, 0.48367419838905334, 0.4958967864513397]"
1704.0,2010-03-01T00:00:00.000000000,"[1.6314857006072998, 1.9835201501846313, 1.9395159482955933, 1.4334666728973389]","[0.780584454536438, 0.638369619846344, 0.5835447907447815, 0.6009253859519958]"
1704.0,2010-06-01T00:00:00.000000000,"[1.9835201501846313, 1.9395159482955933, 1.4334666728973389, 1.0814324617385864]","[1.194102168083191, 0.9932385087013245, 1.0655137300491333, 1.0490447282791138]"
1704.0,2010-09-01T00:00:00.000000000,"[1.9395159482955933, 1.4334666728973389, 1.0814324617385864, 0.8394088745117188]","[1.2268519401550293, 1.0359513759613037, 0.9644119739532471, 0.9959466457366943]"
1704.0,2010-12-01T00:00:00.000000000,"[1.4334666728973389, 1.0814324617385864, 0.8394088745117188, 0.9274174571037292]","[1.3477182388305664, 1.1994222402572632, 1.0866832733154297, 1.0469989776611328]"
1704.0,2011-03-01T00:00:00.000000000,"[1.0814324617385864, 0.8394088745117188, 0.9274174571037292, 1.0594303607940674]","[1.1363697052001953, 0.9625557661056519, 0.9308023452758789, 0.8529545068740845]"
1704.0,2011-06-01T00:00:00.000000000,"[0.8394088745117188, 0.9274174571037292, 1.0594303607940674, 1.455468773841858]","[0.9435224533081055, 0.7394051551818848, 0.7986294031143188, 0.76459801197052]"
1704.0,2011-09-01T00:00:00.000000000,"[0.9274174571037292, 1.0594303607940674, 1.455468773841858, 1.2574495077133179]","[0.9218299388885498, 0.7430071830749512, 0.8467757701873779, 0.8264496326446533]"
1704.0,2011-12-01T00:00:00.000000000,"[1.0594303607940674, 1.455468773841858, 1.2574495077133179, 1.6314857006072998]","[0.9020347595214844, 0.7835202217102051, 0.7337043285369873, 0.760061502456665]"
1704.0,2012-03-01T00:00:00.000000000,"[1.455468773841858, 1.2574495077133179, 1.6314857006072998, 2.0495264530181885]","[1.084038496017456, 1.0027472972869873, 0.9735212922096252, 0.9597799181938171]"
1704.0,2012-06-01T00:00:00.000000000,"[1.2574495077133179, 1.6314857006072998, 2.0495264530181885, 2.3575565814971924]","[1.560112714767456, 1.4064220190048218, 1.481197714805603, 1.470106840133667]"
1704.0,2012-09-01T00:00:00.000000000,"[1.6314857006072998, 2.0495264530181885, 2.3575565814971924, 2.885607957839966]","[1.3943294286727905, 1.3918943405151367, 1.3678691387176514, 1.383259892463684]"
1704.0,2012-12-01T00:00:00.000000000,"[2.0495264530181885, 2.3575565814971924, 2.885607957839966, 3.479665517807007]","[1.4425938129425049, 1.3875036239624023, 1.2902370691299438, 1.345349669456482]"
1704.0,2013-03-01T00:00:00.000000000,"[2.3575565814971924, 2.885607957839966, 3.479665517807007, 3.567674398422241]","[1.7645676136016846, 1.664470911026001, 1.5729985237121582, 1.6356568336486816]"
1878.0,2005-09-01T00:00:00.000000000,"[0.003327556187286973, 0.06933397799730301, -0.15068741142749786, -0.15068741142749786]","[0.2110331952571869, 0.2253842055797577, 0.23528173565864563, 0.23640146851539612]"
1878.0,2005-12-01T00:00:00.000000000,"[0.06933397799730301, -0.15068741142749786, -0.15068741142749786, -0.04067668318748474]","[0.04039650410413742, 0.06565272808074951, 0.10841000825166702, 0.10816232115030289]"
1878.0,2006-03-01T00:00:00.000000000,"[-0.15068741142749786, -0.15068741142749786, -0.04067668318748474, -0.28270024061203003]","[0.049881719052791595, 0.06935682892799377, 0.08489309251308441, 0.11063924431800842]"
1878.0,2006-06-01T00:00:00.000000000,"[-0.15068741142749786, -0.04067668318748474, -0.28270024061203003, -0.39271095395088196]","[-0.08058612048625946, -0.04037737846374512, 0.03357098996639252, 0.022408992052078247]"
1878.0,2006-09-01T00:00:00.000000000,"[-0.04067668318748474, -0.28270024061203003, -0.39271095395088196, -0.23869597911834717]","[-0.039498358964920044, -0.007029354572296143, 0.02000361680984497, 0.057337090373039246]"
1878.0,2007-09-01T00:00:00.000000000,"[-0.28270024061203003, -0.39271095395088196, -0.23869597911834717, -0.920762300491333]","[-0.0075102150440216064, 0.0190887451171875, 0.04164056479930878, 0.07457078248262405]"
1878.0,2007-12-01T00:00:00.000000000,"[-0.39271095395088196, -0.23869597911834717, -0.920762300491333, -0.5907301902770996]","[-0.09170471131801605, -0.05476154386997223, -0.004676938056945801, 0.018370822072029114]"
1878.0,2008-03-01T00:00:00.000000000,"[-0.23869597911834717, -0.920762300491333, -0.5907301902770996, -1.096779465675354]","[-0.17576149106025696, -0.12818148732185364, -0.07594390213489532, -0.031068935990333557]"
1878.0,2008-06-01T00:00:00.000000000,"[-0.920762300491333, -0.5907301902770996, -1.096779465675354, -1.316800832748413]","[-0.16306349635124207, -0.11709482222795486, -0.07171665877103806, -0.02431706339120865]"
1878.0,2008-09-01T00:00:00.000000000,"[-0.5907301902770996, -1.096779465675354, -1.316800832748413, -1.0527751445770264]","[-0.38794705271720886, -0.31152817606925964, -0.17205148935317993, -0.18219023942947388]"
1878.0,2008-12-01T00:00:00.000000000,"[-1.096779465675354, -1.316800832748413, -1.0527751445770264, -0.942764401435852]","[-0.3186306953430176, -0.25807851552963257, -0.19107328355312347, -0.1342243254184723]"
1878.0,2009-03-01T00:00:00.000000000,"[-1.316800832748413, -1.0527751445770264, -0.942764401435852, -0.9647666215896606]","[-0.4959707260131836, -0.4134539067745209, -0.30640894174575806, -0.2547961175441742]"
1878.0,2009-06-01T00:00:00.000000000,"[-1.0527751445770264, -0.942764401435852, -0.9647666215896606, -0.898760199546814]","[-0.6313843727111816, -0.5357717871665955, -0.4306231141090393, -0.3442615270614624]"
1878.0,2009-09-01T00:00:00.000000000,"[-0.942764401435852, -0.9647666215896606, -0.898760199546814, -0.5687280893325806]","[-0.5458828806877136, -0.46938928961753845, -0.3873617351055145, -0.3116287589073181]"
1878.0,2009-12-01T00:00:00.000000000,"[-0.9647666215896606, -0.898760199546814, -0.5687280893325806, -0.28270024061203003]","[-0.5234359502792358, -0.4566935896873474, -0.3859267234802246, -0.316140353679657]"
1878.0,2010-03-01T00:00:00.000000000,"[-0.898760199546814, -0.5687280893325806, -0.28270024061203003, -0.06267886608839035]","[-0.5661789178848267, -0.49923765659332275, -0.42979031801223755, -0.3574291169643402]"
1878.0,2010-06-01T00:00:00.000000000,"[-0.5687280893325806, -0.28270024061203003, -0.06267886608839035, 0.3113575577735901]","[-0.5782668590545654, -0.5125105381011963, -0.4444792866706848, -0.3738861083984375]"
1878.0,2010-09-01T00:00:00.000000000,"[-0.28270024061203003, -0.06267886608839035, 0.3113575577735901, 0.2893553674221039]","[-0.4622759222984314, -0.41512972116470337, -0.3695976138114929, -0.31073105335235596]"
1878.0,2010-12-01T00:00:00.000000000,"[-0.06267886608839035, 0.3113575577735901, 0.2893553674221039, 0.7293981313705444]","[-0.44144898653030396, -0.39605027437210083, -0.30962100625038147, -0.31441012024879456]"
1878.0,2011-03-01T00:00:00.000000000,"[0.3113575577735901, 0.2893553674221039, 0.7293981313705444, 1.0154259204864502]","[-0.27434784173965454, -0.2174195498228073, -0.11852191388607025, -0.1738038957118988]"
1878.0,2011-06-01T00:00:00.000000000,"[0.2893553674221039, 0.7293981313705444, 1.0154259204864502, 1.323456048965454]","[-0.021955519914627075, 0.02291053533554077, 0.00393146276473999, 0.057164013385772705]"
1878.0,2011-09-01T00:00:00.000000000,"[0.7293981313705444, 1.0154259204864502, 1.323456048965454, 1.1694409847259521]","[0.09570236504077911, 0.10453785955905914, 0.07414956390857697, 0.10298304259777069]"
1878.0,2011-12-01T00:00:00.000000000,"[1.0154259204864502, 1.323456048965454, 1.1694409847259521, 1.455468773841858]","[0.3988474905490875, 0.38928744196891785, 0.2966793477535248, 0.34990736842155457]"
1878.0,2012-03-01T00:00:00.000000000,"[1.323456048965454, 1.1694409847259521, 1.455468773841858, 1.5874814987182617]","[0.5700902342796326, 0.518017590045929, 0.3836471736431122, 0.4210498631000519]"
1878.0,2012-06-01T00:00:00.000000000,"[1.1694409847259521, 1.455468773841858, 1.5874814987182617, 1.8955113887786865]","[0.7533090114593506, 0.666854977607727, 0.5058283805847168, 0.5421333909034729]"
1878.0,2012-09-01T00:00:00.000000000,"[1.455468773841858, 1.5874814987182617, 1.8955113887786865, 1.5654793977737427]","[0.7251628041267395, 0.5875346064567566, 0.49906015396118164, 0.484328031539917]"
1878.0,2012-12-01T00:00:00.000000000,"[1.5874814987182617, 1.8955113887786865, 1.5654793977737427, 1.9615180492401123]","[0.790252685546875, 0.6614483594894409, 0.5213360786437988, 0.5287882685661316]"
1878.0,2013-03-01T00:00:00.000000000,"[1.8955113887786865, 1.5654793977737427, 1.9615180492401123, 2.2277438640594482]","[0.8669804930686951, 0.7274655699729919, 0.5702345371246338, 0.5884532928466797]"
1891.0,2006-06-01T00:00:00.000000000,"[0.6853939294815063, 0.6633917689323425, 0.8394088745117188, 1.5874814987182617]","[1.1098437309265137, 1.149324655532837, 1.0825152397155762, 1.1307655572891235]"
1891.0,2006-09-01T00:00:00.000000000,"[0.6633917689323425, 0.8394088745117188, 1.5874814987182617, 0.5093768239021301]","[0.743912398815155, 0.7474973797798157, 1.1013317108154297, 0.7440924644470215]"
1891.0,2006-12-01T00:00:00.000000000,"[0.8394088745117188, 1.5874814987182617, 0.5093768239021301, 0.7954046130180359]","[0.6998142004013062, 0.6873049736022949, 0.6762738227844238, 0.7049546241760254]"
1891.0,2007-03-01T00:00:00.000000000,"[1.5874814987182617, 0.5093768239021301, 0.7954046130180359, 0.8834132552146912]","[0.9839298725128174, 0.8756018877029419, 0.8845702409744263, 0.9140135049819946]"
1891.0,2007-06-01T00:00:00.000000000,"[0.5093768239021301, 0.7954046130180359, 0.8834132552146912, 1.8735092878341675]","[1.1364332437515259, 1.1614816188812256, 1.1051726341247559, 1.1544084548950195]"
1891.0,2007-09-01T00:00:00.000000000,"[0.7954046130180359, 0.8834132552146912, 1.8735092878341675, 0.8174067735671997]","[0.8028251528739929, 0.794709324836731, 1.2356152534484863, 0.8494848012924194]"
1891.0,2007-12-01T00:00:00.000000000,"[0.8834132552146912, 1.8735092878341675, 0.8174067735671997, 1.1914430856704712]","[0.8317433595657349, 0.8050938248634338, 0.8330891132354736, 0.8811830282211304]"
1891.0,2008-03-01T00:00:00.000000000,"[1.8735092878341675, 0.8174067735671997, 1.1914430856704712, 1.2134451866149902]","[0.9004755020141602, 0.8247374296188354, 0.8026790618896484, 0.8225818872451782]"
1891.0,2008-06-01T00:00:00.000000000,"[0.8174067735671997, 1.1914430856704712, 1.2134451866149902, 2.181539297103882]","[1.1402571201324463, 1.1978462934494019, 1.1579132080078125, 1.2091351747512817]"
1891.0,2008-09-01T00:00:00.000000000,"[1.1914430856704712, 1.2134451866149902, 2.181539297103882, 0.7514004111289978]","[0.9696915149688721, 0.9792122840881348, 1.4922590255737305, 1.0474371910095215]"
1891.0,2008-12-01T00:00:00.000000000,"[1.2134451866149902, 2.181539297103882, 0.7514004111289978, 1.301453948020935]","[1.2001031637191772, 1.1379282474517822, 1.1492611169815063, 1.2026519775390625]"
1891.0,2009-03-01T00:00:00.000000000,"[2.181539297103882, 0.7514004111289978, 1.301453948020935, 1.477470874786377]","[1.2056771516799927, 1.0885508060455322, 1.0648880004882812, 1.0779215097427368]"
1891.0,2009-06-01T00:00:00.000000000,"[0.7514004111289978, 1.301453948020935, 1.477470874786377, 2.6435842514038086]","[1.4590175151824951, 1.484336018562317, 1.3883354663848877, 1.435926914215088]"
1891.0,2009-09-01T00:00:00.000000000,"[1.301453948020935, 1.477470874786377, 2.6435842514038086, 1.323456048965454]","[0.9626717567443848, 0.9709653258323669, 1.373329997062683, 0.9716924428939819]"
1891.0,2009-12-01T00:00:00.000000000,"[1.477470874786377, 2.6435842514038086, 1.323456048965454, 1.9395159482955933]","[1.2168471813201904, 1.1848797798156738, 1.110518217086792, 1.1446980237960815]"
1891.0,2010-03-01T00:00:00.000000000,"[2.6435842514038086, 1.323456048965454, 1.9395159482955933, 2.2475459575653076]","[1.6606781482696533, 1.4444844722747803, 1.5484590530395508, 1.521693468093872]"
1891.0,2010-06-01T00:00:00.000000000,"[1.323456048965454, 1.9395159482955933, 2.2475459575653076, 3.1936378479003906]","[1.870305061340332, 1.8599328994750977, 1.798967719078064, 1.8767666816711426]"
1891.0,2010-09-01T00:00:00.000000000,"[1.9395159482955933, 2.2475459575653076, 3.1936378479003906, 1.8075029850006104]","[1.3302452564239502, 1.3277699947357178, 1.7768349647521973, 1.3260434865951538]"
1891.0,2010-12-01T00:00:00.000000000,"[2.2475459575653076, 3.1936378479003906, 1.8075029850006104, 2.2475459575653076]","[1.773041009902954, 1.664442539215088, 1.5539650917053223, 1.5870585441589355]"
1891.0,2011-03-01T00:00:00.000000000,"[3.1936378479003906, 1.8075029850006104, 2.2475459575653076, 2.6435842514038086]","[2.101105213165283, 1.875542402267456, 1.803549885749817, 1.811947226524353]"
1891.0,2011-06-01T00:00:00.000000000,"[1.8075029850006104, 2.2475459575653076, 2.6435842514038086, 3.523669719696045]","[2.182351589202881, 2.156292200088501, 2.012355327606201, 2.07871675491333]"
1891.0,2011-09-01T00:00:00.000000000,"[2.2475459575653076, 2.6435842514038086, 3.523669719696045, 1.8075029850006104]","[1.5878074169158936, 1.5791534185409546, 1.8814198970794678, 1.5054497718811035]"
1891.0,2011-12-01T00:00:00.000000000,"[2.6435842514038086, 3.523669719696045, 1.8075029850006104, 2.4015607833862305]","[1.9587584733963013, 1.8476707935333252, 1.7070599794387817, 1.7228305339813232]"
1891.0,2012-03-01T00:00:00.000000000,"[3.523669719696045, 1.8075029850006104, 2.4015607833862305, 2.6435842514038086]","[2.662207841873169, 2.33785080909729, 2.350072145462036, 2.3844542503356934]"
1891.0,2012-06-01T00:00:00.000000000,"[1.8075029850006104, 2.4015607833862305, 2.6435842514038086, 3.4576635360717773]","[2.6978025436401367, 2.6021833419799805, 2.461107015609741, 2.5187339782714844]"
1891.0,2012-09-01T00:00:00.000000000,"[2.4015607833862305, 2.6435842514038086, 3.4576635360717773, 1.9395159482955933]","[1.94704270362854, 1.8894364833831787, 2.5642142295837402, 1.9981335401535034]"
1891.0,2012-12-01T00:00:00.000000000,"[2.6435842514038086, 3.4576635360717773, 1.9395159482955933, 2.929612159729004]","[2.3200206756591797, 2.1530799865722656, 2.1451497077941895, 2.2073521614074707]"
1891.0,2013-03-01T00:00:00.000000000,"[3.4576635360717773, 1.9395159482955933, 2.929612159729004, 2.929612159729004]","[2.9177889823913574, 2.5823686122894287, 2.5758676528930664, 2.6144561767578125]"
2136.0,2006-06-01T00:00:00.000000000,"[1.301453948020935, 1.2574495077133179, 0.8614109754562378, 1.5434772968292236]","[1.130709171295166, 1.0639690160751343, 0.9038335680961609, 0.9298416972160339]"
2136.0,2006-09-01T00:00:00.000000000,"[1.2574495077133179, 0.8614109754562378, 1.5434772968292236, 1.5874814987182617]","[1.1170971393585205, 0.9385936856269836, 0.8691391348838806, 0.8914138078689575]"
2136.0,2006-12-01T00:00:00.000000000,"[0.8614109754562378, 1.5434772968292236, 1.5874814987182617, 1.5874814987182617]","[0.93093341588974, 0.9542920589447021, 0.8713461756706238, 0.8695307970046997]"
2136.0,2007-03-01T00:00:00.000000000,"[1.5434772968292236, 1.5874814987182617, 1.5874814987182617, 1.2574495077133179]","[0.8731409311294556, 0.9261929988861084, 0.9035428762435913, 0.7274079322814941]"
2136.0,2007-06-01T00:00:00.000000000,"[1.5874814987182617, 1.5874814987182617, 1.2574495077133179, 1.6314857006072998]","[1.4751832485198975, 1.3563714027404785, 1.1568444967269897, 1.3490428924560547]"
2136.0,2007-09-01T00:00:00.000000000,"[1.5874814987182617, 1.2574495077133179, 1.6314857006072998, 1.3674603700637817]","[1.424669861793518, 1.256065011024475, 1.3033833503723145, 1.3679454326629639]"
2136.0,2007-12-01T00:00:00.000000000,"[1.2574495077133179, 1.6314857006072998, 1.3674603700637817, 1.5214751958847046]","[1.344092845916748, 1.408170223236084, 1.371474027633667, 1.3516507148742676]"
2136.0,2008-03-01T00:00:00.000000000,"[1.6314857006072998, 1.3674603700637817, 1.5214751958847046, 1.1914430856704712]","[1.3325061798095703, 1.3676609992980957, 1.4054913520812988, 1.2196550369262695]"
2136.0,2008-06-01T00:00:00.000000000,"[1.3674603700637817, 1.5214751958847046, 1.1914430856704712, 1.3894624710083008]","[1.6002774238586426, 1.5478875637054443, 1.4342734813690186, 1.6757283210754395]"
2136.0,2008-09-01T00:00:00.000000000,"[1.5214751958847046, 1.1914430856704712, 1.3894624710083008, 1.4114645719528198]","[1.3426015377044678, 1.298808217048645, 1.4201053380966187, 1.499456763267517]"
2136.0,2008-12-01T00:00:00.000000000,"[1.1914430856704712, 1.3894624710083008, 1.4114645719528198, 1.455468773841858]","[1.5049006938934326, 1.572021722793579, 1.4650256633758545, 1.569417953491211]"
2136.0,2009-03-01T00:00:00.000000000,"[1.3894624710083008, 1.4114645719528198, 1.455468773841858, 1.1914430856704712]","[1.415799617767334, 1.3425145149230957, 1.5335760116577148, 1.3242088556289673]"
2136.0,2009-06-01T00:00:00.000000000,"[1.4114645719528198, 1.455468773841858, 1.1914430856704712, 1.8735092878341675]","[1.5155390501022339, 1.4544166326522827, 1.3490121364593506, 1.5300182104110718]"
2136.0,2009-09-01T00:00:00.000000000,"[1.455468773841858, 1.1914430856704712, 1.8735092878341675, 1.9395159482955933]","[1.472651720046997, 1.3597841262817383, 1.5225813388824463, 1.5648738145828247]"
2136.0,2009-12-01T00:00:00.000000000,"[1.1914430856704712, 1.8735092878341675, 1.9395159482955933, 1.9835201501846313]","[1.5401238203048706, 1.5822007656097412, 1.5617567300796509, 1.5201621055603027]"
2136.0,2010-03-01T00:00:00.000000000,"[1.8735092878341675, 1.9395159482955933, 1.9835201501846313, 1.7634987831115723]","[1.2789744138717651, 1.2333099842071533, 1.2766600847244263, 1.2378648519515991]"
2136.0,2010-06-01T00:00:00.000000000,"[1.9395159482955933, 1.9835201501846313, 1.7634987831115723, 1.9395159482955933]","[1.665547251701355, 1.5839492082595825, 1.5087239742279053, 1.533351182937622]"
2136.0,2010-09-01T00:00:00.000000000,"[1.9835201501846313, 1.7634987831115723, 1.9395159482955933, 2.0055222511291504]","[1.5601568222045898, 1.508226990699768, 1.4571151733398438, 1.4639772176742554]"
2136.0,2010-12-01T00:00:00.000000000,"[1.7634987831115723, 1.9395159482955933, 2.0055222511291504, 2.0495264530181885]","[1.855574607849121, 1.8000507354736328, 1.7634766101837158, 1.8015483617782593]"
2136.0,2011-03-01T00:00:00.000000000,"[1.9395159482955933, 2.0055222511291504, 2.0495264530181885, 1.7855008840560913]","[1.8106048107147217, 1.699303388595581, 1.7194554805755615, 1.6801598072052002]"
2136.0,2011-06-01T00:00:00.000000000,"[2.0055222511291504, 2.0495264530181885, 1.7855008840560913, 2.071528673171997]","[1.922784447669983, 1.7949960231781006, 1.7207157611846924, 1.7387151718139648]"
2136.0,2011-09-01T00:00:00.000000000,"[2.0495264530181885, 1.7855008840560913, 2.071528673171997, 1.8955113887786865]","[1.9078428745269775, 1.7720608711242676, 1.8958898782730103, 1.8065826892852783]"
2136.0,2011-12-01T00:00:00.000000000,"[1.7855008840560913, 2.071528673171997, 1.8955113887786865, 2.0495264530181885]","[2.003765106201172, 1.9395883083343506, 1.8488715887069702, 1.8766887187957764]"
2136.0,2012-03-01T00:00:00.000000000,"[2.071528673171997, 1.8955113887786865, 2.0495264530181885, 1.9615180492401123]","[1.9661356210708618, 1.8485267162322998, 1.9688515663146973, 1.9171533584594727]"
2136.0,2012-06-01T00:00:00.000000000,"[1.8955113887786865, 2.0495264530181885, 1.9615180492401123, 2.181539297103882]","[2.1320323944091797, 1.9891353845596313, 1.9743239879608154, 2.0135412216186523]"
2136.0,2012-09-01T00:00:00.000000000,"[2.0495264530181885, 1.9615180492401123, 2.181539297103882, 2.313552141189575]","[1.9864897727966309, 1.8783011436462402, 2.0258803367614746, 1.9575519561767578]"
2136.0,2012-12-01T00:00:00.000000000,"[1.9615180492401123, 2.181539297103882, 2.313552141189575, 2.4015607833862305]","[2.002870559692383, 1.9355621337890625, 1.952252745628357, 1.9552475214004517]"
2136.0,2013-03-01T00:00:00.000000000,"[2.181539297103882, 2.313552141189575, 2.4015607833862305, 2.181539297103882]","[2.020702362060547, 1.9537765979766846, 1.9686775207519531, 1.9295403957366943]"
2285.0,2006-06-01T00:00:00.000000000,"[4.227738380432129, 4.007717132568359, 4.381753444671631, 3.633680582046509]","[3.065563201904297, 2.8896515369415283, 2.819080114364624, 2.869675636291504]"
2285.0,2006-09-01T00:00:00.000000000,"[4.007717132568359, 4.381753444671631, 3.633680582046509, 2.8636057376861572]","[3.4839630126953125, 3.3590235710144043, 3.0700268745422363, 3.163853883743286]"
2285.0,2006-12-01T00:00:00.000000000,"[4.381753444671631, 3.633680582046509, 2.8636057376861572, 4.8437981605529785]","[3.7620866298675537, 3.551007032394409, 3.395423650741577, 3.5063552856445312]"
2285.0,2007-03-01T00:00:00.000000000,"[3.633680582046509, 2.8636057376861572, 4.8437981605529785, 2.819601535797119]","[4.208022594451904, 3.9541337490081787, 3.767192840576172, 3.890944004058838]"
2285.0,2007-06-01T00:00:00.000000000,"[2.8636057376861572, 4.8437981605529785, 2.819601535797119, 3.127631425857544]","[3.7921061515808105, 3.4957098960876465, 3.573066234588623, 3.4645919799804688]"
2285.0,2007-09-01T00:00:00.000000000,"[4.8437981605529785, 2.819601535797119, 3.127631425857544, -1.6688350439071655]","[2.6316792964935303, 2.546552896499634, 2.576819658279419, 2.495659828186035]"
2285.0,2007-12-01T00:00:00.000000000,"[2.819601535797119, 3.127631425857544, -1.6688350439071655, 7.022010326385498]","[4.139683723449707, 3.846184730529785, 3.6741368770599365, 3.7459588050842285]"
2285.0,2008-03-01T00:00:00.000000000,"[3.127631425857544, -1.6688350439071655, 7.022010326385498, 4.733787536621094]","[3.227060079574585, 3.007941722869873, 3.6833925247192383, 3.2281360626220703]"
2285.0,2008-06-01T00:00:00.000000000,"[-1.6688350439071655, 7.022010326385498, 4.733787536621094, 3.721689224243164]","[3.190840721130371, 2.9593868255615234, 3.1238317489624023, 3.177833080291748]"
2285.0,2008-09-01T00:00:00.000000000,"[7.022010326385498, 4.733787536621094, 3.721689224243164, 4.909804821014404]","[0.9812508821487427, 1.200754165649414, 1.747765302658081, 1.4889185428619385]"
2285.0,2008-12-01T00:00:00.000000000,"[4.733787536621094, 3.721689224243164, 4.909804821014404, 5.283841133117676]","[3.89973783493042, 3.9278836250305176, 3.753415107727051, 3.989076614379883]"
2285.0,2009-03-01T00:00:00.000000000,"[3.721689224243164, 4.909804821014404, 5.283841133117676, 6.031913757324219]","[3.932957172393799, 4.077115058898926, 4.941470146179199, 4.278602600097656]"
2285.0,2009-06-01T00:00:00.000000000,"[4.909804821014404, 5.283841133117676, 6.031913757324219, 7.308038234710693]","[3.2292943000793457, 3.62455415725708, 3.8201510906219482, 3.781920909881592]"
2285.0,2009-09-01T00:00:00.000000000,"[5.283841133117676, 6.031913757324219, 7.308038234710693, 6.62597131729126]","[4.750517845153809, 4.2518839836120605, 4.238341331481934, 4.262631416320801]"
2285.0,2009-12-01T00:00:00.000000000,"[6.031913757324219, 7.308038234710693, 6.62597131729126, 7.176024913787842]","[5.241564750671387, 5.120650291442871, 4.804455757141113, 4.857896327972412]"
2285.0,2010-03-01T00:00:00.000000000,"[7.308038234710693, 6.62597131729126, 7.176024913787842, 11.35643196105957]","[5.785597801208496, 5.462918281555176, 5.776456832885742, 5.738340854644775]"
2285.0,2010-06-01T00:00:00.000000000,"[6.62597131729126, 7.176024913787842, 11.35643196105957, 6.2519354820251465]","[6.657834053039551, 6.169547080993652, 6.727560997009277, 6.509944915771484]"
2285.0,2010-09-01T00:00:00.000000000,"[7.176024913787842, 11.35643196105957, 6.2519354820251465, -13.505987167358398]","[5.986123085021973, 5.669543266296387, 5.651268005371094, 5.482789993286133]"
2285.0,2010-12-01T00:00:00.000000000,"[11.35643196105957, 6.2519354820251465, -13.505987167358398, 2.4895694255828857]","[6.706666469573975, 6.160486221313477, 5.943899154663086, 6.024260520935059]"
2285.0,2011-03-01T00:00:00.000000000,"[6.2519354820251465, -13.505987167358398, 2.4895694255828857, -5.827239513397217]","[9.168012619018555, 8.466985702514648, 8.336219787597656, 8.5328369140625]"
2285.0,2011-06-01T00:00:00.000000000,"[-13.505987167358398, 2.4895694255828857, -5.827239513397217, -4.441104888916016]","[6.820152282714844, 6.429675579071045, 7.487119674682617, 6.6231889724731445]"
2285.0,2011-09-01T00:00:00.000000000,"[2.4895694255828857, -5.827239513397217, -4.441104888916016, -11.239766120910645]","[-0.2009725570678711, 0.4363260269165039, 2.1447455883026123, 1.2111408710479736]"
2285.0,2011-12-01T00:00:00.000000000,"[-5.827239513397217, -4.441104888916016, -11.239766120910645, -3.7590384483337402]","[2.103916883468628, 2.3715829849243164, 2.4554762840270996, 2.9236812591552734]"
2285.0,2012-03-01T00:00:00.000000000,"[-4.441104888916016, -11.239766120910645, -3.7590384483337402, -9.919637680053711]","[-0.43863987922668457, 0.18050050735473633, 1.9796357154846191, 0.9439311027526855]"
2285.0,2012-06-01T00:00:00.000000000,"[-11.239766120910645, -3.7590384483337402, -9.919637680053711, -4.067068576812744]","[-0.2664220333099365, 0.2778301239013672, 0.792658805847168, 1.4065572023391724]"
2285.0,2012-09-01T00:00:00.000000000,"[-3.7590384483337402, -9.919637680053711, -4.067068576812744, 0.17934469878673553]","[-3.119746208190918, -2.232715129852295, -1.205810546875, -0.3917396068572998]"
2285.0,2012-12-01T00:00:00.000000000,"[-9.919637680053711, -4.067068576812744, 0.17934469878673553, -2.020869493484497]","[-1.1911513805389404, -0.5707755088806152, -0.01899123191833496, 0.70574951171875]"
2285.0,2013-03-01T00:00:00.000000000,"[-4.067068576812744, 0.17934469878673553, -2.020869493484497, -17.620386123657227]","[-3.7826988697052, -2.8389670848846436, -0.8970692157745361, -1.2449862957000732]"
2574.0,2006-06-01T00:00:00.000000000,"[-0.31196311116218567, -0.3267045319080353, -0.3414459824562073, -0.37070879340171814]","[-0.39446115493774414, -0.4071480333805084, -0.4178471267223358, -0.4132533073425293]"
2574.0,2006-09-01T00:00:00.000000000,"[-0.3267045319080353, -0.3414459824562073, -0.37070879340171814, -0.28996095061302185]","[-0.348837286233902, -0.3640209436416626, -0.3821362853050232, -0.3779961168766022]"
2574.0,2006-12-01T00:00:00.000000000,"[-0.3414459824562073, -0.37070879340171814, -0.28996095061302185, -0.31944382190704346]","[-0.3283431828022003, -0.3428735136985779, -0.33084070682525635, -0.338385671377182]"
2574.0,2007-03-01T00:00:00.000000000,"[-0.37070879340171814, -0.28996095061302185, -0.31944382190704346, -0.3487066924571991]","[-0.35885801911354065, -0.3660891056060791, -0.3795267939567566, -0.37638965249061584]"
2574.0,2007-06-01T00:00:00.000000000,"[-0.28996095061302185, -0.31944382190704346, -0.3487066924571991, -0.4294545352458954]","[-0.36786219477653503, -0.3843347430229187, -0.39268937706947327, -0.3902738690376282]"
2574.0,2007-09-01T00:00:00.000000000,"[-0.31944382190704346, -0.3487066924571991, -0.4294545352458954, -0.35596737265586853]","[-0.3168261647224426, -0.3331766426563263, -0.34175145626068115, -0.33671659231185913]"
2574.0,2007-12-01T00:00:00.000000000,"[-0.3487066924571991, -0.4294545352458954, -0.35596737265586853, -0.3487066924571991]","[-0.3310158848762512, -0.3487132787704468, -0.32092440128326416, -0.34187114238739014]"
2574.0,2008-03-01T00:00:00.000000000,"[-0.4294545352458954, -0.35596737265586853, -0.3487066924571991, -0.3414459824562073]","[-0.3438186049461365, -0.3514553904533386, -0.3513945937156677, -0.3561779856681824]"
2574.0,2008-06-01T00:00:00.000000000,"[-0.35596737265586853, -0.3487066924571991, -0.3414459824562073, -0.3267045319080353]","[-0.4025737941265106, -0.4098697602748871, -0.399588406085968, -0.4042019546031952]"
2574.0,2008-09-01T00:00:00.000000000,"[-0.3487066924571991, -0.3414459824562073, -0.3267045319080353, -0.23143525421619415]","[-0.3598085343837738, -0.3676702082157135, -0.3781363368034363, -0.3754386901855469]"
2574.0,2008-12-01T00:00:00.000000000,"[-0.3414459824562073, -0.3267045319080353, -0.23143525421619415, -0.3267045319080353]","[-0.3522474467754364, -0.3557348847389221, -0.3380450904369354, -0.34900838136672974]"
2574.0,2009-03-01T00:00:00.000000000,"[-0.3267045319080353, -0.23143525421619415, -0.3267045319080353, -0.23143525421619415]","[-0.35336026549339294, -0.34946727752685547, -0.35250356793403625, -0.35077962279319763]"
2574.0,2009-06-01T00:00:00.000000000,"[-0.23143525421619415, -0.3267045319080353, -0.23143525421619415, -0.12868529558181763]","[-0.3327973484992981, -0.33880144357681274, -0.350750595331192, -0.3470555543899536]"
2574.0,2009-09-01T00:00:00.000000000,"[-0.3267045319080353, -0.23143525421619415, -0.12868529558181763, 0.04007112979888916]","[-0.28355610370635986, -0.28898629546165466, -0.30801907181739807, -0.30322831869125366]"
2574.0,2009-12-01T00:00:00.000000000,"[-0.23143525421619415, -0.12868529558181763, 0.04007112979888916, 0.06933397799730301]","[-0.3319697678089142, -0.3302486538887024, -0.31136080622673035, -0.33928489685058594]"
2574.0,2010-03-01T00:00:00.000000000,"[-0.12868529558181763, 0.04007112979888916, 0.06933397799730301, 0.04007112979888916]","[-0.28229308128356934, -0.28868862986564636, -0.30436819791793823, -0.2988264560699463]"
2574.0,2010-06-01T00:00:00.000000000,"[0.04007112979888916, 0.06933397799730301, 0.04007112979888916, 0.047331858426332474]","[-0.22096972167491913, -0.24044926464557648, -0.2532162070274353, -0.247557133436203]"
2574.0,2010-09-01T00:00:00.000000000,"[0.06933397799730301, 0.04007112979888916, 0.047331858426332474, 0.09133616089820862]","[-0.1586119681596756, -0.1773354858160019, -0.18785107135772705, -0.17880405485630035]"
2574.0,2010-12-01T00:00:00.000000000,"[0.04007112979888916, 0.047331858426332474, 0.09133616089820862, 0.09133616089820862]","[-0.1069888174533844, -0.13062705099582672, -0.1338122934103012, -0.14138980209827423]"
2574.0,2011-03-01T00:00:00.000000000,"[0.047331858426332474, 0.09133616089820862, 0.09133616089820862, 0.025329740718007088]","[-0.1139083206653595, -0.13848461210727692, -0.15064354240894318, -0.15529829263687134]"
2574.0,2011-06-01T00:00:00.000000000,"[0.09133616089820862, 0.09133616089820862, 0.025329740718007088, 0.03259040787816048]","[-0.0865049809217453, -0.130617156624794, -0.14548273384571075, -0.14269396662712097]"
2574.0,2011-09-01T00:00:00.000000000,"[0.09133616089820862, 0.025329740718007088, 0.03259040787816048, -0.22395452857017517]","[0.010588079690933228, -0.04995310306549072, -0.047217682003974915, -0.03861173987388611]"
2574.0,2011-12-01T00:00:00.000000000,"[0.025329740718007088, 0.03259040787816048, -0.22395452857017517, 0.003327556187286973]","[0.0038595199584960938, -0.05400274693965912, -0.025300949811935425, -0.043382108211517334]"
2574.0,2012-03-01T00:00:00.000000000,"[0.03259040787816048, -0.22395452857017517, 0.003327556187286973, 0.06207331269979477]","[-0.026063233613967896, -0.0721803605556488, -0.06645217537879944, -0.07376642525196075]"
2574.0,2012-06-01T00:00:00.000000000,"[-0.22395452857017517, 0.003327556187286973, 0.06207331269979477, -0.018674563616514206]","[0.0033248960971832275, -0.050402119755744934, -0.060169219970703125, -0.05190740525722504]"
2574.0,2012-09-01T00:00:00.000000000,"[0.003327556187286973, 0.06207331269979477, -0.018674563616514206, 0.15734252333641052]","[-0.2017626315355301, -0.22289425134658813, -0.21552392840385437, -0.22207163274288177]"
2574.0,2012-12-01T00:00:00.000000000,"[0.06207331269979477, -0.018674563616514206, 0.15734252333641052, 0.2453511357307434]","[-0.044661298394203186, -0.07660780847072601, -0.08470338582992554, -0.07116498053073883]"
2574.0,2013-03-01T00:00:00.000000000,"[-0.018674563616514206, 0.15734252333641052, 0.2453511357307434, 0.2233489453792572]","[0.04046514630317688, 0.009793445467948914, 0.015532106161117554, 0.006567910313606262]"
2817.0,2006-06-01T00:00:00.000000000,"[3.017620801925659, 3.083627223968506, 2.269547939300537, 3.083627223968506]","[2.340571165084839, 2.3251290321350098, 2.410168170928955, 2.524688959121704]"
2817.0,2006-09-01T00:00:00.000000000,"[3.083627223968506, 2.269547939300537, 3.083627223968506, 2.0935308933258057]","[2.989010810852051, 2.988011360168457, 2.95261549949646, 3.052732467651367]"
2817.0,2006-12-01T00:00:00.000000000,"[2.269547939300537, 3.083627223968506, 2.0935308933258057, 0.9494196176528931]","[3.2595913410186768, 3.2849791049957275, 3.1967930793762207, 3.2329487800598145]"
2817.0,2007-03-01T00:00:00.000000000,"[3.083627223968506, 2.0935308933258057, 0.9494196176528931, 0.9274174571037292]","[2.3061413764953613, 2.3664393424987793, 2.559581756591797, 2.451024055480957]"
2817.0,2007-06-01T00:00:00.000000000,"[2.0935308933258057, 0.9494196176528931, 0.9274174571037292, 0.7734025120735168]","[2.929338216781616, 2.902937889099121, 2.8532187938690186, 2.9505367279052734]"
2817.0,2007-09-01T00:00:00.000000000,"[0.9494196176528931, 0.9274174571037292, 0.7734025120735168, 1.6974923610687256]","[2.503847599029541, 2.5288987159729004, 2.5072977542877197, 2.5959973335266113]"
2817.0,2007-12-01T00:00:00.000000000,"[0.9274174571037292, 0.7734025120735168, 1.6974923610687256, 1.1694409847259521]","[1.2565666437149048, 1.448915958404541, 1.7574193477630615, 1.7886472940444946]"
2817.0,2008-03-01T00:00:00.000000000,"[0.7734025120735168, 1.6974923610687256, 1.1694409847259521, 1.125436782836914]","[1.3270387649536133, 1.495496392250061, 1.665724515914917, 1.8450002670288086]"
2817.0,2008-06-01T00:00:00.000000000,"[1.6974923610687256, 1.1694409847259521, 1.125436782836914, 2.115532875061035]","[1.2658264636993408, 1.434830904006958, 1.6164562702178955, 1.792027235031128]"
2817.0,2008-09-01T00:00:00.000000000,"[1.1694409847259521, 1.125436782836914, 2.115532875061035, 2.577577829360962]","[1.7193560600280762, 1.8254764080047607, 1.908560872077942, 2.0565662384033203]"
2817.0,2008-12-01T00:00:00.000000000,"[1.125436782836914, 2.115532875061035, 2.577577829360962, 3.5896763801574707]","[1.6892707347869873, 1.8006243705749512, 1.945204734802246, 2.008399724960327]"
2817.0,2009-03-01T00:00:00.000000000,"[2.115532875061035, 2.577577829360962, 3.5896763801574707, 4.051721572875977]","[1.493852972984314, 1.6185312271118164, 1.7383968830108643, 1.8911681175231934]"
2817.0,2009-06-01T00:00:00.000000000,"[2.577577829360962, 3.5896763801574707, 4.051721572875977, 5.503862380981445]","[1.9448354244232178, 1.9994369745254517, 2.0327718257904053, 2.1424710750579834]"
2817.0,2009-09-01T00:00:00.000000000,"[3.5896763801574707, 4.051721572875977, 5.503862380981445, 5.833894729614258]","[2.323845863342285, 2.450110673904419, 2.417391300201416, 2.5704476833343506]"
2817.0,2009-12-01T00:00:00.000000000,"[4.051721572875977, 5.503862380981445, 5.833894729614258, 5.5918707847595215]","[3.1334421634674072, 3.3486738204956055, 3.335310697555542, 3.4264371395111084]"
2817.0,2010-03-01T00:00:00.000000000,"[5.503862380981445, 5.833894729614258, 5.5918707847595215, 4.909804821014404]","[3.8887038230895996, 3.9189486503601074, 3.6579360961914062, 3.793297529220581]"
2817.0,2010-06-01T00:00:00.000000000,"[5.833894729614258, 5.5918707847595215, 4.909804821014404, 5.76788854598999]","[4.6832990646362305, 4.582168102264404, 4.204360485076904, 4.315132141113281]"
2817.0,2010-09-01T00:00:00.000000000,"[5.5918707847595215, 4.909804821014404, 5.76788854598999, 5.525864601135254]","[5.044741630554199, 4.819586753845215, 4.78731632232666, 4.759222030639648]"
2817.0,2010-12-01T00:00:00.000000000,"[4.909804821014404, 5.76788854598999, 5.525864601135254, 5.151828289031982]","[4.875981330871582, 4.539641380310059, 4.691057205200195, 4.508299827575684]"
2817.0,2011-03-01T00:00:00.000000000,"[5.76788854598999, 5.525864601135254, 5.151828289031982, 5.085822105407715]","[4.643859386444092, 4.31173849105835, 4.384023666381836, 4.232048988342285]"
2817.0,2011-06-01T00:00:00.000000000,"[5.525864601135254, 5.151828289031982, 5.085822105407715, 2.819601535797119]","[5.247973442077637, 4.839879989624023, 4.637770652770996, 4.693201065063477]"
2817.0,2011-09-01T00:00:00.000000000,"[5.151828289031982, 5.085822105407715, 2.819601535797119, 1.5654793977737427]","[4.739813327789307, 4.450865268707275, 4.291858673095703, 4.287445068359375]"
2817.0,2011-12-01T00:00:00.000000000,"[5.085822105407715, 2.819601535797119, 1.5654793977737427, 2.2475459575653076]","[5.236044883728027, 4.88481330871582, 4.81407356262207, 4.839954376220703]"
2817.0,2012-03-01T00:00:00.000000000,"[2.819601535797119, 1.5654793977737427, 2.2475459575653076, 3.963712453842163]","[4.687225341796875, 4.432823181152344, 4.147773265838623, 4.20041561126709]"
2817.0,2012-06-01T00:00:00.000000000,"[1.5654793977737427, 2.2475459575653076, 3.963712453842163, 5.61387300491333]","[3.1894571781158447, 3.210883855819702, 3.3188364505767822, 3.2980990409851074]"
2817.0,2012-09-01T00:00:00.000000000,"[2.2475459575653076, 3.963712453842163, 5.61387300491333, 5.019815444946289]","[2.071035385131836, 2.2816061973571777, 2.4582159519195557, 2.698528289794922]"
2817.0,2012-12-01T00:00:00.000000000,"[3.963712453842163, 5.61387300491333, 5.019815444946289, 5.151828289031982]","[2.191542863845825, 2.3704769611358643, 2.545572519302368, 2.7281508445739746]"
2817.0,2013-03-01T00:00:00.000000000,"[5.61387300491333, 5.019815444946289, 5.151828289031982, 5.217834949493408]","[3.58506178855896, 3.7409684658050537, 3.7077689170837402, 3.878382444381714]"
2968.0,2006-06-01T00:00:00.000000000,"[2.5115716457366943, 2.2915501594543457, 1.9175138473510742, 2.4895694255828857]","[2.0504016876220703, 1.9485288858413696, 1.8758201599121094, 1.8498399257659912]"
2968.0,2006-09-01T00:00:00.000000000,"[2.2915501594543457, 1.9175138473510742, 2.4895694255828857, 2.6875884532928467]","[2.4690749645233154, 2.3084042072296143, 2.2344815731048584, 2.296319007873535]"
2968.0,2006-12-01T00:00:00.000000000,"[1.9175138473510742, 2.4895694255828857, 2.6875884532928467, 2.9956183433532715]","[2.2792599201202393, 2.2312822341918945, 2.25394344329834, 2.1184864044189453]"
2968.0,2007-03-01T00:00:00.000000000,"[2.4895694255828857, 2.6875884532928467, 2.9956183433532715, 2.2035415172576904]","[2.130934476852417, 2.0584497451782227, 2.2452173233032227, 2.2087719440460205]"
2968.0,2007-06-01T00:00:00.000000000,"[2.6875884532928467, 2.9956183433532715, 2.2035415172576904, 2.269547939300537]","[2.524838447570801, 2.3762624263763428, 2.394690752029419, 2.4908719062805176]"
2968.0,2007-09-01T00:00:00.000000000,"[2.9956183433532715, 2.2035415172576904, 2.269547939300537, 2.7095906734466553]","[2.5035736560821533, 2.395394802093506, 2.397642135620117, 2.3464298248291016]"
2968.0,2007-12-01T00:00:00.000000000,"[2.2035415172576904, 2.269547939300537, 2.7095906734466553, 2.775597333908081]","[2.7341361045837402, 2.688398838043213, 2.5030016899108887, 2.5701990127563477]"
2968.0,2008-03-01T00:00:00.000000000,"[2.269547939300537, 2.7095906734466553, 2.775597333908081, 2.775597333908081]","[2.4993324279785156, 2.3724160194396973, 2.4401402473449707, 2.338383674621582]"
2968.0,2008-06-01T00:00:00.000000000,"[2.7095906734466553, 2.775597333908081, 2.775597333908081, 2.929612159729004]","[2.558041572570801, 2.395026683807373, 2.3115122318267822, 2.3336181640625]"
2968.0,2008-09-01T00:00:00.000000000,"[2.775597333908081, 2.775597333908081, 2.929612159729004, 3.0616250038146973]","[2.8288187980651855, 2.6567537784576416, 2.7492103576660156, 2.7484090328216553]"
2968.0,2008-12-01T00:00:00.000000000,"[2.775597333908081, 2.929612159729004, 3.0616250038146973, 3.171635627746582]","[2.6842260360717773, 2.689262628555298, 2.798055648803711, 2.7460293769836426]"
2968.0,2009-03-01T00:00:00.000000000,"[2.929612159729004, 3.0616250038146973, 3.171635627746582, 3.171635627746582]","[3.2900733947753906, 3.1817195415496826, 3.3552842140197754, 3.287407875061035]"
2968.0,2009-06-01T00:00:00.000000000,"[3.0616250038146973, 3.171635627746582, 3.171635627746582, 4.271742820739746]","[3.3953380584716797, 3.226078510284424, 3.2835958003997803, 3.336441993713379]"
2968.0,2009-09-01T00:00:00.000000000,"[3.171635627746582, 3.171635627746582, 4.271742820739746, 4.337749004364014]","[3.0676040649414062, 2.9664082527160645, 2.8748939037323, 2.94329571723938]"
2968.0,2009-12-01T00:00:00.000000000,"[3.171635627746582, 4.271742820739746, 4.337749004364014, 4.447759628295898]","[3.411968231201172, 3.3107917308807373, 3.303732395172119, 3.3171329498291016]"
2968.0,2010-03-01T00:00:00.000000000,"[4.271742820739746, 4.337749004364014, 4.447759628295898, 3.6556828022003174]","[3.2088398933410645, 3.0469324588775635, 3.215463161468506, 3.120577335357666]"
2968.0,2010-06-01T00:00:00.000000000,"[4.337749004364014, 4.447759628295898, 3.6556828022003174, 5.129826545715332]","[3.8114571571350098, 3.5962138175964355, 3.558621406555176, 3.640280246734619]"
2968.0,2010-09-01T00:00:00.000000000,"[4.447759628295898, 3.6556828022003174, 5.129826545715332, 4.82179594039917]","[3.6158933639526367, 3.4446563720703125, 3.486377239227295, 3.452117919921875]"
2968.0,2010-12-01T00:00:00.000000000,"[3.6556828022003174, 5.129826545715332, 4.82179594039917, 5.1958327293396]","[3.865321636199951, 3.665351152420044, 3.7687721252441406, 3.6501822471618652]"
2968.0,2011-03-01T00:00:00.000000000,"[5.129826545715332, 4.82179594039917, 5.1958327293396, 4.953808784484863]","[3.6628966331481934, 3.4400601387023926, 3.5812811851501465, 3.478172540664673]"
2968.0,2011-06-01T00:00:00.000000000,"[4.82179594039917, 5.1958327293396, 4.953808784484863, 1.0154259204864502]","[4.455300331115723, 4.162484169006348, 4.07016658782959, 4.111298561096191]"
2968.0,2011-09-01T00:00:00.000000000,"[5.1958327293396, 4.953808784484863, 1.0154259204864502, 2.335554361343384]","[4.304147720336914, 4.05893611907959, 4.051794528961182, 3.9992194175720215]"
2968.0,2011-12-01T00:00:00.000000000,"[4.953808784484863, 1.0154259204864502, 2.335554361343384, 5.723884105682373]","[4.211814880371094, 4.055408954620361, 3.9270005226135254, 3.974536895751953]"
2968.0,2012-03-01T00:00:00.000000000,"[1.0154259204864502, 2.335554361343384, 5.723884105682373, 7.638070106506348]","[4.357497215270996, 4.0707621574401855, 4.0044026374816895, 3.9632511138916016]"
2968.0,2012-06-01T00:00:00.000000000,"[2.335554361343384, 5.723884105682373, 7.638070106506348, 9.398241996765137]","[2.451765775680542, 2.550844669342041, 2.8811373710632324, 2.6363003253936768]"
2968.0,2012-09-01T00:00:00.000000000,"[5.723884105682373, 7.638070106506348, 9.398241996765137, 7.616067886352539]","[2.619133710861206, 2.6395153999328613, 2.630237340927124, 2.7537178993225098]"
2968.0,2012-12-01T00:00:00.000000000,"[7.638070106506348, 9.398241996765137, 7.616067886352539, 7.528059482574463]","[4.730989456176758, 4.480473041534424, 4.636678695678711, 4.683527946472168]"
2968.0,2013-03-01T00:00:00.000000000,"[9.398241996765137, 7.616067886352539, 7.528059482574463, 6.62597131729126]","[4.714870452880859, 5.01348352432251, 4.862551689147949, 5.051822662353516]"
2991.0,2006-06-01T00:00:00.000000000,"[5.855896949768066, 5.789890289306641, 3.369654893875122, 0.9714217185974121]","[4.868035793304443, 4.964587688446045, 5.016288757324219, 5.071209907531738]"
2991.0,2006-09-01T00:00:00.000000000,"[5.789890289306641, 3.369654893875122, 0.9714217185974121, 1.4334666728973389]","[5.3907575607299805, 5.439636707305908, 5.374180793762207, 5.511116981506348]"
2991.0,2006-12-01T00:00:00.000000000,"[3.369654893875122, 0.9714217185974121, 1.4334666728973389, 1.6974923610687256]","[5.590493202209473, 5.70684289932251, 5.933190822601318, 5.658653736114502]"
2991.0,2007-03-01T00:00:00.000000000,"[0.9714217185974121, 1.4334666728973389, 1.6974923610687256, -0.12868529558181763]","[4.114745616912842, 4.259403705596924, 4.703563213348389, 4.4124860763549805]"
2991.0,2007-06-01T00:00:00.000000000,"[1.4334666728973389, 1.6974923610687256, -0.12868529558181763, -0.942764401435852]","[2.7958879470825195, 3.108316421508789, 3.393023729324341, 3.730039119720459]"
2991.0,2007-09-01T00:00:00.000000000,"[1.6974923610687256, -0.12868529558181763, -0.942764401435852, 0.06933397799730301]","[3.1110033988952637, 3.3539459705352783, 3.6002016067504883, 3.8646061420440674]"
2991.0,2007-12-01T00:00:00.000000000,"[-0.12868529558181763, -0.942764401435852, 0.06933397799730301, 0.37736397981643677]","[2.6562247276306152, 2.9616026878356934, 3.2993297576904297, 3.57277774810791]"
2991.0,2008-03-01T00:00:00.000000000,"[-0.942764401435852, 0.06933397799730301, 0.37736397981643677, -0.23869597911834717]","[2.068692207336426, 2.4484477043151855, 2.8580024242401123, 3.2117648124694824]"
2991.0,2008-06-01T00:00:00.000000000,"[0.06933397799730301, 0.37736397981643677, -0.23869597911834717, 2.0055222511291504]","[1.478273868560791, 1.9297256469726562, 2.413308620452881, 2.8367857933044434]"
2991.0,2008-09-01T00:00:00.000000000,"[0.37736397981643677, -0.23869597911834717, 2.0055222511291504, 1.301453948020935]","[1.8357503414154053, 2.218083381652832, 2.610173225402832, 2.9988341331481934]"
2991.0,2008-12-01T00:00:00.000000000,"[-0.23869597911834717, 2.0055222511291504, 1.301453948020935, 1.1694409847259521]","[2.2859740257263184, 2.588336944580078, 2.879495620727539, 3.2225375175476074]"
2991.0,2009-03-01T00:00:00.000000000,"[2.0055222511291504, 1.301453948020935, 1.1694409847259521, 0.8834132552146912]","[1.493237018585205, 1.9021844863891602, 2.529731035232544, 2.6524245738983154]"
2991.0,2009-06-01T00:00:00.000000000,"[1.301453948020935, 1.1694409847259521, 0.8834132552146912, 3.479665517807007]","[2.186372756958008, 2.474524974822998, 2.737560749053955, 3.0893139839172363]"
2991.0,2009-09-01T00:00:00.000000000,"[1.1694409847259521, 0.8834132552146912, 3.479665517807007, 3.21563982963562]","[2.5487842559814453, 2.7544751167297363, 2.941912889480591, 3.233384609222412]"
2991.0,2009-12-01T00:00:00.000000000,"[0.8834132552146912, 3.479665517807007, 3.21563982963562, 3.9417104721069336]","[1.920089840888977, 2.1995315551757812, 2.468468427658081, 2.798038959503174]"
2991.0,2010-03-01T00:00:00.000000000,"[3.479665517807007, 3.21563982963562, 3.9417104721069336, 3.5896763801574707]","[1.168874979019165, 1.5638529062271118, 2.1829113960266113, 2.2667508125305176]"
2991.0,2010-06-01T00:00:00.000000000,"[3.21563982963562, 3.9417104721069336, 3.5896763801574707, 2.3575565814971924]","[2.5474767684936523, 2.739415407180786, 2.8690404891967773, 3.163849353790283]"
2991.0,2010-09-01T00:00:00.000000000,"[3.9417104721069336, 3.5896763801574707, 2.3575565814971924, 3.1936378479003906]","[3.130690336227417, 3.234010934829712, 3.2990775108337402, 3.50060772895813]"
2991.0,2010-12-01T00:00:00.000000000,"[3.5896763801574707, 2.3575565814971924, 3.1936378479003906, 2.7095906734466553]","[3.8572049140930176, 4.173832416534424, 4.095200538635254, 4.433192729949951]"
2991.0,2011-03-01T00:00:00.000000000,"[2.3575565814971924, 3.1936378479003906, 2.7095906734466553, 2.577577829360962]","[3.0702192783355713, 3.2442922592163086, 3.4400670528411865, 3.659620761871338]"
2991.0,2011-06-01T00:00:00.000000000,"[3.1936378479003906, 2.7095906734466553, 2.577577829360962, 2.1375350952148438]","[2.293863296508789, 2.546171188354492, 2.8238725662231445, 3.1023383140563965]"
2991.0,2011-09-01T00:00:00.000000000,"[2.7095906734466553, 2.577577829360962, 2.1375350952148438, -4.1990814208984375]","[2.484144926071167, 2.679596424102783, 2.8479137420654297, 3.106337070465088]"
2991.0,2011-12-01T00:00:00.000000000,"[2.577577829360962, 2.1375350952148438, -4.1990814208984375, -0.45871737599372864]","[2.915722370147705, 3.0592336654663086, 3.262885570526123, 3.3163697719573975]"
2991.0,2012-03-01T00:00:00.000000000,"[2.1375350952148438, -4.1990814208984375, -0.45871737599372864, -0.722743034362793]","[2.4474401473999023, 2.6368565559387207, 2.7666003704071045, 3.0641937255859375]"
2991.0,2012-06-01T00:00:00.000000000,"[-4.1990814208984375, -0.45871737599372864, -0.722743034362793, 1.279451608657837]","[2.175220489501953, 2.390549659729004, 2.560046434402466, 2.8577864170074463]"
2991.0,2012-09-01T00:00:00.000000000,"[-0.45871737599372864, -0.722743034362793, 1.279451608657837, 3.0616250038146973]","[-0.5985250473022461, 0.00335693359375, 1.2100783586502075, 0.9523756504058838]"
2991.0,2012-12-01T00:00:00.000000000,"[-0.722743034362793, 1.279451608657837, 3.0616250038146973, 5.811892509460449]","[0.7600090503692627, 1.1068154573440552, 1.427835464477539, 1.8174288272857666]"
2991.0,2013-03-01T00:00:00.000000000,"[1.279451608657837, 3.0616250038146973, 5.811892509460449, 4.931806564331055]","[0.26775336265563965, 0.6521813869476318, 1.0465779304504395, 1.4573113918304443]"
3062.0,2006-06-01T00:00:00.000000000,"[0.9714217185974121, 1.0154259204864502, 1.1914430856704712, 1.1694409847259521]","[0.7016843557357788, 0.6488854289054871, 0.6305316686630249, 0.6369120478630066]"
3062.0,2006-09-01T00:00:00.000000000,"[1.0154259204864502, 1.1914430856704712, 1.1694409847259521, 1.1914430856704712]","[0.8849207162857056, 0.8061510324478149, 0.8034060597419739, 0.8184212446212769]"
3062.0,2006-12-01T00:00:00.000000000,"[1.1914430856704712, 1.1694409847259521, 1.1914430856704712, 1.3454581499099731]","[0.9266500473022461, 0.8372136950492859, 0.8957328796386719, 0.8561526536941528]"
3062.0,2007-03-01T00:00:00.000000000,"[1.1694409847259521, 1.1914430856704712, 1.3454581499099731, 1.5654793977737427]","[0.9797766208648682, 0.9132063388824463, 0.9006106853485107, 0.9223908185958862]"
3062.0,2007-06-01T00:00:00.000000000,"[1.1914430856704712, 1.3454581499099731, 1.5654793977737427, 1.6094835996627808]","[1.018769383430481, 0.9345070719718933, 0.9293506145477295, 0.9223580360412598]"
3062.0,2007-09-01T00:00:00.000000000,"[1.3454581499099731, 1.5654793977737427, 1.6094835996627808, 1.6754902601242065]","[0.8938570618629456, 0.8271685838699341, 0.7663317322731018, 0.7692952156066895]"
3062.0,2007-12-01T00:00:00.000000000,"[1.5654793977737427, 1.6094835996627808, 1.6754902601242065, 2.071528673171997]","[1.0037025213241577, 0.921284556388855, 0.8622926473617554, 0.8670617341995239]"
3062.0,2008-03-01T00:00:00.000000000,"[1.6094835996627808, 1.6754902601242065, 2.071528673171997, 1.7855008840560913]","[1.311867117881775, 1.1884682178497314, 1.218164086341858, 1.207686185836792]"
3062.0,2008-06-01T00:00:00.000000000,"[1.6754902601242065, 2.071528673171997, 1.7855008840560913, 1.7414965629577637]","[1.3663098812103271, 1.2292367219924927, 1.2041780948638916, 1.2169954776763916]"
3062.0,2008-09-01T00:00:00.000000000,"[2.071528673171997, 1.7855008840560913, 1.7414965629577637, 0.9494196176528931]","[1.355215072631836, 1.2233086824417114, 1.172318935394287, 1.1893693208694458]"
3062.0,2008-12-01T00:00:00.000000000,"[1.7855008840560913, 1.7414965629577637, 0.9494196176528931, 2.4895694255828857]","[1.5982013940811157, 1.4365291595458984, 1.3770408630371094, 1.39646577835083]"
3062.0,2009-03-01T00:00:00.000000000,"[1.7414965629577637, 0.9494196176528931, 2.4895694255828857, 2.181539297103882]","[1.5499131679534912, 1.4204750061035156, 1.3682787418365479, 1.36873197555542]"
3062.0,2009-06-01T00:00:00.000000000,"[0.9494196176528931, 2.4895694255828857, 2.181539297103882, 2.313552141189575]","[1.6716516017913818, 1.5007826089859009, 1.56526780128479, 1.5383849143981934]"
3062.0,2009-09-01T00:00:00.000000000,"[2.4895694255828857, 2.181539297103882, 2.313552141189575, 3.1936378479003906]","[1.1387027502059937, 1.0041841268539429, 1.1755026578903198, 1.113779902458191]"
3062.0,2009-12-01T00:00:00.000000000,"[2.181539297103882, 2.313552141189575, 3.1936378479003906, 3.5456719398498535]","[2.113441228866577, 1.9083691835403442, 1.8761167526245117, 1.9216620922088623]"
3062.0,2010-03-01T00:00:00.000000000,"[2.313552141189575, 3.1936378479003906, 3.5456719398498535, 3.171635627746582]","[1.971063256263733, 1.8609089851379395, 1.9173870086669922, 1.8028725385665894]"
3062.0,2010-06-01T00:00:00.000000000,"[3.1936378479003906, 3.5456719398498535, 3.171635627746582, 3.3476529121398926]","[2.0755820274353027, 1.9530446529388428, 2.066502571105957, 1.9802360534667969]"
3062.0,2010-09-01T00:00:00.000000000,"[3.5456719398498535, 3.171635627746582, 3.3476529121398926, 3.8537018299102783]","[2.7696242332458496, 2.450112819671631, 2.4927735328674316, 2.532808303833008]"
3062.0,2010-12-01T00:00:00.000000000,"[3.171635627746582, 3.3476529121398926, 3.8537018299102783, 4.403755187988281]","[3.0056376457214355, 2.716109275817871, 2.8407740592956543, 2.788156509399414]"
3062.0,2011-03-01T00:00:00.000000000,"[3.3476529121398926, 3.8537018299102783, 4.403755187988281, 4.2937445640563965]","[2.8092455863952637, 2.540788173675537, 2.6877894401550293, 2.5962157249450684]"
3062.0,2011-06-01T00:00:00.000000000,"[3.8537018299102783, 4.403755187988281, 4.2937445640563965, 4.051721572875977]","[2.5915849208831787, 2.3850958347320557, 2.2164955139160156, 2.2216739654541016]"
3062.0,2011-09-01T00:00:00.000000000,"[4.403755187988281, 4.2937445640563965, 4.051721572875977, 2.269547939300537]","[3.0302023887634277, 2.7161343097686768, 2.595041275024414, 2.6229166984558105]"
3062.0,2011-12-01T00:00:00.000000000,"[4.2937445640563965, 4.051721572875977, 2.269547939300537, 5.415853977203369]","[3.378652334213257, 3.0964722633361816, 2.925556182861328, 2.97318434715271]"
3062.0,2012-03-01T00:00:00.000000000,"[4.051721572875977, 2.269547939300537, 5.415853977203369, 5.063819408416748]","[3.5209975242614746, 3.267077684402466, 3.2692017555236816, 3.2772655487060547]"
3062.0,2012-06-01T00:00:00.000000000,"[2.269547939300537, 5.415853977203369, 5.063819408416748, 4.513765811920166]","[3.2826647758483887, 3.0340805053710938, 2.8553390502929688, 2.8723068237304688]"
3062.0,2012-09-01T00:00:00.000000000,"[5.415853977203369, 5.063819408416748, 4.513765811920166, 4.733787536621094]","[2.501201629638672, 2.3047497272491455, 2.324827194213867, 2.27738094329834]"
3062.0,2012-12-01T00:00:00.000000000,"[5.063819408416748, 4.513765811920166, 4.733787536621094, 6.1419243812561035]","[4.170137405395508, 3.8504598140716553, 3.5588507652282715, 3.609424591064453]"
3062.0,2013-03-01T00:00:00.000000000,"[4.513765811920166, 4.733787536621094, 6.1419243812561035, 5.371849536895752]","[3.975600242614746, 3.8185644149780273, 3.724391460418701, 3.6340670585632324]"
3144.0,2006-06-01T00:00:00.000000000,"[0.7073960304260254, 0.4653724431991577, 0.26735323667526245, 0.35536178946495056]","[0.3789518475532532, 0.32656756043434143, 0.32700496912002563, 0.3423338532447815]"
3144.0,2006-09-01T00:00:00.000000000,"[0.4653724431991577, 0.26735323667526245, 0.35536178946495056, 0.6853939294815063]","[0.5781927108764648, 0.5398863554000854, 0.48361796140670776, 0.4989267587661743]"
3144.0,2006-12-01T00:00:00.000000000,"[0.26735323667526245, 0.35536178946495056, 0.6853939294815063, 0.42136821150779724]","[0.4447398781776428, 0.46401286125183105, 0.511110782623291, 0.441891074180603]"
3144.0,2007-03-01T00:00:00.000000000,"[0.35536178946495056, 0.6853939294815063, 0.42136821150779724, 0.13534040749073029]","[0.32567298412323, 0.34080415964126587, 0.3849833011627197, 0.34684908390045166]"
3144.0,2007-06-01T00:00:00.000000000,"[0.6853939294815063, 0.42136821150779724, 0.13534040749073029, 0.2893553674221039]","[0.3747391402721405, 0.34775596857070923, 0.34389251470565796, 0.3503372073173523]"
3144.0,2007-09-01T00:00:00.000000000,"[0.42136821150779724, 0.13534040749073029, 0.2893553674221039, 0.6193875670433044]","[0.608296275138855, 0.5728216171264648, 0.5477657318115234, 0.5669831037521362]"
3144.0,2007-12-01T00:00:00.000000000,"[0.13534040749073029, 0.2893553674221039, 0.6193875670433044, 0.37736397981643677]","[0.4124408960342407, 0.43388450145721436, 0.5652886629104614, 0.4557773470878601]"
3144.0,2008-03-01T00:00:00.000000000,"[0.2893553674221039, 0.6193875670433044, 0.37736397981643677, 0.11333828419446945]","[0.24150089919567108, 0.2564542889595032, 0.32281845808029175, 0.2892313599586487]"
3144.0,2008-06-01T00:00:00.000000000,"[0.6193875670433044, 0.37736397981643677, 0.11333828419446945, 0.2453511357307434]","[0.3362596929073334, 0.3065006136894226, 0.3040364682674408, 0.3214315176010132]"
3144.0,2008-09-01T00:00:00.000000000,"[0.37736397981643677, 0.11333828419446945, 0.2453511357307434, 0.5973852872848511]","[0.44568637013435364, 0.4382432699203491, 0.4220394492149353, 0.4313341975212097]"
3144.0,2008-12-01T00:00:00.000000000,"[0.11333828419446945, 0.2453511357307434, 0.5973852872848511, 0.3993660807609558]","[0.39741456508636475, 0.4355831742286682, 0.5528311729431152, 0.4226577579975128]"
3144.0,2009-03-01T00:00:00.000000000,"[0.2453511357307434, 0.5973852872848511, 0.3993660807609558, 0.15734252333641052]","[0.2502782344818115, 0.26953551173210144, 0.3111118674278259, 0.2984209358692169]"
3144.0,2009-06-01T00:00:00.000000000,"[0.5973852872848511, 0.3993660807609558, 0.15734252333641052, 0.33335965871810913]","[0.28003743290901184, 0.28323984146118164, 0.2834564447402954, 0.304554283618927]"
3144.0,2009-09-01T00:00:00.000000000,"[0.3993660807609558, 0.15734252333641052, 0.33335965871810913, 0.6413896679878235]","[0.42323732376098633, 0.4292338788509369, 0.4143306314945221, 0.4333546757698059]"
3144.0,2009-12-01T00:00:00.000000000,"[0.15734252333641052, 0.33335965871810913, 0.6413896679878235, 0.575383186340332]","[0.42100998759269714, 0.45930689573287964, 0.5480479001998901, 0.45425209403038025]"
3144.0,2010-03-01T00:00:00.000000000,"[0.33335965871810913, 0.6413896679878235, 0.575383186340332, 0.2453511357307434]","[0.23624104261398315, 0.26010793447494507, 0.3226017355918884, 0.29341575503349304]"
3144.0,2010-06-01T00:00:00.000000000,"[0.6413896679878235, 0.575383186340332, 0.2453511357307434, 0.35536178946495056]","[0.3453212380409241, 0.3309038579463959, 0.3213709890842438, 0.3355530798435211]"
3144.0,2010-09-01T00:00:00.000000000,"[0.575383186340332, 0.2453511357307434, 0.35536178946495056, 0.6853939294815063]","[0.4823121428489685, 0.4879506230354309, 0.4669312536716461, 0.4848458766937256]"
3144.0,2010-12-01T00:00:00.000000000,"[0.2453511357307434, 0.35536178946495056, 0.6853939294815063, 0.5313789248466492]","[0.4797062873840332, 0.5263216495513916, 0.605108916759491, 0.5248370170593262]"
3144.0,2011-03-01T00:00:00.000000000,"[0.35536178946495056, 0.6853939294815063, 0.5313789248466492, 0.26735323667526245]","[0.3578062057495117, 0.37756359577178955, 0.4411951005458832, 0.3849926292896271]"
3144.0,2011-06-01T00:00:00.000000000,"[0.6853939294815063, 0.5313789248466492, 0.26735323667526245, 0.42136821150779724]","[0.40265294909477234, 0.3828570246696472, 0.3648790121078491, 0.3769860565662384]"
3144.0,2011-09-01T00:00:00.000000000,"[0.5313789248466492, 0.26735323667526245, 0.42136821150779724, 0.2233489453792572]","[0.527402937412262, 0.5002838373184204, 0.4849624037742615, 0.49852728843688965]"
3144.0,2011-12-01T00:00:00.000000000,"[0.26735323667526245, 0.42136821150779724, 0.2233489453792572, 0.5093768239021301]","[0.4719797968864441, 0.5045924186706543, 0.5720304250717163, 0.5035873651504517]"
3144.0,2012-03-01T00:00:00.000000000,"[0.42136821150779724, 0.2233489453792572, 0.5093768239021301, 0.33335965871810913]","[0.3689922094345093, 0.38133102655410767, 0.4225724935531616, 0.3923383057117462]"
3144.0,2012-06-01T00:00:00.000000000,"[0.2233489453792572, 0.5093768239021301, 0.33335965871810913, 0.5093768239021301]","[0.4630710482597351, 0.43538355827331543, 0.4096302092075348, 0.41783151030540466]"
3144.0,2012-09-01T00:00:00.000000000,"[0.5093768239021301, 0.33335965871810913, 0.5093768239021301, 0.7954046130180359]","[0.27552729845046997, 0.29723280668258667, 0.34104591608047485, 0.33425819873809814]"
3144.0,2012-12-01T00:00:00.000000000,"[0.33335965871810913, 0.5093768239021301, 0.7954046130180359, 0.7293981313705444]","[0.4084564745426178, 0.4314257502555847, 0.4642017185688019, 0.44322386384010315]"
3144.0,2013-03-01T00:00:00.000000000,"[0.5093768239021301, 0.7954046130180359, 0.7293981313705444, 0.2893553674221039]","[0.3596722185611725, 0.3719373941421509, 0.4599342942237854, 0.3831828236579895]"
3226.0,2006-06-01T00:00:00.000000000,"[0.13534040749073029, 0.10233722627162933, 0.11333828419446945, 0.19034576416015625]","[0.034070491790771484, -0.0033416152000427246, 0.0027795732021331787, 0.005990833044052124]"
3226.0,2006-09-01T00:00:00.000000000,"[0.10233722627162933, 0.11333828419446945, 0.19034576416015625, 0.2343500703573227]","[0.05987292528152466, 0.05518674850463867, 0.03831949830055237, 0.10503634810447693]"
3226.0,2006-12-01T00:00:00.000000000,"[0.11333828419446945, 0.19034576416015625, 0.2343500703573227, 0.17934469878673553]","[0.1025131344795227, 0.08296936750411987, 0.11085927486419678, 0.10038432478904724]"
3226.0,2007-03-01T00:00:00.000000000,"[0.19034576416015625, 0.2343500703573227, 0.17934469878673553, 0.168343648314476]","[0.10633587837219238, 0.10881927609443665, 0.08479085564613342, 0.1282038688659668]"
3226.0,2007-06-01T00:00:00.000000000,"[0.2343500703573227, 0.17934469878673553, 0.168343648314476, 0.25635218620300293]","[0.20593121647834778, 0.15689200162887573, 0.18630525469779968, 0.20094069838523865]"
3226.0,2007-09-01T00:00:00.000000000,"[0.17934469878673553, 0.168343648314476, 0.25635218620300293, 0.2123478800058365]","[0.1989329606294632, 0.19591103494167328, 0.18728433549404144, 0.24279676377773285]"
3226.0,2007-12-01T00:00:00.000000000,"[0.168343648314476, 0.25635218620300293, 0.2123478800058365, 0.3113575577735901]","[0.22146190702915192, 0.20320771634578705, 0.21519000828266144, 0.1870076209306717]"
3226.0,2008-03-01T00:00:00.000000000,"[0.25635218620300293, 0.2123478800058365, 0.3113575577735901, 0.27835431694984436]","[0.17893436551094055, 0.18433073163032532, 0.16918650269508362, 0.21617215871810913]"
3226.0,2008-06-01T00:00:00.000000000,"[0.2123478800058365, 0.3113575577735901, 0.27835431694984436, 0.4653724431991577]","[0.3086013197898865, 0.2521905303001404, 0.28752249479293823, 0.3063116669654846]"
3226.0,2008-09-01T00:00:00.000000000,"[0.3113575577735901, 0.27835431694984436, 0.4653724431991577, 0.44337034225463867]","[0.22253109514713287, 0.22539831697940826, 0.23165245354175568, 0.2679086923599243]"
3226.0,2008-12-01T00:00:00.000000000,"[0.27835431694984436, 0.4653724431991577, 0.44337034225463867, 0.44337034225463867]","[0.35009878873825073, 0.32070863246917725, 0.32899945974349976, 0.3234829902648926]"
3226.0,2009-03-01T00:00:00.000000000,"[0.4653724431991577, 0.44337034225463867, 0.44337034225463867, 0.37736397981643677]","[0.32118386030197144, 0.30685555934906006, 0.3136748671531677, 0.31258881092071533]"
3226.0,2009-06-01T00:00:00.000000000,"[0.44337034225463867, 0.44337034225463867, 0.37736397981643677, 0.6633917689323425]","[0.5024852752685547, 0.44433271884918213, 0.43676626682281494, 0.43390291929244995]"
3226.0,2009-09-01T00:00:00.000000000,"[0.44337034225463867, 0.37736397981643677, 0.6633917689323425, 0.7293981313705444]","[0.35407668352127075, 0.2798963487148285, 0.32047080993652344, 0.29951533675193787]"
3226.0,2009-12-01T00:00:00.000000000,"[0.37736397981643677, 0.6633917689323425, 0.7293981313705444, 0.7293981313705444]","[0.43772467970848083, 0.36936435103416443, 0.38175052404403687, 0.3822586238384247]"
3226.0,2010-03-01T00:00:00.000000000,"[0.6633917689323425, 0.7293981313705444, 0.7293981313705444, 0.7073960304260254]","[0.40021324157714844, 0.31909623742103577, 0.34507426619529724, 0.31888821721076965]"
3226.0,2010-06-01T00:00:00.000000000,"[0.7293981313705444, 0.7293981313705444, 0.7073960304260254, 0.9714217185974121]","[0.5825535655021667, 0.49063950777053833, 0.4694746732711792, 0.4850468635559082]"
3226.0,2010-09-01T00:00:00.000000000,"[0.7293981313705444, 0.7073960304260254, 0.9714217185974121, 1.0154259204864502]","[0.578130841255188, 0.49156346917152405, 0.5068295001983643, 0.5068947076797485]"
3226.0,2010-12-01T00:00:00.000000000,"[0.7073960304260254, 0.9714217185974121, 1.0154259204864502, 1.0374282598495483]","[0.5434769988059998, 0.49494460225105286, 0.44848567247390747, 0.4609312117099762]"
3226.0,2011-03-01T00:00:00.000000000,"[0.9714217185974121, 1.0154259204864502, 1.0374282598495483, 1.0374282598495483]","[0.6293732523918152, 0.520980715751648, 0.5543685555458069, 0.5396037101745605]"
3226.0,2011-06-01T00:00:00.000000000,"[1.0154259204864502, 1.0374282598495483, 1.0374282598495483, 0.8614109754562378]","[0.8155823945999146, 0.6879398822784424, 0.6777408719062805, 0.6995956301689148]"
3226.0,2011-09-01T00:00:00.000000000,"[1.0374282598495483, 1.0374282598495483, 0.8614109754562378, 0.8174067735671997]","[0.8426966667175293, 0.7307947874069214, 0.7908512949943542, 0.7470031976699829]"
3226.0,2011-12-01T00:00:00.000000000,"[1.0374282598495483, 0.8614109754562378, 0.8174067735671997, 0.7293981313705444]","[0.8581125736236572, 0.7679219841957092, 0.7221723198890686, 0.7137421369552612]"
3226.0,2012-03-01T00:00:00.000000000,"[0.8614109754562378, 0.8174067735671997, 0.7293981313705444, 0.5313789248466492]","[0.9446765184402466, 0.8129864931106567, 0.8566412925720215, 0.8390969634056091]"
3226.0,2012-06-01T00:00:00.000000000,"[0.8174067735671997, 0.7293981313705444, 0.5313789248466492, 0.9714217185974121]","[0.846449613571167, 0.7271984815597534, 0.7934306859970093, 0.7633489370346069]"
3226.0,2012-09-01T00:00:00.000000000,"[0.7293981313705444, 0.5313789248466492, 0.9714217185974121, 1.147438883781433]","[0.7234808802604675, 0.6504867672920227, 0.6338918209075928, 0.6432427763938904]"
3226.0,2012-12-01T00:00:00.000000000,"[0.5313789248466492, 0.9714217185974121, 1.147438883781433, 1.2134451866149902]","[0.7335473299026489, 0.6584147214889526, 0.6330653429031372, 0.6511460542678833]"
3226.0,2013-03-01T00:00:00.000000000,"[0.9714217185974121, 1.147438883781433, 1.2134451866149902, 0.9934238195419312]","[0.62705397605896, 0.5825594663619995, 0.5975673198699951, 0.614935040473938]"
3980.0,2006-06-01T00:00:00.000000000,"[2.115532875061035, 1.2574495077133179, 2.0935308933258057, 2.0055222511291504]","[1.9536464214324951, 1.5791534185409546, 1.7912521362304688, 1.6659562587738037]"
3980.0,2006-09-01T00:00:00.000000000,"[1.2574495077133179, 2.0935308933258057, 2.0055222511291504, 2.4895694255828857]","[1.409860610961914, 1.691917896270752, 1.4843617677688599, 1.991215705871582]"
3980.0,2006-12-01T00:00:00.000000000,"[2.0935308933258057, 2.0055222511291504, 2.4895694255828857, 1.9395159482955933]","[1.587419867515564, 1.5220057964324951, 1.9652525186538696, 1.3387296199798584]"
3980.0,2007-03-01T00:00:00.000000000,"[2.0055222511291504, 2.4895694255828857, 1.9395159482955933, 2.885607957839966]","[1.7485524415969849, 2.171069622039795, 1.6022145748138428, 2.1946377754211426]"
3980.0,2007-06-01T00:00:00.000000000,"[2.4895694255828857, 1.9395159482955933, 2.885607957839966, 2.2915501594543457]","[2.3573825359344482, 1.932576060295105, 2.2303552627563477, 2.0811381340026855]"
3980.0,2007-09-01T00:00:00.000000000,"[1.9395159482955933, 2.885607957839966, 2.2915501594543457, 2.8636057376861572]","[1.8395953178405762, 2.1451854705810547, 1.8601346015930176, 2.4229700565338135]"
3980.0,2007-12-01T00:00:00.000000000,"[2.885607957839966, 2.2915501594543457, 2.8636057376861572, 1.7194944620132446]","[2.2167840003967285, 2.1047520637512207, 2.610802173614502, 1.989013671875]"
3980.0,2008-03-01T00:00:00.000000000,"[2.2915501594543457, 2.8636057376861572, 1.7194944620132446, 2.7095906734466553]","[2.5513834953308105, 2.7623636722564697, 2.3807003498077393, 2.950202703475952]"
3980.0,2008-06-01T00:00:00.000000000,"[2.8636057376861572, 1.7194944620132446, 2.7095906734466553, 2.5995800495147705]","[2.6669418811798096, 2.373351573944092, 2.7220869064331055, 2.44447922706604]"
3980.0,2008-09-01T00:00:00.000000000,"[1.7194944620132446, 2.7095906734466553, 2.5995800495147705, 2.775597333908081]","[2.234013080596924, 2.558009147644043, 2.2289257049560547, 2.9184088706970215]"
3980.0,2008-12-01T00:00:00.000000000,"[2.7095906734466553, 2.5995800495147705, 2.775597333908081, 1.6534881591796875]","[2.1916964054107666, 2.0584309101104736, 2.743518352508545, 2.0960190296173096]"
3980.0,2009-03-01T00:00:00.000000000,"[2.5995800495147705, 2.775597333908081, 1.6534881591796875, 3.4576635360717773]","[2.6215872764587402, 2.9004125595092773, 2.3663949966430664, 3.0388851165771484]"
3980.0,2009-06-01T00:00:00.000000000,"[2.775597333908081, 1.6534881591796875, 3.4576635360717773, 3.3476529121398926]","[3.1388955116271973, 2.630093812942505, 3.0331664085388184, 2.8053643703460693]"
3980.0,2009-09-01T00:00:00.000000000,"[1.6534881591796875, 3.4576635360717773, 3.3476529121398926, 3.4136593341827393]","[2.4653055667877197, 2.7441420555114746, 2.4715280532836914, 2.7886040210723877]"
3980.0,2009-12-01T00:00:00.000000000,"[3.4576635360717773, 3.3476529121398926, 3.4136593341827393, 2.5555758476257324]","[2.0927987098693848, 2.012394428253174, 2.540196418762207, 1.9800422191619873]"
3980.0,2010-03-01T00:00:00.000000000,"[3.3476529121398926, 3.4136593341827393, 2.5555758476257324, 3.3476529121398926]","[3.010931968688965, 3.1150646209716797, 2.702869415283203, 3.633974075317383]"
3980.0,2010-06-01T00:00:00.000000000,"[3.4136593341827393, 2.5555758476257324, 3.3476529121398926, 2.8416035175323486]","[3.7289509773254395, 3.2399308681488037, 3.6188430786132812, 3.272223711013794]"
3980.0,2010-09-01T00:00:00.000000000,"[2.5555758476257324, 3.3476529121398926, 2.8416035175323486, 2.269547939300537]","[2.922398567199707, 3.266735553741455, 2.896015167236328, 3.107174873352051]"
3980.0,2010-12-01T00:00:00.000000000,"[3.3476529121398926, 2.8416035175323486, 2.269547939300537, 1.6534881591796875]","[2.985419273376465, 2.8573780059814453, 3.2824254035949707, 2.689091682434082]"
3980.0,2011-03-01T00:00:00.000000000,"[2.8416035175323486, 2.269547939300537, 1.6534881591796875, 2.665586471557617]","[3.1343517303466797, 3.227517604827881, 2.839479446411133, 3.659900665283203]"
3980.0,2011-06-01T00:00:00.000000000,"[2.269547939300537, 1.6534881591796875, 2.665586471557617, 0.6193875670433044]","[3.249329090118408, 2.8598620891571045, 3.278726577758789, 3.107938289642334]"
3980.0,2011-09-01T00:00:00.000000000,"[1.6534881591796875, 2.665586471557617, 0.6193875670433044, -0.5247237682342529]","[2.408933401107788, 2.4174280166625977, 2.475524663925171, 2.5243537425994873]"
3980.0,2011-12-01T00:00:00.000000000,"[2.665586471557617, 0.6193875670433044, -0.5247237682342529, -1.1407837867736816]","[1.9649674892425537, 1.9834650754928589, 2.0981338024139404, 2.070483684539795]"
3980.0,2012-03-01T00:00:00.000000000,"[0.6193875670433044, -0.5247237682342529, -1.1407837867736816, 0.003327556187286973]","[2.5837795734405518, 2.5339503288269043, 2.423787832260132, 2.4710679054260254]"
3980.0,2012-06-01T00:00:00.000000000,"[-0.5247237682342529, -1.1407837867736816, 0.003327556187286973, 1.0374282598495483]","[1.4161828756332397, 1.5204334259033203, 1.8228354454040527, 1.6554791927337646]"
3980.0,2012-09-01T00:00:00.000000000,"[-1.1407837867736816, 0.003327556187286973, 1.0374282598495483, 1.0594303607940674]","[0.7219843864440918, 0.9200869798660278, 1.1247133016586304, 1.3040449619293213]"
3980.0,2012-12-01T00:00:00.000000000,"[0.003327556187286973, 1.0374282598495483, 1.0594303607940674, 0.11333828419446945]","[0.19370055198669434, 0.47310876846313477, 0.9705904722213745, 0.916309654712677]"
3980.0,2013-03-01T00:00:00.000000000,"[1.0374282598495483, 1.0594303607940674, 0.11333828419446945, 1.6314857006072998]","[0.6265237331390381, 0.8306902647018433, 1.020998239517212, 1.2316253185272217]"
5568.0,2004-09-01T00:00:00.000000000,"[1.2134451866149902, 1.279451608657837, 1.477470874786377, 0.26735323667526245]","[1.2442474365234375, 1.232032060623169, 1.3569607734680176, 1.0607318878173828]"
5568.0,2004-12-01T00:00:00.000000000,"[1.279451608657837, 1.477470874786377, 0.26735323667526245, 0.6633917689323425]","[1.3617894649505615, 1.376557469367981, 1.1643900871276855, 1.2236237525939941]"
5568.0,2005-03-01T00:00:00.000000000,"[1.477470874786377, 0.26735323667526245, 0.6633917689323425, 0.9054153561592102]","[1.2739171981811523, 1.149780035018921, 1.2066253423690796, 1.3294918537139893]"
5568.0,2005-06-01T00:00:00.000000000,"[0.26735323667526245, 0.6633917689323425, 0.9054153561592102, 1.1694409847259521]","[1.2877190113067627, 1.359252691268921, 1.3366883993148804, 1.4405291080474854]"
5568.0,2005-09-01T00:00:00.000000000,"[0.6633917689323425, 0.9054153561592102, 1.1694409847259521, 1.125436782836914]","[0.6942213177680969, 0.728364109992981, 0.8921525478363037, 0.737464427947998]"
5568.0,2005-12-01T00:00:00.000000000,"[0.9054153561592102, 1.1694409847259521, 1.125436782836914, 1.301453948020935]","[0.6998777389526367, 0.7203490138053894, 0.7292763590812683, 0.7697700262069702]"
5568.0,2006-03-01T00:00:00.000000000,"[1.1694409847259521, 1.125436782836914, 1.301453948020935, 1.147438883781433]","[0.921978771686554, 0.8818800449371338, 0.8941619992256165, 0.9176305532455444]"
5568.0,2006-06-01T00:00:00.000000000,"[1.125436782836914, 1.301453948020935, 1.147438883781433, 1.455468773841858]","[0.9875199794769287, 1.0495322942733765, 1.0484323501586914, 1.0810869932174683]"
5568.0,2006-09-01T00:00:00.000000000,"[1.301453948020935, 1.147438883781433, 1.455468773841858, 1.125436782836914]","[1.0563868284225464, 1.1148467063903809, 1.160872459411621, 1.120919108390808]"
5568.0,2006-12-01T00:00:00.000000000,"[1.147438883781433, 1.455468773841858, 1.125436782836914, 1.279451608657837]","[1.2504338026046753, 1.248715877532959, 1.18798828125, 1.2140933275222778]"
5568.0,2007-03-01T00:00:00.000000000,"[1.455468773841858, 1.125436782836914, 1.279451608657837, 1.2574495077133179]","[1.1707566976547241, 1.1440261602401733, 1.1116584539413452, 1.1228961944580078]"
5568.0,2007-06-01T00:00:00.000000000,"[1.125436782836914, 1.279451608657837, 1.2574495077133179, 1.499472975730896]","[1.299474835395813, 1.287522792816162, 1.2403020858764648, 1.247981309890747]"
5568.0,2007-09-01T00:00:00.000000000,"[1.279451608657837, 1.2574495077133179, 1.499472975730896, 1.0154259204864502]","[1.1374633312225342, 1.1376245021820068, 1.18222975730896, 1.1088066101074219]"
5568.0,2007-12-01T00:00:00.000000000,"[1.2574495077133179, 1.499472975730896, 1.0154259204864502, 1.147438883781433]","[1.3344793319702148, 1.2791669368743896, 1.2651866674423218, 1.2893999814987183]"
5568.0,2008-03-01T00:00:00.000000000,"[1.499472975730896, 1.0154259204864502, 1.147438883781433, 0.7514004111289978]","[1.3162956237792969, 1.235312819480896, 1.2847084999084473, 1.264939308166504]"
5568.0,2008-06-01T00:00:00.000000000,"[1.0154259204864502, 1.147438883781433, 0.7514004111289978, 0.8174067735671997]","[1.36357843875885, 1.3480546474456787, 1.2829296588897705, 1.3059141635894775]"
5568.0,2008-09-01T00:00:00.000000000,"[1.147438883781433, 0.7514004111289978, 0.8174067735671997, 0.8834132552146912]","[1.0460373163223267, 1.056559681892395, 1.1758906841278076, 1.0393470525741577]"
5568.0,2008-12-01T00:00:00.000000000,"[0.7514004111289978, 0.8174067735671997, 0.8834132552146912, 0.575383186340332]","[1.2357068061828613, 1.208124041557312, 1.1617616415023804, 1.1783018112182617]"
5568.0,2009-03-01T00:00:00.000000000,"[0.8174067735671997, 0.8834132552146912, 0.575383186340332, 1.0594303607940674]","[0.8875094056129456, 0.9161030650138855, 0.9650014042854309, 0.9636045694351196]"
5568.0,2009-06-01T00:00:00.000000000,"[0.8834132552146912, 0.575383186340332, 1.0594303607940674, 0.8394088745117188]","[0.8774233460426331, 0.9035527110099792, 0.9264705777168274, 0.9609289765357971]"
5568.0,2009-09-01T00:00:00.000000000,"[0.575383186340332, 1.0594303607940674, 0.8394088745117188, 1.0594303607940674]","[0.8935170769691467, 0.9213083982467651, 1.0404554605484009, 0.9395033717155457]"
5568.0,2009-12-01T00:00:00.000000000,"[1.0594303607940674, 0.8394088745117188, 1.0594303607940674, 0.8834132552146912]","[0.8014825582504272, 0.8395164012908936, 0.8869004249572754, 0.9137355089187622]"
5568.0,2010-03-01T00:00:00.000000000,"[0.8394088745117188, 1.0594303607940674, 0.8834132552146912, 1.0154259204864502]","[0.9810234308242798, 0.9914185404777527, 0.9933739304542542, 1.0183180570602417]"
5568.0,2010-06-01T00:00:00.000000000,"[1.0594303607940674, 0.8834132552146912, 1.0154259204864502, 0.7293981313705444]","[0.9254675507545471, 0.9467377662658691, 1.0078052282333374, 0.970231831073761]"
5568.0,2010-09-01T00:00:00.000000000,"[0.8834132552146912, 1.0154259204864502, 0.7293981313705444, 1.0374282598495483]","[0.997050404548645, 1.0198564529418945, 1.0263391733169556, 1.0538793802261353]"
5680.0,2006-06-01T00:00:00.000000000,"[1.4114645719528198, 2.6435842514038086, 1.7414965629577637, 1.499472975730896]","[0.956180214881897, 0.8920122981071472, 1.0305737257003784, 0.929258406162262]"
5680.0,2006-09-01T00:00:00.000000000,"[2.6435842514038086, 1.7414965629577637, 1.499472975730896, 1.8515071868896484]","[1.282425880432129, 1.1269702911376953, 1.0188064575195312, 1.0242879390716553]"
5680.0,2006-12-01T00:00:00.000000000,"[1.7414965629577637, 1.499472975730896, 1.8515071868896484, 3.0616250038146973]","[1.8913369178771973, 1.7330011129379272, 1.6582081317901611, 1.706986665725708]"
5680.0,2007-03-01T00:00:00.000000000,"[1.499472975730896, 1.8515071868896484, 3.0616250038146973, 2.2915501594543457]","[1.5550637245178223, 1.5015475749969482, 1.8897614479064941, 1.542004108428955]"
5680.0,2007-06-01T00:00:00.000000000,"[1.8515071868896484, 3.0616250038146973, 2.2915501594543457, 1.8735092878341675]","[1.5263400077819824, 1.3895313739776611, 1.5450162887573242, 1.4737340211868286]"
5680.0,2007-09-01T00:00:00.000000000,"[3.0616250038146973, 2.2915501594543457, 1.8735092878341675, 2.4675674438476562]","[1.8089518547058105, 1.5309653282165527, 1.5103331804275513, 1.5346238613128662]"
5680.0,2007-12-01T00:00:00.000000000,"[2.2915501594543457, 1.8735092878341675, 2.4675674438476562, 3.633680582046509]","[2.2652459144592285, 2.057096481323242, 1.9438562393188477, 1.9974961280822754]"
5680.0,2008-03-01T00:00:00.000000000,"[1.8735092878341675, 2.4675674438476562, 3.633680582046509, 2.819601535797119]","[2.1047768592834473, 1.976590871810913, 2.4165804386138916, 1.9880359172821045]"
5680.0,2008-06-01T00:00:00.000000000,"[2.4675674438476562, 3.633680582046509, 2.819601535797119, 2.4675674438476562]","[2.0328588485717773, 1.8465803861618042, 2.0491950511932373, 1.8856210708618164]"
5680.0,2008-09-01T00:00:00.000000000,"[3.633680582046509, 2.819601535797119, 2.4675674438476562, 2.973616361618042]","[2.599149703979492, 2.231198787689209, 2.1655309200286865, 2.1804041862487793]"
5680.0,2008-12-01T00:00:00.000000000,"[2.819601535797119, 2.4675674438476562, 2.973616361618042, 4.2497406005859375]","[2.782477855682373, 2.6254372596740723, 2.3841962814331055, 2.4239959716796875]"
5680.0,2009-03-01T00:00:00.000000000,"[2.4675674438476562, 2.973616361618042, 4.2497406005859375, 3.4136593341827393]","[2.2076282501220703, 2.1597447395324707, 2.2296290397644043, 2.0170557498931885]"
5680.0,2009-06-01T00:00:00.000000000,"[2.973616361618042, 4.2497406005859375, 3.4136593341827393, 3.017620801925659]","[2.1757376194000244, 2.0456175804138184, 1.9039366245269775, 1.9211806058883667]"
5680.0,2009-09-01T00:00:00.000000000,"[4.2497406005859375, 3.4136593341827393, 3.017620801925659, 3.875704050064087]","[2.7270472049713135, 2.3753838539123535, 2.308880567550659, 2.3426156044006348]"
5680.0,2009-12-01T00:00:00.000000000,"[3.4136593341827393, 3.017620801925659, 3.875704050064087, 6.00991153717041]","[3.3552560806274414, 3.04715633392334, 2.979691982269287, 3.0481512546539307]"
5680.0,2010-03-01T00:00:00.000000000,"[3.017620801925659, 3.875704050064087, 6.00991153717041, 4.82179594039917]","[3.2645397186279297, 3.1206400394439697, 3.4385714530944824, 3.02760648727417]"
5680.0,2010-06-01T00:00:00.000000000,"[3.875704050064087, 6.00991153717041, 4.82179594039917, 4.2497406005859375]","[3.2257256507873535, 3.001180648803711, 3.0159404277801514, 2.934612274169922]"
5680.0,2010-09-01T00:00:00.000000000,"[6.00991153717041, 4.82179594039917, 4.2497406005859375, 4.2937445640563965]","[3.7826642990112305, 3.3515188694000244, 3.3166067600250244, 3.359318733215332]"
5680.0,2010-12-01T00:00:00.000000000,"[4.82179594039917, 4.2497406005859375, 4.2937445640563965, 6.273937702178955]","[4.586308002471924, 4.322296619415283, 4.064113140106201, 4.163658142089844]"
5680.0,2011-03-01T00:00:00.000000000,"[4.2497406005859375, 4.2937445640563965, 6.273937702178955, 4.865800380706787]","[3.9513845443725586, 3.7485809326171875, 4.015379428863525, 3.6572184562683105]"
5680.0,2011-06-01T00:00:00.000000000,"[4.2937445640563965, 6.273937702178955, 4.865800380706787, 4.315746784210205]","[3.9140450954437256, 3.573338031768799, 3.442415475845337, 3.5004100799560547]"
5680.0,2011-09-01T00:00:00.000000000,"[6.273937702178955, 4.865800380706787, 4.315746784210205, 3.875704050064087]","[4.36409330368042, 3.8103628158569336, 3.6478524208068848, 3.6448822021484375]"
5680.0,2011-12-01T00:00:00.000000000,"[4.865800380706787, 4.315746784210205, 3.875704050064087, 8.144119262695312]","[5.074217796325684, 4.582324504852295, 4.472996711730957, 4.558536052703857]"
5680.0,2012-03-01T00:00:00.000000000,"[4.315746784210205, 3.875704050064087, 8.144119262695312, 6.295939922332764]","[4.630987644195557, 4.356145858764648, 5.0197434425354, 4.292391777038574]"
5680.0,2012-06-01T00:00:00.000000000,"[3.875704050064087, 8.144119262695312, 6.295939922332764, 5.129826545715332]","[4.567136287689209, 4.243128299713135, 4.453344821929932, 4.187833309173584]"
5680.0,2012-09-01T00:00:00.000000000,"[8.144119262695312, 6.295939922332764, 5.129826545715332, 7.792084693908691]","[4.162467002868652, 3.7726874351501465, 3.6218953132629395, 3.6783158779144287]"
5680.0,2012-12-01T00:00:00.000000000,"[6.295939922332764, 5.129826545715332, 7.792084693908691, 9.266228675842285]","[5.992021560668945, 5.653034210205078, 5.3164825439453125, 5.427286148071289]"
5680.0,2013-03-01T00:00:00.000000000,"[5.129826545715332, 7.792084693908691, 9.266228675842285, 7.924098014831543]","[5.657842636108398, 5.544830799102783, 6.354269027709961, 5.586524963378906]"
6008.0,2006-06-01T00:00:00.000000000,"[0.5093768239021301, 0.7514004111289978, 0.9274174571037292, 0.20134682953357697]","[0.22194069623947144, 0.23488759994506836, 0.26547569036483765, 0.24398818612098694]"
6008.0,2006-09-01T00:00:00.000000000,"[0.7514004111289978, 0.9274174571037292, 0.20134682953357697, 0.5093768239021301]","[0.4514194130897522, 0.425873339176178, 0.4342435598373413, 0.46901947259902954]"
6008.0,2006-12-01T00:00:00.000000000,"[0.9274174571037292, 0.20134682953357697, 0.5093768239021301, 0.7073960304260254]","[0.652909517288208, 0.5912189483642578, 0.569622278213501, 0.6067984104156494]"
6008.0,2007-03-01T00:00:00.000000000,"[0.20134682953357697, 0.5093768239021301, 0.7073960304260254, 0.9274174571037292]","[0.8775253295898438, 0.843092143535614, 0.8910791277885437, 0.8644014000892639]"
6008.0,2007-06-01T00:00:00.000000000,"[0.5093768239021301, 0.7073960304260254, 0.9274174571037292, 0.4873746931552887]","[0.38808673620224, 0.36412662267684937, 0.5810672640800476, 0.4349549114704132]"
6008.0,2007-09-01T00:00:00.000000000,"[0.7073960304260254, 0.9274174571037292, 0.4873746931552887, 0.5973852872848511]","[0.4686155617237091, 0.4197555184364319, 0.354295015335083, 0.3778096139431]"
6008.0,2007-12-01T00:00:00.000000000,"[0.9274174571037292, 0.4873746931552887, 0.5973852872848511, 1.0594303607940674]","[0.6399695873260498, 0.5865542888641357, 0.5221339464187622, 0.5298609733581543]"
6008.0,2008-03-01T00:00:00.000000000,"[0.4873746931552887, 0.5973852872848511, 1.0594303607940674, 1.0374282598495483]","[0.829499363899231, 0.8145245313644409, 0.9548341035842896, 0.8343920707702637]"
6008.0,2008-06-01T00:00:00.000000000,"[0.5973852872848511, 1.0594303607940674, 1.0374282598495483, 0.7514004111289978]","[0.5967137813568115, 0.5719572305679321, 0.838607668876648, 0.6211990118026733]"
6008.0,2008-09-01T00:00:00.000000000,"[1.0594303607940674, 1.0374282598495483, 0.7514004111289978, 0.8834132552146912]","[0.6408078074455261, 0.6060227155685425, 0.5376731157302856, 0.56597900390625]"
6008.0,2008-12-01T00:00:00.000000000,"[1.0374282598495483, 0.7514004111289978, 0.8834132552146912, 1.5214751958847046]","[0.8820022344589233, 0.8119485378265381, 0.7462809085845947, 0.7694359421730042]"
6008.0,2009-03-01T00:00:00.000000000,"[0.7514004111289978, 0.8834132552146912, 1.5214751958847046, 1.6754902601242065]","[0.9051138162612915, 0.9035520553588867, 0.8902262449264526, 0.8508592247962952]"
6008.0,2009-06-01T00:00:00.000000000,"[0.8834132552146912, 1.5214751958847046, 1.6754902601242065, 1.2134451866149902]","[0.7433792352676392, 0.7379915714263916, 0.7526333332061768, 0.709916353225708]"
6008.0,2009-09-01T00:00:00.000000000,"[1.5214751958847046, 1.6754902601242065, 1.2134451866149902, 1.5874814987182617]","[0.8368316888809204, 0.7492946982383728, 0.7499717473983765, 0.7763062715530396]"
6008.0,2009-12-01T00:00:00.000000000,"[1.6754902601242065, 1.2134451866149902, 1.5874814987182617, 2.379558563232422]","[1.1965954303741455, 1.115212082862854, 1.0478723049163818, 1.067686676979065]"
6008.0,2010-03-01T00:00:00.000000000,"[1.2134451866149902, 1.5874814987182617, 2.379558563232422, 2.115532875061035]","[1.308250904083252, 1.269364833831787, 1.1958820819854736, 1.2019916772842407]"
6008.0,2010-06-01T00:00:00.000000000,"[1.5874814987182617, 2.379558563232422, 2.115532875061035, 1.2574495077133179]","[1.1078615188598633, 1.061301350593567, 1.109354019165039, 1.0116868019104004]"
6008.0,2010-09-01T00:00:00.000000000,"[2.379558563232422, 2.115532875061035, 1.2574495077133179, 1.6314857006072998]","[1.2814913988113403, 1.137438178062439, 1.1256229877471924, 1.1404666900634766]"
6008.0,2010-12-01T00:00:00.000000000,"[2.115532875061035, 1.2574495077133179, 1.6314857006072998, 2.42356276512146]","[1.7928260564804077, 1.5974442958831787, 1.6012635231018066, 1.629709005355835]"
6008.0,2011-03-01T00:00:00.000000000,"[1.2574495077133179, 1.6314857006072998, 2.42356276512146, 2.6435842514038086]","[1.5509737730026245, 1.454782247543335, 1.5176351070404053, 1.4326421022415161]"
6008.0,2011-06-01T00:00:00.000000000,"[1.6314857006072998, 2.42356276512146, 2.6435842514038086, 2.4895694255828857]","[1.1594551801681519, 1.0638399124145508, 1.2156683206558228, 1.0824358463287354]"
6008.0,2011-09-01T00:00:00.000000000,"[2.42356276512146, 2.6435842514038086, 2.4895694255828857, 2.0055222511291504]","[1.4994621276855469, 1.2853572368621826, 1.3126137256622314, 1.350898027420044]"
6008.0,2011-12-01T00:00:00.000000000,"[2.6435842514038086, 2.4895694255828857, 2.0055222511291504, 1.7414965629577637]","[1.8402572870254517, 1.693550944328308, 1.5627822875976562, 1.577605962753296]"
6008.0,2012-03-01T00:00:00.000000000,"[2.4895694255828857, 2.0055222511291504, 1.7414965629577637, 2.6435842514038086]","[1.8710379600524902, 1.8456594944000244, 1.7283658981323242, 1.752016544342041]"
6008.0,2012-06-01T00:00:00.000000000,"[2.0055222511291504, 1.7414965629577637, 2.6435842514038086, 2.3575565814971924]","[1.911325216293335, 1.8274686336517334, 1.7887234687805176, 1.7505135536193848]"
6008.0,2012-09-01T00:00:00.000000000,"[1.7414965629577637, 2.6435842514038086, 2.3575565814971924, 2.115532875061035]","[1.9236412048339844, 1.9112658500671387, 1.8367749452590942, 1.8139541149139404]"
6008.0,2012-12-01T00:00:00.000000000,"[2.6435842514038086, 2.3575565814971924, 2.115532875061035, 3.0616250038146973]","[1.5770071744918823, 1.4510489702224731, 1.4835615158081055, 1.5136513710021973]"
6008.0,2013-03-01T00:00:00.000000000,"[2.3575565814971924, 2.115532875061035, 3.0616250038146973, 1.6974923610687256]","[2.1856586933135986, 1.989801049232483, 1.9278253316879272, 1.9558179378509521]"
6066.0,2006-06-01T00:00:00.000000000,"[8.804183959960938, 7.3960466384887695, 12.082502365112305, 5.7018818855285645]","[6.307540416717529, 6.194883823394775, 8.526028633117676, 6.522680759429932]"
6066.0,2006-09-01T00:00:00.000000000,"[7.3960466384887695, 12.082502365112305, 5.7018818855285645, 7.748080730438232]","[8.663983345031738, 8.163957595825195, 7.830300331115723, 8.030461311340332]"
6066.0,2006-12-01T00:00:00.000000000,"[12.082502365112305, 5.7018818855285645, 7.748080730438232, 6.647973537445068]","[8.666872024536133, 7.795965194702148, 8.118486404418945, 8.054744720458984]"
6066.0,2007-03-01T00:00:00.000000000,"[5.7018818855285645, 7.748080730438232, 6.647973537445068, 9.948295593261719]","[8.879467010498047, 8.992533683776855, 8.68036937713623, 9.021376609802246]"
6066.0,2007-06-01T00:00:00.000000000,"[7.748080730438232, 6.647973537445068, 9.948295593261719, 4.469761848449707]","[6.480370998382568, 6.38970947265625, 8.810148239135742, 6.789985656738281]"
6066.0,2007-09-01T00:00:00.000000000,"[6.647973537445068, 9.948295593261719, 4.469761848449707, 5.789890289306641]","[7.86028528213501, 7.682094573974609, 7.4478020668029785, 7.629758834838867]"
6066.0,2007-12-01T00:00:00.000000000,"[9.948295593261719, 4.469761848449707, 5.789890289306641, 6.537962913513184]","[7.720679759979248, 7.14757776260376, 7.117197036743164, 7.2781982421875]"
6066.0,2008-03-01T00:00:00.000000000,"[4.469761848449707, 5.789890289306641, 6.537962913513184, 10.322331428527832]","[8.596046447753906, 8.752286911010742, 8.458452224731445, 8.708112716674805]"
6066.0,2008-06-01T00:00:00.000000000,"[5.789890289306641, 6.537962913513184, 10.322331428527832, 4.535768508911133]","[5.967676639556885, 6.141582012176514, 7.984979152679443, 6.219127655029297]"
6066.0,2008-09-01T00:00:00.000000000,"[6.537962913513184, 10.322331428527832, 4.535768508911133, 5.437856197357178]","[5.656872272491455, 5.89125394821167, 6.006767749786377, 6.318755149841309]"
6066.0,2008-12-01T00:00:00.000000000,"[10.322331428527832, 4.535768508911133, 5.437856197357178, 6.559965133666992]","[7.36592435836792, 7.076738357543945, 7.263418197631836, 7.386438369750977]"
6066.0,2009-03-01T00:00:00.000000000,"[4.535768508911133, 5.437856197357178, 6.559965133666992, 10.696367263793945]","[7.967896938323975, 8.461262702941895, 8.352402687072754, 8.722936630249023]"
6066.0,2009-06-01T00:00:00.000000000,"[5.437856197357178, 6.559965133666992, 10.696367263793945, 4.689783573150635]","[6.490488052368164, 6.602746963500977, 8.659963607788086, 6.63193941116333]"
6066.0,2009-09-01T00:00:00.000000000,"[6.559965133666992, 10.696367263793945, 4.689783573150635, 6.075918197631836]","[5.353264808654785, 5.609140872955322, 5.806088924407959, 6.137125015258789]"
6066.0,2009-12-01T00:00:00.000000000,"[10.696367263793945, 4.689783573150635, 6.075918197631836, 6.823991298675537]","[7.136725902557373, 6.90846061706543, 7.061306953430176, 7.264089107513428]"
6066.0,2010-03-01T00:00:00.000000000,"[4.689783573150635, 6.075918197631836, 6.823991298675537, 10.014301300048828]","[7.957988262176514, 8.436517715454102, 8.353297233581543, 8.717232704162598]"
6066.0,2010-06-01T00:00:00.000000000,"[6.075918197631836, 6.823991298675537, 10.014301300048828, 4.2497406005859375]","[6.63114070892334, 6.753564834594727, 8.812614440917969, 6.7163777351379395]"
6066.0,2010-09-01T00:00:00.000000000,"[6.823991298675537, 10.014301300048828, 4.2497406005859375, 6.273937702178955]","[5.768604278564453, 5.9992265701293945, 6.178974151611328, 6.484674453735352]"
6066.0,2010-12-01T00:00:00.000000000,"[10.014301300048828, 4.2497406005859375, 6.273937702178955, 5.1958327293396]","[7.455421447753906, 7.203531265258789, 7.361889362335205, 7.530060291290283]"
6066.0,2011-03-01T00:00:00.000000000,"[4.2497406005859375, 6.273937702178955, 5.1958327293396, 9.662266731262207]","[7.822200775146484, 8.179889678955078, 8.110217094421387, 8.42595100402832]"
6066.0,2011-06-01T00:00:00.000000000,"[6.273937702178955, 5.1958327293396, 9.662266731262207, 3.3476529121398926]","[6.0771260261535645, 6.291922092437744, 8.320688247680664, 6.343839645385742]"
6066.0,2011-09-01T00:00:00.000000000,"[5.1958327293396, 9.662266731262207, 3.3476529121398926, 4.0957255363464355]","[5.791214942932129, 6.04483699798584, 6.265266418457031, 6.576720237731934]"
6066.0,2011-12-01T00:00:00.000000000,"[9.662266731262207, 3.3476529121398926, 4.0957255363464355, 4.975811004638672]","[6.044329643249512, 6.222927093505859, 6.684762954711914, 6.782320022583008]"
6066.0,2012-03-01T00:00:00.000000000,"[3.3476529121398926, 4.0957255363464355, 4.975811004638672, 3.8537018299102783]","[7.2963666915893555, 7.483930587768555, 7.438604831695557, 7.6953206062316895]"
6066.0,2012-06-01T00:00:00.000000000,"[4.0957255363464355, 4.975811004638672, 3.8537018299102783, 3.1936378479003906]","[5.385839939117432, 5.709232330322266, 7.788085460662842, 5.807840347290039]"
6066.0,2012-09-01T00:00:00.000000000,"[4.975811004638672, 3.8537018299102783, 3.1936378479003906, 4.42575740814209]","[4.758364200592041, 5.152659893035889, 5.558518409729004, 5.958835124969482]"
6066.0,2012-12-01T00:00:00.000000000,"[3.8537018299102783, 3.1936378479003906, 4.42575740814209, 4.8437981605529785]","[5.5700225830078125, 5.837323188781738, 6.06703519821167, 6.404855251312256]"
6066.0,2013-03-01T00:00:00.000000000,"[3.1936378479003906, 4.42575740814209, 4.8437981605529785, 6.669975757598877]","[5.330051422119141, 5.61614990234375, 5.858570098876953, 6.213065147399902]"
6266.0,2006-06-01T00:00:00.000000000,"[2.9516141414642334, 2.5995800495147705, 2.0935308933258057, 2.7315926551818848]","[2.5360560417175293, 2.414844036102295, 2.3420419692993164, 2.3604989051818848]"
6266.0,2006-09-01T00:00:00.000000000,"[2.5995800495147705, 2.0935308933258057, 2.7315926551818848, 3.0616250038146973]","[2.6783039569854736, 2.601392984390259, 2.614201068878174, 2.59900164604187]"
6266.0,2006-12-01T00:00:00.000000000,"[2.0935308933258057, 2.7315926551818848, 3.0616250038146973, 2.577577829360962]","[2.4890310764312744, 2.4585061073303223, 2.5950851440429688, 2.4706294536590576]"
6266.0,2007-03-01T00:00:00.000000000,"[2.7315926551818848, 3.0616250038146973, 2.577577829360962, 2.4675674438476562]","[2.276087522506714, 2.2038848400115967, 2.322277545928955, 2.266742706298828]"
6266.0,2007-06-01T00:00:00.000000000,"[3.0616250038146973, 2.577577829360962, 2.4675674438476562, 2.9956183433532715]","[2.590672016143799, 2.4617972373962402, 2.4205188751220703, 2.4376320838928223]"
6266.0,2007-09-01T00:00:00.000000000,"[2.577577829360962, 2.4675674438476562, 2.9956183433532715, 3.127631425857544]","[2.7732927799224854, 2.6755714416503906, 2.722397804260254, 2.6626758575439453]"
6266.0,2007-12-01T00:00:00.000000000,"[2.4675674438476562, 2.9956183433532715, 3.127631425857544, 2.9956183433532715]","[2.444746971130371, 2.491682767868042, 2.5843465328216553, 2.4836511611938477]"
6266.0,2008-03-01T00:00:00.000000000,"[2.9956183433532715, 3.127631425857544, 2.9956183433532715, 2.775597333908081]","[2.6455459594726562, 2.5330092906951904, 2.6498875617980957, 2.6119463443756104]"
6266.0,2008-06-01T00:00:00.000000000,"[3.127631425857544, 2.9956183433532715, 2.775597333908081, 3.325650691986084]","[2.9323208332061768, 2.7612953186035156, 2.7533493041992188, 2.7824478149414062]"
6266.0,2008-09-01T00:00:00.000000000,"[2.9956183433532715, 2.775597333908081, 3.325650691986084, 3.325650691986084]","[2.9421582221984863, 2.868804454803467, 2.9760184288024902, 2.8444137573242188]"
6266.0,2008-12-01T00:00:00.000000000,"[2.775597333908081, 3.325650691986084, 3.325650691986084, 3.479665517807007]","[2.7765519618988037, 2.743616819381714, 2.8492884635925293, 2.782254219055176]"
6266.0,2009-03-01T00:00:00.000000000,"[3.325650691986084, 3.325650691986084, 3.479665517807007, 3.127631425857544]","[2.9019789695739746, 2.774244785308838, 2.7463536262512207, 2.7691709995269775]"
6266.0,2009-06-01T00:00:00.000000000,"[3.325650691986084, 3.479665517807007, 3.127631425857544, 3.831699848175049]","[3.146747589111328, 2.9852070808410645, 2.887868642807007, 2.903308629989624]"
6266.0,2009-09-01T00:00:00.000000000,"[3.479665517807007, 3.127631425857544, 3.831699848175049, 3.919708251953125]","[3.1320061683654785, 3.0502772331237793, 3.1974244117736816, 3.118154525756836]"
6266.0,2009-12-01T00:00:00.000000000,"[3.127631425857544, 3.831699848175049, 3.919708251953125, 3.8096976280212402]","[3.227260112762451, 3.1663012504577637, 3.1025614738464355, 3.134451150894165]"
6266.0,2010-03-01T00:00:00.000000000,"[3.831699848175049, 3.919708251953125, 3.8096976280212402, 3.633680582046509]","[3.0475876331329346, 2.925245761871338, 2.999340057373047, 2.9045042991638184]"
6266.0,2010-06-01T00:00:00.000000000,"[3.919708251953125, 3.8096976280212402, 3.633680582046509, 3.919708251953125]","[3.3819897174835205, 3.228919506072998, 3.1258864402770996, 3.137590169906616]"
6266.0,2010-09-01T00:00:00.000000000,"[3.8096976280212402, 3.633680582046509, 3.919708251953125, 4.975811004638672]","[3.6988797187805176, 3.610203742980957, 3.5681543350219727, 3.4886417388916016]"
6266.0,2010-12-01T00:00:00.000000000,"[3.633680582046509, 3.919708251953125, 4.975811004638672, 3.963712453842163]","[3.4622199535369873, 3.3689348697662354, 3.302593946456909, 3.302246570587158]"
6266.0,2011-03-01T00:00:00.000000000,"[3.919708251953125, 4.975811004638672, 3.963712453842163, 3.4356613159179688]","[3.576984405517578, 3.4147820472717285, 3.4885592460632324, 3.4855592250823975]"
6266.0,2011-06-01T00:00:00.000000000,"[4.975811004638672, 3.963712453842163, 3.4356613159179688, 4.359751224517822]","[3.7134764194488525, 3.5292694568634033, 3.520230531692505, 3.5488169193267822]"
6266.0,2011-09-01T00:00:00.000000000,"[3.963712453842163, 3.4356613159179688, 4.359751224517822, 2.973616361618042]","[4.286107063293457, 4.113091945648193, 3.9973855018615723, 4.04313850402832]"
6266.0,2011-12-01T00:00:00.000000000,"[3.4356613159179688, 4.359751224517822, 2.973616361618042, 4.139729976654053]","[3.729067325592041, 3.615648031234741, 3.8193860054016113, 3.585477352142334]"
6266.0,2012-03-01T00:00:00.000000000,"[4.359751224517822, 2.973616361618042, 4.139729976654053, 3.3916571140289307]","[3.663525104522705, 3.5085768699645996, 3.5366811752319336, 3.5425522327423096]"
6266.0,2012-06-01T00:00:00.000000000,"[2.973616361618042, 4.139729976654053, 3.3916571140289307, 4.9978132247924805]","[4.202104568481445, 3.9280457496643066, 3.85087251663208, 3.876804828643799]"
6266.0,2012-09-01T00:00:00.000000000,"[4.139729976654053, 3.3916571140289307, 4.9978132247924805, 4.755789756774902]","[3.1009409427642822, 3.1256210803985596, 3.250007390975952, 3.140608072280884]"
6266.0,2012-12-01T00:00:00.000000000,"[3.3916571140289307, 4.9978132247924805, 4.755789756774902, 5.019815444946289]","[4.244542121887207, 4.109976291656494, 4.144630432128906, 4.236260414123535]"
6266.0,2013-03-01T00:00:00.000000000,"[4.9978132247924805, 4.755789756774902, 5.019815444946289, 3.98571515083313]","[3.7609424591064453, 3.6538963317871094, 3.7238104343414307, 3.6569859981536865]"
6304.0,2005-12-01T00:00:00.000000000,"[1.0594303607940674, 0.33335965871810913, 0.7954046130180359, 1.147438883781433]","[1.844161868095398, 1.8383009433746338, 1.6729283332824707, 1.753650188446045]"
6304.0,2006-03-01T00:00:00.000000000,"[0.33335965871810913, 0.7954046130180359, 1.147438883781433, 1.477470874786377]","[1.1221015453338623, 1.1644227504730225, 1.2815139293670654, 1.142127275466919]"
6304.0,2006-06-01T00:00:00.000000000,"[0.7954046130180359, 1.147438883781433, 1.477470874786377, 0.8614109754562378]","[0.5405540466308594, 0.6098141074180603, 0.725525438785553, 0.7159438133239746]"
6304.0,2007-03-01T00:00:00.000000000,"[1.147438883781433, 1.477470874786377, 0.8614109754562378, 1.5874814987182617]","[0.7927073836326599, 0.7880656123161316, 0.7869206070899963, 0.8648688793182373]"
6304.0,2007-06-01T00:00:00.000000000,"[1.477470874786377, 0.8614109754562378, 1.5874814987182617, 1.8295050859451294]","[1.0289649963378906, 1.0393301248550415, 1.005157232284546, 1.0753417015075684]"
6304.0,2007-09-01T00:00:00.000000000,"[0.8614109754562378, 1.5874814987182617, 1.8295050859451294, 3.1936378479003906]","[1.060667872428894, 1.1646970510482788, 1.2214457988739014, 1.2294186353683472]"
6304.0,2007-12-01T00:00:00.000000000,"[1.5874814987182617, 1.8295050859451294, 3.1936378479003906, 1.8515071868896484]","[0.8351560831069946, 0.892745316028595, 1.1340817213058472, 0.9248363375663757]"
6304.0,2008-03-01T00:00:00.000000000,"[1.8295050859451294, 3.1936378479003906, 1.8515071868896484, 2.6435842514038086]","[1.6196262836456299, 1.586637020111084, 1.5457372665405273, 1.6597809791564941]"
6304.0,2008-06-01T00:00:00.000000000,"[3.1936378479003906, 1.8515071868896484, 2.6435842514038086, 2.8636057376861572]","[1.7158398628234863, 1.6568630933761597, 1.5516923666000366, 1.6230823993682861]"
6304.0,2008-09-01T00:00:00.000000000,"[1.8515071868896484, 2.6435842514038086, 2.8636057376861572, 2.9076099395751953]","[2.2369987964630127, 2.24955153465271, 2.0358519554138184, 2.1366257667541504]"
6304.0,2008-12-01T00:00:00.000000000,"[2.6435842514038086, 2.8636057376861572, 2.9076099395751953, 3.259644031524658]","[1.728894829750061, 1.698908805847168, 1.9336435794830322, 1.649374008178711]"
6304.0,2009-03-01T00:00:00.000000000,"[2.8636057376861572, 2.9076099395751953, 3.259644031524658, 3.633680582046509]","[2.2419650554656982, 2.0790748596191406, 2.0152196884155273, 2.074782371520996]"
6304.0,2009-06-01T00:00:00.000000000,"[2.9076099395751953, 3.259644031524658, 3.633680582046509, 3.7436912059783936]","[2.7543511390686035, 2.3790931701660156, 2.410372257232666, 2.447294235229492]"
6304.0,2009-09-01T00:00:00.000000000,"[3.259644031524658, 3.633680582046509, 3.7436912059783936, 4.18373441696167]","[2.6587963104248047, 2.5357375144958496, 2.652496814727783, 2.5744881629943848]"
6304.0,2009-12-01T00:00:00.000000000,"[3.633680582046509, 3.7436912059783936, 4.18373441696167, 4.711785793304443]","[2.9428234100341797, 2.744873046875, 2.9383997917175293, 2.8075520992279053]"
6304.0,2010-03-01T00:00:00.000000000,"[3.7436912059783936, 4.18373441696167, 4.711785793304443, 4.667781352996826]","[3.3647677898406982, 3.0902838706970215, 2.9485831260681152, 3.00627064704895]"
6304.0,2010-06-01T00:00:00.000000000,"[4.18373441696167, 4.711785793304443, 4.667781352996826, 3.259644031524658]","[3.375887393951416, 3.05188250541687, 2.9265260696411133, 2.9805145263671875]"
6304.0,2010-09-01T00:00:00.000000000,"[4.711785793304443, 4.667781352996826, 3.259644031524658, 3.21563982963562]","[3.059628963470459, 2.8790488243103027, 2.661223888397217, 2.690248489379883]"
6304.0,2010-12-01T00:00:00.000000000,"[4.667781352996826, 3.259644031524658, 3.21563982963562, 4.755789756774902]","[3.4549338817596436, 3.242112636566162, 3.0487475395202637, 3.0954151153564453]"
6304.0,2011-03-01T00:00:00.000000000,"[3.259644031524658, 3.21563982963562, 4.755789756774902, 5.151828289031982]","[3.9314169883728027, 3.5679240226745605, 3.5633163452148438, 3.607921600341797]"
6304.0,2011-06-01T00:00:00.000000000,"[3.21563982963562, 4.755789756774902, 5.151828289031982, 4.733787536621094]","[2.8256380558013916, 2.600581645965576, 2.5422093868255615, 2.5341334342956543]"
6304.0,2011-09-01T00:00:00.000000000,"[4.755789756774902, 5.151828289031982, 4.733787536621094, 5.305843353271484]","[3.067448616027832, 2.833575487136841, 2.7153167724609375, 2.7569987773895264]"
6304.0,2011-12-01T00:00:00.000000000,"[5.151828289031982, 4.733787536621094, 5.305843353271484, 5.965907573699951]","[4.271140098571777, 3.9777753353118896, 3.7926740646362305, 3.8684911727905273]"
6304.0,2012-03-01T00:00:00.000000000,"[4.733787536621094, 5.305843353271484, 5.965907573699951, 6.427952289581299]","[4.819695472717285, 4.629254341125488, 4.52018928527832, 4.522136211395264]"
6304.0,2012-06-01T00:00:00.000000000,"[5.305843353271484, 5.965907573699951, 6.427952289581299, 7.770082950592041]","[4.434975624084473, 4.134810447692871, 4.1914963722229, 4.14988374710083]"
6304.0,2012-09-01T00:00:00.000000000,"[5.965907573699951, 6.427952289581299, 7.770082950592041, 9.0462064743042]","[4.265613555908203, 4.017566680908203, 3.7651777267456055, 3.795834541320801]"
6304.0,2012-12-01T00:00:00.000000000,"[6.427952289581299, 7.770082950592041, 9.0462064743042, 9.508252143859863]","[4.885410308837891, 4.595654487609863, 4.3635149002075195, 4.397109031677246]"
6304.0,2013-03-01T00:00:00.000000000,"[7.770082950592041, 9.0462064743042, 9.508252143859863, 11.598455429077148]","[5.528443813323975, 5.154017448425293, 4.7885589599609375, 4.900393486022949]"
6565.0,2005-09-01T00:00:00.000000000,"[2.0495264530181885, 1.4114645719528198, 1.9175138473510742, 2.379558563232422]","[1.8281550407409668, 1.8375685214996338, 1.6377147436141968, 1.7585604190826416]"
6565.0,2005-12-01T00:00:00.000000000,"[1.4114645719528198, 1.9175138473510742, 2.379558563232422, 2.5995800495147705]","[1.875396490097046, 1.870132565498352, 1.675025463104248, 1.7841638326644897]"
6565.0,2006-03-01T00:00:00.000000000,"[1.9175138473510742, 2.379558563232422, 2.5995800495147705, 3.3036487102508545]","[1.3990771770477295, 1.3644810914993286, 1.24677574634552, 1.3358715772628784]"
6565.0,2006-06-01T00:00:00.000000000,"[2.379558563232422, 2.5995800495147705, 3.3036487102508545, 2.7535951137542725]","[1.7150859832763672, 1.626305103302002, 1.435784935951233, 1.5230686664581299]"
6565.0,2006-09-01T00:00:00.000000000,"[2.5995800495147705, 3.3036487102508545, 2.7535951137542725, 1.8955113887786865]","[2.088111639022827, 1.9989449977874756, 1.7659704685211182, 1.850531816482544]"
6565.0,2006-12-01T00:00:00.000000000,"[3.3036487102508545, 2.7535951137542725, 1.8955113887786865, 3.259644031524658]","[2.2085320949554443, 2.183408260345459, 1.953037142753601, 2.070047378540039]"
6565.0,2007-03-01T00:00:00.000000000,"[2.7535951137542725, 1.8955113887786865, 3.259644031524658, 3.281646251678467]","[2.6159465312957764, 2.520430088043213, 2.2197113037109375, 2.3181333541870117]"
6565.0,2007-06-01T00:00:00.000000000,"[1.8955113887786865, 3.259644031524658, 3.281646251678467, 4.227738380432129]","[2.396254062652588, 2.2634902000427246, 2.013378858566284, 2.082132339477539]"
6565.0,2008-06-01T00:00:00.000000000,"[3.259644031524658, 3.281646251678467, 4.227738380432129, 5.459857940673828]","[1.7546621561050415, 1.6421089172363281, 1.4860639572143555, 1.5761386156082153]"
6565.0,2008-09-01T00:00:00.000000000,"[3.281646251678467, 4.227738380432129, 5.459857940673828, 6.1419243812561035]","[2.8966259956359863, 2.607252359390259, 2.445034980773926, 2.5234856605529785]"
6565.0,2008-12-01T00:00:00.000000000,"[4.227738380432129, 5.459857940673828, 6.1419243812561035, 6.911999702453613]","[3.0705208778381348, 2.8579187393188477, 2.8670494556427, 2.8085126876831055]"
6565.0,2009-03-01T00:00:00.000000000,"[5.459857940673828, 6.1419243812561035, 6.911999702453613, 8.848188400268555]","[3.6534652709960938, 3.420494556427002, 3.4126482009887695, 3.4431591033935547]"
6565.0,2009-06-01T00:00:00.000000000,"[6.1419243812561035, 6.911999702453613, 8.848188400268555, 9.838284492492676]","[3.863827705383301, 3.5810952186584473, 3.301614284515381, 3.365485668182373]"
6565.0,2009-09-01T00:00:00.000000000,"[6.911999702453613, 8.848188400268555, 9.838284492492676, 10.98239517211914]","[4.332427501678467, 3.9407958984375, 3.658435821533203, 3.759725570678711]"
6565.0,2009-12-01T00:00:00.000000000,"[8.848188400268555, 9.838284492492676, 10.98239517211914, 6.6919779777526855]","[4.769192695617676, 4.252738952636719, 3.9900968074798584, 4.085023880004883]"
6565.0,2010-03-01T00:00:00.000000000,"[9.838284492492676, 10.98239517211914, 6.6919779777526855, 7.8140869140625]","[6.07759952545166, 5.524792671203613, 5.195165157318115, 5.346558094024658]"
6565.0,2010-06-01T00:00:00.000000000,"[10.98239517211914, 6.6919779777526855, 7.8140869140625, 7.440051078796387]","[6.139439105987549, 5.5186638832092285, 5.2108154296875, 5.290519714355469]"
6565.0,2010-09-01T00:00:00.000000000,"[6.6919779777526855, 7.8140869140625, 7.440051078796387, 7.264033317565918]","[7.0223283767700195, 6.2683563232421875, 6.22641658782959, 6.389796733856201]"
6565.0,2010-12-01T00:00:00.000000000,"[7.8140869140625, 7.440051078796387, 7.264033317565918, 6.295939922332764]","[5.130894660949707, 4.4564008712768555, 5.115972518920898, 4.711659908294678]"
6565.0,2011-03-01T00:00:00.000000000,"[7.440051078796387, 7.264033317565918, 6.295939922332764, 8.12211799621582]","[6.235218048095703, 5.438554763793945, 5.0452070236206055, 5.028233528137207]"
6565.0,2011-06-01T00:00:00.000000000,"[7.264033317565918, 6.295939922332764, 8.12211799621582, 8.056110382080078]","[6.788620948791504, 5.923748970031738, 5.9746270179748535, 6.023193359375]"
6565.0,2011-09-01T00:00:00.000000000,"[6.295939922332764, 8.12211799621582, 8.056110382080078, 9.816282272338867]","[6.574243545532227, 6.173944473266602, 5.689777374267578, 5.847790718078613]"
6565.0,2011-12-01T00:00:00.000000000,"[8.12211799621582, 8.056110382080078, 9.816282272338867, 11.7744722366333]","[6.20554256439209, 5.781501770019531, 5.515652179718018, 5.557348728179932]"
6565.0,2012-03-01T00:00:00.000000000,"[8.056110382080078, 9.816282272338867, 11.7744722366333, 12.566550254821777]","[7.994301795959473, 7.510577201843262, 7.011046409606934, 7.17091703414917]"
6565.0,2012-06-01T00:00:00.000000000,"[9.816282272338867, 11.7744722366333, 12.566550254821777, 15.778861045837402]","[7.411096572875977, 6.901090145111084, 6.7576446533203125, 6.800546646118164]"
6565.0,2012-09-01T00:00:00.000000000,"[11.7744722366333, 12.566550254821777, 15.778861045837402, 17.09899139404297]","[9.771011352539062, 9.042192459106445, 9.072712898254395, 9.136159896850586]"
6565.0,2012-12-01T00:00:00.000000000,"[12.566550254821777, 15.778861045837402, 17.09899139404297, 17.69304847717285]","[11.089353561401367, 10.115094184875488, 10.400641441345215, 10.254268646240234]"
6565.0,2013-03-01T00:00:00.000000000,"[15.778861045837402, 17.09899139404297, 17.69304847717285, 18.06708526611328]","[11.035989761352539, 10.3048734664917, 9.999585151672363, 10.187923431396484]"
7154.0,2006-06-01T00:00:00.000000000,"[2.379558563232422, 2.2915501594543457, 1.7855008840560913, 1.5214751958847046]","[2.2323949337005615, 2.1517257690429688, 2.064596652984619, 2.10159969329834]"
7154.0,2006-09-01T00:00:00.000000000,"[2.2915501594543457, 1.7855008840560913, 1.5214751958847046, 2.1375350952148438]","[2.3065872192382812, 2.186655044555664, 2.058675765991211, 2.063887357711792]"
7154.0,2006-12-01T00:00:00.000000000,"[1.7855008840560913, 1.5214751958847046, 2.1375350952148438, 2.379558563232422]","[2.333007574081421, 2.2825071811676025, 2.1932015419006348, 2.2227094173431396]"
7154.0,2007-03-01T00:00:00.000000000,"[1.5214751958847046, 2.1375350952148438, 2.379558563232422, 2.181539297103882]","[2.065335750579834, 2.087395191192627, 2.1956710815429688, 2.1163082122802734]"
7154.0,2007-06-01T00:00:00.000000000,"[2.1375350952148438, 2.379558563232422, 2.181539297103882, 2.0055222511291504]","[1.7949093580245972, 1.80327570438385, 1.7981945276260376, 1.87184739112854]"
7154.0,2007-09-01T00:00:00.000000000,"[2.379558563232422, 2.181539297103882, 2.0055222511291504, 2.4895694255828857]","[2.189086437225342, 2.1443772315979004, 2.0572752952575684, 2.1019704341888428]"
7154.0,2007-12-01T00:00:00.000000000,"[2.181539297103882, 2.0055222511291504, 2.4895694255828857, 2.8636057376861572]","[2.1788558959960938, 2.2528064250946045, 2.2340965270996094, 2.280050754547119]"
7154.0,2008-03-01T00:00:00.000000000,"[2.0055222511291504, 2.4895694255828857, 2.8636057376861572, 2.4455649852752686]","[2.236447811126709, 2.3050451278686523, 2.4429385662078857, 2.3691062927246094]"
7154.0,2008-06-01T00:00:00.000000000,"[2.4895694255828857, 2.8636057376861572, 2.4455649852752686, 2.533573627471924]","[2.2179527282714844, 2.200347423553467, 2.24442458152771, 2.2834584712982178]"
7154.0,2008-09-01T00:00:00.000000000,"[2.8636057376861572, 2.4455649852752686, 2.533573627471924, 3.1056292057037354]","[2.630445718765259, 2.501905918121338, 2.4919326305389404, 2.528528928756714]"
7154.0,2008-12-01T00:00:00.000000000,"[2.4455649852752686, 2.533573627471924, 3.1056292057037354, 3.171635627746582]","[2.699646472930908, 2.6503663063049316, 2.629357099533081, 2.679227590560913]"
7154.0,2009-03-01T00:00:00.000000000,"[2.533573627471924, 3.1056292057037354, 3.171635627746582, 3.0616250038146973]","[2.5499892234802246, 2.5593621730804443, 2.688364028930664, 2.5343985557556152]"
7154.0,2009-06-01T00:00:00.000000000,"[3.1056292057037354, 3.171635627746582, 3.0616250038146973, 3.2376420497894287]","[2.6882801055908203, 2.6104376316070557, 2.5678484439849854, 2.597684383392334]"
7154.0,2009-09-01T00:00:00.000000000,"[3.171635627746582, 3.0616250038146973, 3.2376420497894287, 3.677685022354126]","[2.9494845867156982, 2.8113625049591064, 2.728686809539795, 2.756574869155884]"
7154.0,2009-12-01T00:00:00.000000000,"[3.0616250038146973, 3.2376420497894287, 3.677685022354126, 3.919708251953125]","[2.947239398956299, 2.860779285430908, 2.925699234008789, 2.8805367946624756]"
7154.0,2010-03-01T00:00:00.000000000,"[3.2376420497894287, 3.677685022354126, 3.919708251953125, 3.633680582046509]","[2.90968918800354, 2.8131754398345947, 3.0337777137756348, 2.863584041595459]"
7154.0,2010-06-01T00:00:00.000000000,"[3.677685022354126, 3.919708251953125, 3.633680582046509, 3.21563982963562]","[3.121206283569336, 2.9469165802001953, 3.0467042922973633, 3.0122642517089844]"
7154.0,2010-09-01T00:00:00.000000000,"[3.919708251953125, 3.633680582046509, 3.21563982963562, 3.8096976280212402]","[3.2483489513397217, 3.103719472885132, 3.0012905597686768, 3.0201189517974854]"
7154.0,2010-12-01T00:00:00.000000000,"[3.633680582046509, 3.21563982963562, 3.8096976280212402, 3.9417104721069336]","[3.3413825035095215, 3.192126512527466, 3.184983730316162, 3.215545654296875]"
7154.0,2011-03-01T00:00:00.000000000,"[3.21563982963562, 3.8096976280212402, 3.9417104721069336, 3.633680582046509]","[3.4019765853881836, 3.3097410202026367, 3.424497604370117, 3.2471799850463867]"
7154.0,2011-06-01T00:00:00.000000000,"[3.8096976280212402, 3.9417104721069336, 3.633680582046509, 2.533573627471924]","[3.234217882156372, 3.0619289875030518, 3.1359965801239014, 3.090723752975464]"
7154.0,2011-09-01T00:00:00.000000000,"[3.9417104721069336, 3.633680582046509, 2.533573627471924, 0.7514004111289978]","[3.3799619674682617, 3.225680112838745, 3.11201810836792, 3.1264491081237793]"
7154.0,2011-12-01T00:00:00.000000000,"[3.633680582046509, 2.533573627471924, 0.7514004111289978, 4.18373441696167]","[3.6872177124023438, 3.5279300212860107, 3.443784236907959, 3.4838674068450928]"
7154.0,2012-03-01T00:00:00.000000000,"[2.533573627471924, 0.7514004111289978, 4.18373441696167, 3.0396230220794678]","[3.236311435699463, 3.196989059448242, 3.1612019538879395, 3.1305975914001465]"
7154.0,2012-06-01T00:00:00.000000000,"[0.7514004111289978, 4.18373441696167, 3.0396230220794678, 3.523669719696045]","[2.67265248298645, 2.7014856338500977, 2.752723455429077, 2.756073236465454]"
7154.0,2012-09-01T00:00:00.000000000,"[4.18373441696167, 3.0396230220794678, 3.523669719696045, 4.513765811920166]","[1.8760838508605957, 2.004054546356201, 2.2033851146698, 2.209115505218506]"
7154.0,2012-12-01T00:00:00.000000000,"[3.0396230220794678, 3.523669719696045, 4.513765811920166, 5.371849536895752]","[3.1557276248931885, 3.1236400604248047, 3.0100173950195312, 3.075438976287842]"
7154.0,2013-03-01T00:00:00.000000000,"[3.523669719696045, 4.513765811920166, 5.371849536895752, 4.20573616027832]","[2.9793453216552734, 3.040242910385132, 3.4823548793792725, 3.0807340145111084]"
7257.0,2006-06-01T00:00:00.000000000,"[1.1694409847259521, 1.279451608657837, 1.2134451866149902, 1.1694409847259521]","[1.2974392175674438, 1.2952481508255005, 1.2695990800857544, 1.2874600887298584]"
7257.0,2006-09-01T00:00:00.000000000,"[1.279451608657837, 1.2134451866149902, 1.1694409847259521, 1.1914430856704712]","[1.2422873973846436, 1.2181646823883057, 1.3065022230148315, 1.2749031782150269]"
7257.0,2006-12-01T00:00:00.000000000,"[1.2134451866149902, 1.1694409847259521, 1.1914430856704712, 1.4114645719528198]","[1.2877951860427856, 1.2894809246063232, 1.2704378366470337, 1.28815758228302]"
7257.0,2007-03-01T00:00:00.000000000,"[1.1694409847259521, 1.1914430856704712, 1.4114645719528198, 1.3454581499099731]","[1.3344600200653076, 1.3182405233383179, 1.3748319149017334, 1.3440314531326294]"
7257.0,2007-06-01T00:00:00.000000000,"[1.1914430856704712, 1.4114645719528198, 1.3454581499099731, 1.2574495077133179]","[1.2485880851745605, 1.2410041093826294, 1.2778047323226929, 1.274153470993042]"
7257.0,2007-09-01T00:00:00.000000000,"[1.4114645719528198, 1.3454581499099731, 1.2574495077133179, 1.3454581499099731]","[1.2114547491073608, 1.2282483577728271, 1.2252079248428345, 1.249018669128418]"
7257.0,2007-12-01T00:00:00.000000000,"[1.3454581499099731, 1.2574495077133179, 1.3454581499099731, 1.6534881591796875]","[1.3835175037384033, 1.3935587406158447, 1.3629746437072754, 1.385200023651123]"
7257.0,2008-03-01T00:00:00.000000000,"[1.2574495077133179, 1.3454581499099731, 1.6534881591796875, 1.2574495077133179]","[1.3289737701416016, 1.347745656967163, 1.3490841388702393, 1.3474493026733398]"
7257.0,2008-06-01T00:00:00.000000000,"[1.3454581499099731, 1.6534881591796875, 1.2574495077133179, 1.2354472875595093]","[1.2899101972579956, 1.2974201440811157, 1.2881319522857666, 1.3012135028839111]"
7257.0,2008-09-01T00:00:00.000000000,"[1.6534881591796875, 1.2574495077133179, 1.2354472875595093, 1.5214751958847046]","[1.3136564493179321, 1.301706314086914, 1.2952136993408203, 1.3029080629348755]"
7257.0,2008-12-01T00:00:00.000000000,"[1.2574495077133179, 1.2354472875595093, 1.5214751958847046, 1.7414965629577637]","[1.500559687614441, 1.496566891670227, 1.466322660446167, 1.4818296432495117]"
7257.0,2009-03-01T00:00:00.000000000,"[1.2354472875595093, 1.5214751958847046, 1.7414965629577637, 1.455468773841858]","[1.319604754447937, 1.3258347511291504, 1.4274406433105469, 1.3338549137115479]"
7257.0,2009-06-01T00:00:00.000000000,"[1.5214751958847046, 1.7414965629577637, 1.455468773841858, 1.6094835996627808]","[1.2941429615020752, 1.2830685377120972, 1.2908052206039429, 1.301771640777588]"
7257.0,2009-09-01T00:00:00.000000000,"[1.7414965629577637, 1.455468773841858, 1.6094835996627808, 1.6314857006072998]","[1.5084269046783447, 1.4584949016571045, 1.4642581939697266, 1.4784125089645386]"
7257.0,2009-12-01T00:00:00.000000000,"[1.455468773841858, 1.6094835996627808, 1.6314857006072998, 1.9175138473510742]","[1.5298510789871216, 1.5268561840057373, 1.5126206874847412, 1.5325876474380493]"
7257.0,2010-03-01T00:00:00.000000000,"[1.6094835996627808, 1.6314857006072998, 1.9175138473510742, 1.5874814987182617]","[1.44278085231781, 1.4479076862335205, 1.5324337482452393, 1.443660020828247]"
7257.0,2010-06-01T00:00:00.000000000,"[1.6314857006072998, 1.9175138473510742, 1.5874814987182617, 1.9835201501846313]","[1.5531373023986816, 1.5092878341674805, 1.4905364513397217, 1.4965325593948364]"
7257.0,2010-09-01T00:00:00.000000000,"[1.9175138473510742, 1.5874814987182617, 1.9835201501846313, 2.1595370769500732]","[1.5350432395935059, 1.494149923324585, 1.465004324913025, 1.4654884338378906]"
7257.0,2010-12-01T00:00:00.000000000,"[1.5874814987182617, 1.9835201501846313, 2.1595370769500732, 2.621582269668579]","[1.6490880250930786, 1.6256861686706543, 1.5980479717254639, 1.615802526473999]"
7257.0,2011-03-01T00:00:00.000000000,"[1.9835201501846313, 2.1595370769500732, 2.621582269668579, 1.8515071868896484]","[1.537564754486084, 1.5189555883407593, 1.553804874420166, 1.4914093017578125]"
7257.0,2011-06-01T00:00:00.000000000,"[2.1595370769500732, 2.621582269668579, 1.8515071868896484, 2.5995800495147705]","[1.7480908632278442, 1.7104355096817017, 1.640456199645996, 1.6466586589813232]"
7257.0,2011-09-01T00:00:00.000000000,"[2.621582269668579, 1.8515071868896484, 2.5995800495147705, 2.313552141189575]","[1.943745493888855, 1.8557010889053345, 1.8964414596557617, 1.8605610132217407]"
7257.0,2011-12-01T00:00:00.000000000,"[1.8515071868896484, 2.5995800495147705, 2.313552141189575, 3.127631425857544]","[2.161294460296631, 2.0941925048828125, 2.0844569206237793, 2.044602870941162]"
7257.0,2012-03-01T00:00:00.000000000,"[2.5995800495147705, 2.313552141189575, 3.127631425857544, 2.2035415172576904]","[1.7789896726608276, 1.702810525894165, 1.9084157943725586, 1.7307615280151367]"
7257.0,2012-06-01T00:00:00.000000000,"[2.313552141189575, 3.127631425857544, 2.2035415172576904, 2.379558563232422]","[2.1951608657836914, 2.05649733543396, 2.0344104766845703, 2.0559072494506836]"
7257.0,2012-09-01T00:00:00.000000000,"[3.127631425857544, 2.2035415172576904, 2.379558563232422, 2.181539297103882]","[2.1251397132873535, 1.984582543373108, 2.013707160949707, 1.995680809020996]"
7257.0,2012-12-01T00:00:00.000000000,"[2.2035415172576904, 2.379558563232422, 2.181539297103882, 3.1496336460113525]","[2.4824674129486084, 2.3683671951293945, 2.3234739303588867, 2.3699939250946045]"
7257.0,2013-03-01T00:00:00.000000000,"[2.379558563232422, 2.181539297103882, 3.1496336460113525, 3.259644031524658]","[2.067026376724243, 1.978108525276184, 2.2161998748779297, 1.9922173023223877]"
7343.0,2006-06-01T00:00:00.000000000,"[1.0374282598495483, 1.103434681892395, 1.4334666728973389, 1.0814324617385864]","[0.3867381811141968, 0.3667640686035156, 0.2062004804611206, 0.2253859043121338]"
7343.0,2006-09-01T00:00:00.000000000,"[1.103434681892395, 1.4334666728973389, 1.0814324617385864, 0.4873746931552887]","[0.503475546836853, 0.3559924364089966, 0.2748401165008545, 0.2686663866043091]"
7343.0,2006-12-01T00:00:00.000000000,"[1.4334666728973389, 1.0814324617385864, 0.4873746931552887, 0.11333828419446945]","[0.5183737874031067, 0.21298223733901978, 0.3321548104286194, 0.2181146740913391]"
7343.0,2007-03-01T00:00:00.000000000,"[1.0814324617385864, 0.4873746931552887, 0.11333828419446945, -0.1726895570755005]","[0.7673536539077759, 0.44555675983428955, 0.5428425073623657, 0.44731688499450684]"
7343.0,2007-06-01T00:00:00.000000000,"[0.4873746931552887, 0.11333828419446945, -0.1726895570755005, -0.8107516169548035]","[0.756306529045105, 0.4772021770477295, 0.51711106300354, 0.42343270778656006]"
7343.0,2007-09-01T00:00:00.000000000,"[0.11333828419446945, -0.1726895570755005, -0.8107516169548035, -0.8767580389976501]","[0.5550433397293091, 0.3216226100921631, 0.25268638134002686, 0.23713350296020508]"
7343.0,2007-12-01T00:00:00.000000000,"[-0.1726895570755005, -0.8107516169548035, -0.8767580389976501, -0.8107516169548035]","[0.16207605600357056, -0.04336848855018616, -0.03516608476638794, -0.014591634273529053]"
7343.0,2008-03-01T00:00:00.000000000,"[-0.8107516169548035, -0.8767580389976501, -0.8107516169548035, 0.003327556187286973]","[-0.01846104860305786, -0.14047664403915405, -0.11955496668815613, -0.09952247142791748]"
7343.0,2008-06-01T00:00:00.000000000,"[-0.8767580389976501, -0.8107516169548035, 0.003327556187286973, 1.279451608657837]","[-0.5679289102554321, -0.5438371300697327, -0.5288646221160889, -0.44869697093963623]"
7343.0,2008-09-01T00:00:00.000000000,"[-0.8107516169548035, 0.003327556187286973, 1.279451608657837, 2.8636057376861572]","[-0.7964481115341187, -0.7436079978942871, -0.6185274720191956, -0.5262150764465332]"
7343.0,2008-12-01T00:00:00.000000000,"[0.003327556187286973, 1.279451608657837, 2.8636057376861572, 3.7436912059783936]","[-0.7217206954956055, -0.6563947796821594, -0.6145786643028259, -0.5074852108955383]"
7343.0,2009-03-01T00:00:00.000000000,"[1.279451608657837, 2.8636057376861572, 3.7436912059783936, 4.689783573150635]","[-0.36006420850753784, -0.3161308169364929, -0.3190739154815674, -0.2374599725008011]"
7343.0,2009-06-01T00:00:00.000000000,"[2.8636057376861572, 3.7436912059783936, 4.689783573150635, 5.503862380981445]","[0.5835713744163513, 0.6609576344490051, 0.5136079788208008, 0.632925808429718]"
7343.0,2009-09-01T00:00:00.000000000,"[3.7436912059783936, 4.689783573150635, 5.503862380981445, 6.229933261871338]","[1.604075312614441, 1.638320803642273, 1.5390676259994507, 1.7020343542099]"
7343.0,2009-12-01T00:00:00.000000000,"[4.689783573150635, 5.503862380981445, 6.229933261871338, 7.066014289855957]","[2.7355809211730957, 2.5055010318756104, 2.645859479904175, 2.5018351078033447]"
7343.0,2010-03-01T00:00:00.000000000,"[5.503862380981445, 6.229933261871338, 7.066014289855957, 5.833894729614258]","[3.3653156757354736, 2.935059070587158, 3.0626449584960938, 2.9223287105560303]"
7343.0,2010-06-01T00:00:00.000000000,"[6.229933261871338, 7.066014289855957, 5.833894729614258, 3.0616250038146973]","[3.5505807399749756, 2.9063007831573486, 3.200835943222046, 3.076193332672119]"
7343.0,2010-09-01T00:00:00.000000000,"[7.066014289855957, 5.833894729614258, 3.0616250038146973, 1.6094835996627808]","[3.529635429382324, 3.1166114807128906, 2.8751063346862793, 2.948265552520752]"
7343.0,2010-12-01T00:00:00.000000000,"[5.833894729614258, 3.0616250038146973, 1.6094835996627808, 0.5313789248466492]","[4.1541972160339355, 3.6846237182617188, 3.16264009475708, 3.180126428604126]"
7343.0,2011-03-01T00:00:00.000000000,"[3.0616250038146973, 1.6094835996627808, 0.5313789248466492, 0.35536178946495056]","[3.7998881340026855, 3.2487573623657227, 2.8577635288238525, 2.8355820178985596]"
7343.0,2011-06-01T00:00:00.000000000,"[1.6094835996627808, 0.5313789248466492, 0.35536178946495056, 0.2893553674221039]","[2.408635139465332, 2.1469686031341553, 2.1850104331970215, 2.1944241523742676]"
7343.0,2011-09-01T00:00:00.000000000,"[0.5313789248466492, 0.35536178946495056, 0.2893553674221039, 1.103434681892395]","[1.8479535579681396, 1.4560282230377197, 1.4345792531967163, 1.4831922054290771]"
7343.0,2011-12-01T00:00:00.000000000,"[0.35536178946495056, 0.2893553674221039, 1.103434681892395, 1.6754902601242065]","[1.2379555702209473, 1.018161654472351, 1.3472111225128174, 1.4556514024734497]"
7343.0,2012-03-01T00:00:00.000000000,"[0.2893553674221039, 1.103434681892395, 1.6754902601242065, 1.0154259204864502]","[0.6357921361923218, 0.6730598211288452, 0.9380722045898438, 1.0748618841171265]"
7343.0,2012-06-01T00:00:00.000000000,"[1.103434681892395, 1.6754902601242065, 1.0154259204864502, 1.455468773841858]","[0.18683135509490967, 0.3988763689994812, 0.7842985987663269, 0.9470369815826416]"
7343.0,2012-09-01T00:00:00.000000000,"[1.6754902601242065, 1.0154259204864502, 1.455468773841858, 3.4356613159179688]","[0.980893075466156, 1.0938408374786377, 1.2174116373062134, 1.2727993726730347]"
7343.0,2012-12-01T00:00:00.000000000,"[1.0154259204864502, 1.455468773841858, 3.4356613159179688, 4.623776912689209]","[1.7267322540283203, 1.9728055000305176, 2.4214248657226562, 2.024432420730591]"
7343.0,2013-03-01T00:00:00.000000000,"[1.455468773841858, 3.4356613159179688, 4.623776912689209, 4.051721572875977]","[1.4085972309112549, 1.6603598594665527, 2.287932872772217, 1.7372688055038452]"
7435.0,2006-06-01T00:00:00.000000000,"[3.5016677379608154, 3.6556828022003174, 3.281646251678467, 3.5896763801574707]","[3.243549346923828, 3.0712337493896484, 3.0504939556121826, 3.08323335647583]"
7435.0,2006-09-01T00:00:00.000000000,"[3.6556828022003174, 3.281646251678467, 3.5896763801574707, 3.7436912059783936]","[3.46022629737854, 3.2671360969543457, 3.2837624549865723, 3.2994656562805176]"
7435.0,2006-12-01T00:00:00.000000000,"[3.281646251678467, 3.5896763801574707, 3.7436912059783936, 3.8096976280212402]","[3.4842071533203125, 3.3540215492248535, 3.3931725025177, 3.366672992706299]"
7435.0,2007-03-01T00:00:00.000000000,"[3.5896763801574707, 3.7436912059783936, 3.8096976280212402, 2.9516141414642334]","[3.358002185821533, 3.1997439861297607, 3.386172294616699, 3.253164768218994]"
7435.0,2007-06-01T00:00:00.000000000,"[3.7436912059783936, 3.8096976280212402, 2.9516141414642334, 3.8096976280212402]","[3.576941967010498, 3.3651843070983887, 3.351811408996582, 3.3868603706359863]"
7435.0,2007-09-01T00:00:00.000000000,"[3.8096976280212402, 2.9516141414642334, 3.8096976280212402, 3.875704050064087]","[3.7296910285949707, 3.502358913421631, 3.5250437259674072, 3.5388636589050293]"
7435.0,2007-12-01T00:00:00.000000000,"[2.9516141414642334, 3.8096976280212402, 3.875704050064087, 4.029719352722168]","[3.71744966506958, 3.5617992877960205, 3.629815101623535, 3.5797228813171387]"
7435.0,2008-03-01T00:00:00.000000000,"[3.8096976280212402, 3.875704050064087, 4.029719352722168, 3.4356613159179688]","[3.19808030128479, 3.077284812927246, 3.3639485836029053, 3.1744251251220703]"
7435.0,2008-06-01T00:00:00.000000000,"[3.875704050064087, 4.029719352722168, 3.4356613159179688, 4.051721572875977]","[3.8136324882507324, 3.6011810302734375, 3.567849636077881, 3.610417366027832]"
7435.0,2008-09-01T00:00:00.000000000,"[4.029719352722168, 3.4356613159179688, 4.051721572875977, 4.2497406005859375]","[3.956618309020996, 3.7442166805267334, 3.802624225616455, 3.7854161262512207]"
7435.0,2008-12-01T00:00:00.000000000,"[3.4356613159179688, 4.051721572875977, 4.2497406005859375, 4.42575740814209]","[3.9235997200012207, 3.8275938034057617, 3.8838067054748535, 3.840758800506592]"
7435.0,2009-03-01T00:00:00.000000000,"[4.051721572875977, 4.2497406005859375, 4.42575740814209, 3.919708251953125]","[3.671947956085205, 3.5216331481933594, 3.7832531929016113, 3.608706474304199]"
7435.0,2009-06-01T00:00:00.000000000,"[4.2497406005859375, 4.42575740814209, 3.919708251953125, 4.7997941970825195]","[4.16478157043457, 3.9383604526519775, 3.905928134918213, 3.951843738555908]"
7435.0,2009-09-01T00:00:00.000000000,"[4.42575740814209, 3.919708251953125, 4.7997941970825195, 4.9978132247924805]","[4.33553409576416, 4.093625068664551, 4.104794979095459, 4.137439250946045]"
7435.0,2009-12-01T00:00:00.000000000,"[3.919708251953125, 4.7997941970825195, 4.9978132247924805, 4.975811004638672]","[4.328449249267578, 4.186058044433594, 4.252769470214844, 4.208199977874756]"
7435.0,2010-03-01T00:00:00.000000000,"[4.7997941970825195, 4.9978132247924805, 4.975811004638672, 4.381753444671631]","[4.0991315841674805, 3.922513484954834, 4.16230583190918, 4.002137660980225]"
7435.0,2010-06-01T00:00:00.000000000,"[4.9978132247924805, 4.975811004638672, 4.381753444671631, 4.20573616027832]","[4.64857292175293, 4.388709545135498, 4.346991539001465, 4.387167930603027]"
7435.0,2010-09-01T00:00:00.000000000,"[4.975811004638672, 4.381753444671631, 4.20573616027832, 4.139729976654053]","[4.782341957092285, 4.519843101501465, 4.587825775146484, 4.566072463989258]"
7435.0,2010-12-01T00:00:00.000000000,"[4.381753444671631, 4.20573616027832, 4.139729976654053, 4.975811004638672]","[4.7215256690979, 4.540621757507324, 4.65167236328125, 4.565238952636719]"
7435.0,2011-03-01T00:00:00.000000000,"[4.20573616027832, 4.139729976654053, 4.975811004638672, 4.029719352722168]","[4.502812385559082, 4.268789768218994, 4.51461124420166, 4.363536834716797]"
7435.0,2011-06-01T00:00:00.000000000,"[4.139729976654053, 4.975811004638672, 4.029719352722168, 4.051721572875977]","[4.383069038391113, 4.140678882598877, 4.170384883880615, 4.219089984893799]"
7435.0,2011-09-01T00:00:00.000000000,"[4.975811004638672, 4.029719352722168, 4.051721572875977, 3.21563982963562]","[4.365879535675049, 4.148469924926758, 4.221405982971191, 4.252595901489258]"
7435.0,2011-12-01T00:00:00.000000000,"[4.029719352722168, 4.051721572875977, 3.21563982963562, 4.645779132843018]","[4.960776329040527, 4.790206432342529, 4.762049198150635, 4.8223371505737305]"
7435.0,2012-03-01T00:00:00.000000000,"[4.051721572875977, 3.21563982963562, 4.645779132843018, 4.535768508911133]","[4.430441856384277, 4.331771373748779, 4.684521675109863, 4.423457622528076]"
7435.0,2012-06-01T00:00:00.000000000,"[3.21563982963562, 4.645779132843018, 4.535768508911133, 5.3938517570495605]","[4.342356204986572, 4.2236833572387695, 4.2275071144104, 4.29368257522583]"
7435.0,2012-09-01T00:00:00.000000000,"[4.645779132843018, 4.535768508911133, 5.3938517570495605, 4.9978132247924805]","[3.677281141281128, 3.641439199447632, 3.8626315593719482, 3.8241958618164062]"
7435.0,2012-12-01T00:00:00.000000000,"[4.535768508911133, 5.3938517570495605, 4.9978132247924805, 4.689783573150635]","[4.496270179748535, 4.4502949714660645, 4.409826278686523, 4.482044219970703]"
7435.0,2013-03-01T00:00:00.000000000,"[5.3938517570495605, 4.9978132247924805, 4.689783573150635, 4.381753444671631]","[4.729674339294434, 4.687526702880859, 4.944021701812744, 4.755007266998291]"
7906.0,2006-06-01T00:00:00.000000000,"[0.15734252333641052, 0.4983757734298706, 0.11333828419446945, 0.27835431694984436]","[0.08485041558742523, 0.05265313386917114, 0.02242465317249298, 0.025797754526138306]"
7906.0,2006-09-01T00:00:00.000000000,"[0.4983757734298706, 0.11333828419446945, 0.27835431694984436, 0.37736397981643677]","[0.13590805232524872, 0.08521190285682678, 0.06775084137916565, 0.07224626839160919]"
7906.0,2006-12-01T00:00:00.000000000,"[0.11333828419446945, 0.27835431694984436, 0.37736397981643677, 0.7734025120735168]","[0.2630029320716858, 0.2600269317626953, 0.19992874562740326, 0.21022416651248932]"
7906.0,2007-03-01T00:00:00.000000000,"[0.27835431694984436, 0.37736397981643677, 0.7734025120735168, 0.2893553674221039]","[0.14441555738449097, 0.11215683817863464, 0.2043607085943222, 0.11491698026657104]"
7906.0,2007-06-01T00:00:00.000000000,"[0.37736397981643677, 0.7734025120735168, 0.2893553674221039, 0.5093768239021301]","[0.21024341881275177, 0.20450221002101898, 0.1506882905960083, 0.14387603104114532]"
7906.0,2007-09-01T00:00:00.000000000,"[0.7734025120735168, 0.2893553674221039, 0.5093768239021301, 0.37736397981643677]","[0.3193294107913971, 0.23741286993026733, 0.24038195610046387, 0.24910011887550354]"
7906.0,2007-12-01T00:00:00.000000000,"[0.2893553674221039, 0.5093768239021301, 0.37736397981643677, 0.9054153561592102]","[0.4651552140712738, 0.4249586760997772, 0.39523860812187195, 0.4179592728614807]"
7906.0,2008-03-01T00:00:00.000000000,"[0.5093768239021301, 0.37736397981643677, 0.9054153561592102, 0.3993660807609558]","[0.27154016494750977, 0.23167870938777924, 0.35367831587791443, 0.2406049370765686]"
7906.0,2008-06-01T00:00:00.000000000,"[0.37736397981643677, 0.9054153561592102, 0.3993660807609558, 0.7954046130180359]","[0.3454069197177887, 0.28375914692878723, 0.24538719654083252, 0.25292858481407166]"
7906.0,2008-09-01T00:00:00.000000000,"[0.9054153561592102, 0.3993660807609558, 0.7954046130180359, 0.6193875670433044]","[0.35361212491989136, 0.27393367886543274, 0.2537008225917816, 0.2589291036128998]"
7906.0,2008-12-01T00:00:00.000000000,"[0.3993660807609558, 0.7954046130180359, 0.6193875670433044, 0.553381085395813]","[0.6028013229370117, 0.5682693123817444, 0.48247313499450684, 0.4974645972251892]"
7906.0,2009-03-01T00:00:00.000000000,"[0.7954046130180359, 0.6193875670433044, 0.553381085395813, 0.3113575577735901]","[0.364949107170105, 0.3138507008552551, 0.4324062168598175, 0.32533925771713257]"
7906.0,2009-06-01T00:00:00.000000000,"[0.6193875670433044, 0.553381085395813, 0.3113575577735901, 0.7954046130180359]","[0.6018872857093811, 0.5354500412940979, 0.4941341280937195, 0.5112069249153137]"
7906.0,2009-09-01T00:00:00.000000000,"[0.553381085395813, 0.3113575577735901, 0.7954046130180359, 0.8174067735671997]","[0.618980348110199, 0.49127206206321716, 0.5779262185096741, 0.5327062606811523]"
7906.0,2009-12-01T00:00:00.000000000,"[0.3113575577735901, 0.7954046130180359, 0.8174067735671997, 0.7734025120735168]","[0.5495248436927795, 0.48160111904144287, 0.5159666538238525, 0.5037326812744141]"
7906.0,2010-03-01T00:00:00.000000000,"[0.7954046130180359, 0.8174067735671997, 0.7734025120735168, 0.44337034225463867]","[0.4012402296066284, 0.34639012813568115, 0.49683162569999695, 0.3988698124885559]"
7906.0,2010-06-01T00:00:00.000000000,"[0.8174067735671997, 0.7734025120735168, 0.44337034225463867, 0.7954046130180359]","[0.7577356100082397, 0.6904458999633789, 0.6217247247695923, 0.6437180638313293]"
7906.0,2010-09-01T00:00:00.000000000,"[0.7734025120735168, 0.44337034225463867, 0.7954046130180359, 0.6633917689323425]","[0.7545120716094971, 0.7130920886993408, 0.6466025114059448, 0.65545654296875]"
7906.0,2010-12-01T00:00:00.000000000,"[0.44337034225463867, 0.7954046130180359, 0.6633917689323425, 1.1914430856704712]","[0.7192500829696655, 0.7025467753410339, 0.6337888240814209, 0.6553612947463989]"
7906.0,2011-03-01T00:00:00.000000000,"[0.7954046130180359, 0.6633917689323425, 1.1914430856704712, 0.8394088745117188]","[0.5267523527145386, 0.48524630069732666, 0.5128777623176575, 0.4748751223087311]"
7906.0,2011-06-01T00:00:00.000000000,"[0.6633917689323425, 1.1914430856704712, 0.8394088745117188, 1.0154259204864502]","[0.7627214193344116, 0.7037718296051025, 0.656450629234314, 0.6717723608016968]"
7906.0,2011-09-01T00:00:00.000000000,"[1.1914430856704712, 0.8394088745117188, 1.0154259204864502, -1.8228501081466675]","[0.8269325494766235, 0.7622591257095337, 0.8198262453079224, 0.7764437198638916]"
7906.0,2011-12-01T00:00:00.000000000,"[0.8394088745117188, 1.0154259204864502, -1.8228501081466675, 1.3894624710083008]","[1.0386103391647339, 1.0116956233978271, 0.953168511390686, 0.9925110340118408]"
7906.0,2012-03-01T00:00:00.000000000,"[1.0154259204864502, -1.8228501081466675, 1.3894624710083008, 1.0154259204864502]","[0.7966921329498291, 0.7602815628051758, 0.8208134770393372, 0.7397827506065369]"
7906.0,2012-06-01T00:00:00.000000000,"[-1.8228501081466675, 1.3894624710083008, 1.0154259204864502, 1.279451608657837]","[0.9671558737754822, 0.8850347995758057, 0.8467897176742554, 0.8672152757644653]"
7906.0,2012-09-01T00:00:00.000000000,"[1.3894624710083008, 1.0154259204864502, 1.279451608657837, 1.3454581499099731]","[-0.28449684381484985, -0.17313134670257568, 0.15557514131069183, -0.04846763610839844]"
7906.0,2012-12-01T00:00:00.000000000,"[1.0154259204864502, 1.279451608657837, 1.3454581499099731, 1.8515071868896484]","[0.4834243059158325, 0.47368717193603516, 0.42575886845588684, 0.48476165533065796]"
7906.0,2013-03-01T00:00:00.000000000,"[1.279451608657837, 1.3454581499099731, 1.8515071868896484, 1.125436782836914]","[0.9340163469314575, 0.889600396156311, 1.234337568283081, 0.9728786945343018]"
7977.0,2006-03-01T00:00:00.000000000,"[0.15734252333641052, 0.9054153561592102, 0.15734252333641052, 0.3113575577735901]","[0.4029618203639984, 0.39334237575531006, 0.37589213252067566, 0.4063137471675873]"
7977.0,2006-06-01T00:00:00.000000000,"[0.9054153561592102, 0.15734252333641052, 0.3113575577735901, 0.15734252333641052]","[0.30586087703704834, 0.26102444529533386, 0.2629535496234894, 0.27518710494041443]"
7977.0,2006-09-01T00:00:00.000000000,"[0.15734252333641052, 0.3113575577735901, 0.15734252333641052, 1.147438883781433]","[0.5249443054199219, 0.5516617298126221, 0.4945295453071594, 0.5388263463973999]"
7977.0,2006-12-01T00:00:00.000000000,"[0.3113575577735901, 0.15734252333641052, 1.147438883781433, 0.20134682953357697]","[0.19553256034851074, 0.20937982201576233, 0.3758254945278168, 0.1963702291250229]"
7977.0,2007-03-01T00:00:00.000000000,"[0.15734252333641052, 1.147438883781433, 0.20134682953357697, 0.33335965871810913]","[0.29994580149650574, 0.31063833832740784, 0.29131877422332764, 0.32193127274513245]"
7977.0,2007-06-01T00:00:00.000000000,"[1.147438883781433, 0.20134682953357697, 0.33335965871810913, 0.15734252333641052]","[0.25572389364242554, 0.2462053894996643, 0.23407374322414398, 0.2580522298812866]"
7977.0,2007-09-01T00:00:00.000000000,"[0.20134682953357697, 0.33335965871810913, 0.15734252333641052, 1.279451608657837]","[0.5995339155197144, 0.6230672597885132, 0.5559387803077698, 0.6021313667297363]"
7977.0,2007-12-01T00:00:00.000000000,"[0.33335965871810913, 0.15734252333641052, 1.279451608657837, 0.2893553674221039]","[0.2912959158420563, 0.32202568650245667, 0.5552215576171875, 0.2839104235172272]"
7977.0,2008-03-01T00:00:00.000000000,"[0.15734252333641052, 1.279451608657837, 0.2893553674221039, 0.33335965871810913]","[0.34034356474876404, 0.3578316569328308, 0.3476111590862274, 0.3801172971725464]"
7977.0,2008-09-01T00:00:00.000000000,"[1.279451608657837, 0.2893553674221039, 0.33335965871810913, 0.2893553674221039]","[0.3249395191669464, 0.2947840988636017, 0.2940085530281067, 0.27774345874786377]"
7977.0,2008-12-01T00:00:00.000000000,"[0.2893553674221039, 0.33335965871810913, 0.2893553674221039, 1.4334666728973389]","[0.6569592952728271, 0.681045413017273, 0.6146644949913025, 0.6622234582901001]"
7977.0,2009-03-01T00:00:00.000000000,"[0.33335965871810913, 0.2893553674221039, 1.4334666728973389, 0.2233489453792572]","[0.48059359192848206, 0.500790536403656, 0.8926774263381958, 0.5312519073486328]"
7977.0,2009-06-01T00:00:00.000000000,"[0.2893553674221039, 1.4334666728973389, 0.2233489453792572, 0.553381085395813]","[0.4149872362613678, 0.4383488893508911, 0.43952998518943787, 0.4913288652896881]"
7977.0,2009-09-01T00:00:00.000000000,"[1.4334666728973389, 0.2233489453792572, 0.553381085395813, 0.44337034225463867]","[0.3915501534938812, 0.33741843700408936, 0.34909093379974365, 0.38533222675323486]"
7977.0,2009-12-01T00:00:00.000000000,"[0.2233489453792572, 0.553381085395813, 0.44337034225463867, 1.4114645719528198]","[0.7539182901382446, 0.7799609899520874, 0.6981699466705322, 0.7533661127090454]"
7977.0,2010-03-01T00:00:00.000000000,"[0.553381085395813, 0.44337034225463867, 1.4114645719528198, 0.2233489453792572]","[0.5262364149093628, 0.5338973999023438, 1.0063598155975342, 0.5781673192977905]"
7977.0,2010-06-01T00:00:00.000000000,"[0.44337034225463867, 1.4114645719528198, 0.2233489453792572, 0.6413896679878235]","[0.6183858513832092, 0.608961820602417, 0.6019253730773926, 0.6538737416267395]"
7977.0,2010-09-01T00:00:00.000000000,"[1.4114645719528198, 0.2233489453792572, 0.6413896679878235, 0.3113575577735901]","[0.6617273688316345, 0.5597342848777771, 0.5581273436546326, 0.5725350379943848]"
7977.0,2010-12-01T00:00:00.000000000,"[0.2233489453792572, 0.6413896679878235, 0.3113575577735901, 1.5214751958847046]","[0.8240786790847778, 0.8447051048278809, 0.771289050579071, 0.8206989765167236]"
7977.0,2011-03-01T00:00:00.000000000,"[0.6413896679878235, 0.3113575577735901, 1.5214751958847046, 0.5313789248466492]","[0.4920516610145569, 0.5017226338386536, 0.9105938076972961, 0.5055322647094727]"
7977.0,2011-06-01T00:00:00.000000000,"[0.3113575577735901, 1.5214751958847046, 0.5313789248466492, 0.5313789248466492]","[0.6215601563453674, 0.6241334676742554, 0.5772233009338379, 0.6172105669975281]"
7977.0,2011-09-01T00:00:00.000000000,"[1.5214751958847046, 0.5313789248466492, 0.5313789248466492, 0.4873746931552887]","[0.5202926397323608, 0.46745359897613525, 0.4740552306175232, 0.509488582611084]"
7977.0,2011-12-01T00:00:00.000000000,"[0.5313789248466492, 0.5313789248466492, 0.4873746931552887, 1.8075029850006104]","[0.8568078279495239, 0.9072538614273071, 0.8515485525131226, 0.9082516431808472]"
7977.0,2012-03-01T00:00:00.000000000,"[0.5313789248466492, 0.4873746931552887, 1.8075029850006104, 0.4873746931552887]","[0.680646538734436, 0.7202185392379761, 1.1078921556472778, 0.7282147407531738]"
7977.0,2012-06-01T00:00:00.000000000,"[0.4873746931552887, 1.8075029850006104, 0.4873746931552887, 0.7734025120735168]","[0.6711585521697998, 0.687082052230835, 0.6580756902694702, 0.7000491619110107]"
7977.0,2012-09-01T00:00:00.000000000,"[1.8075029850006104, 0.4873746931552887, 0.7734025120735168, 0.575383186340332]","[0.6792142987251282, 0.5968790650367737, 0.5834317207336426, 0.6054875254631042]"
7977.0,2012-12-01T00:00:00.000000000,"[0.4873746931552887, 0.7734025120735168, 0.575383186340332, 1.7855008840560913]","[1.0253907442092896, 1.0524060726165771, 0.9640562534332275, 1.0219792127609253]"
7977.0,2013-03-01T00:00:00.000000000,"[0.7734025120735168, 0.575383186340332, 1.7855008840560913, 0.575383186340332]","[0.6229648590087891, 0.6491991877555847, 1.0981838703155518, 0.6160860657691956]"
8402.0,2006-06-01T00:00:00.000000000,"[0.17934469878673553, 0.33335965871810913, 0.33335965871810913, 0.3113575577735901]","[0.23046201467514038, 0.22516193985939026, 0.21541142463684082, 0.21347276866436005]"
8402.0,2006-09-01T00:00:00.000000000,"[0.33335965871810913, 0.33335965871810913, 0.3113575577735901, 0.26735323667526245]","[0.21974749863147736, 0.19396303594112396, 0.22928869724273682, 0.21013373136520386]"
8402.0,2006-12-01T00:00:00.000000000,"[0.33335965871810913, 0.3113575577735901, 0.26735323667526245, 0.44337034225463867]","[0.30773088335990906, 0.27396589517593384, 0.2693583071231842, 0.27533847093582153]"
8402.0,2007-03-01T00:00:00.000000000,"[0.3113575577735901, 0.26735323667526245, 0.44337034225463867, 0.44337034225463867]","[0.26892104744911194, 0.24969175457954407, 0.2657146453857422, 0.2454105019569397]"
8402.0,2007-06-01T00:00:00.000000000,"[0.26735323667526245, 0.44337034225463867, 0.44337034225463867, 0.2233489453792572]","[0.2706017792224884, 0.2594848573207855, 0.2743337154388428, 0.25966155529022217]"
8402.0,2007-09-01T00:00:00.000000000,"[0.44337034225463867, 0.44337034225463867, 0.2233489453792572, 0.37736397981643677]","[0.25729984045028687, 0.23030762374401093, 0.22262795269489288, 0.22552475333213806]"
8402.0,2007-12-01T00:00:00.000000000,"[0.44337034225463867, 0.2233489453792572, 0.37736397981643677, 0.6193875670433044]","[0.3381849229335785, 0.3052023649215698, 0.28185954689979553, 0.2857130169868469]"
8402.0,2008-03-01T00:00:00.000000000,"[0.2233489453792572, 0.37736397981643677, 0.6193875670433044, 0.5313789248466492]","[0.3479773700237274, 0.3241402208805084, 0.3385423421859741, 0.31904664635658264]"
8402.0,2008-06-01T00:00:00.000000000,"[0.37736397981643677, 0.6193875670433044, 0.5313789248466492, 0.5093768239021301]","[0.21093639731407166, 0.2044411450624466, 0.23545221984386444, 0.19691933691501617]"
8402.0,2008-09-01T00:00:00.000000000,"[0.6193875670433044, 0.5313789248466492, 0.5093768239021301, 0.4873746931552887]","[0.3287239074707031, 0.29052266478538513, 0.2838832139968872, 0.28709009289741516]"
8402.0,2008-12-01T00:00:00.000000000,"[0.5313789248466492, 0.5093768239021301, 0.4873746931552887, 0.6633917689323425]","[0.4462205767631531, 0.4028216600418091, 0.38663071393966675, 0.39394205808639526]"
8402.0,2009-03-01T00:00:00.000000000,"[0.5093768239021301, 0.4873746931552887, 0.6633917689323425, 0.5973852872848511]","[0.4178236424922943, 0.4048877954483032, 0.40921854972839355, 0.3936331272125244]"
8402.0,2009-06-01T00:00:00.000000000,"[0.4873746931552887, 0.6633917689323425, 0.5973852872848511, 0.6853939294815063]","[0.4647286534309387, 0.42583200335502625, 0.4748491048812866, 0.4443255066871643]"
8402.0,2009-09-01T00:00:00.000000000,"[0.6633917689323425, 0.5973852872848511, 0.6853939294815063, 0.6413896679878235]","[0.40697503089904785, 0.36951586604118347, 0.35928210616111755, 0.36243557929992676]"
8402.0,2009-12-01T00:00:00.000000000,"[0.5973852872848511, 0.6853939294815063, 0.6413896679878235, 0.7734025120735168]","[0.49276119470596313, 0.45717179775238037, 0.42615845799446106, 0.43164122104644775]"
8402.0,2010-03-01T00:00:00.000000000,"[0.6853939294815063, 0.6413896679878235, 0.7734025120735168, 0.7293981313705444]","[0.511831521987915, 0.48365455865859985, 0.47600311040878296, 0.462537556886673]"
8402.0,2010-06-01T00:00:00.000000000,"[0.6413896679878235, 0.7734025120735168, 0.7293981313705444, 1.2574495077133179]","[0.6654859185218811, 0.6149588227272034, 0.6371835470199585, 0.6182758808135986]"
8402.0,2010-09-01T00:00:00.000000000,"[0.7734025120735168, 0.7293981313705444, 1.2574495077133179, 0.6853939294815063]","[0.5885075926780701, 0.5352280735969543, 0.5202360153198242, 0.524177610874176]"
8402.0,2010-12-01T00:00:00.000000000,"[0.7293981313705444, 1.2574495077133179, 0.6853939294815063, 0.8614109754562378]","[0.6454466581344604, 0.594734787940979, 0.55897057056427, 0.5650438666343689]"
8402.0,2011-03-01T00:00:00.000000000,"[1.2574495077133179, 0.6853939294815063, 0.8614109754562378, 0.8394088745117188]","[0.5873352289199829, 0.5368697047233582, 0.5585002303123474, 0.5319108963012695]"
8402.0,2011-06-01T00:00:00.000000000,"[0.6853939294815063, 0.8614109754562378, 0.8394088745117188, 1.4334666728973389]","[0.9138486385345459, 0.8511712551116943, 0.8118736147880554, 0.8362690210342407]"
8402.0,2011-09-01T00:00:00.000000000,"[0.8614109754562378, 0.8394088745117188, 1.4334666728973389, 0.6413896679878235]","[0.6269338726997375, 0.5961470007896423, 0.6880653500556946, 0.5882487893104553]"
8402.0,2011-12-01T00:00:00.000000000,"[0.8394088745117188, 1.4334666728973389, 0.6413896679878235, 0.6853939294815063]","[0.680435299873352, 0.6424605846405029, 0.6087251305580139, 0.6129555702209473]"
8402.0,2012-03-01T00:00:00.000000000,"[1.4334666728973389, 0.6413896679878235, 0.6853939294815063, 0.9054153561592102]","[0.8326094150543213, 0.7307422161102295, 0.7535547614097595, 0.7487323880195618]"
8402.0,2012-06-01T00:00:00.000000000,"[0.6413896679878235, 0.6853939294815063, 0.9054153561592102, 1.4114645719528198]","[1.1897332668304443, 1.17629873752594, 1.0809271335601807, 1.0889763832092285]"
8402.0,2012-09-01T00:00:00.000000000,"[0.6853939294815063, 0.9054153561592102, 1.4114645719528198, 0.8834132552146912]","[0.7343066930770874, 0.6921681761741638, 0.8691344261169434, 0.6967252492904663]"
8402.0,2012-12-01T00:00:00.000000000,"[0.9054153561592102, 1.4114645719528198, 0.8834132552146912, 1.2574495077133179]","[0.7052583694458008, 0.6583936810493469, 0.639277458190918, 0.6610400676727295]"
8402.0,2013-03-01T00:00:00.000000000,"[1.4114645719528198, 0.8834132552146912, 1.2574495077133179, 1.301453948020935]","[0.8549427390098572, 0.770234227180481, 0.7557528018951416, 0.7616057395935059]"
8479.0,2006-06-01T00:00:00.000000000,"[2.2035415172576904, 2.2915501594543457, 1.7634987831115723, 1.125436782836914]","[1.342777967453003, 1.341208577156067, 1.3485288619995117, 1.3644800186157227]"
8479.0,2006-09-01T00:00:00.000000000,"[2.2915501594543457, 1.7634987831115723, 1.125436782836914, 2.2035415172576904]","[2.031156539916992, 1.9263380765914917, 1.8517652750015259, 1.8814626932144165]"
8479.0,2006-12-01T00:00:00.000000000,"[1.7634987831115723, 1.125436782836914, 2.2035415172576904, 2.269547939300537]","[2.008363962173462, 1.9999260902404785, 2.030038595199585, 1.952083706855774]"
8479.0,2007-03-01T00:00:00.000000000,"[1.125436782836914, 2.2035415172576904, 2.269547939300537, 1.6314857006072998]","[1.7368054389953613, 1.8054826259613037, 1.9478850364685059, 1.7824220657348633]"
8479.0,2007-06-01T00:00:00.000000000,"[2.2035415172576904, 2.269547939300537, 1.6314857006072998, 1.2574495077133179]","[1.361478567123413, 1.3826855421066284, 1.4539475440979004, 1.453419804573059]"
8479.0,2007-09-01T00:00:00.000000000,"[2.269547939300537, 1.6314857006072998, 1.2574495077133179, 2.269547939300537]","[1.957535982131958, 1.8247425556182861, 1.7771148681640625, 1.7946643829345703]"
8479.0,2007-12-01T00:00:00.000000000,"[1.6314857006072998, 1.2574495077133179, 2.269547939300537, 2.379558563232422]","[2.029057264328003, 2.012005567550659, 2.191293478012085, 2.057271957397461]"
8479.0,2008-03-01T00:00:00.000000000,"[1.2574495077133179, 2.269547939300537, 2.379558563232422, 1.9395159482955933]","[1.8016078472137451, 1.9268814325332642, 2.0647759437561035, 1.9014134407043457]"
8479.0,2008-06-01T00:00:00.000000000,"[2.269547939300537, 2.379558563232422, 1.9395159482955933, 1.3674603700637817]","[1.4566160440444946, 1.4716930389404297, 1.5511040687561035, 1.6190049648284912]"
8479.0,2008-09-01T00:00:00.000000000,"[2.379558563232422, 1.9395159482955933, 1.3674603700637817, 2.4675674438476562]","[2.1022050380706787, 1.966498613357544, 1.9260269403457642, 1.9545327425003052]"
8479.0,2008-12-01T00:00:00.000000000,"[1.9395159482955933, 1.3674603700637817, 2.4675674438476562, 2.5555758476257324]","[2.0326075553894043, 2.064333200454712, 2.0718181133270264, 2.0359508991241455]"
8479.0,2009-03-01T00:00:00.000000000,"[1.3674603700637817, 2.4675674438476562, 2.5555758476257324, 2.181539297103882]","[1.9203803539276123, 2.0107452869415283, 2.171337842941284, 2.002366781234741]"
8479.0,2009-06-01T00:00:00.000000000,"[2.4675674438476562, 2.5555758476257324, 2.181539297103882, 1.4114645719528198]","[1.5716838836669922, 1.5933635234832764, 1.6802301406860352, 1.6714051961898804]"
8479.0,2009-09-01T00:00:00.000000000,"[2.5555758476257324, 2.181539297103882, 1.4114645719528198, 2.8416035175323486]","[2.298213481903076, 2.1793274879455566, 2.094784736633301, 2.117499828338623]"
8479.0,2009-12-01T00:00:00.000000000,"[2.181539297103882, 1.4114645719528198, 2.8416035175323486, 2.7975993156433105]","[2.213435649871826, 2.2220537662506104, 2.2012171745300293, 2.168992042541504]"
8479.0,2010-03-01T00:00:00.000000000,"[1.4114645719528198, 2.8416035175323486, 2.7975993156433105, 2.577577829360962]","[2.173872470855713, 2.2227087020874023, 2.448265790939331, 2.23063063621521]"
8479.0,2010-06-01T00:00:00.000000000,"[2.8416035175323486, 2.7975993156433105, 2.577577829360962, 1.4334666728973389]","[1.6728942394256592, 1.659524917602539, 1.9188382625579834, 1.809198021888733]"
8479.0,2010-09-01T00:00:00.000000000,"[2.7975993156433105, 2.577577829360962, 1.4334666728973389, 2.6875884532928467]","[2.4742636680603027, 2.343065023422241, 2.228672981262207, 2.2483835220336914]"
8479.0,2010-12-01T00:00:00.000000000,"[2.577577829360962, 1.4334666728973389, 2.6875884532928467, 2.7315926551818848]","[2.5494627952575684, 2.475759506225586, 2.717867612838745, 2.5007636547088623]"
8479.0,2011-03-01T00:00:00.000000000,"[1.4334666728973389, 2.6875884532928467, 2.7315926551818848, 2.4895694255828857]","[2.2572360038757324, 2.329343557357788, 2.3988959789276123, 2.3266639709472656]"
8479.0,2011-06-01T00:00:00.000000000,"[2.6875884532928467, 2.7315926551818848, 2.4895694255828857, 1.6534881591796875]","[1.7951836585998535, 1.8283865451812744, 1.9242757558822632, 1.868059754371643]"
8479.0,2011-09-01T00:00:00.000000000,"[2.7315926551818848, 2.4895694255828857, 1.6534881591796875, 2.2035415172576904]","[2.5091331005096436, 2.36594820022583, 2.2779126167297363, 2.300360679626465]"
8479.0,2011-12-01T00:00:00.000000000,"[2.4895694255828857, 1.6534881591796875, 2.2035415172576904, 2.9516141414642334]","[2.493405342102051, 2.435072422027588, 2.4555869102478027, 2.381721258163452]"
8479.0,2012-03-01T00:00:00.000000000,"[1.6534881591796875, 2.2035415172576904, 2.9516141414642334, 2.533573627471924]","[2.2844057083129883, 2.3729965686798096, 2.44040846824646, 2.381800889968872]"
8479.0,2012-06-01T00:00:00.000000000,"[2.2035415172576904, 2.9516141414642334, 2.533573627471924, 1.9615180492401123]","[1.9254064559936523, 1.946803331375122, 1.9934905767440796, 1.9796024560928345]"
8479.0,2012-09-01T00:00:00.000000000,"[2.9516141414642334, 2.533573627471924, 1.9615180492401123, 3.083627223968506]","[2.1071557998657227, 2.035383701324463, 1.9678367376327515, 2.0011141300201416]"
8479.0,2012-12-01T00:00:00.000000000,"[2.533573627471924, 1.9615180492401123, 3.083627223968506, 3.2376420497894287]","[2.535828113555908, 2.4926185607910156, 2.3936753273010254, 2.436380624771118]"
8479.0,2013-03-01T00:00:00.000000000,"[1.9615180492401123, 3.083627223968506, 3.2376420497894287, 2.665586471557617]","[2.438131093978882, 2.554304361343384, 2.7604780197143555, 2.536177158355713]"
8539.0,2006-06-01T00:00:00.000000000,"[0.42136821150779724, 1.0154259204864502, 0.35536178946495056, 0.8614109754562378]","[0.9721819162368774, 1.0809413194656372, 1.1071784496307373, 1.2053087949752808]"
8539.0,2006-09-01T00:00:00.000000000,"[1.0154259204864502, 0.35536178946495056, 0.8614109754562378, 0.5973852872848511]","[0.9501606225967407, 1.0411677360534668, 1.1042784452438354, 1.1313554048538208]"
8539.0,2006-12-01T00:00:00.000000000,"[0.35536178946495056, 0.8614109754562378, 0.5973852872848511, 1.125436782836914]","[1.0001119375228882, 1.1166774034500122, 1.1089519262313843, 1.2564014196395874]"
8539.0,2007-03-01T00:00:00.000000000,"[0.8614109754562378, 0.5973852872848511, 1.125436782836914, 0.13534040749073029]","[0.7266761660575867, 0.8650413155555725, 1.0399796962738037, 0.9779694080352783]"
8539.0,2007-06-01T00:00:00.000000000,"[0.5973852872848511, 1.125436782836914, 0.13534040749073029, 0.7954046130180359]","[0.9395438432693481, 1.0643119812011719, 1.0691521167755127, 1.2068876028060913]"
8539.0,2007-09-01T00:00:00.000000000,"[1.125436782836914, 0.13534040749073029, 0.7954046130180359, 0.7293981313705444]","[0.8882042169570923, 0.9829375147819519, 1.0560352802276611, 1.0768135786056519]"
8539.0,2007-12-01T00:00:00.000000000,"[0.13534040749073029, 0.7954046130180359, 0.7293981313705444, 1.301453948020935]","[1.0679947137832642, 1.1321536302566528, 1.116253137588501, 1.1974586248397827]"
8539.0,2008-03-01T00:00:00.000000000,"[0.7954046130180359, 0.7293981313705444, 1.301453948020935, 0.26735323667526245]","[0.4594150185585022, 0.6403478384017944, 0.8550108671188354, 0.8137123584747314]"
8539.0,2008-06-01T00:00:00.000000000,"[0.7293981313705444, 1.301453948020935, 0.26735323667526245, 0.7293981313705444]","[0.7919759154319763, 0.9385861158370972, 0.9505776166915894, 1.114396572113037]"
8539.0,2008-09-01T00:00:00.000000000,"[1.301453948020935, 0.26735323667526245, 0.7293981313705444, 0.4873746931552887]","[0.9604767560958862, 0.9457240104675293, 1.000938892364502, 1.0342437028884888]"
8539.0,2008-12-01T00:00:00.000000000,"[0.26735323667526245, 0.7293981313705444, 0.4873746931552887, 1.1694409847259521]","[1.214938759803772, 1.1777392625808716, 1.1270349025726318, 1.1216737031936646]"
8539.0,2009-03-01T00:00:00.000000000,"[0.7293981313705444, 0.4873746931552887, 1.1694409847259521, 0.5093768239021301]","[0.4831334352493286, 0.641838550567627, 0.9125111103057861, 0.7554710507392883]"
8539.0,2009-06-01T00:00:00.000000000,"[0.4873746931552887, 1.1694409847259521, 0.5093768239021301, 1.4114645719528198]","[0.6337534189224243, 0.8248613476753235, 0.7869564294815063, 0.9914565086364746]"
8539.0,2009-09-01T00:00:00.000000000,"[1.1694409847259521, 0.5093768239021301, 1.4114645719528198, 0.8614109754562378]","[0.8596405982971191, 0.7509532570838928, 0.8150711059570312, 0.8720382452011108]"
8539.0,2009-12-01T00:00:00.000000000,"[0.5093768239021301, 1.4114645719528198, 0.8614109754562378, 1.2354472875595093]","[0.9161354303359985, 0.9908771514892578, 0.9198371171951294, 1.0945802927017212]"
8539.0,2010-03-01T00:00:00.000000000,"[1.4114645719528198, 0.8614109754562378, 1.2354472875595093, 0.575383186340332]","[0.6940969228744507, 0.7316969037055969, 1.0186638832092285, 0.7604641318321228]"
8539.0,2010-06-01T00:00:00.000000000,"[0.8614109754562378, 1.2354472875595093, 0.575383186340332, 1.2134451866149902]","[0.9943472146987915, 1.0639452934265137, 0.8770926594734192, 1.1061961650848389]"
8539.0,2010-09-01T00:00:00.000000000,"[1.2354472875595093, 0.575383186340332, 1.2134451866149902, 0.6193875670433044]","[1.0651328563690186, 0.8366708755493164, 1.0753647089004517, 0.825339138507843]"
8539.0,2010-12-01T00:00:00.000000000,"[0.575383186340332, 1.2134451866149902, 0.6193875670433044, 1.323456048965454]","[0.9681968092918396, 0.9938324689865112, 0.9012041091918945, 1.0413504838943481]"
8539.0,2011-03-01T00:00:00.000000000,"[1.2134451866149902, 0.6193875670433044, 1.323456048965454, 1.125436782836914]","[0.8418325185775757, 0.69167160987854, 1.0453966856002808, 0.6877282857894897]"
8539.0,2011-06-01T00:00:00.000000000,"[0.6193875670433044, 1.323456048965454, 1.125436782836914, 1.2134451866149902]","[0.8074860572814941, 1.051651120185852, 0.6685922145843506, 1.1158819198608398]"
8539.0,2011-09-01T00:00:00.000000000,"[1.323456048965454, 1.125436782836914, 1.2134451866149902, 0.5093768239021301]","[1.0592314004898071, 0.6933929920196533, 0.9880191087722778, 0.7239124774932861]"
8539.0,2011-12-01T00:00:00.000000000,"[1.125436782836914, 1.2134451866149902, 0.5093768239021301, 1.5874814987182617]","[0.7968665361404419, 0.9031720757484436, 0.7153844833374023, 1.1306796073913574]"
8539.0,2012-03-01T00:00:00.000000000,"[1.2134451866149902, 0.5093768239021301, 1.5874814987182617, 0.9714217185974121]","[1.0511239767074585, 1.0419292449951172, 1.2000935077667236, 1.056983470916748]"
8539.0,2012-06-01T00:00:00.000000000,"[0.5093768239021301, 1.5874814987182617, 0.9714217185974121, -0.8327537775039673]","[1.081950068473816, 1.0973265171051025, 1.0583555698394775, 1.0969594717025757]"
8539.0,2012-09-01T00:00:00.000000000,"[1.5874814987182617, 0.9714217185974121, -0.8327537775039673, 1.2574495077133179]","[0.7106391191482544, 0.7305279970169067, 0.9471566081047058, 0.7948474884033203]"
8539.0,2012-12-01T00:00:00.000000000,"[0.9714217185974121, -0.8327537775039673, 1.2574495077133179, 1.6974923610687256]","[1.2538127899169922, 1.1947753429412842, 1.1605236530303955, 1.1904819011688232]"
8539.0,2013-03-01T00:00:00.000000000,"[-0.8327537775039673, 1.2574495077133179, 1.6974923610687256, 1.279451608657837]","[1.0469396114349365, 1.0499407052993774, 1.363649606704712, 1.0992258787155151]"
8762.0,2006-06-01T00:00:00.000000000,"[1.3894624710083008, 1.6534881591796875, 1.6314857006072998, 1.323456048965454]","[1.6492528915405273, 1.7516740560531616, 1.9636402130126953, 1.7341514825820923]"
8762.0,2006-09-01T00:00:00.000000000,"[1.6534881591796875, 1.6314857006072998, 1.323456048965454, 1.499472975730896]","[1.6193194389343262, 1.5835760831832886, 1.6887400150299072, 1.7050738334655762]"
8762.0,2006-12-01T00:00:00.000000000,"[1.6314857006072998, 1.323456048965454, 1.499472975730896, 1.455468773841858]","[1.7893223762512207, 1.6764609813690186, 1.70558762550354, 1.7559332847595215]"
8762.0,2007-03-01T00:00:00.000000000,"[1.323456048965454, 1.499472975730896, 1.455468773841858, 1.5874814987182617]","[1.6163651943206787, 1.6218478679656982, 1.7118476629257202, 1.6492513418197632]"
8762.0,2007-06-01T00:00:00.000000000,"[1.499472975730896, 1.455468773841858, 1.5874814987182617, 1.1914430856704712]","[1.5068700313568115, 1.5636934041976929, 1.790811538696289, 1.605761170387268]"
8762.0,2007-09-01T00:00:00.000000000,"[1.455468773841858, 1.5874814987182617, 1.1914430856704712, 1.0374282598495483]","[1.469260573387146, 1.4897329807281494, 1.4790854454040527, 1.5300215482711792]"
8762.0,2007-12-01T00:00:00.000000000,"[1.5874814987182617, 1.1914430856704712, 1.0374282598495483, 1.5654793977737427]","[1.481163501739502, 1.4677808284759521, 1.44840669631958, 1.4839138984680176]"
8762.0,2008-03-01T00:00:00.000000000,"[1.1914430856704712, 1.0374282598495483, 1.5654793977737427, 1.6754902601242065]","[1.5015430450439453, 1.521289587020874, 1.5337620973587036, 1.550451636314392]"
8762.0,2008-06-01T00:00:00.000000000,"[1.0374282598495483, 1.5654793977737427, 1.6754902601242065, 1.4114645719528198]","[1.31758713722229, 1.3560969829559326, 1.577790379524231, 1.3755271434783936]"
8762.0,2008-09-01T00:00:00.000000000,"[1.5654793977737427, 1.6754902601242065, 1.4114645719528198, 1.1694409847259521]","[1.1553033590316772, 1.2120938301086426, 1.2764241695404053, 1.3214322328567505]"
8762.0,2008-12-01T00:00:00.000000000,"[1.6754902601242065, 1.4114645719528198, 1.1694409847259521, 1.6974923610687256]","[1.4913479089736938, 1.4764870405197144, 1.4551807641983032, 1.4856806993484497]"
8762.0,2009-03-01T00:00:00.000000000,"[1.4114645719528198, 1.1694409847259521, 1.6974923610687256, 1.9175138473510742]","[1.4960607290267944, 1.5059813261032104, 1.505588173866272, 1.5349676609039307]"
8762.0,2009-06-01T00:00:00.000000000,"[1.1694409847259521, 1.6974923610687256, 1.9175138473510742, 1.499472975730896]","[1.4835052490234375, 1.5273597240447998, 1.68546462059021, 1.5180877447128296]"
8762.0,2009-09-01T00:00:00.000000000,"[1.6974923610687256, 1.9175138473510742, 1.499472975730896, 1.3674603700637817]","[1.1941633224487305, 1.248042106628418, 1.3371753692626953, 1.3388919830322266]"
8762.0,2009-12-01T00:00:00.000000000,"[1.9175138473510742, 1.499472975730896, 1.3674603700637817, 1.7634987831115723]","[1.572462558746338, 1.5328818559646606, 1.5100442171096802, 1.5360878705978394]"
8762.0,2010-03-01T00:00:00.000000000,"[1.499472975730896, 1.3674603700637817, 1.7634987831115723, 2.0495264530181885]","[1.564257264137268, 1.6036975383758545, 1.648564338684082, 1.6156206130981445]"
8762.0,2010-06-01T00:00:00.000000000,"[1.3674603700637817, 1.7634987831115723, 2.0495264530181885, 1.6314857006072998]","[1.530482530593872, 1.564325213432312, 1.7427213191986084, 1.5426725149154663]"
8762.0,2010-09-01T00:00:00.000000000,"[1.7634987831115723, 2.0495264530181885, 1.6314857006072998, 1.7194944620132446]","[1.404239535331726, 1.4277523756027222, 1.458781123161316, 1.4842679500579834]"
8762.0,2010-12-01T00:00:00.000000000,"[2.0495264530181885, 1.6314857006072998, 1.7194944620132446, 2.313552141189575]","[1.7301404476165771, 1.6614422798156738, 1.6287153959274292, 1.6393964290618896]"
8762.0,2011-03-01T00:00:00.000000000,"[1.6314857006072998, 1.7194944620132446, 2.313552141189575, 2.42356276512146]","[1.763481855392456, 1.7705456018447876, 1.7922296524047852, 1.784092664718628]"
8762.0,2011-06-01T00:00:00.000000000,"[1.7194944620132446, 2.313552141189575, 2.42356276512146, 1.8735092878341675]","[1.6031807661056519, 1.6468802690505981, 1.8079133033752441, 1.6389079093933105]"
8762.0,2011-09-01T00:00:00.000000000,"[2.313552141189575, 2.42356276512146, 1.8735092878341675, 1.8515071868896484]","[1.778829574584961, 1.7419687509536743, 1.7380311489105225, 1.7564451694488525]"
8762.0,2011-12-01T00:00:00.000000000,"[2.42356276512146, 1.8735092878341675, 1.8515071868896484, 2.885607957839966]","[2.0913166999816895, 1.9868789911270142, 1.951220989227295, 1.9644551277160645]"
8762.0,2012-03-01T00:00:00.000000000,"[1.8735092878341675, 1.8515071868896484, 2.885607957839966, 2.9076099395751953]","[2.00162410736084, 1.9833812713623047, 1.9608458280563354, 1.9566359519958496]"
8762.0,2012-06-01T00:00:00.000000000,"[1.8515071868896484, 2.885607957839966, 2.9076099395751953, 2.071528673171997]","[1.7794842720031738, 1.7678126096725464, 1.9073089361190796, 1.749557375907898]"
8762.0,2012-09-01T00:00:00.000000000,"[2.885607957839966, 2.9076099395751953, 2.071528673171997, 1.7855008840560913]","[1.9340245723724365, 1.8564780950546265, 1.8572418689727783, 1.8605244159698486]"
8762.0,2012-12-01T00:00:00.000000000,"[2.9076099395751953, 2.071528673171997, 1.7855008840560913, 2.8416035175323486]","[2.4799928665161133, 2.3363747596740723, 2.2596921920776367, 2.28326416015625]"
8762.0,2013-03-01T00:00:00.000000000,"[2.071528673171997, 1.7855008840560913, 2.8416035175323486, 2.9516141414642334]","[2.4693691730499268, 2.399127960205078, 2.481807231903076, 2.427509069442749]"
9248.0,2006-06-01T00:00:00.000000000,"[0.5643821358680725, 0.553381085395813, 0.3223586082458496, 0.6193875670433044]","[0.34370335936546326, 0.24078229069709778, 0.19898483157157898, 0.2122950255870819]"
9248.0,2006-09-01T00:00:00.000000000,"[0.553381085395813, 0.3223586082458496, 0.6193875670433044, 0.7624014616012573]","[0.45118993520736694, 0.3658484220504761, 0.3651648163795471, 0.34505295753479004]"
9248.0,2006-12-01T00:00:00.000000000,"[0.3223586082458496, 0.6193875670433044, 0.7624014616012573, 0.6853939294815063]","[0.4218197464942932, 0.379905104637146, 0.35191643238067627, 0.33897167444229126]"
9248.0,2007-03-01T00:00:00.000000000,"[0.6193875670433044, 0.7624014616012573, 0.6853939294815063, 0.4653724431991577]","[0.3940870761871338, 0.32904893159866333, 0.31139957904815674, 0.30307936668395996]"
9248.0,2007-06-01T00:00:00.000000000,"[0.7624014616012573, 0.6853939294815063, 0.4653724431991577, 0.7514004111289978]","[0.6045609712600708, 0.48982155323028564, 0.4458402991294861, 0.45626717805862427]"
9248.0,2007-09-01T00:00:00.000000000,"[0.6853939294815063, 0.4653724431991577, 0.7514004111289978, 0.9054153561592102]","[0.7119348049163818, 0.608765184879303, 0.6082096099853516, 0.5901285409927368]"
9248.0,2007-12-01T00:00:00.000000000,"[0.4653724431991577, 0.7514004111289978, 0.9054153561592102, 0.8614109754562378]","[0.5293989777565002, 0.4930979907512665, 0.4679761826992035, 0.4319966733455658]"
9248.0,2008-03-01T00:00:00.000000000,"[0.7514004111289978, 0.9054153561592102, 0.8614109754562378, 0.6633917689323425]","[0.5005446076393127, 0.42579570412635803, 0.379329651594162, 0.3939451277256012]"
9248.0,2008-06-01T00:00:00.000000000,"[0.9054153561592102, 0.8614109754562378, 0.6633917689323425, 0.9934238195419312]","[0.7366539239883423, 0.5988159775733948, 0.6108216047286987, 0.636544406414032]"
9248.0,2008-09-01T00:00:00.000000000,"[0.8614109754562378, 0.6633917689323425, 0.9934238195419312, 1.103434681892395]","[0.8677625060081482, 0.7432193160057068, 0.8254983425140381, 0.7765705585479736]"
9248.0,2008-12-01T00:00:00.000000000,"[0.6633917689323425, 0.9934238195419312, 1.103434681892395, 1.103434681892395]","[0.8070642948150635, 0.7496839761734009, 0.7645131945610046, 0.714095413684845]"
9248.0,2009-03-01T00:00:00.000000000,"[0.9934238195419312, 1.103434681892395, 1.103434681892395, 0.8834132552146912]","[0.6720355749130249, 0.603381872177124, 0.5532659292221069, 0.5580889582633972]"
9248.0,2009-06-01T00:00:00.000000000,"[1.103434681892395, 1.103434681892395, 0.8834132552146912, 1.455468773841858]","[0.8383032083511353, 0.7345883250236511, 0.6648811101913452, 0.6778365969657898]"
9248.0,2009-09-01T00:00:00.000000000,"[1.103434681892395, 0.8834132552146912, 1.455468773841858, 1.323456048965454]","[0.9142667055130005, 0.8290150165557861, 0.7920835018157959, 0.7911467552185059]"
9248.0,2009-12-01T00:00:00.000000000,"[0.8834132552146912, 1.455468773841858, 1.323456048965454, 1.5874814987182617]","[0.9750311970710754, 0.9277441501617432, 0.8796678185462952, 0.8749008178710938]"
9248.0,2010-03-01T00:00:00.000000000,"[1.455468773841858, 1.323456048965454, 1.5874814987182617, 1.301453948020935]","[0.9122077822685242, 0.8040269017219543, 0.84039306640625, 0.8185385465621948]"
9248.0,2010-06-01T00:00:00.000000000,"[1.323456048965454, 1.5874814987182617, 1.301453948020935, 1.7855008840560913]","[1.3096541166305542, 1.1669305562973022, 1.116066575050354, 1.140645146369934]"
9248.0,2010-09-01T00:00:00.000000000,"[1.5874814987182617, 1.301453948020935, 1.7855008840560913, 1.8295050859451294]","[1.2544574737548828, 1.1357612609863281, 1.2015938758850098, 1.133754849433899]"
9248.0,2010-12-01T00:00:00.000000000,"[1.301453948020935, 1.7855008840560913, 1.8295050859451294, 1.8075029850006104]","[1.3860409259796143, 1.25022292137146, 1.3358635902404785, 1.2908207178115845]"
9248.0,2011-03-01T00:00:00.000000000,"[1.7855008840560913, 1.8295050859451294, 1.8075029850006104, 1.5654793977737427]","[1.338012933731079, 1.1923896074295044, 1.248295783996582, 1.1978952884674072]"
9248.0,2011-06-01T00:00:00.000000000,"[1.8295050859451294, 1.8075029850006104, 1.5654793977737427, 2.115532875061035]","[1.5753147602081299, 1.4419496059417725, 1.3550589084625244, 1.3764909505844116]"
9248.0,2011-09-01T00:00:00.000000000,"[1.8075029850006104, 1.5654793977737427, 2.115532875061035, -2.614927291870117]","[1.6212513446807861, 1.4724576473236084, 1.4756792783737183, 1.4466501474380493]"
9248.0,2011-12-01T00:00:00.000000000,"[1.5654793977737427, 2.115532875061035, -2.614927291870117, -0.5687280893325806]","[1.5716214179992676, 1.4671107530593872, 1.5225741863250732, 1.4071767330169678]"
9248.0,2012-03-01T00:00:00.000000000,"[2.115532875061035, -2.614927291870117, -0.5687280893325806, 1.5434772968292236]","[1.5001792907714844, 1.3214302062988281, 1.4178595542907715, 1.3455145359039307]"
9248.0,2012-06-01T00:00:00.000000000,"[-2.614927291870117, -0.5687280893325806, 1.5434772968292236, 0.7734025120735168]","[1.8758277893066406, 1.7164034843444824, 1.592174768447876, 1.6087734699249268]"
9248.0,2012-09-01T00:00:00.000000000,"[-0.5687280893325806, 1.5434772968292236, 0.7734025120735168, 2.2475459575653076]","[-0.25987160205841064, -0.08717596530914307, 0.5422837734222412, 0.06500613689422607]"
9248.0,2012-12-01T00:00:00.000000000,"[1.5434772968292236, 0.7734025120735168, 2.2475459575653076, 2.3575565814971924]","[-0.042557358741760254, 0.0830683708190918, 0.19990164041519165, 0.3363012671470642]"
9248.0,2013-03-01T00:00:00.000000000,"[0.7734025120735168, 2.2475459575653076, 2.3575565814971924, 1.6974923610687256]","[0.854811429977417, 0.8219292163848877, 0.7958486080169678, 0.8161777853965759]"
9667.0,2006-06-01T00:00:00.000000000,"[1.455468773841858, 1.7562381029129028, 0.3040968179702759, 0.3113575577735901]","[0.3388853073120117, 0.28314071893692017, 0.25104784965515137, 0.2745857536792755]"
9667.0,2006-09-01T00:00:00.000000000,"[1.7562381029129028, 0.3040968179702759, 0.3113575577735901, 2.0127828121185303]","[1.0093066692352295, 0.8508390188217163, 0.8205835223197937, 0.8481212258338928]"
9667.0,2006-12-01T00:00:00.000000000,"[0.3040968179702759, 0.3113575577735901, 2.0127828121185303, 2.2108023166656494]","[1.0463718175888062, 1.080817461013794, 1.0414111614227295, 1.0022404193878174]"
9667.0,2007-03-01T00:00:00.000000000,"[0.3113575577735901, 2.0127828121185303, 2.2108023166656494, 0.8541504144668579]","[0.5024001598358154, 0.5223208665847778, 0.9908014535903931, 0.5533972382545471]"
9667.0,2007-06-01T00:00:00.000000000,"[2.0127828121185303, 2.2108023166656494, 0.8541504144668579, 0.6266481280326843]","[0.5186827182769775, 0.41144806146621704, 0.4445652663707733, 0.4874878227710724]"
9667.0,2007-09-01T00:00:00.000000000,"[2.2108023166656494, 0.8541504144668579, 0.6266481280326843, 2.276808500289917]","[1.4236338138580322, 1.227743148803711, 1.1477429866790771, 1.1748011112213135]"
9667.0,2007-12-01T00:00:00.000000000,"[0.8541504144668579, 0.6266481280326843, 2.276808500289917, 2.4015607833862305]","[1.4217877388000488, 1.4335085153579712, 1.5216542482376099, 1.368385672569275]"
9667.0,2008-03-01T00:00:00.000000000,"[0.6266481280326843, 2.276808500289917, 2.4015607833862305, 1.0741716623306274]","[0.8715764880180359, 0.8771908283233643, 1.3071660995483398, 0.8866980075836182]"
9667.0,2008-06-01T00:00:00.000000000,"[2.276808500289917, 2.4015607833862305, 1.0741716623306274, 0.9641609787940979]","[0.8172973394393921, 0.6642488837242126, 0.6871882081031799, 0.7256479263305664]"
9667.0,2008-09-01T00:00:00.000000000,"[2.4015607833862305, 1.0741716623306274, 0.9641609787940979, 2.61432147026062]","[1.4746423959732056, 1.2718077898025513, 1.1805909872055054, 1.1929724216461182]"
9667.0,2008-12-01T00:00:00.000000000,"[1.0741716623306274, 0.9641609787940979, 2.61432147026062, 2.782857894897461]","[1.7159887552261353, 1.7024199962615967, 1.7424410581588745, 1.6527084112167358]"
9667.0,2009-03-01T00:00:00.000000000,"[0.9641609787940979, 2.61432147026062, 2.782857894897461, 1.6167445182800293]","[1.300337791442871, 1.299225091934204, 1.6918505430221558, 1.3181616067886353]"
9667.0,2009-06-01T00:00:00.000000000,"[2.61432147026062, 2.782857894897461, 1.6167445182800293, 1.9175138473510742]","[1.2312393188476562, 1.0732407569885254, 1.0803616046905518, 1.1498675346374512]"
9667.0,2009-09-01T00:00:00.000000000,"[2.782857894897461, 1.6167445182800293, 1.9175138473510742, 3.5016677379608154]","[2.185560941696167, 1.918121099472046, 1.8277995586395264, 1.8735909461975098]"
9667.0,2009-12-01T00:00:00.000000000,"[1.6167445182800293, 1.9175138473510742, 3.5016677379608154, 3.4649243354797363]","[2.2301881313323975, 2.150326728820801, 2.47674560546875, 2.180272340774536]"
9667.0,2010-03-01T00:00:00.000000000,"[1.9175138473510742, 3.5016677379608154, 3.4649243354797363, 1.8955113887786865]","[1.5162842273712158, 1.5929450988769531, 1.8239545822143555, 1.5290770530700684]"
9667.0,2010-06-01T00:00:00.000000000,"[3.5016677379608154, 3.4649243354797363, 1.8955113887786865, 1.9395159482955933]","[1.8545622825622559, 1.7187089920043945, 1.594344139099121, 1.6115028858184814]"
9667.0,2010-09-01T00:00:00.000000000,"[3.4649243354797363, 1.8955113887786865, 1.9395159482955933, 4.117727756500244]","[2.8109374046325684, 2.510697841644287, 2.4317195415496826, 2.4887304306030273]"
9667.0,2010-12-01T00:00:00.000000000,"[1.8955113887786865, 1.9395159482955933, 4.117727756500244, 4.176473617553711]","[2.6506404876708984, 2.5401196479797363, 2.563352346420288, 2.458984375]"
9667.0,2011-03-01T00:00:00.000000000,"[1.9395159482955933, 4.117727756500244, 4.176473617553711, 2.430823802947998]","[1.9560871124267578, 1.9473052024841309, 2.212376356124878, 1.843802809715271]"
9667.0,2011-06-01T00:00:00.000000000,"[4.117727756500244, 4.176473617553711, 2.430823802947998, 2.2915501594543457]","[1.9929604530334473, 1.7982227802276611, 1.688831090927124, 1.738071322441101]"
9667.0,2011-09-01T00:00:00.000000000,"[4.176473617553711, 2.430823802947998, 2.2915501594543457, 4.506505489349365]","[3.247288227081299, 2.8458492755889893, 2.741118907928467, 2.795659065246582]"
9667.0,2011-12-01T00:00:00.000000000,"[2.430823802947998, 2.2915501594543457, 4.506505489349365, 5.379110336303711]","[3.2503247261047363, 3.157443046569824, 3.2677135467529297, 3.0799002647399902]"
9667.0,2012-03-01T00:00:00.000000000,"[2.2915501594543457, 4.506505489349365, 5.379110336303711, 3.0323619842529297]","[2.242833137512207, 2.2636725902557373, 2.6918601989746094, 2.168869972229004]"
9667.0,2012-06-01T00:00:00.000000000,"[4.506505489349365, 5.379110336303711, 3.0323619842529297, 3.831699848175049]","[2.3355748653411865, 2.1119744777679443, 2.025193691253662, 2.0417098999023438]"
9667.0,2012-09-01T00:00:00.000000000,"[5.379110336303711, 3.0323619842529297, 3.831699848175049, 5.129826545715332]","[3.6345860958099365, 3.291673183441162, 3.096445083618164, 3.120488405227661]"
9667.0,2012-12-01T00:00:00.000000000,"[3.0323619842529297, 3.831699848175049, 5.129826545715332, 3.8977060317993164]","[4.022951126098633, 3.9289660453796387, 3.8619279861450195, 3.8032851219177246]"
9667.0,2013-03-01T00:00:00.000000000,"[3.831699848175049, 5.129826545715332, 3.8977060317993164, 2.2475459575653076]","[3.2621188163757324, 3.2397727966308594, 3.7776618003845215, 3.122689723968506]"
10499.0,2006-06-01T00:00:00.000000000,"[0.6633917689323425, 0.9714217185974121, 0.8174067735671997, 0.6413896679878235]","[0.2395351678133011, 0.2547604739665985, 0.2709798812866211, 0.28821688890457153]"
10499.0,2006-09-01T00:00:00.000000000,"[0.9714217185974121, 0.8174067735671997, 0.6413896679878235, 0.7293981313705444]","[0.633249819278717, 0.5745289325714111, 0.5627056360244751, 0.5888868570327759]"
10499.0,2006-12-01T00:00:00.000000000,"[0.8174067735671997, 0.6413896679878235, 0.7293981313705444, 0.9714217185974121]","[0.6373336315155029, 0.6528327465057373, 0.6011537313461304, 0.6352972984313965]"
10499.0,2007-03-01T00:00:00.000000000,"[0.6413896679878235, 0.7293981313705444, 0.9714217185974121, 0.8614109754562378]","[0.724561870098114, 0.7259427309036255, 0.844702959060669, 0.727654218673706]"
10499.0,2007-06-01T00:00:00.000000000,"[0.7293981313705444, 0.9714217185974121, 0.8614109754562378, 0.7293981313705444]","[0.7195408344268799, 0.6569033861160278, 0.7525161504745483, 0.6743144392967224]"
10499.0,2007-09-01T00:00:00.000000000,"[0.9714217185974121, 0.8614109754562378, 0.7293981313705444, 0.9714217185974121]","[0.7868465185165405, 0.682910680770874, 0.6803123950958252, 0.6976504325866699]"
10499.0,2007-12-01T00:00:00.000000000,"[0.8614109754562378, 0.7293981313705444, 0.9714217185974121, 1.3674603700637817]","[0.9132037162780762, 0.8253596425056458, 0.8422932028770447, 0.8345301151275635]"
10499.0,2008-03-01T00:00:00.000000000,"[0.7293981313705444, 0.9714217185974121, 1.3674603700637817, 1.2134451866149902]","[0.8421356081962585, 0.7997193932533264, 0.9278281927108765, 0.8081893920898438]"
10499.0,2008-06-01T00:00:00.000000000,"[0.9714217185974121, 1.3674603700637817, 1.2134451866149902, 1.1694409847259521]","[0.8182538747787476, 0.7569313049316406, 0.8513411283493042, 0.7749282121658325]"
10499.0,2008-09-01T00:00:00.000000000,"[1.3674603700637817, 1.2134451866149902, 1.1694409847259521, 1.5654793977737427]","[1.0024701356887817, 0.8910423517227173, 0.8783540725708008, 0.8989342451095581]"
10499.0,2008-12-01T00:00:00.000000000,"[1.2134451866149902, 1.1694409847259521, 1.5654793977737427, 2.071528673171997]","[1.1922941207885742, 1.0957529544830322, 1.1073734760284424, 1.1068644523620605]"
10499.0,2009-03-01T00:00:00.000000000,"[1.1694409847259521, 1.5654793977737427, 2.071528673171997, 1.6974923610687256]","[1.138722538948059, 1.0764647722244263, 1.2330811023712158, 1.0905505418777466]"
10499.0,2009-06-01T00:00:00.000000000,"[1.5654793977737427, 2.071528673171997, 1.6974923610687256, 2.269547939300537]","[1.2107658386230469, 1.1002705097198486, 1.190157413482666, 1.1232203245162964]"
10499.0,2009-09-01T00:00:00.000000000,"[2.071528673171997, 1.6974923610687256, 2.269547939300537, 2.379558563232422]","[1.4610787630081177, 1.2858684062957764, 1.2742087841033936, 1.299062728881836]"
10499.0,2009-12-01T00:00:00.000000000,"[1.6974923610687256, 2.269547939300537, 2.379558563232422, 2.775597333908081]","[1.6793177127838135, 1.5269742012023926, 1.555880069732666, 1.545530080795288]"
10499.0,2010-03-01T00:00:00.000000000,"[2.269547939300537, 2.379558563232422, 2.775597333908081, 2.0935308933258057]","[1.4974822998046875, 1.385385513305664, 1.6019494533538818, 1.4027421474456787]"
10499.0,2010-06-01T00:00:00.000000000,"[2.379558563232422, 2.775597333908081, 2.0935308933258057, 1.9835201501846313]","[1.8642828464508057, 1.6759626865386963, 1.7109721899032593, 1.6958688497543335]"
10499.0,2010-09-01T00:00:00.000000000,"[2.775597333908081, 2.0935308933258057, 1.9835201501846313, 2.2915501594543457]","[1.992403507232666, 1.7556087970733643, 1.81964111328125, 1.7837891578674316]"
10499.0,2010-12-01T00:00:00.000000000,"[2.0935308933258057, 1.9835201501846313, 2.2915501594543457, 2.577577829360962]","[2.187824010848999, 1.9786990880966187, 2.047645330429077, 1.992059350013733]"
10499.0,2011-03-01T00:00:00.000000000,"[1.9835201501846313, 2.2915501594543457, 2.577577829360962, 1.7634987831115723]","[1.929168701171875, 1.7221440076828003, 2.0170233249664307, 1.7612406015396118]"
10499.0,2011-06-01T00:00:00.000000000,"[2.2915501594543457, 2.577577829360962, 1.7634987831115723, 2.027524471282959]","[1.986084222793579, 1.7536566257476807, 1.8817670345306396, 1.8043327331542969]"
10499.0,2011-09-01T00:00:00.000000000,"[2.577577829360962, 1.7634987831115723, 2.027524471282959, 2.5555758476257324]","[2.2827579975128174, 1.991377353668213, 2.0212860107421875, 2.040517807006836]"
10499.0,2011-12-01T00:00:00.000000000,"[1.7634987831115723, 2.027524471282959, 2.5555758476257324, 2.4895694255828857]","[2.4700980186462402, 2.2474327087402344, 2.3587918281555176, 2.2799956798553467]"
10499.0,2012-03-01T00:00:00.000000000,"[2.027524471282959, 2.5555758476257324, 2.4895694255828857, 2.9076099395751953]","[1.7032963037490845, 1.6331682205200195, 1.6502563953399658, 1.540409803390503]"
10499.0,2012-06-01T00:00:00.000000000,"[2.5555758476257324, 2.4895694255828857, 2.9076099395751953, 3.369654893875122]","[1.9214167594909668, 1.797422170639038, 1.6591429710388184, 1.679091215133667]"
10499.0,2012-09-01T00:00:00.000000000,"[2.4895694255828857, 2.9076099395751953, 3.369654893875122, 3.8096976280212402]","[2.3654205799102783, 2.1582236289978027, 2.0222175121307373, 2.0459952354431152]"
10499.0,2012-12-01T00:00:00.000000000,"[2.9076099395751953, 3.369654893875122, 3.8096976280212402, 3.8537018299102783]","[2.4572436809539795, 2.3885650634765625, 2.3247976303100586, 2.3032917976379395]"
10499.0,2013-03-01T00:00:00.000000000,"[3.369654893875122, 3.8096976280212402, 3.8537018299102783, 4.2937445640563965]","[2.765101432800293, 2.6555492877960205, 2.587191343307495, 2.5744900703430176]"
10903.0,2006-06-01T00:00:00.000000000,"[2.42356276512146, 2.885607957839966, 2.7095906734466553, 2.5115716457366943]","[1.8873670101165771, 1.7845580577850342, 1.9462900161743164, 1.832279920578003]"
10903.0,2006-09-01T00:00:00.000000000,"[2.885607957839966, 2.7095906734466553, 2.5115716457366943, 2.9076099395751953]","[2.3580265045166016, 2.193404197692871, 2.1397621631622314, 2.1616554260253906]"
10903.0,2006-12-01T00:00:00.000000000,"[2.7095906734466553, 2.5115716457366943, 2.9076099395751953, 2.929612159729004]","[2.6091578006744385, 2.4493508338928223, 2.4670662879943848, 2.516443967819214]"
10903.0,2007-03-01T00:00:00.000000000,"[2.5115716457366943, 2.9076099395751953, 2.929612159729004, 2.379558563232422]","[2.406714916229248, 2.388986587524414, 2.3431172370910645, 2.304471969604492]"
10903.0,2007-06-01T00:00:00.000000000,"[2.9076099395751953, 2.929612159729004, 2.379558563232422, 3.1496336460113525]","[2.363007068634033, 2.266181468963623, 2.183814764022827, 2.1954967975616455]"
10903.0,2007-09-01T00:00:00.000000000,"[2.929612159729004, 2.379558563232422, 3.1496336460113525, 3.6116786003112793]","[2.821962594985962, 2.6009585857391357, 2.6174893379211426, 2.6602931022644043]"
10903.0,2007-12-01T00:00:00.000000000,"[2.379558563232422, 3.1496336460113525, 3.6116786003112793, 4.073723793029785]","[2.764075994491577, 2.603379249572754, 2.5670199394226074, 2.597537040710449]"
10903.0,2008-03-01T00:00:00.000000000,"[3.1496336460113525, 3.6116786003112793, 4.073723793029785, 3.9417104721069336]","[2.4621012210845947, 2.381326675415039, 2.4495277404785156, 2.371345043182373]"
10903.0,2008-06-01T00:00:00.000000000,"[3.6116786003112793, 4.073723793029785, 3.9417104721069336, 4.513765811920166]","[2.931065320968628, 2.7799718379974365, 2.701741933822632, 2.7253551483154297]"
10903.0,2008-09-01T00:00:00.000000000,"[4.073723793029785, 3.9417104721069336, 4.513765811920166, 4.711785793304443]","[3.325500011444092, 3.1209540367126465, 3.0471975803375244, 3.079306125640869]"
10903.0,2008-12-01T00:00:00.000000000,"[3.9417104721069336, 4.513765811920166, 4.711785793304443, 5.151828289031982]","[3.5038986206054688, 3.3423426151275635, 3.407423496246338, 3.4024057388305664]"
10903.0,2009-03-01T00:00:00.000000000,"[4.513765811920166, 4.711785793304443, 5.151828289031982, 4.9978132247924805]","[3.5776190757751465, 3.3455018997192383, 3.494398355484009, 3.374424457550049]"
10903.0,2009-06-01T00:00:00.000000000,"[4.711785793304443, 5.151828289031982, 4.9978132247924805, 5.987909317016602]","[3.9348206520080566, 3.6318821907043457, 3.6075963973999023, 3.6553025245666504]"
10903.0,2009-09-01T00:00:00.000000000,"[5.151828289031982, 4.9978132247924805, 5.987909317016602, 6.207931041717529]","[4.190247058868408, 3.8495068550109863, 3.992225170135498, 3.880354881286621]"
10903.0,2009-12-01T00:00:00.000000000,"[4.9978132247924805, 5.987909317016602, 6.207931041717529, 6.8019890785217285]","[4.392254829406738, 4.074465751647949, 4.091177940368652, 4.1175055503845215]"
10903.0,2010-03-01T00:00:00.000000000,"[5.987909317016602, 6.207931041717529, 6.8019890785217285, 6.515960693359375]","[4.742166519165039, 4.491036415100098, 4.556640148162842, 4.514584541320801]"
10903.0,2010-06-01T00:00:00.000000000,"[6.207931041717529, 6.8019890785217285, 6.515960693359375, 7.506057262420654]","[5.374855041503906, 5.095203399658203, 4.984364032745361, 5.036728858947754]"
10903.0,2010-09-01T00:00:00.000000000,"[6.8019890785217285, 6.515960693359375, 7.506057262420654, 7.220029354095459]","[5.386241912841797, 5.060483455657959, 4.8564605712890625, 4.86631441116333]"
10903.0,2010-12-01T00:00:00.000000000,"[6.515960693359375, 7.506057262420654, 7.220029354095459, 7.836089611053467]","[5.729907989501953, 5.25293493270874, 5.440891742706299, 5.339168548583984]"
10903.0,2011-03-01T00:00:00.000000000,"[7.506057262420654, 7.220029354095459, 7.836089611053467, 7.880094051361084]","[5.595973968505859, 5.134185314178467, 5.465760231018066, 5.25567102432251]"
10903.0,2011-06-01T00:00:00.000000000,"[7.220029354095459, 7.836089611053467, 7.880094051361084, 7.484055042266846]","[6.279090404510498, 5.7458953857421875, 5.767370223999023, 5.851387023925781]"
10903.0,2011-09-01T00:00:00.000000000,"[7.836089611053467, 7.880094051361084, 7.484055042266846, 14.96478271484375]","[6.384567737579346, 5.804558753967285, 5.8434648513793945, 5.8065996170043945]"
10903.0,2011-12-01T00:00:00.000000000,"[7.880094051361084, 7.484055042266846, 14.96478271484375, 7.022010326385498]","[6.832451820373535, 6.261299133300781, 6.239619255065918, 6.367238998413086]"
10903.0,2012-03-01T00:00:00.000000000,"[7.484055042266846, 14.96478271484375, 7.022010326385498, 4.8437981605529785]","[7.406030654907227, 6.63831901550293, 7.244443893432617, 6.910658836364746]"
10903.0,2012-06-01T00:00:00.000000000,"[14.96478271484375, 7.022010326385498, 4.8437981605529785, 10.98239517211914]","[7.341561317443848, 6.616031646728516, 7.16359806060791, 6.908784866333008]"
10903.0,2012-09-01T00:00:00.000000000,"[7.022010326385498, 4.8437981605529785, 10.98239517211914, 9.640264511108398]","[10.114788055419922, 9.661354064941406, 9.067272186279297, 9.240089416503906]"
10903.0,2012-12-01T00:00:00.000000000,"[4.8437981605529785, 10.98239517211914, 9.640264511108398, 9.244226455688477]","[7.078937530517578, 6.824472427368164, 8.417369842529297, 6.928975582122803]"
10903.0,2013-03-01T00:00:00.000000000,"[10.98239517211914, 9.640264511108398, 9.244226455688477, 9.156217575073242]","[5.55176305770874, 5.296652317047119, 5.227684020996094, 5.386397838592529]"
11259.0,2006-06-01T00:00:00.000000000,"[1.7194944620132446, 1.9615180492401123, 1.8295050859451294, 2.8416035175323486]","[2.5175325870513916, 2.431837558746338, 2.360535144805908, 2.418146848678589]"
11259.0,2006-09-01T00:00:00.000000000,"[1.9615180492401123, 1.8295050859451294, 2.8416035175323486, 1.5654793977737427]","[1.9543976783752441, 1.9204764366149902, 2.405623197555542, 1.9920307397842407]"
11259.0,2006-12-01T00:00:00.000000000,"[1.8295050859451294, 2.8416035175323486, 1.5654793977737427, 1.6754902601242065]","[2.0645766258239746, 1.9854979515075684, 1.9407482147216797, 1.9898309707641602]"
11259.0,2007-03-01T00:00:00.000000000,"[2.8416035175323486, 1.5654793977737427, 1.6754902601242065, 1.477470874786377]","[1.9835216999053955, 1.8440091609954834, 1.8642518520355225, 1.8916645050048828]"
11259.0,2007-06-01T00:00:00.000000000,"[1.5654793977737427, 1.6754902601242065, 1.477470874786377, 2.577577829360962]","[2.320586681365967, 2.3044352531433105, 2.175827980041504, 2.230947494506836]"
11259.0,2007-09-01T00:00:00.000000000,"[1.6754902601242065, 1.477470874786377, 2.577577829360962, 1.455468773841858]","[1.7324395179748535, 1.7470858097076416, 2.178086757659912, 1.7827973365783691]"
11259.0,2007-12-01T00:00:00.000000000,"[1.477470874786377, 2.577577829360962, 1.455468773841858, 1.6534881591796875]","[1.85374116897583, 1.8051148653030396, 1.856664776802063, 1.9400112628936768]"
11259.0,2008-03-01T00:00:00.000000000,"[2.577577829360962, 1.455468773841858, 1.6534881591796875, 1.455468773841858]","[1.8634909391403198, 1.7466862201690674, 1.8447200059890747, 1.8611547946929932]"
11259.0,2008-06-01T00:00:00.000000000,"[1.455468773841858, 1.6534881591796875, 1.455468773841858, 2.1595370769500732]","[2.23772931098938, 2.279224395751953, 2.1802170276641846, 2.2492661476135254]"
11259.0,2008-09-01T00:00:00.000000000,"[1.6534881591796875, 1.455468773841858, 2.1595370769500732, 1.499472975730896]","[1.8162345886230469, 1.8654100894927979, 2.3103857040405273, 1.8936604261398315]"
11259.0,2008-12-01T00:00:00.000000000,"[1.455468773841858, 2.1595370769500732, 1.499472975730896, 1.6754902601242065]","[1.7377210855484009, 1.8106805086135864, 1.8221256732940674, 1.8902313709259033]"
11259.0,2009-03-01T00:00:00.000000000,"[2.1595370769500732, 1.499472975730896, 1.6754902601242065, 1.499472975730896]","[1.617905855178833, 1.6083176136016846, 1.6937642097473145, 1.747404932975769]"
11259.0,2009-06-01T00:00:00.000000000,"[1.499472975730896, 1.6754902601242065, 1.499472975730896, 2.225543737411499]","[1.8844603300094604, 1.9493749141693115, 1.9330142736434937, 2.0001282691955566]"
11259.0,2009-09-01T00:00:00.000000000,"[1.6754902601242065, 1.499472975730896, 2.225543737411499, 1.8075029850006104]","[1.6415491104125977, 1.706505537033081, 2.042872190475464, 1.7563297748565674]"
11259.0,2009-12-01T00:00:00.000000000,"[1.499472975730896, 2.225543737411499, 1.8075029850006104, 2.1375350952148438]","[1.6987478733062744, 1.7769761085510254, 1.7853957414627075, 1.8612356185913086]"
11259.0,2010-03-01T00:00:00.000000000,"[2.225543737411499, 1.8075029850006104, 2.1375350952148438, 1.6754902601242065]","[1.5356794595718384, 1.579878330230713, 1.6127052307128906, 1.6738216876983643]"
11259.0,2010-06-01T00:00:00.000000000,"[1.8075029850006104, 2.1375350952148438, 1.6754902601242065, 2.4015607833862305]","[1.874383568763733, 1.937185287475586, 1.9252856969833374, 1.9865449666976929]"
11259.0,2010-09-01T00:00:00.000000000,"[2.1375350952148438, 1.6754902601242065, 2.4015607833862305, 1.7855008840560913]","[1.8828147649765015, 1.9413000345230103, 2.1431052684783936, 1.926011085510254]"
11259.0,2010-12-01T00:00:00.000000000,"[1.6754902601242065, 2.4015607833862305, 1.7855008840560913, 2.0935308933258057]","[2.0839645862579346, 2.138047456741333, 2.0984840393066406, 2.158339262008667]"
11259.0,2011-03-01T00:00:00.000000000,"[2.4015607833862305, 1.7855008840560913, 2.0935308933258057, 1.8515071868896484]","[1.8500115871429443, 1.8267637491226196, 1.9001528024673462, 1.8793690204620361]"
11259.0,2011-06-01T00:00:00.000000000,"[1.7855008840560913, 2.0935308933258057, 1.8515071868896484, 2.335554361343384]","[2.044063091278076, 2.0481247901916504, 2.0009281635284424, 2.0437934398651123]"
11259.0,2011-09-01T00:00:00.000000000,"[2.0935308933258057, 1.8515071868896484, 2.335554361343384, 1.8955113887786865]","[1.8659424781799316, 1.8698272705078125, 2.1765151023864746, 1.8819822072982788]"
11259.0,2011-12-01T00:00:00.000000000,"[1.8515071868896484, 2.335554361343384, 1.8955113887786865, 2.7315926551818848]","[1.9850679636001587, 2.0384435653686523, 2.024956703186035, 2.0794689655303955]"
11259.0,2012-03-01T00:00:00.000000000,"[2.335554361343384, 1.8955113887786865, 2.7315926551818848, 2.2475459575653076]","[2.0033557415008545, 1.9797221422195435, 1.973231554031372, 1.9795721769332886]"
11259.0,2012-06-01T00:00:00.000000000,"[1.8955113887786865, 2.7315926551818848, 2.2475459575653076, 2.5115716457366943]","[2.018617630004883, 2.036036491394043, 2.009593963623047, 2.051692247390747]"
11259.0,2012-09-01T00:00:00.000000000,"[2.7315926551818848, 2.2475459575653076, 2.5115716457366943, 3.017620801925659]","[1.9393928050994873, 1.9473645687103271, 2.197380542755127, 1.9526381492614746]"
11259.0,2012-12-01T00:00:00.000000000,"[2.2475459575653076, 2.5115716457366943, 3.017620801925659, 3.21563982963562]","[2.4402127265930176, 2.4726452827453613, 2.381063461303711, 2.4418511390686035]"
11259.0,2013-03-01T00:00:00.000000000,"[2.5115716457366943, 3.017620801925659, 3.21563982963562, 2.4895694255828857]","[2.3516318798065186, 2.3271045684814453, 2.3239176273345947, 2.269493341445923]"
12540.0,2006-06-01T00:00:00.000000000,"[0.11333828419446945, -0.08468098938465118, 0.09133616089820862, 0.26735323667526245]","[0.051658034324645996, 0.08572427928447723, 0.12045057117938995, 0.15498055517673492]"
12540.0,2006-09-01T00:00:00.000000000,"[-0.08468098938465118, 0.09133616089820862, 0.26735323667526245, 0.35536178946495056]","[0.07929380238056183, 0.11115293204784393, 0.13608603179454803, 0.1756286472082138]"
12540.0,2006-12-01T00:00:00.000000000,"[0.09133616089820862, 0.26735323667526245, 0.35536178946495056, 0.4873746931552887]","[0.03601853549480438, 0.07305000722408295, 0.108228400349617, 0.14899110794067383]"
12540.0,2007-03-01T00:00:00.000000000,"[0.26735323667526245, 0.35536178946495056, 0.4873746931552887, 0.6633917689323425]","[0.06333230435848236, 0.09628738462924957, 0.12773582339286804, 0.16540729999542236]"
12540.0,2007-06-01T00:00:00.000000000,"[0.35536178946495056, 0.4873746931552887, 0.6633917689323425, 0.7514004111289978]","[0.169695645570755, 0.19026747345924377, 0.24731563031673431, 0.22123172879219055]"
12540.0,2007-09-01T00:00:00.000000000,"[0.4873746931552887, 0.6633917689323425, 0.7514004111289978, 0.8614109754562378]","[0.31782662868499756, 0.34008359909057617, 0.33755186200141907, 0.3624879717826843]"
12540.0,2007-12-01T00:00:00.000000000,"[0.6633917689323425, 0.7514004111289978, 0.8614109754562378, 0.9494196176528931]","[0.36978814005851746, 0.39958006143569946, 0.38388577103614807, 0.416818231344223]"
12540.0,2008-03-01T00:00:00.000000000,"[0.7514004111289978, 0.8614109754562378, 0.9494196176528931, 1.279451608657837]","[0.5088710784912109, 0.5186588764190674, 0.4839134216308594, 0.5096882581710815]"
12540.0,2008-06-01T00:00:00.000000000,"[0.8614109754562378, 0.9494196176528931, 1.279451608657837, 1.3674603700637817]","[0.5805670022964478, 0.5846505165100098, 0.5634227395057678, 0.5621329545974731]"
12540.0,2008-09-01T00:00:00.000000000,"[0.9494196176528931, 1.279451608657837, 1.3674603700637817, 1.5434772968292236]","[0.7150692343711853, 0.6932967305183411, 0.6248601675033569, 0.6463019847869873]"
12540.0,2008-12-01T00:00:00.000000000,"[1.279451608657837, 1.3674603700637817, 1.5434772968292236, 1.7194944620132446]","[0.8198808431625366, 0.733350932598114, 0.7679439187049866, 0.7375215291976929]"
12540.0,2009-03-01T00:00:00.000000000,"[1.3674603700637817, 1.5434772968292236, 1.7194944620132446, 2.071528673171997]","[0.920973539352417, 0.8213928937911987, 0.8119875192642212, 0.8237788677215576]"
12540.0,2009-06-01T00:00:00.000000000,"[1.5434772968292236, 1.7194944620132446, 2.071528673171997, 2.7095906734466553]","[1.0025479793548584, 0.8959974050521851, 0.9903024435043335, 0.9076446890830994]"
12540.0,2009-09-01T00:00:00.000000000,"[1.7194944620132446, 2.071528673171997, 2.7095906734466553, 2.9516141414642334]","[1.1090178489685059, 1.018967628479004, 0.9476997256278992, 0.9730539917945862]"
12540.0,2009-12-01T00:00:00.000000000,"[2.071528673171997, 2.7095906734466553, 2.9516141414642334, 3.1056292057037354]","[1.3208305835723877, 1.1792240142822266, 1.202927589416504, 1.1799969673156738]"
12540.0,2010-03-01T00:00:00.000000000,"[2.7095906734466553, 2.9516141414642334, 3.1056292057037354, 3.479665517807007]","[1.4237573146820068, 1.292428970336914, 1.2343876361846924, 1.2521774768829346]"
12540.0,2010-06-01T00:00:00.000000000,"[2.9516141414642334, 3.1056292057037354, 3.479665517807007, 2.929612159729004]","[1.7682607173919678, 1.6178817749023438, 1.5684001445770264, 1.576436996459961]"
12540.0,2010-09-01T00:00:00.000000000,"[3.1056292057037354, 3.479665517807007, 2.929612159729004, 3.325650691986084]","[1.941992998123169, 1.8123221397399902, 1.7328317165374756, 1.718433141708374]"
12540.0,2010-12-01T00:00:00.000000000,"[3.479665517807007, 2.929612159729004, 3.325650691986084, 3.8096976280212402]","[2.078549385070801, 1.8261873722076416, 1.788862943649292, 1.820915699005127]"
12540.0,2011-03-01T00:00:00.000000000,"[2.929612159729004, 3.325650691986084, 3.8096976280212402, 4.337749004364014]","[2.413874626159668, 2.161349296569824, 1.9834849834442139, 2.0033020973205566]"
12540.0,2011-06-01T00:00:00.000000000,"[3.325650691986084, 3.8096976280212402, 4.337749004364014, 4.139729976654053]","[2.267667531967163, 2.0320215225219727, 1.9053659439086914, 1.9015415906906128]"
12540.0,2011-09-01T00:00:00.000000000,"[3.8096976280212402, 4.337749004364014, 4.139729976654053, 4.689783573150635]","[2.860774517059326, 2.5226292610168457, 2.4536309242248535, 2.4846649169921875]"
12540.0,2011-12-01T00:00:00.000000000,"[4.337749004364014, 4.139729976654053, 4.689783573150635, 4.953808784484863]","[3.094913959503174, 2.7590999603271484, 2.5904130935668945, 2.6088194847106934]"
12540.0,2012-03-01T00:00:00.000000000,"[4.139729976654053, 4.689783573150635, 4.953808784484863, 5.481860160827637]","[3.030717372894287, 2.782006025314331, 2.487762928009033, 2.5319082736968994]"
12540.0,2012-06-01T00:00:00.000000000,"[4.689783573150635, 4.953808784484863, 5.481860160827637, 6.207931041717529]","[3.049314498901367, 2.7776541709899902, 2.5183496475219727, 2.5646772384643555]"
12540.0,2012-09-01T00:00:00.000000000,"[4.953808784484863, 5.481860160827637, 6.207931041717529, 5.965907573699951]","[4.174567222595215, 4.075353622436523, 3.8020968437194824, 3.756894588470459]"
12540.0,2012-12-01T00:00:00.000000000,"[5.481860160827637, 6.207931041717529, 5.965907573699951, 6.1419243812561035]","[3.6857259273529053, 3.251852035522461, 3.332366943359375, 3.3720455169677734]"
12540.0,2013-03-01T00:00:00.000000000,"[6.207931041717529, 5.965907573699951, 6.1419243812561035, 6.339943885803223]","[4.507585525512695, 4.431741237640381, 4.0964179039001465, 4.056306838989258]"
13421.0,2006-03-01T00:00:00.000000000,"[-0.23869597911834717, -0.12868529558181763, -0.10668310523033142, -0.19469167292118073]","[-0.3115874230861664, -0.32709696888923645, -0.3432885408401489, -0.3275964558124542]"
13421.0,2006-06-01T00:00:00.000000000,"[-0.12868529558181763, -0.10668310523033142, -0.19469167292118073, -0.10668310523033142]","[-0.29176321625709534, -0.29203149676322937, -0.2862347960472107, -0.2939993143081665]"
13421.0,2006-09-01T00:00:00.000000000,"[-0.10668310523033142, -0.19469167292118073, -0.10668310523033142, -0.08468098938465118]","[-0.19804050028324127, -0.21256296336650848, -0.24669316411018372, -0.22608017921447754]"
13421.0,2006-12-01T00:00:00.000000000,"[-0.19469167292118073, -0.10668310523033142, -0.08468098938465118, -0.018674563616514206]","[-0.1557360142469406, -0.16710974276065826, -0.17897653579711914, -0.16211473941802979]"
13421.0,2007-03-01T00:00:00.000000000,"[-0.10668310523033142, -0.08468098938465118, -0.018674563616514206, -0.08468098938465118]","[-0.25260287523269653, -0.254764199256897, -0.2681341767311096, -0.2516847252845764]"
13421.0,2007-06-01T00:00:00.000000000,"[-0.08468098938465118, -0.018674563616514206, -0.08468098938465118, -0.06267886608839035]","[-0.11015234887599945, -0.12736620008945465, -0.1734313815832138, -0.15129168331623077]"
13421.0,2007-09-01T00:00:00.000000000,"[-0.018674563616514206, -0.08468098938465118, -0.06267886608839035, -0.04067668318748474]","[-0.10708020627498627, -0.14417800307273865, -0.15360437333583832, -0.1357879936695099]"
13421.0,2007-12-01T00:00:00.000000000,"[-0.08468098938465118, -0.06267886608839035, -0.04067668318748474, 0.047331858426332474]","[-0.08764323592185974, -0.12239144742488861, -0.09516666829586029, -0.10774151980876923]"
13421.0,2008-03-01T00:00:00.000000000,"[-0.06267886608839035, -0.04067668318748474, 0.047331858426332474, 0.003327556187286973]","[-0.14408515393733978, -0.179376021027565, -0.14105485379695892, -0.1667187362909317]"
13421.0,2008-06-01T00:00:00.000000000,"[-0.04067668318748474, 0.047331858426332474, 0.003327556187286973, 0.047331858426332474]","[-0.10711903870105743, -0.12473404407501221, -0.15721116960048676, -0.13888725638389587]"
13421.0,2008-09-01T00:00:00.000000000,"[0.047331858426332474, 0.003327556187286973, 0.047331858426332474, 0.06933397799730301]","[-0.008951455354690552, -0.06018751859664917, -0.09063887596130371, -0.07677972316741943]"
13421.0,2008-12-01T00:00:00.000000000,"[0.003327556187286973, 0.047331858426332474, 0.06933397799730301, 0.15734252333641052]","[0.0015173554420471191, -0.04625219106674194, -0.047972410917282104, -0.04056888818740845]"
13421.0,2009-03-01T00:00:00.000000000,"[0.047331858426332474, 0.06933397799730301, 0.15734252333641052, 0.17934469878673553]","[-0.01656016707420349, -0.06375822424888611, -0.04748377203941345, -0.06107592582702637]"
13421.0,2009-06-01T00:00:00.000000000,"[0.06933397799730301, 0.15734252333641052, 0.17934469878673553, 0.2893553674221039]","[0.07159280776977539, 0.019553184509277344, 0.01099124550819397, 0.029705733060836792]"
13421.0,2009-09-01T00:00:00.000000000,"[0.15734252333641052, 0.17934469878673553, 0.2893553674221039, 0.37736397981643677]","[0.04272142052650452, -0.02538558840751648, -0.030793875455856323, -0.013629734516143799]"
13421.0,2009-12-01T00:00:00.000000000,"[0.17934469878673553, 0.2893553674221039, 0.37736397981643677, 0.44337034225463867]","[0.11511239409446716, 0.055414557456970215, 0.046943098306655884, 0.06864455342292786]"
13421.0,2010-03-01T00:00:00.000000000,"[0.2893553674221039, 0.37736397981643677, 0.44337034225463867, 0.4873746931552887]","[0.13665905594825745, 0.08083978295326233, 0.0797622799873352, 0.09439030289649963]"
13421.0,2010-06-01T00:00:00.000000000,"[0.37736397981643677, 0.44337034225463867, 0.4873746931552887, 0.553381085395813]","[0.21737553179264069, 0.182039275765419, 0.13828061521053314, 0.14313121140003204]"
13421.0,2010-09-01T00:00:00.000000000,"[0.44337034225463867, 0.4873746931552887, 0.553381085395813, 0.4873746931552887]","[0.3034740686416626, 0.23273825645446777, 0.2174777090549469, 0.22383907437324524]"
13421.0,2011-03-01T00:00:00.000000000,"[0.4873746931552887, 0.553381085395813, 0.4873746931552887, 0.4873746931552887]","[0.2509804964065552, 0.19929398596286774, 0.14338280260562897, 0.15184913575649261]"
13421.0,2011-06-01T00:00:00.000000000,"[0.553381085395813, 0.4873746931552887, 0.4873746931552887, 0.6193875670433044]","[0.2921939790248871, 0.23170813918113708, 0.17815184593200684, 0.18589860200881958]"
13421.0,2011-09-01T00:00:00.000000000,"[0.4873746931552887, 0.4873746931552887, 0.6193875670433044, 0.7514004111289978]","[0.47435861825942993, 0.3842017650604248, 0.3915483057498932, 0.3833965063095093]"
13421.0,2011-12-01T00:00:00.000000000,"[0.4873746931552887, 0.6193875670433044, 0.7514004111289978, 0.8394088745117188]","[0.27907365560531616, 0.220065176486969, 0.20386779308319092, 0.18561822175979614]"
13421.0,2012-03-01T00:00:00.000000000,"[0.6193875670433044, 0.7514004111289978, 0.8394088745117188, 1.125436782836914]","[0.3184124231338501, 0.2569868564605713, 0.21089181303977966, 0.2090156376361847]"
13421.0,2012-06-01T00:00:00.000000000,"[0.7514004111289978, 0.8394088745117188, 1.125436782836914, 1.125436782836914]","[0.42064860463142395, 0.34807053208351135, 0.3001736104488373, 0.30169251561164856]"
13421.0,2012-09-01T00:00:00.000000000,"[0.8394088745117188, 1.125436782836914, 1.125436782836914, 1.1914430856704712]","[0.5802953243255615, 0.4925331473350525, 0.47375351190567017, 0.4743330180644989]"
13421.0,2012-12-01T00:00:00.000000000,"[1.125436782836914, 1.125436782836914, 1.1914430856704712, 1.0594303607940674]","[0.6800058484077454, 0.5673603415489197, 0.5824048519134521, 0.5945529341697693]"
13421.0,2013-03-01T00:00:00.000000000,"[1.125436782836914, 1.1914430856704712, 1.0594303607940674, 1.103434681892395]","[0.8209486603736877, 0.7038488388061523, 0.7182055711746216, 0.728954553604126]"
14225.0,2006-06-01T00:00:00.000000000,"[-0.21669383347034454, -0.20569276809692383, -0.2606981098651886, -0.22769489884376526]","[-0.2836343050003052, -0.31031423807144165, -0.31524813175201416, -0.311593621969223]"
14225.0,2006-09-01T00:00:00.000000000,"[-0.20569276809692383, -0.2606981098651886, -0.22769489884376526, -0.1726895570755005]","[-0.24025477468967438, -0.2687714695930481, -0.2771152853965759, -0.27133435010910034]"
14225.0,2006-12-01T00:00:00.000000000,"[-0.2606981098651886, -0.22769489884376526, -0.1726895570755005, -0.1836906224489212]","[-0.21682658791542053, -0.24427440762519836, -0.21351514756679535, -0.2376338094472885]"
14225.0,2007-03-01T00:00:00.000000000,"[-0.22769489884376526, -0.1726895570755005, -0.1836906224489212, -0.2716991901397705]","[-0.25639867782592773, -0.26976245641708374, -0.2574218213558197, -0.2752748727798462]"
14225.0,2007-06-01T00:00:00.000000000,"[-0.1726895570755005, -0.1836906224489212, -0.2716991901397705, -0.21669383347034454]","[-0.23593007028102875, -0.2633354663848877, -0.27040863037109375, -0.264738529920578]"
14225.0,2007-09-01T00:00:00.000000000,"[-0.1836906224489212, -0.2716991901397705, -0.21669383347034454, -0.20569276809692383]","[-0.22589711844921112, -0.25359228253364563, -0.2484140396118164, -0.24583950638771057]"
14225.0,2007-12-01T00:00:00.000000000,"[-0.2716991901397705, -0.21669383347034454, -0.20569276809692383, -0.21669383347034454]","[-0.22348789870738983, -0.2507094740867615, -0.22566606104373932, -0.24677741527557373]"
14225.0,2008-03-01T00:00:00.000000000,"[-0.21669383347034454, -0.20569276809692383, -0.21669383347034454, -0.2606981098651886]","[-0.26564958691596985, -0.28091663122177124, -0.2764952778816223, -0.2906264066696167]"
14225.0,2008-06-01T00:00:00.000000000,"[-0.20569276809692383, -0.21669383347034454, -0.2606981098651886, -0.19469167292118073]","[-0.22752153873443604, -0.25190088152885437, -0.2708148956298828, -0.2673112154006958]"
14225.0,2008-09-01T00:00:00.000000000,"[-0.21669383347034454, -0.2606981098651886, -0.19469167292118073, -0.12868529558181763]","[-0.19720640778541565, -0.2261248230934143, -0.22550278902053833, -0.22102563083171844]"
14225.0,2008-12-01T00:00:00.000000000,"[-0.2606981098651886, -0.19469167292118073, -0.12868529558181763, -0.15068741142749786]","[-0.22865957021713257, -0.2339751124382019, -0.24064941704273224, -0.24250632524490356]"
14225.0,2009-03-01T00:00:00.000000000,"[-0.19469167292118073, -0.12868529558181763, -0.15068741142749786, -0.20569276809692383]","[-0.21112211048603058, -0.22772839665412903, -0.2142501324415207, -0.23116269707679749]"
14225.0,2009-06-01T00:00:00.000000000,"[-0.12868529558181763, -0.15068741142749786, -0.20569276809692383, -0.029675621539354324]","[-0.1525518000125885, -0.1774234026670456, -0.19453878700733185, -0.18692538142204285]"
14225.0,2009-09-01T00:00:00.000000000,"[-0.15068741142749786, -0.20569276809692383, -0.029675621539354324, -0.05167780816555023]","[-0.13329677283763885, -0.1496347188949585, -0.166805237531662, -0.16142107546329498]"
14225.0,2009-12-01T00:00:00.000000000,"[-0.20569276809692383, -0.029675621539354324, -0.05167780816555023, 0.05833292007446289]","[-0.12258520722389221, -0.13594651222229004, -0.1413675844669342, -0.14226306974887848]"
14225.0,2010-03-01T00:00:00.000000000,"[-0.029675621539354324, -0.05167780816555023, 0.05833292007446289, -0.05167780816555023]","[-0.15364795923233032, -0.17534275352954865, -0.13920621573925018, -0.1671053022146225]"
14225.0,2010-06-01T00:00:00.000000000,"[-0.05167780816555023, 0.05833292007446289, -0.05167780816555023, 0.047331858426332474]","[-0.030893385410308838, -0.07149989902973175, -0.08186627924442291, -0.0723801702260971]"
14225.0,2010-09-01T00:00:00.000000000,"[0.05833292007446289, -0.05167780816555023, 0.047331858426332474, 0.09133616089820862]","[-0.07875841856002808, -0.10597175359725952, -0.09788626432418823, -0.10594196617603302]"
14225.0,2010-12-01T00:00:00.000000000,"[-0.05167780816555023, 0.047331858426332474, 0.09133616089820862, 0.11333828419446945]","[-0.025467664003372192, -0.018387585878372192, -0.05376915633678436, -0.05286674201488495]"
14225.0,2011-03-01T00:00:00.000000000,"[0.047331858426332474, 0.09133616089820862, 0.11333828419446945, -0.018674563616514206]","[-0.09825289249420166, -0.1199098527431488, -0.11258211731910706, -0.1325245499610901]"
14225.0,2011-06-01T00:00:00.000000000,"[0.09133616089820862, 0.11333828419446945, -0.018674563616514206, 0.06933397799730301]","[-0.0418897420167923, -0.06913541257381439, -0.0954500138759613, -0.09354071319103241]"
14225.0,2011-09-01T00:00:00.000000000,"[0.11333828419446945, -0.018674563616514206, 0.06933397799730301, 0.2233489453792572]","[-0.03534248471260071, -0.06832309067249298, -0.07616077363491058, -0.0769621729850769]"
14225.0,2011-12-01T00:00:00.000000000,"[-0.018674563616514206, 0.06933397799730301, 0.2233489453792572, 0.13534040749073029]","[0.05621100962162018, 0.04346548020839691, 0.05168004333972931, 0.027259647846221924]"
14225.0,2012-03-01T00:00:00.000000000,"[0.06933397799730301, 0.2233489453792572, 0.13534040749073029, 0.047331858426332474]","[-0.051944196224212646, -0.07832608371973038, -0.08002722263336182, -0.09501063078641891]"
14225.0,2012-06-01T00:00:00.000000000,"[0.2233489453792572, 0.13534040749073029, 0.047331858426332474, 0.11333828419446945]","[0.005208626389503479, -0.030751824378967285, -0.061386533081531525, -0.061514705419540405]"
14225.0,2012-09-01T00:00:00.000000000,"[0.13534040749073029, 0.047331858426332474, 0.11333828419446945, 0.2233489453792572]","[0.11173205077648163, 0.0634436160326004, 0.04369845986366272, 0.05100320279598236]"
14225.0,2012-12-01T00:00:00.000000000,"[0.047331858426332474, 0.11333828419446945, 0.2233489453792572, 0.2233489453792572]","[0.09039334952831268, 0.0626065582036972, 0.08684347569942474, 0.04984825849533081]"
14225.0,2013-03-01T00:00:00.000000000,"[0.11333828419446945, 0.2233489453792572, 0.2233489453792572, 0.17934469878673553]","[0.04694743454456329, 0.008700177073478699, 0.029106348752975464, 0.013791248202323914]"
16721.0,2006-06-01T00:00:00.000000000,"[-0.28270024061203003, 0.9054153561592102, 1.9835201501846313, 0.15734252333641052]","[0.12455976009368896, 0.3305877447128296, 1.0260651111602783, 0.3065216541290283]"
16721.0,2006-09-01T00:00:00.000000000,"[0.9054153561592102, 1.9835201501846313, 0.15734252333641052, -0.37070879340171814]","[-0.057256028056144714, -0.06837956607341766, 0.23294039070606232, 0.05442337691783905]"
16721.0,2006-12-01T00:00:00.000000000,"[1.9835201501846313, 0.15734252333641052, -0.37070879340171814, 0.7293981313705444]","[0.7611252665519714, 0.44772160053253174, 0.30185985565185547, 0.3173617720603943]"
16721.0,2007-03-01T00:00:00.000000000,"[0.15734252333641052, -0.37070879340171814, 0.7293981313705444, 3.325650691986084]","[0.8331891894340515, 0.7726963758468628, 0.6572097539901733, 0.7413932681083679]"
16721.0,2007-06-01T00:00:00.000000000,"[-0.37070879340171814, 0.7293981313705444, 3.325650691986084, 0.3993660807609558]","[-0.05821795016527176, 0.0664299726486206, 0.6467956900596619, -0.011954128742218018]"
16721.0,2007-09-01T00:00:00.000000000,"[0.7293981313705444, 3.325650691986084, 0.3993660807609558, -0.5467259287834167]","[-0.25739586353302, -0.24672657251358032, -0.21585534512996674, -0.19253358244895935]"
16721.0,2007-12-01T00:00:00.000000000,"[3.325650691986084, 0.3993660807609558, -0.5467259287834167, 0.5313789248466492]","[0.8343410491943359, 0.5299140214920044, 0.5145522356033325, 0.5675885677337646]"
16721.0,2008-03-01T00:00:00.000000000,"[0.3993660807609558, -0.5467259287834167, 0.5313789248466492, 4.755789756774902]","[1.6509727239608765, 1.581553339958191, 1.4357781410217285, 1.566779375076294]"
16721.0,2008-06-01T00:00:00.000000000,"[-0.5467259287834167, 0.5313789248466492, 4.755789756774902, 1.1694409847259521]","[0.5375161170959473, 0.6410260796546936, 1.8447202444076538, 0.6813565492630005]"
16721.0,2008-09-01T00:00:00.000000000,"[0.5313789248466492, 4.755789756774902, 1.1694409847259521, 0.09133616089820862]","[-0.01600378192961216, -0.060362327843904495, 0.4784599840641022, 0.17594604194164276]"
16721.0,2008-12-01T00:00:00.000000000,"[4.755789756774902, 1.1694409847259521, 0.09133616089820862, 0.7293981313705444]","[0.5743207335472107, 0.3105732798576355, 0.10713739693164825, 0.12588077783584595]"
16721.0,2009-03-01T00:00:00.000000000,"[1.1694409847259521, 0.09133616089820862, 0.7293981313705444, 4.0957255363464355]","[2.056462526321411, 2.0330307483673096, 1.6509264707565308, 1.7994993925094604]"
16721.0,2009-06-01T00:00:00.000000000,"[0.09133616089820862, 0.7293981313705444, 4.0957255363464355, 2.181539297103882]","[0.7269169092178345, 0.9794670343399048, 1.7411390542984009, 0.8993309140205383]"
16721.0,2009-09-01T00:00:00.000000000,"[0.7293981313705444, 4.0957255363464355, 2.181539297103882, -0.4147131145000458]","[0.31469714641571045, 0.36886531114578247, 0.37274402379989624, 0.47774118185043335]"
16721.0,2009-12-01T00:00:00.000000000,"[4.0957255363464355, 2.181539297103882, -0.4147131145000458, 1.1914430856704712]","[0.9740471839904785, 0.659824788570404, 0.5760274529457092, 0.6267492771148682]"
16721.0,2010-03-01T00:00:00.000000000,"[2.181539297103882, -0.4147131145000458, 1.1914430856704712, 3.5896763801574707]","[2.573049306869507, 2.453212261199951, 2.250135898590088, 2.400010108947754]"
16721.0,2010-06-01T00:00:00.000000000,"[-0.4147131145000458, 1.1914430856704712, 3.5896763801574707, 2.181539297103882]","[1.480554223060608, 1.7133209705352783, 2.3558764457702637, 1.562958836555481]"
16721.0,2010-09-01T00:00:00.000000000,"[1.1914430856704712, 3.5896763801574707, 2.181539297103882, -0.15068741142749786]","[0.2657668888568878, 0.3664262294769287, 0.7620524168014526, 0.4303147792816162]"
16721.0,2010-12-01T00:00:00.000000000,"[3.5896763801574707, 2.181539297103882, -0.15068741142749786, 1.4334666728973389]","[1.3210039138793945, 0.9175935983657837, 0.8110823631286621, 0.8762331604957581]"
16721.0,2011-03-01T00:00:00.000000000,"[2.181539297103882, -0.15068741142749786, 1.4334666728973389, 4.8437981605529785]","[2.2698378562927246, 2.179934024810791, 1.871118187904358, 1.9789228439331055]"
16721.0,2011-06-01T00:00:00.000000000,"[-0.15068741142749786, 1.4334666728973389, 4.8437981605529785, 1.6754902601242065]","[1.7178092002868652, 1.9746432304382324, 2.63472318649292, 1.8732593059539795]"
16721.0,2011-09-01T00:00:00.000000000,"[1.4334666728973389, 4.8437981605529785, 1.6754902601242065, 2.42356276512146]","[0.6054818034172058, 0.6863563656806946, 1.1375181674957275, 0.7758861780166626]"
16721.0,2011-12-01T00:00:00.000000000,"[4.8437981605529785, 1.6754902601242065, 2.42356276512146, -0.5907301902770996]","[1.4229421615600586, 1.1708271503448486, 0.960071325302124, 1.0592305660247803]"
16721.0,2012-03-01T00:00:00.000000000,"[1.6754902601242065, 2.42356276512146, -0.5907301902770996, 6.031913757324219]","[2.5473215579986572, 2.470242500305176, 2.1664233207702637, 2.281569004058838]"
16721.0,2012-06-01T00:00:00.000000000,"[2.42356276512146, -0.5907301902770996, 6.031913757324219, 2.0055222511291504]","[1.8631770610809326, 2.1780693531036377, 3.320173501968384, 2.2032084465026855]"
16721.0,2012-09-01T00:00:00.000000000,"[-0.5907301902770996, 6.031913757324219, 2.0055222511291504, 1.0374282598495483]","[2.7088191509246826, 2.633836269378662, 2.711470603942871, 2.740198850631714]"
16721.0,2012-12-01T00:00:00.000000000,"[6.031913757324219, 2.0055222511291504, 1.0374282598495483, 2.775597333908081]","[0.7070470452308655, 0.6861852407455444, 1.0020562410354614, 1.043920874595642]"
16721.0,2013-03-01T00:00:00.000000000,"[2.0055222511291504, 1.0374282598495483, 2.775597333908081, 6.339943885803223]","[3.1597936153411865, 3.126737356185913, 2.7546019554138184, 2.9150214195251465]"
20779.0,2006-06-01T00:00:00.000000000,"[0.42136821150779724, 0.5093768239021301, 0.4873746931552887, 0.4653724431991577]","[0.3610410690307617, 0.3338456153869629, 0.31590282917022705, 0.3194659948348999]"
20779.0,2006-09-01T00:00:00.000000000,"[0.5093768239021301, 0.4873746931552887, 0.4653724431991577, 0.4873746931552887]","[0.3807830810546875, 0.34592700004577637, 0.3256101608276367, 0.33475828170776367]"
20779.0,2006-12-01T00:00:00.000000000,"[0.4873746931552887, 0.4653724431991577, 0.4873746931552887, 0.5973852872848511]","[0.4535340666770935, 0.41433191299438477, 0.39386820793151855, 0.40399056673049927]"
20779.0,2007-03-01T00:00:00.000000000,"[0.4653724431991577, 0.4873746931552887, 0.5973852872848511, 0.5973852872848511]","[0.4405750632286072, 0.4115550220012665, 0.3937210440635681, 0.3977532386779785]"
20779.0,2007-06-01T00:00:00.000000000,"[0.4873746931552887, 0.5973852872848511, 0.5973852872848511, 0.553381085395813]","[0.4666134715080261, 0.42635616660118103, 0.44392985105514526, 0.42928141355514526]"
20779.0,2007-09-01T00:00:00.000000000,"[0.5973852872848511, 0.5973852872848511, 0.553381085395813, 0.553381085395813]","[0.4696904122829437, 0.4249228835105896, 0.4639647603034973, 0.4401160776615143]"
20779.0,2007-12-01T00:00:00.000000000,"[0.5973852872848511, 0.553381085395813, 0.553381085395813, 0.6853939294815063]","[0.5534626245498657, 0.504130482673645, 0.53327476978302, 0.5137653350830078]"
20779.0,2008-03-01T00:00:00.000000000,"[0.553381085395813, 0.553381085395813, 0.6853939294815063, 0.6413896679878235]","[0.5433664917945862, 0.5108718872070312, 0.48281946778297424, 0.49264049530029297]"
20779.0,2008-06-01T00:00:00.000000000,"[0.553381085395813, 0.6853939294815063, 0.6413896679878235, 0.553381085395813]","[0.5307284593582153, 0.49797478318214417, 0.5340092182159424, 0.5082268714904785]"
20779.0,2008-09-01T00:00:00.000000000,"[0.6853939294815063, 0.6413896679878235, 0.553381085395813, 0.6193875670433044]","[0.4626140296459198, 0.4280019998550415, 0.4183359742164612, 0.42277467250823975]"
20779.0,2008-12-01T00:00:00.000000000,"[0.6413896679878235, 0.553381085395813, 0.6193875670433044, 0.6413896679878235]","[0.5425505638122559, 0.5029780864715576, 0.48779481649398804, 0.49297574162483215]"
20779.0,2009-03-01T00:00:00.000000000,"[0.553381085395813, 0.6193875670433044, 0.6413896679878235, 0.6413896679878235]","[0.6282390356063843, 0.5749777555465698, 0.6121245622634888, 0.5876033306121826]"
20779.0,2009-06-01T00:00:00.000000000,"[0.6193875670433044, 0.6413896679878235, 0.6413896679878235, 0.6853939294815063]","[0.5716816782951355, 0.5421550273895264, 0.5447279810905457, 0.5467112064361572]"
20779.0,2009-09-01T00:00:00.000000000,"[0.6413896679878235, 0.6413896679878235, 0.6853939294815063, 0.7514004111289978]","[0.6230096817016602, 0.5689748525619507, 0.5526746511459351, 0.5618503093719482]"
20779.0,2009-12-01T00:00:00.000000000,"[0.6413896679878235, 0.6853939294815063, 0.7514004111289978, 0.8394088745117188]","[0.6616487503051758, 0.610156238079071, 0.5943320989608765, 0.6023398637771606]"
20779.0,2010-03-01T00:00:00.000000000,"[0.6853939294815063, 0.7514004111289978, 0.8394088745117188, 0.9494196176528931]","[0.6378270387649536, 0.6051236391067505, 0.6362121105194092, 0.613427460193634]"
20779.0,2010-06-01T00:00:00.000000000,"[0.7514004111289978, 0.8394088745117188, 0.9494196176528931, 0.9054153561592102]","[0.6540566086769104, 0.6190222501754761, 0.5959749817848206, 0.5966938138008118]"
20779.0,2010-09-01T00:00:00.000000000,"[0.8394088745117188, 0.9494196176528931, 0.9054153561592102, 1.0154259204864502]","[0.7306575775146484, 0.673701286315918, 0.7069436311721802, 0.699852705001831]"
20779.0,2010-12-01T00:00:00.000000000,"[0.9494196176528931, 0.9054153561592102, 1.0154259204864502, 1.125436782836914]","[0.7913384437561035, 0.7305962443351746, 0.7637630701065063, 0.7518534660339355]"
20779.0,2011-03-01T00:00:00.000000000,"[0.9054153561592102, 1.0154259204864502, 1.125436782836914, 1.147438883781433]","[0.8376515507698059, 0.7930422425270081, 0.7974438071250916, 0.8047223091125488]"
20779.0,2011-06-01T00:00:00.000000000,"[1.0154259204864502, 1.125436782836914, 1.147438883781433, 0.9934238195419312]","[0.8135492205619812, 0.7662976980209351, 0.7894073724746704, 0.7707099914550781]"
20779.0,2011-09-01T00:00:00.000000000,"[1.125436782836914, 1.147438883781433, 0.9934238195419312, 1.0374282598495483]","[0.9251960515975952, 0.8586525917053223, 0.8285536766052246, 0.8372921943664551]"
20779.0,2011-12-01T00:00:00.000000000,"[1.147438883781433, 0.9934238195419312, 1.0374282598495483, 1.0594303607940674]","[1.001271367073059, 0.9229493141174316, 0.8974626064300537, 0.9058996438980103]"
20779.0,2012-03-01T00:00:00.000000000,"[0.9934238195419312, 1.0374282598495483, 1.0594303607940674, 0.9714217185974121]","[1.0139306783676147, 0.9511929750442505, 0.9205369353294373, 0.927547812461853]"
20779.0,2012-06-01T00:00:00.000000000,"[1.0374282598495483, 1.0594303607940674, 0.9714217185974121, 1.0374282598495483]","[0.9423662424087524, 0.8783750534057617, 0.9247106313705444, 0.8938745856285095]"
20779.0,2012-09-01T00:00:00.000000000,"[1.0594303607940674, 0.9714217185974121, 1.0374282598495483, 1.125436782836914]","[0.9814934730529785, 0.8907220363616943, 0.9109523296356201, 0.9105063676834106]"
20779.0,2012-12-01T00:00:00.000000000,"[0.9714217185974121, 1.0374282598495483, 1.125436782836914, 1.147438883781433]","[1.0220022201538086, 0.9325625896453857, 0.964457631111145, 0.9493089914321899]"
20779.0,2013-03-01T00:00:00.000000000,"[1.0374282598495483, 1.125436782836914, 1.147438883781433, 1.103434681892395]","[0.9573532342910767, 0.9144706726074219, 0.9121824502944946, 0.9216610789299011]"
24197.0,2006-03-01T00:00:00.000000000,"[0.5093768239021301, 0.4543713927268982, 0.34436073899269104, 0.37736397981643677]","[0.2007002830505371, 0.15647733211517334, 0.12162453681230545, 0.12400350719690323]"
24197.0,2006-06-01T00:00:00.000000000,"[0.4543713927268982, 0.34436073899269104, 0.37736397981643677, 0.6193875670433044]","[0.3615371584892273, 0.2942091226577759, 0.29018634557724, 0.30812525749206543]"
24197.0,2006-09-01T00:00:00.000000000,"[0.34436073899269104, 0.37736397981643677, 0.6193875670433044, 0.4873746931552887]","[0.33600717782974243, 0.28194645047187805, 0.33682766556739807, 0.3017110526561737]"
24197.0,2006-12-01T00:00:00.000000000,"[0.37736397981643677, 0.6193875670433044, 0.4873746931552887, 0.35536178946495056]","[0.2635340094566345, 0.22289903461933136, 0.23649173974990845, 0.21771955490112305]"
24197.0,2007-03-01T00:00:00.000000000,"[0.6193875670433044, 0.4873746931552887, 0.35536178946495056, 0.42136821150779724]","[0.29740551114082336, 0.23486541211605072, 0.22639882564544678, 0.2342803031206131]"
24197.0,2007-06-01T00:00:00.000000000,"[0.4873746931552887, 0.35536178946495056, 0.42136821150779724, 0.9274174571037292]","[0.5298972129821777, 0.458609402179718, 0.43017372488975525, 0.44558191299438477]"
24197.0,2007-12-01T00:00:00.000000000,"[0.35536178946495056, 0.42136821150779724, 0.9274174571037292, 0.6633917689323425]","[0.44646725058555603, 0.39363324642181396, 0.46292078495025635, 0.38453635573387146]"
24197.0,2008-03-01T00:00:00.000000000,"[0.42136821150779724, 0.9274174571037292, 0.6633917689323425, 0.575383186340332]","[0.3590398132801056, 0.32082220911979675, 0.3341456651687622, 0.3265796899795532]"
24197.0,2008-06-01T00:00:00.000000000,"[0.9274174571037292, 0.6633917689323425, 0.575383186340332, 0.9934238195419312]","[0.4197329878807068, 0.35543978214263916, 0.3458555340766907, 0.35945865511894226]"
24197.0,2008-09-01T00:00:00.000000000,"[0.6633917689323425, 0.575383186340332, 0.9934238195419312, 1.3894624710083008]","[0.6456630825996399, 0.5642938613891602, 0.5388548374176025, 0.5568008422851562]"
24197.0,2008-12-01T00:00:00.000000000,"[0.575383186340332, 0.9934238195419312, 1.3894624710083008, 1.0374282598495483]","[0.6083584427833557, 0.5665808320045471, 0.6692015528678894, 0.5442783236503601]"
24197.0,2009-03-01T00:00:00.000000000,"[0.9934238195419312, 1.3894624710083008, 1.0374282598495483, 0.9934238195419312]","[0.4993084669113159, 0.44351357221603394, 0.42139673233032227, 0.4220675528049469]"
24197.0,2009-06-01T00:00:00.000000000,"[1.3894624710083008, 1.0374282598495483, 0.9934238195419312, 1.5214751958847046]","[0.7555050849914551, 0.6365410089492798, 0.5921316146850586, 0.6023116111755371]"
24197.0,2009-09-01T00:00:00.000000000,"[1.0374282598495483, 0.9934238195419312, 1.5214751958847046, 2.0055222511291504]","[1.016141653060913, 0.9012925028800964, 0.903132975101471, 0.9115740656852722]"
24197.0,2009-12-01T00:00:00.000000000,"[0.9934238195419312, 1.5214751958847046, 2.0055222511291504, 1.6094835996627808]","[0.8443653583526611, 0.7729907631874084, 0.8575758934020996, 0.7648025155067444]"
24197.0,2010-03-01T00:00:00.000000000,"[1.5214751958847046, 2.0055222511291504, 1.6094835996627808, 1.455468773841858]","[0.8660075068473816, 0.7552344799041748, 0.7302632331848145, 0.7499942779541016]"
24197.0,2010-06-01T00:00:00.000000000,"[2.0055222511291504, 1.6094835996627808, 1.455468773841858, 1.8735092878341675]","[1.1869959831237793, 1.0207757949829102, 0.9772166609764099, 0.9964901208877563]"
24197.0,2010-09-01T00:00:00.000000000,"[1.6094835996627808, 1.455468773841858, 1.8735092878341675, 2.4455649852752686]","[1.4549533128738403, 1.2943114042282104, 1.3230129480361938, 1.3135594129562378]"
24197.0,2010-12-01T00:00:00.000000000,"[1.455468773841858, 1.8735092878341675, 2.4455649852752686, 2.027524471282959]","[1.231414794921875, 1.1248116493225098, 1.2726473808288574, 1.0944089889526367]"
24197.0,2011-03-01T00:00:00.000000000,"[1.8735092878341675, 2.4455649852752686, 2.027524471282959, 1.5874814987182617]","[1.392202615737915, 1.2192566394805908, 1.3937726020812988, 1.2752454280853271]"
24197.0,2011-06-01T00:00:00.000000000,"[2.4455649852752686, 2.027524471282959, 1.5874814987182617, 2.1375350952148438]","[1.740407943725586, 1.480844497680664, 1.5655595064163208, 1.5513911247253418]"
24197.0,2011-09-01T00:00:00.000000000,"[2.027524471282959, 1.5874814987182617, 2.1375350952148438, 3.083627223968506]","[1.6781585216522217, 1.525160312652588, 1.3729777336120605, 1.3992094993591309]"
24197.0,2011-12-01T00:00:00.000000000,"[1.5874814987182617, 2.1375350952148438, 3.083627223968506, 3.017620801925659]","[1.7951219081878662, 1.6384413242340088, 1.8696728944778442, 1.669320821762085]"
24197.0,2012-03-01T00:00:00.000000000,"[2.1375350952148438, 3.083627223968506, 3.017620801925659, 3.721689224243164]","[1.5086532831192017, 1.3502280712127686, 1.3954272270202637, 1.365906834602356]"
24197.0,2012-06-01T00:00:00.000000000,"[3.083627223968506, 3.017620801925659, 3.721689224243164, 4.469761848449707]","[1.886916160583496, 1.647613763809204, 1.6135993003845215, 1.6284879446029663]"
24197.0,2012-09-01T00:00:00.000000000,"[3.017620801925659, 3.721689224243164, 4.469761848449707, 4.447759628295898]","[2.4805779457092285, 2.283461570739746, 2.204206943511963, 2.253131151199341]"
24197.0,2012-12-01T00:00:00.000000000,"[3.721689224243164, 4.469761848449707, 4.447759628295898, 3.765693426132202]","[2.446552038192749, 2.323631763458252, 2.4167981147766113, 2.2602555751800537]"
24197.0,2013-03-01T00:00:00.000000000,"[4.469761848449707, 4.447759628295898, 3.765693426132202, 3.4576635360717773]","[3.0068650245666504, 2.73468017578125, 2.6898155212402344, 2.74251127243042]"
24316.0,2007-09-01T00:00:00.000000000,"[-0.38170990347862244, -0.4514566659927368, -0.40745237469673157, -0.3377055823802948]","[-0.4441772997379303, -0.4653031826019287, -0.4771336317062378, -0.4759036898612976]"
24316.0,2007-12-01T00:00:00.000000000,"[-0.4514566659927368, -0.40745237469673157, -0.3377055823802948, -0.3229641616344452]","[-0.4266119599342346, -0.44397443532943726, -0.4440418481826782, -0.452173113822937]"
24316.0,2008-03-01T00:00:00.000000000,"[-0.40745237469673157, -0.3377055823802948, -0.3229641616344452, -0.30470237135887146]","[-0.4590162932872772, -0.46959927678108215, -0.45413899421691895, -0.47641029953956604]"
24316.0,2008-06-01T00:00:00.000000000,"[-0.3377055823802948, -0.3229641616344452, -0.30470237135887146, -0.3487066924571991]","[-0.4214458167552948, -0.4440111517906189, -0.45438143610954285, -0.4528264105319977]"
24316.0,2008-09-01T00:00:00.000000000,"[-0.3229641616344452, -0.30470237135887146, -0.3487066924571991, -0.2716991901397705]","[-0.3847232460975647, -0.4103412628173828, -0.4228629171848297, -0.42082759737968445]"
24316.0,2008-12-01T00:00:00.000000000,"[-0.30470237135887146, -0.3487066924571991, -0.2716991901397705, -0.2606981098651886]","[-0.3799406886100769, -0.3941815495491028, -0.3928370177745819, -0.4046832323074341]"
24316.0,2009-03-01T00:00:00.000000000,"[-0.3487066924571991, -0.2716991901397705, -0.2606981098651886, -0.39271095395088196]","[-0.3538133502006531, -0.37437188625335693, -0.37284427881240845, -0.38341283798217773]"
24316.0,2009-06-01T00:00:00.000000000,"[-0.2716991901397705, -0.2606981098651886, -0.39271095395088196, -0.2716991901397705]","[-0.36517614126205444, -0.39362210035324097, -0.4006858170032501, -0.4007335603237152]"
24316.0,2009-09-01T00:00:00.000000000,"[-0.2606981098651886, -0.39271095395088196, -0.2716991901397705, -0.1726895570755005]","[-0.3278571367263794, -0.3594662845134735, -0.3739188313484192, -0.37232834100723267]"
24316.0,2009-12-01T00:00:00.000000000,"[-0.39271095395088196, -0.2716991901397705, -0.1726895570755005, -0.15068741142749786]","[-0.31672075390815735, -0.343341588973999, -0.3397805690765381, -0.3537946939468384]"
24316.0,2010-03-01T00:00:00.000000000,"[-0.2716991901397705, -0.1726895570755005, -0.15068741142749786, -0.22769489884376526]","[-0.38748493790626526, -0.40265294909477234, -0.38008034229278564, -0.40965476632118225]"
24316.0,2010-06-01T00:00:00.000000000,"[-0.1726895570755005, -0.15068741142749786, -0.22769489884376526, -0.15068741142749786]","[-0.3021092712879181, -0.3338979482650757, -0.34809574484825134, -0.3461862802505493]"
24316.0,2010-09-01T00:00:00.000000000,"[-0.15068741142749786, -0.22769489884376526, -0.15068741142749786, -0.11768423020839691]","[-0.2455855906009674, -0.278457373380661, -0.295227974653244, -0.2911800742149353]"
24316.0,2010-12-01T00:00:00.000000000,"[-0.22769489884376526, -0.15068741142749786, -0.11768423020839691, -0.0956820473074913]","[-0.24127182364463806, -0.2573947310447693, -0.25805526971817017, -0.27141040563583374]"
24316.0,2011-03-01T00:00:00.000000000,"[-0.15068741142749786, -0.11768423020839691, -0.0956820473074913, -0.1836906224489212]","[-0.26632755994796753, -0.2921364903450012, -0.2778390944004059, -0.3025234043598175]"
24316.0,2011-06-01T00:00:00.000000000,"[-0.11768423020839691, -0.0956820473074913, -0.1836906224489212, -0.08468098938465118]","[-0.2063334435224533, -0.24817468225955963, -0.26357603073120117, -0.2613964080810547]"
24316.0,2011-09-01T00:00:00.000000000,"[-0.0956820473074913, -0.1836906224489212, -0.08468098938465118, -0.05167780816555023]","[-0.1838548183441162, -0.22598543763160706, -0.24195106327533722, -0.23869892954826355]"
24316.0,2011-12-01T00:00:00.000000000,"[-0.1836906224489212, -0.08468098938465118, -0.05167780816555023, 0.014328615739941597]","[-0.17132945358753204, -0.20146968960762024, -0.2030882090330124, -0.21657536923885345]"
24316.0,2012-03-01T00:00:00.000000000,"[-0.08468098938465118, -0.05167780816555023, 0.014328615739941597, -0.018674563616514206]","[-0.20503860712051392, -0.23648302257061005, -0.2207718938589096, -0.24705064296722412]"
24316.0,2012-06-01T00:00:00.000000000,"[-0.05167780816555023, 0.014328615739941597, -0.018674563616514206, -0.05167780816555023]","[-0.13082709908485413, -0.17436639964580536, -0.19359056651592255, -0.1906912475824356]"
24316.0,2012-09-01T00:00:00.000000000,"[0.014328615739941597, -0.018674563616514206, -0.05167780816555023, 0.12433934211730957]","[-0.10845214128494263, -0.15171106159687042, -0.16962887346744537, -0.1658143401145935]"
24316.0,2012-12-01T00:00:00.000000000,"[-0.018674563616514206, -0.05167780816555023, 0.12433934211730957, -0.007673503365367651]","[-0.07512560486793518, -0.10610568523406982, -0.11615744233131409, -0.12405258417129517]"
24316.0,2013-03-01T00:00:00.000000000,"[-0.05167780816555023, 0.12433934211730957, -0.007673503365367651, -0.04067668318748474]","[-0.07315900921821594, -0.1114678829908371, -0.10385143756866455, -0.12560543417930603]"
24344.0,2006-06-01T00:00:00.000000000,"[-2.1968863010406494, -2.284895181655884, -2.328899383544922, -2.526918411254883]","[-2.27528715133667, -2.2048699855804443, -1.5999099016189575, -2.110697031021118]"
24344.0,2006-09-01T00:00:00.000000000,"[-2.284895181655884, -2.328899383544922, -2.526918411254883, -1.8888564109802246]","[-2.2385616302490234, -2.1703572273254395, -2.1313838958740234, -2.0132944583892822]"
24344.0,2006-12-01T00:00:00.000000000,"[-2.328899383544922, -2.526918411254883, -1.8888564109802246, -0.9867687225341797]","[-1.9536964893341064, -1.964093565940857, -1.9564847946166992, -1.8881690502166748]"
24344.0,2007-03-01T00:00:00.000000000,"[-2.526918411254883, -1.8888564109802246, -0.9867687225341797, -0.3267045319080353]","[-2.1152844429016113, -2.0709469318389893, -2.0510194301605225, -1.9532701969146729]"
24344.0,2007-06-01T00:00:00.000000000,"[-1.8888564109802246, -0.9867687225341797, -0.3267045319080353, -0.5027216672897339]","[-2.3029205799102783, -2.2343602180480957, -2.1860101222991943, -2.069406270980835]"
24344.0,2007-09-01T00:00:00.000000000,"[-0.9867687225341797, -0.3267045319080353, -0.5027216672897339, -0.1726895570755005]","[-2.241851329803467, -2.171513795852661, -2.1346139907836914, -2.0159976482391357]"
24344.0,2007-12-01T00:00:00.000000000,"[-0.3267045319080353, -0.5027216672897339, -0.1726895570755005, -0.3487066924571991]","[-1.3697401285171509, -1.2814885377883911, -1.3723769187927246, -1.244774341583252]"
24344.0,2008-03-01T00:00:00.000000000,"[-0.5027216672897339, -0.1726895570755005, -0.3487066924571991, 0.06933397799730301]","[-0.7225016355514526, -0.6958160400390625, -0.584425687789917, -0.5835959911346436]"
24344.0,2008-06-01T00:00:00.000000000,"[-0.1726895570755005, -0.3487066924571991, 0.06933397799730301, 0.20134682953357697]","[-0.45058906078338623, -0.5371747016906738, -0.18571031093597412, -0.42868542671203613]"
24344.0,2008-09-01T00:00:00.000000000,"[-0.3487066924571991, 0.06933397799730301, 0.20134682953357697, 0.15734252333641052]","[0.08933353424072266, -0.14621174335479736, 0.009281277656555176, 0.025426626205444336]"
24344.0,2008-12-01T00:00:00.000000000,"[0.06933397799730301, 0.20134682953357697, 0.15734252333641052, 0.4653724431991577]","[-0.460829496383667, -0.718611478805542, -0.7414036989212036, -0.6980411410331726]"
24344.0,2009-03-01T00:00:00.000000000,"[0.20134682953357697, 0.15734252333641052, 0.4653724431991577, 0.6413896679878235]","[-0.3963979482650757, -0.5573005676269531, -0.7783488631248474, -0.7264593243598938]"
24344.0,2009-06-01T00:00:00.000000000,"[0.15734252333641052, 0.4653724431991577, 0.6413896679878235, 0.9714217185974121]","[-0.16758465766906738, -0.36044955253601074, -0.5104219913482666, -0.4734283685684204]"
24344.0,2009-09-01T00:00:00.000000000,"[0.4653724431991577, 0.6413896679878235, 0.9714217185974121, 1.3674603700637817]","[0.03776514530181885, -0.2019428014755249, -0.3176802396774292, -0.2612466812133789]"
24344.0,2009-12-01T00:00:00.000000000,"[0.6413896679878235, 0.9714217185974121, 1.3674603700637817, 1.6974923610687256]","[0.4138302803039551, 0.08824968338012695, 0.0716402530670166, 0.1519031524658203]"
24344.0,2010-03-01T00:00:00.000000000,"[0.9714217185974121, 1.3674603700637817, 1.6974923610687256, 2.1595370769500732]","[0.23897814750671387, -0.0003867149353027344, 0.09338593482971191, -0.14069795608520508]"
24344.0,2010-06-01T00:00:00.000000000,"[1.3674603700637817, 1.6974923610687256, 2.1595370769500732, 1.8075029850006104]","[0.5327543020248413, 0.30259430408477783, 0.4783099889755249, 0.16745173931121826]"
24344.0,2010-09-01T00:00:00.000000000,"[1.6974923610687256, 2.1595370769500732, 1.8075029850006104, 2.071528673171997]","[0.840428352355957, 0.547921895980835, 0.38340067863464355, 0.40982675552368164]"
24344.0,2010-12-01T00:00:00.000000000,"[2.1595370769500732, 1.8075029850006104, 2.071528673171997, 2.0055222511291504]","[1.2957159280776978, 0.9530023336410522, 1.1443690061569214, 0.8884285688400269]"
24344.0,2011-03-01T00:00:00.000000000,"[1.8075029850006104, 2.071528673171997, 2.0055222511291504, 3.0396230220794678]","[1.5210237503051758, 1.0975440740585327, 1.2803001403808594, 1.2392096519470215]"
24344.0,2011-06-01T00:00:00.000000000,"[2.071528673171997, 2.0055222511291504, 3.0396230220794678, 4.931806564331055]","[1.399444580078125, 0.992720901966095, 1.4445936679840088, 1.1893064975738525]"
24344.0,2011-09-01T00:00:00.000000000,"[2.0055222511291504, 3.0396230220794678, 4.931806564331055, 5.0418171882629395]","[1.711221694946289, 1.2130770683288574, 1.3356008529663086, 1.2810907363891602]"
24344.0,2011-12-01T00:00:00.000000000,"[3.0396230220794678, 4.931806564331055, 5.0418171882629395, 5.107824325561523]","[1.3563814163208008, 0.932728111743927, 0.6435274481773376, 0.6574236750602722]"
24344.0,2012-03-01T00:00:00.000000000,"[4.931806564331055, 5.0418171882629395, 5.107824325561523, 4.82179594039917]","[2.170417070388794, 1.772974967956543, 1.5116000175476074, 1.5991259813308716]"
24344.0,2012-06-01T00:00:00.000000000,"[5.0418171882629395, 5.107824325561523, 4.82179594039917, 5.855896949768066]","[3.2782154083251953, 2.8854622840881348, 2.568901538848877, 2.6674163341522217]"
24344.0,2012-09-01T00:00:00.000000000,"[5.107824325561523, 4.82179594039917, 5.855896949768066, 6.1419243812561035]","[3.633878707885742, 3.069485902786255, 3.0094857215881348, 3.085411310195923]"
24344.0,2012-12-01T00:00:00.000000000,"[4.82179594039917, 5.855896949768066, 6.1419243812561035, 7.132020950317383]","[3.913410186767578, 3.3656904697418213, 3.545318603515625, 3.326138496398926]"
24344.0,2013-03-01T00:00:00.000000000,"[5.855896949768066, 6.1419243812561035, 7.132020950317383, 6.713980197906494]","[3.3419148921966553, 2.579166889190674, 2.6225974559783936, 2.694129467010498]"
24468.0,2006-06-01T00:00:00.000000000,"[6.647973537445068, 7.660072326660156, 8.298134803771973, 7.704076290130615]","[3.6161510944366455, 3.343348741531372, 3.1033711433410645, 3.1120362281799316]"
24468.0,2006-09-01T00:00:00.000000000,"[7.660072326660156, 8.298134803771973, 7.704076290130615, 8.584161758422852]","[5.425646781921387, 4.876894950866699, 4.819553375244141, 4.928428649902344]"
24468.0,2006-12-01T00:00:00.000000000,"[8.298134803771973, 7.704076290130615, 8.584161758422852, 9.156217575073242]","[5.6366472244262695, 5.483323097229004, 5.011286735534668, 5.027288913726807]"
24468.0,2007-03-01T00:00:00.000000000,"[7.704076290130615, 8.584161758422852, 9.156217575073242, 9.20022201538086]","[6.738811492919922, 6.300457000732422, 6.520022392272949, 6.165785789489746]"
24468.0,2007-06-01T00:00:00.000000000,"[8.584161758422852, 9.156217575073242, 9.20022201538086, 9.838284492492676]","[6.679752349853516, 6.029651641845703, 6.441683292388916, 6.014116287231445]"
24468.0,2007-09-01T00:00:00.000000000,"[9.156217575073242, 9.20022201538086, 9.838284492492676, 10.762373924255371]","[6.641602516174316, 5.854667663574219, 5.654749393463135, 5.736397743225098]"
24468.0,2007-12-01T00:00:00.000000000,"[9.20022201538086, 9.838284492492676, 10.762373924255371, 10.718369483947754]","[7.999688148498535, 7.149471759796143, 7.185830116271973, 6.96463680267334]"
24468.0,2008-03-01T00:00:00.000000000,"[9.838284492492676, 10.762373924255371, 10.718369483947754, 10.388337135314941]","[7.612577438354492, 6.852840423583984, 6.714042663574219, 6.823675155639648]"
24468.0,2008-06-01T00:00:00.000000000,"[10.762373924255371, 10.718369483947754, 10.388337135314941, 10.740371704101562]","[8.214338302612305, 7.3585124015808105, 7.1482415199279785, 7.3193559646606445]"
24468.0,2008-09-01T00:00:00.000000000,"[10.718369483947754, 10.388337135314941, 10.740371704101562, 10.388337135314941]","[8.848753929138184, 8.128579139709473, 7.576686859130859, 7.724506855010986]"
24468.0,2008-12-01T00:00:00.000000000,"[10.388337135314941, 10.740371704101562, 10.388337135314941, 13.182609558105469]","[9.489396095275879, 8.784480094909668, 8.358016014099121, 8.423266410827637]"
24468.0,2009-03-01T00:00:00.000000000,"[10.740371704101562, 10.388337135314941, 13.182609558105469, 10.872385025024414]","[9.53958797454834, 8.683539390563965, 8.739007949829102, 8.729541778564453]"
24468.0,2009-06-01T00:00:00.000000000,"[10.388337135314941, 13.182609558105469, 10.872385025024414, 12.610553741455078]","[10.07844352722168, 9.134325981140137, 9.03207015991211, 9.186951637268066]"
24468.0,2009-09-01T00:00:00.000000000,"[13.182609558105469, 10.872385025024414, 12.610553741455078, 12.060501098632812]","[10.490287780761719, 9.577099800109863, 9.870214462280273, 9.679896354675293]"
24468.0,2009-12-01T00:00:00.000000000,"[10.872385025024414, 12.610553741455078, 12.060501098632812, 15.580842971801758]","[11.168680191040039, 10.105703353881836, 10.879475593566895, 10.531038284301758]"
24468.0,2010-03-01T00:00:00.000000000,"[12.610553741455078, 12.060501098632812, 15.580842971801758, 14.678754806518555]","[10.76799201965332, 9.78582763671875, 10.997983932495117, 9.908340454101562]"
24468.0,2010-06-01T00:00:00.000000000,"[12.060501098632812, 15.580842971801758, 14.678754806518555, 14.656752586364746]","[11.986063003540039, 10.895566940307617, 11.202606201171875, 10.966472625732422]"
24468.0,2010-09-01T00:00:00.000000000,"[15.580842971801758, 14.678754806518555, 14.656752586364746, 19.431217193603516]","[12.530034065246582, 11.31558609008789, 11.665118217468262, 11.727636337280273]"
24468.0,2010-12-01T00:00:00.000000000,"[14.678754806518555, 14.656752586364746, 19.431217193603516, 19.475223541259766]","[12.413034439086914, 11.737936019897461, 10.86810302734375, 11.057525634765625]"
24468.0,2011-03-01T00:00:00.000000000,"[14.656752586364746, 19.431217193603516, 19.475223541259766, 17.649045944213867]","[12.830402374267578, 11.920228958129883, 11.61771011352539, 11.720130920410156]"
24468.0,2011-06-01T00:00:00.000000000,"[19.431217193603516, 19.475223541259766, 17.649045944213867, 19.409217834472656]","[12.985895156860352, 12.088716506958008, 11.597042083740234, 11.77640151977539]"
24468.0,2011-09-01T00:00:00.000000000,"[19.475223541259766, 17.649045944213867, 19.409217834472656, 18.74915313720703]","[14.65511703491211, 13.801069259643555, 12.791133880615234, 12.866307258605957]"
24468.0,2011-12-01T00:00:00.000000000,"[17.649045944213867, 19.409217834472656, 18.74915313720703, 9.376238822937012]","[17.163314819335938, 15.916570663452148, 15.625022888183594, 15.783926963806152]"
24468.0,2012-03-01T00:00:00.000000000,"[19.409217834472656, 18.74915313720703, 9.376238822937012, 11.048401832580566]","[17.326353073120117, 15.527360916137695, 16.88564109802246, 15.840295791625977]"
24468.0,2012-06-01T00:00:00.000000000,"[18.74915313720703, 9.376238822937012, 11.048401832580566, 11.79647445678711]","[18.69791603088379, 16.44052505493164, 17.031997680664062, 16.85982894897461]"
24468.0,2012-09-01T00:00:00.000000000,"[9.376238822937012, 11.048401832580566, 11.79647445678711, 9.794280052185059]","[17.96924591064453, 16.408679962158203, 16.355146408081055, 16.458669662475586]"
24468.0,2012-12-01T00:00:00.000000000,"[11.048401832580566, 11.79647445678711, 9.794280052185059, 6.757984638214111]","[11.704793930053711, 11.192041397094727, 13.049108505249023, 11.60136604309082]"
24617.0,2006-06-01T00:00:00.000000000,"[0.5606417655944824, 0.6193875670433044, 0.4873746931552887, 0.37010324001312256]","[0.09969222545623779, 0.07101419568061829, 0.06183964014053345, 0.06120115518569946]"
24617.0,2006-09-01T00:00:00.000000000,"[0.6193875670433044, 0.4873746931552887, 0.37010324001312256, 0.7661417722702026]","[0.3182833194732666, 0.21264944970607758, 0.16326136887073517, 0.17686031758785248]"
24617.0,2006-12-01T00:00:00.000000000,"[0.4873746931552887, 0.37010324001312256, 0.7661417722702026, 0.7514004111289978]","[0.464169979095459, 0.37297648191452026, 0.39939719438552856, 0.3491250276565552]"
24617.0,2007-03-01T00:00:00.000000000,"[0.37010324001312256, 0.7661417722702026, 0.7514004111289978, 0.5461203455924988]","[0.3301970362663269, 0.2816762328147888, 0.3437539339065552, 0.277127742767334]"
24617.0,2007-06-01T00:00:00.000000000,"[0.7661417722702026, 0.7514004111289978, 0.5461203455924988, 0.35536178946495056]","[0.3376891016960144, 0.23861347138881683, 0.26431840658187866, 0.25060051679611206]"
24617.0,2007-09-01T00:00:00.000000000,"[0.7514004111289978, 0.5461203455924988, 0.35536178946495056, 0.7366588711738586]","[0.5197107791900635, 0.39937666058540344, 0.351270467042923, 0.3625350296497345]"
24617.0,2007-12-01T00:00:00.000000000,"[0.5461203455924988, 0.35536178946495056, 0.7366588711738586, 0.8101460337638855]","[0.5338766574859619, 0.5401585102081299, 0.5147485733032227, 0.47953513264656067]"
24617.0,2008-03-01T00:00:00.000000000,"[0.35536178946495056, 0.7366588711738586, 0.8101460337638855, 0.5166375637054443]","[0.4710700511932373, 0.4142114222049713, 0.4140275716781616, 0.38836178183555603]"
24617.0,2008-06-01T00:00:00.000000000,"[0.7366588711738586, 0.8101460337638855, 0.5166375637054443, 0.4726331830024719]","[0.41609805822372437, 0.32152968645095825, 0.3037455081939697, 0.31400954723358154]"
24617.0,2008-09-01T00:00:00.000000000,"[0.8101460337638855, 0.5166375637054443, 0.4726331830024719, 1.0446888208389282]","[0.6346404552459717, 0.49991732835769653, 0.4515807032585144, 0.46756333112716675]"
24617.0,2008-12-01T00:00:00.000000000,"[0.5166375637054443, 0.4726331830024719, 1.0446888208389282, 1.1181758642196655]","[0.7291348576545715, 0.6234913468360901, 0.6326612830162048, 0.6034443974494934]"
24617.0,2009-03-01T00:00:00.000000000,"[0.4726331830024719, 1.0446888208389282, 1.1181758642196655, 1.0446888208389282]","[0.5032547116279602, 0.46374616026878357, 0.5014157295227051, 0.43103742599487305]"
24617.0,2009-06-01T00:00:00.000000000,"[1.0446888208389282, 1.1181758642196655, 1.0446888208389282, 1.2501888275146484]","[0.4999350905418396, 0.41822272539138794, 0.3789980709552765, 0.4067334234714508]"
24617.0,2009-09-01T00:00:00.000000000,"[1.1181758642196655, 1.0446888208389282, 1.2501888275146484, 2.21828293800354]","[0.9182401299476624, 0.7911409735679626, 0.7077504396438599, 0.7279398441314697]"
24617.0,2009-12-01T00:00:00.000000000,"[1.0446888208389282, 1.2501888275146484, 2.21828293800354, 2.4088215827941895]","[0.9915068745613098, 0.913783609867096, 0.9594739079475403, 0.9080652594566345]"
24617.0,2010-03-01T00:00:00.000000000,"[1.2501888275146484, 2.21828293800354, 2.4088215827941895, 2.1595370769500732]","[0.9994001388549805, 0.9375046491622925, 0.9751794338226318, 0.9161359071731567]"
24617.0,2010-06-01T00:00:00.000000000,"[2.21828293800354, 2.4088215827941895, 2.1595370769500732, 1.7047529220581055]","[1.1920948028564453, 1.0477895736694336, 1.011714220046997, 1.0394806861877441]"
24617.0,2010-09-01T00:00:00.000000000,"[2.4088215827941895, 2.1595370769500732, 1.7047529220581055, 2.4675674438476562]","[1.5761078596115112, 1.3850939273834229, 1.2814964056015015, 1.3201810121536255]"
24617.0,2010-12-01T00:00:00.000000000,"[2.1595370769500732, 1.7047529220581055, 2.4675674438476562, 2.3062915802001953]","[1.7715502977371216, 1.5895171165466309, 1.6488585472106934, 1.5859986543655396]"
24617.0,2011-03-01T00:00:00.000000000,"[1.7047529220581055, 2.4675674438476562, 2.3062915802001953, 1.9395159482955933]","[1.6690775156021118, 1.5411301851272583, 1.6308801174163818, 1.4642776250839233]"
24617.0,2011-06-01T00:00:00.000000000,"[2.4675674438476562, 2.3062915802001953, 1.9395159482955933, 1.8735092878341675]","[1.5054404735565186, 1.2541954517364502, 1.3463547229766846, 1.2742277383804321]"
24617.0,2011-09-01T00:00:00.000000000,"[2.3062915802001953, 1.9395159482955933, 1.8735092878341675, 2.0495264530181885]","[2.0028140544891357, 1.6979053020477295, 1.6288611888885498, 1.661647081375122]"
24617.0,2011-12-01T00:00:00.000000000,"[1.9395159482955933, 1.8735092878341675, 2.0495264530181885, 3.0616250038146973]","[1.9855496883392334, 1.7412910461425781, 1.867492437362671, 1.7250235080718994]"
24617.0,2012-03-01T00:00:00.000000000,"[1.8735092878341675, 2.0495264530181885, 3.0616250038146973, 2.8416035175323486]","[1.841130256652832, 1.6588177680969238, 1.7983827590942383, 1.638883352279663]"
24617.0,2012-06-01T00:00:00.000000000,"[2.0495264530181885, 3.0616250038146973, 2.8416035175323486, 3.0396230220794678]","[1.8700385093688965, 1.624943494796753, 1.657792329788208, 1.6442914009094238]"
24617.0,2012-09-01T00:00:00.000000000,"[3.0616250038146973, 2.8416035175323486, 3.0396230220794678, 4.381753444671631]","[2.0502688884735107, 1.8057260513305664, 1.742525339126587, 1.7937920093536377]"
24617.0,2012-12-01T00:00:00.000000000,"[2.8416035175323486, 3.0396230220794678, 4.381753444671631, 4.733787536621094]","[2.5922951698303223, 2.3767905235290527, 2.309863328933716, 2.3458774089813232]"
24617.0,2013-03-01T00:00:00.000000000,"[3.0396230220794678, 4.381753444671631, 4.733787536621094, 4.601775169372559]","[2.540034294128418, 2.360182762145996, 2.527924060821533, 2.3322649002075195]"
24856.0,2006-06-01T00:00:00.000000000,"[4.491764068603516, 3.8096976280212402, 4.645779132843018, 5.76788854598999]","[1.2128013372421265, 1.1421725749969482, 1.036566972732544, 1.0942667722702026]"
24856.0,2006-09-01T00:00:00.000000000,"[3.8096976280212402, 4.645779132843018, 5.76788854598999, 6.229933261871338]","[2.195420742034912, 2.037461757659912, 1.935075044631958, 2.017813205718994]"
24856.0,2006-12-01T00:00:00.000000000,"[4.645779132843018, 5.76788854598999, 6.229933261871338, 6.38394832611084]","[2.359158515930176, 2.347928524017334, 2.310047149658203, 2.1223363876342773]"
24856.0,2007-03-01T00:00:00.000000000,"[5.76788854598999, 6.229933261871338, 6.38394832611084, 6.603969573974609]","[2.6345369815826416, 2.283776044845581, 2.1990020275115967, 2.2733571529388428]"
24856.0,2007-06-01T00:00:00.000000000,"[6.229933261871338, 6.38394832611084, 6.603969573974609, 5.965907573699951]","[3.3564348220825195, 2.8350348472595215, 2.770073413848877, 2.8536524772644043]"
24856.0,2007-09-01T00:00:00.000000000,"[6.38394832611084, 6.603969573974609, 5.965907573699951, 6.075918197631836]","[4.061436176300049, 3.604334592819214, 3.517685651779175, 3.3738198280334473]"
24856.0,2007-12-01T00:00:00.000000000,"[6.603969573974609, 5.965907573699951, 6.075918197631836, 5.349847793579102]","[5.03016996383667, 4.39021110534668, 4.462238311767578, 4.201160907745361]"
24856.0,2008-03-01T00:00:00.000000000,"[5.965907573699951, 6.075918197631836, 5.349847793579102, 5.239837169647217]","[4.882961750030518, 4.25592565536499, 4.421517848968506, 4.0938568115234375]"
24856.0,2008-06-01T00:00:00.000000000,"[6.075918197631836, 5.349847793579102, 5.239837169647217, 4.20573616027832]","[4.816598415374756, 4.192896366119385, 4.465691089630127, 4.033898830413818]"
24856.0,2008-09-01T00:00:00.000000000,"[5.349847793579102, 5.239837169647217, 4.20573616027832, 4.931806564331055]","[5.2769927978515625, 4.553980350494385, 4.716796875, 4.706778526306152]"
24856.0,2008-12-01T00:00:00.000000000,"[5.239837169647217, 4.20573616027832, 4.931806564331055, 4.2937445640563965]","[4.530599594116211, 3.8853492736816406, 3.8767919540405273, 3.9357051849365234]"
24856.0,2009-03-01T00:00:00.000000000,"[4.20573616027832, 4.931806564331055, 4.2937445640563965, 3.21563982963562]","[4.870123863220215, 4.250200271606445, 4.037228584289551, 4.210604190826416]"
24856.0,2009-06-01T00:00:00.000000000,"[4.931806564331055, 4.2937445640563965, 3.21563982963562, 2.5555758476257324]","[4.250762939453125, 3.7474417686462402, 3.676478385925293, 3.7894434928894043]"
24856.0,2009-09-01T00:00:00.000000000,"[4.2937445640563965, 3.21563982963562, 2.5555758476257324, 3.5016677379608154]","[5.081650733947754, 4.664018154144287, 4.185006618499756, 4.243106842041016]"
24856.0,2009-12-01T00:00:00.000000000,"[3.21563982963562, 2.5555758476257324, 3.5016677379608154, 3.3476529121398926]","[4.865149021148682, 4.532505989074707, 4.562512397766113, 4.475719451904297]"
24856.0,2010-03-01T00:00:00.000000000,"[2.5555758476257324, 3.5016677379608154, 3.3476529121398926, 2.4675674438476562]","[4.126947402954102, 3.8378148078918457, 4.531709671020508, 4.279425144195557]"
24856.0,2010-06-01T00:00:00.000000000,"[3.5016677379608154, 3.3476529121398926, 2.4675674438476562, 3.171635627746582]","[3.4121785163879395, 3.1565492153167725, 3.78965163230896, 3.6943554878234863]"
24856.0,2010-09-01T00:00:00.000000000,"[3.3476529121398926, 2.4675674438476562, 3.171635627746582, 3.3036487102508545]","[3.4089653491973877, 3.340467929840088, 3.2449491024017334, 3.415788412094116]"
24856.0,2010-12-01T00:00:00.000000000,"[2.4675674438476562, 3.171635627746582, 3.3036487102508545, 3.1496336460113525]","[3.4498205184936523, 3.5053296089172363, 3.826714515686035, 3.8256077766418457]"
24856.0,2011-03-01T00:00:00.000000000,"[3.171635627746582, 3.3036487102508545, 3.1496336460113525, 2.1595370769500732]","[2.7203097343444824, 2.833177328109741, 3.0351428985595703, 3.0989925861358643]"
24856.0,2011-06-01T00:00:00.000000000,"[3.3036487102508545, 3.1496336460113525, 2.1595370769500732, 2.9956183433532715]","[3.186933994293213, 3.1536967754364014, 3.1285555362701416, 3.402778387069702]"
24856.0,2011-09-01T00:00:00.000000000,"[3.1496336460113525, 2.1595370769500732, 2.9956183433532715, 1.7414965629577637]","[3.794099807739258, 3.864100933074951, 3.711298942565918, 3.9259190559387207]"
24856.0,2011-12-01T00:00:00.000000000,"[2.1595370769500732, 2.9956183433532715, 1.7414965629577637, 3.9417104721069336]","[3.3123958110809326, 3.4390060901641846, 3.4385626316070557, 3.6126174926757812]"
24856.0,2012-03-01T00:00:00.000000000,"[2.9956183433532715, 1.7414965629577637, 3.9417104721069336, 4.117727756500244]","[2.8126261234283447, 2.929779529571533, 2.961761474609375, 3.1708219051361084]"
24856.0,2012-06-01T00:00:00.000000000,"[1.7414965629577637, 3.9417104721069336, 4.117727756500244, 3.875704050064087]","[3.1006250381469727, 3.213587999343872, 3.202111005783081, 3.4050822257995605]"
24856.0,2012-09-01T00:00:00.000000000,"[3.9417104721069336, 4.117727756500244, 3.875704050064087, 3.4136593341827393]","[1.9755611419677734, 2.195380449295044, 2.3465254306793213, 2.6397628784179688]"
24856.0,2012-12-01T00:00:00.000000000,"[4.117727756500244, 3.875704050064087, 3.4136593341827393, 5.129826545715332]","[3.4147679805755615, 3.57720947265625, 3.640864610671997, 3.754153251647949]"
24856.0,2013-03-01T00:00:00.000000000,"[3.875704050064087, 3.4136593341827393, 5.129826545715332, 0.8174067735671997]","[4.013841152191162, 4.180076599121094, 4.256484508514404, 4.238914966583252]"
24925.0,2006-06-01T00:00:00.000000000,"[2.7315926551818848, 2.7095906734466553, 3.369654893875122, 2.7095906734466553]","[2.4859726428985596, 2.296440839767456, 2.497864246368408, 2.261612892150879]"
24925.0,2006-09-01T00:00:00.000000000,"[2.7095906734466553, 3.369654893875122, 2.7095906734466553, 3.0396230220794678]","[2.5698201656341553, 2.3352341651916504, 2.379581928253174, 2.4541380405426025]"
24925.0,2006-12-01T00:00:00.000000000,"[3.369654893875122, 2.7095906734466553, 3.0396230220794678, 2.8416035175323486]","[2.5143022537231445, 2.2944188117980957, 2.2669968605041504, 2.29339599609375]"
24925.0,2007-03-01T00:00:00.000000000,"[2.7095906734466553, 3.0396230220794678, 2.8416035175323486, 3.3036487102508545]","[2.5355286598205566, 2.3867897987365723, 2.221545457839966, 2.247145891189575]"
24925.0,2007-06-01T00:00:00.000000000,"[3.0396230220794678, 2.8416035175323486, 3.3036487102508545, 2.5995800495147705]","[2.311044692993164, 2.1771867275238037, 2.1836228370666504, 2.1099894046783447]"
24925.0,2007-09-01T00:00:00.000000000,"[2.8416035175323486, 3.3036487102508545, 2.5995800495147705, 2.7315926551818848]","[2.839916944503784, 2.718301296234131, 2.602260112762451, 2.6087422370910645]"
24925.0,2007-12-01T00:00:00.000000000,"[3.3036487102508545, 2.5995800495147705, 2.7315926551818848, 2.929612159729004]","[2.7580204010009766, 2.502366542816162, 2.6949782371520996, 2.589308977127075]"
24925.0,2008-03-01T00:00:00.000000000,"[2.5995800495147705, 2.7315926551818848, 2.929612159729004, 3.3916571140289307]","[3.039076089859009, 2.8667001724243164, 2.7174901962280273, 2.761918067932129]"
24925.0,2008-06-01T00:00:00.000000000,"[2.7315926551818848, 2.929612159729004, 3.3916571140289307, 3.9417104721069336]","[2.708500623703003, 2.560555934906006, 2.7038846015930176, 2.5141029357910156]"
24925.0,2008-09-01T00:00:00.000000000,"[2.929612159729004, 3.3916571140289307, 3.9417104721069336, 4.227738380432129]","[2.761845350265503, 2.64457631111145, 2.550398826599121, 2.606332540512085]"
24925.0,2008-12-01T00:00:00.000000000,"[3.3916571140289307, 3.9417104721069336, 4.227738380432129, 4.491764068603516]","[3.032665729522705, 2.8734130859375, 2.7897531986236572, 2.8314061164855957]"
24925.0,2009-03-01T00:00:00.000000000,"[3.9417104721069336, 4.227738380432129, 4.491764068603516, 5.239837169647217]","[3.5463016033172607, 3.400973081588745, 3.322834014892578, 3.3981876373291016]"
24925.0,2009-06-01T00:00:00.000000000,"[4.227738380432129, 4.491764068603516, 5.239837169647217, 5.0418171882629395]","[3.9505348205566406, 3.7740726470947266, 3.8211283683776855, 3.7888293266296387]"
24925.0,2009-09-01T00:00:00.000000000,"[4.491764068603516, 5.239837169647217, 5.0418171882629395, 5.6578779220581055]","[3.994659900665283, 3.792837142944336, 3.693101167678833, 3.761833906173706]"
24925.0,2009-12-01T00:00:00.000000000,"[5.239837169647217, 5.0418171882629395, 5.6578779220581055, 6.097919940948486]","[4.3654046058654785, 4.06941032409668, 3.9785475730895996, 4.049833297729492]"
24925.0,2010-03-01T00:00:00.000000000,"[5.0418171882629395, 5.6578779220581055, 6.097919940948486, 6.38394832611084]","[4.612947463989258, 4.2748613357543945, 4.198437690734863, 4.277058124542236]"
24925.0,2010-06-01T00:00:00.000000000,"[5.6578779220581055, 6.097919940948486, 6.38394832611084, 6.559965133666992]","[4.666255950927734, 4.323283672332764, 4.477454662322998, 4.3714704513549805]"
24925.0,2010-09-01T00:00:00.000000000,"[6.097919940948486, 6.38394832611084, 6.559965133666992, 6.053915977478027]","[5.149369716644287, 4.752860069274902, 4.746611595153809, 4.842836856842041]"
24925.0,2010-12-01T00:00:00.000000000,"[6.38394832611084, 6.559965133666992, 6.053915977478027, 6.537962913513184]","[5.473843097686768, 5.275348663330078, 5.034797668457031, 5.024365425109863]"
24925.0,2011-03-01T00:00:00.000000000,"[6.559965133666992, 6.053915977478027, 6.537962913513184, 6.757984638214111]","[5.96730375289917, 5.4428911209106445, 5.585629463195801, 5.468315124511719]"
24925.0,2011-06-01T00:00:00.000000000,"[6.053915977478027, 6.537962913513184, 6.757984638214111, 6.00991153717041]","[6.254757881164551, 5.677073955535889, 5.990200996398926, 5.734905242919922]"
24925.0,2011-09-01T00:00:00.000000000,"[6.537962913513184, 6.757984638214111, 6.00991153717041, 5.76788854598999]","[5.468044281005859, 5.256143569946289, 5.024838924407959, 4.984500408172607]"
24925.0,2011-12-01T00:00:00.000000000,"[6.757984638214111, 6.00991153717041, 5.76788854598999, 6.273937702178955]","[6.125044822692871, 5.739288330078125, 5.573652267456055, 5.589193344116211]"
24925.0,2012-03-01T00:00:00.000000000,"[6.00991153717041, 5.76788854598999, 6.273937702178955, 7.132020950317383]","[6.121082782745361, 5.613280296325684, 5.899389266967773, 5.80052375793457]"
24925.0,2012-06-01T00:00:00.000000000,"[5.76788854598999, 6.273937702178955, 7.132020950317383, 7.220029354095459]","[5.771759986877441, 5.381723880767822, 5.947445869445801, 5.608673572540283]"
24925.0,2012-09-01T00:00:00.000000000,"[6.273937702178955, 7.132020950317383, 7.220029354095459, 7.57206392288208]","[5.488302707672119, 5.193188190460205, 5.065098285675049, 5.079526901245117]"
24925.0,2012-12-01T00:00:00.000000000,"[7.132020950317383, 7.220029354095459, 7.57206392288208, 7.902095794677734]","[6.416717529296875, 6.142258167266846, 6.104292869567871, 6.15753173828125]"
24925.0,2013-03-01T00:00:00.000000000,"[7.220029354095459, 7.57206392288208, 7.902095794677734, 7.506057262420654]","[6.597572326660156, 6.285868167877197, 6.081271171569824, 6.162480354309082]"
24975.0,2005-06-01T00:00:00.000000000,"[0.7293981313705444, 0.7293981313705444, 0.7073960304260254, 1.0594303607940674]","[0.506611168384552, 0.43611130118370056, 0.4090530276298523, 0.47248613834381104]"
24975.0,2005-09-01T00:00:00.000000000,"[0.7293981313705444, 0.7073960304260254, 1.0594303607940674, 0.7954046130180359]","[0.7482964992523193, 0.6574317216873169, 0.6222145557403564, 0.5362707376480103]"
24975.0,2005-12-01T00:00:00.000000000,"[0.7073960304260254, 1.0594303607940674, 0.7954046130180359, 0.6853939294815063]","[0.7425259351730347, 0.6496882438659668, 0.7087092399597168, 0.6781656742095947]"
24975.0,2006-03-01T00:00:00.000000000,"[1.0594303607940674, 0.7954046130180359, 0.6853939294815063, 0.7734025120735168]","[0.7312802672386169, 0.6325002312660217, 0.6846438646316528, 0.6663340330123901]"
24975.0,2006-06-01T00:00:00.000000000,"[0.7954046130180359, 0.6853939294815063, 0.7734025120735168, 0.7954046130180359]","[0.9399362206459045, 0.8378426432609558, 0.8158130645751953, 0.8351625204086304]"
24975.0,2006-09-01T00:00:00.000000000,"[0.6853939294815063, 0.7734025120735168, 0.7954046130180359, 1.0814324617385864]","[0.726453959941864, 0.6444498300552368, 0.7745476961135864, 0.6628924608230591]"
24975.0,2006-12-01T00:00:00.000000000,"[0.7734025120735168, 0.7954046130180359, 1.0814324617385864, 0.9714217185974121]","[0.680964469909668, 0.607738733291626, 0.6940264701843262, 0.6288324594497681]"
24975.0,2007-03-01T00:00:00.000000000,"[0.7954046130180359, 1.0814324617385864, 0.9714217185974121, 0.9934238195419312]","[0.7477296590805054, 0.6477099657058716, 0.7012253999710083, 0.6756964921951294]"
24975.0,2007-06-01T00:00:00.000000000,"[1.0814324617385864, 0.9714217185974121, 0.9934238195419312, 1.3674603700637817]","[0.8230109214782715, 0.7717608213424683, 0.7137539386749268, 0.7249508500099182]"
24975.0,2007-09-01T00:00:00.000000000,"[0.9714217185974121, 0.9934238195419312, 1.3674603700637817, 1.2354472875595093]","[0.9516494870185852, 0.8852581977844238, 0.8737058639526367, 0.88676917552948]"
24975.0,2007-12-01T00:00:00.000000000,"[0.9934238195419312, 1.3674603700637817, 1.2354472875595093, 1.323456048965454]","[0.864812433719635, 0.8636065721511841, 0.8379615545272827, 0.8432139158248901]"
24975.0,2008-03-01T00:00:00.000000000,"[1.3674603700637817, 1.2354472875595093, 1.323456048965454, 0.8174067735671997]","[0.8724989891052246, 0.859794020652771, 0.830257773399353, 0.8296500444412231]"
24975.0,2008-06-01T00:00:00.000000000,"[1.2354472875595093, 1.323456048965454, 0.8174067735671997, 1.7194944620132446]","[1.1626496315002441, 1.056395411491394, 1.0480378866195679, 1.0702236890792847]"
24975.0,2008-12-01T00:00:00.000000000,"[1.323456048965454, 0.8174067735671997, 1.7194944620132446, 1.6754902601242065]","[1.0638749599456787, 0.9916118383407593, 0.9971311092376709, 0.9524129629135132]"
24975.0,2009-03-01T00:00:00.000000000,"[0.8174067735671997, 1.7194944620132446, 1.6754902601242065, 1.3894624710083008]","[1.1466655731201172, 1.068111777305603, 1.0166072845458984, 1.0347005128860474]"
24975.0,2009-06-01T00:00:00.000000000,"[1.7194944620132446, 1.6754902601242065, 1.3894624710083008, 1.0154259204864502]","[0.8538967370986938, 0.7800252437591553, 0.7948145270347595, 0.7852843403816223]"
24975.0,2009-12-01T00:00:00.000000000,"[1.6754902601242065, 1.3894624710083008, 1.0154259204864502, 1.6754902601242065]","[1.3600099086761475, 1.25118088722229, 1.196377158164978, 1.2240145206451416]"
24975.0,2010-03-01T00:00:00.000000000,"[1.3894624710083008, 1.0154259204864502, 1.6754902601242065, 1.8515071868896484]","[1.486083984375, 1.3716821670532227, 1.5177150964736938, 1.4068963527679443]"
24975.0,2010-06-01T00:00:00.000000000,"[1.0154259204864502, 1.6754902601242065, 1.8515071868896484, 1.8955113887786865]","[1.2228984832763672, 1.1956150531768799, 1.176417350769043, 1.1536531448364258]"
24975.0,2010-09-01T00:00:00.000000000,"[1.6754902601242065, 1.8515071868896484, 1.8955113887786865, 1.8295050859451294]","[1.0168700218200684, 0.9346691966056824, 0.9227126836776733, 0.9358841776847839]"
24975.0,2011-03-01T00:00:00.000000000,"[1.8515071868896484, 1.8955113887786865, 1.8295050859451294, 1.5214751958847046]","[1.443880319595337, 1.3282262086868286, 1.3079426288604736, 1.3233449459075928]"
24975.0,2011-06-01T00:00:00.000000000,"[1.8955113887786865, 1.8295050859451294, 1.5214751958847046, 1.9835201501846313]","[1.6206964254379272, 1.5001857280731201, 1.5339457988739014, 1.479391098022461]"
24975.0,2011-12-01T00:00:00.000000000,"[1.8295050859451294, 1.5214751958847046, 1.9835201501846313, 3.127631425857544]","[1.689051866531372, 1.6324174404144287, 1.6510120630264282, 1.6033073663711548]"
24975.0,2012-03-01T00:00:00.000000000,"[1.5214751958847046, 1.9835201501846313, 3.127631425857544, 2.775597333908081]","[1.7550185918807983, 1.6148350238800049, 1.6335227489471436, 1.6075553894042969]"
24975.0,2012-06-01T00:00:00.000000000,"[1.9835201501846313, 3.127631425857544, 2.775597333908081, 2.6435842514038086]","[1.5387182235717773, 1.4415189027786255, 1.5202486515045166, 1.4640475511550903]"
24975.0,2012-09-01T00:00:00.000000000,"[3.127631425857544, 2.775597333908081, 2.6435842514038086, 3.0396230220794678]","[1.8155131340026855, 1.6825220584869385, 1.6438837051391602, 1.6651978492736816]"
24975.0,2012-12-01T00:00:00.000000000,"[2.775597333908081, 2.6435842514038086, 3.0396230220794678, 3.281646251678467]","[2.4164998531341553, 2.272033214569092, 2.221168041229248, 2.2730956077575684]"
24975.0,2013-03-01T00:00:00.000000000,"[2.6435842514038086, 3.0396230220794678, 3.281646251678467, 3.3036487102508545]","[2.360114097595215, 2.232489585876465, 2.3726768493652344, 2.238889694213867]"
25124.0,2006-06-01T00:00:00.000000000,"[2.775597333908081, 2.8636057376861572, 2.7535951137542725, 2.4455649852752686]","[2.7969772815704346, 2.708397150039673, 2.6927413940429688, 2.566551685333252]"
25124.0,2006-09-01T00:00:00.000000000,"[2.8636057376861572, 2.7535951137542725, 2.4455649852752686, 2.4895694255828857]","[2.761106491088867, 2.719906806945801, 2.6473758220672607, 2.7487130165100098]"
25124.0,2006-12-01T00:00:00.000000000,"[2.7535951137542725, 2.4455649852752686, 2.4895694255828857, 2.5115716457366943]","[2.81795072555542, 2.754530668258667, 2.7977306842803955, 2.846478223800659]"
25124.0,2007-03-01T00:00:00.000000000,"[2.4455649852752686, 2.4895694255828857, 2.5115716457366943, 2.533573627471924]","[2.800741195678711, 2.8057332038879395, 2.761751651763916, 2.706376791000366]"
25124.0,2007-06-01T00:00:00.000000000,"[2.4895694255828857, 2.5115716457366943, 2.533573627471924, 2.115532875061035]","[2.491703987121582, 2.4890313148498535, 2.4490885734558105, 2.4087069034576416]"
25124.0,2007-09-01T00:00:00.000000000,"[2.5115716457366943, 2.533573627471924, 2.115532875061035, 2.3575565814971924]","[2.3766674995422363, 2.334472179412842, 2.33819842338562, 2.4724841117858887]"
25124.0,2007-12-01T00:00:00.000000000,"[2.533573627471924, 2.115532875061035, 2.3575565814971924, 2.4015607833862305]","[2.3785817623138428, 2.3144946098327637, 2.4233286380767822, 2.4599432945251465]"
25124.0,2008-03-01T00:00:00.000000000,"[2.115532875061035, 2.3575565814971924, 2.4015607833862305, 2.4015607833862305]","[2.5083820819854736, 2.4628355503082275, 2.475541830062866, 2.3987109661102295]"
25124.0,2008-06-01T00:00:00.000000000,"[2.3575565814971924, 2.4015607833862305, 2.4015607833862305, 2.313552141189575]","[2.170651435852051, 2.1724133491516113, 2.1774837970733643, 2.203305244445801]"
25124.0,2008-09-01T00:00:00.000000000,"[2.4015607833862305, 2.4015607833862305, 2.313552141189575, 2.5115716457366943]","[2.1856584548950195, 2.197103500366211, 2.187549114227295, 2.237985849380493]"
25124.0,2008-12-01T00:00:00.000000000,"[2.4015607833862305, 2.313552141189575, 2.5115716457366943, 2.5995800495147705]","[2.3207876682281494, 2.306319236755371, 2.338902473449707, 2.346357583999634]"
25124.0,2009-03-01T00:00:00.000000000,"[2.313552141189575, 2.5115716457366943, 2.5995800495147705, 2.6435842514038086]","[2.5090906620025635, 2.425283432006836, 2.4282379150390625, 2.3573896884918213]"
25124.0,2009-06-01T00:00:00.000000000,"[2.5115716457366943, 2.5995800495147705, 2.6435842514038086, 2.929612159729004]","[2.3081283569335938, 2.305372953414917, 2.318463087081909, 2.335698127746582]"
25124.0,2009-09-01T00:00:00.000000000,"[2.5995800495147705, 2.6435842514038086, 2.929612159729004, 3.083627223968506]","[2.373289108276367, 2.356825828552246, 2.3713841438293457, 2.367711305618286]"
25124.0,2009-12-01T00:00:00.000000000,"[2.6435842514038086, 2.929612159729004, 3.083627223968506, 3.017620801925659]","[2.5862367153167725, 2.498188018798828, 2.517293930053711, 2.446960926055908]"
25434.0,2006-06-01T00:00:00.000000000,"[0.047331858426332474, 0.11333828419446945, 0.17934469878673553, 0.025329740718007088]","[-0.1446627825498581, -0.17293845117092133, -0.12534481287002563, -0.16576474905014038]"
25434.0,2006-09-01T00:00:00.000000000,"[0.11333828419446945, 0.17934469878673553, 0.025329740718007088, 0.2233489453792572]","[0.004940003156661987, -0.05679994821548462, -0.04408100247383118, -0.03526407480239868]"
25434.0,2006-12-01T00:00:00.000000000,"[0.17934469878673553, 0.025329740718007088, 0.2233489453792572, 0.2453511357307434]","[0.08454000949859619, 0.015247613191604614, 0.028844445943832397, 0.02610224485397339]"
25434.0,2007-03-01T00:00:00.000000000,"[0.025329740718007088, 0.2233489453792572, 0.2453511357307434, 0.3113575577735901]","[0.10904240608215332, 0.05672168731689453, 0.06072893738746643, 0.06102368235588074]"
25434.0,2007-06-01T00:00:00.000000000,"[0.2233489453792572, 0.2453511357307434, 0.3113575577735901, 0.15734252333641052]","[0.053947657346725464, -0.002627730369567871, 0.054345548152923584, 0.004951000213623047]"
25434.0,2007-09-01T00:00:00.000000000,"[0.2453511357307434, 0.3113575577735901, 0.15734252333641052, 0.37736397981643677]","[0.13576072454452515, 0.10861489176750183, 0.07031470537185669, 0.07072138786315918]"
25434.0,2007-12-01T00:00:00.000000000,"[0.3113575577735901, 0.15734252333641052, 0.37736397981643677, 0.5313789248466492]","[0.22553272545337677, 0.19006206095218658, 0.15749768912792206, 0.15908770263195038]"
25434.0,2008-03-01T00:00:00.000000000,"[0.15734252333641052, 0.37736397981643677, 0.5313789248466492, 0.44337034225463867]","[0.25915300846099854, 0.2646602392196655, 0.20581050217151642, 0.20242606103420258]"
25434.0,2008-06-01T00:00:00.000000000,"[0.37736397981643677, 0.5313789248466492, 0.44337034225463867, 0.2893553674221039]","[0.14131271839141846, 0.08408519625663757, 0.09909319877624512, 0.06746441125869751]"
25434.0,2008-09-01T00:00:00.000000000,"[0.5313789248466492, 0.44337034225463867, 0.2893553674221039, 0.5093768239021301]","[0.3138654828071594, 0.22753766179084778, 0.19319504499435425, 0.20535680651664734]"
25434.0,2008-12-01T00:00:00.000000000,"[0.44337034225463867, 0.2893553674221039, 0.5093768239021301, 0.5093768239021301]","[0.4037568271160126, 0.32930809259414673, 0.3074386417865753, 0.32492753863334656]"
25434.0,2009-03-01T00:00:00.000000000,"[0.2893553674221039, 0.5093768239021301, 0.5093768239021301, 0.575383186340332]","[0.3658580780029297, 0.3386273980140686, 0.3064321279525757, 0.3125535249710083]"
25434.0,2009-06-01T00:00:00.000000000,"[0.5093768239021301, 0.5093768239021301, 0.575383186340332, 0.4653724431991577]","[0.2566636800765991, 0.17387861013412476, 0.24148020148277283, 0.213996022939682]"
25434.0,2009-09-01T00:00:00.000000000,"[0.5093768239021301, 0.575383186340332, 0.4653724431991577, 0.6633917689323425]","[0.4041673243045807, 0.331538587808609, 0.29161620140075684, 0.3040488660335541]"
25434.0,2009-12-01T00:00:00.000000000,"[0.575383186340332, 0.4653724431991577, 0.6633917689323425, 0.6633917689323425]","[0.467043936252594, 0.36874592304229736, 0.3888079524040222, 0.3553571105003357]"
25434.0,2010-03-01T00:00:00.000000000,"[0.4653724431991577, 0.6633917689323425, 0.6633917689323425, 0.7954046130180359]","[0.4825422167778015, 0.4085736572742462, 0.41100871562957764, 0.3860902190208435]"
25434.0,2010-06-01T00:00:00.000000000,"[0.6633917689323425, 0.6633917689323425, 0.7954046130180359, 0.6193875670433044]","[0.4672982692718506, 0.3936045169830322, 0.41878294944763184, 0.39553171396255493]"
25434.0,2010-09-01T00:00:00.000000000,"[0.6633917689323425, 0.7954046130180359, 0.6193875670433044, 1.0154259204864502]","[0.6596044898033142, 0.5765175223350525, 0.5360804796218872, 0.556045413017273]"
25434.0,2010-12-01T00:00:00.000000000,"[0.7954046130180359, 0.6193875670433044, 1.0154259204864502, 0.8394088745117188]","[0.5899012088775635, 0.5060173869132996, 0.4705934226512909, 0.4845578968524933]"
25434.0,2011-03-01T00:00:00.000000000,"[0.6193875670433044, 1.0154259204864502, 0.8394088745117188, 1.0374282598495483]","[0.6450942158699036, 0.579177975654602, 0.5250809192657471, 0.5457409024238586]"
25434.0,2011-06-01T00:00:00.000000000,"[1.0154259204864502, 0.8394088745117188, 1.0374282598495483, 0.003327556187286973]","[0.5834081172943115, 0.5204044580459595, 0.5335067510604858, 0.5136228799819946]"
25434.0,2011-09-01T00:00:00.000000000,"[0.8394088745117188, 1.0374282598495483, 0.003327556187286973, -1.7128393650054932]","[0.8845157623291016, 0.7949068546295166, 0.7443810701370239, 0.7649378776550293]"
25434.0,2011-12-01T00:00:00.000000000,"[1.0374282598495483, 0.003327556187286973, -1.7128393650054932, 0.42136821150779724]","[0.8188437819480896, 0.7209691405296326, 0.7198209762573242, 0.7080058455467224]"
25434.0,2012-03-01T00:00:00.000000000,"[0.003327556187286973, -1.7128393650054932, 0.42136821150779724, 0.6413896679878235]","[0.9133054614067078, 0.831796407699585, 0.7755024433135986, 0.8011890649795532]"
25434.0,2012-06-01T00:00:00.000000000,"[-1.7128393650054932, 0.42136821150779724, 0.6413896679878235, 0.6633917689323425]","[0.2043665200471878, 0.21857522428035736, 0.3669557273387909, 0.2711208164691925]"
25434.0,2012-09-01T00:00:00.000000000,"[0.42136821150779724, 0.6413896679878235, 0.6633917689323425, 1.5214751958847046]","[-0.4319026470184326, -0.32499778270721436, -0.18604402244091034, -0.1344066709280014]"
25434.0,2012-12-01T00:00:00.000000000,"[0.6413896679878235, 0.6633917689323425, 1.5214751958847046, 1.499472975730896]","[0.12234076112508774, 0.12798622250556946, 0.12106255441904068, 0.17241816222667694]"
25434.0,2013-03-01T00:00:00.000000000,"[0.6633917689323425, 1.5214751958847046, 1.499472975730896, 0.8834132552146912]","[0.30509430170059204, 0.3644300401210785, 0.4309169352054596, 0.39163777232170105]"
27928.0,2006-06-01T00:00:00.000000000,"[7.066014289855957, -0.722743034362793, -0.920762300491333, -0.8327537775039673]","[0.47650426626205444, 0.35358360409736633, 0.22038064897060394, 0.3476441502571106]"
27928.0,2006-09-01T00:00:00.000000000,"[-0.722743034362793, -0.920762300491333, -0.8327537775039673, 5.569868564605713]","[2.5572803020477295, 2.905092239379883, 2.58549165725708, 2.9214935302734375]"
27928.0,2006-12-01T00:00:00.000000000,"[-0.920762300491333, -0.8327537775039673, 5.569868564605713, -0.8107516169548035]","[1.124229907989502, 1.3530511856079102, 3.3484554290771484, 1.3149659633636475]"
27928.0,2007-03-01T00:00:00.000000000,"[-0.8327537775039673, 5.569868564605713, -0.8107516169548035, -0.5027216672897339]","[-0.17343580722808838, -0.02880305051803589, 0.045169174671173096, 0.2863408327102661]"
27928.0,2007-06-01T00:00:00.000000000,"[5.569868564605713, -0.8107516169548035, -0.5027216672897339, -0.15068741142749786]","[0.8402600288391113, 0.3865811824798584, 0.7283312678337097, 1.0180962085723877]"
27928.0,2007-09-01T00:00:00.000000000,"[-0.8107516169548035, -0.5027216672897339, -0.15068741142749786, 6.8459930419921875]","[2.056643486022949, 2.3539459705352783, 2.126131534576416, 2.443486452102661]"
27928.0,2007-12-01T00:00:00.000000000,"[-0.5027216672897339, -0.15068741142749786, 6.8459930419921875, -0.5247237682342529]","[0.761827826499939, 1.030214786529541, 2.6334924697875977, 0.7818039655685425]"
27928.0,2008-03-01T00:00:00.000000000,"[-0.15068741142749786, 6.8459930419921875, -0.5247237682342529, -0.5687280893325806]","[-0.506225049495697, -0.19097119569778442, -0.032096028327941895, 0.3201264441013336]"
27928.0,2008-06-01T00:00:00.000000000,"[6.8459930419921875, -0.5247237682342529, -0.5687280893325806, -0.12868529558181763]","[0.6274632215499878, 0.351350873708725, 0.5654972195625305, 0.8274195194244385]"
27928.0,2008-09-01T00:00:00.000000000,"[-0.5247237682342529, -0.5687280893325806, -0.12868529558181763, 7.880094051361084]","[2.3360507488250732, 2.6436753273010254, 2.4381308555603027, 2.7523844242095947]"
27928.0,2008-12-01T00:00:00.000000000,"[-0.5687280893325806, -0.12868529558181763, 7.880094051361084, -0.2606981098651886]","[0.8766767978668213, 1.0936212539672852, 3.032259941101074, 0.7548796534538269]"
27928.0,2009-03-01T00:00:00.000000000,"[-0.12868529558181763, 7.880094051361084, -0.2606981098651886, -0.45871737599372864]","[-0.20452088117599487, 0.08745020627975464, 0.21006715297698975, 0.5698670148849487]"
27928.0,2009-06-01T00:00:00.000000000,"[7.880094051361084, -0.2606981098651886, -0.45871737599372864, 0.06933397799730301]","[0.9526934027671814, 0.7165728211402893, 0.7365875840187073, 0.9568559527397156]"
27928.0,2009-09-01T00:00:00.000000000,"[-0.2606981098651886, -0.45871737599372864, 0.06933397799730301, 9.904291152954102]","[2.58868670463562, 2.8541102409362793, 2.533724784851074, 2.8979439735412598]"
27928.0,2009-12-01T00:00:00.000000000,"[-0.45871737599372864, 0.06933397799730301, 9.904291152954102, 0.003327556187286973]","[1.1765103340148926, 1.3844659328460693, 3.96935772895813, 1.2266066074371338]"
27928.0,2010-03-01T00:00:00.000000000,"[0.06933397799730301, 9.904291152954102, 0.003327556187286973, -0.06267886608839035]","[0.028270959854125977, 0.26047569513320923, 0.3780739903450012, 0.7020097970962524]"
27928.0,2010-06-01T00:00:00.000000000,"[9.904291152954102, 0.003327556187286973, -0.06267886608839035, 1.499472975730896]","[0.929531991481781, 0.7450182437896729, 0.5775719285011292, 0.7784284353256226]"
27928.0,2010-09-01T00:00:00.000000000,"[0.003327556187286973, -0.06267886608839035, 1.499472975730896, 11.51044750213623]","[3.6298370361328125, 3.920351028442383, 3.4510562419891357, 3.8710851669311523]"
27928.0,2010-12-01T00:00:00.000000000,"[-0.06267886608839035, 1.499472975730896, 11.51044750213623, -0.898760199546814]","[1.1067607402801514, 1.4662665128707886, 3.892764091491699, 1.0608421564102173]"
27928.0,2011-03-01T00:00:00.000000000,"[1.499472975730896, 11.51044750213623, -0.898760199546814, 0.20134682953357697]","[1.254906177520752, 1.400722861289978, 1.3503923416137695, 1.6471799612045288]"
27928.0,2011-06-01T00:00:00.000000000,"[11.51044750213623, -0.898760199546814, 0.20134682953357697, 1.8515071868896484]","[3.3121933937072754, 2.27510929107666, 2.4097213745117188, 2.633455514907837]"
27928.0,2011-09-01T00:00:00.000000000,"[-0.898760199546814, 0.20134682953357697, 1.8515071868896484, 9.17821979522705]","[4.727797508239746, 4.7787675857543945, 4.3777008056640625, 4.743945598602295]"
27928.0,2011-12-01T00:00:00.000000000,"[0.20134682953357697, 1.8515071868896484, 9.17821979522705, 3.281646251678467]","[1.713944673538208, 1.7185686826705933, 5.602494716644287, 1.5825351476669312]"
27928.0,2012-03-01T00:00:00.000000000,"[1.8515071868896484, 9.17821979522705, 3.281646251678467, 1.3674603700637817]","[0.6622704863548279, 0.904939591884613, 0.9830058217048645, 1.382948637008667]"
27928.0,2012-06-01T00:00:00.000000000,"[9.17821979522705, 3.281646251678467, 1.3674603700637817, 0.7954046130180359]","[3.3669095039367676, 2.448580265045166, 2.3747665882110596, 2.6292519569396973]"
27928.0,2012-09-01T00:00:00.000000000,"[3.281646251678467, 1.3674603700637817, 0.7954046130180359, 12.654558181762695]","[4.441586017608643, 4.8893585205078125, 4.52512264251709, 4.986823558807373]"
27928.0,2012-12-01T00:00:00.000000000,"[1.3674603700637817, 0.7954046130180359, 12.654558181762695, 3.633680582046509]","[3.410721778869629, 4.085679054260254, 6.564193248748779, 3.8646438121795654]"
27928.0,2013-03-01T00:00:00.000000000,"[0.7954046130180359, 12.654558181762695, 3.633680582046509, 2.665586471557617]","[2.8030452728271484, 2.810352325439453, 2.641634464263916, 2.842214345932007]"
27965.0,2006-06-01T00:00:00.000000000,"[0.047331858426332474, 0.036330800503492355, 0.003327556187286973, 0.047331858426332474]","[-0.06613720953464508, -0.09186148643493652, -0.12090235948562622, -0.11578592658042908]"
27965.0,2006-09-01T00:00:00.000000000,"[0.036330800503492355, 0.003327556187286973, 0.047331858426332474, 0.05833292007446289]","[-0.03790171444416046, -0.07010293006896973, -0.09885373711585999, -0.09411093592643738]"
27965.0,2006-12-01T00:00:00.000000000,"[0.003327556187286973, 0.047331858426332474, 0.05833292007446289, 0.025329740718007088]","[-0.0346142053604126, -0.06282058358192444, -0.08029031753540039, -0.07402600347995758]"
27965.0,2007-03-01T00:00:00.000000000,"[0.047331858426332474, 0.05833292007446289, 0.025329740718007088, 0.003327556187286973]","[-0.019385412335395813, -0.0557158887386322, -0.042028993368148804, -0.05883267521858215]"
27965.0,2007-06-01T00:00:00.000000000,"[0.05833292007446289, 0.025329740718007088, 0.003327556187286973, 0.06933397799730301]","[-0.01165047287940979, -0.04917718470096588, -0.07679610699415207, -0.07458393275737762]"
27965.0,2007-09-01T00:00:00.000000000,"[0.025329740718007088, 0.003327556187286973, 0.06933397799730301, 0.2233489453792572]","[-0.00048169493675231934, -0.03545089066028595, -0.06273603439331055, -0.05971316993236542]"
27965.0,2007-12-01T00:00:00.000000000,"[0.003327556187286973, 0.06933397799730301, 0.2233489453792572, 0.33335965871810913]","[-0.014650657773017883, -0.03288795053958893, -0.007117018103599548, -0.03539484739303589]"
27965.0,2008-03-01T00:00:00.000000000,"[0.06933397799730301, 0.2233489453792572, 0.33335965871810913, 0.4543713927268982]","[0.0021560639142990112, -0.027080461382865906, 0.001642569899559021, -0.004135429859161377]"
27965.0,2008-06-01T00:00:00.000000000,"[0.2233489453792572, 0.33335965871810913, 0.4543713927268982, 0.575383186340332]","[0.043850526213645935, 0.012048482894897461, 0.0002595186233520508, 0.011678114533424377]"
27965.0,2008-09-01T00:00:00.000000000,"[0.33335965871810913, 0.4543713927268982, 0.575383186340332, 0.740399181842804]","[0.12890787422657013, 0.09740415215492249, 0.07919690012931824, 0.09452268481254578]"
27965.0,2008-12-01T00:00:00.000000000,"[0.4543713927268982, 0.575383186340332, 0.740399181842804, 0.8504099249839783]","[0.19767095148563385, 0.17289848625659943, 0.14433418214321136, 0.1584825962781906]"
27965.0,2009-03-01T00:00:00.000000000,"[0.575383186340332, 0.740399181842804, 0.8504099249839783, 0.7954046130180359]","[0.2813919484615326, 0.24119237065315247, 0.22403162717819214, 0.22654324769973755]"
27965.0,2009-06-01T00:00:00.000000000,"[0.740399181842804, 0.8504099249839783, 0.7954046130180359, 0.8394088745117188]","[0.41163021326065063, 0.3311551809310913, 0.29513078927993774, 0.3078001141548157]"
27965.0,2009-09-01T00:00:00.000000000,"[0.8504099249839783, 0.7954046130180359, 0.8394088745117188, 1.0704313516616821]","[0.5121896266937256, 0.4152711033821106, 0.3753472566604614, 0.3883662223815918]"
27965.0,2009-12-01T00:00:00.000000000,"[0.7954046130180359, 0.8394088745117188, 1.0704313516616821, 1.2904525995254517]","[0.4554852247238159, 0.4109296500682831, 0.3296760618686676, 0.33858954906463623]"
27965.0,2010-03-01T00:00:00.000000000,"[0.8394088745117188, 1.0704313516616821, 1.2904525995254517, 1.125436782836914]","[0.5151333212852478, 0.4472936689853668, 0.38300052285194397, 0.3931865990161896]"
27965.0,2010-06-01T00:00:00.000000000,"[1.0704313516616821, 1.2904525995254517, 1.125436782836914, 0.9274174571037292]","[0.5106496214866638, 0.400124192237854, 0.3578585684299469, 0.3635079562664032]"
27965.0,2010-09-01T00:00:00.000000000,"[1.2904525995254517, 1.125436782836914, 0.9274174571037292, 0.8504099249839783]","[0.6439241170883179, 0.5220526456832886, 0.47033917903900146, 0.47715798020362854]"
27965.0,2010-12-01T00:00:00.000000000,"[1.125436782836914, 0.9274174571037292, 0.8504099249839783, 0.8724120259284973]","[0.9445335865020752, 0.8262871503829956, 0.8011490106582642, 0.8173120021820068]"
27965.0,2011-03-01T00:00:00.000000000,"[0.9274174571037292, 0.8504099249839783, 0.8724120259284973, 0.7514004111289978]","[0.9626837372779846, 0.8154986500740051, 0.8865578770637512, 0.8312913179397583]"
27965.0,2011-06-01T00:00:00.000000000,"[0.8504099249839783, 0.8724120259284973, 0.7514004111289978, 0.9054153561592102]","[0.7173538208007812, 0.6699368953704834, 0.6298697590827942, 0.612426221370697]"
27965.0,2011-09-01T00:00:00.000000000,"[0.8724120259284973, 0.7514004111289978, 0.9054153561592102, 1.0154259204864502]","[0.6727191209793091, 0.5808995366096497, 0.5746707320213318, 0.5748709440231323]"
27965.0,2011-12-01T00:00:00.000000000,"[0.7514004111289978, 0.9054153561592102, 1.0154259204864502, 1.0154259204864502]","[0.8966579437255859, 0.7756402492523193, 0.8655226230621338, 0.7881429195404053]"
27965.0,2012-03-01T00:00:00.000000000,"[0.9054153561592102, 1.0154259204864502, 1.0154259204864502, 1.0814324617385864]","[0.727934718132019, 0.6854850053787231, 0.6355282068252563, 0.631710410118103]"
27965.0,2012-06-01T00:00:00.000000000,"[1.0154259204864502, 1.0154259204864502, 1.0814324617385864, 1.3344571590423584]","[0.9170849323272705, 0.8129150867462158, 0.8561346530914307, 0.8800299167633057]"
27965.0,2012-09-01T00:00:00.000000000,"[1.0154259204864502, 1.0814324617385864, 1.3344571590423584, 1.477470874786377]","[1.0165399312973022, 0.9081406593322754, 0.9744352102279663, 0.9701629877090454]"
27965.0,2012-12-01T00:00:00.000000000,"[1.0814324617385864, 1.3344571590423584, 1.477470874786377, 1.6534881591796875]","[1.0599559545516968, 1.0011277198791504, 1.0012563467025757, 0.950576663017273]"
27965.0,2013-03-01T00:00:00.000000000,"[1.3344571590423584, 1.477470874786377, 1.6534881591796875, 1.9395159482955933]","[1.0567659139633179, 0.9769822359085083, 1.005088448524475, 0.9797632694244385]"
28180.0,2006-06-01T00:00:00.000000000,"[3.5016677379608154, 3.831699848175049, 3.171635627746582, 3.831699848175049]","[2.5786399841308594, 2.2116966247558594, 2.2857933044433594, 2.342350721359253]"
28180.0,2006-09-01T00:00:00.000000000,"[3.831699848175049, 3.171635627746582, 3.831699848175049, 4.57977294921875]","[2.454650402069092, 2.2351832389831543, 2.0001285076141357, 2.0157909393310547]"
28180.0,2006-12-01T00:00:00.000000000,"[3.171635627746582, 3.831699848175049, 4.57977294921875, 4.865800380706787]","[3.3547792434692383, 3.098081588745117, 3.1143901348114014, 3.044560194015503]"
28180.0,2007-03-01T00:00:00.000000000,"[3.831699848175049, 4.57977294921875, 4.865800380706787, 4.117727756500244]","[2.856416940689087, 2.6005048751831055, 2.5077381134033203, 2.4730453491210938]"
28180.0,2007-06-01T00:00:00.000000000,"[4.57977294921875, 4.865800380706787, 4.117727756500244, 4.9978132247924805]","[3.2799816131591797, 2.930943489074707, 2.6982860565185547, 2.7246336936950684]"
28180.0,2007-09-01T00:00:00.000000000,"[4.865800380706787, 4.117727756500244, 4.9978132247924805, 5.129826545715332]","[3.7272706031799316, 3.283459186553955, 3.176633358001709, 3.211909055709839]"
28180.0,2007-12-01T00:00:00.000000000,"[4.117727756500244, 4.9978132247924805, 5.129826545715332, 5.679879665374756]","[3.9538655281066895, 3.6093788146972656, 3.71002197265625, 3.673217296600342]"
28180.0,2008-03-01T00:00:00.000000000,"[4.9978132247924805, 5.129826545715332, 5.679879665374756, 4.9978132247924805]","[3.8191909790039062, 3.525301933288574, 3.6382007598876953, 3.4195988178253174]"
28180.0,2008-06-01T00:00:00.000000000,"[5.129826545715332, 5.679879665374756, 4.9978132247924805, 5.019815444946289]","[4.445291996002197, 4.033113479614258, 3.829047679901123, 3.873974323272705]"
28180.0,2008-09-01T00:00:00.000000000,"[5.679879665374756, 4.9978132247924805, 5.019815444946289, 5.987909317016602]","[4.735569953918457, 4.20888090133667, 4.226846218109131, 4.238096714019775]"
28180.0,2008-12-01T00:00:00.000000000,"[4.9978132247924805, 5.019815444946289, 5.987909317016602, 6.38394832611084]","[5.1851606369018555, 4.802203178405762, 4.732846736907959, 4.734491348266602]"
28180.0,2009-03-01T00:00:00.000000000,"[5.019815444946289, 5.987909317016602, 6.38394832611084, 5.679879665374756]","[4.68859338760376, 4.272848129272461, 4.7968363761901855, 4.402132034301758]"
28180.0,2009-06-01T00:00:00.000000000,"[5.987909317016602, 6.38394832611084, 5.679879665374756, 7.242031574249268]","[4.8247270584106445, 4.369430065155029, 4.560833930969238, 4.488224029541016]"
28180.0,2009-09-01T00:00:00.000000000,"[6.38394832611084, 5.679879665374756, 7.242031574249268, 8.716175079345703]","[4.973468780517578, 4.599198341369629, 4.272247314453125, 4.287374973297119]"
28180.0,2009-12-01T00:00:00.000000000,"[5.679879665374756, 7.242031574249268, 8.716175079345703, 9.20022201538086]","[5.86404275894165, 5.40097188949585, 5.466192245483398, 5.322522163391113]"
28180.0,2010-03-01T00:00:00.000000000,"[7.242031574249268, 8.716175079345703, 9.20022201538086, 7.484055042266846]","[5.47330379486084, 5.1310601234436035, 4.984009742736816, 4.8867011070251465]"
28180.0,2010-06-01T00:00:00.000000000,"[8.716175079345703, 9.20022201538086, 7.484055042266846, 8.210125923156738]","[6.411045551300049, 5.905088424682617, 5.496940612792969, 5.552793025970459]"
28180.0,2010-09-01T00:00:00.000000000,"[9.20022201538086, 7.484055042266846, 8.210125923156738, 9.222225189208984]","[7.304442405700684, 6.673496246337891, 6.310794830322266, 6.428022384643555]"
28180.0,2010-12-01T00:00:00.000000000,"[7.484055042266846, 8.210125923156738, 9.222225189208984, 10.476346015930176]","[7.214723587036133, 6.894258499145508, 6.525799751281738, 6.6819024085998535]"
28180.0,2011-03-01T00:00:00.000000000,"[8.210125923156738, 9.222225189208984, 10.476346015930176, 8.650168418884277]","[7.260846138000488, 6.722673416137695, 6.740806579589844, 6.462160110473633]"
28180.0,2011-06-01T00:00:00.000000000,"[9.222225189208984, 10.476346015930176, 8.650168418884277, 8.034109115600586]","[7.859368324279785, 7.102783203125, 6.740086078643799, 6.800424098968506]"
28180.0,2011-09-01T00:00:00.000000000,"[10.476346015930176, 8.650168418884277, 8.034109115600586, 14.920778274536133]","[7.827725410461426, 7.225320816040039, 6.894848346710205, 6.966225624084473]"
28180.0,2011-12-01T00:00:00.000000000,"[8.650168418884277, 8.034109115600586, 14.920778274536133, 14.854772567749023]","[9.19297981262207, 8.51451301574707, 8.732187271118164, 8.66440200805664]"
28180.0,2012-03-01T00:00:00.000000000,"[8.034109115600586, 14.920778274536133, 14.854772567749023, 11.180415153503418]","[8.639466285705566, 8.132080078125, 8.21156120300293, 7.906736373901367]"
28180.0,2012-06-01T00:00:00.000000000,"[14.920778274536133, 14.854772567749023, 11.180415153503418, 14.832769393920898]","[8.264225006103516, 7.709181785583496, 7.38390588760376, 7.49827766418457]"
28180.0,2012-09-01T00:00:00.000000000,"[14.854772567749023, 11.180415153503418, 14.832769393920898, 17.627042770385742]","[11.15083122253418, 10.400018692016602, 9.772492408752441, 9.928253173828125]"
28180.0,2012-12-01T00:00:00.000000000,"[11.180415153503418, 14.832769393920898, 17.627042770385742, 17.05498504638672]","[11.402908325195312, 10.974309921264648, 10.704719543457031, 10.62067699432373]"
28180.0,2013-03-01T00:00:00.000000000,"[14.832769393920898, 17.627042770385742, 17.05498504638672, 16.10889434814453]","[10.309398651123047, 11.108901977539062, 11.054424285888672, 10.167787551879883]"
28320.0,2000-06-01T00:00:00.000000000,"[0.7734025120735168, 0.7073960304260254, 0.5973852872848511, 0.5313789248466492]","[0.5326903462409973, 0.559782087802887, 0.571309506893158, 0.6227792501449585]"
28320.0,2000-09-01T00:00:00.000000000,"[0.7073960304260254, 0.5973852872848511, 0.5313789248466492, 1.0814324617385864]","[0.6769591569900513, 0.7166159152984619, 0.7284577488899231, 0.7726948261260986]"
28320.0,2000-12-01T00:00:00.000000000,"[0.5973852872848511, 0.5313789248466492, 1.0814324617385864, 1.147438883781433]","[0.749356746673584, 0.7872008085250854, 0.9124024510383606, 0.8224427103996277]"
28320.0,2001-03-01T00:00:00.000000000,"[0.5313789248466492, 1.0814324617385864, 1.147438883781433, 0.9054153561592102]","[0.6854754090309143, 0.7266801595687866, 0.7328559756278992, 0.7803066968917847]"
28320.0,2001-06-01T00:00:00.000000000,"[1.0814324617385864, 1.147438883781433, 0.9054153561592102, 0.7734025120735168]","[0.5553810596466064, 0.5896547436714172, 0.6163979768753052, 0.6620717644691467]"
28320.0,2001-09-01T00:00:00.000000000,"[1.147438883781433, 0.9054153561592102, 0.7734025120735168, 1.3454581499099731]","[0.9200483560562134, 0.9244740605354309, 0.9195087552070618, 0.9586382508277893]"
28320.0,2001-12-01T00:00:00.000000000,"[0.9054153561592102, 0.7734025120735168, 1.3454581499099731, 1.4334666728973389]","[1.1058863401412964, 1.1286563873291016, 1.2374740839004517, 1.1718480587005615]"
28320.0,2002-03-01T00:00:00.000000000,"[0.7734025120735168, 1.3454581499099731, 1.4334666728973389, 1.1914430856704712]","[0.8943977355957031, 0.9359293580055237, 1.0264538526535034, 0.9409610629081726]"
28320.0,2002-06-01T00:00:00.000000000,"[1.3454581499099731, 1.4334666728973389, 1.1914430856704712, 0.9494196176528931]","[0.8433727025985718, 0.8391428589820862, 0.8596948981285095, 0.8460389375686646]"
28320.0,2002-09-01T00:00:00.000000000,"[1.4334666728973389, 1.1914430856704712, 0.9494196176528931, 1.5654793977737427]","[1.2290226221084595, 1.1822621822357178, 1.1134965419769287, 1.1351689100265503]"
28320.0,2002-12-01T00:00:00.000000000,"[1.1914430856704712, 0.9494196176528931, 1.5654793977737427, 1.6754902601242065]","[1.2349107265472412, 1.25441575050354, 1.210456132888794, 1.2392094135284424]"
28320.0,2003-03-01T00:00:00.000000000,"[0.9494196176528931, 1.5654793977737427, 1.6754902601242065, 1.477470874786377]","[1.1582615375518799, 1.18125581741333, 1.1917108297348022, 1.1653319597244263]"
28320.0,2003-06-01T00:00:00.000000000,"[1.5654793977737427, 1.6754902601242065, 1.477470874786377, 1.6094835996627808]","[0.9857093095779419, 0.9628661870956421, 0.9506157040596008, 0.9744773507118225]"
28320.0,2003-09-01T00:00:00.000000000,"[1.6754902601242065, 1.477470874786377, 1.6094835996627808, 2.335554361343384]","[1.4697167873382568, 1.3671568632125854, 1.3597335815429688, 1.3838298320770264]"
28320.0,2003-12-01T00:00:00.000000000,"[1.477470874786377, 1.6094835996627808, 2.335554361343384, 2.42356276512146]","[1.446890950202942, 1.4318186044692993, 1.453341007232666, 1.3986989259719849]"
28320.0,2004-03-01T00:00:00.000000000,"[1.6094835996627808, 2.335554361343384, 2.42356276512146, 2.2035415172576904]","[1.313687801361084, 1.3390419483184814, 1.3688249588012695, 1.3247284889221191]"
28320.0,2004-06-01T00:00:00.000000000,"[2.335554361343384, 2.42356276512146, 2.2035415172576904, 2.027524471282959]","[1.472712755203247, 1.4042903184890747, 1.3721327781677246, 1.3916395902633667]"
28320.0,2004-09-01T00:00:00.000000000,"[2.42356276512146, 2.2035415172576904, 2.027524471282959, 2.819601535797119]","[1.8798656463623047, 1.7664611339569092, 1.672945499420166, 1.7054758071899414]"
28320.0,2004-12-01T00:00:00.000000000,"[2.2035415172576904, 2.027524471282959, 2.819601535797119, 3.0396230220794678]","[1.9226856231689453, 1.826621651649475, 1.8861258029937744, 1.805889368057251]"
28320.0,2005-03-01T00:00:00.000000000,"[2.027524471282959, 2.819601535797119, 3.0396230220794678, 2.7535951137542725]","[1.81280517578125, 1.720247507095337, 1.7429795265197754, 1.6952235698699951]"
28320.0,2005-06-01T00:00:00.000000000,"[2.819601535797119, 3.0396230220794678, 2.7535951137542725, 2.335554361343384]","[1.8043941259384155, 1.6426951885223389, 1.6208815574645996, 1.6356950998306274]"
28320.0,2005-09-01T00:00:00.000000000,"[3.0396230220794678, 2.7535951137542725, 2.335554361343384, 2.7315926551818848]","[2.3285231590270996, 2.1205241680145264, 2.039339303970337, 2.0635600090026855]"
28320.0,2005-12-01T00:00:00.000000000,"[2.7535951137542725, 2.335554361343384, 2.7315926551818848, 3.325650691986084]","[2.3362841606140137, 2.176875591278076, 2.2553727626800537, 2.1354897022247314]"
28320.0,2006-03-01T00:00:00.000000000,"[2.335554361343384, 2.7315926551818848, 3.325650691986084, 3.3036487102508545]","[2.2611420154571533, 2.1214070320129395, 2.199000835418701, 2.0823047161102295]"
28320.0,2006-06-01T00:00:00.000000000,"[2.7315926551818848, 3.325650691986084, 3.3036487102508545, 3.127631425857544]","[2.144881248474121, 1.9297934770584106, 1.9644492864608765, 1.9250894784927368]"
28320.0,2006-09-01T00:00:00.000000000,"[3.325650691986084, 3.3036487102508545, 3.127631425857544, 3.7436912059783936]","[2.369750738143921, 2.125613212585449, 2.054265260696411, 2.0701346397399902]"
28320.0,2006-12-01T00:00:00.000000000,"[3.3036487102508545, 3.127631425857544, 3.7436912059783936, 3.98571515083313]","[2.8090171813964844, 2.595216989517212, 2.6982035636901855, 2.59968900680542]"
28320.0,2007-03-01T00:00:00.000000000,"[3.127631425857544, 3.7436912059783936, 3.98571515083313, 3.875704050064087]","[2.91572904586792, 2.78125262260437, 2.8184452056884766, 2.738962411880493]"
28877.0,2007-12-01T00:00:00.000000000,"[1.125436782836914, -0.04067668318748474, -0.04067668318748474, -0.15068741142749786]","[1.2698949575424194, 1.1252626180648804, 1.1473485231399536, 1.0640312433242798]"
28877.0,2008-03-01T00:00:00.000000000,"[-0.04067668318748474, -0.04067668318748474, -0.15068741142749786, -0.04067668318748474]","[1.228187918663025, 1.0855270624160767, 1.0958431959152222, 1.1682415008544922]"
28877.0,2008-06-01T00:00:00.000000000,"[-0.04067668318748474, -0.15068741142749786, -0.04067668318748474, 0.003327556187286973]","[0.285230427980423, 0.3224796652793884, 0.4584274888038635, 0.3749665319919586]"
28877.0,2008-09-01T00:00:00.000000000,"[-0.15068741142749786, -0.04067668318748474, 0.003327556187286973, 0.06933397799730301]","[0.06492924690246582, 0.13515512645244598, 0.2318708598613739, 0.3483888506889343]"
28877.0,2008-12-01T00:00:00.000000000,"[-0.04067668318748474, 0.003327556187286973, 0.06933397799730301, -0.06267886608839035]","[-0.06632396578788757, 0.020315617322921753, 0.14485520124435425, 0.2289532870054245]"
28877.0,2009-03-01T00:00:00.000000000,"[0.003327556187286973, 0.06933397799730301, -0.06267886608839035, 0.025329740718007088]","[0.03840133547782898, 0.10303261876106262, 0.1552392542362213, 0.24508343636989594]"
28877.0,2009-06-01T00:00:00.000000000,"[0.06933397799730301, -0.06267886608839035, 0.025329740718007088, 0.15734252333641052]","[-0.011486977338790894, 0.06877502799034119, 0.13759607076644897, 0.23651257157325745]"
28877.0,2009-09-01T00:00:00.000000000,"[-0.06267886608839035, 0.025329740718007088, 0.15734252333641052, 0.15734252333641052]","[0.16011270880699158, 0.21226419508457184, 0.2460045963525772, 0.32924094796180725]"
28877.0,2009-12-01T00:00:00.000000000,"[0.025329740718007088, 0.15734252333641052, 0.15734252333641052, 0.025329740718007088]","[0.09979107975959778, 0.16289576888084412, 0.21127107739448547, 0.29943451285362244]"
28877.0,2010-03-01T00:00:00.000000000,"[0.15734252333641052, 0.15734252333641052, 0.025329740718007088, 0.13534040749073029]","[0.08156388998031616, 0.14930972456932068, 0.2345888614654541, 0.30705657601356506]"
28877.0,2010-06-01T00:00:00.000000000,"[0.15734252333641052, 0.025329740718007088, 0.13534040749073029, 0.26735323667526245]","[0.17433205246925354, 0.23351150751113892, 0.2703332304954529, 0.3588259518146515]"
28877.0,2010-09-01T00:00:00.000000000,"[0.025329740718007088, 0.13534040749073029, 0.26735323667526245, 0.2893553674221039]","[0.17688685655593872, 0.2340017855167389, 0.29210376739501953, 0.3580237627029419]"
29028.0,2006-06-01T00:00:00.000000000,"[1.6534881591796875, 2.775597333908081, 1.7634987831115723, 2.0495264530181885]","[1.5738320350646973, 1.5113694667816162, 1.428375244140625, 1.4583855867385864]"
29028.0,2006-09-01T00:00:00.000000000,"[2.775597333908081, 1.7634987831115723, 2.0495264530181885, 1.8735092878341675]","[1.7520031929016113, 1.5882372856140137, 1.6019728183746338, 1.6264891624450684]"
29028.0,2006-12-01T00:00:00.000000000,"[1.7634987831115723, 2.0495264530181885, 1.8735092878341675, 3.1056292057037354]","[2.1300017833709717, 2.0336906909942627, 1.97475004196167, 2.0300893783569336]"
29028.0,2007-03-01T00:00:00.000000000,"[2.0495264530181885, 1.8735092878341675, 3.1056292057037354, 1.6974923610687256]","[1.7274317741394043, 1.6526206731796265, 2.1529369354248047, 1.7077800035476685]"
29028.0,2007-06-01T00:00:00.000000000,"[1.8735092878341675, 3.1056292057037354, 1.6974923610687256, 2.027524471282959]","[1.9686567783355713, 1.8798961639404297, 1.813391923904419, 1.859720230102539]"
29028.0,2007-09-01T00:00:00.000000000,"[3.1056292057037354, 1.6974923610687256, 2.027524471282959, 2.027524471282959]","[1.8787026405334473, 1.7268892526626587, 1.6545815467834473, 1.660361886024475]"
29028.0,2007-12-01T00:00:00.000000000,"[1.6974923610687256, 2.027524471282959, 2.027524471282959, 3.1936378479003906]","[2.3565266132354736, 2.2854437828063965, 2.09891414642334, 2.1513257026672363]"
29028.0,2008-03-01T00:00:00.000000000,"[2.027524471282959, 2.027524471282959, 3.1936378479003906, 1.8735092878341675]","[1.7322900295257568, 1.7003456354141235, 2.098328113555908, 1.683584213256836]"
29028.0,2008-06-01T00:00:00.000000000,"[2.027524471282959, 3.1936378479003906, 1.8735092878341675, 1.8735092878341675]","[2.058434009552002, 1.96437668800354, 1.8757894039154053, 1.9195477962493896]"
29028.0,2008-09-01T00:00:00.000000000,"[3.1936378479003906, 1.8735092878341675, 1.8735092878341675, 2.379558563232422]","[2.128662586212158, 1.8708819150924683, 1.9236013889312744, 1.918914794921875]"
29028.0,2008-12-01T00:00:00.000000000,"[1.8735092878341675, 1.8735092878341675, 2.379558563232422, 3.875704050064087]","[2.5062415599823, 2.400352716445923, 2.30324649810791, 2.3583805561065674]"
29028.0,2009-03-01T00:00:00.000000000,"[1.8735092878341675, 2.379558563232422, 3.875704050064087, 2.2915501594543457]","[1.9256139993667603, 1.848077416419983, 2.3849170207977295, 1.8952109813690186]"
29028.0,2009-06-01T00:00:00.000000000,"[2.379558563232422, 3.875704050064087, 2.2915501594543457, 2.42356276512146]","[2.104222059249878, 2.0514538288116455, 1.9428925514221191, 1.9791719913482666]"
29028.0,2009-09-01T00:00:00.000000000,"[3.875704050064087, 2.2915501594543457, 2.42356276512146, 3.0396230220794678]","[2.3839824199676514, 2.2244620323181152, 2.1605985164642334, 2.1912641525268555]"
29028.0,2009-12-01T00:00:00.000000000,"[2.2915501594543457, 2.42356276512146, 3.0396230220794678, 4.491764068603516]","[2.9263577461242676, 2.92891788482666, 2.726797103881836, 2.799560546875]"
29028.0,2010-03-01T00:00:00.000000000,"[2.42356276512146, 3.0396230220794678, 4.491764068603516, 2.8416035175323486]","[2.324681520462036, 2.3663339614868164, 2.753174304962158, 2.3367931842803955]"
29028.0,2010-06-01T00:00:00.000000000,"[3.0396230220794678, 4.491764068603516, 2.8416035175323486, 3.721689224243164]","[2.390669822692871, 2.33577561378479, 2.217711925506592, 2.263658046722412]"
29028.0,2010-09-01T00:00:00.000000000,"[4.491764068603516, 2.8416035175323486, 3.721689224243164, 3.4576635360717773]","[2.793264150619507, 2.606022357940674, 2.513422727584839, 2.5214200019836426]"
29028.0,2010-12-01T00:00:00.000000000,"[2.8416035175323486, 3.721689224243164, 3.4576635360717773, 5.217834949493408]","[3.8185887336730957, 3.647799015045166, 3.574401617050171, 3.6784439086914062]"
29028.0,2011-03-01T00:00:00.000000000,"[3.721689224243164, 3.4576635360717773, 5.217834949493408, 3.1056292057037354]","[3.166426658630371, 3.0423922538757324, 3.7395429611206055, 3.1443278789520264]"
29028.0,2011-06-01T00:00:00.000000000,"[3.4576635360717773, 5.217834949493408, 3.1056292057037354, 3.919708251953125]","[3.296408176422119, 3.1131651401519775, 2.97507381439209, 3.0215539932250977]"
29028.0,2011-09-01T00:00:00.000000000,"[5.217834949493408, 3.1056292057037354, 3.919708251953125, 3.4576635360717773]","[3.3710899353027344, 3.0153231620788574, 3.0983710289001465, 3.0995187759399414]"
29028.0,2011-12-01T00:00:00.000000000,"[3.1056292057037354, 3.919708251953125, 3.4576635360717773, 5.987909317016602]","[3.8900251388549805, 3.772977352142334, 3.50935959815979, 3.573864459991455]"
29028.0,2012-03-01T00:00:00.000000000,"[3.919708251953125, 3.4576635360717773, 5.987909317016602, 4.359751224517822]","[3.036104202270508, 2.9357781410217285, 3.4746947288513184, 2.9163334369659424]"
29028.0,2012-06-01T00:00:00.000000000,"[3.4576635360717773, 5.987909317016602, 4.359751224517822, 4.007717132568359]","[3.8912172317504883, 3.604147434234619, 3.568721294403076, 3.653707504272461]"
29028.0,2012-09-01T00:00:00.000000000,"[5.987909317016602, 4.359751224517822, 4.007717132568359, 5.349847793579102]","[3.926679849624634, 3.448960781097412, 3.7817816734313965, 3.6737823486328125]"
29028.0,2012-12-01T00:00:00.000000000,"[4.359751224517822, 4.007717132568359, 5.349847793579102, 7.880094051361084]","[4.824010848999023, 4.620227336883545, 4.505190849304199, 4.6217546463012695]"
29028.0,2013-03-01T00:00:00.000000000,"[4.007717132568359, 5.349847793579102, 7.880094051361084, 5.855896949768066]","[4.318174362182617, 4.113414287567139, 4.977230072021484, 4.229241847991943]"
29901.0,2006-03-01T00:00:00.000000000,"[-0.5742285847663879, -0.593590497970581, -0.5907301902770996, -0.5907301902770996]","[-0.5853813886642456, -0.6014392971992493, -0.5916014313697815, -0.5942297577857971]"
29901.0,2006-06-01T00:00:00.000000000,"[-0.593590497970581, -0.5907301902770996, -0.5907301902770996, -0.5797291398048401]","[-0.5879403352737427, -0.5849059820175171, -0.5910159349441528, -0.5737975835800171]"
29901.0,2006-09-01T00:00:00.000000000,"[-0.5907301902770996, -0.5907301902770996, -0.5797291398048401, -0.5880899429321289]","[-0.5857183933258057, -0.5870499610900879, -0.5737649202346802, -0.5918688774108887]"
29901.0,2007-03-01T00:00:00.000000000,"[-0.5907301902770996, -0.5797291398048401, -0.5880899429321289, -0.5852296352386475]","[-0.5824077129364014, -0.5742784738540649, -0.5851866602897644, -0.5851016640663147]"
29901.0,2007-06-01T00:00:00.000000000,"[-0.5797291398048401, -0.5880899429321289, -0.5852296352386475, -0.5687280893325806]","[-0.5737125873565674, -0.5869834423065186, -0.5797204971313477, -0.5829169750213623]"
29901.0,2007-09-01T00:00:00.000000000,"[-0.5880899429321289, -0.5852296352386475, -0.5687280893325806, -0.5247237682342529]","[-0.5889925360679626, -0.5859880447387695, -0.5903360843658447, -0.5777257680892944]"
29901.0,2007-12-01T00:00:00.000000000,"[-0.5852296352386475, -0.5687280893325806, -0.5247237682342529, -0.5302243232727051]","[-0.5820049047470093, -0.5830853581428528, -0.5739017724990845, -0.5837343335151672]"
29901.0,2008-03-01T00:00:00.000000000,"[-0.5687280893325806, -0.5247237682342529, -0.5302243232727051, -0.544085681438446]","[-0.5736096501350403, -0.5742784738540649, -0.5795018076896667, -0.5809934139251709]"
29901.0,2008-06-01T00:00:00.000000000,"[-0.5247237682342529, -0.5302243232727051, -0.544085681438446, -0.5412254333496094]","[-0.5736871361732483, -0.5792803168296814, -0.5825560688972473, -0.5814259052276611]"
29901.0,2008-09-01T00:00:00.000000000,"[-0.5302243232727051, -0.544085681438446, -0.5412254333496094, -0.49722111225128174]","[-0.5555380582809448, -0.5611995458602905, -0.5663772821426392, -0.5642472505569458]"
29901.0,2008-12-01T00:00:00.000000000,"[-0.544085681438446, -0.5412254333496094, -0.49722111225128174, -0.5082221627235413]","[-0.5543108582496643, -0.560107946395874, -0.5565997362136841, -0.5612547397613525]"
29901.0,2009-03-01T00:00:00.000000000,"[-0.5412254333496094, -0.49722111225128174, -0.5082221627235413, -0.4642179012298584]","[-0.555864691734314, -0.5640893578529358, -0.5636534690856934, -0.5648565888404846]"
29901.0,2009-06-01T00:00:00.000000000,"[-0.49722111225128174, -0.5082221627235413, -0.4642179012298584, -0.4422157406806946]","[-0.554368793964386, -0.5658470392227173, -0.569804847240448, -0.5693911910057068]"
29901.0,2009-09-01T00:00:00.000000000,"[-0.5082221627235413, -0.4642179012298584, -0.4422157406806946, -0.4147131145000458]","[-0.5295211672782898, -0.5426610112190247, -0.5461085438728333, -0.5446311235427856]"
29901.0,2009-12-01T00:00:00.000000000,"[-0.4642179012298584, -0.4422157406806946, -0.4147131145000458, -0.46971845626831055]","[-0.5303520560264587, -0.5408605933189392, -0.5299680829048157, -0.5420503616333008]"
29901.0,2010-03-01T00:00:00.000000000,"[-0.4422157406806946, -0.4147131145000458, -0.46971845626831055, -0.4422157406806946]","[-0.5014364123344421, -0.5090423822402954, -0.5191748142242432, -0.5174384713172913]"
29901.0,2010-06-01T00:00:00.000000000,"[-0.4147131145000458, -0.46971845626831055, -0.4422157406806946, -0.4147131145000458]","[-0.4895932376384735, -0.5045751333236694, -0.5117221474647522, -0.5087505578994751]"
29901.0,2010-09-01T00:00:00.000000000,"[-0.46971845626831055, -0.4422157406806946, -0.4147131145000458, -0.3377055823802948]","[-0.46366822719573975, -0.4790708124637604, -0.48520439863204956, -0.48136499524116516]"
29901.0,2010-12-01T00:00:00.000000000,"[-0.4422157406806946, -0.4147131145000458, -0.3377055823802948, -0.37070879340171814]","[-0.48518097400665283, -0.5006875395774841, -0.48925355076789856, -0.5001242160797119]"
29901.0,2011-03-01T00:00:00.000000000,"[-0.4147131145000458, -0.3377055823802948, -0.37070879340171814, -0.34320613741874695]","[-0.47041499614715576, -0.48870447278022766, -0.4965154528617859, -0.4932461082935333]"
29901.0,2011-06-01T00:00:00.000000000,"[-0.3377055823802948, -0.37070879340171814, -0.34320613741874695, -0.34320613741874695]","[-0.43112921714782715, -0.44833284616470337, -0.452688068151474, -0.456483393907547]"
29901.0,2011-09-01T00:00:00.000000000,"[-0.37070879340171814, -0.34320613741874695, -0.34320613741874695, -0.38170990347862244]","[-0.4124792516231537, -0.4338219165802002, -0.44067487120628357, -0.4380595088005066]"
29901.0,2011-12-01T00:00:00.000000000,"[-0.34320613741874695, -0.34320613741874695, -0.38170990347862244, -0.3212040066719055]","[-0.4203813076019287, -0.4421282112598419, -0.42197564244270325, -0.4447086751461029]"
29901.0,2012-03-01T00:00:00.000000000,"[-0.34320613741874695, -0.38170990347862244, -0.3212040066719055, -0.26619863510131836]","[-0.4039357304573059, -0.4241892695426941, -0.4362443685531616, -0.432264506816864]"
29901.0,2012-06-01T00:00:00.000000000,"[-0.38170990347862244, -0.3212040066719055, -0.26619863510131836, -0.2606981098651886]","[-0.39125868678092957, -0.41478392481803894, -0.4153214693069458, -0.4211404025554657]"
29901.0,2012-09-01T00:00:00.000000000,"[-0.3212040066719055, -0.26619863510131836, -0.2606981098651886, -0.10118257254362106]","[-0.4001521170139313, -0.42870667576789856, -0.41774773597717285, -0.42528045177459717]"
29901.0,2012-12-01T00:00:00.000000000,"[-0.26619863510131836, -0.2606981098651886, -0.10118257254362106, -0.1341858208179474]","[-0.3548811674118042, -0.387645423412323, -0.38346177339553833, -0.38373228907585144]"
29901.0,2013-03-01T00:00:00.000000000,"[-0.2606981098651886, -0.10118257254362106, -0.1341858208179474, -0.11218363791704178]","[-0.30793243646621704, -0.3397383689880371, -0.3411707878112793, -0.3349800109863281]"
62689.0,2006-06-01T00:00:00.000000000,"[3.5456719398498535, 5.0418171882629395, 6.053915977478027, 4.865800380706787]","[4.5377092361450195, 4.3666839599609375, 4.034494400024414, 4.100490093231201]"
62689.0,2006-09-01T00:00:00.000000000,"[5.0418171882629395, 6.053915977478027, 4.865800380706787, 4.623776912689209]","[3.2807116508483887, 3.1903841495513916, 3.393747091293335, 3.067561149597168]"
62689.0,2006-12-01T00:00:00.000000000,"[6.053915977478027, 4.865800380706787, 4.623776912689209, 5.745886325836182]","[4.270284652709961, 4.004523754119873, 3.700556516647339, 3.730377674102783]"
62689.0,2007-03-01T00:00:00.000000000,"[4.865800380706787, 4.623776912689209, 5.745886325836182, 5.679879665374756]","[4.910756587982178, 4.5880632400512695, 4.315706729888916, 4.355310916900635]"
62689.0,2007-06-01T00:00:00.000000000,"[4.623776912689209, 5.745886325836182, 5.679879665374756, 4.42575740814209]","[4.218785285949707, 4.189427375793457, 4.167494297027588, 4.074016571044922]"
62689.0,2007-09-01T00:00:00.000000000,"[5.745886325836182, 5.679879665374756, 4.42575740814209, 4.139729976654053]","[4.213828086853027, 4.039693355560303, 3.8304975032806396, 3.8856093883514404]"
62689.0,2007-12-01T00:00:00.000000000,"[5.679879665374756, 4.42575740814209, 4.139729976654053, 4.57977294921875]","[4.970590114593506, 4.662712574005127, 4.317150115966797, 4.3488054275512695]"
62689.0,2008-03-01T00:00:00.000000000,"[4.42575740814209, 4.139729976654053, 4.57977294921875, 6.339943885803223]","[4.930030822753906, 4.750179290771484, 4.455022811889648, 4.521618843078613]"
62689.0,2008-06-01T00:00:00.000000000,"[4.139729976654053, 4.57977294921875, 6.339943885803223, 5.789890289306641]","[4.202238082885742, 4.120607852935791, 4.08035135269165, 4.047962665557861]"
62689.0,2008-09-01T00:00:00.000000000,"[4.57977294921875, 6.339943885803223, 5.789890289306641, 3.523669719696045]","[4.15264892578125, 4.003711223602295, 3.857093334197998, 3.9208455085754395]"
62689.0,2008-12-01T00:00:00.000000000,"[6.339943885803223, 5.789890289306641, 3.523669719696045, 1.301453948020935]","[4.566805362701416, 4.380381107330322, 4.15813684463501, 4.215513706207275]"
62689.0,2009-03-01T00:00:00.000000000,"[5.789890289306641, 3.523669719696045, 1.301453948020935, 4.315746784210205]","[5.367956638336182, 5.271897315979004, 4.959224700927734, 5.068453788757324]"
62689.0,2009-06-01T00:00:00.000000000,"[3.523669719696045, 1.301453948020935, 4.315746784210205, 4.711785793304443]","[5.112728118896484, 5.138369083404541, 5.053945064544678, 5.0376996994018555]"
62689.0,2009-09-01T00:00:00.000000000,"[1.301453948020935, 4.315746784210205, 4.711785793304443, 3.281646251678467]","[3.9707915782928467, 3.9958629608154297, 4.278732776641846, 4.003641128540039]"
62689.0,2009-12-01T00:00:00.000000000,"[4.315746784210205, 4.711785793304443, 3.281646251678467, 4.887802600860596]","[2.920830488204956, 3.034961223602295, 3.138925313949585, 3.3135273456573486]"
62689.0,2010-03-01T00:00:00.000000000,"[4.711785793304443, 3.281646251678467, 4.887802600860596, 3.98571515083313]","[3.767084836959839, 3.7305617332458496, 3.682447671890259, 3.7949059009552]"
62689.0,2010-06-01T00:00:00.000000000,"[3.281646251678467, 4.887802600860596, 3.98571515083313, 5.525864601135254]","[4.0866379737854, 4.238455772399902, 4.28168249130249, 4.374635696411133]"
62689.0,2010-09-01T00:00:00.000000000,"[4.887802600860596, 3.98571515083313, 5.525864601135254, 3.7436912059783936]","[3.8528802394866943, 3.9883532524108887, 4.226795196533203, 4.106631278991699]"
62689.0,2010-12-01T00:00:00.000000000,"[3.98571515083313, 5.525864601135254, 3.7436912059783936, 2.4455649852752686]","[5.198558330535889, 4.983202934265137, 5.063451766967773, 5.266945838928223]"
62689.0,2011-03-01T00:00:00.000000000,"[5.525864601135254, 3.7436912059783936, 2.4455649852752686, 6.603969573974609]","[4.341492652893066, 4.369833946228027, 4.35996675491333, 4.436997413635254]"
62689.0,2011-06-01T00:00:00.000000000,"[3.7436912059783936, 2.4455649852752686, 6.603969573974609, 5.063819408416748]","[5.015617847442627, 5.18121337890625, 5.0713605880737305, 5.248201847076416]"
62689.0,2011-09-01T00:00:00.000000000,"[2.4455649852752686, 6.603969573974609, 5.063819408416748, -1.1407837867736816]","[3.9272665977478027, 4.186308860778809, 4.704699993133545, 4.377466678619385]"
62689.0,2011-12-01T00:00:00.000000000,"[6.603969573974609, 5.063819408416748, -1.1407837867736816, 6.163926601409912]","[2.992065191268921, 3.1682705879211426, 3.295153856277466, 3.53118634223938]"
62689.0,2012-03-01T00:00:00.000000000,"[5.063819408416748, -1.1407837867736816, 6.163926601409912, 10.102309226989746]","[6.188844680786133, 5.786448001861572, 5.7937726974487305, 5.943241119384766]"
62689.0,2012-06-01T00:00:00.000000000,"[-1.1407837867736816, 6.163926601409912, 10.102309226989746, 5.305843353271484]","[5.260329246520996, 5.309931755065918, 5.964120388031006, 5.454133987426758]"
62689.0,2012-09-01T00:00:00.000000000,"[6.163926601409912, 10.102309226989746, 5.305843353271484, 6.889997482299805]","[2.272576093673706, 2.596151351928711, 3.6647887229919434, 2.909611225128174]"
62689.0,2012-12-01T00:00:00.000000000,"[10.102309226989746, 5.305843353271484, 6.889997482299805, 5.019815444946289]","[4.678462028503418, 4.523440837860107, 4.332365036010742, 4.433259010314941]"
62689.0,2013-03-01T00:00:00.000000000,"[5.305843353271484, 6.889997482299805, 5.019815444946289, 10.740371704101562]","[6.417583465576172, 6.479022026062012, 6.129722595214844, 6.332003593444824]"
64768.0,2006-06-01T00:00:00.000000000,"[-0.7304438352584839, -0.8052510619163513, -0.6512360572814941, -0.7139422297477722]","[-0.6818473935127258, -0.6840199828147888, -0.6547297239303589, -0.6691130995750427]"
64768.0,2006-09-01T00:00:00.000000000,"[-0.8052510619163513, -0.6512360572814941, -0.7139422297477722, -0.6798388957977295]","[-0.6936851143836975, -0.6895813345909119, -0.6822181940078735, -0.6823084354400635]"
64768.0,2006-12-01T00:00:00.000000000,"[-0.6512360572814941, -0.7139422297477722, -0.6798388957977295, -0.6820390820503235]","[-0.7320743799209595, -0.7226101756095886, -0.7105878591537476, -0.704518735408783]"
64768.0,2007-03-01T00:00:00.000000000,"[-0.7139422297477722, -0.6798388957977295, -0.6820390820503235, -0.5907301902770996]","[-0.6770084500312805, -0.6756912469863892, -0.6756709814071655, -0.672367513179779]"
64768.0,2007-06-01T00:00:00.000000000,"[-0.6798388957977295, -0.6820390820503235, -0.5907301902770996, -0.5830294489860535]","[-0.6865620017051697, -0.6837232708930969, -0.6657383441925049, -0.6835932731628418]"
64768.0,2007-09-01T00:00:00.000000000,"[-0.6820390820503235, -0.5907301902770996, -0.5830294489860535, -0.5049218535423279]","[-0.681300163269043, -0.6781892776489258, -0.6769961714744568, -0.6729791760444641]"
64768.0,2007-12-01T00:00:00.000000000,"[-0.5907301902770996, -0.5830294489860535, -0.5049218535423279, -0.6435353755950928]","[-0.686729371547699, -0.6852987408638, -0.6828874945640564, -0.6804534792900085]"
64768.0,2008-03-01T00:00:00.000000000,"[-0.5830294489860535, -0.5049218535423279, -0.6435353755950928, -0.5313244462013245]","[-0.644015371799469, -0.6391312479972839, -0.6444905400276184, -0.6385005116462708]"
64768.0,2008-06-01T00:00:00.000000000,"[-0.5049218535423279, -0.6435353755950928, -0.5313244462013245, -0.5379250645637512]","[-0.6188808679580688, -0.6168822646141052, -0.6082307696342468, -0.616838276386261]"
64768.0,2008-09-01T00:00:00.000000000,"[-0.6435353755950928, -0.5313244462013245, -0.5379250645637512, -0.6567366123199463]","[-0.5729058384895325, -0.5739830732345581, -0.5877776145935059, -0.5816945433616638]"
64768.0,2008-12-01T00:00:00.000000000,"[-0.5313244462013245, -0.5379250645637512, -0.6567366123199463, -0.6435353755950928]","[-0.6396228075027466, -0.6446704864501953, -0.6237373948097229, -0.6429935693740845]"
64768.0,2009-03-01T00:00:00.000000000,"[-0.5379250645637512, -0.6567366123199463, -0.6435353755950928, -0.463117778301239]","[-0.5870157480239868, -0.6006767749786377, -0.6131556034088135, -0.6106639504432678]"
64768.0,2009-06-01T00:00:00.000000000,"[-0.6567366123199463, -0.6435353755950928, -0.463117778301239, -0.34100592136383057]","[-0.5774403810501099, -0.5939321517944336, -0.584196925163269, -0.595977246761322]"
64768.0,2009-09-01T00:00:00.000000000,"[-0.6435353755950928, -0.463117778301239, -0.34100592136383057, -0.14298662543296814]","[-0.6371548175811768, -0.6362345814704895, -0.6141344308853149, -0.6388941407203674]"
64768.0,2009-12-01T00:00:00.000000000,"[-0.463117778301239, -0.34100592136383057, -0.14298662543296814, -0.06817939877510071]","[-0.6381419897079468, -0.6443307995796204, -0.6480518579483032, -0.6454379558563232]"
64768.0,2010-03-01T00:00:00.000000000,"[-0.34100592136383057, -0.14298662543296814, -0.06817939877510071, -0.03627631068229675]","[-0.543624997138977, -0.5623646974563599, -0.5723831057548523, -0.5680193901062012]"
64768.0,2010-06-01T00:00:00.000000000,"[-0.14298662543296814, -0.06817939877510071, -0.03627631068229675, 0.07923494279384613]","[-0.4976072311401367, -0.5022633075714111, -0.4997403919696808, -0.503653883934021]"
64768.0,2010-09-01T00:00:00.000000000,"[-0.06817939877510071, -0.03627631068229675, 0.07923494279384613, -0.12648503482341766]","[-0.3703759014606476, -0.38623762130737305, -0.38919782638549805, -0.3926394581794739]"
64768.0,2010-12-01T00:00:00.000000000,"[-0.03627631068229675, 0.07923494279384613, -0.12648503482341766, -0.2353956401348114]","[-0.2950015962123871, -0.34142184257507324, -0.3237079381942749, -0.32750263810157776]"
64768.0,2011-03-01T00:00:00.000000000,"[0.07923494279384613, -0.12648503482341766, -0.2353956401348114, 0.01102833729237318]","[-0.26815539598464966, -0.299726665019989, -0.33950549364089966, -0.34380584955215454]"
64768.0,2011-06-01T00:00:00.000000000,"[-0.12648503482341766, -0.2353956401348114, 0.01102833729237318, -0.14958731830120087]","[-0.18769177794456482, -0.24073898792266846, -0.2658211588859558, -0.28118398785591125]"
64768.0,2011-09-01T00:00:00.000000000,"[-0.2353956401348114, 0.01102833729237318, -0.14958731830120087, 0.43236926198005676]","[-0.22724246978759766, -0.3028598129749298, -0.21490022540092468, -0.2775098383426666]"
64768.0,2011-12-01T00:00:00.000000000,"[0.01102833729237318, -0.14958731830120087, 0.43236926198005676, 0.6600914597511292]","[-0.30924564599990845, -0.3767036199569702, -0.3704795837402344, -0.3735211491584778]"
64768.0,2012-03-01T00:00:00.000000000,"[-0.14958731830120087, 0.43236926198005676, 0.6600914597511292, 0.8493099212646484]","[-0.13477063179016113, -0.22684279084205627, -0.25226348638534546, -0.24531766772270203]"
64768.0,2012-06-01T00:00:00.000000000,"[0.43236926198005676, 0.6600914597511292, 0.8493099212646484, 1.0363280773162842]","[-0.18869537115097046, -0.2516723871231079, -0.2284751832485199, -0.2573760449886322]"
64768.0,2012-09-01T00:00:00.000000000,"[0.6600914597511292, 0.8493099212646484, 1.0363280773162842, 0.9626208543777466]","[0.07511618733406067, 0.01769772171974182, -0.029948949813842773, -0.007712244987487793]"
64768.0,2012-12-01T00:00:00.000000000,"[0.8493099212646484, 1.0363280773162842, 0.9626208543777466, -0.02747543714940548]","[0.27615514397621155, 0.19870898127555847, 0.17611286044120789, 0.18448451161384583]"
64768.0,2013-03-01T00:00:00.000000000,"[1.0363280773162842, 0.9626208543777466, -0.02747543714940548, -0.06267886608839035]","[0.4430478513240814, 0.3296084702014923, 0.3427181541919708, 0.34509721398353577]"
111534.0,2006-03-01T00:00:00.000000000,"[-2.7029356956481934, 1.3894624710083008, 3.677685022354126, 3.2376420497894287]","[-0.06412625312805176, 0.12918007373809814, 0.7874696850776672, 0.368971586227417]"
111534.0,2006-06-01T00:00:00.000000000,"[1.3894624710083008, 3.677685022354126, 3.2376420497894287, 3.5896763801574707]","[-1.1350436210632324, -0.8032037019729614, -0.4197714328765869, -0.1313413381576538]"
111534.0,2006-09-01T00:00:00.000000000,"[3.677685022354126, 3.2376420497894287, 3.5896763801574707, 3.831699848175049]","[0.4397362470626831, 0.5333528518676758, 0.6258970499038696, 0.7629121541976929]"
111534.0,2006-12-01T00:00:00.000000000,"[3.2376420497894287, 3.5896763801574707, 3.831699848175049, 6.735982418060303]","[1.1030261516571045, 1.1418421268463135, 1.14472234249115, 1.2529560327529907]"
111534.0,2007-03-01T00:00:00.000000000,"[3.5896763801574707, 3.831699848175049, 6.735982418060303, 2.027524471282959]","[1.79327392578125, 1.8835279941558838, 2.1251466274261475, 1.839632511138916]"
111534.0,2007-06-01T00:00:00.000000000,"[3.831699848175049, 6.735982418060303, 2.027524471282959, 2.9076099395751953]","[1.814605951309204, 1.8761494159698486, 1.910697340965271, 1.9810981750488281]"
111534.0,2007-09-01T00:00:00.000000000,"[6.735982418060303, 2.027524471282959, 2.9076099395751953, 4.381753444671631]","[2.1157379150390625, 1.9997119903564453, 1.9523760080337524, 1.9755780696868896]"
111534.0,2007-12-01T00:00:00.000000000,"[2.027524471282959, 2.9076099395751953, 4.381753444671631, 5.217834949493408]","[2.949401378631592, 2.842731475830078, 2.6842870712280273, 2.726400375366211]"
111534.0,2008-03-01T00:00:00.000000000,"[2.9076099395751953, 4.381753444671631, 5.217834949493408, 2.115532875061035]","[1.7362487316131592, 1.8158267736434937, 2.7385168075561523, 1.7046127319335938]"
111534.0,2008-06-01T00:00:00.000000000,"[4.381753444671631, 5.217834949493408, 2.115532875061035, 1.4114645719528198]","[1.8175091743469238, 1.860901117324829, 1.8916008472442627, 1.9800004959106445]"
111534.0,2008-09-01T00:00:00.000000000,"[5.217834949493408, 2.115532875061035, 1.4114645719528198, 2.7315926551818848]","[2.672243118286133, 2.4378533363342285, 2.4416356086730957, 2.4755024909973145]"
111534.0,2009-03-01T00:00:00.000000000,"[2.115532875061035, 1.4114645719528198, 2.7315926551818848, 2.7095906734466553]","[2.6175646781921387, 2.736280918121338, 2.7672743797302246, 2.8716652393341064]"
111534.0,2009-06-01T00:00:00.000000000,"[1.4114645719528198, 2.7315926551818848, 2.7095906734466553, -0.37070879340171814]","[2.08426570892334, 2.1678898334503174, 2.949204921722412, 2.0797266960144043]"
111534.0,2009-09-01T00:00:00.000000000,"[2.7315926551818848, 2.7095906734466553, -0.37070879340171814, 3.083627223968506]","[1.3587892055511475, 1.482266902923584, 1.6014420986175537, 1.7606974840164185]"
111534.0,2009-12-01T00:00:00.000000000,"[2.7095906734466553, -0.37070879340171814, 3.083627223968506, 3.3916571140289307]","[1.963101863861084, 2.016043186187744, 2.0600461959838867, 2.1629867553710938]"
111534.0,2010-03-01T00:00:00.000000000,"[-0.37070879340171814, 3.083627223968506, 3.3916571140289307, 11.004398345947266]","[2.1774606704711914, 2.221741199493408, 2.285684585571289, 2.3398633003234863]"
111864.0,2006-06-01T00:00:00.000000000,"[0.6413896679878235, 0.575383186340332, 0.7734025120735168, 0.8614109754562378]","[0.5685278177261353, 0.5345456600189209, 0.5152153372764587, 0.5203307271003723]"
111864.0,2006-09-01T00:00:00.000000000,"[0.575383186340332, 0.7734025120735168, 0.8614109754562378, 1.0374282598495483]","[0.6472695469856262, 0.5937721729278564, 0.5926274061203003, 0.6000632643699646]"
111864.0,2006-12-01T00:00:00.000000000,"[0.7734025120735168, 0.8614109754562378, 1.0374282598495483, 0.9714217185974121]","[0.4977239966392517, 0.4073193669319153, 0.39555102586746216, 0.4076685309410095]"
111864.0,2007-03-01T00:00:00.000000000,"[0.8614109754562378, 1.0374282598495483, 0.9714217185974121, 1.0594303607940674]","[0.5863729119300842, 0.5366398096084595, 0.45225125551223755, 0.44615408778190613]"
111864.0,2007-06-01T00:00:00.000000000,"[1.0374282598495483, 0.9714217185974121, 1.0594303607940674, 1.0594303607940674]","[0.6673880815505981, 0.6155367493629456, 0.5295525789260864, 0.5253152251243591]"
111864.0,2007-09-01T00:00:00.000000000,"[0.9714217185974121, 1.0594303607940674, 1.0594303607940674, 1.2134451866149902]","[0.8841717839241028, 0.7667803764343262, 0.7781208157539368, 0.8092145919799805]"
111864.0,2007-12-01T00:00:00.000000000,"[1.0594303607940674, 1.0594303607940674, 1.2134451866149902, 1.1914430856704712]","[0.9132656455039978, 0.8119738101959229, 0.843914270401001, 0.7762575149536133]"
111864.0,2008-03-01T00:00:00.000000000,"[1.0594303607940674, 1.2134451866149902, 1.1914430856704712, 1.2134451866149902]","[0.9166113138198853, 0.8776488900184631, 0.7903177738189697, 0.7825120091438293]"
111864.0,2008-06-01T00:00:00.000000000,"[1.2134451866149902, 1.1914430856704712, 1.2134451866149902, 1.147438883781433]","[0.9461814165115356, 0.887513279914856, 0.815210223197937, 0.8145018219947815]"
111864.0,2008-09-01T00:00:00.000000000,"[1.1914430856704712, 1.2134451866149902, 1.147438883781433, 1.3454581499099731]","[1.0261495113372803, 0.9239460229873657, 0.9119117259979248, 0.9377216100692749]"
111864.0,2008-12-01T00:00:00.000000000,"[1.2134451866149902, 1.147438883781433, 1.3454581499099731, 1.455468773841858]","[1.1476342678070068, 0.9955954551696777, 1.0936888456344604, 1.0186699628829956]"
111864.0,2009-03-01T00:00:00.000000000,"[1.147438883781433, 1.3454581499099731, 1.455468773841858, 1.5654793977737427]","[1.1526907682418823, 1.0006253719329834, 1.033149003982544, 1.012691855430603]"
111864.0,2009-06-01T00:00:00.000000000,"[1.3454581499099731, 1.455468773841858, 1.5654793977737427, 1.6314857006072998]","[1.131044626235962, 0.9777451753616333, 1.0281126499176025, 1.0004185438156128]"
111864.0,2009-09-01T00:00:00.000000000,"[1.455468773841858, 1.5654793977737427, 1.6314857006072998, 1.9175138473510742]","[1.201737880706787, 1.093926191329956, 1.0229977369308472, 1.0426151752471924]"
111864.0,2009-12-01T00:00:00.000000000,"[1.5654793977737427, 1.6314857006072998, 1.9175138473510742, 1.9175138473510742]","[1.5308072566986084, 1.3623871803283691, 1.462982177734375, 1.4109272956848145]"
111864.0,2010-03-01T00:00:00.000000000,"[1.6314857006072998, 1.9175138473510742, 1.9175138473510742, 1.7855008840560913]","[1.5559320449829102, 1.39606773853302, 1.5059394836425781, 1.4707120656967163]"
111864.0,2010-06-01T00:00:00.000000000,"[1.9175138473510742, 1.9175138473510742, 1.7855008840560913, 1.301453948020935]","[1.6331098079681396, 1.4534573554992676, 1.5758960247039795, 1.5347669124603271]"
111864.0,2010-09-01T00:00:00.000000000,"[1.9175138473510742, 1.7855008840560913, 1.301453948020935, 1.3674603700637817]","[1.7167706489562988, 1.5753743648529053, 1.5701353549957275, 1.6096210479736328]"
111864.0,2010-12-01T00:00:00.000000000,"[1.7855008840560913, 1.301453948020935, 1.3674603700637817, 1.6754902601242065]","[1.6516224145889282, 1.5785117149353027, 1.461069107055664, 1.4584541320800781]"
111864.0,2011-03-01T00:00:00.000000000,"[1.301453948020935, 1.3674603700637817, 1.6754902601242065, 1.6534881591796875]","[1.6930575370788574, 1.5464608669281006, 1.5292840003967285, 1.5263640880584717]"
111864.0,2011-06-01T00:00:00.000000000,"[1.3674603700637817, 1.6754902601242065, 1.6534881591796875, 1.4114645719528198]","[1.3808996677398682, 1.2577444314956665, 1.2990639209747314, 1.2744510173797607]"
111864.0,2011-09-01T00:00:00.000000000,"[1.6754902601242065, 1.6534881591796875, 1.4114645719528198, 1.103434681892395]","[1.4313117265701294, 1.3180527687072754, 1.269170880317688, 1.2930328845977783]"
111864.0,2011-12-01T00:00:00.000000000,"[1.6534881591796875, 1.4114645719528198, 1.103434681892395, 1.4334666728973389]","[1.7195930480957031, 1.5892375707626343, 1.5967952013015747, 1.6349387168884277]"
111864.0,2012-03-01T00:00:00.000000000,"[1.4114645719528198, 1.103434681892395, 1.4334666728973389, 0.7734025120735168]","[1.7802107334136963, 1.6750082969665527, 1.7804930210113525, 1.6968504190444946]"
111864.0,2012-06-01T00:00:00.000000000,"[1.103434681892395, 1.4334666728973389, 0.7734025120735168, 1.4334666728973389]","[1.585514783859253, 1.4909512996673584, 1.6342494487762451, 1.5372282266616821]"
111864.0,2012-09-01T00:00:00.000000000,"[1.4334666728973389, 0.7734025120735168, 1.4334666728973389, 1.477470874786377]","[1.2814595699310303, 1.247018575668335, 1.2623014450073242, 1.2744864225387573]"
111864.0,2012-12-01T00:00:00.000000000,"[0.7734025120735168, 1.4334666728973389, 1.477470874786377, 1.6314857006072998]","[1.4688538312911987, 1.4269909858703613, 1.3707807064056396, 1.4209576845169067]"
111864.0,2013-03-01T00:00:00.000000000,"[1.4334666728973389, 1.477470874786377, 1.6314857006072998, 1.7194944620132446]","[0.9592097401618958, 0.9958035349845886, 1.0619676113128662, 1.058834195137024]"
112111.0,2006-06-01T00:00:00.000000000,"[-0.5247237682342529, -0.5093222856521606, -0.49612101912498474, -0.6259335875511169]","[-0.5690283179283142, -0.570867657661438, -0.5696842074394226, -0.5808766484260559]"
112111.0,2006-09-01T00:00:00.000000000,"[-0.5093222856521606, -0.49612101912498474, -0.6259335875511169, -0.6831392049789429]","[-0.5416211485862732, -0.5599440336227417, -0.5596243739128113, -0.5589115023612976]"
112111.0,2006-12-01T00:00:00.000000000,"[-0.49612101912498474, -0.6259335875511169, -0.6831392049789429, -0.5841295719146729]","[-0.5468562841415405, -0.5647469758987427, -0.5659273862838745, -0.5638384222984314]"
112111.0,2007-03-01T00:00:00.000000000,"[-0.6259335875511169, -0.6831392049789429, -0.5841295719146729, -0.45871737599372864]","[-0.5281132459640503, -0.5442394018173218, -0.5440404415130615, -0.5436522960662842]"
112111.0,2007-06-01T00:00:00.000000000,"[-0.6831392049789429, -0.5841295719146729, -0.45871737599372864, -0.491720587015152]","[-0.6062049865722656, -0.6123146414756775, -0.5852394104003906, -0.604609489440918]"
112111.0,2007-09-01T00:00:00.000000000,"[-0.5841295719146729, -0.45871737599372864, -0.491720587015152, -0.5005214810371399]","[-0.6425681710243225, -0.6394748091697693, -0.6245556473731995, -0.6256913542747498]"
112111.0,2007-12-01T00:00:00.000000000,"[-0.45871737599372864, -0.491720587015152, -0.5005214810371399, -0.45651715993881226]","[-0.5827596187591553, -0.5913604497909546, -0.5999424457550049, -0.5978723168373108]"
112111.0,2008-03-01T00:00:00.000000000,"[-0.491720587015152, -0.5005214810371399, -0.45651715993881226, -0.41691333055496216]","[-0.5325668454170227, -0.5270968675613403, -0.5411381721496582, -0.5325807929039001]"
112111.0,2008-06-01T00:00:00.000000000,"[-0.5005214810371399, -0.45651715993881226, -0.41691333055496216, -0.5115225315093994]","[-0.5319307446479797, -0.5221375226974487, -0.5148818492889404, -0.5295742750167847]"
112111.0,2008-09-01T00:00:00.000000000,"[-0.45651715993881226, -0.41691333055496216, -0.5115225315093994, -0.3905107378959656]","[-0.5202500224113464, -0.5284700393676758, -0.5389307141304016, -0.5391672849655151]"
112111.0,2008-12-01T00:00:00.000000000,"[-0.41691333055496216, -0.5115225315093994, -0.3905107378959656, -0.4257141649723053]","[-0.49418967962265015, -0.5140390396118164, -0.5259592533111572, -0.524286687374115]"
112111.0,2009-03-01T00:00:00.000000000,"[-0.5115225315093994, -0.3905107378959656, -0.4257141649723053, -0.3377055823802948]","[-0.46677738428115845, -0.4837540090084076, -0.4964873194694519, -0.49175289273262024]"
112111.0,2009-06-01T00:00:00.000000000,"[-0.3905107378959656, -0.4257141649723053, -0.3377055823802948, -0.3355053961277008]","[-0.5231311917304993, -0.5333567261695862, -0.5197609066963196, -0.539937436580658]"
112111.0,2009-09-01T00:00:00.000000000,"[-0.4257141649723053, -0.3377055823802948, -0.3355053961277008, -0.22549466788768768]","[-0.45263200998306274, -0.47046059370040894, -0.48693326115608215, -0.48407334089279175]"
112111.0,2009-12-01T00:00:00.000000000,"[-0.3377055823802948, -0.3355053961277008, -0.22549466788768768, -0.08248080313205719]","[-0.45484936237335205, -0.48138344287872314, -0.46459224820137024, -0.48085328936576843]"
112111.0,2010-03-01T00:00:00.000000000,"[-0.3355053961277008, -0.22549466788768768, -0.08248080313205719, -0.1440867930650711]","[-0.4143596291542053, -0.4346568286418915, -0.43936043977737427, -0.437705934047699]"
112111.0,2010-06-01T00:00:00.000000000,"[-0.22549466788768768, -0.08248080313205719, -0.1440867930650711, -0.2100931704044342]","[-0.42051517963409424, -0.4401519000530243, -0.4302077293395996, -0.43991369009017944]"
112111.0,2010-09-01T00:00:00.000000000,"[-0.08248080313205719, -0.1440867930650711, -0.2100931704044342, -0.12648503482341766]","[-0.34760746359825134, -0.37189286947250366, -0.3922024965286255, -0.38442736864089966]"
112111.0,2010-12-01T00:00:00.000000000,"[-0.1440867930650711, -0.2100931704044342, -0.12648503482341766, -0.08028054982423782]","[-0.2420906126499176, -0.28081655502319336, -0.31330692768096924, -0.30517131090164185]"
112111.0,2011-03-01T00:00:00.000000000,"[-0.2100931704044342, -0.12648503482341766, -0.08028054982423782, -0.16388869285583496]","[-0.26124435663223267, -0.29404765367507935, -0.31484919786453247, -0.32034367322921753]"
112111.0,2011-06-01T00:00:00.000000000,"[-0.12648503482341766, -0.08028054982423782, -0.16388869285583496, -0.18589083850383759]","[-0.28204989433288574, -0.32515737414360046, -0.29421067237854004, -0.3214363753795624]"
112111.0,2011-09-01T00:00:00.000000000,"[-0.08028054982423782, -0.16388869285583496, -0.18589083850383759, -0.20349255204200745]","[-0.19526374340057373, -0.2608628273010254, -0.2587910592556, -0.24585486948490143]"
112111.0,2011-12-01T00:00:00.000000000,"[-0.16388869285583496, -0.18589083850383759, -0.20349255204200745, -0.07367992401123047]","[-0.1758044958114624, -0.23481635749340057, -0.25108516216278076, -0.24339412152767181]"
112111.0,2012-03-01T00:00:00.000000000,"[-0.18589083850383759, -0.20349255204200745, -0.07367992401123047, -0.0956820473074913]","[-0.2184479683637619, -0.26322102546691895, -0.25926321744918823, -0.2733352780342102]"
112111.0,2012-06-01T00:00:00.000000000,"[-0.20349255204200745, -0.07367992401123047, -0.0956820473074913, -0.12868529558181763]","[-0.22127169370651245, -0.2546910047531128, -0.277792751789093, -0.2731483280658722]"
112111.0,2012-09-01T00:00:00.000000000,"[-0.07367992401123047, -0.0956820473074913, -0.12868529558181763, -0.15068741142749786]","[-0.23004604876041412, -0.2589353024959564, -0.2580505609512329, -0.26218706369400024]"
112111.0,2012-12-01T00:00:00.000000000,"[-0.0956820473074913, -0.12868529558181763, -0.15068741142749786, 0.06933397799730301]","[-0.07909294962882996, -0.12221497297286987, -0.15391188859939575, -0.14254459738731384]"
117768.0,2006-03-01T00:00:00.000000000,"[-0.5852296352386475, -0.5797291398048401, -0.5302243232727051, -0.5082221627235413]","[-0.5869525074958801, -0.5834511518478394, -0.5813168883323669, -0.5786125063896179]"
117768.0,2006-06-01T00:00:00.000000000,"[-0.5797291398048401, -0.5302243232727051, -0.5082221627235413, -0.5687280893325806]","[-0.5857382416725159, -0.5805955529212952, -0.5586621165275574, -0.570410966873169]"
117768.0,2006-09-01T00:00:00.000000000,"[-0.5302243232727051, -0.5082221627235413, -0.5687280893325806, -0.607231855392456]","[-0.5891733169555664, -0.5856517553329468, -0.5846468806266785, -0.5802667737007141]"
117768.0,2007-03-01T00:00:00.000000000,"[-0.5082221627235413, -0.5687280893325806, -0.607231855392456, -0.45871737599372864]","[-0.5386643409729004, -0.5415951013565063, -0.5453141927719116, -0.5372294187545776]"
117768.0,2007-06-01T00:00:00.000000000,"[-0.5687280893325806, -0.607231855392456, -0.45871737599372864, -0.5082221627235413]","[-0.5224250555038452, -0.5216647386550903, -0.5166751146316528, -0.5192965269088745]"
117768.0,2007-09-01T00:00:00.000000000,"[-0.607231855392456, -0.45871737599372864, -0.5082221627235413, -0.5192232131958008]","[-0.5781931281089783, -0.5724800229072571, -0.5556372404098511, -0.5714883804321289]"
117768.0,2007-12-01T00:00:00.000000000,"[-0.45871737599372864, -0.5082221627235413, -0.5192232131958008, -0.48071953654289246]","[-0.6031340956687927, -0.5991864204406738, -0.5932438373565674, -0.5866832733154297]"
117768.0,2008-03-01T00:00:00.000000000,"[-0.5082221627235413, -0.5192232131958008, -0.48071953654289246, -0.23869597911834717]","[-0.5288145542144775, -0.5364439487457275, -0.550220251083374, -0.5454666018486023]"
117768.0,2008-06-01T00:00:00.000000000,"[-0.5192232131958008, -0.48071953654289246, -0.23869597911834717, -0.15618793666362762]","[-0.5502210855484009, -0.5439745783805847, -0.5294452905654907, -0.5466247797012329]"
117768.0,2008-09-01T00:00:00.000000000,"[-0.48071953654289246, -0.23869597911834717, -0.15618793666362762, -0.26619863510131836]","[-0.5311838388442993, -0.5265268683433533, -0.5151005387306213, -0.5295815467834473]"
117768.0,2008-12-01T00:00:00.000000000,"[-0.23869597911834717, -0.15618793666362762, -0.26619863510131836, -0.19469167292118073]","[-0.4853217601776123, -0.5034998059272766, -0.5095838308334351, -0.5052810907363892]"
117768.0,2009-03-01T00:00:00.000000000,"[-0.15618793666362762, -0.26619863510131836, -0.19469167292118073, 0.030830271542072296]","[-0.40055352449417114, -0.41380950808525085, -0.43961986899375916, -0.43285244703292847]"
117768.0,2009-06-01T00:00:00.000000000,"[-0.26619863510131836, -0.19469167292118073, 0.030830271542072296, 0.16284312307834625]","[-0.3393721878528595, -0.3357875347137451, -0.3558468222618103, -0.36779627203941345]"
117768.0,2009-09-01T00:00:00.000000000,"[-0.19469167292118073, 0.030830271542072296, 0.16284312307834625, 0.426868736743927]","[-0.37420421838760376, -0.3754313290119171, -0.3947911858558655, -0.41248202323913574]"
117768.0,2009-12-01T00:00:00.000000000,"[0.030830271542072296, 0.16284312307834625, 0.426868736743927, 0.36636292934417725]","[-0.2934087812900543, -0.3510623574256897, -0.3426286578178406, -0.33392906188964844]"
117768.0,2010-03-01T00:00:00.000000000,"[0.16284312307834625, 0.426868736743927, 0.36636292934417725, 0.3113575577735901]","[-0.19109907746315002, -0.25732994079589844, -0.27795612812042236, -0.2697499692440033]"
117768.0,2010-06-01T00:00:00.000000000,"[0.426868736743927, 0.36636292934417725, 0.3113575577735901, -0.2606981098651886]","[-0.11539694666862488, -0.16775071620941162, -0.18126210570335388, -0.18499970436096191]"
117768.0,2010-09-01T00:00:00.000000000,"[0.36636292934417725, 0.3113575577735901, -0.2606981098651886, -0.21669383347034454]","[0.0545215904712677, -0.0033641159534454346, -0.0025840401649475098, -0.0037080049514770508]"
117768.0,2010-12-01T00:00:00.000000000,"[0.3113575577735901, -0.2606981098651886, -0.21669383347034454, -0.018674563616514206]","[-0.0007073283195495605, -0.0800277590751648, -0.09957724809646606, -0.08908268809318542]"
117768.0,2011-03-01T00:00:00.000000000,"[-0.2606981098651886, -0.21669383347034454, -0.018674563616514206, 0.27835431694984436]","[0.11739122867584229, 0.039339661598205566, 0.024660170078277588, 0.0013445019721984863]"
117768.0,2011-06-01T00:00:00.000000000,"[-0.21669383347034454, -0.018674563616514206, 0.27835431694984436, 0.3388602137565613]","[-0.24909138679504395, -0.30893605947494507, -0.2073369324207306, -0.28403759002685547]"
117768.0,2011-09-01T00:00:00.000000000,"[-0.018674563616514206, 0.27835431694984436, 0.3388602137565613, 0.2893553674221039]","[-0.19390636682510376, -0.27705150842666626, -0.25609156489372253, -0.23414623737335205]"
117768.0,2011-12-01T00:00:00.000000000,"[0.27835431694984436, 0.3388602137565613, 0.2893553674221039, 0.4983757734298706]","[0.067718505859375, -0.03544709086418152, -0.042246490716934204, -0.06133759021759033]"
117768.0,2012-03-01T00:00:00.000000000,"[0.3388602137565613, 0.2893553674221039, 0.4983757734298706, 0.8999148011207581]","[0.15952473878860474, 0.13713297247886658, 0.09878268837928772, 0.13406115770339966]"
117768.0,2012-06-01T00:00:00.000000000,"[0.2893553674221039, 0.4983757734298706, 0.8999148011207581, 1.0044249296188354]","[0.2171858251094818, 0.1868164837360382, 0.206161230802536, 0.18521061539649963]"
117768.0,2012-09-01T00:00:00.000000000,"[0.4983757734298706, 0.8999148011207581, 1.0044249296188354, 1.3124550580978394]","[0.2136498987674713, 0.14548015594482422, 0.19307520985603333, 0.14348828792572021]"
117768.0,2012-12-01T00:00:00.000000000,"[0.8999148011207581, 1.0044249296188354, 1.3124550580978394, 1.5874814987182617]","[0.4929303228855133, 0.3634595572948456, 0.35375580191612244, 0.3743949234485626]"
117768.0,2013-03-01T00:00:00.000000000,"[1.0044249296188354, 1.3124550580978394, 1.5874814987182617, 1.8735092878341675]","[0.5400912761688232, 0.4491121470928192, 0.34751608967781067, 0.36814698576927185]"
126136.0,2004-03-01T00:00:00.000000000,"[-1.7227402925491333, -1.8930367231369019, -1.8688346147537231, -2.47697377204895]","[-1.6430299282073975, -1.5574557781219482, -0.968740701675415, -1.5661563873291016]"
126136.0,2004-06-01T00:00:00.000000000,"[-1.8930367231369019, -1.8688346147537231, -2.47697377204895, -1.0901788473129272]","[-1.7489497661590576, -1.7686834335327148, -1.865115761756897, -1.8359862565994263]"
126136.0,2004-12-01T00:00:00.000000000,"[-1.8688346147537231, -2.47697377204895, -1.0901788473129272, 0.9051952958106995]","[-2.2972710132598877, -2.4140982627868652, -2.5117592811584473, -2.4335689544677734]"
126136.0,2005-03-01T00:00:00.000000000,"[-2.47697377204895, -1.0901788473129272, 0.9051952958106995, -3.3530988693237305]","[-1.755953073501587, -1.8542081117630005, -2.02872896194458, -1.950099229812622]"
126136.0,2005-06-01T00:00:00.000000000,"[-1.0901788473129272, 0.9051952958106995, -3.3530988693237305, -4.78873872756958]","[-2.1536569595336914, -2.1371407508850098, -2.1143853664398193, -2.141165256500244]"
126136.0,2005-09-01T00:00:00.000000000,"[0.9051952958106995, -3.3530988693237305, -4.78873872756958, 0.8174067735671997]","[-1.0475624799728394, -1.2761929035186768, -1.07752525806427, -1.1381614208221436]"
126136.0,2005-12-01T00:00:00.000000000,"[-3.3530988693237305, -4.78873872756958, 0.8174067735671997, 2.973616361618042]","[-0.2592909336090088, -0.3319401741027832, -0.7795424461364746, -0.6321669816970825]"
126136.0,2006-03-01T00:00:00.000000000,"[-4.78873872756958, 0.8174067735671997, 2.973616361618042, 0.553381085395813]","[-2.5938708782196045, -2.5149497985839844, -1.7456326484680176, -2.6110422611236572]"
126136.0,2006-06-01T00:00:00.000000000,"[0.8174067735671997, 2.973616361618042, 0.553381085395813, 0.44337034225463867]","[-3.653409242630005, -3.4578745365142822, -3.2233853340148926, -3.1075210571289062]"
126136.0,2006-12-01T00:00:00.000000000,"[2.973616361618042, 0.553381085395813, 0.44337034225463867, -0.28270024061203003]","[-0.7317796945571899, -0.9629027843475342, -1.2176768779754639, -1.1096824407577515]"
126136.0,2007-06-01T00:00:00.000000000,"[0.553381085395813, 0.44337034225463867, -0.28270024061203003, 1.8075029850006104]","[0.29904627799987793, 0.5381114482879639, 0.14514970779418945, 0.41886377334594727]"
126136.0,2007-09-01T00:00:00.000000000,"[0.44337034225463867, -0.28270024061203003, 1.8075029850006104, 0.8394088745117188]","[-0.43374907970428467, -0.19977116584777832, -0.004661083221435547, -0.3181694746017456]"
126136.0,2007-12-01T00:00:00.000000000,"[-0.28270024061203003, 1.8075029850006104, 0.8394088745117188, 1.8295050859451294]","[-0.3555288314819336, -0.730797290802002, -0.6205306053161621, -0.7522027492523193]"
126136.0,2008-03-01T00:00:00.000000000,"[1.8075029850006104, 0.8394088745117188, 1.8295050859451294, 2.2915501594543457]","[0.08549714088439941, -0.4453362226486206, -0.1974695920944214, -0.5541987419128418]"
126136.0,2008-06-01T00:00:00.000000000,"[0.8394088745117188, 1.8295050859451294, 2.2915501594543457, 2.1375350952148438]","[1.1052199602127075, 0.7324315309524536, 0.29592669010162354, 0.46173012256622314]"
126136.0,2008-09-01T00:00:00.000000000,"[1.8295050859451294, 2.2915501594543457, 2.1375350952148438, 1.7414965629577637]","[0.518231987953186, 0.28533899784088135, 0.5488559007644653, 0.12123823165893555]"
126136.0,2008-12-01T00:00:00.000000000,"[2.2915501594543457, 2.1375350952148438, 1.7414965629577637, 2.3575565814971924]","[1.389113426208496, 1.1323976516723633, 0.9606101512908936, 1.1066086292266846]"
126136.0,2010-09-01T00:00:00.000000000,"[2.1375350952148438, 1.7414965629577637, 2.3575565814971924, 3.127631425857544]","[2.076249122619629, 1.4756780862808228, 1.4054464101791382, 1.4922856092453003]"
126136.0,2010-12-01T00:00:00.000000000,"[1.7414965629577637, 2.3575565814971924, 3.127631425857544, 6.515960693359375]","[2.0548176765441895, 1.5045788288116455, 1.2056224346160889, 1.3057324886322021]"
126136.0,2011-03-01T00:00:00.000000000,"[2.3575565814971924, 3.127631425857544, 6.515960693359375, 3.3916571140289307]","[1.7030184268951416, 1.1297948360443115, 1.3712530136108398, 1.000312089920044]"
126136.0,2011-06-01T00:00:00.000000000,"[3.127631425857544, 6.515960693359375, 3.3916571140289307, 7.286036014556885]","[2.2828590869903564, 1.8713462352752686, 1.5639734268188477, 1.660783290863037]"
126136.0,2011-09-01T00:00:00.000000000,"[6.515960693359375, 3.3916571140289307, 7.286036014556885, 7.880094051361084]","[2.349801540374756, 1.9964627027511597, 1.6402124166488647, 1.7564197778701782]"
126136.0,2011-12-01T00:00:00.000000000,"[3.3916571140289307, 7.286036014556885, 7.880094051361084, 12.610553741455078]","[4.057027816772461, 3.582012176513672, 3.0887489318847656, 3.2963414192199707]"
126136.0,2012-03-01T00:00:00.000000000,"[7.286036014556885, 7.880094051361084, 12.610553741455078, 8.34213924407959]","[2.629636287689209, 2.2504632472991943, 2.8415756225585938, 2.0629849433898926]"
126136.0,2012-06-01T00:00:00.000000000,"[7.880094051361084, 12.610553741455078, 8.34213924407959, 10.938390731811523]","[4.872908115386963, 4.121939182281494, 3.9293272495269775, 4.122136116027832]"
126136.0,2012-09-01T00:00:00.000000000,"[12.610553741455078, 8.34213924407959, 10.938390731811523, 13.6006498336792]","[5.375713348388672, 4.437115669250488, 4.086218357086182, 4.183617115020752]"
126136.0,2012-12-01T00:00:00.000000000,"[8.34213924407959, 10.938390731811523, 13.6006498336792, 18.947172164916992]","[7.895669937133789, 7.737951278686523, 6.727483749389648, 6.822965621948242]"
134932.0,2006-06-01T00:00:00.000000000,"[-0.2606981098651886, -0.23869597911834717, -0.3267045319080353, -0.2606981098651886]","[-0.360164999961853, -0.35169580578804016, -0.3234589695930481, -0.3356148302555084]"
134932.0,2006-09-01T00:00:00.000000000,"[-0.23869597911834717, -0.3267045319080353, -0.2606981098651886, -0.21669383347034454]","[-0.31462985277175903, -0.31557825207710266, -0.3167482316493988, -0.30212342739105225]"
134932.0,2006-12-01T00:00:00.000000000,"[-0.3267045319080353, -0.2606981098651886, -0.21669383347034454, -0.19469167292118073]","[-0.2994149327278137, -0.2992340624332428, -0.2802416682243347, -0.2901398539543152]"
134932.0,2007-03-01T00:00:00.000000000,"[-0.2606981098651886, -0.21669383347034454, -0.19469167292118073, -0.28270024061203003]","[-0.3534041941165924, -0.3456561267375946, -0.3022805452346802, -0.33595141768455505]"
134932.0,2007-06-01T00:00:00.000000000,"[-0.21669383347034454, -0.19469167292118073, -0.28270024061203003, -0.3267045319080353]","[-0.30492767691612244, -0.3092600405216217, -0.2986987233161926, -0.29242175817489624]"
134932.0,2007-09-01T00:00:00.000000000,"[-0.19469167292118073, -0.28270024061203003, -0.3267045319080353, -0.23869597911834717]","[-0.25169599056243896, -0.2666501998901367, -0.2681044936180115, -0.25869208574295044]"
134932.0,2007-12-01T00:00:00.000000000,"[-0.28270024061203003, -0.3267045319080353, -0.23869597911834717, -0.1726895570755005]","[-0.24928754568099976, -0.2536795139312744, -0.24136042594909668, -0.24741370975971222]"
134932.0,2008-03-01T00:00:00.000000000,"[-0.3267045319080353, -0.23869597911834717, -0.1726895570755005, -0.06267886608839035]","[-0.3107324540615082, -0.31255438923835754, -0.2613840699195862, -0.2970215380191803]"
134932.0,2008-06-01T00:00:00.000000000,"[-0.23869597911834717, -0.1726895570755005, -0.06267886608839035, -0.19469167292118073]","[-0.33354195952415466, -0.33520251512527466, -0.3104863166809082, -0.3115486204624176]"
134932.0,2008-09-01T00:00:00.000000000,"[-0.1726895570755005, -0.06267886608839035, -0.19469167292118073, -0.12868529558181763]","[-0.2709422707557678, -0.28984716534614563, -0.2904408574104309, -0.2796032726764679]"
134932.0,2008-12-01T00:00:00.000000000,"[-0.06267886608839035, -0.19469167292118073, -0.12868529558181763, -0.018674563616514206]","[-0.23371407389640808, -0.24121969938278198, -0.23065537214279175, -0.2339572012424469]"
134932.0,2009-03-01T00:00:00.000000000,"[-0.19469167292118073, -0.12868529558181763, -0.018674563616514206, 0.15734252333641052]","[-0.15752221643924713, -0.16024820506572723, -0.1371692568063736, -0.15048626065254211]"
134932.0,2009-06-01T00:00:00.000000000,"[-0.12868529558181763, -0.018674563616514206, 0.15734252333641052, 0.17934469878673553]","[-0.18881283700466156, -0.20564843714237213, -0.1585572063922882, -0.19338363409042358]"
134932.0,2009-09-01T00:00:00.000000000,"[-0.018674563616514206, 0.15734252333641052, 0.17934469878673553, 0.3113575577735901]","[-0.14791736006736755, -0.18394772708415985, -0.18663397431373596, -0.17726662755012512]"
134932.0,2009-12-01T00:00:00.000000000,"[0.15734252333641052, 0.17934469878673553, 0.3113575577735901, 0.553381085395813]","[-0.08676904439926147, -0.1318199634552002, -0.12522993981838226, -0.12227857112884521]"
134932.0,2010-03-01T00:00:00.000000000,"[0.17934469878673553, 0.3113575577735901, 0.553381085395813, 0.4653724431991577]","[-0.011051952838897705, -0.03954634070396423, -0.0228918194770813, -0.03024694323539734]"
134932.0,2010-06-01T00:00:00.000000000,"[0.3113575577735901, 0.553381085395813, 0.4653724431991577, 0.2453511357307434]","[0.012332439422607422, -0.029613643884658813, -0.00459560751914978, -0.021808654069900513]"
134932.0,2010-09-01T00:00:00.000000000,"[0.553381085395813, 0.4653724431991577, 0.2453511357307434, 0.2233489453792572]","[0.07713209092617035, 0.015023693442344666, 0.01853950321674347, 0.022618427872657776]"
134932.0,2010-12-01T00:00:00.000000000,"[0.4653724431991577, 0.2453511357307434, 0.2233489453792572, 0.025329740718007088]","[0.19442880153656006, 0.11422297358512878, 0.13020464777946472, 0.12456810474395752]"
134932.0,2011-03-01T00:00:00.000000000,"[0.2453511357307434, 0.2233489453792572, 0.025329740718007088, -0.04067668318748474]","[0.193838968873024, 0.11482350528240204, 0.18984992802143097, 0.12944312393665314]"
134932.0,2011-06-01T00:00:00.000000000,"[0.2233489453792572, 0.025329740718007088, -0.04067668318748474, -0.48071953654289246]","[0.10528242588043213, 0.018386751413345337, 0.0828656256198883, 0.039850667119026184]"
134932.0,2011-09-01T00:00:00.000000000,"[0.025329740718007088, -0.04067668318748474, -0.48071953654289246, -0.4367152154445648]","[0.10068851709365845, 0.0007308274507522583, 0.03458593785762787, 0.03377556800842285]"
134932.0,2011-12-01T00:00:00.000000000,"[-0.04067668318748474, -0.48071953654289246, -0.4367152154445648, -0.10668310523033142]","[-0.0031006038188934326, -0.0713234469294548, 0.0076151639223098755, -0.029329955577850342]"
134932.0,2012-03-01T00:00:00.000000000,"[-0.48071953654289246, -0.4367152154445648, -0.10668310523033142, 0.06933397799730301]","[-0.029763370752334595, -0.07553347200155258, -0.003529593348503113, -0.0308137908577919]"
134932.0,2012-06-01T00:00:00.000000000,"[-0.4367152154445648, -0.10668310523033142, 0.06933397799730301, 0.06933397799730301]","[-0.3022705316543579, -0.2831467390060425, -0.16550575196743011, -0.20845776796340942]"
134932.0,2012-09-01T00:00:00.000000000,"[-0.10668310523033142, 0.06933397799730301, 0.06933397799730301, 0.6853939294815063]","[-0.3858479857444763, -0.3492981791496277, -0.3128690719604492, -0.26243799924850464]"
134932.0,2012-12-01T00:00:00.000000000,"[0.06933397799730301, 0.06933397799730301, 0.6853939294815063, 1.2134451866149902]","[-0.2233903408050537, -0.215413436293602, -0.17979614436626434, -0.16083937883377075]"
134932.0,2013-03-01T00:00:00.000000000,"[0.06933397799730301, 0.6853939294815063, 1.2134451866149902, 1.6974923610687256]","[-0.0936456024646759, -0.054236091673374176, -0.013607650995254517, -0.03221842646598816]"
136725.0,2006-06-01T00:00:00.000000000,"[0.03259040787816048, 0.25767233967781067, 0.5021160840988159, 0.17208397388458252]","[-0.030117467045783997, -0.06253007054328918, 0.007846951484680176, -0.06631593406200409]"
136725.0,2006-09-01T00:00:00.000000000,"[0.25767233967781067, 0.5021160840988159, 0.17208397388458252, 0.41652771830558777]","[0.0486488938331604, 0.007122620940208435, -0.031753286719322205, -0.015434488654136658]"
136725.0,2006-12-01T00:00:00.000000000,"[0.5021160840988159, 0.17208397388458252, 0.41652771830558777, 0.392105370759964]","[0.2584072947502136, 0.1900794357061386, 0.17658458650112152, 0.1975914090871811]"
136725.0,2007-03-01T00:00:00.000000000,"[0.17208397388458252, 0.41652771830558777, 0.392105370759964, 0.7390791177749634]","[0.29836392402648926, 0.2855437994003296, 0.2190910130739212, 0.24172936379909515]"
136725.0,2007-06-01T00:00:00.000000000,"[0.41652771830558777, 0.392105370759964, 0.7390791177749634, 0.3797842264175415]","[0.13975533843040466, 0.1270897388458252, 0.1254124939441681, 0.10070844739675522]"
136725.0,2007-09-01T00:00:00.000000000,"[0.392105370759964, 0.7390791177749634, 0.3797842264175415, 0.6730727553367615]","[0.32982537150382996, 0.2684115171432495, 0.2292511761188507, 0.2430362105369568]"
136725.0,2007-12-01T00:00:00.000000000,"[0.7390791177749634, 0.3797842264175415, 0.6730727553367615, 0.8125662803649902]","[0.3812617063522339, 0.3144584894180298, 0.2826361060142517, 0.30170249938964844]"
136725.0,2008-03-01T00:00:00.000000000,"[0.3797842264175415, 0.6730727553367615, 0.8125662803649902, 0.7881438732147217]","[0.5538164973258972, 0.5124915242195129, 0.45983177423477173, 0.48281726241111755]"
136725.0,2008-06-01T00:00:00.000000000,"[0.6730727553367615, 0.8125662803649902, 0.7881438732147217, 0.543700098991394]","[0.39769336581230164, 0.3478275537490845, 0.40127032995224, 0.3503566086292267]"
136725.0,2008-09-01T00:00:00.000000000,"[0.8125662803649902, 0.7881438732147217, 0.543700098991394, 0.7538204789161682]","[0.6020619869232178, 0.5088710188865662, 0.5038158893585205, 0.5325598120689392]"
136725.0,2008-12-01T00:00:00.000000000,"[0.7881438732147217, 0.543700098991394, 0.7538204789161682, 1.3307167291641235]","[0.6695334911346436, 0.5507908463478088, 0.5454828143119812, 0.5657646656036377]"
136725.0,2009-03-01T00:00:00.000000000,"[0.543700098991394, 0.7538204789161682, 1.3307167291641235, 1.1621804237365723]","[0.5875367522239685, 0.5428097248077393, 0.5658072829246521, 0.5490999817848206]"
136725.0,2009-06-01T00:00:00.000000000,"[0.7538204789161682, 1.3307167291641235, 1.1621804237365723, 1.0886931419372559]","[0.48122909665107727, 0.425453245639801, 0.5272496938705444, 0.45042452216148376]"
136725.0,2009-09-01T00:00:00.000000000,"[1.3307167291641235, 1.1621804237365723, 1.0886931419372559, 1.323456048965454]","[0.6477285623550415, 0.5464292764663696, 0.5199949741363525, 0.5408893823623657]"
136725.0,2009-12-01T00:00:00.000000000,"[1.1621804237365723, 1.0886931419372559, 1.323456048965454, 1.3747209310531616]","[0.9622383117675781, 0.8819502592086792, 0.830207884311676, 0.8533531427383423]"
136725.0,2010-03-01T00:00:00.000000000,"[1.0886931419372559, 1.323456048965454, 1.3747209310531616, 1.5874814987182617]","[0.8317806720733643, 0.7977809906005859, 0.8086183071136475, 0.7339910268783569]"
136725.0,2010-06-01T00:00:00.000000000,"[1.323456048965454, 1.3747209310531616, 1.5874814987182617, 1.2134451866149902]","[0.8318437337875366, 0.7684227228164673, 0.7992446422576904, 0.7168393135070801]"
136725.0,2010-09-01T00:00:00.000000000,"[1.3747209310531616, 1.5874814987182617, 1.2134451866149902, 1.6827508211135864]","[1.1344190835952759, 0.9982593059539795, 0.9251272678375244, 0.9342097043991089]"
136725.0,2010-12-01T00:00:00.000000000,"[1.5874814987182617, 1.2134451866149902, 1.6827508211135864, 1.8147637844085693]","[1.0981013774871826, 0.9738397598266602, 0.9166204929351807, 0.9384638071060181]"
136725.0,2011-03-01T00:00:00.000000000,"[1.2134451866149902, 1.6827508211135864, 1.8147637844085693, 1.8515071868896484]","[1.3151227235794067, 1.2277746200561523, 1.1549032926559448, 1.161060094833374]"
136725.0,2011-06-01T00:00:00.000000000,"[1.6827508211135864, 1.8147637844085693, 1.8515071868896484, 1.2721909284591675]","[1.1298670768737793, 1.0247055292129517, 1.1147384643554688, 1.006866693496704]"
136725.0,2011-09-01T00:00:00.000000000,"[1.8147637844085693, 1.8515071868896484, 1.2721909284591675, 0.11333828419446945]","[1.3333479166030884, 1.2263431549072266, 1.1270943880081177, 1.1344873905181885]"
136725.0,2011-12-01T00:00:00.000000000,"[1.8515071868896484, 1.2721909284591675, 0.11333828419446945, 1.3307167291641235]","[1.5289846658706665, 1.3573014736175537, 1.3092637062072754, 1.3358789682388306]"
136725.0,2012-03-01T00:00:00.000000000,"[1.2721909284591675, 0.11333828419446945, 1.3307167291641235, 1.924774408340454]","[1.4676294326782227, 1.3267369270324707, 1.3439738750457764, 1.343428611755371]"
136725.0,2012-06-01T00:00:00.000000000,"[0.11333828419446945, 1.3307167291641235, 1.924774408340454, 1.880770206451416]","[1.1544089317321777, 1.013856053352356, 1.180380940437317, 1.0703777074813843]"
136725.0,2012-09-01T00:00:00.000000000,"[1.3307167291641235, 1.924774408340454, 1.880770206451416, 2.174278736114502]","[0.5331910252571106, 0.5690548419952393, 0.6995986104011536, 0.6792913675308228]"
136725.0,2012-12-01T00:00:00.000000000,"[1.924774408340454, 1.880770206451416, 2.174278736114502, 1.9175138473510742]","[1.1120160818099976, 1.0252336263656616, 0.9208698272705078, 0.9465482234954834]"
136725.0,2013-03-01T00:00:00.000000000,"[1.880770206451416, 2.174278736114502, 1.9175138473510742, 2.1595370769500732]","[1.459591031074524, 1.4511114358901978, 1.34608793258667, 1.3916833400726318]"
137310.0,2005-09-01T00:00:00.000000000,"[-0.10668310523033142, 0.047331858426332474, -0.06267886608839035, -0.15068741142749786]","[0.07201936841011047, 0.0029372870922088623, 0.04215574264526367, -0.0478074848651886]"
137310.0,2005-12-01T00:00:00.000000000,"[0.047331858426332474, -0.06267886608839035, -0.15068741142749786, -0.4147131145000458]","[-0.05037212371826172, -0.08004381507635117, -0.05548623949289322, -0.0793846994638443]"
137310.0,2006-03-01T00:00:00.000000000,"[-0.06267886608839035, -0.15068741142749786, -0.4147131145000458, -0.4367152154445648]","[0.06248128414154053, 0.0009968876838684082, 0.03977644443511963, 0.0172288715839386]"
137310.0,2006-06-01T00:00:00.000000000,"[-0.15068741142749786, -0.4147131145000458, -0.4367152154445648, -0.5907301902770996]","[-0.04479123651981354, -0.06417830288410187, -0.03508371114730835, -0.03727256506681442]"
137310.0,2006-09-01T00:00:00.000000000,"[-0.4147131145000458, -0.4367152154445648, -0.5907301902770996, -0.45871737599372864]","[-0.11372309923171997, -0.11268730461597443, -0.10645760595798492, -0.0915803611278534]"
137310.0,2007-09-01T00:00:00.000000000,"[-0.4367152154445648, -0.5907301902770996, -0.45871737599372864, -0.6787387728691101]","[-0.3094499111175537, -0.2682678699493408, -0.24984681606292725, -0.22674456238746643]"
137310.0,2007-12-01T00:00:00.000000000,"[-0.5907301902770996, -0.45871737599372864, -0.6787387728691101, -0.30470237135887146]","[-0.33956408500671387, -0.31807202100753784, -0.2853819727897644, -0.25208672881126404]"
137310.0,2008-03-01T00:00:00.000000000,"[-0.45871737599372864, -0.6787387728691101, -0.30470237135887146, -0.2606981098651886]","[-0.3842514157295227, -0.32567983865737915, -0.2868615388870239, -0.2629508376121521]"
137310.0,2008-06-01T00:00:00.000000000,"[-0.6787387728691101, -0.30470237135887146, -0.2606981098651886, -0.21669383347034454]","[-0.32927799224853516, -0.2830294966697693, -0.2530297338962555, -0.23673951625823975]"
137310.0,2008-09-01T00:00:00.000000000,"[-0.30470237135887146, -0.2606981098651886, -0.21669383347034454, -0.1726895570755005]","[-0.4396757483482361, -0.37381696701049805, -0.32493966817855835, -0.3017050623893738]"
137310.0,2008-12-01T00:00:00.000000000,"[-0.2606981098651886, -0.21669383347034454, -0.1726895570755005, -0.04067668318748474]","[-0.29203230142593384, -0.23988491296768188, -0.2432493269443512, -0.17553040385246277]"
137310.0,2009-03-01T00:00:00.000000000,"[-0.21669383347034454, -0.1726895570755005, -0.04067668318748474, 0.047331858426332474]","[-0.2857280373573303, -0.2730139493942261, -0.20827792584896088, -0.17699450254440308]"
137310.0,2009-06-01T00:00:00.000000000,"[-0.1726895570755005, -0.04067668318748474, 0.047331858426332474, 0.003327556187286973]","[-0.16470125317573547, -0.17640607059001923, -0.17166998982429504, -0.20165717601776123]"
137310.0,2009-09-01T00:00:00.000000000,"[-0.04067668318748474, 0.047331858426332474, 0.003327556187286973, 0.003327556187286973]","[-0.1958474963903427, -0.1916261613368988, -0.17200802266597748, -0.19417326152324677]"
137310.0,2009-12-01T00:00:00.000000000,"[0.047331858426332474, 0.003327556187286973, 0.003327556187286973, -0.08468098938465118]","[-0.10122647136449814, -0.13297860324382782, -0.13868959248065948, -0.17220556735992432]"
137310.0,2010-03-01T00:00:00.000000000,"[0.003327556187286973, 0.003327556187286973, -0.08468098938465118, 0.025329740718007088]","[0.003444075584411621, -0.04622712731361389, -0.06049638241529465, -0.10712365806102753]"
137310.0,2010-06-01T00:00:00.000000000,"[0.003327556187286973, -0.08468098938465118, 0.025329740718007088, -0.15068741142749786]","[0.02181042730808258, -0.03070487082004547, -0.041630931198596954, -0.08966662734746933]"
137310.0,2010-09-01T00:00:00.000000000,"[-0.08468098938465118, 0.025329740718007088, -0.15068741142749786, -0.3487066924571991]","[-0.03156054764986038, -0.05544865131378174, -0.15766164660453796, -0.19984671473503113]"
137310.0,2010-12-01T00:00:00.000000000,"[0.025329740718007088, -0.15068741142749786, -0.3487066924571991, -0.3487066924571991]","[-0.13640551269054413, -0.1250198632478714, -0.16961346566677094, -0.16028371453285217]"
137310.0,2011-03-01T00:00:00.000000000,"[-0.15068741142749786, -0.3487066924571991, -0.3487066924571991, -0.3267045319080353]","[-0.10821156948804855, -0.11082463711500168, -0.11428789794445038, -0.1066177561879158]"
137310.0,2011-06-01T00:00:00.000000000,"[-0.3487066924571991, -0.3487066924571991, -0.3267045319080353, -0.3267045319080353]","[-0.15866515040397644, -0.15066497027873993, -0.11444321274757385, -0.14370417594909668]"
137310.0,2011-09-01T00:00:00.000000000,"[-0.3487066924571991, -0.3267045319080353, -0.3267045319080353, -0.30470237135887146]","[-0.3144988715648651, -0.2691414952278137, -0.2782476544380188, -0.2581865191459656]"
137310.0,2011-12-01T00:00:00.000000000,"[-0.3267045319080353, -0.3267045319080353, -0.30470237135887146, -0.23869597911834717]","[-0.23453643918037415, -0.30551937222480774, -0.29582327604293823, -0.2616354525089264]"
137310.0,2012-03-01T00:00:00.000000000,"[-0.3267045319080353, -0.30470237135887146, -0.23869597911834717, -0.15068741142749786]","[-0.3200909495353699, -0.2813766598701477, -0.2547574043273926, -0.2415744811296463]"
137310.0,2012-06-01T00:00:00.000000000,"[-0.30470237135887146, -0.23869597911834717, -0.15068741142749786, -0.06267886608839035]","[-0.32412421703338623, -0.2830847203731537, -0.25494611263275146, -0.24655476212501526]"
137310.0,2012-09-01T00:00:00.000000000,"[-0.23869597911834717, -0.15068741142749786, -0.06267886608839035, -0.06267886608839035]","[-0.29747894406318665, -0.2648389935493469, -0.24269819259643555, -0.23600587248802185]"
137310.0,2012-12-01T00:00:00.000000000,"[-0.15068741142749786, -0.06267886608839035, -0.06267886608839035, 0.047331858426332474]","[-0.28164082765579224, -0.25738751888275146, -0.24284526705741882, -0.23326468467712402]"
137310.0,2013-03-01T00:00:00.000000000,"[-0.06267886608839035, -0.06267886608839035, 0.047331858426332474, 0.2453511357307434]","[-0.1906907856464386, -0.2033839225769043, -0.21311227977275848, -0.21926309168338776]"
142953.0,2006-06-01T00:00:00.000000000,"[0.17934469878673553, 0.3993660807609558, 0.33335965871810913, 0.20134682953357697]","[0.27476170659065247, 0.284062922000885, 0.31431692838668823, 0.3105512857437134]"
142953.0,2006-09-01T00:00:00.000000000,"[0.3993660807609558, 0.33335965871810913, 0.20134682953357697, 0.33335965871810913]","[0.14958535134792328, 0.22448357939720154, 0.23495817184448242, 0.30855172872543335]"
142953.0,2006-12-01T00:00:00.000000000,"[0.33335965871810913, 0.20134682953357697, 0.33335965871810913, 0.2233489453792572]","[0.31462979316711426, 0.30812764167785645, 0.360307902097702, 0.37553712725639343]"
142953.0,2007-03-01T00:00:00.000000000,"[0.20134682953357697, 0.33335965871810913, 0.2233489453792572, 0.3113575577735901]","[0.3394378423690796, 0.3469483256340027, 0.3696404695510864, 0.32650771737098694]"
142953.0,2007-06-01T00:00:00.000000000,"[0.33335965871810913, 0.2233489453792572, 0.3113575577735901, 0.35536178946495056]","[0.26531508564949036, 0.29297971725463867, 0.3169797658920288, 0.31542104482650757]"
142953.0,2007-09-01T00:00:00.000000000,"[0.2233489453792572, 0.3113575577735901, 0.35536178946495056, 0.26735323667526245]","[0.26851963996887207, 0.2794569432735443, 0.2643040120601654, 0.354385644197464]"
142953.0,2007-12-01T00:00:00.000000000,"[0.3113575577735901, 0.35536178946495056, 0.26735323667526245, 0.44337034225463867]","[0.22379644215106964, 0.21080057322978973, 0.3462817966938019, 0.281785786151886]"
142953.0,2008-03-01T00:00:00.000000000,"[0.35536178946495056, 0.26735323667526245, 0.44337034225463867, 0.33335965871810913]","[0.29707926511764526, 0.3286247253417969, 0.3081568777561188, 0.3208431005477905]"
142953.0,2008-06-01T00:00:00.000000000,"[0.26735323667526245, 0.44337034225463867, 0.33335965871810913, 0.4653724431991577]","[0.39173227548599243, 0.3017910420894623, 0.3212732970714569, 0.31998211145401]"
142953.0,2008-09-01T00:00:00.000000000,"[0.44337034225463867, 0.33335965871810913, 0.4653724431991577, 0.35536178946495056]","[0.2469075471162796, 0.2777034640312195, 0.2984217405319214, 0.3043856620788574]"
142953.0,2008-12-01T00:00:00.000000000,"[0.33335965871810913, 0.4653724431991577, 0.35536178946495056, 0.553381085395813]","[0.3322518467903137, 0.33775806427001953, 0.3350900113582611, 0.34895214438438416]"
142953.0,2009-03-01T00:00:00.000000000,"[0.4653724431991577, 0.35536178946495056, 0.553381085395813, 0.553381085395813]","[0.31504371762275696, 0.3256922960281372, 0.35130318999290466, 0.3344654440879822]"
142953.0,2009-06-01T00:00:00.000000000,"[0.35536178946495056, 0.553381085395813, 0.553381085395813, 0.6633917689323425]","[0.45390331745147705, 0.4106297492980957, 0.40287256240844727, 0.3508329689502716]"
142953.0,2009-09-01T00:00:00.000000000,"[0.553381085395813, 0.553381085395813, 0.6633917689323425, 0.5313789248466492]","[0.3328676223754883, 0.3387654423713684, 0.33773741126060486, 0.35178428888320923]"
142953.0,2009-12-01T00:00:00.000000000,"[0.553381085395813, 0.6633917689323425, 0.5313789248466492, 0.6633917689323425]","[0.45732012391090393, 0.42964333295822144, 0.41608548164367676, 0.39555370807647705]"
142953.0,2010-03-01T00:00:00.000000000,"[0.6633917689323425, 0.5313789248466492, 0.6633917689323425, 0.6853939294815063]","[0.5594016313552856, 0.4946413040161133, 0.5014938116073608, 0.4367266893386841]"
142953.0,2010-06-01T00:00:00.000000000,"[0.5313789248466492, 0.6633917689323425, 0.6853939294815063, 0.7293981313705444]","[0.6369764804840088, 0.5665527582168579, 0.45801103115081787, 0.38436391949653625]"
142953.0,2010-09-01T00:00:00.000000000,"[0.6633917689323425, 0.6853939294815063, 0.7293981313705444, 0.553381085395813]","[0.5579866170883179, 0.5285234451293945, 0.5540175437927246, 0.537557065486908]"
142953.0,2010-12-01T00:00:00.000000000,"[0.6853939294815063, 0.7293981313705444, 0.553381085395813, 0.7073960304260254]","[0.6267760992050171, 0.5937352180480957, 0.576607346534729, 0.5753463506698608]"
142953.0,2011-03-01T00:00:00.000000000,"[0.7293981313705444, 0.553381085395813, 0.7073960304260254, 0.6413896679878235]","[0.6106139421463013, 0.5734337568283081, 0.544353723526001, 0.554949164390564]"
142953.0,2011-06-01T00:00:00.000000000,"[0.553381085395813, 0.7073960304260254, 0.6413896679878235, 0.8174067735671997]","[0.6407681107521057, 0.6059615015983582, 0.5686598420143127, 0.5797648429870605]"
142953.0,2011-09-01T00:00:00.000000000,"[0.7073960304260254, 0.6413896679878235, 0.8174067735671997, 0.6853939294815063]","[0.5381729006767273, 0.4980684816837311, 0.49261313676834106, 0.48903006315231323]"
142953.0,2011-12-01T00:00:00.000000000,"[0.6413896679878235, 0.8174067735671997, 0.6853939294815063, 0.6853939294815063]","[0.6353028416633606, 0.5936764478683472, 0.5725647211074829, 0.5835002660751343]"
142953.0,2012-03-01T00:00:00.000000000,"[0.8174067735671997, 0.6853939294815063, 0.6853939294815063, 0.7734025120735168]","[0.6511358618736267, 0.6163150072097778, 0.6407700181007385, 0.6275415420532227]"
142953.0,2012-06-01T00:00:00.000000000,"[0.6853939294815063, 0.6853939294815063, 0.7734025120735168, 0.9934238195419312]","[0.7510905265808105, 0.7199342250823975, 0.7019535303115845, 0.722590446472168]"
142953.0,2012-09-01T00:00:00.000000000,"[0.6853939294815063, 0.7734025120735168, 0.9934238195419312, 0.7514004111289978]","[0.6239811778068542, 0.5858839750289917, 0.554389238357544, 0.5608367919921875]"
142953.0,2012-12-01T00:00:00.000000000,"[0.7734025120735168, 0.9934238195419312, 0.7514004111289978, 0.8614109754562378]","[0.6644790172576904, 0.6369950175285339, 0.6094913482666016, 0.6219853162765503]"
142953.0,2013-03-01T00:00:00.000000000,"[0.9934238195419312, 0.7514004111289978, 0.8614109754562378, 0.8834132552146912]","[0.8475569486618042, 0.7759648561477661, 0.7809087038040161, 0.7809497714042664]"
143912.0,2007-06-01T00:00:00.000000000,"[-0.4147131145000458, -0.1726895570755005, -0.45871737599372864, -0.2606981098651886]","[-0.6343574523925781, -0.6256716847419739, -0.6090248227119446, -0.6054628491401672]"
143912.0,2007-09-01T00:00:00.000000000,"[-0.1726895570755005, -0.45871737599372864, -0.2606981098651886, -0.5247237682342529]","[-0.5161761045455933, -0.514506459236145, -0.5263466835021973, -0.5174192190170288]"
143912.0,2008-03-01T00:00:00.000000000,"[-0.45871737599372864, -0.2606981098651886, -0.5247237682342529, -0.23869597911834717]","[-0.4094829559326172, -0.4000473916530609, -0.41988733410835266, -0.40403324365615845]"
143912.0,2008-06-01T00:00:00.000000000,"[-0.2606981098651886, -0.5247237682342529, -0.23869597911834717, -0.39271095395088196]","[-0.48046639561653137, -0.47189387679100037, -0.4359671473503113, -0.48574280738830566]"
143912.0,2008-09-01T00:00:00.000000000,"[-0.5247237682342529, -0.23869597911834717, -0.39271095395088196, -0.08468098938465118]","[-0.36526358127593994, -0.3925895094871521, -0.41689735651016235, -0.40857207775115967]"
143912.0,2009-03-01T00:00:00.000000000,"[-0.23869597911834717, -0.39271095395088196, -0.08468098938465118, 0.20134682953357697]","[-0.48667991161346436, -0.5135138034820557, -0.4986816644668579, -0.5101320147514343]"
143912.0,2009-06-01T00:00:00.000000000,"[-0.39271095395088196, -0.08468098938465118, 0.20134682953357697, 0.17934469878673553]","[-0.3378955125808716, -0.3573475480079651, -0.38392576575279236, -0.37328994274139404]"
143912.0,2009-09-01T00:00:00.000000000,"[-0.08468098938465118, 0.20134682953357697, 0.17934469878673553, -0.722743034362793]","[-0.36847034096717834, -0.39009541273117065, -0.36876028776168823, -0.40258705615997314]"
143912.0,2009-12-01T00:00:00.000000000,"[0.20134682953357697, 0.17934469878673553, -0.722743034362793, 0.17934469878673553]","[-0.24992957711219788, -0.2711140811443329, -0.2907012104988098, -0.276272714138031]"
143912.0,2010-03-01T00:00:00.000000000,"[0.17934469878673553, -0.722743034362793, 0.17934469878673553, 1.499472975730896]","[-0.03408738970756531, -0.08591830730438232, -0.107258141040802, -0.08891937136650085]"
143912.0,2010-06-01T00:00:00.000000000,"[-0.722743034362793, 0.17934469878673553, 1.499472975730896, -0.018674563616514206]","[-0.017600983381271362, -0.04353612661361694, -0.04080313444137573, -0.05573037266731262]"
143912.0,2010-09-01T00:00:00.000000000,"[0.17934469878673553, 1.499472975730896, -0.018674563616514206, 0.13534040749073029]","[-0.4875805079936981, -0.4836268126964569, -0.3485127389431, -0.4454071819782257]"
143912.0,2010-12-01T00:00:00.000000000,"[1.499472975730896, -0.018674563616514206, 0.13534040749073029, 1.8735092878341675]","[-0.1202898621559143, -0.17247354984283447, -0.19927597045898438, -0.19917729496955872]"
143912.0,2011-03-01T00:00:00.000000000,"[-0.018674563616514206, 0.13534040749073029, 1.8735092878341675, 0.3113575577735901]","[0.47822296619415283, 0.39187461137771606, 0.3262951374053955, 0.37170344591140747]"
147579.0,2006-06-01T00:00:00.000000000,"[-0.3392457664012909, -0.39909157156944275, -0.4743388891220093, -0.45871737599372864]","[-0.44599106907844543, -0.4447821080684662, -0.4616292715072632, -0.45552951097488403]"
147579.0,2006-09-01T00:00:00.000000000,"[-0.39909157156944275, -0.4743388891220093, -0.45871737599372864, -0.5687280893325806]","[-0.39389264583587646, -0.39896655082702637, -0.4249354600906372, -0.41734981536865234]"
147579.0,2006-12-01T00:00:00.000000000,"[-0.4743388891220093, -0.45871737599372864, -0.5687280893325806, -0.5467259287834167]","[-0.4069075584411621, -0.4260815382003784, -0.411213755607605, -0.42606818675994873]"
147579.0,2007-03-01T00:00:00.000000000,"[-0.45871737599372864, -0.5687280893325806, -0.5467259287834167, -0.5467259287834167]","[-0.456167995929718, -0.46718451380729675, -0.4718242883682251, -0.4711829423904419]"
147579.0,2007-06-01T00:00:00.000000000,"[-0.5687280893325806, -0.5467259287834167, -0.5467259287834167, -0.5687280893325806]","[-0.4408077895641327, -0.46016618609428406, -0.46916571259498596, -0.46442273259162903]"
147579.0,2007-09-01T00:00:00.000000000,"[-0.5467259287834167, -0.5467259287834167, -0.5687280893325806, -0.5027216672897339]","[-0.5521186590194702, -0.5479258894920349, -0.5346812605857849, -0.5398527383804321]"
147579.0,2007-12-01T00:00:00.000000000,"[-0.5467259287834167, -0.5687280893325806, -0.5027216672897339, -0.4367152154445648]","[-0.5189545750617981, -0.5160909295082092, -0.5177288055419922, -0.508804202079773]"
147579.0,2008-03-01T00:00:00.000000000,"[-0.5687280893325806, -0.5027216672897339, -0.4367152154445648, -0.37070879340171814]","[-0.549482524394989, -0.545394778251648, -0.5137651562690735, -0.5375111103057861]"
147579.0,2008-06-01T00:00:00.000000000,"[-0.5027216672897339, -0.4367152154445648, -0.37070879340171814, 0.17934469878673553]","[-0.5743146538734436, -0.564342737197876, -0.5328181982040405, -0.5531555414199829]"
147579.0,2008-09-01T00:00:00.000000000,"[-0.4367152154445648, -0.37070879340171814, 0.17934469878673553, -0.37070879340171814]","[-0.5216830968856812, -0.5125940442085266, -0.5144249200820923, -0.5009136199951172]"
147579.0,2008-12-01T00:00:00.000000000,"[-0.37070879340171814, 0.17934469878673553, -0.37070879340171814, -0.06267886608839035]","[-0.4793984293937683, -0.4694758653640747, -0.4754600524902344, -0.46361249685287476]"
147579.0,2009-03-01T00:00:00.000000000,"[0.17934469878673553, -0.37070879340171814, -0.06267886608839035, 0.20134682953357697]","[-0.42906853556632996, -0.41585013270378113, -0.4241139590740204, -0.4131447374820709]"
147579.0,2009-06-01T00:00:00.000000000,"[-0.37070879340171814, -0.06267886608839035, 0.20134682953357697, 0.7073960304260254]","[-0.21330150961875916, -0.22035792469978333, -0.24323228001594543, -0.2195122241973877]"
147579.0,2009-09-01T00:00:00.000000000,"[-0.06267886608839035, 0.20134682953357697, 0.7073960304260254, 1.1694409847259521]","[-0.39767566323280334, -0.4013141095638275, -0.30310171842575073, -0.39088889956474304]"
147579.0,2009-12-01T00:00:00.000000000,"[0.20134682953357697, 0.7073960304260254, 1.1694409847259521, 1.2574495077133179]","[-0.22847449779510498, -0.2604060173034668, -0.2767444849014282, -0.266179621219635]"
147579.0,2010-03-01T00:00:00.000000000,"[0.7073960304260254, 1.1694409847259521, 1.2574495077133179, -0.04067668318748474]","[-0.11478382349014282, -0.1812349557876587, -0.19095313549041748, -0.1823129951953888]"
147579.0,2010-06-01T00:00:00.000000000,"[1.1694409847259521, 1.2574495077133179, -0.04067668318748474, 0.9714217185974121]","[0.07476362586021423, 0.04865759611129761, 0.002071976661682129, 0.026495814323425293]"
147579.0,2010-09-01T00:00:00.000000000,"[1.2574495077133179, -0.04067668318748474, 0.9714217185974121, 0.6193875670433044]","[0.4414306581020355, 0.3478589951992035, 0.3360818326473236, 0.3484952747821808]"
147579.0,2010-12-01T00:00:00.000000000,"[-0.04067668318748474, 0.9714217185974121, 0.6193875670433044, 2.533573627471924]","[0.418106347322464, 0.3760206401348114, 0.25650784373283386, 0.2712312638759613]"
147579.0,2011-03-01T00:00:00.000000000,"[0.9714217185974121, 0.6193875670433044, 2.533573627471924, 2.1595370769500732]","[-0.10286971926689148, -0.1696343719959259, -0.03119128942489624, -0.16485734283924103]"
147579.0,2011-06-01T00:00:00.000000000,"[0.6193875670433044, 2.533573627471924, 2.1595370769500732, 2.7535951137542725]","[0.42337536811828613, 0.2544548511505127, 0.1818661093711853, 0.19225305318832397]"
147579.0,2011-09-01T00:00:00.000000000,"[2.533573627471924, 2.1595370769500732, 2.7535951137542725, 2.7975993156433105]","[0.4699077606201172, 0.29068779945373535, 0.48490244150161743, 0.36234092712402344]"
147579.0,2011-12-01T00:00:00.000000000,"[2.1595370769500732, 2.7535951137542725, 2.7975993156433105, 3.127631425857544]","[1.3162727355957031, 1.2278445959091187, 1.0592013597488403, 1.1396803855895996]"
147579.0,2012-03-01T00:00:00.000000000,"[2.7535951137542725, 2.7975993156433105, 3.127631425857544, 1.9175138473510742]","[1.3958548307418823, 1.17966628074646, 1.311570167541504, 1.192681908607483]"
147579.0,2012-06-01T00:00:00.000000000,"[2.7975993156433105, 3.127631425857544, 1.9175138473510742, 7.5500617027282715]","[1.7763668298721313, 1.5970631837844849, 1.4627665281295776, 1.5165008306503296]"
147579.0,2012-09-01T00:00:00.000000000,"[3.127631425857544, 1.9175138473510742, 7.5500617027282715, 5.833894729614258]","[1.929038405418396, 1.6765297651290894, 1.5448598861694336, 1.4938135147094727]"
147579.0,2012-12-01T00:00:00.000000000,"[1.9175138473510742, 7.5500617027282715, 5.833894729614258, 6.317941665649414]","[2.1526856422424316, 1.7768590450286865, 1.84505033493042, 1.7944724559783936]"
147579.0,2013-03-01T00:00:00.000000000,"[7.5500617027282715, 5.833894729614258, 6.317941665649414, 2.225543737411499]","[1.7299456596374512, 1.3714845180511475, 1.593740701675415, 1.4717259407043457]"
157855.0,2006-06-01T00:00:00.000000000,"[-0.45871737599372864, -0.4147131145000458, -0.39271095395088196, -0.39271095395088196]","[-0.5329169034957886, -0.5410342812538147, -0.524259626865387, -0.5267437100410461]"
157855.0,2006-09-01T00:00:00.000000000,"[-0.4147131145000458, -0.39271095395088196, -0.39271095395088196, -0.3487066924571991]","[-0.4549972414970398, -0.4707435369491577, -0.4695103168487549, -0.4503617286682129]"
157855.0,2006-12-01T00:00:00.000000000,"[-0.39271095395088196, -0.39271095395088196, -0.3487066924571991, -0.28270024061203003]","[-0.41381996870040894, -0.4327206611633301, -0.4218754172325134, -0.4297938346862793]"
157855.0,2007-03-01T00:00:00.000000000,"[-0.39271095395088196, -0.3487066924571991, -0.28270024061203003, -0.23869597911834717]","[-0.4302034378051758, -0.43666601181030273, -0.45320749282836914, -0.4469207525253296]"
157855.0,2007-06-01T00:00:00.000000000,"[-0.3487066924571991, -0.28270024061203003, -0.23869597911834717, -0.28270024061203003]","[-0.4233754277229309, -0.44078677892684937, -0.4538574814796448, -0.4505670666694641]"
157855.0,2007-09-01T00:00:00.000000000,"[-0.28270024061203003, -0.23869597911834717, -0.28270024061203003, -0.1726895570755005]","[-0.3739251494407654, -0.4008421301841736, -0.4092055559158325, -0.4042542576789856]"
157855.0,2007-12-01T00:00:00.000000000,"[-0.23869597911834717, -0.28270024061203003, -0.1726895570755005, -0.1726895570755005]","[-0.31854262948036194, -0.34867703914642334, -0.3605942130088806, -0.3525593876838684]"
157855.0,2008-03-01T00:00:00.000000000,"[-0.28270024061203003, -0.1726895570755005, -0.1726895570755005, -0.1726895570755005]","[-0.34040218591690063, -0.36331212520599365, -0.3749768137931824, -0.37305280566215515]"
157855.0,2008-06-01T00:00:00.000000000,"[-0.1726895570755005, -0.1726895570755005, -0.1726895570755005, -0.08468098938465118]","[-0.35578039288520813, -0.3822844326496124, -0.3823835551738739, -0.3901423215866089]"
157855.0,2008-09-01T00:00:00.000000000,"[-0.1726895570755005, -0.1726895570755005, -0.08468098938465118, -0.08468098938465118]","[-0.26387837529182434, -0.3068836033344269, -0.3061274290084839, -0.2967624068260193]"
157855.0,2008-12-01T00:00:00.000000000,"[-0.1726895570755005, -0.08468098938465118, -0.08468098938465118, 0.025329740718007088]","[-0.27277928590774536, -0.2998036742210388, -0.32206958532333374, -0.3206885755062103]"
157855.0,2009-03-01T00:00:00.000000000,"[-0.08468098938465118, -0.08468098938465118, 0.025329740718007088, 0.15734252333641052]","[-0.25079146027565, -0.2854909598827362, -0.30677616596221924, -0.30229923129081726]"
157855.0,2009-06-01T00:00:00.000000000,"[-0.08468098938465118, 0.025329740718007088, 0.15734252333641052, 0.06933397799730301]","[-0.19591811299324036, -0.24128887057304382, -0.26505255699157715, -0.26184913516044617]"
157855.0,2009-09-01T00:00:00.000000000,"[0.025329740718007088, 0.15734252333641052, 0.06933397799730301, 0.9274174571037292]","[-0.171647310256958, -0.22048316895961761, -0.22584600746631622, -0.22345319390296936]"
157855.0,2009-12-01T00:00:00.000000000,"[0.15734252333641052, 0.06933397799730301, 0.9274174571037292, 0.4653724431991577]","[-0.09572210907936096, -0.14450541138648987, -0.16159871220588684, -0.15287938714027405]"
157855.0,2010-03-01T00:00:00.000000000,"[0.06933397799730301, 0.9274174571037292, 0.4653724431991577, 0.6413896679878235]","[-0.04192781448364258, -0.08865749835968018, -0.11708608269691467, -0.10891252756118774]"
157855.0,2010-06-01T00:00:00.000000000,"[0.9274174571037292, 0.4653724431991577, 0.6413896679878235, 0.8394088745117188]","[-0.06406930088996887, -0.10815653204917908, -0.1234198808670044, -0.12441655993461609]"
157855.0,2010-09-01T00:00:00.000000000,"[0.4653724431991577, 0.6413896679878235, 0.8394088745117188, 1.3454581499099731]","[0.3437401354312897, 0.2467232048511505, 0.2332334816455841, 0.26186737418174744]"
157855.0,2010-12-01T00:00:00.000000000,"[0.6413896679878235, 0.8394088745117188, 1.3454581499099731, 0.7514004111289978]","[0.21015524864196777, 0.12635254859924316, 0.21257489919662476, 0.1425483226776123]"
157855.0,2011-03-01T00:00:00.000000000,"[0.8394088745117188, 1.3454581499099731, 0.7514004111289978, 0.9494196176528931]","[0.39264094829559326, 0.322742760181427, 0.32256633043289185, 0.3031896948814392]"
157855.0,2011-06-01T00:00:00.000000000,"[1.3454581499099731, 0.7514004111289978, 0.9494196176528931, 0.7514004111289978]","[0.5220820903778076, 0.3533440828323364, 0.4057832360267639, 0.396451473236084]"
157855.0,2011-09-01T00:00:00.000000000,"[0.7514004111289978, 0.9494196176528931, 0.7514004111289978, 0.8394088745117188]","[0.864052414894104, 0.7336458563804626, 0.7169569730758667, 0.7292312979698181]"
157855.0,2011-12-01T00:00:00.000000000,"[0.9494196176528931, 0.7514004111289978, 0.8394088745117188, 2.4675674438476562]","[0.48381638526916504, 0.3534266948699951, 0.4392203092575073, 0.34936314821243286]"
157855.0,2012-03-01T00:00:00.000000000,"[0.7514004111289978, 0.8394088745117188, 2.4675674438476562, 3.127631425857544]","[0.6381056308746338, 0.4746965765953064, 0.43821877241134644, 0.4517970681190491]"
157855.0,2012-06-01T00:00:00.000000000,"[0.8394088745117188, 2.4675674438476562, 3.127631425857544, 1.5874814987182617]","[0.7007317543029785, 0.5289053916931152, 0.5364992618560791, 0.5018970370292664]"
157855.0,2012-09-01T00:00:00.000000000,"[2.4675674438476562, 3.127631425857544, 1.5874814987182617, 1.9615180492401123]","[0.6837443709373474, 0.5893256664276123, 0.4641363322734833, 0.4712107181549072]"
157855.0,2012-12-01T00:00:00.000000000,"[3.127631425857544, 1.5874814987182617, 1.9615180492401123, 2.5555758476257324]","[1.562695860862732, 1.3796412944793701, 1.3199725151062012, 1.3740900754928589]"
157855.0,2013-03-01T00:00:00.000000000,"[1.5874814987182617, 1.9615180492401123, 2.5555758476257324, 2.0935308933258057]","[1.9901658296585083, 1.8084487915039062, 1.83683443069458, 1.7922683954238892]"
160329.0,2006-06-01T00:00:00.000000000,"[-0.03187587484717369, -0.002172973472625017, 0.056132733821868896, 0.022029396146535873]","[-0.0037415623664855957, -0.013733536005020142, -0.017153054475784302, -0.034746527671813965]"
160329.0,2006-09-01T00:00:00.000000000,"[-0.002172973472625017, 0.056132733821868896, 0.022029396146535873, 0.06823388487100601]","[0.0089091956615448, -0.003918290138244629, -0.026569336652755737, -0.061283648014068604]"
160329.0,2006-12-01T00:00:00.000000000,"[0.056132733821868896, 0.022029396146535873, 0.06823388487100601, 0.1078377515077591]","[0.021461009979248047, -0.0043964684009552, -0.0179787278175354, -0.010762035846710205]"
160329.0,2007-03-01T00:00:00.000000000,"[0.022029396146535873, 0.06823388487100601, 0.1078377515077591, 0.25305184721946716]","[0.03927034139633179, 0.015790611505508423, 0.013674229383468628, 0.04154765605926514]"
160329.0,2007-06-01T00:00:00.000000000,"[0.06823388487100601, 0.1078377515077591, 0.25305184721946716, 0.12433934211730957]","[0.018785953521728516, 0.019426286220550537, 0.01756453514099121, 0.012168645858764648]"
160329.0,2007-09-01T00:00:00.000000000,"[0.1078377515077591, 0.25305184721946716, 0.12433934211730957, 0.22554919123649597]","[0.08938053250312805, 0.0719296932220459, 0.04228287935256958, 0.02664250135421753]"
160329.0,2007-12-01T00:00:00.000000000,"[0.25305184721946716, 0.12433934211730957, 0.22554919123649597, 0.2959560453891754]","[0.12981832027435303, 0.08885747194290161, 0.08128291368484497, 0.076933354139328]"
160329.0,2008-03-01T00:00:00.000000000,"[0.12433934211730957, 0.22554919123649597, 0.2959560453891754, 0.32895922660827637]","[0.19104613363742828, 0.12642745673656464, 0.14927078783512115, 0.13883201777935028]"
160329.0,2008-06-01T00:00:00.000000000,"[0.22554919123649597, 0.2959560453891754, 0.32895922660827637, 0.14964181184768677]","[0.1280951350927353, 0.07029686868190765, 0.1460176259279251, 0.08545060455799103]"
160329.0,2008-09-01T00:00:00.000000000,"[0.2959560453891754, 0.32895922660827637, 0.14964181184768677, -0.14958731830120087]","[0.1498117744922638, 0.093173086643219, 0.07458198070526123, 0.08756640553474426]"
160329.0,2008-12-01T00:00:00.000000000,"[0.32895922660827637, 0.14964181184768677, -0.14958731830120087, 0.35206151008605957]","[0.22997289896011353, 0.15539124608039856, 0.13356342911720276, 0.14225751161575317]"
160329.0,2009-03-01T00:00:00.000000000,"[0.14964181184768677, -0.14958731830120087, 0.35206151008605957, 0.36636292934417725]","[0.21818122267723083, 0.16645658016204834, 0.1318623125553131, 0.14265969395637512]"
160329.0,2009-06-01T00:00:00.000000000,"[-0.14958731830120087, 0.35206151008605957, 0.36636292934417725, 0.3916653096675873]","[0.12474936991930008, 0.07742030173540115, 0.07883300632238388, 0.061761192977428436]"
160329.0,2009-09-01T00:00:00.000000000,"[0.35206151008605957, 0.36636292934417725, 0.3916653096675873, 0.5918847918510437]","[-0.09299242496490479, -0.09001553803682327, -0.059273894876241684, -0.08215972036123276]"
160329.0,2009-12-01T00:00:00.000000000,"[0.36636292934417725, 0.3916653096675873, 0.5918847918510437, 0.735998809337616]","[0.25896549224853516, 0.186945378780365, 0.16371646523475647, 0.17337843775749207]"
160329.0,2010-03-01T00:00:00.000000000,"[0.3916653096675873, 0.5918847918510437, 0.735998809337616, 0.7040956616401672]","[0.24876630306243896, 0.22402608394622803, 0.1866728663444519, 0.19842064380645752]"
160329.0,2010-06-01T00:00:00.000000000,"[0.5918847918510437, 0.735998809337616, 0.7040956616401672, 0.6083865165710449]","[0.2478277087211609, 0.2473388910293579, 0.20118366181850433, 0.22039714455604553]"
160329.0,2010-09-01T00:00:00.000000000,"[0.735998809337616, 0.7040956616401672, 0.6083865165710449, 0.862511157989502]","[0.41644906997680664, 0.35251885652542114, 0.310628741979599, 0.32302749156951904]"
160329.0,2010-12-01T00:00:00.000000000,"[0.7040956616401672, 0.6083865165710449, 0.862511157989502, 0.48407435417175293]","[0.5113242268562317, 0.4302925169467926, 0.3949022889137268, 0.41093212366104126]"
160329.0,2011-03-01T00:00:00.000000000,"[0.6083865165710449, 0.862511157989502, 0.48407435417175293, 0.9879233241081238]","[0.4776919186115265, 0.42899003624916077, 0.38862791657447815, 0.39856430888175964]"
160329.0,2011-06-01T00:00:00.000000000,"[0.862511157989502, 0.48407435417175293, 0.9879233241081238, 0.3850646913051605]","[0.4491153359413147, 0.3936859965324402, 0.3685266375541687, 0.36780399084091187]"
160329.0,2011-09-01T00:00:00.000000000,"[0.48407435417175293, 0.9879233241081238, 0.3850646913051605, 0.4136675000190735]","[0.687880277633667, 0.5915580987930298, 0.5542265176773071, 0.5708776116371155]"
160329.0,2011-12-01T00:00:00.000000000,"[0.9879233241081238, 0.3850646913051605, 0.4136675000190735, 1.103434681892395]","[0.5302679538726807, 0.4144517779350281, 0.5710093379020691, 0.4644879698753357]"
160329.0,2012-03-01T00:00:00.000000000,"[0.3850646913051605, 0.4136675000190735, 1.103434681892395, 1.752497673034668]","[0.708545982837677, 0.6451731324195862, 0.5612517595291138, 0.5743220448493958]"
160329.0,2012-06-01T00:00:00.000000000,"[0.4136675000190735, 1.103434681892395, 1.752497673034668, 2.1914403438568115]","[0.40725427865982056, 0.3672770857810974, 0.4397905468940735, 0.333720326423645]"
160329.0,2012-09-01T00:00:00.000000000,"[1.103434681892395, 1.752497673034668, 2.1914403438568115, 2.2981507778167725]","[0.4403926134109497, 0.4055408239364624, 0.38345032930374146, 0.41070646047592163]"
160329.0,2012-12-01T00:00:00.000000000,"[1.752497673034668, 2.1914403438568115, 2.2981507778167725, 2.3784584999084473]","[0.9426996111869812, 0.8109917640686035, 0.8134008049964905, 0.838963508605957]"
160329.0,2013-03-01T00:00:00.000000000,"[2.1914403438568115, 2.2981507778167725, 2.3784584999084473, 2.675487518310547]","[1.08311128616333, 1.070326566696167, 0.9960641860961914, 1.0405439138412476]"
162887.0,2007-03-01T00:00:00.000000000,"[-0.7942500114440918, -0.7282435894012451, -0.7392446994781494, -0.6897398233413696]","[-0.7057350873947144, -0.7250824570655823, -0.7223584055900574, -0.7220453023910522]"
162887.0,2007-06-01T00:00:00.000000000,"[-0.7282435894012451, -0.7392446994781494, -0.6897398233413696, -0.8272532224655151]","[-0.7704682350158691, -0.7866683602333069, -0.7476000189781189, -0.7778953313827515]"
162887.0,2007-09-01T00:00:00.000000000,"[-0.7392446994781494, -0.6897398233413696, -0.8272532224655151, -0.8327537775039673]","[-0.7278769016265869, -0.7444996237754822, -0.7589050531387329, -0.7566165328025818]"
162887.0,2007-12-01T00:00:00.000000000,"[-0.6897398233413696, -0.8272532224655151, -0.8327537775039673, -0.8217527270317078]","[-0.7215687036514282, -0.741035521030426, -0.7418952584266663, -0.7395641207695007]"
162887.0,2008-03-01T00:00:00.000000000,"[-0.8272532224655151, -0.8327537775039673, -0.8217527270317078, -0.7502457499504089]","[-0.685321033000946, -0.6981004476547241, -0.6906498074531555, -0.6904981136322021]"
162887.0,2008-06-01T00:00:00.000000000,"[-0.8327537775039673, -0.8217527270317078, -0.7502457499504089, -0.970267117023468]","[-0.7872220873832703, -0.7938958406448364, -0.7402102947235107, -0.7751299738883972]"
162887.0,2008-09-01T00:00:00.000000000,"[-0.8217527270317078, -0.7502457499504089, -0.970267117023468, -0.7887494564056396]","[-0.7989444136619568, -0.8045560717582703, -0.8091880083084106, -0.8054914474487305]"
162887.0,2008-12-01T00:00:00.000000000,"[-0.7502457499504089, -0.970267117023468, -0.7887494564056396, -0.722743034362793]","[-0.8064684271812439, -0.8118914365768433, -0.797734797000885, -0.7950119376182556]"
162887.0,2009-03-01T00:00:00.000000000,"[-0.970267117023468, -0.7887494564056396, -0.722743034362793, -0.6457355618476868]","[-0.7750764489173889, -0.7687111496925354, -0.7741925120353699, -0.7659389972686768]"
162887.0,2009-06-01T00:00:00.000000000,"[-0.7887494564056396, -0.722743034362793, -0.6457355618476868, -0.8767580389976501]","[-0.8726755976676941, -0.8613090515136719, -0.8250612616539001, -0.8502834439277649]"
162887.0,2009-09-01T00:00:00.000000000,"[-0.722743034362793, -0.6457355618476868, -0.8767580389976501, -0.7557463049888611]","[-0.8177937865257263, -0.814991295337677, -0.8147472143173218, -0.808229386806488]"
162887.0,2009-12-01T00:00:00.000000000,"[-0.6457355618476868, -0.8767580389976501, -0.7557463049888611, -0.607231855392456]","[-0.7433913350105286, -0.7460380792617798, -0.7328505516052246, -0.7380298972129822]"
162887.0,2010-03-01T00:00:00.000000000,"[-0.8767580389976501, -0.7557463049888611, -0.607231855392456, -0.4037120044231415]","[-0.7369019389152527, -0.7170681953430176, -0.7226354479789734, -0.709520161151886]"
162887.0,2010-06-01T00:00:00.000000000,"[-0.7557463049888611, -0.607231855392456, -0.4037120044231415, -0.7282435894012451]","[-0.8045711517333984, -0.7995700240135193, -0.7579137086868286, -0.8039547801017761]"
162887.0,2010-09-01T00:00:00.000000000,"[-0.607231855392456, -0.4037120044231415, -0.7282435894012451, -0.6567366123199463]","[-0.7719472050666809, -0.7785819172859192, -0.7847205996513367, -0.7816254496574402]"
162887.0,2010-12-01T00:00:00.000000000,"[-0.4037120044231415, -0.7282435894012451, -0.6567366123199463, -0.34320613741874695]","[-0.6709120869636536, -0.6922546029090881, -0.6803440451622009, -0.6837698221206665]"
162887.0,2011-03-01T00:00:00.000000000,"[-0.7282435894012451, -0.6567366123199463, -0.34320613741874695, -0.06817939877510071]","[-0.6215994358062744, -0.6097196340560913, -0.6315673589706421, -0.6174060106277466]"
162887.0,2011-06-01T00:00:00.000000000,"[-0.6567366123199463, -0.34320613741874695, -0.06817939877510071, -0.45871737599372864]","[-0.7126292586326599, -0.7116719484329224, -0.654349684715271, -0.7127963900566101]"
162887.0,2011-09-01T00:00:00.000000000,"[-0.34320613741874695, -0.06817939877510071, -0.45871737599372864, -0.26619863510131836]","[-0.699038565158844, -0.7172314524650574, -0.7352899312973022, -0.732780396938324]"
162887.0,2011-12-01T00:00:00.000000000,"[-0.06817939877510071, -0.45871737599372864, -0.26619863510131836, -0.1836906224489212]","[-0.5317801237106323, -0.5707544088363647, -0.593050479888916, -0.5892383456230164]"
162887.0,2012-03-01T00:00:00.000000000,"[-0.45871737599372864, -0.26619863510131836, -0.1836906224489212, -0.20019221305847168]","[-0.3909810185432434, -0.41049352288246155, -0.41726118326187134, -0.4008655548095703]"
162887.0,2012-06-01T00:00:00.000000000,"[-0.26619863510131836, -0.1836906224489212, -0.20019221305847168, -0.5192232131958008]","[-0.5160191655158997, -0.5419446229934692, -0.42543473839759827, -0.5195515155792236]"
162887.0,2012-09-01T00:00:00.000000000,"[-0.1836906224489212, -0.20019221305847168, -0.5192232131958008, -0.28270024061203003]","[-0.4028986096382141, -0.4707893133163452, -0.4761325716972351, -0.4697192907333374]"
162887.0,2012-12-01T00:00:00.000000000,"[-0.20019221305847168, -0.5192232131958008, -0.28270024061203003, -0.21119330823421478]","[-0.32329627871513367, -0.4060308635234833, -0.4200060963630676, -0.41438165307044983]"
162887.0,2013-03-01T00:00:00.000000000,"[-0.5192232131958008, -0.28270024061203003, -0.21119330823421478, -0.3267045319080353]","[-0.3013611137866974, -0.3485617935657501, -0.3419998586177826, -0.3551090657711029]"
164296.0,2006-09-01T00:00:00.000000000,"[0.13534040749073029, 0.11333828419446945, 0.26735323667526245, 0.2453511357307434]","[0.1588958203792572, 0.09535589814186096, 0.14911022782325745, 0.0825335681438446]"
164296.0,2007-03-01T00:00:00.000000000,"[0.11333828419446945, 0.26735323667526245, 0.2453511357307434, 0.047331858426332474]","[0.2894071936607361, 0.2014896422624588, 0.23954622447490692, 0.2240556925535202]"
164296.0,2007-06-01T00:00:00.000000000,"[0.26735323667526245, 0.2453511357307434, 0.047331858426332474, 0.2233489453792572]","[0.28074532747268677, 0.16934309899806976, 0.17559053003787994, 0.20023129880428314]"
164296.0,2007-09-01T00:00:00.000000000,"[0.2453511357307434, 0.047331858426332474, 0.2233489453792572, 0.7514004111289978]","[0.2122488170862198, 0.16154031455516815, 0.08819182217121124, 0.10485555231571198]"
164296.0,2007-12-01T00:00:00.000000000,"[0.047331858426332474, 0.2233489453792572, 0.7514004111289978, 0.09133616089820862]","[0.2982950806617737, 0.2315971553325653, 0.3630204200744629, 0.2585783302783966]"
164296.0,2008-03-01T00:00:00.000000000,"[0.2233489453792572, 0.7514004111289978, 0.09133616089820862, 0.44337034225463867]","[0.12537986040115356, 0.10695746541023254, 0.17111477255821228, 0.11569762229919434]"
164296.0,2008-06-01T00:00:00.000000000,"[0.7514004111289978, 0.09133616089820862, 0.44337034225463867, 0.2453511357307434]","[0.2518344819545746, 0.20038127899169922, 0.18018946051597595, 0.2036285102367401]"
164296.0,2008-09-01T00:00:00.000000000,"[0.09133616089820862, 0.44337034225463867, 0.2453511357307434, 0.7954046130180359]","[0.2948729991912842, 0.27394455671310425, 0.22221030294895172, 0.23790304362773895]"
164296.0,2008-12-01T00:00:00.000000000,"[0.44337034225463867, 0.2453511357307434, 0.7954046130180359, 0.2453511357307434]","[0.2031797468662262, 0.2162034809589386, 0.3174207806587219, 0.1905965805053711]"
164296.0,2009-03-01T00:00:00.000000000,"[0.2453511357307434, 0.7954046130180359, 0.2453511357307434, 0.11333828419446945]","[0.399348646402359, 0.3468933701515198, 0.30663976073265076, 0.3190602958202362]"
164296.0,2009-06-01T00:00:00.000000000,"[0.7954046130180359, 0.2453511357307434, 0.11333828419446945, 0.4653724431991577]","[0.34226110577583313, 0.26259493827819824, 0.31526127457618713, 0.26944833993911743]"
164296.0,2009-09-01T00:00:00.000000000,"[0.2453511357307434, 0.11333828419446945, 0.4653724431991577, 0.7514004111289978]","[0.5720198154449463, 0.5452222228050232, 0.48270943760871887, 0.5073238611221313]"
164296.0,2009-12-01T00:00:00.000000000,"[0.11333828419446945, 0.4653724431991577, 0.7514004111289978, 0.44337034225463867]","[0.2718079388141632, 0.23411795496940613, 0.41971272230148315, 0.23740646243095398]"
164296.0,2010-03-01T00:00:00.000000000,"[0.4653724431991577, 0.7514004111289978, 0.44337034225463867, 0.9274174571037292]","[0.22896096110343933, 0.21348565816879272, 0.22809964418411255, 0.2327776849269867]"
164296.0,2010-06-01T00:00:00.000000000,"[0.7514004111289978, 0.44337034225463867, 0.9274174571037292, 1.2134451866149902]","[0.49492233991622925, 0.41054391860961914, 0.4100472331047058, 0.42509278655052185]"
164296.0,2010-09-01T00:00:00.000000000,"[0.44337034225463867, 0.9274174571037292, 1.2134451866149902, 1.4334666728973389]","[0.5447507500648499, 0.5107681155204773, 0.4881489872932434, 0.5144417881965637]"
164296.0,2010-12-01T00:00:00.000000000,"[0.9274174571037292, 1.2134451866149902, 1.4334666728973389, 1.2134451866149902]","[0.38071000576019287, 0.3850518465042114, 0.47924959659576416, 0.38637465238571167]"
164296.0,2011-03-01T00:00:00.000000000,"[1.2134451866149902, 1.4334666728973389, 1.2134451866149902, 1.455468773841858]","[0.6860389709472656, 0.6455980539321899, 0.5633288025856018, 0.5792094469070435]"
164296.0,2011-06-01T00:00:00.000000000,"[1.4334666728973389, 1.2134451866149902, 1.455468773841858, 1.2134451866149902]","[0.8952898979187012, 0.8103808164596558, 0.7502182722091675, 0.7675293684005737]"
164296.0,2011-09-01T00:00:00.000000000,"[1.2134451866149902, 1.455468773841858, 1.2134451866149902, 0.9934238195419312]","[0.8334337472915649, 0.8060413599014282, 0.7176055908203125, 0.7410337924957275]"
164296.0,2011-12-01T00:00:00.000000000,"[1.455468773841858, 1.2134451866149902, 0.9934238195419312, 1.0814324617385864]","[0.9103879332542419, 0.8081952333450317, 0.9088345766067505, 0.810554027557373]"
164296.0,2012-03-01T00:00:00.000000000,"[1.2134451866149902, 0.9934238195419312, 1.0814324617385864, 0.9714217185974121]","[1.0266332626342773, 0.8884159326553345, 0.867281436920166, 0.8890265226364136]"
164296.0,2012-06-01T00:00:00.000000000,"[0.9934238195419312, 1.0814324617385864, 0.9714217185974121, 0.4653724431991577]","[0.9938073754310608, 0.8394728899002075, 0.8839616775512695, 0.865538477897644]"
164296.0,2012-09-01T00:00:00.000000000,"[1.0814324617385864, 0.9714217185974121, 0.4653724431991577, 1.2574495077133179]","[0.9408316612243652, 0.8285415172576904, 0.86558598279953, 0.8189142942428589]"
164296.0,2012-12-01T00:00:00.000000000,"[0.9714217185974121, 0.4653724431991577, 1.2574495077133179, -0.1726895570755005]","[0.9850673079490662, 0.856663703918457, 0.932540774345398, 0.8870755434036255]"
164296.0,2013-03-01T00:00:00.000000000,"[0.4653724431991577, 1.2574495077133179, -0.1726895570755005, -0.5247237682342529]","[1.0349278450012207, 0.9475170373916626, 0.8707466125488281, 0.8799242973327637]"
178015.0,2008-09-01T00:00:00.000000000,"[0.13534040749073029, 0.33335965871810913, 1.499472975730896, 0.003327556187286973]","[0.10014809668064117, 0.16471846401691437, 0.4332093298435211, 0.13100303709506989]"
178015.0,2008-12-01T00:00:00.000000000,"[0.33335965871810913, 1.499472975730896, 0.003327556187286973, 0.15734252333641052]","[0.1637975126504898, 0.1391867697238922, 0.10486417263746262, 0.1334347277879715]"
178015.0,2009-03-01T00:00:00.000000000,"[1.499472975730896, 0.003327556187286973, 0.15734252333641052, 0.5313789248466492]","[0.4279274344444275, 0.28238430619239807, 0.2753496766090393, 0.28783878684043884]"
178015.0,2009-06-01T00:00:00.000000000,"[0.003327556187286973, 0.15734252333641052, 0.5313789248466492, 2.225543737411499]","[0.7859500646591187, 0.7984182238578796, 0.6753656268119812, 0.7305192947387695]"
178015.0,2009-09-01T00:00:00.000000000,"[0.15734252333641052, 0.5313789248466492, 2.225543737411499, 0.5093768239021301]","[0.21745187044143677, 0.24113839864730835, 0.6379173994064331, 0.2610699236392975]"
178015.0,2009-12-01T00:00:00.000000000,"[0.5313789248466492, 2.225543737411499, 0.5093768239021301, 0.8614109754562378]","[0.2182920277118683, 0.22404786944389343, 0.19693829119205475, 0.24171772599220276]"
178015.0,2010-03-01T00:00:00.000000000,"[2.225543737411499, 0.5093768239021301, 0.8614109754562378, 0.9494196176528931]","[0.5648712515830994, 0.4486277997493744, 0.4046576917171478, 0.4227314591407776]"
178015.0,2010-06-01T00:00:00.000000000,"[0.5093768239021301, 0.8614109754562378, 0.9494196176528931, 3.369654893875122]","[1.1893229484558105, 1.1981215476989746, 1.1165918111801147, 1.197137475013733]"
178015.0,2010-09-01T00:00:00.000000000,"[0.8614109754562378, 0.9494196176528931, 3.369654893875122, 0.9274174571037292]","[0.5341304540634155, 0.6001484990119934, 1.081339716911316, 0.6242092251777649]"
178015.0,2010-12-01T00:00:00.000000000,"[0.9494196176528931, 3.369654893875122, 0.9274174571037292, 1.4114645719528198]","[0.799784779548645, 0.696905255317688, 0.6790834665298462, 0.7196856737136841]"
178015.0,2011-03-01T00:00:00.000000000,"[3.369654893875122, 0.9274174571037292, 1.4114645719528198, 1.4114645719528198]","[1.0054470300674438, 0.7595735788345337, 0.7917652130126953, 0.8142234086990356]"
178015.0,2011-06-01T00:00:00.000000000,"[0.9274174571037292, 1.4114645719528198, 1.4114645719528198, 4.315746784210205]","[1.5700876712799072, 1.602463960647583, 1.4215753078460693, 1.5051522254943848]"
178015.0,2011-09-01T00:00:00.000000000,"[1.4114645719528198, 1.4114645719528198, 4.315746784210205, -0.21669383347034454]","[0.7339135408401489, 0.7946374416351318, 1.3473505973815918, 0.7835860252380371]"
178015.0,2011-12-01T00:00:00.000000000,"[1.4114645719528198, 4.315746784210205, -0.21669383347034454, 0.8174067735671997]","[1.045253872871399, 0.9460963010787964, 0.8493846654891968, 0.8797122836112976]"
178015.0,2012-03-01T00:00:00.000000000,"[4.315746784210205, -0.21669383347034454, 0.8174067735671997, 1.8515071868896484]","[1.3290276527404785, 1.047404170036316, 0.9624515771865845, 0.9550298452377319]"
178015.0,2012-06-01T00:00:00.000000000,"[-0.21669383347034454, 0.8174067735671997, 1.8515071868896484, 4.975811004638672]","[2.3018224239349365, 2.248711585998535, 1.9954044818878174, 2.094956159591675]"
178015.0,2012-09-01T00:00:00.000000000,"[0.8174067735671997, 1.8515071868896484, 4.975811004638672, 1.8515071868896484]","[0.6835260987281799, 0.7024681568145752, 1.671558141708374, 0.6474610567092896]"
178015.0,2012-12-01T00:00:00.000000000,"[1.8515071868896484, 4.975811004638672, 1.8515071868896484, 2.929612159729004]","[0.883242130279541, 0.8184720277786255, 0.8052917122840881, 0.8855379223823547]"
178015.0,2013-03-01T00:00:00.000000000,"[4.975811004638672, 1.8515071868896484, 2.929612159729004, 2.8636057376861572]","[1.9609217643737793, 1.5605343580245972, 1.537794589996338, 1.5690512657165527]"
179534.0,2009-03-01T00:00:00.000000000,"[1.1914430856704712, 1.1914430856704712, 1.279451608657837, 1.6754902601242065]","[1.0498381853103638, 0.9371753931045532, 0.9291542768478394, 0.9437288641929626]"
179534.0,2009-06-01T00:00:00.000000000,"[1.1914430856704712, 1.279451608657837, 1.6754902601242065, 1.7414965629577637]","[0.9235954880714417, 0.8347113728523254, 0.870112955570221, 0.8545488119125366]"
179534.0,2009-09-01T00:00:00.000000000,"[1.279451608657837, 1.6754902601242065, 1.7414965629577637, 1.9395159482955933]","[1.1135057210922241, 0.9923994541168213, 1.01307213306427, 0.9960665702819824]"
179534.0,2009-12-01T00:00:00.000000000,"[1.6754902601242065, 1.7414965629577637, 1.9395159482955933, 1.9615180492401123]","[1.0437383651733398, 0.9190045595169067, 0.8873950242996216, 0.9065755605697632]"
179534.0,2010-03-01T00:00:00.000000000,"[1.7414965629577637, 1.9395159482955933, 1.9615180492401123, 2.1595370769500732]","[1.2486143112182617, 1.119692325592041, 1.0680997371673584, 1.0901222229003906]"
179534.0,2010-06-01T00:00:00.000000000,"[1.9395159482955933, 1.9615180492401123, 2.1595370769500732, 2.181539297103882]","[1.4210950136184692, 1.283395767211914, 1.3948864936828613, 1.2749302387237549]"
179534.0,2010-09-01T00:00:00.000000000,"[1.9615180492401123, 2.1595370769500732, 2.181539297103882, 2.313552141189575]","[1.3577325344085693, 1.2680131196975708, 1.22548508644104, 1.1941348314285278]"
179534.0,2010-12-01T00:00:00.000000000,"[2.1595370769500732, 2.181539297103882, 2.313552141189575, 2.533573627471924]","[1.5967904329299927, 1.435640573501587, 1.4902448654174805, 1.4216349124908447]"
179534.0,2011-03-01T00:00:00.000000000,"[2.181539297103882, 2.313552141189575, 2.533573627471924, 2.5115716457366943]","[1.7321478128433228, 1.5629687309265137, 1.576034665107727, 1.5439376831054688]"
179534.0,2011-06-01T00:00:00.000000000,"[2.313552141189575, 2.533573627471924, 2.5115716457366943, 2.335554361343384]","[1.9398006200790405, 1.7198262214660645, 1.7757673263549805, 1.754871129989624]"
179534.0,2011-09-01T00:00:00.000000000,"[2.533573627471924, 2.5115716457366943, 2.335554361343384, 1.6534881591796875]","[1.8316969871520996, 1.6636936664581299, 1.5792436599731445, 1.6107879877090454]"
179534.0,2011-12-01T00:00:00.000000000,"[2.5115716457366943, 2.335554361343384, 1.6534881591796875, 1.7634987831115723]","[2.246494770050049, 2.0107603073120117, 1.9709835052490234, 1.9808015823364258]"
179534.0,2012-03-01T00:00:00.000000000,"[2.335554361343384, 1.6534881591796875, 1.7634987831115723, 2.42356276512146]","[2.277165412902832, 2.050339937210083, 2.027294874191284, 2.014390468597412]"
179534.0,2012-06-01T00:00:00.000000000,"[1.6534881591796875, 1.7634987831115723, 2.42356276512146, 2.335554361343384]","[2.1345667839050293, 1.9046229124069214, 2.0222837924957275, 1.973222017288208]"
179534.0,2012-09-01T00:00:00.000000000,"[1.7634987831115723, 2.42356276512146, 2.335554361343384, 2.577577829360962]","[1.8033173084259033, 1.6398066282272339, 1.7738988399505615, 1.7116684913635254]"
179534.0,2012-12-01T00:00:00.000000000,"[2.42356276512146, 2.335554361343384, 2.577577829360962, 2.8636057376861572]","[1.7365856170654297, 1.6001167297363281, 1.493879795074463, 1.5127224922180176]"
179534.0,2013-03-01T00:00:00.000000000,"[2.335554361343384, 2.577577829360962, 2.8636057376861572, 3.281646251678467]","[2.2119362354278564, 2.0672712326049805, 1.912742018699646, 1.9367046356201172]"
180652.0,2010-12-01T00:00:00.000000000,"[1.5874814987182617, 1.5654793977737427, 1.7194944620132446, 1.7634987831115723]","[1.4556248188018799, 1.3611347675323486, 1.3318248987197876, 1.347238540649414]"
180652.0,2011-03-01T00:00:00.000000000,"[1.5654793977737427, 1.7194944620132446, 1.7634987831115723, 1.7855008840560913]","[1.465037226676941, 1.3297224044799805, 1.4460129737854004, 1.3712193965911865]"
180652.0,2011-06-01T00:00:00.000000000,"[1.7194944620132446, 1.7634987831115723, 1.7855008840560913, 1.8735092878341675]","[1.4867647886276245, 1.3366161584854126, 1.4419488906860352, 1.3911161422729492]"
180652.0,2011-09-01T00:00:00.000000000,"[1.7634987831115723, 1.7855008840560913, 1.8735092878341675, 2.1375350952148438]","[1.5983660221099854, 1.4631190299987793, 1.3895225524902344, 1.4031403064727783]"
180652.0,2011-12-01T00:00:00.000000000,"[1.7855008840560913, 1.8735092878341675, 2.1375350952148438, 2.2035415172576904]","[1.634838581085205, 1.4834107160568237, 1.5497498512268066, 1.5141277313232422]"
180652.0,2012-03-01T00:00:00.000000000,"[1.8735092878341675, 2.1375350952148438, 2.2035415172576904, 2.0935308933258057]","[1.6143743991851807, 1.4905290603637695, 1.4786700010299683, 1.4776356220245361]"
180652.0,2012-06-01T00:00:00.000000000,"[2.1375350952148438, 2.2035415172576904, 2.0935308933258057, 2.0055222511291504]","[1.7102067470550537, 1.5695991516113281, 1.541227102279663, 1.5604603290557861]"
180652.0,2012-09-01T00:00:00.000000000,"[2.2035415172576904, 2.0935308933258057, 2.0055222511291504, 1.8735092878341675]","[1.8648090362548828, 1.759974718093872, 1.645011305809021, 1.6624886989593506]"
180652.0,2012-12-01T00:00:00.000000000,"[2.0935308933258057, 2.0055222511291504, 1.8735092878341675, 2.4675674438476562]","[1.9048759937286377, 1.8063457012176514, 1.6910903453826904, 1.7123527526855469]"
180652.0,2013-03-01T00:00:00.000000000,"[2.0055222511291504, 1.8735092878341675, 2.4675674438476562, 2.533573627471924]","[1.8695367574691772, 1.7764310836791992, 1.702317476272583, 1.6866610050201416]"
180711.0,2010-12-01T00:00:00.000000000,"[12.170511245727539, 11.51044750213623, 10.762373924255371, 10.652362823486328]","[9.01441764831543, 7.82396125793457, 7.860396862030029, 7.841341018676758]"
180711.0,2011-03-01T00:00:00.000000000,"[11.51044750213623, 10.762373924255371, 10.652362823486328, 11.158411979675293]","[9.363144874572754, 8.247631072998047, 7.612872123718262, 7.704503059387207]"
180711.0,2011-06-01T00:00:00.000000000,"[10.762373924255371, 10.652362823486328, 11.158411979675293, 10.850382804870605]","[9.358770370483398, 8.37224006652832, 7.9586029052734375, 7.87692403793335]"
180711.0,2011-09-01T00:00:00.000000000,"[10.652362823486328, 11.158411979675293, 10.850382804870605, 10.608358383178711]","[9.691937446594238, 8.735631942749023, 8.249777793884277, 8.42055892944336]"
180711.0,2011-12-01T00:00:00.000000000,"[11.158411979675293, 10.850382804870605, 10.608358383178711, 11.180415153503418]","[10.252367973327637, 8.97415828704834, 9.253278732299805, 9.1793212890625]"
180711.0,2012-03-01T00:00:00.000000000,"[10.850382804870605, 10.608358383178711, 11.180415153503418, 13.270617485046387]","[10.656944274902344, 9.621084213256836, 9.504690170288086, 9.63320541381836]"
180711.0,2012-06-01T00:00:00.000000000,"[10.608358383178711, 11.180415153503418, 13.270617485046387, 13.842674255371094]","[10.671627044677734, 9.82080078125, 10.006742477416992, 9.828243255615234]"
180711.0,2012-09-01T00:00:00.000000000,"[11.180415153503418, 13.270617485046387, 13.842674255371094, 13.864675521850586]","[10.934895515441895, 9.962955474853516, 10.512016296386719, 10.26692008972168]"
180711.0,2012-12-01T00:00:00.000000000,"[13.270617485046387, 13.842674255371094, 13.864675521850586, 14.612749099731445]","[11.097006797790527, 10.407455444335938, 9.52729320526123, 9.636512756347656]"
180711.0,2013-03-01T00:00:00.000000000,"[13.842674255371094, 13.864675521850586, 14.612749099731445, 16.48293113708496]","[11.83305549621582, 11.329734802246094, 10.337299346923828, 10.512269973754883]"
183377.0,2010-12-01T00:00:00.000000000,"[-0.4411156475543976, -0.49832120537757874, -0.44551607966423035, -0.40591222047805786]","[-0.53622967004776, -0.5537826418876648, -0.5469358563423157, -0.5516076683998108]"
183377.0,2011-03-01T00:00:00.000000000,"[-0.49832120537757874, -0.44551607966423035, -0.40591222047805786, -0.36630839109420776]","[-0.5216659903526306, -0.5352699160575867, -0.542097806930542, -0.5398868322372437]"
183377.0,2011-06-01T00:00:00.000000000,"[-0.44551607966423035, -0.40591222047805786, -0.36630839109420776, -0.4367152154445648]","[-0.5396066308021545, -0.5539542436599731, -0.5405904650688171, -0.556648850440979]"
183377.0,2011-09-01T00:00:00.000000000,"[-0.40591222047805786, -0.36630839109420776, -0.4367152154445648, -0.3399057984352112]","[-0.4925000071525574, -0.5116790533065796, -0.5225077867507935, -0.5203719735145569]"
183377.0,2011-12-01T00:00:00.000000000,"[-0.36630839109420776, -0.4367152154445648, -0.3399057984352112, -0.313503235578537]","[-0.4581252336502075, -0.4863448739051819, -0.48472392559051514, -0.4830998182296753]"
183377.0,2012-03-01T00:00:00.000000000,"[-0.4367152154445648, -0.3399057984352112, -0.313503235578537, -0.2342955470085144]","[-0.4412701427936554, -0.46546876430511475, -0.46148398518562317, -0.47207650542259216]"
183377.0,2012-06-01T00:00:00.000000000,"[-0.3399057984352112, -0.313503235578537, -0.2342955470085144, -0.34430623054504395]","[-0.4665623903274536, -0.4927902817726135, -0.4655110239982605, -0.49605411291122437]"
183377.0,2012-09-01T00:00:00.000000000,"[-0.313503235578537, -0.2342955470085144, -0.34430623054504395, -0.28270024061203003]","[-0.4145675003528595, -0.44180792570114136, -0.45687493681907654, -0.45213583111763]"
183377.0,2012-12-01T00:00:00.000000000,"[-0.2342955470085144, -0.34430623054504395, -0.28270024061203003, -0.26509854197502136]","[-0.38187873363494873, -0.4137836694717407, -0.4076489508152008, -0.41015154123306274]"
183377.0,2013-03-01T00:00:00.000000000,"[-0.34430623054504395, -0.28270024061203003, -0.26509854197502136, -0.159488245844841]","[-0.32082486152648926, -0.34954833984375, -0.35082441568374634, -0.35547178983688354]"
